<?xml version="1.0" encoding="utf-8" ?>
<kml xmlns="http://www.opengis.net/kml/2.2">
<Document id="root_doc">
<Schema name="koshi" id="koshi">
	<SimpleField name="DISTRICT" type="string"></SimpleField>
	<SimpleField name="STATE_CODE" type="string"></SimpleField>
	<SimpleField name="PR_NAME" type="string"></SimpleField>
</Schema>
<Folder><name>koshi</name>
  <Placemark id="koshi.1">
	<name>BHOJPUR</name>
	<description>1</description>
	<Style><LineStyle><color>ff0000ff</color></LineStyle><PolyStyle><fill>0</fill></PolyStyle></Style>
	<ExtendedData><SchemaData schemaUrl="#koshi">
		<SimpleData name="DISTRICT">Koshi Province</SimpleData>
	</SchemaData></ExtendedData>
      <Polygon><outerBoundaryIs><LinearRing><coordinates>87.111185332,26.917280019 87.1047524570001,26.9170389560001 87.1014420820001,26.9172038940001 87.0977041450001,26.916780019 87.095237082,26.9157977680001 87.094826707,26.914310831 87.0963359570001,26.910238769 87.092193207,26.9094358310001 87.0885454580001,26.910022644 87.086345957,26.9117684560001 87.0842020200001,26.911661456 87.083134332,26.9104253940001 87.0793146450001,26.908355956 87.0747987070001,26.907643018 87.0707988950001,26.9078301440001 87.0682417070001,26.907037019 87.0662460190001,26.907999332 87.066106457,26.909910831 87.065024769,26.9106605810001 87.06229877,26.9101743310001 87.0601214580001,26.9087670820001 87.059494144,26.906612206 87.056949644,26.904022519 87.05272777,26.902108206 87.048206582,26.904416268 87.0468092070001,26.9059309560001 87.0446009570001,26.906931394 87.043406582,26.9063247060001 87.0423548950001,26.904379706 87.04166652,26.9011347690001 87.0402112070001,26.9009320810001 87.036434645,26.9032823320001 87.0353293320001,26.9034992690001 87.0329621450001,26.9023647060001 87.0304428950001,26.900447082 87.028260457,26.8977078940001 87.023743519,26.896354644 87.0192157690001,26.8932794570001 87.0165462690001,26.891817519 87.0141575820001,26.8911000190001 87.0110102070001,26.891896957 87.007856707,26.891527081 87.0064433320001,26.8899474560001 87.0057648320001,26.8863931440001 87.002783644,26.8863864570001 87.0009224570001,26.888859831 86.9956195820001,26.8901551440001 86.9949887700001,26.8912157680001 86.9941234570001,26.892919582 86.990711644,26.8939665190001 86.984025332,26.8949069560001 86.9821958320001,26.896143394 86.9805812070001,26.899410894 86.9817173320001,26.903556644 86.9810317070001,26.905463519 86.9787352070001,26.9060973320001 86.9762261440001,26.9030728930001 86.9741800200001,26.901303269 86.9722643320001,26.900580769 86.9686181450001,26.900708707 86.9631664570001,26.9031626440001 86.95839277,26.904264831 86.954004894,26.904252206 86.9522025190001,26.9073771430001 86.9549096440001,26.9110835810001 86.9560578310001,26.913722019 86.958212207,26.9144380820001 86.9597543950001,26.9182546430001 86.9580420820001,26.920772519 86.9585363950001,26.922848957 86.9606677070001,26.924226144 86.9636255200001,26.923877143 86.964111207,26.9274834560001 86.9659662700001,26.926199894 86.9675127070001,26.927416581 86.9672412690001,26.930165269 86.9683477070001,26.9351527690001 86.967115332,26.9411802060001 86.968221644,26.942498331 86.968865457,26.9465740810001 86.97207152,26.9487727690001 86.9736210820001,26.950698081 86.9733189570001,26.9516322690001 86.9740542070001,26.954803081 86.9753807070001,26.9565680810001 86.97379277,26.9621125190001 86.9750120190001,26.965308206 86.973993207,26.968167269 86.9750240820001,26.972978707 86.972651457,26.9757020810001 86.971326957,26.9791568320001 86.9694202690001,26.980921144 86.9658866450001,26.980369707 86.9628219570001,26.9817207070001 86.9608385820001,26.980758832 86.959507332,26.9850732690001 86.9614965820001,26.987391394 86.9659509570001,26.988638269 86.9674337700001,26.9897602070001 86.9690592690001,26.9930169560001 86.9683262070001,26.9951200190001 86.970820395,27.0008479570001 86.9697099570001,27.001958082 86.9688768950001,27.004674956 86.969580395,27.007128144 86.965460894,27.0105753940001 86.957541269,27.013549832 86.9559571440001,27.0155645190001 86.951996894,27.0190588310001 86.9496420820001,27.0199223320001 86.9475012070001,27.019885457 86.9501338320001,27.0275410190001 86.9526385200001,27.0294600820001 86.952702645,27.031321894 86.9523383950001,27.033799581 86.9529807070001,27.0367921440001 86.9546078320001,27.039191519 86.95542627,27.0447950820001 86.9564158950001,27.047866706 86.9578098320001,27.049248269 86.9597124570001,27.0498987070001 86.9644097070001,27.050026394 86.9658868940001,27.052653519 86.9657610820001,27.0539600820001 86.9670908320001,27.0577380190001 86.9655160190001,27.061041457 86.962620207,27.066034707 86.9611700200001,27.067246144 86.959234457,27.072086144 86.956261457,27.0731413940001 86.9545735190001,27.0758488320001 86.952518582,27.0765025810001 86.9504623320001,27.0807488940001 86.949497582,27.081689581 86.9490680820001,27.0849932690001 86.9478019570001,27.086012769 86.9461508320001,27.085976019 86.9448631450001,27.087031644 86.9414102700001,27.0876485810001 86.9397152070001,27.0884196440001 86.9343957070001,27.0895952060001 86.9307485190001,27.091152832 86.9267596440001,27.091193644 86.9197838310001,27.0969375810001 86.9163503940001,27.099571269 86.9127740820001,27.1008396440001 86.9056201440001,27.104355394 86.9043982700001,27.105950019 86.9034742690001,27.109020706 86.9006864570001,27.1128595810001 86.897237395,27.114626269 86.899505644,27.1156253940001 86.9041227690001,27.122224832 86.9061546440001,27.124085644 86.910430832,27.126627206 86.913734832,27.127473206 86.917320144,27.127157206 86.919611145,27.1286795190001 86.918756332,27.1305384560001 86.92011202,27.134605707 86.9209076450001,27.1352741440001 86.921779019,27.139063519 86.9230913320001,27.1404498320001 86.9220148940001,27.144468332 86.9220675820001,27.146765644 86.9232360190001,27.148819831 86.9237617700001,27.151893644 86.9250802070001,27.154850519 86.9247907690001,27.1580818940001 86.9236128320001,27.160888519 86.9211635820001,27.165046144 86.919209019,27.167400957 86.9152245820001,27.169282894 86.915778582,27.171147207 86.919087957,27.1765807690001 86.9183150200001,27.1815404560001 86.9189135820001,27.184325519 86.9204984570001,27.186878645 86.922845957,27.188698769 86.9241286450001,27.191418707 86.926386645,27.1944054570001 86.93014852,27.197013769 86.931713207,27.200765082 86.9321241440001,27.2035250820001 86.9312452070001,27.207715206 86.931212707,27.212219394 86.9306367070001,27.2171882690001 86.929690894,27.2184695190001 86.931075707,27.220629769 86.9307915200001,27.222913394 86.9286438950001,27.224462519 86.9266236450001,27.227043082 86.921560082,27.228085207 86.916048082,27.2311599560001 86.9141955200001,27.233040832 86.9131080820001,27.2350282690001 86.909411832,27.2383498940001 86.9081245190001,27.2406958940001 86.9074080190001,27.244272144 86.9060623940001,27.2463496440001 86.9018895820001,27.2499888940001 86.8982947700001,27.2495711440001 86.9003540200001,27.2515313320001 86.901070707,27.2541495190001 86.902314082,27.2561903320001 86.9073662690001,27.2591273940001 86.9089583940001,27.261168395 86.912096019,27.2631449570001 86.913010645,27.264964332 86.9159252690001,27.266534456 86.9190604570001,27.2677706440001 86.92178527,27.267569081 86.9263207690001,27.2681379570001 86.931764645,27.2680008310001 86.934490457,27.2669979560001 86.9370552070001,27.267060019 86.940158082,27.2655878320001 86.943406145,27.265252956 86.9466418950001,27.2655723940001 86.948530207,27.2663583940001 86.9506990820001,27.2658447060001 86.9533249570001,27.2714848320001 86.9556187700001,27.2737489570001 86.9608662690001,27.2761222070001 86.9615163940001,27.2777087690001 86.9634621440001,27.279363394 86.9657058940001,27.283249832 86.9679920200001,27.284272582 86.968712957,27.2862337070001 86.96881202,27.2907920820001 86.9677367070001,27.2948469570001 86.9702940190001,27.2971108940001 86.9722826450001,27.299706332 86.9772035820001,27.3022458940001 86.9794463950001,27.302977394 86.980883207,27.3044692060001 86.986917707,27.3071303940001 86.987797394,27.3079947690001 86.9810124570001,27.3114014560001 86.979037394,27.313172582 86.9773469570001,27.313131707 86.9708579570001,27.317645957 86.9692647700001,27.3205994570001 86.9674542070001,27.3226142070001 86.9659539570001,27.3228800810001 86.96294127,27.3247726440001 86.9595243320001,27.329740707 86.9570233320001,27.331982957 86.9528680820001,27.3344706440001 86.9508049570001,27.336347394 86.9505293940001,27.337471082 86.9532448940001,27.339715019 86.9536737700001,27.342946582 86.952552144,27.3458098310001 86.9509542070001,27.346811206 86.951276082,27.348246519 86.949201332,27.3515403320001 86.946533269,27.3527150190001 86.9453097700001,27.3538947690001 86.9407448320001,27.353118894 86.9362629570001,27.35376002 86.935627519,27.355585332 86.9340123320001,27.357026519 86.9323262070001,27.3632290190001 86.9282892690001,27.3668353320001 86.926288894,27.3703318940001 86.928366457,27.372117895 86.9299289570001,27.3776043940001 86.9308212070001,27.3787421440001 86.9318627070001,27.3828677070001 86.9330017070001,27.384741207 86.930665144,27.3873418320001 86.9282080820001,27.386449269 86.9261293320001,27.3879758940001 86.9233583320001,27.388691957 86.9218140820001,27.3907784570001 86.920728082,27.394514707 86.9169899570001,27.399346081 86.9164708320001,27.402044581 86.915208082,27.4030908940001 86.915068144,27.404643331 86.9128899570001,27.4072730820001 86.9127038940001,27.411616832 86.911741394,27.4140240190001 86.9113210200001,27.4191123320001 86.9100066440001,27.423834394 86.9086902700001,27.4297185820001 86.9084708440001,27.433186757 86.9094516440001,27.4342253940001 86.9125997070001,27.4351413320001 86.9156045190001,27.4382594570001 86.9183408320001,27.4400122070001 86.9217880190001,27.439463582 86.926230957,27.440030144 86.9298045200001,27.440941332 86.9332518940001,27.441245457 86.9355747070001,27.4429140820001 86.939214457,27.4474017700001 86.941200144,27.4503135190001 86.9426328310001,27.4502577060001 86.941984582,27.4540439570001 86.9426227070001,27.4589138320001 86.947718519,27.4575596440001 86.950670582,27.4578021450001 86.9523710190001,27.4574101440001 86.9573074570001,27.4579465190001 86.960356957,27.454702519 86.9634627070001,27.4527604560001 86.96487577,27.4507683320001 86.966749894,27.4494870190001 86.970085145,27.449318582 86.972787769,27.448626394 86.9758412690001,27.4466434570001 86.977512269,27.446645957 86.980726395,27.444092019 86.9828846450001,27.441616894 86.9852593950001,27.441540457 86.9926717070001,27.439406331 86.9955757070001,27.438070582 86.9992244570001,27.438860456 87.0040822070001,27.437386895 87.0061470200001,27.4381675820001 87.008288582,27.4369940190001 87.01254577,27.4357593940001 87.018803457,27.4366635820001 87.0232158320001,27.438849519 87.024749457,27.440092582 87.0267140820001,27.4401057690001 87.030647645,27.441930519 87.033644145,27.4424104570001 87.0367652690001,27.444149457 87.0377233950001,27.4454377070001 87.0414435820001,27.447246395 87.0446118950001,27.44762452 87.047273895,27.446939894 87.050012957,27.4442062690001 87.0551723950001,27.4418439570001 87.0583222070001,27.440942331 87.060100957,27.443902144 87.0621878950001,27.445979519 87.0633108950001,27.447994082 87.066860332,27.4505310820001 87.069258394,27.4546887070001 87.0710618950001,27.4564072700001 87.0733474570001,27.4574869570001 87.07451352,27.459654895 87.07564777,27.459638457 87.0799789580001,27.4573253940001 87.0823569570001,27.4574842060001 87.08529702,27.456985957 87.0885943320001,27.4576112070001 87.091168644,27.455759207 87.094929832,27.4560320200001 87.0967312070001,27.455222894 87.1004979570001,27.4585193950001 87.1023177700001,27.458856457 87.10586477,27.461827956 87.1090890820001,27.4618976450001 87.1114367700001,27.463242957 87.112307957,27.461624332 87.1124618950001,27.459175832 87.113369145,27.458493644 87.1159290830001,27.458401269 87.1188737700001,27.45702227 87.123057207,27.457002894 87.1250195200001,27.455493769 87.1271106450001,27.4572338940001 87.1305217080001,27.4554052070001 87.1378800200001,27.4525255820001 87.14010102,27.452557207 87.1409467070001,27.449988395 87.142816644,27.4472447690001 87.1400077700001,27.443810957 87.1376810820001,27.4384923320001 87.1360274580001,27.436063645 87.1341658330001,27.435185394 87.1319882700001,27.435478581 87.1296115820001,27.433953144 87.1268988320001,27.427964456 87.126464394,27.425972331 87.1290178940001,27.4233794570001 87.1291153940001,27.4207753320001 87.128146083,27.418479082 87.1284597690001,27.416637456 87.1303798320001,27.413781144 87.132640144,27.409024457 87.1320813940001,27.4072287700001 87.1281006450001,27.403775394 87.1276911450001,27.4016727060001 87.130852207,27.4002661440001 87.131702707,27.3975823320001 87.133706832,27.3945340820001 87.1362057690001,27.393550019 87.141271707,27.3942987070001 87.143323207,27.3941589560001 87.146290019,27.3919489570001 87.1493430190001,27.3902149570001 87.1535243320001,27.386164394 87.1559099570001,27.381926207 87.1575744570001,27.380694519 87.16218702,27.378976519 87.16491977,27.378605457 87.171085582,27.3755517070001 87.173333207,27.373114081 87.1763106440001,27.3707658320001 87.17827477,27.3656815190001 87.1825377690001,27.363266019 87.185596457,27.3595408950001 87.1879288320001,27.357276707 87.1909948950001,27.3555620820001 87.1947296440001,27.352120144 87.1952633910001,27.3491474960001 87.1944883940001,27.346375268 87.190203142,27.341450584 87.1872948320001,27.337534829 87.1869766440001,27.3354208310001 87.187557208,27.333901456 87.1940527720001,27.329151456 87.193124766,27.3258220210001 87.187615706,27.321566832 87.186156328,27.318170396 87.1847389590001,27.3162835210001 87.1859021430001,27.3144157730001 87.1912204590001,27.3119534580001 87.1936180210001,27.3087007070001 87.201237641,27.304817643 87.2033033690001,27.3027024830001 87.2040103290001,27.3011128300001 87.2034633950001,27.2971216450001 87.2022023360001,27.294205773 87.2042840180001,27.2874420210001 87.2081756440001,27.2830494570001 87.2093256360001,27.28108905 87.2070930820001,27.273322894 87.2078721450001,27.27159777 87.2093152080001,27.2704853320001 87.2119442690001,27.2683128310001 87.21203352,27.266132769 87.209129395,27.264814895 87.207465583,27.2648127690001 87.20382127,27.2667610190001 87.201397457,27.266516332 87.199748894,27.264659269 87.199661957,27.2633573320001 87.2017652070001,27.260896894 87.206697832,27.2600298940001 87.2079717700001,27.2540683940001 87.2078763950001,27.251653956 87.2049210200001,27.2494942070001 87.2045431450001,27.2482649560001 87.205441707,27.245508332 87.2076753950001,27.244209707 87.211868957,27.243925894 87.2135689570001,27.2433658940001 87.21553127,27.237892894 87.2158297700001,27.2360623320001 87.2185872700001,27.233149331 87.2234368950001,27.231173832 87.2280996440001,27.229904957 87.2299237070001,27.228561519 87.2317426450001,27.224616269 87.232333457,27.222101394 87.2344532070001,27.219940582 87.239175769,27.2178497690001 87.240690332,27.215064769 87.2403033940001,27.212359769 87.240804832,27.210955331 87.243226958,27.207708332 87.2454993320001,27.2054748310001 87.2464042700001,27.2015106440001 87.2492940830001,27.197524894 87.2496293940001,27.195082644 87.249326458,27.1916305820001 87.252402708,27.1896617690001 87.254464645,27.1891570820001 87.2557588320001,27.1873110810001 87.260075708,27.184200332 87.2609382700001,27.183185456 87.2602945820001,27.180638957 87.261741833,27.177991519 87.2636554570001,27.1767535810001 87.2656483320001,27.177072519 87.2696570190001,27.176963331 87.2731235200001,27.176475956 87.27500302,27.1742811440001 87.2746780200001,27.1724312690001 87.277929145,27.160185019 87.2781114570001,27.157657144 87.2772008330001,27.1546238940001 87.273019957,27.1512787070001 87.2724319580001,27.1488675190001 87.2731582700001,27.1466997690001 87.2746404580001,27.144954769 87.273620458,27.1427835810001 87.2709955830001,27.140107831 87.2687423950001,27.1385369560001 87.259767395,27.130312706 87.2578339570001,27.1294203940001 87.254358708,27.1287745820001 87.2525515830001,27.1293600820001 87.2491791450001,27.1278631440001 87.2470893330001,27.1260615190001 87.246915395,27.1249583320001 87.2483964570001,27.123211331 87.2489107070001,27.1199495810001 87.24718827,27.1177185810001 87.2406023330001,27.1168115190001 87.2382278950001,27.1151614560001 87.235736645,27.1111556440001 87.234374207,27.1100792070001 87.2283268320001,27.107593331 87.2208857700001,27.1072757690001 87.2195515820001,27.1058945190001 87.21865827,27.102971331 87.21653152,27.0998536440001 87.2145810820001,27.0983628320001 87.2105460820001,27.096583831 87.2098882700001,27.094562894 87.2072970190001,27.0921069570001 87.20603477,27.089369269 87.204541082,27.0873900820001 87.2008528950001,27.0878580190001 87.1985498320001,27.0876040810001 87.193359957,27.0846212060001 87.19279577,27.0822005810001 87.1940388940001,27.079240456 87.192710833,27.076559081 87.1897482080001,27.075240706 87.1856468940001,27.074169769 87.185946395,27.071364331 87.1848429570001,27.0626235190001 87.1819920200001,27.058326019 87.1815575200001,27.0567672070001 87.18132202,27.0519992060001 87.181993144,27.0496785190001 87.1857864570001,27.0433390810001 87.1868802070001,27.041216332 87.186921957,27.039399706 87.18849427,27.0378788310001 87.1895580820001,27.0333798940001 87.191804457,27.0322733310001 87.1931348320001,27.0301163940001 87.1944616440001,27.0244412690001 87.196803145,27.0220211440001 87.1979837700001,27.0190068320001 87.1988693330001,27.013041206 87.200822395,27.0089515820001 87.200880957,27.0073470190001 87.199987895,27.004403331 87.19962902,27.000001019 87.1980052070001,26.9976225190001 87.19497527,26.995920706 87.1917974570001,26.992361831 87.1901964570001,26.9915492690001 87.1848581450001,26.9900872690001 87.1823525820001,26.9887590820001 87.18136402,26.987307081 87.1815418320001,26.984328019 87.1805330820001,26.982817331 87.1786197070001,26.9834877690001 87.17579577,26.982994832 87.173465707,26.9797007060001 87.1731993940001,26.9748017680001 87.1720126450001,26.9718356440001 87.16982627,26.969671894 87.1638239580001,26.9675283940001 87.1626732070001,26.9657468940001 87.163946895,26.9633059560001 87.1661887070001,26.960484706 87.1655911440001,26.9578721440001 87.1610285200001,26.9562120190001 87.15990952,26.954924706 87.160257083,26.9529383940001 87.1633948940001,26.9490036440001 87.1640126440001,26.9471772690001 87.1634668940001,26.945043082 87.162062645,26.943214519 87.157598895,26.9402317070001 87.1542037070001,26.939799894 87.15116577,26.938663519 87.150770019,26.9373934560001 87.1525763940001,26.933008957 87.1541065200001,26.9321993940001 87.1580792070001,26.932510956 87.160724395,26.9295403940001 87.1600203950001,26.927803582 87.1563010820001,26.9257744560001 87.1581248950001,26.9197267070001 87.1585722070001,26.915294019 87.1567703950001,26.916710956 87.1554000200001,26.9188653940001 87.1531167700001,26.9236408310001 87.1515468950001,26.925235769 87.144796333,26.927201644 87.137926958,26.927003144 87.134571582,26.925803581 87.1329765820001,26.9257148310001 87.129606332,26.924154081 87.125050145,26.924273269 87.1189873320001,26.9228815820001 87.1160913950001,26.9213472060001 87.1148048950001,26.919175018 87.111185332,26.917280019</coordinates></LinearRing></outerBoundaryIs></Polygon>
  </Placemark>
  <Placemark id="koshi.2">
	<name>DHANKUTA</name>
	<description>1</description>
	<Style><LineStyle><color>ff0000ff</color></LineStyle><PolyStyle><fill>0</fill></PolyStyle></Style>
	<ExtendedData><SchemaData schemaUrl="#koshi">
		<SimpleData name="DISTRICT">Koshi Province</SimpleData>
	</SchemaData></ExtendedData>
      <Polygon><outerBoundaryIs><LinearRing><coordinates>87.4511661450001,26.973628832 87.4538467070001,26.9731553940001 87.4568631450001,26.9705753310001 87.4613710820001,26.968137019 87.466349333,26.9677257070001 87.467217395,26.9690384560001 87.4671990830001,26.971028894 87.4687690820001,26.973959581 87.4709465830001,26.976100644 87.4735804570001,26.9772427070001 87.4752433950001,26.977379269 87.4806535820001,26.9748132060001 87.483094957,26.974536331 87.4863794570001,26.975267457 87.4874818330001,26.9765386440001 87.4875303950001,26.9784521440001 87.485093583,26.9805501440001 87.487452708,26.9835117690001 87.4900232700001,26.984823019 87.4926448950001,26.985253894 87.4950866450001,26.985017456 87.49711777,26.981334206 87.498719082,26.9773140190001 87.50344827,26.973819706 87.5052562700001,26.971301582 87.5082463950001,26.971541331 87.5119422070001,26.9686868310001 87.5147841450001,26.964740894 87.5167330200001,26.964226019 87.5191785200001,26.9643614560001 87.5201568950001,26.9629745190001 87.522835833,26.9615948320001 87.524933957,26.961241769 87.527156833,26.9600893940001 87.5289201450001,26.956952831 87.528016645,26.9528918940001 87.5290799580001,26.9512587070001 87.528036957,26.9502200810001 87.5289195820001,26.9488694560001 87.5281896450001,26.9471910820001 87.5290297700001,26.9453690190001 87.5280191460001,26.9439647070001 87.5283994580001,26.941144706 87.5280038320001,26.938788018 87.526807332,26.9377340820001 87.5272094580001,26.9363628310001 87.526174832,26.935330831 87.5239996450001,26.935106519 87.52469152,26.9318701440001 87.5264204580001,26.9292595810001 87.525563333,26.928333019 87.524829207,26.925711269 87.5303387070001,26.919972269 87.5293833950001,26.9187708320001 87.5300986450001,26.9172268310001 87.5335977700001,26.913309644 87.532666895,26.9116883940001 87.5332271450001,26.910508269 87.5312691450001,26.9085975180001 87.5323330200001,26.9058403940001 87.5338643330001,26.903884831 87.5343198320001,26.9015903320001 87.533823145,26.8995363930001 87.52968502,26.8942736440001 87.529561082,26.893060018 87.52687352,26.889504581 87.527012395,26.888520144 87.5247600820001,26.8844823310001 87.5326517080001,26.884572394 87.536653395,26.8861730180001 87.5433023950001,26.886901331 87.5468496450001,26.888828394 87.5498135830001,26.887097269 87.551901333,26.8851529560001 87.558341146,26.8837646440001 87.5621999580001,26.8845368940001 87.565398395,26.882314831 87.5664008320001,26.878695706 87.5686620820001,26.8736768310001 87.5701768330001,26.871386956 87.5764667700001,26.8712824560001 87.578232083,26.868436456 87.578551707,26.865483394 87.5801732080001,26.863330644 87.582639332,26.861034519 87.5801810200001,26.859196394 87.5788262070001,26.857486893 87.5757112700001,26.856630769 87.568754895,26.857146394 87.5674758330001,26.857975206 87.5654553320001,26.861004893 87.5610152080001,26.8631258940001 87.5569987700001,26.861869019 87.5531555200001,26.8628363940001 87.550702582,26.861875581 87.5485329580001,26.861881769 87.5460648950001,26.861952269 87.54361077,26.862835019 87.5406533330001,26.8629366440001 87.5385718320001,26.861360394 87.5372475830001,26.8622681430001 87.535026583,26.8595121440001 87.53432402,26.8571113940001 87.5315688330001,26.8568487690001 87.53002802,26.8574593320001 87.52635152,26.8606414560001 87.5229174570001,26.861843456 87.517682832,26.8609735810001 87.511665458,26.8572335810001 87.5104446450001,26.859645894 87.5114985820001,26.860009894 87.509951583,26.862615206 87.509527582,26.8645845180001 87.510196895,26.867249519 87.5100192080001,26.869281143 87.5088048330001,26.8714903310001 87.504815395,26.8731339560001 87.5021430830001,26.870047331 87.4987753950001,26.869752394 87.49712377,26.870135019 87.493004458,26.872038269 87.490900583,26.872156144 87.4892323320001,26.871487206 87.4867817700001,26.8695255810001 87.4863290820001,26.867523206 87.484784645,26.8681130190001 87.4802938330001,26.867895893 87.479912895,26.866464206 87.477695333,26.866011332 87.4761556450001,26.8669846440001 87.4748962080001,26.8650278320001 87.474639832,26.861781331 87.4667863330001,26.8629561440001 87.464793833,26.861832082 87.46413677,26.863578643 87.46249677,26.8634238940001 87.4618566450001,26.861634081 87.455717582,26.8578582690001 87.4543383320001,26.858390769 87.45437602,26.861220519 87.452509395,26.863537331 87.4494326450001,26.8646619560001 87.4456097080001,26.864170831 87.4435690820001,26.8646917680001 87.43959627,26.864164832 87.433704645,26.8652256440001 87.4321005200001,26.863255956 87.4297463950001,26.8642199560001 87.4279398950001,26.8662857690001 87.427699707,26.867493831 87.425316707,26.869527519 87.4231499570001,26.869967332 87.4201915200001,26.8688771440001 87.4147918950001,26.867843706 87.4128140820001,26.865953894 87.4076396450001,26.8648450810001 87.4030301450001,26.863023581 87.3979825820001,26.8652065810001 87.394461332,26.8654962690001 87.3913532070001,26.863176019 87.390755208,26.8612323940001 87.3887734570001,26.859339956 87.3881542700001,26.856344769 87.386569707,26.854297769 87.3869190200001,26.853432519 87.3842026450001,26.8511109560001 87.3800768950001,26.8484637070001 87.3768117700001,26.8478901440001 87.371482395,26.8453926440001 87.3670172700001,26.845589331 87.360177832,26.8483939560001 87.3545012700001,26.848444457 87.3524063950001,26.849343269 87.3499820820001,26.849308706 87.3463421450001,26.8489182060001 87.3404438950001,26.8520174560001 87.337027332,26.8546524560001 87.335183208,26.8551465190001 87.3307902080001,26.8545520810001 87.3280921450001,26.853425519 87.3262635200001,26.853842706 87.3245368950001,26.855830331 87.322739395,26.859239831 87.321916145,26.8620061440001 87.3209807700001,26.862242956 87.3181946450001,26.8647203940001 87.31469802,26.8664929560001 87.3130326450001,26.870091582 87.3102145830001,26.8716097060001 87.3081612080001,26.8709553310001 87.3065672700001,26.8693971440001 87.303684457,26.8688640180001 87.3022310200001,26.8704287690001 87.3011385820001,26.8738883940001 87.29856627,26.8744647680001 87.295929582,26.8730305820001 87.2940797690001,26.873447394 87.2922512700001,26.871889519 87.290336519,26.872006331 87.2886035820001,26.8711432690001 87.286625895,26.871262394 87.2806247080001,26.869238894 87.278324082,26.8689771430001 87.2760342070001,26.8677382060001 87.2717032690001,26.8687057070001 87.268281395,26.867037769 87.2661277080001,26.866658144 87.2645602700001,26.8673268310001 87.25890252,26.865568082 87.257563707,26.867750519 87.2547335820001,26.869811456 87.253200582,26.869863894 87.2492189580001,26.8721885190001 87.245800832,26.8725060190001 87.2430380820001,26.875284331 87.2396188320001,26.875522581 87.238325208,26.8760708940001 87.2366748330001,26.878138581 87.2351826450001,26.878091393 87.2325029570001,26.875114706 87.2297243940001,26.872672956 87.2290907700001,26.8712207070001 87.226012832,26.8706208310001 87.2235967070001,26.8687042070001 87.2206576440001,26.863443831 87.218514144,26.8629981440001 87.214010644,26.8637113940001 87.211798645,26.8651183320001 87.2081436450001,26.8660062060001 87.202872207,26.8651856440001 87.2022540820001,26.8656988320001 87.2012736450001,26.866591644 87.193050832,26.869649644 87.1913274570001,26.8695121440001 87.1902382700001,26.870714143 87.1872595190001,26.8706120190001 87.1840605820001,26.872651832 87.181745145,26.8768432680001 87.1770644570001,26.8766122690001 87.173116082,26.877756769 87.1710816450001,26.8773305190001 87.16728377,26.8775765190001 87.1680047070001,26.8785685820001 87.170826769,26.887526644 87.17112602,26.8917440820001 87.1706863950001,26.8948363310001 87.1707483320001,26.8991804560001 87.1697647070001,26.9027201440001 87.1667277070001,26.9074245190001 87.1648063320001,26.9093742690001 87.16014777,26.9118620190001 87.1589036440001,26.913100081 87.1585722070001,26.915294019 87.1581248950001,26.9197267070001 87.1563010820001,26.9257744560001 87.1600203950001,26.927803582 87.160724395,26.9295403940001 87.1580792070001,26.932510956 87.1541065200001,26.9321993940001 87.1525763940001,26.933008957 87.150770019,26.9373934560001 87.15116577,26.938663519 87.1542037070001,26.939799894 87.157598895,26.9402317070001 87.162062645,26.943214519 87.1634668940001,26.945043082 87.1640126440001,26.9471772690001 87.1633948940001,26.9490036440001 87.160257083,26.9529383940001 87.15990952,26.954924706 87.1610285200001,26.9562120190001 87.1655911440001,26.9578721440001 87.1661887070001,26.960484706 87.163946895,26.9633059560001 87.1626732070001,26.9657468940001 87.1638239580001,26.9675283940001 87.16982627,26.969671894 87.1720126450001,26.9718356440001 87.1731993940001,26.9748017680001 87.173465707,26.9797007060001 87.17579577,26.982994832 87.1786197070001,26.9834877690001 87.1805330820001,26.982817331 87.1815418320001,26.984328019 87.18136402,26.987307081 87.1823525820001,26.9887590820001 87.1848581450001,26.9900872690001 87.1901964570001,26.9915492690001 87.1917974570001,26.992361831 87.19497527,26.995920706 87.1980052070001,26.9976225190001 87.19962902,27.000001019 87.199987895,27.004403331 87.200880957,27.0073470190001 87.200822395,27.0089515820001 87.1988693330001,27.013041206 87.1979837700001,27.0190068320001 87.196803145,27.0220211440001 87.1944616440001,27.0244412690001 87.1931348320001,27.0301163940001 87.191804457,27.0322733310001 87.1895580820001,27.0333798940001 87.18849427,27.0378788310001 87.186921957,27.039399706 87.1868802070001,27.041216332 87.1857864570001,27.0433390810001 87.181993144,27.0496785190001 87.18132202,27.0519992060001 87.1815575200001,27.0567672070001 87.1819920200001,27.058326019 87.1848429570001,27.0626235190001 87.185946395,27.071364331 87.1856468940001,27.074169769 87.1897482080001,27.075240706 87.192710833,27.076559081 87.1940388940001,27.079240456 87.19279577,27.0822005810001 87.193359957,27.0846212060001 87.1985498320001,27.0876040810001 87.2008528950001,27.0878580190001 87.204541082,27.0873900820001 87.20603477,27.089369269 87.2072970190001,27.0921069570001 87.2098882700001,27.094562894 87.2105460820001,27.096583831 87.2145810820001,27.0983628320001 87.21653152,27.0998536440001 87.21865827,27.102971331 87.2195515820001,27.1058945190001 87.2208857700001,27.1072757690001 87.2283268320001,27.107593331 87.234374207,27.1100792070001 87.235736645,27.1111556440001 87.2382278950001,27.1151614560001 87.2406023330001,27.1168115190001 87.24718827,27.1177185810001 87.2489107070001,27.1199495810001 87.2483964570001,27.123211331 87.246915395,27.1249583320001 87.2470893330001,27.1260615190001 87.2491791450001,27.1278631440001 87.2525515830001,27.1293600820001 87.254358708,27.1287745820001 87.2578339570001,27.1294203940001 87.259767395,27.130312706 87.2687423950001,27.1385369560001 87.2709955830001,27.140107831 87.273620458,27.1427835810001 87.2746404580001,27.144954769 87.2731582700001,27.1466997690001 87.2724319580001,27.1488675190001 87.273019957,27.1512787070001 87.2772008330001,27.1546238940001 87.2781114570001,27.157657144 87.277929145,27.160185019 87.2746780200001,27.1724312690001 87.27500302,27.1742811440001 87.2731235200001,27.176475956 87.2696570190001,27.176963331 87.2656483320001,27.177072519 87.2665426450001,27.1777680810001 87.2660172700001,27.180226519 87.2681201450001,27.1824475820001 87.2734448950001,27.183847644 87.277487895,27.1853065190001 87.279712707,27.1856677060001 87.2848951450001,27.1888007060001 87.2876528950001,27.1898263320001 87.2904137070001,27.190064394 87.292025832,27.1896458310001 87.2947657070001,27.1900800820001 87.2995795200001,27.188422582 87.301384269,27.186708207 87.3041834570001,27.185285019 87.3094690820001,27.1849033940001 87.3097212700001,27.183684269 87.314897208,27.182016332 87.31832552,27.1836559560001 87.3273695830001,27.1866725190001 87.330342145,27.1878953940001 87.33437552,27.187937769 87.3365090190001,27.1872443940001 87.3416808330001,27.187601957 87.3447779570001,27.186800019 87.3463055190001,27.1870670820001 87.351166769,27.189178457 87.355389458,27.189206144 87.3595268330001,27.190572144 87.3619928320001,27.1879729570001 87.3641017080001,27.1873356450001 87.3670827700001,27.1881380190001 87.3707431450001,27.186217019 87.373161957,27.183771269 87.3752035200001,27.182669081 87.378724145,27.1788730810001 87.37883802,27.176349831 87.3795372070001,27.1749195190001 87.3780525820001,27.1722065810001 87.377944395,27.170426456 87.376703895,27.1669320190001 87.37834652,27.1669659560001 87.3815173950001,27.165675707 87.3841040200001,27.163039644 87.3849948320001,27.1614417690001 87.3877656450001,27.1596108320001 87.3891685200001,27.158018269 87.3895470190001,27.1522245190001 87.3908340200001,27.1494227690001 87.39223902,27.147600019 87.3995878950001,27.143641519 87.4022441450001,27.1415330190001 87.4057516450001,27.138018394 87.409261395,27.136051707 87.4079665200001,27.1335551440001 87.4045802700001,27.1307487070001 87.403574457,27.1291358940001 87.39964352,27.127181582 87.397234208,27.1230723940001 87.397112645,27.115434081 87.3956427700001,27.111599707 87.3957870190001,27.1081579560001 87.3965998950001,27.1062578310001 87.394543083,27.102199457 87.3952562700001,27.100103269 87.398943645,27.094112894 87.3995171450001,27.092475144 87.3995915820001,27.089487144 87.401600645,27.0858234560001 87.4032069570001,27.079026394 87.4033097700001,27.0753455190001 87.4040109570001,27.073515582 87.4062756440001,27.071311144 87.4067493950001,27.069152456 87.4089597700001,27.0655670190001 87.4119243330001,27.0635273940001 87.4133485200001,27.0636879570001 87.415138583,27.061723956 87.418114395,27.0573259560001 87.4200936450001,27.0556163320001 87.4224734580001,27.052185894 87.4241499570001,27.051621206 87.4252950200001,27.0499907070001 87.42916002,27.0459734570001 87.4293555820001,27.0438651440001 87.4323557070001,27.0367340190001 87.4318439570001,27.0348873940001 87.432203208,27.032288894 87.43107252,27.0295302690001 87.4318303950001,27.0272261440001 87.4319920820001,27.0230531440001 87.4329405830001,27.0180675190001 87.4340061450001,27.0153653310001 87.4330369580001,27.0139488940001 87.435236645,27.011996894 87.435934208,27.010437644 87.43942402,27.009849081 87.440184333,27.0074298320001 87.4434745830001,27.0062438320001 87.4442578950001,27.0028270190001 87.4434823330001,26.999221081 87.4445028330001,26.9972004570001 87.443296708,26.9944601440001 87.4436651450001,26.9914147690001 87.4425869570001,26.988671832 87.4404723950001,26.984853393 87.439119895,26.984083581 87.439771395,26.9798097070001 87.441784333,26.976993893 87.440576708,26.972177457 87.4412648320001,26.970848394 87.4511661450001,26.973628832</coordinates></LinearRing></outerBoundaryIs></Polygon>
  </Placemark>
  <Placemark id="koshi.3">
	<name>ILAM</name>
	<description>1</description>
	<Style><LineStyle><color>ff0000ff</color></LineStyle><PolyStyle><fill>0</fill></PolyStyle></Style>
	<ExtendedData><SchemaData schemaUrl="#koshi">
		<SimpleData name="DISTRICT">Koshi Province</SimpleData>
	</SchemaData></ExtendedData>
      <Polygon><outerBoundaryIs><LinearRing><coordinates>87.8143223330001,26.6920311430001 87.8111952080001,26.691259206 87.810029521,26.6891333310001 87.8056220830001,26.6875945190001 87.8029412700001,26.6854252690001 87.801153082,26.6846951430001 87.7998145820001,26.682874831 87.79587852,26.6800716430001 87.794713771,26.6767585810001 87.7933324580001,26.675168581 87.792932583,26.6725643940001 87.7931519570001,26.669503143 87.7939020200001,26.667359644 87.7933301450001,26.6659433940001 87.7902903950001,26.6657865810001 87.7853943320001,26.6643468940001 87.7811930830001,26.664496394 87.7782622700001,26.665489644 87.774378895,26.6658493310001 87.7676358960001,26.664924581 87.762599708,26.6676755180001 87.760531583,26.671615456 87.7503303330001,26.675449644 87.7475290200001,26.6761617060001 87.7410616450001,26.6794633310001 87.7394503960001,26.6813605180001 87.73424952,26.6853817680001 87.7318353950001,26.686791144 87.7300048330001,26.687231581 87.724909208,26.6897152060001 87.7209765200001,26.6927840180001 87.7186309580001,26.693951269 87.7148882070001,26.694798393 87.7115155830001,26.6968960180001 87.7112213950001,26.694232331 87.709098333,26.696664394 87.7071863950001,26.701051831 87.7077772700001,26.7039645180001 87.7092229570001,26.706236581 87.7102130820001,26.7094947680001 87.7094258330001,26.712012644 87.7078014580001,26.7151936440001 87.7067792700001,26.719775269 87.7049802080001,26.7254191430001 87.703696021,26.7283930190001 87.70418177,26.731150519 87.7024332070001,26.7336212060001 87.700643208,26.7336458930001 87.6996180830001,26.7361603310001 87.6963880200001,26.739924581 87.6936377700001,26.744920769 87.6897400830001,26.749663019 87.6934207080001,26.752637394 87.6930051460001,26.7560379560001 87.69062977,26.7556591430001 87.687899208,26.7572475810001 87.6861503330001,26.7538123940001 87.6849014570001,26.752649456 87.681402458,26.7539390810001 87.6786368320001,26.752074769 87.6754417700001,26.7535546440001 87.6757680210001,26.7555840810001 87.674277395,26.7568797690001 87.6673065200001,26.7590588310001 87.6656620200001,26.760495018 87.6673134580001,26.762177519 87.669676333,26.763418831 87.6704956450001,26.766687081 87.6733913950001,26.7696995810001 87.6753187080001,26.7702658310001 87.6776607080001,26.773547206 87.6775365830001,26.775522331 87.678725458,26.7768255190001 87.6795022700001,26.779125831 87.6817528330001,26.7811572690001 87.681206333,26.784165769 87.676049645,26.787647706 87.6734892700001,26.790435582 87.670946207,26.789878894 87.6694987700001,26.7910096430001 87.6676000210001,26.7909734560001 87.666831895,26.792498019 87.6645517700001,26.7919649560001 87.6635565820001,26.7925022060001 87.6625292700001,26.7949848310001 87.6585798950001,26.797923331 87.658569582,26.8009292690001 87.6607939570001,26.803965394 87.6623992070001,26.8043054560001 87.663848208,26.806099456 87.663391333,26.8081845190001 87.661848332,26.8084015810001 87.663609583,26.812518519 87.6639100200001,26.814771519 87.6618941450001,26.816069456 87.6597922080001,26.8164223310001 87.6583294580001,26.818349519 87.6550185820001,26.8185431430001 87.654267207,26.8219406440001 87.654176082,26.8249063310001 87.652915583,26.8259547070001 87.652252896,26.828063206 87.6503709570001,26.8306467690001 87.6482708950001,26.8295009560001 87.6420918950001,26.832006956 87.6407200830001,26.835319144 87.6377450210001,26.8372846440001 87.6367884580001,26.8402135810001 87.6340276450001,26.838671144 87.6306009570001,26.839525956 87.6282421450001,26.8415155180001 87.627185958,26.8411297690001 87.6238857700001,26.843290456 87.6231495200001,26.8449478310001 87.6211509570001,26.845459831 87.6192372070001,26.8473435180001 87.61690502,26.8486197060001 87.617432582,26.8502218940001 87.613758707,26.8526840820001 87.609593583,26.853762707 87.6039542070001,26.8588057690001 87.602142208,26.861823831 87.6091640830001,26.8623557070001 87.612654207,26.861799019 87.613973958,26.8633052070001 87.6168794580001,26.8621168940001 87.6185165200001,26.862861206 87.6224118950001,26.862785393 87.6276400830001,26.8616655810001 87.6301278330001,26.8623157070001 87.633638708,26.8623383940001 87.6392003330001,26.8603478310001 87.643935082,26.8619985180001 87.6462823320001,26.864817643 87.6486667710001,26.8669572680001 87.6496064580001,26.8675915810001 87.6542770200001,26.8674052690001 87.6580914570001,26.868658081 87.6639511450001,26.8709843940001 87.6664181460001,26.871250332 87.6692375820001,26.8729227060001 87.671497082,26.872769831 87.6753552710001,26.8747531440001 87.6768268320001,26.8765581440001 87.6847705200001,26.8784808940001 87.6873505830001,26.880154019 87.6907336450001,26.8806791440001 87.691133645,26.8854070190001 87.691681207,26.8876045820001 87.691903208,26.8917286440001 87.691124136,26.894083833 87.6921355870001,26.896299399 87.692854019,26.8994686990001 87.6962775840001,26.9054860690001 87.6966761880001,26.907372868 87.6999305200001,26.910060206 87.7006877700001,26.911216331 87.700195395,26.9147436440001 87.6979675200001,26.9175054560001 87.6964733330001,26.921996769 87.697819645,26.9247702690001 87.7032677070001,26.9267042070001 87.704848832,26.9276215190001 87.7088218320001,26.928745706 87.7063032070001,26.9312203320001 87.7047151450001,26.931627706 87.700739271,26.9358470190001 87.6995406450001,26.9361282690001 87.694361208,26.9390693940001 87.6903325200001,26.9418557070001 87.687747083,26.9449486440001 87.6828898320001,26.946427769 87.6828868950001,26.9481315190001 87.6798250210001,26.9518268320001 87.6825238330001,26.952960144 87.683297333,26.9539696430001 87.685188146,26.9600465190001 87.6896373320001,26.9692227690001 87.6927585820001,26.974375019 87.6947087070001,26.975613331 87.6999613950001,26.975704706 87.7023250830001,26.977608832 87.7052328330001,26.979094893 87.7072792820001,26.980898961 87.708016333,26.982558394 87.7081477710001,26.9855454560001 87.709902583,26.9866085190001 87.712651457,26.989417582 87.714355207,26.9919498940001 87.7164583960001,26.993992706 87.716893708,26.9957032680001 87.7188964580001,26.9977848940001 87.7208460200001,26.998817456 87.72115202,27.0000006440001 87.7246031450001,27.0006440810001 87.7296550830001,27.0030167690001 87.7328571450001,27.005249894 87.7352088330001,27.006007206 87.7364878330001,27.0073183320001 87.7370389580001,27.010411456 87.739341832,27.0145763310001 87.73955877,27.015759894 87.742745083,27.019155019 87.7464233960001,27.020897957 87.751828645,27.0200230190001 87.753763958,27.020337581 87.7573008950001,27.020041082 87.760963895,27.017044894 87.763168771,27.0159588940001 87.766612207,27.012859957 87.77009702,27.012919894 87.7731452080001,27.013857769 87.776082332,27.013207519 87.777774208,27.013482519 87.780545207,27.0125013310001 87.7816488330001,27.0140590190001 87.784631333,27.016233582 87.787106824,27.017242997 87.7907347080001,27.019512019 87.794266458,27.022714519 87.795220708,27.023142394 87.7993374580001,27.026808519 87.804379521,27.0290905190001 87.807440957,27.029240019 87.8112636450001,27.0301251440001 87.8143080830001,27.032361832 87.819641958,27.0332853940001 87.822999833,27.0370928940001 87.82662802,27.040691144 87.8302753950001,27.042594519 87.8345482080001,27.043512456 87.8359067700001,27.0445627070001 87.8409494580001,27.0460490190001 87.8432946450001,27.0472445190001 87.8437800200001,27.0484488320001 87.844489895,27.0504438940001 87.8473912700001,27.0542737690001 87.8479799580001,27.0555542060001 87.8515344580001,27.058317269 87.8545108330001,27.0619232060001 87.8563813960001,27.0625458320001 87.85834377,27.0618097060001 87.862883083,27.0617796440001 87.8668196460001,27.0652236440001 87.86782027,27.067424331 87.8702006450001,27.0681046440001 87.871949208,27.069296519 87.873761771,27.069639581 87.875816958,27.071201832 87.8772640830001,27.075110082 87.8831318950001,27.0775735190001 87.8834032080001,27.0814801440001 87.886126458,27.0833968320001 87.8875505830001,27.083279519 87.889532145,27.084241832 87.8924565820001,27.0842390820001 87.8942210210001,27.085947332 87.8957372080001,27.0886838320001 87.89691127,27.0895360810001 87.8975931460001,27.091813019 87.9024720200001,27.092636956 87.903654208,27.0912597070001 87.9059063330001,27.0931497070001 87.9170925210001,27.094072269 87.9182668330001,27.095154457 87.9209268960001,27.0993295810001 87.925001583,27.100182831 87.9267925830001,27.101581394 87.9304829580001,27.102294832 87.9336812080001,27.101506456 87.935166833,27.100505894 87.936909396,27.1006139570001 87.942149208,27.0992904560001 87.9447339580001,27.0998530190001 87.9460755200001,27.0992798940001 87.947878646,27.1002177070001 87.9484188330001,27.103054957 87.954421396,27.1058258940001 87.9561232080001,27.1055029570001 87.957421395,27.1042688320001 87.963126146,27.103153519 87.96475402,27.100757269 87.9682934580001,27.1011210190001 87.9704757710001,27.1021507070001 87.974944458,27.1033947060001 87.9771904580001,27.1034625820001 87.9801763950001,27.102295457 87.9834472080001,27.1016317690001 87.9874375200001,27.1027230190001 87.990110583,27.104983206 87.9942073330001,27.105123581 87.997837271,27.103155019 88.003321208,27.103558207 88.004220708,27.1046100820001 88.0059964580001,27.1041190190001 88.0108132080001,27.1005508320001 88.010790021,27.0987390810001 88.0146494580001,27.0968406440001 88.0152207080001,27.0932961440001 88.016644646,27.090375082 88.0184133960001,27.088299831 88.0217838330001,27.0870862690001 88.0236956460001,27.087395019 88.0235184580001,27.082107207 88.020764458,27.079198331 88.020169083,27.0776276440001 88.0186386450001,27.076688769 88.0188535830001,27.0734875810001 88.0211398960001,27.0699373940001 88.023651708,27.0691654560001 88.025540333,27.064600457 88.0251826450001,27.0628182070001 88.0264974580001,27.0598165810001 88.028648333,27.057011894 88.0284810210001,27.0543549560001 88.030162708,27.050694019 88.032682396,27.048428082 88.033838271,27.0462602060001 88.0361958330001,27.0431740820001 88.037564833,27.0429044570001 88.0393820830001,27.0394409570001 88.039191208,27.0380027690001 88.040224396,27.0362914570001 88.0418605200001,27.0356882070001 88.048366333,27.036364206 88.050404583,27.034697269 88.0524044580001,27.034192707 88.0547063330001,27.033178144 88.0604585200001,27.0314312690001 88.061942521,27.0289357680001 88.0656428340001,27.029740394 88.067041083,27.0308535190001 88.0718928960001,27.0309836440001 88.0748193950001,27.033132019 88.0799847710001,27.0351390820001 88.084034396,27.031350957 88.085753083,27.028284769 88.086297958,27.0224679570001 88.087618584,27.020090769 88.089855646,27.0175688310001 88.0911120200001,27.0153297690001 88.091085708,27.012608706 88.0903164580001,27.010951644 88.0913455840001,27.008928644 88.091054833,27.007845581 88.09244727,27.006986269 88.095084333,27.004064081 88.1017645210001,27.0034050190001 88.10448727,26.999818519 88.10698777,26.997147581 88.1094282710001,26.996397331 88.1114129580001,26.9947660820001 88.1116547080001,26.992582144 88.1138081460001,26.9907622690001 88.1151880830001,26.9905978940001 88.1176802700001,26.9884683940001 88.120825208,26.987087332 88.1238500200001,26.9869345810001 88.131377333,26.9874294570001 88.1337687700001,26.9865324560001 88.137082708,26.986018394 88.138147271,26.984554394 88.1333143960001,26.9804008940001 88.1315492080001,26.977414019 88.1303578330001,26.976275081 88.127796458,26.972292644 88.126316708,26.9705783310001 88.125161834,26.9680219570001 88.1245661450001,26.9649669570001 88.1257149580001,26.9597567060001 88.124125646,26.9563644560001 88.1230522710001,26.950267019 88.12817727,26.9432130810001 88.1308661460001,26.9405470190001 88.131306958,26.939124206 88.1347131460001,26.937833207 88.1377771460001,26.934572831 88.1403582710001,26.932999518 88.141985645,26.928475769 88.1446036450001,26.9261529570001 88.1454637080001,26.924133269 88.1486420830001,26.9206753940001 88.146580021,26.916955456 88.1476186450001,26.915238894 88.144727958,26.910842019 88.144147333,26.908558644 88.141286709,26.9041749570001 88.1417582080001,26.901501769 88.1395912080001,26.900440707 88.1389833330001,26.898367394 88.1416375210001,26.8967551440001 88.144451771,26.8936275190001 88.1455825830001,26.8908316440001 88.1474887080001,26.890748456 88.1490939590001,26.888474456 88.1507355830001,26.8883685810001 88.155466458,26.8847534560001 88.157437083,26.8852630820001 88.160139771,26.884214269 88.1601248960001,26.882754456 88.164283459,26.880614956 88.1660892080001,26.877878831 88.1671403330001,26.873032331 88.169371771,26.871093644 88.169224646,26.870120081 88.1722390200001,26.868716394 88.174915146,26.8682496440001 88.175812271,26.863826331 88.1745397080001,26.8611382060001 88.1745900830001,26.859799706 88.177108021,26.859081519 88.1762183960001,26.8579652060001 88.176051521,26.855085144 88.177358896,26.8532442690001 88.1762930200001,26.851924081 88.1725882700001,26.8511018940001 88.1700186450001,26.849473706 88.1700366460001,26.8476752070001 88.1724787700001,26.845849894 88.173224395,26.8444897690001 88.1701503950001,26.8373915820001 88.1713082080001,26.836118394 88.1735274580001,26.8357547690001 88.176643396,26.8336213320001 88.1765417080001,26.831749331 88.174351771,26.828732582 88.1751247700001,26.825639332 88.1808593950001,26.817574393 88.1815717700001,26.8139332690001 88.1806373960001,26.8094394560001 88.1809567710001,26.8081641430001 88.1802525210001,26.8057827060001 88.180154396,26.803292331 88.181905208,26.7978283940001 88.1833248330001,26.796688331 88.1839062080001,26.7928023310001 88.1848863330001,26.7911220190001 88.185603708,26.787805894 88.1874597060001,26.782835087 88.1834231450001,26.781566894 88.1782162700001,26.7820616440001 88.1752045210001,26.780504831 88.1712465200001,26.7823992690001 88.169094209,26.784224394 88.168353708,26.7833617690001 88.163925583,26.787432831 88.1627048330001,26.7903333940001 88.16388627,26.7922710190001 88.163625396,26.794489018 88.1619426450001,26.797088769 88.161534896,26.7989627060001 88.158688145,26.800312831 88.1574286460001,26.803313019 88.1549401460001,26.805526581 88.153352833,26.804045769 88.1548420830001,26.802672956 88.15689202,26.7975114560001 88.157280084,26.795177331 88.155357645,26.792128769 88.154307896,26.7894656440001 88.1522607080001,26.787049832 88.1525669590001,26.7848878940001 88.151203083,26.7813450190001 88.151284521,26.777271394 88.1503997080001,26.7758524560001 88.1489542080001,26.7714324560001 88.147691083,26.7690756440001 88.145633145,26.7694872060001 88.144048271,26.768123518 88.1399874580001,26.7657169560001 88.1386738960001,26.765330394 88.137573145,26.7696513930001 88.1357401450001,26.7715773310001 88.135771021,26.774178831 88.1341533950001,26.7753967690001 88.1340253330001,26.770920894 88.1330994580001,26.7691388310001 88.130876395,26.768308206 88.1281328960001,26.765238706 88.129313208,26.762257456 88.1279952080001,26.758294268 88.1217188960001,26.7534835810001 88.1207462080001,26.7480463320001 88.1185110210001,26.747526894 88.1169101450001,26.748514331 88.1159143950001,26.746798207 88.1141505210001,26.745573269 88.112826209,26.746752456 88.1100150830001,26.7464608940001 88.107198146,26.748150519 88.1049008950001,26.7509552060001 88.1050780200001,26.752504081 88.103477271,26.7533288930001 88.1014935210001,26.756537269 88.1017725830001,26.7584328310001 88.099280708,26.7614849570001 88.098810771,26.763982019 88.0996679580001,26.7654805190001 88.0987770830001,26.7676694560001 88.0998018330001,26.769399019 88.0991747730001,26.7729671540001 88.0977392710001,26.7743883310001 88.100886771,26.7762526440001 88.1003887700001,26.7772787060001 88.0979549580001,26.7787101440001 88.0970576450001,26.7816821430001 88.097776583,26.7843460190001 88.0953953330001,26.784707456 88.0954242700001,26.786216831 88.096852583,26.787932018 88.095008771,26.7898823310001 88.096011521,26.7917272060001 88.0993568960001,26.794975456 88.0976176450001,26.799174769 88.095347895,26.801108019 88.0920529580001,26.7991996440001 88.092378146,26.796272769 88.0894829580001,26.7947900190001 88.088539021,26.791389956 88.0874256450001,26.7900603940001 88.085351583,26.789239143 88.083541396,26.787540269 88.0796882710001,26.7829799560001 88.0783972080001,26.786771706 88.077362458,26.7881605810001 88.0753970210001,26.788852456 88.0726325830001,26.7907440810001 88.0701562080001,26.7914510190001 88.0701977080001,26.789309206 88.0691583330001,26.7866612060001 88.0676224580001,26.784757019 88.0679112080001,26.783439269 88.0663900200001,26.780005019 88.066203333,26.7772512060001 88.0640458330001,26.773505831 88.0634263950001,26.7715112060001 88.0645048330001,26.769952893 88.0632707710001,26.765394956 88.0618310200001,26.7645978940001 88.0606921460001,26.761205832 88.06056527,26.7589118940001 88.0590950200001,26.756776894 88.0583508330001,26.754458206 88.053118521,26.751931518 88.0495709580001,26.7486203940001 88.0486245210001,26.745664581 88.0471035830001,26.747968456 88.0479923330001,26.749494081 88.0470650830001,26.7506946440001 88.047303958,26.7524168310001 88.04453227,26.755185769 88.0438332700001,26.7570345190001 88.0424438950001,26.7576539560001 88.041193208,26.759443581 88.0384283330001,26.7599558310001 88.038663146,26.762005269 88.0377741460001,26.7639682060001 88.0342857080001,26.764686456 88.0315143330001,26.7636709560001 88.0293027700001,26.7662549560001 88.030681583,26.7685398310001 88.0296222700001,26.770463331 88.029467395,26.7732918940001 88.0299827700001,26.7770453310001 88.0283612710001,26.777835581 88.027006208,26.7752616440001 88.027026645,26.7731968320001 88.023356645,26.772918707 88.0228100210001,26.7702012680001 88.0201474580001,26.768974831 88.01844952,26.769018644 88.012776708,26.767958144 88.0108783950001,26.766796019 88.0068245830001,26.7698576440001 88.006749583,26.7736221440001 88.0057853330001,26.7748182060001 88.0033332080001,26.7739374560001 88.0010596450001,26.7696187060001 88.0006948330001,26.767723518 88.0016059580001,26.7652664560001 88.0009769580001,26.762048518 88.0008870200001,26.7577481440001 87.9994793330001,26.753292393 87.997399208,26.7524923930001 87.9937653320001,26.755340894 87.9904195820001,26.7520764560001 87.9888629580001,26.753235956 87.983912708,26.7521195190001 87.9810220200001,26.7580495190001 87.98118277,26.759792706 87.9822540200001,26.760638269 87.9829133960001,26.7629173930001 87.9813049580001,26.7639191430001 87.9811788960001,26.7668738310001 87.9786342080001,26.7688704560001 87.978538895,26.7713194560001 87.980331145,26.773547894 87.9807389580001,26.7763160810001 87.9778524580001,26.778199956 87.9767989580001,26.777020269 87.9766393950001,26.7752680190001 87.9753295820001,26.773070144 87.9734201460001,26.772857581 87.9712696450001,26.774521894 87.9658572710001,26.7768922060001 87.9656056460001,26.778730769 87.966890833,26.782113644 87.966697395,26.783317706 87.9685633330001,26.785356144 87.969160958,26.7885157690001 87.967314145,26.7895596440001 87.965293021,26.787910331 87.9636800200001,26.7862830810001 87.9612254580001,26.781145769 87.96011902,26.774782956 87.9600692710001,26.7684152680001 87.9562397700001,26.767667143 87.95583852,26.7665077070001 87.9537823960001,26.765271393 87.9514444580001,26.7664831430001 87.9513869580001,26.763807206 87.9568540830001,26.7610986440001 87.956640646,26.7587283940001 87.9577225830001,26.756374269 87.9579482070001,26.7533737680001 87.9595285830001,26.752234769 87.960255208,26.749564831 87.9560444580001,26.7448567060001 87.9536284580001,26.7425328940001 87.952385146,26.7401515810001 87.9511828330001,26.7393517690001 87.952313458,26.7378029560001 87.9530230830001,26.734512581 87.9521733320001,26.731467394 87.9528800830001,26.728366581 87.9512348330001,26.727258394 87.9482631450001,26.7265110180001 87.945340145,26.7282274560001 87.941914458,26.7265194570001 87.9380851450001,26.7261431430001 87.93496602,26.7238688320001 87.930930645,26.7187751440001 87.9311512080001,26.715458707 87.9299150210001,26.715480456 87.9291383950001,26.7119019560001 87.9355525830001,26.708937581 87.936065458,26.7075102690001 87.9355610200001,26.7058188930001 87.9368758960001,26.7035988320001 87.935807583,26.7025497060001 87.9384875200001,26.700214456 87.9371605200001,26.699316018 87.9390154580001,26.696643206 87.9363142700001,26.6951514560001 87.9385985210001,26.6922930810001 87.936447833,26.688434956 87.93465752,26.689787144 87.9329965210001,26.6935937060001 87.9287331460001,26.6963273310001 87.9268453330001,26.697145269 87.9217309580001,26.6960208940001 87.9186973330001,26.694007394 87.9180580830001,26.6927726430001 87.9129335820001,26.6936608930001 87.9090597080001,26.692424331 87.9061516450001,26.6919442060001 87.9047902080001,26.690626018 87.9027402080001,26.6910384560001 87.89848777,26.690848768 87.8966136450001,26.689811331 87.8942550830001,26.686985081 87.8896731450001,26.6867160190001 87.888292333,26.6882117690001 87.8865085200001,26.6882093940001 87.8839408320001,26.686645706 87.8817288330001,26.6842855190001 87.8779295200001,26.686800394 87.8739990820001,26.6886953310001 87.8720390830001,26.691446956 87.8696588330001,26.6918068310001 87.868194895,26.6908318930001 87.8653709580001,26.690084144 87.8645488330001,26.687004331 87.8659778960001,26.684289893 87.867806333,26.683813893 87.8672996450001,26.682092894 87.867925895,26.6772937690001 87.8698639570001,26.675056768 87.8706347070001,26.671940206 87.868193208,26.6714587060001 87.8680183960001,26.673754768 87.86606577,26.673310832 87.8638348950001,26.673613269 87.8587325830001,26.675729394 87.8561856460001,26.675092519 87.8535720200001,26.6757017690001 87.8492633330001,26.674448081 87.8474788950001,26.6747520810001 87.8463074580001,26.6759934560001 87.8437352080001,26.6769452680001 87.8421380830001,26.678644956 87.8411107700001,26.6819164560001 87.8382583950001,26.684266644 87.8361480830001,26.6873615810001 87.8323826450001,26.6888100190001 87.8294387700001,26.6911583310001 87.824072458,26.691780893 87.8206194580001,26.693400769 87.818640771,26.693112081 87.8170639580001,26.6936830180001 87.8143223330001,26.6920311430001</coordinates></LinearRing></outerBoundaryIs></Polygon>
  </Placemark>
  <Placemark id="koshi.4">
	<name>JHAPA</name>
	<description>1</description>
	<Style><LineStyle><color>ff0000ff</color></LineStyle><PolyStyle><fill>0</fill></PolyStyle></Style>
	<ExtendedData><SchemaData schemaUrl="#koshi">
		<SimpleData name="DISTRICT">Koshi Province</SimpleData>
	</SchemaData></ExtendedData>
      <Polygon><outerBoundaryIs><LinearRing><coordinates>87.7929687700001,26.4682185190001 87.7914684580001,26.468919581 87.789050832,26.4677661430001 87.7893639580001,26.466435269 87.7922538330001,26.465794144 87.791881833,26.464209768 87.790407396,26.4640080190001 87.788591458,26.4649410810001 87.78814277,26.463305206 87.790277583,26.4624358310001 87.79112702,26.4611650800001 87.7897832080001,26.4598027060001 87.787479583,26.458608081 87.785684895,26.455925644 87.7852069570001,26.454030394 87.7837275830001,26.4529936440001 87.7806073960001,26.4535636430001 87.7816199580001,26.4511862680001 87.7806968950001,26.450284144 87.7780790200001,26.4507903310001 87.7763811450001,26.449587706 87.7792060200001,26.4474373940001 87.7792933950001,26.4444942060001 87.778633083,26.442304268 87.7770028960001,26.440433268 87.776955645,26.4378698940001 87.775687583,26.436432456 87.777518957,26.435239956 87.7785036450001,26.436473581 87.7802925820001,26.43596058 87.779218707,26.4314326430001 87.778456083,26.429674268 87.7761813330001,26.4309977680001 87.7752316460001,26.430016768 87.7754326450001,26.428406581 87.7766637080001,26.4276010190001 87.773779457,26.426244581 87.7783624580001,26.4241254560001 87.7755683330001,26.420960893 87.77354452,26.4215585810001 87.7718914580001,26.418920331 87.769822145,26.418037831 87.7706788950001,26.414952768 87.76809002,26.4128069550001 87.7697132710001,26.411360706 87.767166457,26.409970706 87.756337896,26.407839331 87.74997827,26.417527206 87.7416307080001,26.417257018 87.7361763950001,26.407450269 87.725380645,26.412237831 87.7263902080001,26.4152635190001 87.723247708,26.4196711440001 87.72084627,26.422052831 87.718461458,26.421577456 87.716210833,26.424870018 87.7136673950001,26.4270288930001 87.7009887070001,26.427881455 87.6945797710001,26.435310456 87.681752708,26.435083331 87.6814872080001,26.4365085810001 87.6782332700001,26.4357635800001 87.6745690830001,26.4412918300001 87.675350645,26.449462269 87.6736615830001,26.4510048930001 87.668827207,26.453620519 87.6640801460001,26.4553375180001 87.66150077,26.457974081 87.6596883330001,26.461451144 87.6595893950001,26.4631170810001 87.6624633330001,26.4695310810001 87.662260895,26.4710732680001 87.660346707,26.4733412690001 87.6542478320001,26.4779730810001 87.6520857080001,26.4819007680001 87.6513070830001,26.4845898310001 87.6510278950001,26.490673143 87.6512857070001,26.4934725190001 87.651002083,26.496782206 87.6501036450001,26.4981448930001 87.6475610200001,26.499952831 87.6468582080001,26.503560081 87.6451454580001,26.5071222060001 87.6456263330001,26.5097852690001 87.6443893950001,26.516256518 87.6451535830001,26.5230525810001 87.6431644580001,26.527613456 87.6430939580001,26.529125831 87.644294458,26.5339633930001 87.6449812700001,26.540249831 87.647598583,26.5439796430001 87.6484243950001,26.547261706 87.6479738950001,26.5509264560001 87.6471051460001,26.5531893940001 87.644333583,26.5564562060001 87.643903708,26.5579023940001 87.643303395,26.5627503310001 87.64325352,26.571233643 87.643413583,26.5752860810001 87.6416330200001,26.5776862060001 87.6383489580001,26.5799892690001 87.63865302,26.580739393 87.643523396,26.582145956 87.644635958,26.583921581 87.6420482070001,26.587661331 87.641575582,26.589227393 87.6407135200001,26.592417706 87.6411342070001,26.5938038310001 87.6407319580001,26.596175143 87.6418663950001,26.5979370810001 87.6439077700001,26.5975645180001 87.6459992700001,26.597959018 87.64902527,26.5994572060001 87.6509999580001,26.604155769 87.649451082,26.606624894 87.6507053330001,26.608880394 87.6543529570001,26.611240018 87.6570888950001,26.6136465810001 87.6579678320001,26.6155337060001 87.6570882080001,26.617361144 87.657568896,26.621405268 87.655666958,26.625925206 87.656711208,26.6293822060001 87.6565003960001,26.633136081 87.6550551450001,26.6353272690001 87.652545832,26.637757956 87.6524068950001,26.638830582 87.650027208,26.6430050810001 87.64669752,26.644760207 87.6463948950001,26.6472078310001 87.6442793950001,26.6505235180001 87.6440473950001,26.654275269 87.6443080820001,26.6576478310001 87.6449728330001,26.658953706 87.6452559580001,26.6621727680001 87.644831707,26.6641222060001 87.6451611460001,26.6669777060001 87.6478547080001,26.6688927060001 87.64810227,26.673028081 87.649328208,26.6752566430001 87.6508183330001,26.676664768 87.6523525200001,26.679738081 87.6528925200001,26.682477518 87.6551820830001,26.6846018310001 87.6554197080001,26.6860585810001 87.6537248330001,26.6893182060001 87.6552127080001,26.692813831 87.654403895,26.694719956 87.6558304580001,26.698023956 87.655922145,26.704608519 87.656593958,26.707065206 87.6565962700001,26.710644331 87.6578131460001,26.715880956 87.6623143960001,26.7189065810001 87.6706478950001,26.7223788310001 87.677739833,26.7270232060001 87.6808870830001,26.7298786430001 87.683581895,26.733343206 87.684415458,26.735399581 87.684330957,26.7400712680001 87.686509958,26.746424581 87.6875815830001,26.7480192690001 87.6897400830001,26.749663019 87.6936377700001,26.744920769 87.6963880200001,26.739924581 87.6996180830001,26.7361603310001 87.700643208,26.7336458930001 87.7024332070001,26.7336212060001 87.70418177,26.731150519 87.703696021,26.7283930190001 87.7049802080001,26.7254191430001 87.7067792700001,26.719775269 87.7078014580001,26.7151936440001 87.7094258330001,26.712012644 87.7102130820001,26.7094947680001 87.7092229570001,26.706236581 87.7077772700001,26.7039645180001 87.7071863950001,26.701051831 87.709098333,26.696664394 87.7112213950001,26.694232331 87.7115155830001,26.6968960180001 87.7148882070001,26.694798393 87.7186309580001,26.693951269 87.7209765200001,26.6927840180001 87.724909208,26.6897152060001 87.7300048330001,26.687231581 87.7318353950001,26.686791144 87.73424952,26.6853817680001 87.7394503960001,26.6813605180001 87.7410616450001,26.6794633310001 87.7475290200001,26.6761617060001 87.7503303330001,26.675449644 87.760531583,26.671615456 87.762599708,26.6676755180001 87.7676358960001,26.664924581 87.774378895,26.6658493310001 87.7782622700001,26.665489644 87.7811930830001,26.664496394 87.7853943320001,26.6643468940001 87.7902903950001,26.6657865810001 87.7933301450001,26.6659433940001 87.7939020200001,26.667359644 87.7931519570001,26.669503143 87.792932583,26.6725643940001 87.7933324580001,26.675168581 87.794713771,26.6767585810001 87.79587852,26.6800716430001 87.7998145820001,26.682874831 87.801153082,26.6846951430001 87.8029412700001,26.6854252690001 87.8056220830001,26.6875945190001 87.810029521,26.6891333310001 87.8111952080001,26.691259206 87.8143223330001,26.6920311430001 87.8170639580001,26.6936830180001 87.818640771,26.693112081 87.8206194580001,26.693400769 87.824072458,26.691780893 87.8294387700001,26.6911583310001 87.8323826450001,26.6888100190001 87.8361480830001,26.6873615810001 87.8382583950001,26.684266644 87.8411107700001,26.6819164560001 87.8421380830001,26.678644956 87.8437352080001,26.6769452680001 87.8463074580001,26.6759934560001 87.8474788950001,26.6747520810001 87.8492633330001,26.674448081 87.8535720200001,26.6757017690001 87.8561856460001,26.675092519 87.8587325830001,26.675729394 87.8638348950001,26.673613269 87.86606577,26.673310832 87.8680183960001,26.673754768 87.868193208,26.6714587060001 87.8706347070001,26.671940206 87.8698639570001,26.675056768 87.867925895,26.6772937690001 87.8672996450001,26.682092894 87.867806333,26.683813893 87.8659778960001,26.684289893 87.8645488330001,26.687004331 87.8653709580001,26.690084144 87.868194895,26.6908318930001 87.8696588330001,26.6918068310001 87.8720390830001,26.691446956 87.8739990820001,26.6886953310001 87.8779295200001,26.686800394 87.8817288330001,26.6842855190001 87.8839408320001,26.686645706 87.8865085200001,26.6882093940001 87.888292333,26.6882117690001 87.8896731450001,26.6867160190001 87.8942550830001,26.686985081 87.8966136450001,26.689811331 87.89848777,26.690848768 87.9027402080001,26.6910384560001 87.9047902080001,26.690626018 87.9061516450001,26.6919442060001 87.9090597080001,26.692424331 87.9129335820001,26.6936608930001 87.9180580830001,26.6927726430001 87.9186973330001,26.694007394 87.9217309580001,26.6960208940001 87.9268453330001,26.697145269 87.9287331460001,26.6963273310001 87.9329965210001,26.6935937060001 87.93465752,26.689787144 87.936447833,26.688434956 87.9385985210001,26.6922930810001 87.9363142700001,26.6951514560001 87.9390154580001,26.696643206 87.9371605200001,26.699316018 87.9384875200001,26.700214456 87.935807583,26.7025497060001 87.9368758960001,26.7035988320001 87.9355610200001,26.7058188930001 87.936065458,26.7075102690001 87.9355525830001,26.708937581 87.9291383950001,26.7119019560001 87.9299150210001,26.715480456 87.9311512080001,26.715458707 87.930930645,26.7187751440001 87.93496602,26.7238688320001 87.9380851450001,26.7261431430001 87.941914458,26.7265194570001 87.945340145,26.7282274560001 87.9482631450001,26.7265110180001 87.9512348330001,26.727258394 87.9528800830001,26.728366581 87.9521733320001,26.731467394 87.9530230830001,26.734512581 87.952313458,26.7378029560001 87.9511828330001,26.7393517690001 87.952385146,26.7401515810001 87.9536284580001,26.7425328940001 87.9560444580001,26.7448567060001 87.960255208,26.749564831 87.9595285830001,26.752234769 87.9579482070001,26.7533737680001 87.9577225830001,26.756374269 87.956640646,26.7587283940001 87.9568540830001,26.7610986440001 87.9513869580001,26.763807206 87.9514444580001,26.7664831430001 87.9537823960001,26.765271393 87.95583852,26.7665077070001 87.9562397700001,26.767667143 87.9600692710001,26.7684152680001 87.96011902,26.774782956 87.9612254580001,26.781145769 87.9636800200001,26.7862830810001 87.965293021,26.787910331 87.967314145,26.7895596440001 87.969160958,26.7885157690001 87.9685633330001,26.785356144 87.966697395,26.783317706 87.966890833,26.782113644 87.9656056460001,26.778730769 87.9658572710001,26.7768922060001 87.9712696450001,26.774521894 87.9734201460001,26.772857581 87.9753295820001,26.773070144 87.9766393950001,26.7752680190001 87.9767989580001,26.777020269 87.9778524580001,26.778199956 87.9807389580001,26.7763160810001 87.980331145,26.773547894 87.978538895,26.7713194560001 87.9786342080001,26.7688704560001 87.9811788960001,26.7668738310001 87.9813049580001,26.7639191430001 87.9829133960001,26.7629173930001 87.9822540200001,26.760638269 87.98118277,26.759792706 87.9810220200001,26.7580495190001 87.983912708,26.7521195190001 87.9888629580001,26.753235956 87.9904195820001,26.7520764560001 87.9937653320001,26.755340894 87.997399208,26.7524923930001 87.9994793330001,26.753292393 88.0008870200001,26.7577481440001 88.0009769580001,26.762048518 88.0016059580001,26.7652664560001 88.0006948330001,26.767723518 88.0010596450001,26.7696187060001 88.0033332080001,26.7739374560001 88.0057853330001,26.7748182060001 88.006749583,26.7736221440001 88.0068245830001,26.7698576440001 88.0108783950001,26.766796019 88.012776708,26.767958144 88.01844952,26.769018644 88.0201474580001,26.768974831 88.0228100210001,26.7702012680001 88.023356645,26.772918707 88.027026645,26.7731968320001 88.027006208,26.7752616440001 88.0283612710001,26.777835581 88.0299827700001,26.7770453310001 88.029467395,26.7732918940001 88.0296222700001,26.770463331 88.030681583,26.7685398310001 88.0293027700001,26.7662549560001 88.0315143330001,26.7636709560001 88.0342857080001,26.764686456 88.0377741460001,26.7639682060001 88.038663146,26.762005269 88.0384283330001,26.7599558310001 88.041193208,26.759443581 88.0424438950001,26.7576539560001 88.0438332700001,26.7570345190001 88.04453227,26.755185769 88.047303958,26.7524168310001 88.0470650830001,26.7506946440001 88.0479923330001,26.749494081 88.0471035830001,26.747968456 88.0486245210001,26.745664581 88.0495709580001,26.7486203940001 88.053118521,26.751931518 88.0583508330001,26.754458206 88.0590950200001,26.756776894 88.06056527,26.7589118940001 88.0606921460001,26.761205832 88.0618310200001,26.7645978940001 88.0632707710001,26.765394956 88.0645048330001,26.769952893 88.0634263950001,26.7715112060001 88.0640458330001,26.773505831 88.066203333,26.7772512060001 88.0663900200001,26.780005019 88.0679112080001,26.783439269 88.0676224580001,26.784757019 88.0691583330001,26.7866612060001 88.0701977080001,26.789309206 88.0701562080001,26.7914510190001 88.0726325830001,26.7907440810001 88.0753970210001,26.788852456 88.077362458,26.7881605810001 88.0783972080001,26.786771706 88.0796882710001,26.7829799560001 88.083541396,26.787540269 88.085351583,26.789239143 88.0874256450001,26.7900603940001 88.088539021,26.791389956 88.0894829580001,26.7947900190001 88.092378146,26.796272769 88.0920529580001,26.7991996440001 88.095347895,26.801108019 88.0976176450001,26.799174769 88.0993568960001,26.794975456 88.096011521,26.7917272060001 88.095008771,26.7898823310001 88.096852583,26.787932018 88.0954242700001,26.786216831 88.0953953330001,26.784707456 88.097776583,26.7843460190001 88.0970576450001,26.7816821430001 88.0979549580001,26.7787101440001 88.1003887700001,26.7772787060001 88.100886771,26.7762526440001 88.0977392710001,26.7743883310001 88.0991747730001,26.7729671540001 88.0998018330001,26.769399019 88.0987770830001,26.7676694560001 88.0996679580001,26.7654805190001 88.098810771,26.763982019 88.099280708,26.7614849570001 88.1017725830001,26.7584328310001 88.1014935210001,26.756537269 88.103477271,26.7533288930001 88.1050780200001,26.752504081 88.1049008950001,26.7509552060001 88.107198146,26.748150519 88.1100150830001,26.7464608940001 88.112826209,26.746752456 88.1141505210001,26.745573269 88.1159143950001,26.746798207 88.1169101450001,26.748514331 88.1185110210001,26.747526894 88.1207462080001,26.7480463320001 88.1217188960001,26.7534835810001 88.1279952080001,26.758294268 88.129313208,26.762257456 88.1281328960001,26.765238706 88.130876395,26.768308206 88.1330994580001,26.7691388310001 88.1340253330001,26.770920894 88.1341533950001,26.7753967690001 88.135771021,26.774178831 88.1357401450001,26.7715773310001 88.137573145,26.7696513930001 88.1386738960001,26.765330394 88.1399874580001,26.7657169560001 88.144048271,26.768123518 88.145633145,26.7694872060001 88.147691083,26.7690756440001 88.1489542080001,26.7714324560001 88.1503997080001,26.7758524560001 88.151284521,26.777271394 88.151203083,26.7813450190001 88.1525669590001,26.7848878940001 88.1522607080001,26.787049832 88.154307896,26.7894656440001 88.155357645,26.792128769 88.157280084,26.795177331 88.15689202,26.7975114560001 88.1548420830001,26.802672956 88.153352833,26.804045769 88.1549401460001,26.805526581 88.1574286460001,26.803313019 88.158688145,26.800312831 88.161534896,26.7989627060001 88.1619426450001,26.797088769 88.163625396,26.794489018 88.16388627,26.7922710190001 88.1627048330001,26.7903333940001 88.163925583,26.787432831 88.168353708,26.7833617690001 88.169094209,26.784224394 88.1712465200001,26.7823992690001 88.1752045210001,26.780504831 88.1782162700001,26.7820616440001 88.1834231450001,26.781566894 88.1874597060001,26.782835087 88.1905650200001,26.7713507060001 88.1905699580001,26.767665831 88.1898555830001,26.760146519 88.188473145,26.7564733310001 88.1897127080001,26.750598331 88.1888472700001,26.7444228310001 88.188561958,26.7400567060001 88.188984771,26.7381825190001 88.1871217710001,26.7339988310001 88.1874032090001,26.730672644 88.184915645,26.7271890810001 88.1852967710001,26.723713268 88.184643458,26.719169644 88.1831470210001,26.7174017680001 88.1810895200001,26.712700581 88.179103459,26.7099822060001 88.1756446460001,26.707765706 88.1721424580001,26.7012937060001 88.1697472700001,26.6992487680001 88.1706611450001,26.697221643 88.1701388330001,26.695524581 88.170306145,26.687185394 88.169673146,26.6858389560001 88.1704468950001,26.6836888940001 88.1666783960001,26.6782185810001 88.167380145,26.6739931430001 88.167541396,26.6699752060001 88.1669237080001,26.665365643 88.1655291450001,26.6503487680001 88.1656668960001,26.645681144 88.163307333,26.6422480190001 88.161603896,26.6420362690001 88.160587208,26.6397722680001 88.1630783960001,26.6362565810001 88.1607477700001,26.635655081 88.1599747710001,26.632527081 88.1568828960001,26.6299482060001 88.149498458,26.6292657060001 88.14694152,26.6279256440001 88.146657583,26.6264589560001 88.144609646,26.625475769 88.143427396,26.622420956 88.1429308950001,26.618823519 88.143131021,26.6131331440001 88.1418371460001,26.610765144 88.142191208,26.6097581440001 88.1413586450001,26.6059309560001 88.1382378330001,26.605574581 88.1335231460001,26.602177769 88.1324877710001,26.600987769 88.1342817080001,26.597645143 88.1345057710001,26.5928774560001 88.132075334,26.587133581 88.1326873960001,26.5845449560001 88.1299053960001,26.581563643 88.132481645,26.579257268 88.1331117080001,26.5761449560001 88.1327992080001,26.5733944560001 88.131027896,26.5723028310001 88.1298040200001,26.5753882060001 88.1278440200001,26.577324081 88.1260147710001,26.576909831 88.1257965830001,26.5757087690001 88.1277972710001,26.5741517060001 88.125551521,26.5719490180001 88.1233593330001,26.5754189560001 88.120205146,26.574250018 88.1207455200001,26.571492769 88.1218153330001,26.5698280180001 88.1218507710001,26.5680540810001 88.1172607710001,26.5700669560001 88.116880333,26.571784893 88.114752083,26.571061393 88.1139430210001,26.567719018 88.1157711450001,26.5646673310001 88.1153210830001,26.5627640810001 88.11333677,26.5614662690001 88.1160501460001,26.5594660190001 88.116139833,26.5582332060001 88.1143585830001,26.5567826430001 88.1114312080001,26.5569522060001 88.1103053960001,26.5601653310001 88.107999771,26.560612018 88.1079969580001,26.550403268 88.1101140210001,26.5502017680001 88.1130396450001,26.5473357060001 88.1141053950001,26.5448699560001 88.1116028330001,26.5432625190001 88.1096075830001,26.5410553310001 88.106396396,26.5393900810001 88.1042601450001,26.5395307690001 88.101869208,26.538490956 88.10065102,26.5360474560001 88.1016385830001,26.534503081 88.103521458,26.534702893 88.105257958,26.536244206 88.1063913950001,26.534682893 88.1054387080001,26.531743206 88.10560802,26.5298418310001 88.107529458,26.527658393 88.1056907080001,26.5185695810001 88.1051577700001,26.5179283310001 88.0992599580001,26.5169697060001 88.0973112080001,26.5149583310001 88.098900395,26.5126601430001 88.0992043960001,26.5110692060001 88.0982810200001,26.5099818310001 88.0946967080001,26.5086622060001 88.093051458,26.507492331 88.09355227,26.505550081 88.0950703330001,26.5043560180001 88.0969701450001,26.504271456 88.1006448950001,26.505811518 88.101293458,26.5054408940001 88.1019517080001,26.5006902060001 88.103046583,26.498271706 88.1022450200001,26.496402706 88.1031132080001,26.4936158310001 88.1057139580001,26.492246268 88.1056968330001,26.4905246440001 88.1083339580001,26.489159268 88.107007583,26.4865677060001 88.1036519580001,26.4834660180001 88.1028302710001,26.480069456 88.104259208,26.4783208310001 88.107681208,26.4775067680001 88.1092887080001,26.4765397690001 88.109838396,26.4748949560001 88.109246145,26.473082956 88.1074642080001,26.4718647060001 88.1047867080001,26.471334831 88.1016533960001,26.4724241440001 88.1020000830001,26.4703860180001 88.1040811460001,26.4696500810001 88.1061853960001,26.467864643 88.105761333,26.465539081 88.103627895,26.4645852680001 88.096730333,26.4645300810001 88.09448002,26.4627443310001 88.0952388330001,26.4607255810001 88.0982184580001,26.4556795180001 88.099482208,26.451939644 88.0996131460001,26.4503432060001 88.0989918330001,26.4461664560001 88.09898602,26.4431088310001 88.0984003950001,26.439247768 88.0973717700001,26.437443581 88.091154083,26.433946018 88.0874503960001,26.4303298310001 88.0862725200001,26.4258752060001 88.085061458,26.424959206 88.0811883330001,26.4197892060001 88.0790932080001,26.417988456 88.0726350200001,26.413451519 88.072016208,26.410903956 88.073916646,26.4078748310001 88.071758333,26.407473581 88.0700152080001,26.409023393 88.0674133960001,26.407677581 88.0668048950001,26.4100515810001 88.0633923330001,26.409594081 88.0602062080001,26.4067630810001 88.0580697080001,26.4023626430001 88.0582769580001,26.400905644 88.055529521,26.400736269 88.0540195830001,26.398660019 88.0524776460001,26.400506018 88.050215833,26.40082958 88.04785452,26.3995763940001 88.0487452080001,26.3985160180001 88.0474660830001,26.395618831 88.045439146,26.395929268 88.044882333,26.394969706 88.0404820210001,26.3936387680001 88.0390706460001,26.390000018 88.037245645,26.390678956 88.037007708,26.388236706 88.0348506450001,26.3881350180001 88.032667458,26.3829830810001 88.029760083,26.381683831 88.0308850200001,26.378572831 88.0339711450001,26.378008956 88.032334458,26.374484581 88.03053427,26.372642581 88.0297660200001,26.370908206 88.0303253330001,26.3688642060001 88.033445333,26.3663616440001 88.0324353330001,26.364550019 88.026901771,26.3637503300001 88.0102225210001,26.3607570180001 88.009433958,26.360819018 88.0066824580001,26.3643339560001 88.0044597710001,26.3649205190001 88.0023742700001,26.3661650180001 88.0004888330001,26.364752019 87.998143708,26.365817706 87.9967112080001,26.368578518 87.995374708,26.369835768 87.9944790210001,26.3722408310001 87.9941892080001,26.392237019 87.9683356450001,26.396846393 87.95706727,26.404759706 87.9358382710001,26.417133581 87.9340127080001,26.418030206 87.931403645,26.4172596440001 87.9297593960001,26.417570519 87.92886452,26.420374581 87.9294343330001,26.424146331 87.9285791460001,26.4273766430001 87.9266103950001,26.4288856430001 87.9239575830001,26.4287899560001 87.918943083,26.4303726430001 87.918548646,26.4323158930001 87.92062752,26.435098581 87.925811207,26.4374955810001 87.927912646,26.4396912060001 87.9283681460001,26.441245393 87.927637771,26.444576456 87.9266171460001,26.4463455810001 87.925382396,26.4465724560001 87.9012481450001,26.4484508310001 87.9121803950001,26.457466831 87.90885052,26.4643010190001 87.902590645,26.4771428930001 87.8906500830001,26.486393519 87.8881188330001,26.476168456 87.871920958,26.4702361430001 87.8660407080001,26.4676450810001 87.865745582,26.464814769 87.8642820210001,26.4635756430001 87.8605335830001,26.463007019 87.8610283950001,26.4588291430001 87.8607270200001,26.4559807680001 87.8622380210001,26.453832268 87.865052145,26.452806519 87.863742958,26.451232518 87.863928146,26.448588769 87.8535120830001,26.4449638930001 87.851202958,26.4361584550001 87.830737083,26.4398128930001 87.8321137080001,26.4476198940001 87.8322160210001,26.449907581 87.8277008330001,26.4518610810001 87.825524333,26.4533969560001 87.8241521450001,26.455059018 87.8197122700001,26.458751706 87.8140038330001,26.461526269 87.8074873320001,26.4643412680001 87.7948848950001,26.4685462680001 87.7929687700001,26.4682185190001</coordinates></LinearRing></outerBoundaryIs></Polygon>
  </Placemark>
  <Placemark id="koshi.5">
	<name>KHOTANG</name>
	<description>1</description>
	<Style><LineStyle><color>ff0000ff</color></LineStyle><PolyStyle><fill>0</fill></PolyStyle></Style>
	<ExtendedData><SchemaData schemaUrl="#koshi">
		<SimpleData name="DISTRICT">Koshi Province</SimpleData>
	</SchemaData></ExtendedData>
      <Polygon><outerBoundaryIs><LinearRing><coordinates>86.910835895,26.8976509570001 86.908880707,26.897636144 86.9031133940001,26.895808894 86.8973017700001,26.8966013940001 86.894036644,26.8974204570001 86.8904881450001,26.897126644 86.888424769,26.898133769 86.8809957070001,26.8966608310001 86.8773505820001,26.8965245810001 86.874790332,26.895759581 86.8709919570001,26.893382081 86.8679222690001,26.893548519 86.8651930190001,26.894773581 86.8641169570001,26.894546894 86.8622232690001,26.892423706 86.8567200200001,26.8885412060001 86.854022457,26.887383018 86.849759894,26.8875839560001 86.8399512070001,26.883425269 86.8389385820001,26.881616519 86.8393943940001,26.878730644 86.8381615820001,26.876057331 86.8362272690001,26.8745227690001 86.8313768940001,26.8749210180001 86.8294087690001,26.874189706 86.8248050810001,26.871900269 86.821228332,26.873389768 86.8164455200001,26.874444269 86.8141532070001,26.874055394 86.8115368320001,26.8726099560001 86.8077063320001,26.872622768 86.8027610190001,26.8758769560001 86.8015019570001,26.877556456 86.7955471440001,26.8785250820001 86.790126769,26.8801058940001 86.7868277700001,26.8807395810001 86.7854220820001,26.884589706 86.7835718950001,26.886762332 86.7807826440001,26.887412457 86.777082207,26.8858157070001 86.7754735820001,26.8845583930001 86.7739173320001,26.8862823310001 86.7750160200001,26.888613019 86.7761394570001,26.892471519 86.7762625820001,26.8952835810001 86.7753562070001,26.8977735190001 86.771606332,26.899541331 86.7705331450001,26.901360706 86.769774457,26.9080663940001 86.7683615820001,26.9141007690001 86.766079582,26.918962519 86.7636078950001,26.9221741430001 86.76326427,26.924861331 86.765490582,26.9292430190001 86.7664244570001,26.933487144 86.7664660820001,26.936648894 86.7655587070001,26.939068832 86.7638197690001,26.9410020810001 86.76389127,26.942383394 86.76629202,26.948873082 86.7668277070001,26.9530398310001 86.7669167070001,26.9571945820001 86.763282019,26.966524394 86.7629058320001,26.970574519 86.761238082,26.971785832 86.7583284570001,26.9726135810001 86.7573543940001,26.9740562060001 86.7571124570001,26.975294644 86.758889519,26.9798382070001 86.7589188320001,26.9854528320001 86.7579670810001,26.9868593940001 86.7559886440001,26.9873140820001 86.7547640820001,26.988616332 86.755030644,26.9936265810001 86.756496832,26.9968268310001 86.7566670200001,26.999413331 86.75595952,27.0028490190001 86.7559458310001,27.005241019 86.754936645,27.0073537690001 86.7516260190001,27.0097648940001 86.7506376440001,27.0119363320001 86.749991019,27.0155007060001 86.750077644,27.0213501440001 86.749383707,27.0244924570001 86.7470777070001,27.025458707 86.7465792690001,27.0277280190001 86.7413304570001,27.0326966440001 86.738969082,27.033953769 86.734575707,27.0342953320001 86.732694832,27.0355893940001 86.7291509570001,27.0391435810001 86.728796082,27.040208082 86.7291452060001,27.0446498320001 86.727944081,27.048264956 86.72625902,27.0497375190001 86.723339394,27.053617769 86.722265582,27.055779832 86.721348769,27.060228081 86.722127894,27.062177144 86.7190575820001,27.0637507060001 86.7153720810001,27.064634644 86.713715145,27.066064269 86.712122832,27.068565832 86.713331644,27.0727634560001 86.710177957,27.076902456 86.7038902690001,27.082104456 86.700978019,27.087306644 86.7021405200001,27.0885502690001 86.702554707,27.0891536440001 86.701687081,27.092699269 86.6998389570001,27.094909081 86.6954384570001,27.0988374560001 86.693519081,27.1013065820001 86.6917707060001,27.102336269 86.6874692060001,27.102638144 86.684121082,27.1039847060001 86.6805347060001,27.1071765190001 86.679435331,27.109250081 86.6770376440001,27.111697582 86.674276019,27.112959394 86.6714438320001,27.117420957 86.6712281440001,27.119719957 86.6679788320001,27.1210910820001 86.662477332,27.122547019 86.6602567690001,27.1239610820001 86.657206644,27.125093269 86.654689207,27.1284901440001 86.651471831,27.129687206 86.6462882070001,27.1309266440001 86.6427458940001,27.132729769 86.6389158320001,27.1332028940001 86.636316831,27.1331284560001 86.6317397060001,27.133922081 86.6225920190001,27.137894331 86.6159037070001,27.139762707 86.6137915190001,27.1391070190001 86.6091163940001,27.139134707 86.607205207,27.139795082 86.605581832,27.141361144 86.6024080820001,27.143362831 86.5997331440001,27.144002831 86.5959449570001,27.1469775190001 86.5914818940001,27.1496138320001 86.5877413320001,27.1514623320001 86.5836693940001,27.1521250810001 86.57873177,27.151106144 86.5751503320001,27.1482203940001 86.5725470820001,27.147113581 86.5639849560001,27.145166832 86.558161645,27.140671519 86.5562043950001,27.1402975190001 86.5548917690001,27.1412614560001 86.5530247070001,27.1407228940001 86.5480737070001,27.1369611440001 86.5448380810001,27.1373591440001 86.5391241450001,27.1360000810001 86.5355870820001,27.1347924560001 86.5336811440001,27.133050831 86.5307997690001,27.128965769 86.5267617690001,27.125199519 86.5253080190001,27.121035706 86.5238815820001,27.1186343320001 86.520770456,27.116033207 86.516910894,27.113912332 86.512460644,27.112565519 86.508581769,27.1124798320001 86.5057138320001,27.1142660190001 86.5033457690001,27.1132038320001 86.5013887700001,27.1105837690001 86.498229769,27.107720144 86.4965529570001,27.105570331 86.494747144,27.104451394 86.493086519,27.1044770190001 86.491968769,27.1049717060001 86.487449144,27.1091593310001 86.4847696450001,27.1090524570001 86.480763956,27.1063636440001 86.4794144570001,27.103858331 86.4778299560001,27.102358581 86.4753699570001,27.1019884560001 86.473545894,27.1036717690001 86.4717753940001,27.103886269 86.4688352690001,27.102133082 86.4677297060001,27.102092831 86.4618295820001,27.1053017690001 86.4619855810001,27.108872332 86.4609836440001,27.111867456 86.462380894,27.113152331 86.462631957,27.1152947690001 86.461251019,27.118110206 86.456648832,27.119265956 86.454078457,27.122807832 86.4509660190001,27.1252395810001 86.4498371440001,27.1281958320001 86.4496913310001,27.130334519 86.4472968320001,27.132782519 86.4442677690001,27.133510707 86.4344367690001,27.130321269 86.431031707,27.1307723940001 86.428663956,27.1337549570001 86.429353269,27.136526582 86.4307847060001,27.1379585810001 86.4369142070001,27.140770144 86.4389352690001,27.1424842070001 86.440529456,27.145719769 86.4391745820001,27.1475985820001 86.435861581,27.1487722690001 86.436663019,27.1522438320001 86.443620894,27.158190581 86.444842081,27.160327894 86.4489025190001,27.162295832 86.4496062690001,27.163866894 86.4540738320001,27.1649607690001 86.457621707,27.1646585820001 86.4621753310001,27.166185769 86.4648193310001,27.1659453940001 86.466934081,27.1663799560001 86.470253519,27.167911206 86.473424644,27.171003394 86.474893706,27.174930832 86.4759612060001,27.1763677070001 86.4785672690001,27.177557644 86.481529019,27.178162081 86.483708144,27.1793977070001 86.4865836440001,27.1800603940001 86.4901100820001,27.182625457 86.492703519,27.1858933940001 86.4944492690001,27.186642082 86.498852394,27.186651082 86.5027772070001,27.1855458320001 86.5052758950001,27.185945019 86.5092432690001,27.185764894 86.514441769,27.1867555810001 86.518984269,27.1889285190001 86.523948519,27.192021207 86.5272415190001,27.1923189560001 86.529183582,27.193645582 86.5294562700001,27.1958714570001 86.531505456,27.197543706 86.533621581,27.2015629570001 86.5377404560001,27.202962144 86.5395678940001,27.2041483310001 86.5404435820001,27.2069425820001 86.5417416440001,27.2081496440001 86.5436850190001,27.207702394 86.5446925190001,27.2084322690001 86.546169456,27.2124830820001 86.5488683310001,27.214283519 86.5493054570001,27.2170807690001 86.552052019,27.219461331 86.553478581,27.219445582 86.5557179560001,27.2182453940001 86.5573152690001,27.2182188940001 86.5586976450001,27.2195703940001 86.5584382690001,27.221013832 86.5558339570001,27.220662582 86.5548132060001,27.2217650810001 86.559370082,27.226527269 86.5610786440001,27.225927895 86.562759332,27.223881894 86.5636680810001,27.2232663940001 86.567788395,27.223085144 86.5706186450001,27.2254384570001 86.5738768950001,27.2267865810001 86.575910644,27.226618957 86.5769433310001,27.2245551440001 86.578962269,27.2242903320001 86.5817810190001,27.2248810190001 86.5859400190001,27.225114456 86.588997331,27.2236522060001 86.5917935190001,27.2246645820001 86.593216269,27.225882706 86.5962644560001,27.2316638940001 86.5978687690001,27.2332503320001 86.599892706,27.234267082 86.601837769,27.2340289570001 86.60424227,27.2325735810001 86.610900519,27.233553456 86.6116825190001,27.2355436450001 86.6129847060001,27.236526644 86.619600206,27.2343039560001 86.6223647690001,27.235374269 86.623024269,27.2367007070001 86.622049207,27.2415316450001 86.6230860810001,27.2450547070001 86.6242645190001,27.246289957 86.625522957,27.246819144 86.6285223940001,27.2467571440001 86.630805394,27.248130707 86.6334202690001,27.2479457690001 86.6345904570001,27.250000019 86.6348408320001,27.2517134570001 86.6369487060001,27.256137332 86.6396697690001,27.2572229560001 86.64629302,27.2581763310001 86.6500457700001,27.2619746440001 86.6524528310001,27.2636391450001 86.6559323320001,27.263334082 86.659163332,27.2619970820001 86.660043144,27.262594957 86.661157207,27.2666233940001 86.662872706,27.268453144 86.6658832690001,27.268652144 86.670377644,27.268177645 86.67313777,27.2717810820001 86.6722272700001,27.274394332 86.6698316440001,27.275735894 86.669412832,27.277614644 86.6722818310001,27.2802073940001 86.6710547070001,27.2835284560001 86.675191145,27.2877759570001 86.6750140810001,27.289495082 86.67346452,27.2914118310001 86.6705187690001,27.292567019 86.6696673320001,27.2972316450001 86.673266519,27.299104019 86.678593769,27.2981730810001 86.6795182690001,27.299617207 86.6795239560001,27.3023634570001 86.6816128940001,27.3035393320001 86.6847258940001,27.307091519 86.688239019,27.309189019 86.688571519,27.311024269 86.6877925810001,27.3128977690001 86.6863976440001,27.313485832 86.6850320190001,27.314069519 86.6863870190001,27.319727519 86.685976957,27.3206675810001 86.683080395,27.3227370810001 86.682572706,27.3254595820001 86.6849965200001,27.3279698320001 86.6852175820001,27.330109582 86.6841045190001,27.3341237070001 86.6817976440001,27.335508519 86.6811528310001,27.3372107700001 86.6820497690001,27.339361082 86.6807548940001,27.3420433950001 86.6809622060001,27.343350457 86.6831258940001,27.344948582 86.681716394,27.348706957 86.6810062060001,27.3532365190001 86.6823317060001,27.3566897690001 86.681496456,27.3598741440001 86.6823983950001,27.3623313320001 86.6823447690001,27.364064269 86.6811859570001,27.365704394 86.683616832,27.369819082 86.6846969570001,27.372648957 86.6847827700001,27.378389831 86.6858129570001,27.381831144 86.6837601440001,27.3848750820001 86.6833365190001,27.3899175190001 86.686720332,27.3923102700001 86.6903838950001,27.393148895 86.6987373310001,27.3930566450001 86.7121843940001,27.3953008940001 86.7174168940001,27.3949528320001 86.720119395,27.395405082 86.7234615200001,27.394601645 86.7269181450001,27.395048456 86.732959394,27.394383206 86.7365697070001,27.394281769 86.7397478950001,27.3964720810001 86.7435853320001,27.3972283320001 86.7490560190001,27.3960964570001 86.7499873940001,27.39522702 86.7541847700001,27.394178519 86.755896394,27.3971511450001 86.7590418950001,27.400261582 86.7599592060001,27.3982932060001 86.761985956,27.3997837690001 86.7625628320001,27.401495206 86.7639937700001,27.4021565190001 86.7646003940001,27.403759769 86.768017081,27.408382332 86.769861582,27.4082838320001 86.7719138950001,27.410561832 86.7736365820001,27.4114356440001 86.7789071440001,27.4111620190001 86.7842747070001,27.4105453940001 86.7895533940001,27.4072611440001 86.7910393940001,27.4071573320001 86.7937330820001,27.410665769 86.7972264570001,27.412153394 86.8009602700001,27.412533395 86.8062170200001,27.415077082 86.808306707,27.41765027 86.8106392070001,27.4220988320001 86.8110632070001,27.425556457 86.813444207,27.430652707 86.816950519,27.432900332 86.8218752070001,27.438904581 86.8242422700001,27.439932019 86.8254077070001,27.4396717700001 86.827687332,27.436547019 86.8307183320001,27.4352622700001 86.8332980820001,27.4318918320001 86.837552395,27.4305542070001 86.8396255820001,27.4303557690001 86.8419905200001,27.4310399570001 86.844882269,27.432830456 86.8473803320001,27.432864769 86.850638082,27.4341183940001 86.8545467700001,27.4327573320001 86.8597552690001,27.4352155190001 86.8616327070001,27.435082019 86.8676790200001,27.430852332 86.8711850820001,27.429357269 86.873006832,27.428070457 86.874439269,27.4280130820001 86.8777273950001,27.4293812070001 86.879545707,27.4291390820001 86.885544645,27.4318565190001 86.887878082,27.4309287070001 86.892497082,27.434558644 86.894377832,27.4349030820001 86.898319395,27.4339853320001 86.8999367070001,27.4344265190001 86.9084708440001,27.433186757 86.9086902700001,27.4297185820001 86.9100066440001,27.423834394 86.9113210200001,27.4191123320001 86.911741394,27.4140240190001 86.9127038940001,27.411616832 86.9128899570001,27.4072730820001 86.915068144,27.404643331 86.915208082,27.4030908940001 86.9164708320001,27.402044581 86.9169899570001,27.399346081 86.920728082,27.394514707 86.9218140820001,27.3907784570001 86.9233583320001,27.388691957 86.9261293320001,27.3879758940001 86.9282080820001,27.386449269 86.930665144,27.3873418320001 86.9330017070001,27.384741207 86.9318627070001,27.3828677070001 86.9308212070001,27.3787421440001 86.9299289570001,27.3776043940001 86.928366457,27.372117895 86.926288894,27.3703318940001 86.9282892690001,27.3668353320001 86.9323262070001,27.3632290190001 86.9340123320001,27.357026519 86.935627519,27.355585332 86.9362629570001,27.35376002 86.9407448320001,27.353118894 86.9453097700001,27.3538947690001 86.946533269,27.3527150190001 86.949201332,27.3515403320001 86.951276082,27.348246519 86.9509542070001,27.346811206 86.952552144,27.3458098310001 86.9536737700001,27.342946582 86.9532448940001,27.339715019 86.9505293940001,27.337471082 86.9508049570001,27.336347394 86.9528680820001,27.3344706440001 86.9570233320001,27.331982957 86.9595243320001,27.329740707 86.96294127,27.3247726440001 86.9659539570001,27.3228800810001 86.9674542070001,27.3226142070001 86.9692647700001,27.3205994570001 86.9708579570001,27.317645957 86.9773469570001,27.313131707 86.979037394,27.313172582 86.9810124570001,27.3114014560001 86.987797394,27.3079947690001 86.986917707,27.3071303940001 86.980883207,27.3044692060001 86.9794463950001,27.302977394 86.9772035820001,27.3022458940001 86.9722826450001,27.299706332 86.9702940190001,27.2971108940001 86.9677367070001,27.2948469570001 86.96881202,27.2907920820001 86.968712957,27.2862337070001 86.9679920200001,27.284272582 86.9657058940001,27.283249832 86.9634621440001,27.279363394 86.9615163940001,27.2777087690001 86.9608662690001,27.2761222070001 86.9556187700001,27.2737489570001 86.9533249570001,27.2714848320001 86.9506990820001,27.2658447060001 86.948530207,27.2663583940001 86.9466418950001,27.2655723940001 86.943406145,27.265252956 86.940158082,27.2655878320001 86.9370552070001,27.267060019 86.934490457,27.2669979560001 86.931764645,27.2680008310001 86.9263207690001,27.2681379570001 86.92178527,27.267569081 86.9190604570001,27.2677706440001 86.9159252690001,27.266534456 86.913010645,27.264964332 86.912096019,27.2631449570001 86.9089583940001,27.261168395 86.9073662690001,27.2591273940001 86.902314082,27.2561903320001 86.901070707,27.2541495190001 86.9003540200001,27.2515313320001 86.8982947700001,27.2495711440001 86.9018895820001,27.2499888940001 86.9060623940001,27.2463496440001 86.9074080190001,27.244272144 86.9081245190001,27.2406958940001 86.909411832,27.2383498940001 86.9131080820001,27.2350282690001 86.9141955200001,27.233040832 86.916048082,27.2311599560001 86.921560082,27.228085207 86.9266236450001,27.227043082 86.9286438950001,27.224462519 86.9307915200001,27.222913394 86.931075707,27.220629769 86.929690894,27.2184695190001 86.9306367070001,27.2171882690001 86.931212707,27.212219394 86.9312452070001,27.207715206 86.9321241440001,27.2035250820001 86.931713207,27.200765082 86.93014852,27.197013769 86.926386645,27.1944054570001 86.9241286450001,27.191418707 86.922845957,27.188698769 86.9204984570001,27.186878645 86.9189135820001,27.184325519 86.9183150200001,27.1815404560001 86.919087957,27.1765807690001 86.915778582,27.171147207 86.9152245820001,27.169282894 86.919209019,27.167400957 86.9211635820001,27.165046144 86.9236128320001,27.160888519 86.9247907690001,27.1580818940001 86.9250802070001,27.154850519 86.9237617700001,27.151893644 86.9232360190001,27.148819831 86.9220675820001,27.146765644 86.9220148940001,27.144468332 86.9230913320001,27.1404498320001 86.921779019,27.139063519 86.9209076450001,27.1352741440001 86.92011202,27.134605707 86.918756332,27.1305384560001 86.919611145,27.1286795190001 86.917320144,27.127157206 86.913734832,27.127473206 86.910430832,27.126627206 86.9061546440001,27.124085644 86.9041227690001,27.122224832 86.899505644,27.1156253940001 86.897237395,27.114626269 86.9006864570001,27.1128595810001 86.9034742690001,27.109020706 86.9043982700001,27.105950019 86.9056201440001,27.104355394 86.9127740820001,27.1008396440001 86.9163503940001,27.099571269 86.9197838310001,27.0969375810001 86.9267596440001,27.091193644 86.9307485190001,27.091152832 86.9343957070001,27.0895952060001 86.9397152070001,27.0884196440001 86.9414102700001,27.0876485810001 86.9448631450001,27.087031644 86.9461508320001,27.085976019 86.9478019570001,27.086012769 86.9490680820001,27.0849932690001 86.949497582,27.081689581 86.9504623320001,27.0807488940001 86.952518582,27.0765025810001 86.9545735190001,27.0758488320001 86.956261457,27.0731413940001 86.959234457,27.072086144 86.9611700200001,27.067246144 86.962620207,27.066034707 86.9655160190001,27.061041457 86.9670908320001,27.0577380190001 86.9657610820001,27.0539600820001 86.9658868940001,27.052653519 86.9644097070001,27.050026394 86.9597124570001,27.0498987070001 86.9578098320001,27.049248269 86.9564158950001,27.047866706 86.95542627,27.0447950820001 86.9546078320001,27.039191519 86.9529807070001,27.0367921440001 86.9523383950001,27.033799581 86.952702645,27.031321894 86.9526385200001,27.0294600820001 86.9501338320001,27.0275410190001 86.9475012070001,27.019885457 86.9496420820001,27.0199223320001 86.951996894,27.0190588310001 86.9559571440001,27.0155645190001 86.957541269,27.013549832 86.965460894,27.0105753940001 86.969580395,27.007128144 86.9688768950001,27.004674956 86.9697099570001,27.001958082 86.970820395,27.0008479570001 86.9683262070001,26.9951200190001 86.9690592690001,26.9930169560001 86.9674337700001,26.9897602070001 86.9659509570001,26.988638269 86.9614965820001,26.987391394 86.959507332,26.9850732690001 86.9608385820001,26.980758832 86.9628219570001,26.9817207070001 86.9658866450001,26.980369707 86.9694202690001,26.980921144 86.971326957,26.9791568320001 86.972651457,26.9757020810001 86.9750240820001,26.972978707 86.973993207,26.968167269 86.9750120190001,26.965308206 86.97379277,26.9621125190001 86.9753807070001,26.9565680810001 86.9740542070001,26.954803081 86.9733189570001,26.9516322690001 86.9736210820001,26.950698081 86.97207152,26.9487727690001 86.968865457,26.9465740810001 86.968221644,26.942498331 86.967115332,26.9411802060001 86.9683477070001,26.9351527690001 86.9672412690001,26.930165269 86.9675127070001,26.927416581 86.9659662700001,26.926199894 86.964111207,26.9274834560001 86.9636255200001,26.923877143 86.9606677070001,26.924226144 86.9585363950001,26.922848957 86.9580420820001,26.920772519 86.9597543950001,26.9182546430001 86.958212207,26.9144380820001 86.9560578310001,26.913722019 86.9549096440001,26.9110835810001 86.9522025190001,26.9073771430001 86.954004894,26.904252206 86.9497988320001,26.904420019 86.9465955190001,26.903279206 86.9425906450001,26.903228019 86.9407810820001,26.9038748940001 86.9368145190001,26.9043967690001 86.934250707,26.907202957 86.9333325200001,26.907152894 86.931381269,26.904610893 86.9267843320001,26.9042677690001 86.9239322700001,26.901944143 86.9192571440001,26.896746582 86.9163402070001,26.8953818310001 86.912556394,26.8959955810001 86.910835895,26.8976509570001</coordinates></LinearRing></outerBoundaryIs></Polygon>
  </Placemark>
  <Placemark id="koshi.6">
	<name>MORANG</name>
	<description>1</description>
	<Style><LineStyle><color>ff0000ff</color></LineStyle><PolyStyle><fill>0</fill></PolyStyle></Style>
	<ExtendedData><SchemaData schemaUrl="#koshi">
		<SimpleData name="DISTRICT">Koshi Province</SimpleData>
	</SchemaData></ExtendedData>
      <Polygon><outerBoundaryIs><LinearRing><coordinates>87.3558378320001,26.3718014560001 87.3607951440001,26.3607281430001 87.3551546450001,26.3554725180001 87.35022552,26.3512778310001 87.3434590200001,26.3474236440001 87.3394355200001,26.351143581 87.3321798320001,26.355240956 87.324368958,26.359865144 87.3158503320001,26.3672754560001 87.3148160200001,26.371148206 87.3038042690001,26.365942831 87.292399269,26.373102831 87.291930832,26.373397143 87.2850403320001,26.3723457680001 87.2748843950001,26.3722888930001 87.2683558320001,26.373549331 87.2669194570001,26.385265206 87.2669525200001,26.3876393310001 87.2680235190001,26.3899596430001 87.2678990200001,26.396829768 87.2686473320001,26.4050591430001 87.263076019,26.4090077050001 87.2587333330001,26.4108098310001 87.2573299570001,26.4100540810001 87.255227145,26.410412143 87.2522802070001,26.409230268 87.2502658320001,26.4113033310001 87.2504658330001,26.413070143 87.2475851450001,26.413930518 87.2457157700001,26.416210893 87.2453930200001,26.418872268 87.2482358950001,26.422871018 87.2476260190001,26.4236777690001 87.2480445190001,26.4262543930001 87.2493672690001,26.4276423310001 87.2506318320001,26.4322215190001 87.2479110200001,26.4391570810001 87.2483303320001,26.441792331 87.2466987070001,26.442014081 87.2475950190001,26.446422394 87.247306645,26.4478582690001 87.2489607690001,26.4513444560001 87.2494405830001,26.453521519 87.2475772070001,26.4539151430001 87.248037583,26.456376581 87.2468835190001,26.4584482060001 87.2483471450001,26.4615893930001 87.24756102,26.464533643 87.2460203940001,26.4655541430001 87.2445701450001,26.4675110810001 87.2422233330001,26.4684426430001 87.241065082,26.4696339560001 87.2415212070001,26.4713100180001 87.245463832,26.4744538310001 87.2464088940001,26.476336643 87.2462794570001,26.482407768 87.248083207,26.4858508310001 87.2487968940001,26.487964269 87.247733957,26.4908345810001 87.2512841450001,26.496542644 87.2527292070001,26.500410581 87.2549644570001,26.5028055810001 87.254580833,26.504598206 87.254254895,26.5066389560001 87.252580707,26.508237518 87.2524310190001,26.510876019 87.254214833,26.5143709560001 87.25618302,26.517276456 87.2565282690001,26.5196567690001 87.2544553320001,26.5219173310001 87.253039082,26.5216242060001 87.250918207,26.516304081 87.249349269,26.5161375810001 87.2484712070001,26.5207859560001 87.2498794570001,26.5231802060001 87.2530962700001,26.5245150810001 87.253441395,26.5268932060001 87.2546733950001,26.5277778940001 87.2569620200001,26.5279904560001 87.2578944570001,26.5298235810001 87.256837895,26.533077581 87.258554582,26.5341442060001 87.261593082,26.5332991440001 87.2630712070001,26.5337116440001 87.2635642690001,26.535349206 87.2625814570001,26.5373437690001 87.262386394,26.5392940190001 87.2637088330001,26.5417921440001 87.266172645,26.5438502690001 87.2678192700001,26.547311456 87.27053577,26.5494886440001 87.273762145,26.5497217060001 87.2752052700001,26.5508202680001 87.275336269,26.5526051430001 87.276990207,26.554763956 87.2786878320001,26.5557897690001 87.279524832,26.558119393 87.2817530200001,26.5590177060001 87.285292332,26.5582952680001 87.2864912700001,26.558775831 87.2865839570001,26.5629665180001 87.288328332,26.567300581 87.2891627700001,26.571523643 87.2897718950001,26.5727207690001 87.293551457,26.5755047060001 87.2937530820001,26.577803956 87.2912030190001,26.585793768 87.2890264580001,26.587994081 87.2877337070001,26.590494956 87.288631707,26.5937113310001 87.2919205200001,26.595534894 87.291052333,26.600632519 87.29174677,26.6017550190001 87.2944218950001,26.6027808310001 87.295277958,26.606913519 87.29623352,26.608712456 87.298248583,26.609764393 87.3016653320001,26.614403956 87.3033086450001,26.6151023310001 87.302876708,26.617220081 87.3034815820001,26.6214006430001 87.303635458,26.624999894 87.302864582,26.626906268 87.3037463950001,26.6292085810001 87.3028922700001,26.6309729560001 87.2994093950001,26.632241831 87.2967350200001,26.634718644 87.298127644,26.6369341440001 87.2977857070001,26.6384785180001 87.293800457,26.6432553940001 87.2920612070001,26.647197019 87.2920595200001,26.6487452060001 87.2909933940001,26.650494144 87.287478332,26.6515032680001 87.28901002,26.6540661440001 87.287583333,26.6573007690001 87.2903937080001,26.6609126440001 87.2889325200001,26.662195206 87.291242519,26.663792831 87.2918407070001,26.6664004560001 87.2911377070001,26.668035832 87.2915190830001,26.6695695810001 87.2934712700001,26.669956019 87.295009894,26.6680029560001 87.298015519,26.6706370810001 87.3011624580001,26.672295956 87.3022538330001,26.6748686440001 87.303911708,26.675041144 87.3064682080001,26.676349143 87.3056412700001,26.677621394 87.3069807700001,26.679202769 87.3080473320001,26.682044019 87.3115734580001,26.6855410810001 87.311788832,26.6899028930001 87.312629708,26.6937375810001 87.3124059580001,26.6960106430001 87.3133501450001,26.698545143 87.3157925820001,26.702015143 87.3164915200001,26.705331018 87.3179378950001,26.7054045190001 87.3189416440001,26.706715644 87.3209144580001,26.707255144 87.321803769,26.7091962060001 87.3241398320001,26.711264832 87.3242035820001,26.7129459560001 87.3217716450001,26.7149419560001 87.3223943950001,26.7161343930001 87.3240565820001,26.7160380820001 87.326377145,26.714421456 87.3276154580001,26.7148247690001 87.3280240830001,26.718651331 87.3308013320001,26.723756456 87.3332397080001,26.7250099560001 87.3323877700001,26.7282617070001 87.3353195820001,26.730215894 87.337648583,26.7326792690001 87.3368787700001,26.734579019 87.3384344570001,26.7360038310001 87.3413748950001,26.735671831 87.341559708,26.737808581 87.3397270830001,26.7396205810001 87.3405704570001,26.743441456 87.340495332,26.7458789560001 87.341254582,26.7480029560001 87.3409037700001,26.752370581 87.338921332,26.7567240810001 87.3353610820001,26.759772393 87.3350267070001,26.762569269 87.332107395,26.7641400810001 87.332480333,26.7652856440001 87.33015427,26.7670828940001 87.3281367070001,26.7721336430001 87.32624752,26.775114644 87.325828458,26.780249644 87.3271516450001,26.782634269 87.3260491450001,26.7855344560001 87.326154832,26.7877728940001 87.3304231450001,26.7950387060001 87.3333206450001,26.796911768 87.3345164570001,26.7996960190001 87.339299333,26.8041890810001 87.339420083,26.805682706 87.342610457,26.8059029570001 87.34344552,26.8065463940001 87.3452608950001,26.811793331 87.346425707,26.8135258940001 87.3490855190001,26.815990518 87.3495557080001,26.818399518 87.3516128320001,26.8201027690001 87.3522628950001,26.8235042690001 87.3493403320001,26.824639893 87.350153457,26.8273121440001 87.3521118950001,26.829782831 87.3519418320001,26.831947456 87.3542801450001,26.8339748940001 87.3553379570001,26.8373979560001 87.3563765200001,26.839056269 87.353738332,26.8427774560001 87.3525026450001,26.846488331 87.3499820820001,26.849308706 87.3524063950001,26.849343269 87.3545012700001,26.848444457 87.360177832,26.8483939560001 87.3670172700001,26.845589331 87.371482395,26.8453926440001 87.3768117700001,26.8478901440001 87.3800768950001,26.8484637070001 87.3842026450001,26.8511109560001 87.3869190200001,26.853432519 87.386569707,26.854297769 87.3881542700001,26.856344769 87.3887734570001,26.859339956 87.390755208,26.8612323940001 87.3913532070001,26.863176019 87.394461332,26.8654962690001 87.3979825820001,26.8652065810001 87.4030301450001,26.863023581 87.4076396450001,26.8648450810001 87.4128140820001,26.865953894 87.4147918950001,26.867843706 87.4201915200001,26.8688771440001 87.4231499570001,26.869967332 87.425316707,26.869527519 87.427699707,26.867493831 87.4279398950001,26.8662857690001 87.4297463950001,26.8642199560001 87.4321005200001,26.863255956 87.433704645,26.8652256440001 87.43959627,26.864164832 87.4435690820001,26.8646917680001 87.4456097080001,26.864170831 87.4494326450001,26.8646619560001 87.452509395,26.863537331 87.45437602,26.861220519 87.4543383320001,26.858390769 87.455717582,26.8578582690001 87.4618566450001,26.861634081 87.46249677,26.8634238940001 87.46413677,26.863578643 87.464793833,26.861832082 87.4667863330001,26.8629561440001 87.474639832,26.861781331 87.4748962080001,26.8650278320001 87.4761556450001,26.8669846440001 87.477695333,26.866011332 87.479912895,26.866464206 87.4802938330001,26.867895893 87.484784645,26.8681130190001 87.4863290820001,26.867523206 87.4867817700001,26.8695255810001 87.4892323320001,26.871487206 87.490900583,26.872156144 87.493004458,26.872038269 87.49712377,26.870135019 87.4987753950001,26.869752394 87.5021430830001,26.870047331 87.504815395,26.8731339560001 87.5088048330001,26.8714903310001 87.5100192080001,26.869281143 87.510196895,26.867249519 87.509527582,26.8645845180001 87.509951583,26.862615206 87.5114985820001,26.860009894 87.5104446450001,26.859645894 87.511665458,26.8572335810001 87.517682832,26.8609735810001 87.5229174570001,26.861843456 87.52635152,26.8606414560001 87.53002802,26.8574593320001 87.5315688330001,26.8568487690001 87.53432402,26.8571113940001 87.535026583,26.8595121440001 87.5372475830001,26.8622681430001 87.5385718320001,26.861360394 87.5406533330001,26.8629366440001 87.54361077,26.862835019 87.5460648950001,26.861952269 87.5485329580001,26.861881769 87.550702582,26.861875581 87.5531555200001,26.8628363940001 87.5569987700001,26.861869019 87.5610152080001,26.8631258940001 87.5654553320001,26.861004893 87.5674758330001,26.857975206 87.568754895,26.857146394 87.5757112700001,26.856630769 87.5788262070001,26.857486893 87.5801810200001,26.859196394 87.582639332,26.861034519 87.5861857070001,26.859523644 87.5906030820001,26.8616333310001 87.592671958,26.861374144 87.5991538330001,26.861391957 87.602142208,26.861823831 87.6039542070001,26.8588057690001 87.609593583,26.853762707 87.613758707,26.8526840820001 87.617432582,26.8502218940001 87.61690502,26.8486197060001 87.6192372070001,26.8473435180001 87.6211509570001,26.845459831 87.6231495200001,26.8449478310001 87.6238857700001,26.843290456 87.627185958,26.8411297690001 87.6282421450001,26.8415155180001 87.6306009570001,26.839525956 87.6340276450001,26.838671144 87.6367884580001,26.8402135810001 87.6377450210001,26.8372846440001 87.6407200830001,26.835319144 87.6420918950001,26.832006956 87.6482708950001,26.8295009560001 87.6503709570001,26.8306467690001 87.652252896,26.828063206 87.652915583,26.8259547070001 87.654176082,26.8249063310001 87.654267207,26.8219406440001 87.6550185820001,26.8185431430001 87.6583294580001,26.818349519 87.6597922080001,26.8164223310001 87.6618941450001,26.816069456 87.6639100200001,26.814771519 87.663609583,26.812518519 87.661848332,26.8084015810001 87.663391333,26.8081845190001 87.663848208,26.806099456 87.6623992070001,26.8043054560001 87.6607939570001,26.803965394 87.658569582,26.8009292690001 87.6585798950001,26.797923331 87.6625292700001,26.7949848310001 87.6635565820001,26.7925022060001 87.6645517700001,26.7919649560001 87.666831895,26.792498019 87.6676000210001,26.7909734560001 87.6694987700001,26.7910096430001 87.670946207,26.789878894 87.6734892700001,26.790435582 87.676049645,26.787647706 87.681206333,26.784165769 87.6817528330001,26.7811572690001 87.6795022700001,26.779125831 87.678725458,26.7768255190001 87.6775365830001,26.775522331 87.6776607080001,26.773547206 87.6753187080001,26.7702658310001 87.6733913950001,26.7696995810001 87.6704956450001,26.766687081 87.669676333,26.763418831 87.6673134580001,26.762177519 87.6656620200001,26.760495018 87.6673065200001,26.7590588310001 87.674277395,26.7568797690001 87.6757680210001,26.7555840810001 87.6754417700001,26.7535546440001 87.6786368320001,26.752074769 87.681402458,26.7539390810001 87.6849014570001,26.752649456 87.6861503330001,26.7538123940001 87.687899208,26.7572475810001 87.69062977,26.7556591430001 87.6930051460001,26.7560379560001 87.6934207080001,26.752637394 87.6897400830001,26.749663019 87.6875815830001,26.7480192690001 87.686509958,26.746424581 87.684330957,26.7400712680001 87.684415458,26.735399581 87.683581895,26.733343206 87.6808870830001,26.7298786430001 87.677739833,26.7270232060001 87.6706478950001,26.7223788310001 87.6623143960001,26.7189065810001 87.6578131460001,26.715880956 87.6565962700001,26.710644331 87.656593958,26.707065206 87.655922145,26.704608519 87.6558304580001,26.698023956 87.654403895,26.694719956 87.6552127080001,26.692813831 87.6537248330001,26.6893182060001 87.6554197080001,26.6860585810001 87.6551820830001,26.6846018310001 87.6528925200001,26.682477518 87.6523525200001,26.679738081 87.6508183330001,26.676664768 87.649328208,26.6752566430001 87.64810227,26.673028081 87.6478547080001,26.6688927060001 87.6451611460001,26.6669777060001 87.644831707,26.6641222060001 87.6452559580001,26.6621727680001 87.6449728330001,26.658953706 87.6443080820001,26.6576478310001 87.6440473950001,26.654275269 87.6442793950001,26.6505235180001 87.6463948950001,26.6472078310001 87.64669752,26.644760207 87.650027208,26.6430050810001 87.6524068950001,26.638830582 87.652545832,26.637757956 87.6550551450001,26.6353272690001 87.6565003960001,26.633136081 87.656711208,26.6293822060001 87.655666958,26.625925206 87.657568896,26.621405268 87.6570882080001,26.617361144 87.6579678320001,26.6155337060001 87.6570888950001,26.6136465810001 87.6543529570001,26.611240018 87.6507053330001,26.608880394 87.649451082,26.606624894 87.6509999580001,26.604155769 87.64902527,26.5994572060001 87.6459992700001,26.597959018 87.6439077700001,26.5975645180001 87.6418663950001,26.5979370810001 87.6407319580001,26.596175143 87.6411342070001,26.5938038310001 87.6407135200001,26.592417706 87.641575582,26.589227393 87.6420482070001,26.587661331 87.644635958,26.583921581 87.643523396,26.582145956 87.63865302,26.580739393 87.6383489580001,26.5799892690001 87.6416330200001,26.5776862060001 87.643413583,26.5752860810001 87.64325352,26.571233643 87.643303395,26.5627503310001 87.643903708,26.5579023940001 87.644333583,26.5564562060001 87.6471051460001,26.5531893940001 87.6479738950001,26.5509264560001 87.6484243950001,26.547261706 87.647598583,26.5439796430001 87.6449812700001,26.540249831 87.644294458,26.5339633930001 87.6430939580001,26.529125831 87.6431644580001,26.527613456 87.6451535830001,26.5230525810001 87.6443893950001,26.516256518 87.6456263330001,26.5097852690001 87.6451454580001,26.5071222060001 87.6468582080001,26.503560081 87.6475610200001,26.499952831 87.6501036450001,26.4981448930001 87.651002083,26.496782206 87.6512857070001,26.4934725190001 87.6510278950001,26.490673143 87.6513070830001,26.4845898310001 87.6520857080001,26.4819007680001 87.6542478320001,26.4779730810001 87.660346707,26.4733412690001 87.662260895,26.4710732680001 87.6624633330001,26.4695310810001 87.6595893950001,26.4631170810001 87.6596883330001,26.461451144 87.66150077,26.457974081 87.6640801460001,26.4553375180001 87.668827207,26.453620519 87.6736615830001,26.4510048930001 87.675350645,26.449462269 87.6745690830001,26.4412918300001 87.6782332700001,26.4357635800001 87.6814872080001,26.4365085810001 87.681752708,26.435083331 87.6802001450001,26.435054581 87.6808497700001,26.415487581 87.6527837070001,26.4055463940001 87.6543568320001,26.393178769 87.6299805200001,26.3935002690001 87.614635208,26.3898387680001 87.6097082700001,26.380834893 87.606647207,26.380538706 87.58964302,26.38179683 87.58949877,26.384600393 87.590888083,26.388016018 87.5899267080001,26.3908928930001 87.5899613330001,26.3925333940001 87.58602777,26.3933146430001 87.5761035200001,26.395724581 87.555338395,26.4054026430001 87.5505637700001,26.416585518 87.550043895,26.4182033930001 87.5392887080001,26.420717831 87.536735208,26.4212713310001 87.519017395,26.4296982060001 87.5188892080001,26.4306013940001 87.4980220200001,26.435155331 87.4935027080001,26.436044456 87.4818973330001,26.4375216440001 87.4691001450001,26.440057956 87.4647884570001,26.4388962690001 87.4617659570001,26.438041706 87.4471242700001,26.432615394 87.4455278950001,26.432742268 87.4302603950001,26.422093956 87.421628582,26.4223882060001 87.4066724570001,26.420400393 87.3985210820001,26.41968983 87.391008082,26.4187378930001 87.3785756450001,26.406704018 87.371279895,26.407729643 87.3666598950001,26.400937206 87.358870332,26.3878717060001 87.3558378320001,26.3718014560001</coordinates></LinearRing></outerBoundaryIs></Polygon>
  </Placemark>
  <Placemark id="koshi.7">
	<name>OKHALDHUNGA</name>
	<description>1</description>
	<Style><LineStyle><color>ff0000ff</color></LineStyle><PolyStyle><fill>0</fill></PolyStyle></Style>
	<ExtendedData><SchemaData schemaUrl="#koshi">
		<SimpleData name="DISTRICT">Koshi Province</SimpleData>
	</SchemaData></ExtendedData>
      <Polygon><outerBoundaryIs><LinearRing><coordinates>86.5610786440001,27.225927895 86.559370082,27.226527269 86.5548132060001,27.2217650810001 86.5558339570001,27.220662582 86.5584382690001,27.221013832 86.5586976450001,27.2195703940001 86.5573152690001,27.2182188940001 86.5557179560001,27.2182453940001 86.553478581,27.219445582 86.552052019,27.219461331 86.5493054570001,27.2170807690001 86.5488683310001,27.214283519 86.546169456,27.2124830820001 86.5446925190001,27.2084322690001 86.5436850190001,27.207702394 86.5417416440001,27.2081496440001 86.5404435820001,27.2069425820001 86.5395678940001,27.2041483310001 86.5377404560001,27.202962144 86.533621581,27.2015629570001 86.531505456,27.197543706 86.5294562700001,27.1958714570001 86.529183582,27.193645582 86.5272415190001,27.1923189560001 86.523948519,27.192021207 86.518984269,27.1889285190001 86.514441769,27.1867555810001 86.5092432690001,27.185764894 86.5052758950001,27.185945019 86.5027772070001,27.1855458320001 86.498852394,27.186651082 86.4944492690001,27.186642082 86.492703519,27.1858933940001 86.4901100820001,27.182625457 86.4865836440001,27.1800603940001 86.483708144,27.1793977070001 86.481529019,27.178162081 86.4785672690001,27.177557644 86.4759612060001,27.1763677070001 86.474893706,27.174930832 86.473424644,27.171003394 86.470253519,27.167911206 86.466934081,27.1663799560001 86.4648193310001,27.1659453940001 86.4621753310001,27.166185769 86.457621707,27.1646585820001 86.4540738320001,27.1649607690001 86.4496062690001,27.163866894 86.4489025190001,27.162295832 86.444842081,27.160327894 86.443620894,27.158190581 86.436663019,27.1522438320001 86.435861581,27.1487722690001 86.4334424560001,27.1483924560001 86.4311463940001,27.146616269 86.4281943940001,27.1470285190001 86.4254650820001,27.148675957 86.422687206,27.1497454570001 86.4217881440001,27.151472519 86.4219330810001,27.1579201440001 86.4212464570001,27.161243519 86.4196253310001,27.1652354570001 86.417228832,27.1671187690001 86.413893644,27.1690545810001 86.4094918310001,27.168690831 86.4045927060001,27.170116582 86.4033263310001,27.1711966440001 86.4019959570001,27.173806331 86.4026083940001,27.175539644 86.401637582,27.1767225190001 86.3987460810001,27.1772336440001 86.3922420810001,27.179615644 86.3888560190001,27.180268831 86.386100082,27.1827706440001 86.3824343320001,27.1918664570001 86.3814013940001,27.1929721440001 86.379056581,27.193722269 86.376844706,27.193540957 86.3736757060001,27.1922947690001 86.3711162060001,27.192231394 86.3675557070001,27.1958664570001 86.361163332,27.2008289570001 86.3576422070001,27.2012460820001 86.3536970810001,27.200503644 86.347305394,27.201787331 86.3450242690001,27.204044519 86.3436538320001,27.208614331 86.3423725810001,27.209856207 86.342526144,27.2138464560001 86.3454498310001,27.218786144 86.3454436440001,27.2211419560001 86.343831707,27.2246162070001 86.3442027680001,27.227152082 86.3433583940001,27.228705082 86.3409934570001,27.229542457 86.334033081,27.2308070190001 86.330657268,27.2298499560001 86.3280900190001,27.2299414560001 86.3252685190001,27.2309095190001 86.321388519,27.23142102 86.3182530190001,27.2311215190001 86.316955394,27.2318079570001 86.3139972690001,27.2321793310001 86.310673018,27.233638769 86.3100298940001,27.2356371440001 86.308484332,27.2368954570001 86.305716832,27.237346582 86.2979422060001,27.237923832 86.2966435820001,27.2386280810001 86.293620457,27.242868706 86.290253894,27.245376707 86.287677644,27.246133082 86.2860395810001,27.2459487690001 86.2841314560001,27.245456081 86.2816076430001,27.2467903310001 86.2794879560001,27.249888894 86.2747482060001,27.251884019 86.271003394,27.252324894 86.2686711440001,27.2541855810001 86.2694432060001,27.259639082 86.2686678320001,27.2607700190001 86.266988456,27.260355082 86.263939893,27.257180019 86.2613264560001,27.2582809560001 86.2594218310001,27.2574878940001 86.2590889560001,27.255085207 86.257956144,27.2530483310001 86.2554687690001,27.2513901450001 86.2551679570001,27.2500211440001 86.253419831,27.249639519 86.2507298310001,27.2479125190001 86.246508019,27.2472128320001 86.2442923940001,27.245878582 86.2429247690001,27.243524457 86.2424465190001,27.241486519 86.2413954560001,27.2406301450001 86.2364347060001,27.2390845190001 86.2333718310001,27.237452144 86.231523893,27.2370809560001 86.2258703310001,27.238742207 86.220774206,27.2414465190001 86.2163057070001,27.244849269 86.213481706,27.2454968320001 86.2096132070001,27.2474133320001 86.205937019,27.249955895 86.207478769,27.2500864570001 86.207676269,27.2527299560001 86.2066379570001,27.2536537070001 86.209062332,27.257379332 86.2107628940001,27.2592188940001 86.213491957,27.2606333320001 86.213729206,27.2635274570001 86.2165585810001,27.266952894 86.2182119570001,27.2675872070001 86.2211992060001,27.2704041440001 86.2217849560001,27.272745081 86.2254116440001,27.2740198320001 86.2258006430001,27.2767432690001 86.229222393,27.277418832 86.2313327690001,27.2804902070001 86.233918332,27.2815401440001 86.235836331,27.2847028940001 86.237925832,27.2862058320001 86.2425256440001,27.2880269570001 86.242545331,27.2897307060001 86.240311332,27.291022894 86.2381697060001,27.2951067070001 86.237796018,27.297627456 86.240351144,27.3028063950001 86.2398520180001,27.305152707 86.2388332690001,27.3064603940001 86.2360495190001,27.307438082 86.2354823320001,27.310108895 86.2337919570001,27.3122274570001 86.2337897680001,27.3140642700001 86.2318838310001,27.314728395 86.2311665190001,27.31594527 86.2314035190001,27.319398957 86.2307807060001,27.319869394 86.223530581,27.320898894 86.221336894,27.322809207 86.2217271440001,27.3240388940001 86.224298456,27.326273519 86.224327143,27.3274627690001 86.219463832,27.3282683940001 86.219002081,27.3313300820001 86.2180605820001,27.3335790190001 86.2202455810001,27.336109456 86.219387769,27.338487457 86.2202413940001,27.3401800820001 86.2189837060001,27.3421542070001 86.219704269,27.3443018940001 86.220775206,27.350472457 86.219489519,27.3525457690001 86.2223217060001,27.356133519 86.2242108930001,27.3600747690001 86.2218345190001,27.3607204570001 86.221621831,27.3623055200001 86.2244362690001,27.367251519 86.2270846440001,27.3702830820001 86.2261282690001,27.3748651440001 86.226173019,27.3782433320001 86.2244692690001,27.3821938940001 86.2267926440001,27.3828318320001 86.2281786440001,27.384822957 86.2272841440001,27.386769832 86.2292882690001,27.3884010190001 86.229864643,27.3910013940001 86.2289485190001,27.392776644 86.230143394,27.3956466440001 86.230078581,27.397598144 86.232958206,27.399076145 86.2347489570001,27.402082582 86.237820582,27.4034080820001 86.238822831,27.404690644 86.2384593310001,27.406223144 86.236813269,27.407563457 86.239949644,27.409843832 86.239925144,27.4124137690001 86.242676519,27.415287645 86.2435948310001,27.4179101450001 86.2449422060001,27.4191742690001 86.247078769,27.4196709570001 86.2497903940001,27.419134957 86.2508324560001,27.42123902 86.2503292060001,27.424199082 86.254353957,27.4282664570001 86.2536268320001,27.432227144 86.2582193310001,27.435322645 86.258922769,27.4372172700001 86.2582629560001,27.439301019 86.2570807070001,27.4397910820001 86.2588900810001,27.442806331 86.2593957060001,27.4452053320001 86.2621190190001,27.448692457 86.265313206,27.454810707 86.2699833940001,27.4589352690001 86.2736248320001,27.46036902 86.274953644,27.4617501440001 86.277149331,27.462151894 86.2791309570001,27.4638612690001 86.2843637070001,27.465519644 86.2875092070001,27.4662014560001 86.2915532690001,27.468196457 86.2945324570001,27.4703348940001 86.2943115190001,27.472750395 86.2953223320001,27.4762056450001 86.297247144,27.4774925190001 86.2977658940001,27.478968582 86.2996583940001,27.479262394 86.305361519,27.482244644 86.307768206,27.4825612700001 86.308826519,27.4848297070001 86.312468956,27.4875983950001 86.313205581,27.489186019 86.314675707,27.489644582 86.3152889570001,27.491387269 86.3179249570001,27.492156145 86.321107081,27.497846645 86.3225973310001,27.498916707 86.326369394,27.4990816440001 86.3273943310001,27.5000004570001 86.3284133940001,27.5042971450001 86.3331805810001,27.5096430190001 86.3355890190001,27.510577395 86.3356940190001,27.512374019 86.3367978320001,27.5154255200001 86.3406567690001,27.519789707 86.3437603940001,27.5215960200001 86.348917956,27.523231332 86.3503720190001,27.5230260820001 86.3526085820001,27.523884894 86.3573277070001,27.524567894 86.3579855190001,27.525976707 86.359339144,27.52443277 86.361135457,27.524186082 86.3632046440001,27.5253914570001 86.366667707,27.5209575820001 86.370810082,27.5198482070001 86.372377644,27.5183005820001 86.3782585810001,27.515682457 86.385466518,27.516797582 86.388924956,27.5158447690001 86.392535706,27.516995582 86.400641519,27.51791302 86.4038837690001,27.516733269 86.4095596440001,27.5112427070001 86.411188769,27.5077070190001 86.4129342690001,27.506771144 86.413186394,27.5027128940001 86.4138840190001,27.500066707 86.4162743940001,27.498517581 86.417292956,27.4956944570001 86.419324019,27.493762394 86.4204175190001,27.491934707 86.4243402070001,27.489031144 86.424896269,27.48775177 86.427771019,27.485491332 86.4311981440001,27.484399707 86.4338233930001,27.4860508940001 86.4384672690001,27.4853882690001 86.4420257070001,27.485519894 86.4438649570001,27.481792769 86.446789644,27.4772712070001 86.449125644,27.471844581 86.4507308940001,27.470000644 86.452632581,27.4656215200001 86.4540127060001,27.46347652 86.4556793310001,27.462167519 86.456910394,27.458151269 86.4563854570001,27.455256395 86.456905706,27.454206894 86.463238581,27.450584957 86.466090019,27.4476715820001 86.469813082,27.4452713320001 86.4698974560001,27.443967394 86.4687263310001,27.4409369570001 86.4655364560001,27.4376212700001 86.462832269,27.433486019 86.4670121440001,27.4281632070001 86.4696996440001,27.426747332 86.471261144,27.4249028940001 86.4724593320001,27.4224208320001 86.4758312070001,27.4210232070001 86.479643019,27.422524519 86.484580082,27.4219268320001 86.4873231440001,27.4221535820001 86.4894816440001,27.4240457060001 86.4910722690001,27.4267953950001 86.4937420810001,27.4272587070001 86.5000000190001,27.425690457 86.5022548320001,27.4265492690001 86.5049930810001,27.425121581 86.506899832,27.4227860820001 86.5075468940001,27.4210012070001 86.5076483940001,27.41742952 86.5095520820001,27.4150307690001 86.5113261440001,27.411460457 86.513143207,27.4097383320001 86.518216206,27.407391144 86.5227749570001,27.4045455190001 86.5268154570001,27.402447206 86.527817644,27.399027394 86.5288943940001,27.397993082 86.5344138940001,27.39650427 86.537134644,27.390811082 86.537925145,27.3883224570001 86.538490519,27.3871577690001 86.5405353940001,27.386724519 86.5446348940001,27.384639394 86.550396269,27.3780487070001 86.5536405810001,27.376050832 86.555179394,27.3745483320001 86.5571795820001,27.3741169570001 86.560088894,27.372081769 86.562931769,27.3688028940001 86.563832957,27.366867332 86.5664082690001,27.365796769 86.567443456,27.364141395 86.5666179570001,27.361198582 86.5669079570001,27.358539019 86.566062457,27.354433957 86.568199706,27.348848957 86.56908502,27.3457850820001 86.573175394,27.340465394 86.5765226440001,27.3417098940001 86.5843305820001,27.341699519 86.5895515820001,27.342585957 86.5920744570001,27.3434012070001 86.593748082,27.3432774570001 86.6007390820001,27.3411020190001 86.603034832,27.342252644 86.6056900190001,27.342287207 86.6093897700001,27.3431347690001 86.6166372690001,27.3415075820001 86.6209067070001,27.3411333940001 86.6284575190001,27.339021207 86.637375519,27.337756144 86.642148332,27.338515332 86.644236644,27.337994957 86.6481673320001,27.338584831 86.653349582,27.3389746440001 86.6565935200001,27.3396009570001 86.6602531440001,27.3397362700001 86.6630771440001,27.343030895 86.6682654570001,27.3476218320001 86.6730513940001,27.35231552 86.6810062060001,27.3532365190001 86.681716394,27.348706957 86.6831258940001,27.344948582 86.6809622060001,27.343350457 86.6807548940001,27.3420433950001 86.6820497690001,27.339361082 86.6811528310001,27.3372107700001 86.6817976440001,27.335508519 86.6841045190001,27.3341237070001 86.6852175820001,27.330109582 86.6849965200001,27.3279698320001 86.682572706,27.3254595820001 86.683080395,27.3227370810001 86.685976957,27.3206675810001 86.6863870190001,27.319727519 86.6850320190001,27.314069519 86.6863976440001,27.313485832 86.6877925810001,27.3128977690001 86.688571519,27.311024269 86.688239019,27.309189019 86.6847258940001,27.307091519 86.6816128940001,27.3035393320001 86.6795239560001,27.3023634570001 86.6795182690001,27.299617207 86.678593769,27.2981730810001 86.673266519,27.299104019 86.6696673320001,27.2972316450001 86.6705187690001,27.292567019 86.67346452,27.2914118310001 86.6750140810001,27.289495082 86.675191145,27.2877759570001 86.6710547070001,27.2835284560001 86.6722818310001,27.2802073940001 86.669412832,27.277614644 86.6698316440001,27.275735894 86.6722272700001,27.274394332 86.67313777,27.2717810820001 86.670377644,27.268177645 86.6658832690001,27.268652144 86.662872706,27.268453144 86.661157207,27.2666233940001 86.660043144,27.262594957 86.659163332,27.2619970820001 86.6559323320001,27.263334082 86.6524528310001,27.2636391450001 86.6500457700001,27.2619746440001 86.64629302,27.2581763310001 86.6396697690001,27.2572229560001 86.6369487060001,27.256137332 86.6348408320001,27.2517134570001 86.6345904570001,27.250000019 86.6334202690001,27.2479457690001 86.630805394,27.248130707 86.6285223940001,27.2467571440001 86.625522957,27.246819144 86.6242645190001,27.246289957 86.6230860810001,27.2450547070001 86.622049207,27.2415316450001 86.623024269,27.2367007070001 86.6223647690001,27.235374269 86.619600206,27.2343039560001 86.6129847060001,27.236526644 86.6116825190001,27.2355436450001 86.610900519,27.233553456 86.60424227,27.2325735810001 86.601837769,27.2340289570001 86.599892706,27.234267082 86.5978687690001,27.2332503320001 86.5962644560001,27.2316638940001 86.593216269,27.225882706 86.5917935190001,27.2246645820001 86.588997331,27.2236522060001 86.5859400190001,27.225114456 86.5817810190001,27.2248810190001 86.578962269,27.2242903320001 86.5769433310001,27.2245551440001 86.575910644,27.226618957 86.5738768950001,27.2267865810001 86.5706186450001,27.2254384570001 86.567788395,27.223085144 86.5636680810001,27.2232663940001 86.562759332,27.223881894 86.5610786440001,27.225927895</coordinates></LinearRing></outerBoundaryIs></Polygon>
  </Placemark>
  <Placemark id="koshi.8">
	<name>PANCHTHAR</name>
	<description>1</description>
	<Style><LineStyle><color>ff0000ff</color></LineStyle><PolyStyle><fill>0</fill></PolyStyle></Style>
	<ExtendedData><SchemaData schemaUrl="#koshi">
		<SimpleData name="DISTRICT">Koshi Province</SimpleData>
	</SchemaData></ExtendedData>
      <Polygon><outerBoundaryIs><LinearRing><coordinates>87.709902583,26.9866085190001 87.7081477710001,26.9855454560001 87.708016333,26.982558394 87.7072792820001,26.980898961 87.7052328330001,26.979094893 87.7023250830001,26.977608832 87.6999613950001,26.975704706 87.6947087070001,26.975613331 87.6927585820001,26.974375019 87.6896373320001,26.9692227690001 87.685188146,26.9600465190001 87.683297333,26.9539696430001 87.6825238330001,26.952960144 87.6798250210001,26.9518268320001 87.6828868950001,26.9481315190001 87.6828898320001,26.946427769 87.687747083,26.9449486440001 87.6903325200001,26.9418557070001 87.694361208,26.9390693940001 87.6995406450001,26.9361282690001 87.700739271,26.9358470190001 87.7047151450001,26.931627706 87.7063032070001,26.9312203320001 87.7088218320001,26.928745706 87.704848832,26.9276215190001 87.7032677070001,26.9267042070001 87.697819645,26.9247702690001 87.6964733330001,26.921996769 87.6979675200001,26.9175054560001 87.700195395,26.9147436440001 87.7006877700001,26.911216331 87.6999305200001,26.910060206 87.6966761880001,26.907372868 87.6962775840001,26.9054860690001 87.692854019,26.8994686990001 87.6921355870001,26.896299399 87.691124136,26.894083833 87.691903208,26.8917286440001 87.691681207,26.8876045820001 87.691133645,26.8854070190001 87.6907336450001,26.8806791440001 87.6873505830001,26.880154019 87.6847705200001,26.8784808940001 87.6768268320001,26.8765581440001 87.6753552710001,26.8747531440001 87.671497082,26.872769831 87.6692375820001,26.8729227060001 87.6664181460001,26.871250332 87.6639511450001,26.8709843940001 87.6580914570001,26.868658081 87.6542770200001,26.8674052690001 87.6496064580001,26.8675915810001 87.6486667710001,26.8669572680001 87.6462823320001,26.864817643 87.643935082,26.8619985180001 87.6392003330001,26.8603478310001 87.633638708,26.8623383940001 87.6301278330001,26.8623157070001 87.6276400830001,26.8616655810001 87.6224118950001,26.862785393 87.6185165200001,26.862861206 87.6168794580001,26.8621168940001 87.613973958,26.8633052070001 87.612654207,26.861799019 87.6091640830001,26.8623557070001 87.602142208,26.861823831 87.5991538330001,26.861391957 87.592671958,26.861374144 87.5906030820001,26.8616333310001 87.5861857070001,26.859523644 87.582639332,26.861034519 87.5801732080001,26.863330644 87.578551707,26.865483394 87.578232083,26.868436456 87.5764667700001,26.8712824560001 87.5701768330001,26.871386956 87.5686620820001,26.8736768310001 87.5664008320001,26.878695706 87.565398395,26.882314831 87.5621999580001,26.8845368940001 87.558341146,26.8837646440001 87.551901333,26.8851529560001 87.5498135830001,26.887097269 87.5468496450001,26.888828394 87.5433023950001,26.886901331 87.536653395,26.8861730180001 87.5326517080001,26.884572394 87.5247600820001,26.8844823310001 87.527012395,26.888520144 87.52687352,26.889504581 87.529561082,26.893060018 87.52968502,26.8942736440001 87.533823145,26.8995363930001 87.5343198320001,26.9015903320001 87.5338643330001,26.903884831 87.5323330200001,26.9058403940001 87.5312691450001,26.9085975180001 87.5332271450001,26.910508269 87.532666895,26.9116883940001 87.5335977700001,26.913309644 87.5300986450001,26.9172268310001 87.5293833950001,26.9187708320001 87.5303387070001,26.919972269 87.524829207,26.925711269 87.525563333,26.928333019 87.5264204580001,26.9292595810001 87.52469152,26.9318701440001 87.5239996450001,26.935106519 87.526174832,26.935330831 87.5272094580001,26.9363628310001 87.526807332,26.9377340820001 87.5280038320001,26.938788018 87.5283994580001,26.941144706 87.5280191460001,26.9439647070001 87.5290297700001,26.9453690190001 87.5281896450001,26.9471910820001 87.5289195820001,26.9488694560001 87.528036957,26.9502200810001 87.5290799580001,26.9512587070001 87.528016645,26.9528918940001 87.5289201450001,26.956952831 87.527156833,26.9600893940001 87.524933957,26.961241769 87.522835833,26.9615948320001 87.5201568950001,26.9629745190001 87.5191785200001,26.9643614560001 87.5167330200001,26.964226019 87.5147841450001,26.964740894 87.5119422070001,26.9686868310001 87.5082463950001,26.971541331 87.5052562700001,26.971301582 87.50344827,26.973819706 87.498719082,26.9773140190001 87.49711777,26.981334206 87.4950866450001,26.985017456 87.4980228950001,26.983662144 87.5039943950001,26.984162269 87.5066267700001,26.9874113320001 87.5123195830001,26.990428206 87.514533708,26.990790206 87.516157895,26.993972894 87.518782145,26.9960077690001 87.5212939570001,27.000550144 87.522577895,27.0022536440001 87.5255543330001,27.004939269 87.5312428330001,27.0087361440001 87.535572082,27.011154644 87.5385065200001,27.0132285810001 87.538481457,27.016426331 87.5416252700001,27.0204783940001 87.5438850830001,27.021036144 87.5446387700001,27.022667019 87.543934833,27.029543394 87.5419697080001,27.0334368320001 87.5408240830001,27.033903894 87.538544583,27.0332288320001 87.5356077700001,27.034334519 87.5353629570001,27.037316456 87.537355082,27.040226644 87.5386754570001,27.0415078940001 87.5394686450001,27.045056769 87.5416421450001,27.0469710190001 87.5452278320001,27.050854331 87.547975271,27.052324019 87.5503451450001,27.0522877070001 87.5529333950001,27.053408082 87.556164832,27.055733269 87.5583928330001,27.0587572690001 87.5625170820001,27.0597472690001 87.565577395,27.0620660810001 87.5683400830001,27.0664440190001 87.5731185820001,27.0697283320001 87.5729466450001,27.073224456 87.573727583,27.075466582 87.5773170830001,27.077970269 87.5785012700001,27.0802987070001 87.5798923950001,27.084851331 87.585225833,27.0888211440001 87.5891554570001,27.0939203940001 87.5918566450001,27.099467019 87.596982396,27.1024601440001 87.60035952,27.104835456 87.6059622700001,27.107591519 87.6088429580001,27.108104831 87.60982977,27.1070986440001 87.6125335200001,27.108465644 87.61329227,27.1101435190001 87.613844333,27.1116078320001 87.6159855830001,27.112580081 87.6198303960001,27.112066769 87.6233274580001,27.1125183940001 87.626647958,27.113631894 87.6287317700001,27.116028081 87.63154452,27.118087019 87.6336652700001,27.1189484560001 87.636783645,27.118383769 87.6377094580001,27.119329582 87.639472771,27.123193831 87.6423497710001,27.124943081 87.6458009580001,27.125010769 87.6481778950001,27.127940144 87.648070895,27.1295066440001 87.6476961450001,27.1324238940001 87.6508810830001,27.131763769 87.6534287700001,27.130506332 87.6589541450001,27.131028831 87.66255427,27.1326795190001 87.6660302700001,27.1326382070001 87.666724833,27.134920832 87.669390708,27.1371128320001 87.6723740200001,27.1373219560001 87.6758616450001,27.1392909570001 87.677068332,27.1411287070001 87.679593395,27.142605894 87.684854521,27.141456519 87.6869157080001,27.141719519 87.690162957,27.143815707 87.6935758320001,27.1428827070001 87.6946632080001,27.142920206 87.6976257700001,27.146764207 87.701593271,27.1463856440001 87.7026060200001,27.146687394 87.7048289570001,27.1492848940001 87.7075233950001,27.149738456 87.7094700200001,27.1511998940001 87.7103639580001,27.1533481440001 87.7126277080001,27.1553720810001 87.71370727,27.156630206 87.7142997080001,27.1604317060001 87.713764708,27.162591644 87.713984333,27.1682679570001 87.7135414580001,27.1708313940001 87.714763958,27.1760896440001 87.716216332,27.1792932700001 87.7161900830001,27.180518707 87.719616832,27.1844703940001 87.720572458,27.1872951440001 87.7225211460001,27.189248332 87.7299198330001,27.1929987070001 87.7375500200001,27.1946533940001 87.74125202,27.1959607060001 87.7427478320001,27.198051331 87.745391645,27.1980824570001 87.7475062710001,27.1990888940001 87.7493313950001,27.202565457 87.7539562700001,27.207818581 87.7541958950001,27.2089230190001 87.7533026460001,27.212614956 87.753770145,27.2177572690001 87.7499045820001,27.2228686440001 87.7482265200001,27.224366956 87.7417733330001,27.227438519 87.7381842080001,27.230959582 87.7364714570001,27.233944894 87.7347336450001,27.234752831 87.7302953330001,27.2353063320001 87.726985083,27.2404593310001 87.7257450820001,27.241663956 87.7223945210001,27.242784769 87.71827627,27.243309144 87.714614645,27.2464463310001 87.7121555210001,27.247135832 87.7104423960001,27.248421707 87.7067011450001,27.2532063940001 87.6986125820001,27.257362894 87.6918533950001,27.2596642070001 87.688562145,27.261645894 87.6835828330001,27.2671535810001 87.6824026450001,27.270735894 87.683642895,27.274394456 87.6845234570001,27.279510144 87.6898717080001,27.2830581440001 87.690101208,27.2862725190001 87.6914092700001,27.2882721440001 87.6933925210001,27.2888625190001 87.6964568320001,27.2888608320001 87.6988000200001,27.29106052 87.7040762710001,27.290135956 87.70639227,27.2883236440001 87.70925427,27.2882752690001 87.711079645,27.286472082 87.7134120200001,27.2861647060001 87.71628552,27.2867389570001 87.719107395,27.2852757690001 87.7220943330001,27.285718457 87.72672577,27.285814019 87.7343595830001,27.2783232690001 87.7379350830001,27.278895644 87.7405748950001,27.27994677 87.7430605210001,27.2793581440001 87.7456246450001,27.2779500190001 87.747748083,27.2775054570001 87.7513745200001,27.278797019 87.7542907700001,27.2791513940001 87.756638395,27.2807633940001 87.759528833,27.279824831 87.7623437070001,27.2800351440001 87.76562627,27.2790288940001 87.7676387710001,27.2793495820001 87.7698143950001,27.2763048950001 87.7711632080001,27.2757875190001 87.776249395,27.2753306440001 87.7792320820001,27.273098207 87.780429021,27.2729020190001 87.7842733950001,27.272564581 87.791262708,27.2745831440001 87.7936683950001,27.2747952070001 87.798517582,27.2763538950001 87.800314083,27.2764790190001 87.8024313330001,27.2753837700001 87.8056682070001,27.276256457 87.810718083,27.2756767700001 87.8129460200001,27.277049269 87.8154735210001,27.277239894 87.820422083,27.2786122690001 87.823656521,27.280574394 87.8266022080001,27.2801757070001 87.8338343950001,27.2834542690001 87.8422723950001,27.285876832 87.8444199580001,27.285482519 87.8484044580001,27.2856908320001 87.8509605830001,27.284729832 87.8551690830001,27.2855797060001 87.8582199570001,27.2840085820001 87.8601392080001,27.2823405190001 87.8633075210001,27.281531269 87.866079396,27.2791764570001 87.869916646,27.279477645 87.87263977,27.2789190820001 87.8737405200001,27.2799185820001 87.87764902,27.2797158320001 87.8784265200001,27.2815973310001 87.881292208,27.2834183320001 87.8839282710001,27.2831806450001 87.8876885210001,27.281784832 87.889644645,27.283311332 87.8932304580001,27.281600645 87.8945792710001,27.282248644 87.8936988950001,27.283718707 87.8969837080001,27.286123332 87.9010178330001,27.285346019 87.9036172080001,27.28533602 87.905658396,27.2862570190001 87.9087136460001,27.284147707 87.9113629570001,27.2850713940001 87.914140833,27.2851142060001 87.9169663330001,27.284116457 87.918564082,27.28554102 87.920283021,27.2854192070001 87.9210174580001,27.2827517690001 87.92264277,27.2819310190001 87.9248138950001,27.2822122690001 87.9277032080001,27.2803247690001 87.936260895,27.282973269 87.9375627700001,27.281621956 87.9405000200001,27.2819271440001 87.9403716450001,27.280409456 87.9428524580001,27.2804265820001 87.9453649580001,27.2820297690001 87.951332457,27.2831829560001 87.95302452,27.2823613940001 87.9566353960001,27.2845750810001 87.9619713960001,27.2882593320001 87.9620324580001,27.291451706 87.9642243960001,27.292291769 87.9664763950001,27.295026831 87.9680757080001,27.295810019 87.9706944580001,27.2980753320001 87.9710528950001,27.300363082 87.9766204580001,27.3012155820001 87.977372583,27.3038119560001 87.9785502080001,27.305604331 87.9820703950001,27.307628456 87.9848903330001,27.312013081 87.9843889570001,27.314385832 87.988906521,27.318950144 87.9898606460001,27.318711082 87.991056208,27.321198144 87.9934653330001,27.32320952 87.9976220200001,27.323710207 88.0022320830001,27.3258907060001 88.0064364580001,27.328791519 88.0067455830001,27.330639519 88.0060472710001,27.3319961440001 88.0065875830001,27.3344697690001 88.008016458,27.337203206 88.0094703330001,27.338284769 88.0107296460001,27.3409743940001 88.0129132700001,27.343041144 88.0125895830001,27.3457195190001 88.014708146,27.3462479560001 88.0156796460001,27.3476217690001 88.015909895,27.3503548320001 88.017211896,27.3509725810001 88.020129458,27.3539477690001 88.0210026460001,27.3598102070001 88.02179627,27.3613319560001 88.02071127,27.3648282070001 88.021872708,27.3699326440001 88.0233225200001,27.372167082 88.0260732080001,27.3782052070001 88.0260647700001,27.380509019 88.0270999580001,27.38345952 88.0271575830001,27.387299394 88.0292752710001,27.3941160200001 88.0324573950001,27.4000402070001 88.0339355200001,27.4015793940001 88.0364533330001,27.408058957 88.0399668330001,27.413226894 88.0424653330001,27.4149523940001 88.04637252,27.4189867690001 88.0501580200001,27.4240193320001 88.052665333,27.4267079570001 88.0553091450001,27.428095956 88.0590760210001,27.4314360810001 88.061497708,27.431934332 88.0671493950001,27.435253082 88.0705807080001,27.4380223320001 88.07161202,27.4367260820001 88.075407521,27.4336756440001 88.0771382080001,27.4328635200001 88.0791153330001,27.432879832 88.081227396,27.431753332 88.0827260200001,27.42971777 88.082308895,27.426291457 88.0791804580001,27.4264465810001 88.0745425210001,27.425568582 88.0730442080001,27.425823769 88.0697419580001,27.425000832 88.069185271,27.4241725200001 88.065299645,27.4216390820001 88.0630408960001,27.420839519 88.060728521,27.418194644 88.0591198330001,27.4183377690001 88.05694802,27.4170320200001 88.0552574580001,27.4143507690001 88.053155395,27.412651769 88.0532897080001,27.4114098320001 88.0520000830001,27.4066022690001 88.0495160840001,27.4051340820001 88.0510313330001,27.400943957 88.0509122700001,27.3999159570001 88.0483602080001,27.3951020820001 88.0484419580001,27.392177206 88.047393583,27.3896377070001 88.0477620830001,27.3879697690001 88.046703333,27.3843201440001 88.047670333,27.382124269 88.04761202,27.37975777 88.044887708,27.374096707 88.044409208,27.369903456 88.0458237080001,27.3686022690001 88.047606208,27.3655834570001 88.049761145,27.3632815820001 88.049876333,27.361893019 88.052750646,27.3583763950001 88.0557460210001,27.357913707 88.0602207700001,27.355366207 88.061424333,27.3511918940001 88.0642492700001,27.3463373320001 88.06408602,27.3445920820001 88.0673257080001,27.3410565190001 88.0680450830001,27.3378830820001 88.069087208,27.335963957 88.066124834,27.3340597070001 88.062792458,27.3297100190001 88.0627412700001,27.328191894 88.0598047710001,27.3270543940001 88.0585492710001,27.325741706 88.055116083,27.324231082 88.0546405840001,27.322307707 88.0520261450001,27.3184577690001 88.0521735200001,27.3146682070001 88.0511283330001,27.312390394 88.0493195830001,27.310576331 88.0476665210001,27.3098035190001 88.045497895,27.3065705820001 88.0437115830001,27.303219644 88.0436378950001,27.3012120820001 88.0461342080001,27.2965068940001 88.0474035830001,27.2934287690001 88.0455742080001,27.2913349570001 88.043798145,27.29100527 88.0416709580001,27.2916190810001 88.0393517080001,27.2895807690001 88.03789677,27.289356895 88.0364633330001,27.2870953940001 88.034313458,27.2859402060001 88.0343567080001,27.2840648320001 88.0356430830001,27.2813702070001 88.0347242080001,27.278006019 88.03380552,27.2768394570001 88.0338486460001,27.2749460200001 88.032870958,27.2717627070001 88.0335680200001,27.270821144 88.034272958,27.264110019 88.0332335210001,27.262980457 88.0337647710001,27.261516644 88.0335677080001,27.257677707 88.0327855830001,27.2546035190001 88.0337523330001,27.252184331 88.0334532080001,27.249731582 88.0302878950001,27.2490576440001 88.029481896,27.246109957 88.026812395,27.2417431440001 88.0275575200001,27.237940082 88.023676708,27.2371743310001 88.0218326460001,27.235588019 88.0216264580001,27.2336061440001 88.0223759580001,27.23171202 88.0217128950001,27.229866644 88.021478083,27.2247463320001 88.02023402,27.2225665820001 88.0184798330001,27.2218822070001 88.015132958,27.216477582 88.014776333,27.2154760190001 88.0166539580001,27.211915332 88.0182284580001,27.2105455820001 88.017756396,27.208937894 88.015609833,27.205045457 88.0144419580001,27.2037789570001 88.0160983950001,27.2010976440001 88.0180341450001,27.1995085820001 88.0185927700001,27.1958627060001 88.0186064580001,27.192927019 88.0164999580001,27.190478269 88.0162497700001,27.1851549560001 88.0156159580001,27.1819712070001 88.016141583,27.179131081 88.015062271,27.1772502690001 88.016934958,27.176191956 88.019146021,27.173926269 88.021270708,27.172505082 88.020943645,27.170535269 88.0181292080001,27.168500206 88.016928583,27.1665841440001 88.0149662700001,27.166634457 88.0137615200001,27.165729394 88.0141338330001,27.1622404570001 88.013617583,27.1587218940001 88.0122070210001,27.1573488940001 88.012922458,27.154660832 88.01089977,27.1494472690001 88.011261958,27.1479283310001 88.0104782080001,27.144434269 88.009604208,27.1428903940001 88.007125833,27.142307956 88.006884271,27.1409017060001 88.005030021,27.1409285190001 88.0032605210001,27.139919019 88.002970771,27.137563082 88.0017084580001,27.1362250190001 88.002393145,27.134597769 88.0012393950001,27.133331082 87.9970058330001,27.132029894 87.9938004580001,27.1304843940001 87.9939796450001,27.128718582 87.993420895,27.125633457 87.9915214580001,27.123449082 87.9914013330001,27.1213378940001 87.9901195830001,27.118898706 87.991208896,27.1183833310001 87.9925155830001,27.113290394 87.9922467710001,27.1116133940001 87.9936338960001,27.110288144 87.993526832,27.1060805820001 87.9942073330001,27.105123581 87.990110583,27.104983206 87.9874375200001,27.1027230190001 87.9834472080001,27.1016317690001 87.9801763950001,27.102295457 87.9771904580001,27.1034625820001 87.974944458,27.1033947060001 87.9704757710001,27.1021507070001 87.9682934580001,27.1011210190001 87.96475402,27.100757269 87.963126146,27.103153519 87.957421395,27.1042688320001 87.9561232080001,27.1055029570001 87.954421396,27.1058258940001 87.9484188330001,27.103054957 87.947878646,27.1002177070001 87.9460755200001,27.0992798940001 87.9447339580001,27.0998530190001 87.942149208,27.0992904560001 87.936909396,27.1006139570001 87.935166833,27.100505894 87.9336812080001,27.101506456 87.9304829580001,27.102294832 87.9267925830001,27.101581394 87.925001583,27.100182831 87.9209268960001,27.0993295810001 87.9182668330001,27.095154457 87.9170925210001,27.094072269 87.9059063330001,27.0931497070001 87.903654208,27.0912597070001 87.9024720200001,27.092636956 87.8975931460001,27.091813019 87.89691127,27.0895360810001 87.8957372080001,27.0886838320001 87.8942210210001,27.085947332 87.8924565820001,27.0842390820001 87.889532145,27.084241832 87.8875505830001,27.083279519 87.886126458,27.0833968320001 87.8834032080001,27.0814801440001 87.8831318950001,27.0775735190001 87.8772640830001,27.075110082 87.875816958,27.071201832 87.873761771,27.069639581 87.871949208,27.069296519 87.8702006450001,27.0681046440001 87.86782027,27.067424331 87.8668196460001,27.0652236440001 87.862883083,27.0617796440001 87.85834377,27.0618097060001 87.8563813960001,27.0625458320001 87.8545108330001,27.0619232060001 87.8515344580001,27.058317269 87.8479799580001,27.0555542060001 87.8473912700001,27.0542737690001 87.844489895,27.0504438940001 87.8437800200001,27.0484488320001 87.8432946450001,27.0472445190001 87.8409494580001,27.0460490190001 87.8359067700001,27.0445627070001 87.8345482080001,27.043512456 87.8302753950001,27.042594519 87.82662802,27.040691144 87.822999833,27.0370928940001 87.819641958,27.0332853940001 87.8143080830001,27.032361832 87.8112636450001,27.0301251440001 87.807440957,27.029240019 87.804379521,27.0290905190001 87.7993374580001,27.026808519 87.795220708,27.023142394 87.794266458,27.022714519 87.7907347080001,27.019512019 87.787106824,27.017242997 87.784631333,27.016233582 87.7816488330001,27.0140590190001 87.780545207,27.0125013310001 87.777774208,27.013482519 87.776082332,27.013207519 87.7731452080001,27.013857769 87.77009702,27.012919894 87.766612207,27.012859957 87.763168771,27.0159588940001 87.760963895,27.017044894 87.7573008950001,27.020041082 87.753763958,27.020337581 87.751828645,27.0200230190001 87.7464233960001,27.020897957 87.742745083,27.019155019 87.73955877,27.015759894 87.739341832,27.0145763310001 87.7370389580001,27.010411456 87.7364878330001,27.0073183320001 87.7352088330001,27.006007206 87.7328571450001,27.005249894 87.7296550830001,27.0030167690001 87.7246031450001,27.0006440810001 87.72115202,27.0000006440001 87.7208460200001,26.998817456 87.7188964580001,26.9977848940001 87.716893708,26.9957032680001 87.7164583960001,26.993992706 87.714355207,26.9919498940001 87.712651457,26.989417582 87.709902583,26.9866085190001</coordinates></LinearRing></outerBoundaryIs></Polygon>
  </Placemark>
  <Placemark id="koshi.9">
	<name>SANKHUWASABHA</name>
	<description>1</description>
	<Style><LineStyle><color>ff0000ff</color></LineStyle><PolyStyle><fill>0</fill></PolyStyle></Style>
	<ExtendedData><SchemaData schemaUrl="#koshi">
		<SimpleData name="DISTRICT">Koshi Province</SimpleData>
	</SchemaData></ExtendedData>
      <Polygon><outerBoundaryIs><LinearRing><coordinates>87.458422645,27.185813394 87.4566049570001,27.183621456 87.4542073330001,27.1793281440001 87.4498077700001,27.1793039560001 87.4441855200001,27.179881519 87.440669395,27.1789696440001 87.4370124580001,27.179450457 87.4338744570001,27.1792277690001 87.4301660820001,27.178334331 87.4274878950001,27.1769163320001 87.423281457,27.176385269 87.419009707,27.1717088940001 87.4142925200001,27.1672390190001 87.412931895,27.1646434560001 87.41223777,27.1616532690001 87.410533458,27.157664019 87.409197958,27.1567133940001 87.4085933950001,27.153689082 87.4103803940001,27.1509962060001 87.4118014570001,27.1467360820001 87.4118939570001,27.1444453940001 87.4097010830001,27.140259019 87.409261395,27.136051707 87.4057516450001,27.138018394 87.4022441450001,27.1415330190001 87.3995878950001,27.143641519 87.39223902,27.147600019 87.3908340200001,27.1494227690001 87.3895470190001,27.1522245190001 87.3891685200001,27.158018269 87.3877656450001,27.1596108320001 87.3849948320001,27.1614417690001 87.3841040200001,27.163039644 87.3815173950001,27.165675707 87.37834652,27.1669659560001 87.376703895,27.1669320190001 87.377944395,27.170426456 87.3780525820001,27.1722065810001 87.3795372070001,27.1749195190001 87.37883802,27.176349831 87.378724145,27.1788730810001 87.3752035200001,27.182669081 87.373161957,27.183771269 87.3707431450001,27.186217019 87.3670827700001,27.1881380190001 87.3641017080001,27.1873356450001 87.3619928320001,27.1879729570001 87.3595268330001,27.190572144 87.355389458,27.189206144 87.351166769,27.189178457 87.3463055190001,27.1870670820001 87.3447779570001,27.186800019 87.3416808330001,27.187601957 87.3365090190001,27.1872443940001 87.33437552,27.187937769 87.330342145,27.1878953940001 87.3273695830001,27.1866725190001 87.31832552,27.1836559560001 87.314897208,27.182016332 87.3097212700001,27.183684269 87.3094690820001,27.1849033940001 87.3041834570001,27.185285019 87.301384269,27.186708207 87.2995795200001,27.188422582 87.2947657070001,27.1900800820001 87.292025832,27.1896458310001 87.2904137070001,27.190064394 87.2876528950001,27.1898263320001 87.2848951450001,27.1888007060001 87.279712707,27.1856677060001 87.277487895,27.1853065190001 87.2734448950001,27.183847644 87.2681201450001,27.1824475820001 87.2660172700001,27.180226519 87.2665426450001,27.1777680810001 87.2656483320001,27.177072519 87.2636554570001,27.1767535810001 87.261741833,27.177991519 87.2602945820001,27.180638957 87.2609382700001,27.183185456 87.260075708,27.184200332 87.2557588320001,27.1873110810001 87.254464645,27.1891570820001 87.252402708,27.1896617690001 87.249326458,27.1916305820001 87.2496293940001,27.195082644 87.2492940830001,27.197524894 87.2464042700001,27.2015106440001 87.2454993320001,27.2054748310001 87.243226958,27.207708332 87.240804832,27.210955331 87.2403033940001,27.212359769 87.240690332,27.215064769 87.239175769,27.2178497690001 87.2344532070001,27.219940582 87.232333457,27.222101394 87.2317426450001,27.224616269 87.2299237070001,27.228561519 87.2280996440001,27.229904957 87.2234368950001,27.231173832 87.2185872700001,27.233149331 87.2158297700001,27.2360623320001 87.21553127,27.237892894 87.2135689570001,27.2433658940001 87.211868957,27.243925894 87.2076753950001,27.244209707 87.205441707,27.245508332 87.2045431450001,27.2482649560001 87.2049210200001,27.2494942070001 87.2078763950001,27.251653956 87.2079717700001,27.2540683940001 87.206697832,27.2600298940001 87.2017652070001,27.260896894 87.199661957,27.2633573320001 87.199748894,27.264659269 87.201397457,27.266516332 87.20382127,27.2667610190001 87.207465583,27.2648127690001 87.209129395,27.264814895 87.21203352,27.266132769 87.2119442690001,27.2683128310001 87.2093152080001,27.2704853320001 87.2078721450001,27.27159777 87.2070930820001,27.273322894 87.2093256360001,27.28108905 87.2081756440001,27.2830494570001 87.2042840180001,27.2874420210001 87.2022023360001,27.294205773 87.2034633950001,27.2971216450001 87.2040103290001,27.3011128300001 87.2033033690001,27.3027024830001 87.201237641,27.304817643 87.1936180210001,27.3087007070001 87.1912204590001,27.3119534580001 87.1859021430001,27.3144157730001 87.1847389590001,27.3162835210001 87.186156328,27.318170396 87.187615706,27.321566832 87.193124766,27.3258220210001 87.1940527720001,27.329151456 87.187557208,27.333901456 87.1869766440001,27.3354208310001 87.1872948320001,27.337534829 87.190203142,27.341450584 87.1944883940001,27.346375268 87.1952633910001,27.3491474960001 87.1947296440001,27.352120144 87.1909948950001,27.3555620820001 87.1879288320001,27.357276707 87.185596457,27.3595408950001 87.1825377690001,27.363266019 87.17827477,27.3656815190001 87.1763106440001,27.3707658320001 87.173333207,27.373114081 87.171085582,27.3755517070001 87.16491977,27.378605457 87.16218702,27.378976519 87.1575744570001,27.380694519 87.1559099570001,27.381926207 87.1535243320001,27.386164394 87.1493430190001,27.3902149570001 87.146290019,27.3919489570001 87.143323207,27.3941589560001 87.141271707,27.3942987070001 87.1362057690001,27.393550019 87.133706832,27.3945340820001 87.131702707,27.3975823320001 87.130852207,27.4002661440001 87.1276911450001,27.4016727060001 87.1281006450001,27.403775394 87.1320813940001,27.4072287700001 87.132640144,27.409024457 87.1303798320001,27.413781144 87.1284597690001,27.416637456 87.128146083,27.418479082 87.1291153940001,27.4207753320001 87.1290178940001,27.4233794570001 87.126464394,27.425972331 87.1268988320001,27.427964456 87.1296115820001,27.433953144 87.1319882700001,27.435478581 87.1341658330001,27.435185394 87.1360274580001,27.436063645 87.1376810820001,27.4384923320001 87.1400077700001,27.443810957 87.142816644,27.4472447690001 87.1409467070001,27.449988395 87.14010102,27.452557207 87.1378800200001,27.4525255820001 87.1305217080001,27.4554052070001 87.1271106450001,27.4572338940001 87.1250195200001,27.455493769 87.123057207,27.457002894 87.1188737700001,27.45702227 87.1159290830001,27.458401269 87.113369145,27.458493644 87.1124618950001,27.459175832 87.112307957,27.461624332 87.1114367700001,27.463242957 87.1090890820001,27.4618976450001 87.10586477,27.461827956 87.1023177700001,27.458856457 87.1004979570001,27.4585193950001 87.0967312070001,27.455222894 87.094929832,27.4560320200001 87.091168644,27.455759207 87.0885943320001,27.4576112070001 87.08529702,27.456985957 87.0823569570001,27.4574842060001 87.0799789580001,27.4573253940001 87.07564777,27.459638457 87.07451352,27.459654895 87.0733474570001,27.4574869570001 87.0710618950001,27.4564072700001 87.069258394,27.4546887070001 87.066860332,27.4505310820001 87.0633108950001,27.447994082 87.0621878950001,27.445979519 87.060100957,27.443902144 87.0583222070001,27.440942331 87.0551723950001,27.4418439570001 87.050012957,27.4442062690001 87.047273895,27.446939894 87.0446118950001,27.44762452 87.0414435820001,27.447246395 87.0377233950001,27.4454377070001 87.0367652690001,27.444149457 87.033644145,27.4424104570001 87.030647645,27.441930519 87.0267140820001,27.4401057690001 87.024749457,27.440092582 87.0232158320001,27.438849519 87.018803457,27.4366635820001 87.01254577,27.4357593940001 87.008288582,27.4369940190001 87.0061470200001,27.4381675820001 87.0040822070001,27.437386895 86.9992244570001,27.438860456 86.9955757070001,27.438070582 86.9926717070001,27.439406331 86.9852593950001,27.441540457 86.9828846450001,27.441616894 86.980726395,27.444092019 86.977512269,27.446645957 86.9758412690001,27.4466434570001 86.972787769,27.448626394 86.970085145,27.449318582 86.966749894,27.4494870190001 86.96487577,27.4507683320001 86.9634627070001,27.4527604560001 86.960356957,27.454702519 86.9573074570001,27.4579465190001 86.9523710190001,27.4574101440001 86.950670582,27.4578021450001 86.947718519,27.4575596440001 86.9426227070001,27.4589138320001 86.9428714570001,27.4603175190001 86.9454360820001,27.460855581 86.9467017700001,27.4623860200001 86.9457591440001,27.463608707 86.948784769,27.466482394 86.9490447690001,27.46984702 86.949969707,27.4714427070001 86.9501178940001,27.4738030820001 86.951278082,27.475595207 86.955380957,27.4764021440001 86.9611314570001,27.479524645 86.9619198950001,27.481544457 86.965392394,27.483240019 86.9628341440001,27.487432019 86.959527957,27.4916642700001 86.954591582,27.497026582 86.9497041440001,27.500423207 86.949425144,27.5024269570001 86.9457793940001,27.5075433320001 86.945142144,27.5122615820001 86.945674081,27.5166077690001 86.9504476450001,27.5276348940001 86.9525257070001,27.529434082 86.9548630200001,27.532666207 86.9566863950001,27.534047769 86.959940395,27.5353394570001 86.9608028950001,27.536603332 86.962631082,27.537251457 86.9676555820001,27.5399898320001 86.9691700820001,27.541267394 86.9687907700001,27.545347082 86.9697747690001,27.5507765190001 86.9691185200001,27.552554457 86.968747894,27.557101269 86.969008832,27.558683144 86.967735082,27.5625933950001 86.965574207,27.5666772070001 86.963210394,27.568707395 86.9566998320001,27.5707588940001 86.9559146440001,27.5720606450001 86.9568541450001,27.574428019 86.9586020820001,27.577066395 86.9589420190001,27.5787611440001 86.95860602,27.582554207 86.9593789570001,27.58891327 86.958889894,27.5912125190001 86.959186645,27.593593207 86.9583550200001,27.5975553320001 86.958988332,27.599839144 86.9563970820001,27.603108019 86.9565352700001,27.605159207 86.9588798940001,27.607053082 86.9597700190001,27.608553957 86.960752207,27.6123157690001 86.961122957,27.616855957 86.9621281450001,27.6194692070001 86.9650022070001,27.6217400190001 86.966744582,27.6239134570001 86.970234895,27.62941327 86.9703548940001,27.631931582 86.9758705190001,27.6357438320001 86.977516645,27.638115644 86.9787117700001,27.6410853950001 86.9822010820001,27.642146457 86.9861598320001,27.6460212690001 86.986718394,27.652756895 86.98914202,27.6561824570001 86.990001519,27.6586623950001 86.9897269570001,27.661338519 86.9904489570001,27.668187082 86.989106457,27.6790472700001 86.989433519,27.6848690200001 86.991105582,27.6889555820001 86.992145957,27.6927713320001 86.993248269,27.6948022070001 86.9950164570001,27.6962509570001 86.998730832,27.6977763950001 87.0006617070001,27.699204707 87.0019052700001,27.7011610820001 87.001805769,27.703449144 87.0028545820001,27.7071925820001 87.0059219570001,27.7094489570001 87.0075891450001,27.7112472690001 87.0099392070001,27.717465895 87.009608707,27.7222270820001 87.01071527,27.725719957 87.0089378320001,27.728098394 87.0052421450001,27.729725457 87.0015358320001,27.7293239570001 86.9978339570001,27.7314585190001 86.996626082,27.734556582 86.9966430200001,27.7408002070001 86.9942528320001,27.7430565820001 86.9914105820001,27.7439612690001 86.9869085820001,27.7477178950001 86.9814277070001,27.75000077 86.982421333,27.7521332700001 86.9842930820001,27.7534151450001 86.985461457,27.755820645 86.9837182690001,27.7615879570001 86.98380452,27.7638015200001 86.9823212700001,27.7668633320001 86.9826564570001,27.769094957 86.9817252070001,27.7722538940001 86.982168583,27.775719832 86.9839648320001,27.777529707 86.988521457,27.780129582 86.9886076450001,27.7839203950001 86.9855757070001,27.7908045200001 86.9863009570001,27.791804144 86.9905985820001,27.792865082 86.9960542690001,27.7948577700001 87.001314144,27.8004717700001 87.0018191440001,27.80178727 87.003398207,27.8026131450001 87.009450207,27.810176395 87.0103526440001,27.812678707 87.0126315190001,27.8145107070001 87.011183019,27.817489332 87.0052292700001,27.8193512070001 87.0028118320001,27.820729957 87.0006827700001,27.8240988320001 86.993671707,27.825660145 86.9908867070001,27.8254162700001 86.9868077070001,27.82393352 86.9830127070001,27.825250833 86.9792078950001,27.825649707 86.9796883320001,27.8270103950001 86.9835512070001,27.830673145 86.9878263950001,27.833234582 86.988796957,27.8363733320001 86.9921507070001,27.8391556440001 86.9919739570001,27.842894582 86.9932292070001,27.8443771450001 86.9922675820001,27.850338519 86.99065877,27.8523782070001 86.9891873320001,27.8552121440001 86.9886770190001,27.8582718320001 86.9866953320001,27.860895832 86.9868522690001,27.8626468320001 86.983015832,27.86814752 86.982623145,27.8707198320001 86.9810822700001,27.8735175200001 86.9764609570001,27.877124832 86.976088082,27.8782439570001 86.9768935820001,27.88316752 86.976092394,27.8860781450001 86.976256832,27.88891677 86.9756691440001,27.8947990830001 86.975214957,27.895818895 86.972638707,27.8981357070001 86.9702272690001,27.900937707 86.9695334570001,27.9024470200001 86.9703328320001,27.907530894 86.9743365200001,27.9105665820001 86.9742451440001,27.9130034570001 86.9762262070001,27.9157610820001 86.983566082,27.9196115820001 86.9819552690001,27.9228470200001 86.9812936450001,27.9291016450001 86.9821436440001,27.9321682070001 86.981647707,27.9350653330001 86.9829845190001,27.9404988950001 86.9847185190001,27.943888207 86.985763395,27.9492449570001 86.990248895,27.9506961450001 86.9946825820001,27.9545706440001 87.00521002,27.9542231450001 87.008180269,27.953119707 87.0119796450001,27.953365395 87.0181975820001,27.9574735200001 87.0194407700001,27.9568912070001 87.020890894,27.9537929580001 87.0240680200001,27.9510329570001 87.0272453320001,27.9496198320001 87.0313898940001,27.9499867070001 87.034774644,27.949096894 87.038263332,27.950323457 87.0416133950001,27.95016902 87.0456865190001,27.9444027070001 87.046410645,27.9413969570001 87.049171582,27.9370705200001 87.052761832,27.934002707 87.053588457,27.930107895 87.0558657700001,27.926363645 87.059076894,27.9261479570001 87.063994457,27.925170957 87.068260895,27.92369102 87.0778906450001,27.9181351450001 87.0810995190001,27.914881832 87.081270895,27.913439957 87.0802060190001,27.9114481450001 87.0795057700001,27.907400582 87.080296332,27.902614332 87.08274627,27.90117102 87.0844710200001,27.8992385190001 87.0885548320001,27.89063227 87.0910388330001,27.889006082 87.090276332,27.8852338950001 87.0913094570001,27.882381083 87.096899083,27.8797395820001 87.107251707,27.877461957 87.110009145,27.8736893330001 87.1106175200001,27.8611138950001 87.11127027,27.8582296450001 87.1106108320001,27.8545183950001 87.1123676450001,27.8513580200001 87.1121201440001,27.8489009570001 87.1141553320001,27.845070207 87.1183942070001,27.8400979570001 87.1207058320001,27.840127582 87.1244311450001,27.8390502070001 87.127373457,27.836475207 87.12863552,27.8347523950001 87.1350898330001,27.8366483940001 87.140886644,27.83713227 87.1434740190001,27.8367008320001 87.1472997700001,27.8339372070001 87.152069957,27.8309220200001 87.1539805200001,27.8303738320001 87.156162082,27.8285504580001 87.158306645,27.824876832 87.1592273950001,27.8242394580001 87.1674492700001,27.82274277 87.170775957,27.8214570820001 87.1753198320001,27.8210970820001 87.181537645,27.8204617700001 87.1856455830001,27.82202227 87.187852707,27.8216199570001 87.1902310820001,27.820450082 87.1956805830001,27.819738457 87.2022735830001,27.8218747700001 87.204792082,27.8221487070001 87.2072733320001,27.8207323950001 87.2081373940001,27.8214982690001 87.2137962690001,27.8221033950001 87.2157638320001,27.8227140820001 87.2203187700001,27.823349894 87.2231453940001,27.822334519 87.2261128950001,27.822544082 87.2268332080001,27.820640645 87.2283490200001,27.819564207 87.230148957,27.8224764570001 87.2318135200001,27.82646077 87.2368620830001,27.8319420190001 87.23831377,27.833135457 87.2395607070001,27.8352791450001 87.239875645,27.8373950820001 87.2411565190001,27.8392340820001 87.2449914580001,27.8415875200001 87.250000083,27.8432888950001 87.2519395200001,27.8427348320001 87.2563015200001,27.8452268950001 87.2589144570001,27.847661207 87.2592598950001,27.848788707 87.261785457,27.8504627070001 87.2637415200001,27.850702707 87.266277082,27.849416208 87.2676864570001,27.8506025820001 87.2721931440001,27.8489782070001 87.2746618950001,27.848425019 87.2780883950001,27.8468927700001 87.2825283320001,27.84609177 87.2872917070001,27.8442835820001 87.290417458,27.8457392080001 87.2927649580001,27.845032519 87.2949572690001,27.8436875200001 87.2978048950001,27.8438935190001 87.3021243330001,27.843001895 87.306635145,27.842931019 87.306973332,27.835244957 87.3087859570001,27.8332913950001 87.3113909570001,27.832674082 87.31388902,27.8307797690001 87.3180841450001,27.8286040200001 87.320237895,27.826252395 87.3248857080001,27.8261760820001 87.3261902080001,27.8267867700001 87.3280407700001,27.826234082 87.3294835820001,27.8270226440001 87.3325353320001,27.826893457 87.334973833,27.8278939570001 87.3385597700001,27.8285553320001 87.3406897080001,27.8296783320001 87.344721394,27.827969207 87.3480402070001,27.827617957 87.3504831450001,27.83017277 87.352847458,27.8293431440001 87.3539050830001,27.8277248950001 87.3577620200001,27.8271959570001 87.3631858950001,27.8286462070001 87.365016208,27.8323305820001 87.368237207,27.836620457 87.3710692070001,27.8386142700001 87.37187027,27.8407263940001 87.3748315820001,27.8441029570001 87.378404458,27.8457087690001 87.3820067070001,27.84585227 87.3854602700001,27.8475800200001 87.3901647070001,27.8489093950001 87.3936443330001,27.8483196450001 87.3987969570001,27.8501347690001 87.4002417070001,27.8512587700001 87.4043760820001,27.8514295200001 87.4062330830001,27.8526131450001 87.409917707,27.856381707 87.411910957,27.857291832 87.4165975820001,27.8582525200001 87.41777727,27.8588400830001 87.4211069580001,27.8622642070001 87.4217341450001,27.8603218320001 87.42656902,27.85968652 87.428177395,27.858553269 87.428879458,27.8538848320001 87.4284800190001,27.8519185820001 87.4323819570001,27.8504284570001 87.4357088950001,27.8459662070001 87.4354967690001,27.8445047070001 87.4336842070001,27.8414620820001 87.428979332,27.8400733330001 87.424523207,27.8409106440001 87.4131685200001,27.839081333 87.408182895,27.8373610200001 87.406979145,27.8365432690001 87.4061460200001,27.833831269 87.4098145200001,27.833484207 87.4141705200001,27.8335637700001 87.4158145820001,27.832857082 87.4209036450001,27.831805957 87.424092645,27.8315525200001 87.4273651450001,27.830748145 87.4367808950001,27.826817395 87.4381350200001,27.826659707 87.4414210830001,27.8250336450001 87.4433745200001,27.8246618320001 87.4480486450001,27.8228484570001 87.452332208,27.8220718330001 87.4535337070001,27.82231152 87.46093677,27.8252135820001 87.4645495830001,27.8280061450001 87.4671966450001,27.8294300200001 87.4684540200001,27.8308292070001 87.4737171450001,27.834346957 87.47727452,27.8360721440001 87.478284645,27.8395141450001 87.4822320820001,27.840263082 87.4846080820001,27.842267394 87.4884389580001,27.843596457 87.4926356450001,27.84623277 87.49451227,27.844123144 87.4965170200001,27.843689457 87.498135146,27.8449020830001 87.500899895,27.84481527 87.503938395,27.846151332 87.507316083,27.8452070820001 87.5104728320001,27.846853895 87.51501677,27.846006645 87.518456395,27.8458380820001 87.52072352,27.8442748950001 87.523342583,27.843333145 87.526900395,27.8434752700001 87.5300566450001,27.844965958 87.5316873950001,27.8446482700001 87.53472227,27.84515552 87.5379759580001,27.84270602 87.539962895,27.843580457 87.5419557070001,27.8456440200001 87.5467526450001,27.8487365820001 87.5472274570001,27.8503931450001 87.550243708,27.852971457 87.55142377,27.8557668330001 87.5531247070001,27.857626145 87.5546782070001,27.8649258950001 87.5597016450001,27.8664105820001 87.5649817070001,27.8668019570001 87.566667958,27.8657593950001 87.5702185820001,27.86450152 87.5719630830001,27.8634563950001 87.5735269580001,27.8613762700001 87.5765584580001,27.861259832 87.57912902,27.862079457 87.5813438330001,27.861758707 87.58273452,27.8600944570001 87.58513077,27.85562802 87.5889048330001,27.85260427 87.588536708,27.849548457 87.5896899570001,27.846745707 87.5906864580001,27.8406740820001 87.5927601450001,27.837713895 87.59366077,27.8318007080001 87.591451771,27.8275614570001 87.59228052,27.8220704570001 87.5920460820001,27.8201467700001 87.593645645,27.8192125200001 87.5958873320001,27.819798582 87.597684895,27.821085957 87.60346802,27.8210269570001 87.6091573960001,27.8175858320001 87.611732208,27.8143230200001 87.6120220830001,27.8127310190001 87.613502145,27.8105673950001 87.614731207,27.8102640820001 87.61671677,27.811681207 87.6173358950001,27.815593269 87.619929395,27.8190293330001 87.6258397070001,27.821689957 87.6299224580001,27.8212066450001 87.6313122700001,27.82279327 87.634193333,27.8241743950001 87.6350945200001,27.8251969570001 87.6350804570001,27.8323632070001 87.6383747070001,27.834139457 87.64472227,27.8347733950001 87.6496027700001,27.8334892070001 87.65429527,27.8350600200001 87.6615427080001,27.836417645 87.6659032700001,27.835534769 87.6676422080001,27.8361897070001 87.6720734580001,27.8346428940001 87.67230527,27.8298312690001 87.6697157070001,27.8274543950001 87.66911127,27.826263769 87.6655988950001,27.822365957 87.6677847700001,27.8197696450001 87.666275833,27.8171550820001 87.6666118950001,27.8141028320001 87.6679443950001,27.8123703950001 87.6671792700001,27.809258083 87.6680260320001,27.8066298310001 87.6691513320001,27.805367582 87.6709937700001,27.801676333 87.67344452,27.79983902 87.6751193330001,27.7992351450001 87.6760762700001,27.797138895 87.6787935820001,27.7932130190001 87.6799311460001,27.7901884570001 87.6794347700001,27.788300082 87.6755468330001,27.7838403330001 87.6734372080001,27.78043452 87.67297777,27.77556077 87.674194083,27.7731653320001 87.672020645,27.771517519 87.6699279580001,27.7677144570001 87.667602833,27.765602458 87.665057958,27.764154832 87.6606090210001,27.7623192070001 87.6597086450001,27.761393895 87.6602917700001,27.75913702 87.662165207,27.7575012070001 87.6642265820001,27.7530801450001 87.666410645,27.7505154570001 87.660456083,27.7443367700001 87.6588484580001,27.741860145 87.6578797070001,27.73901277 87.6545048950001,27.738494019 87.652691582,27.7372141450001 87.6494758950001,27.7342215200001 87.643770708,27.730676395 87.6466818960001,27.7269127070001 87.6449045200001,27.72426302 87.6428557080001,27.722537394 87.6403958320001,27.718153332 87.6406456450001,27.716651707 87.6422297710001,27.7144917690001 87.6419291460001,27.709811207 87.6393719580001,27.709439457 87.635169895,27.7114714570001 87.6326471450001,27.7121351440001 87.6291245200001,27.712419707 87.6244601450001,27.711567582 87.6232453950001,27.7099642700001 87.61772977,27.7042555190001 87.6158437070001,27.70112077 87.6153371450001,27.6990583950001 87.6175815820001,27.6962843320001 87.6192135200001,27.690214144 87.6189475830001,27.68834252 87.6170938330001,27.685397145 87.61304627,27.682770582 87.612550958,27.679072332 87.6103809580001,27.675027207 87.607825145,27.6739372700001 87.605013645,27.6737036440001 87.6034318950001,27.6747078940001 87.6035338950001,27.6781642070001 87.6025890820001,27.679086769 87.59741052,27.679752207 87.5950559570001,27.67956152 87.593700895,27.6810182070001 87.5905380830001,27.6803141440001 87.5867428320001,27.6770788320001 87.583907083,27.6757482690001 87.58233877,27.6758653950001 87.5799941450001,27.6775292070001 87.5784153320001,27.679631957 87.5770369580001,27.6845431450001 87.57747177,27.688659269 87.5771635830001,27.692850707 87.5750635200001,27.6940913940001 87.5701728320001,27.694590019 87.5667650830001,27.698518832 87.565487395,27.6990182070001 87.5635825200001,27.698089582 87.5631837710001,27.6968411450001 87.561318332,27.6954340190001 87.5604840830001,27.693783395 87.560783208,27.691667957 87.5601781450001,27.69047677 87.5574254570001,27.6892738940001 87.5553933320001,27.687573957 87.5519095830001,27.6804734570001 87.5514130820001,27.67612052 87.5521740200001,27.6714490190001 87.550933645,27.666950145 87.5481788320001,27.6651965190001 87.5476569580001,27.663968832 87.5486602700001,27.662383144 87.548004646,27.6592425200001 87.5452684580001,27.6568457700001 87.5396217700001,27.6545527700001 87.5348302080001,27.6519267690001 87.5386163950001,27.650806457 87.5422529570001,27.650715582 87.5432245200001,27.6486245200001 87.5468288330001,27.6454943320001 87.547525895,27.640198019 87.5474778320001,27.63742052 87.5464701450001,27.6357818320001 87.5445183950001,27.6348530820001 87.541621395,27.634512457 87.5388222080001,27.6329573940001 87.5371773950001,27.6314293940001 87.5378596450001,27.6263926450001 87.538658958,27.6243181450001 87.5367407700001,27.6195667690001 87.53544077,27.618053144 87.5331120820001,27.613887769 87.5325271450001,27.610543707 87.5313100830001,27.6083235200001 87.530266957,27.602772207 87.53091577,27.5979815200001 87.5319337080001,27.5946471440001 87.531171708,27.593806145 87.5275307700001,27.59259252 87.5253889570001,27.595039769 87.5227422080001,27.5963698320001 87.5153286450001,27.598669832 87.5128033330001,27.596483644 87.51226252,27.594967082 87.508104582,27.5899482070001 87.50640502,27.5874362070001 87.501034207,27.5806570190001 87.4984267070001,27.5797412690001 87.492287145,27.576554457 87.4914777700001,27.574508457 87.4908315200001,27.5701152070001 87.4887297700001,27.56869427 87.4862161450001,27.5684413320001 87.4843645820001,27.566866019 87.4853656450001,27.561604957 87.4838630200001,27.558038207 87.4845897700001,27.554736769 87.48956752,27.5460567700001 87.4854985200001,27.5450488320001 87.4832401450001,27.5429942700001 87.482684082,27.541746145 87.4810935200001,27.5331500190001 87.4775123320001,27.5268600200001 87.477896645,27.5244172070001 87.4772527700001,27.521562707 87.4793748330001,27.518872457 87.4800699570001,27.5169249570001 87.4788887070001,27.5121114570001 87.4780363950001,27.5110786440001 87.4744657700001,27.508829894 87.4730365830001,27.508850582 87.47075177,27.50718177 87.47032727,27.5045182690001 87.4722974580001,27.4996285820001 87.4700693950001,27.49804077 87.4690210200001,27.495620832 87.4705672700001,27.493550957 87.473110207,27.491141456 87.4741679570001,27.4893800190001 87.473785707,27.486384706 87.472350395,27.484169207 87.470170958,27.4823172690001 87.4669320200001,27.4804462070001 87.4634707700001,27.4760757070001 87.4613767070001,27.473999894 87.4616350200001,27.470282582 87.4630999570001,27.466351457 87.4628790820001,27.461945207 87.4632610830001,27.4604163320001 87.4626441450001,27.4570110820001 87.4626587700001,27.453687207 87.4634944570001,27.449976957 87.46361677,27.446422582 87.46188277,27.4422921440001 87.4615700830001,27.4385744570001 87.4601795830001,27.435052145 87.4597165820001,27.4311882690001 87.45890002,27.4291285190001 87.4587420820001,27.4256247070001 87.4556775830001,27.4188448940001 87.4524638950001,27.415518019 87.449615269,27.4136294570001 87.4492257700001,27.4107988320001 87.4469657700001,27.405911707 87.448484583,27.404453582 87.450215708,27.400201269 87.4516873950001,27.399000582 87.4531201450001,27.394762707 87.454931333,27.391615707 87.4575366450001,27.389021207 87.45922977,27.386413894 87.459707832,27.383248644 87.4591285830001,27.3793377690001 87.4592639580001,27.3773808940001 87.4610298330001,27.3713388950001 87.4626033320001,27.370133206 87.4678745200001,27.367660519 87.470189395,27.3651705820001 87.474533583,27.359097144 87.4765824570001,27.3575737690001 87.477028207,27.3533592690001 87.4792257700001,27.3485453320001 87.4803155820001,27.3473592060001 87.4815301450001,27.3442138940001 87.483012332,27.3423290810001 87.485594082,27.3406864570001 87.4879887700001,27.337302332 87.4936636450001,27.3336245190001 87.4950552700001,27.3321912070001 87.496255208,27.328443394 87.496098208,27.326523582 87.49672702,27.321769144 87.5000003950001,27.3136429570001 87.5026899580001,27.312721707 87.5042177700001,27.312867457 87.5093503950001,27.308660644 87.515418707,27.3066661440001 87.5175225820001,27.305063019 87.51881502,27.302145082 87.5190686450001,27.296389956 87.5128023950001,27.289939019 87.511239457,27.287706332 87.5099447700001,27.284479644 87.5061095820001,27.2807408950001 87.5043692070001,27.2779017070001 87.5015263330001,27.2754093950001 87.5000002070001,27.274839457 87.4966805820001,27.2710286440001 87.4943577700001,27.2686088940001 87.49184252,27.2650117060001 87.4907283320001,27.2598548940001 87.4892513950001,27.25803002 87.4836665830001,27.252516332 87.4821850820001,27.2498812700001 87.481610333,27.2443840190001 87.48029152,27.236684644 87.4794325830001,27.234789769 87.4768533320001,27.2317364570001 87.4749293950001,27.227218582 87.47399827,27.223872957 87.4711682070001,27.22020652 87.4701562070001,27.2186168310001 87.4698953330001,27.2165935190001 87.4712831450001,27.213783957 87.4708560830001,27.211111331 87.471202895,27.207759206 87.471181395,27.202801519 87.4699788330001,27.201304957 87.4726344580001,27.197552332 87.463052582,27.190564082 87.458422645,27.185813394</coordinates></LinearRing></outerBoundaryIs></Polygon>
  </Placemark>
  <Placemark id="koshi.10">
	<name>SOLUKHUMBU</name>
	<description>1</description>
	<Style><LineStyle><color>ff0000ff</color></LineStyle><PolyStyle><fill>0</fill></PolyStyle></Style>
	<ExtendedData><SchemaData schemaUrl="#koshi">
		<SimpleData name="DISTRICT">Koshi Province</SimpleData>
	</SchemaData></ExtendedData>
      <Polygon><outerBoundaryIs><LinearRing><coordinates>86.681496456,27.3598741440001 86.6823317060001,27.3566897690001 86.6810062060001,27.3532365190001 86.6730513940001,27.35231552 86.6682654570001,27.3476218320001 86.6630771440001,27.343030895 86.6602531440001,27.3397362700001 86.6565935200001,27.3396009570001 86.653349582,27.3389746440001 86.6481673320001,27.338584831 86.644236644,27.337994957 86.642148332,27.338515332 86.637375519,27.337756144 86.6284575190001,27.339021207 86.6209067070001,27.3411333940001 86.6166372690001,27.3415075820001 86.6093897700001,27.3431347690001 86.6056900190001,27.342287207 86.603034832,27.342252644 86.6007390820001,27.3411020190001 86.593748082,27.3432774570001 86.5920744570001,27.3434012070001 86.5895515820001,27.342585957 86.5843305820001,27.341699519 86.5765226440001,27.3417098940001 86.573175394,27.340465394 86.56908502,27.3457850820001 86.568199706,27.348848957 86.566062457,27.354433957 86.5669079570001,27.358539019 86.5666179570001,27.361198582 86.567443456,27.364141395 86.5664082690001,27.365796769 86.563832957,27.366867332 86.562931769,27.3688028940001 86.560088894,27.372081769 86.5571795820001,27.3741169570001 86.555179394,27.3745483320001 86.5536405810001,27.376050832 86.550396269,27.3780487070001 86.5446348940001,27.384639394 86.5405353940001,27.386724519 86.538490519,27.3871577690001 86.537925145,27.3883224570001 86.537134644,27.390811082 86.5344138940001,27.39650427 86.5288943940001,27.397993082 86.527817644,27.399027394 86.5268154570001,27.402447206 86.5227749570001,27.4045455190001 86.518216206,27.407391144 86.513143207,27.4097383320001 86.5113261440001,27.411460457 86.5095520820001,27.4150307690001 86.5076483940001,27.41742952 86.5075468940001,27.4210012070001 86.506899832,27.4227860820001 86.5049930810001,27.425121581 86.5022548320001,27.4265492690001 86.5000000190001,27.425690457 86.4937420810001,27.4272587070001 86.4910722690001,27.4267953950001 86.4894816440001,27.4240457060001 86.4873231440001,27.4221535820001 86.484580082,27.4219268320001 86.479643019,27.422524519 86.4758312070001,27.4210232070001 86.4724593320001,27.4224208320001 86.471261144,27.4249028940001 86.4696996440001,27.426747332 86.4670121440001,27.4281632070001 86.462832269,27.433486019 86.4655364560001,27.4376212700001 86.4687263310001,27.4409369570001 86.4698974560001,27.443967394 86.469813082,27.4452713320001 86.466090019,27.4476715820001 86.463238581,27.450584957 86.456905706,27.454206894 86.4563854570001,27.455256395 86.456910394,27.458151269 86.4556793310001,27.462167519 86.4540127060001,27.46347652 86.452632581,27.4656215200001 86.4507308940001,27.470000644 86.449125644,27.471844581 86.446789644,27.4772712070001 86.4438649570001,27.481792769 86.4420257070001,27.485519894 86.4384672690001,27.4853882690001 86.4338233930001,27.4860508940001 86.4311981440001,27.484399707 86.427771019,27.485491332 86.424896269,27.48775177 86.4243402070001,27.489031144 86.4204175190001,27.491934707 86.419324019,27.493762394 86.417292956,27.4956944570001 86.4162743940001,27.498517581 86.4138840190001,27.500066707 86.413186394,27.5027128940001 86.4129342690001,27.506771144 86.411188769,27.5077070190001 86.4095596440001,27.5112427070001 86.4038837690001,27.516733269 86.400641519,27.51791302 86.392535706,27.516995582 86.388924956,27.5158447690001 86.385466518,27.516797582 86.3782585810001,27.515682457 86.372377644,27.5183005820001 86.370810082,27.5198482070001 86.366667707,27.5209575820001 86.3632046440001,27.5253914570001 86.361135457,27.524186082 86.359339144,27.52443277 86.3579855190001,27.525976707 86.3600357070001,27.529323457 86.359820707,27.5331132700001 86.3607758310001,27.5342910190001 86.360330268,27.5365905190001 86.3609190820001,27.53949277 86.363135394,27.542341519 86.3647317690001,27.543359707 86.3672072690001,27.546396895 86.371345207,27.548577332 86.3730517690001,27.551658269 86.371131769,27.5561534570001 86.3716230810001,27.557908894 86.3740247060001,27.56178952 86.3775362690001,27.5652757070001 86.378679269,27.5677899570001 86.382658269,27.5708877070001 86.3842085190001,27.571524144 86.3876813940001,27.571604957 86.390131082,27.57215502 86.3921378320001,27.5751964570001 86.395114268,27.576811519 86.4006307070001,27.583031582 86.4034579570001,27.5828519570001 86.4050136440001,27.5839462070001 86.4081498940001,27.584528269 86.4102035810001,27.5842007690001 86.413316331,27.586468145 86.415845457,27.586519395 86.4203518310001,27.591105332 86.4215873940001,27.594310082 86.422271644,27.5979773940001 86.4270680810001,27.601720394 86.4326188310001,27.603961269 86.4371856440001,27.6100022700001 86.439505582,27.6106299570001 86.4440071440001,27.6109683940001 86.448772644,27.611914832 86.4498089560001,27.6126319570001 86.4571460810001,27.613707832 86.461271831,27.6148521440001 86.4660375810001,27.6158002070001 86.4696382690001,27.615877207 86.4720940190001,27.616845519 86.4753075820001,27.61669527 86.4790227070001,27.6155472070001 86.4827677690001,27.6167683940001 86.4870133320001,27.6168767070001 86.4917480810001,27.6150257690001 86.4949002690001,27.613462269 86.4978807690001,27.6185568940001 86.5000001440001,27.618575832 86.5022669560001,27.6200843940001 86.5028960820001,27.624455207 86.506357581,27.6290887690001 86.5068677690001,27.63134252 86.5066362060001,27.6333408950001 86.508391831,27.634734832 86.509365394,27.6399145190001 86.513790956,27.64215052 86.515099332,27.64425577 86.515402206,27.646962269 86.516383207,27.6479607690001 86.5185546440001,27.64663252 86.5216091440001,27.6472117700001 86.5245391440001,27.649081144 86.5286252070001,27.650130769 86.5293532690001,27.652843207 86.531112831,27.6545798940001 86.5310640820001,27.65670077 86.5295912070001,27.6592703950001 86.529916207,27.6605237700001 86.5317385810001,27.6616694570001 86.534974269,27.66227602 86.536320645,27.66384652 86.537891894,27.66807577 86.540443269,27.6700293320001 86.5412197690001,27.6747094570001 86.5390140820001,27.6783327700001 86.541396707,27.6828828320001 86.5412255190001,27.6875260200001 86.5416069570001,27.689600894 86.5431930190001,27.69253052 86.541524581,27.696342832 86.5426661440001,27.7013355820001 86.5440562060001,27.7032084570001 86.5471157690001,27.7049469570001 86.550322269,27.7077463320001 86.5512007070001,27.7093985820001 86.5533743940001,27.71059927 86.553906457,27.7134959570001 86.5537357060001,27.717274957 86.555961456,27.7193015820001 86.5567818310001,27.723740332 86.559311581,27.728308645 86.5586857700001,27.7311722700001 86.5590526450001,27.733578832 86.5599522690001,27.7350798950001 86.560672831,27.7381622070001 86.562600332,27.741160332 86.565690707,27.744660707 86.565301644,27.7490707700001 86.5715976440001,27.7516401440001 86.575178457,27.7543228320001 86.5727765810001,27.7590787070001 86.5684866440001,27.7623462070001 86.566333269,27.7702119570001 86.5683022690001,27.7759675200001 86.5686120810001,27.780237582 86.5680150190001,27.782530519 86.5685853320001,27.787004457 86.5700163320001,27.7884620200001 86.5712480190001,27.7908463320001 86.5712312690001,27.795115395 86.5680465820001,27.79934752 86.568558706,27.80205002 86.5694991440001,27.803736207 86.5677656440001,27.8042836450001 86.5645898320001,27.806189332 86.5631535190001,27.8059523950001 86.5553693310001,27.80848402 86.5506237070001,27.8107340820001 86.5487927060001,27.8111929570001 86.5448393940001,27.810900207 86.542765457,27.814607333 86.5431451440001,27.817866832 86.5459465810001,27.821238083 86.5462562690001,27.8268123330001 86.5478115810001,27.831391082 86.5495240820001,27.8346007700001 86.5497561440001,27.8371038940001 86.5515551440001,27.841360707 86.5525567070001,27.848146645 86.553278832,27.8492523950001 86.5554360820001,27.8549386450001 86.556518269,27.856880333 86.5568658940001,27.860755645 86.556215519,27.8642802700001 86.5549298320001,27.8676133330001 86.5543613310001,27.873369708 86.5534422060001,27.875898395 86.5536758320001,27.877997582 86.5556903940001,27.881663895 86.557038769,27.8852738940001 86.5562384570001,27.8883941440001 86.554678956,27.891940645 86.5546946440001,27.895548583 86.5541659570001,27.8988298950001 86.5566656440001,27.9024436450001 86.557132831,27.9067795830001 86.5558406440001,27.9115657080001 86.553001394,27.916858957 86.552205207,27.9188734570001 86.5511348940001,27.928612957 86.550219144,27.9301984570001 86.546573331,27.9324992700001 86.5444800820001,27.933058707 86.5412275190001,27.935441833 86.536898706,27.9414292700001 86.536139082,27.941857645 86.5308689570001,27.9411403330001 86.5262086450001,27.93956302 86.524145456,27.940176395 86.5223413940001,27.9438028320001 86.5209799570001,27.9500955830001 86.5206338310001,27.9529463320001 86.5179822690001,27.9563644570001 86.518662519,27.957262644 86.5158235810001,27.9600663320001 86.5154367690001,27.9646001450001 86.5145787690001,27.9669978950001 86.5148967690001,27.9687069570001 86.518705395,27.96964552 86.5211097690001,27.9712739570001 86.5224644570001,27.97443302 86.5178560190001,27.9774832700001 86.5161109570001,27.981441519 86.5152498940001,27.9845048330001 86.5168642070001,27.9879536450001 86.5181925810001,27.9897520820001 86.518674144,27.9987227080001 86.5174532070001,28.0012432070001 86.521960144,28.0044245820001 86.522155894,28.0080308330001 86.5232296440001,28.0128924570001 86.5246440820001,28.0165954570001 86.5234695820001,28.0185995200001 86.524627395,28.0204198330001 86.5277605190001,28.0229080820001 86.5311822690001,28.0240479570001 86.532110082,28.0260276450001 86.5334506450001,28.0264067700001 86.533762144,28.0279758950001 86.5328272690001,28.03173402 86.534234456,28.0331490200001 86.5348056440001,28.0358787700001 86.535786456,28.0378564580001 86.5360635820001,28.0432815200001 86.535767332,28.046382957 86.538929706,28.050594833 86.5460659570001,28.05102702 86.551315457,28.0505117700001 86.553956644,28.0527767070001 86.554938394,28.0546300830001 86.558216895,28.056520145 86.560645707,28.063206645 86.565087895,28.0659147700001 86.5677624570001,28.0687458950001 86.5675577690001,28.07134677 86.564865581,28.0728747700001 86.5632973940001,28.07606702 86.561136644,28.077219832 86.5621228310001,28.082457645 86.5645167690001,28.0848478950001 86.5667380190001,28.08623577 86.567663769,28.089027458 86.5692796440001,28.09160252 86.568986269,28.0941737700001 86.564452019,28.10089902 86.5640212690001,28.1024950820001 86.5647635810001,28.10691752 86.5661012690001,28.108395145 86.5690660820001,28.1096273950001 86.5706847690001,28.111577395 86.575072269,28.110713332 86.5768320190001,28.1128171450001 86.5788479560001,28.112636083 86.5805683310001,28.111231145 86.5907993310001,28.10784377 86.5915448310001,28.1070314580001 86.5918378320001,28.104336082 86.5959593320001,28.103628583 86.6049112700001,28.101678083 86.6067912070001,28.0998987070001 86.607418706,28.0975494580001 86.609264706,28.095359332 86.610443832,28.0919150820001 86.6094072070001,28.0901882700001 86.6050343940001,28.0873215830001 86.606317957,28.08428602 86.6066103940001,28.081622145 86.608580832,28.0792450820001 86.6107847690001,28.0757698950001 86.6149986450001,28.0736202080001 86.6183927700001,28.0732844570001 86.623601831,28.0745533950001 86.627951081,28.0740011450001 86.637240707,28.0704835830001 86.6414025190001,28.0731592700001 86.6438391440001,28.073792832 86.652407769,28.07459777 86.660382831,28.0808542070001 86.660417081,28.0831038320001 86.6618343320001,28.086020207 86.6623935200001,28.0902590200001 86.6633584570001,28.0919828950001 86.663615269,28.094792645 86.664994144,28.096826708 86.671078644,28.1006952070001 86.675163894,28.1020880200001 86.6806702690001,28.1025860830001 86.6828827690001,28.103369645 86.6893661450001,28.107357832 86.6915367060001,28.1084209570001 86.694249207,28.108381895 86.699211957,28.1076730820001 86.7062648940001,28.1070408320001 86.7104324570001,28.105770395 86.7134270190001,28.1058353330001 86.717901581,28.10768352 86.720052331,28.1067898950001 86.7234049570001,28.1063408950001 86.729127707,28.1034393950001 86.7320647070001,28.1032398950001 86.7366013320001,28.1034697700001 86.737963145,28.1028834580001 86.7407238320001,28.1035362700001 86.745025582,28.0980276450001 86.748310082,28.098092395 86.7509793310001,28.094108083 86.7499126440001,28.085556895 86.751412707,28.08408852 86.7532930190001,28.08109777 86.7558257700001,28.0791054580001 86.761771395,28.078064457 86.7646106440001,28.076722332 86.767355831,28.0744571450001 86.7658703320001,28.072566083 86.761939269,28.0704315830001 86.7586292700001,28.0690336440001 86.755593457,28.0647096450001 86.754941956,28.059496332 86.7539379560001,28.0546953320001 86.751754707,28.051636332 86.7495802700001,28.0510073950001 86.749015269,28.04856727 86.7496383320001,28.045425332 86.7517777690001,28.0442378320001 86.7531945810001,28.0401112700001 86.7553637070001,28.0376805830001 86.7590089560001,28.035674333 86.76150877,28.0348258330001 86.769806707,28.0367713950001 86.77367402,28.036974145 86.7753620190001,28.037755395 86.7778921440001,28.0361642070001 86.778858519,28.0343133320001 86.7826510820001,28.03117852 86.7821893940001,28.0279467080001 86.7830160810001,28.02607977 86.7851130820001,28.0256972070001 86.7857373950001,28.0247053950001 86.7882136440001,28.0237977080001 86.792547207,28.0186801450001 86.7965791440001,28.0205905190001 86.803591457,28.022462207 86.8051310820001,28.023362395 86.8074662700001,28.022979895 86.809470645,28.020825582 86.8142773320001,28.0188037070001 86.81906152,28.019868333 86.822652706,28.0195413330001 86.8264356440001,28.017519957 86.8283985200001,28.0173712070001 86.8305472070001,28.0150160200001 86.8382756440001,28.0150930200001 86.8397723320001,28.0154760820001 86.8412204570001,28.0173776440001 86.8434678940001,28.0173373320001 86.845533082,28.018729582 86.8474872070001,28.0186888320001 86.8499251440001,28.019704645 86.850149457,28.023445957 86.8506800810001,28.024705582 86.853209581,28.026829332 86.856531707,28.0278684570001 86.8579080820001,28.02711177 86.8617693950001,28.027172082 86.864088269,28.026107145 86.869887582,28.0250071450001 86.8749679570001,28.0219003330001 86.875278769,28.019687145 86.87367577,28.0160438950001 86.8735702690001,28.0130067700001 86.8755070820001,28.01025352 86.877623144,28.00932127 86.8791108950001,28.0078311450001 86.8813508320001,28.0066146450001 86.8837898950001,28.002844145 86.886854832,28.001149894 86.891504082,27.9994704580001 86.892386457,27.996713895 86.896655207,27.995877708 86.9020976450001,27.9940902070001 86.908777269,27.9934200820001 86.91198152,27.9927565200001 86.913676394,27.9916384580001 86.918412145,27.990427395 86.9204981450001,27.988808582 86.9237995190001,27.9888510820001 86.9278182690001,27.98762802 86.928374395,27.984139957 86.9297542690001,27.9826943320001 86.931720145,27.9821267080001 86.9344690200001,27.979688895 86.9356319570001,27.9773767080001 86.935222707,27.9721710200001 86.9354197690001,27.969278457 86.9349442700001,27.96548977 86.935944894,27.962349332 86.943741582,27.9597015190001 86.9473574570001,27.957918207 86.9519177070001,27.9565998950001 86.9558585190001,27.9565335190001 86.9671272690001,27.955564145 86.970069644,27.954533645 86.972034519,27.9549378950001 86.9755955190001,27.95411052 86.9787765190001,27.9522021450001 86.9848454580001,27.9493102700001 86.985763395,27.9492449570001 86.9847185190001,27.943888207 86.9829845190001,27.9404988950001 86.981647707,27.9350653330001 86.9821436440001,27.9321682070001 86.9812936450001,27.9291016450001 86.9819552690001,27.9228470200001 86.983566082,27.9196115820001 86.9762262070001,27.9157610820001 86.9742451440001,27.9130034570001 86.9743365200001,27.9105665820001 86.9703328320001,27.907530894 86.9695334570001,27.9024470200001 86.9702272690001,27.900937707 86.972638707,27.8981357070001 86.975214957,27.895818895 86.9756691440001,27.8947990830001 86.976256832,27.88891677 86.976092394,27.8860781450001 86.9768935820001,27.88316752 86.976088082,27.8782439570001 86.9764609570001,27.877124832 86.9810822700001,27.8735175200001 86.982623145,27.8707198320001 86.983015832,27.86814752 86.9868522690001,27.8626468320001 86.9866953320001,27.860895832 86.9886770190001,27.8582718320001 86.9891873320001,27.8552121440001 86.99065877,27.8523782070001 86.9922675820001,27.850338519 86.9932292070001,27.8443771450001 86.9919739570001,27.842894582 86.9921507070001,27.8391556440001 86.988796957,27.8363733320001 86.9878263950001,27.833234582 86.9835512070001,27.830673145 86.9796883320001,27.8270103950001 86.9792078950001,27.825649707 86.9830127070001,27.825250833 86.9868077070001,27.82393352 86.9908867070001,27.8254162700001 86.993671707,27.825660145 87.0006827700001,27.8240988320001 87.0028118320001,27.820729957 87.0052292700001,27.8193512070001 87.011183019,27.817489332 87.0126315190001,27.8145107070001 87.0103526440001,27.812678707 87.009450207,27.810176395 87.003398207,27.8026131450001 87.0018191440001,27.80178727 87.001314144,27.8004717700001 86.9960542690001,27.7948577700001 86.9905985820001,27.792865082 86.9863009570001,27.791804144 86.9855757070001,27.7908045200001 86.9886076450001,27.7839203950001 86.988521457,27.780129582 86.9839648320001,27.777529707 86.982168583,27.775719832 86.9817252070001,27.7722538940001 86.9826564570001,27.769094957 86.9823212700001,27.7668633320001 86.98380452,27.7638015200001 86.9837182690001,27.7615879570001 86.985461457,27.755820645 86.9842930820001,27.7534151450001 86.982421333,27.7521332700001 86.9814277070001,27.75000077 86.9869085820001,27.7477178950001 86.9914105820001,27.7439612690001 86.9942528320001,27.7430565820001 86.9966430200001,27.7408002070001 86.996626082,27.734556582 86.9978339570001,27.7314585190001 87.0015358320001,27.7293239570001 87.0052421450001,27.729725457 87.0089378320001,27.728098394 87.01071527,27.725719957 87.009608707,27.7222270820001 87.0099392070001,27.717465895 87.0075891450001,27.7112472690001 87.0059219570001,27.7094489570001 87.0028545820001,27.7071925820001 87.001805769,27.703449144 87.0019052700001,27.7011610820001 87.0006617070001,27.699204707 86.998730832,27.6977763950001 86.9950164570001,27.6962509570001 86.993248269,27.6948022070001 86.992145957,27.6927713320001 86.991105582,27.6889555820001 86.989433519,27.6848690200001 86.989106457,27.6790472700001 86.9904489570001,27.668187082 86.9897269570001,27.661338519 86.990001519,27.6586623950001 86.98914202,27.6561824570001 86.986718394,27.652756895 86.9861598320001,27.6460212690001 86.9822010820001,27.642146457 86.9787117700001,27.6410853950001 86.977516645,27.638115644 86.9758705190001,27.6357438320001 86.9703548940001,27.631931582 86.970234895,27.62941327 86.966744582,27.6239134570001 86.9650022070001,27.6217400190001 86.9621281450001,27.6194692070001 86.961122957,27.616855957 86.960752207,27.6123157690001 86.9597700190001,27.608553957 86.9588798940001,27.607053082 86.9565352700001,27.605159207 86.9563970820001,27.603108019 86.958988332,27.599839144 86.9583550200001,27.5975553320001 86.959186645,27.593593207 86.958889894,27.5912125190001 86.9593789570001,27.58891327 86.95860602,27.582554207 86.9589420190001,27.5787611440001 86.9586020820001,27.577066395 86.9568541450001,27.574428019 86.9559146440001,27.5720606450001 86.9566998320001,27.5707588940001 86.963210394,27.568707395 86.965574207,27.5666772070001 86.967735082,27.5625933950001 86.969008832,27.558683144 86.968747894,27.557101269 86.9691185200001,27.552554457 86.9697747690001,27.5507765190001 86.9687907700001,27.545347082 86.9691700820001,27.541267394 86.9676555820001,27.5399898320001 86.962631082,27.537251457 86.9608028950001,27.536603332 86.959940395,27.5353394570001 86.9566863950001,27.534047769 86.9548630200001,27.532666207 86.9525257070001,27.529434082 86.9504476450001,27.5276348940001 86.945674081,27.5166077690001 86.945142144,27.5122615820001 86.9457793940001,27.5075433320001 86.949425144,27.5024269570001 86.9497041440001,27.500423207 86.954591582,27.497026582 86.959527957,27.4916642700001 86.9628341440001,27.487432019 86.965392394,27.483240019 86.9619198950001,27.481544457 86.9611314570001,27.479524645 86.955380957,27.4764021440001 86.951278082,27.475595207 86.9501178940001,27.4738030820001 86.949969707,27.4714427070001 86.9490447690001,27.46984702 86.948784769,27.466482394 86.9457591440001,27.463608707 86.9467017700001,27.4623860200001 86.9454360820001,27.460855581 86.9428714570001,27.4603175190001 86.9426227070001,27.4589138320001 86.941984582,27.4540439570001 86.9426328310001,27.4502577060001 86.941200144,27.4503135190001 86.939214457,27.4474017700001 86.9355747070001,27.4429140820001 86.9332518940001,27.441245457 86.9298045200001,27.440941332 86.926230957,27.440030144 86.9217880190001,27.439463582 86.9183408320001,27.4400122070001 86.9156045190001,27.4382594570001 86.9125997070001,27.4351413320001 86.9094516440001,27.4342253940001 86.9084708440001,27.433186757 86.8999367070001,27.4344265190001 86.898319395,27.4339853320001 86.894377832,27.4349030820001 86.892497082,27.434558644 86.887878082,27.4309287070001 86.885544645,27.4318565190001 86.879545707,27.4291390820001 86.8777273950001,27.4293812070001 86.874439269,27.4280130820001 86.873006832,27.428070457 86.8711850820001,27.429357269 86.8676790200001,27.430852332 86.8616327070001,27.435082019 86.8597552690001,27.4352155190001 86.8545467700001,27.4327573320001 86.850638082,27.4341183940001 86.8473803320001,27.432864769 86.844882269,27.432830456 86.8419905200001,27.4310399570001 86.8396255820001,27.4303557690001 86.837552395,27.4305542070001 86.8332980820001,27.4318918320001 86.8307183320001,27.4352622700001 86.827687332,27.436547019 86.8254077070001,27.4396717700001 86.8242422700001,27.439932019 86.8218752070001,27.438904581 86.816950519,27.432900332 86.813444207,27.430652707 86.8110632070001,27.425556457 86.8106392070001,27.4220988320001 86.808306707,27.41765027 86.8062170200001,27.415077082 86.8009602700001,27.412533395 86.7972264570001,27.412153394 86.7937330820001,27.410665769 86.7910393940001,27.4071573320001 86.7895533940001,27.4072611440001 86.7842747070001,27.4105453940001 86.7789071440001,27.4111620190001 86.7736365820001,27.4114356440001 86.7719138950001,27.410561832 86.769861582,27.4082838320001 86.768017081,27.408382332 86.7646003940001,27.403759769 86.7639937700001,27.4021565190001 86.7625628320001,27.401495206 86.761985956,27.3997837690001 86.7599592060001,27.3982932060001 86.7590418950001,27.400261582 86.755896394,27.3971511450001 86.7541847700001,27.394178519 86.7499873940001,27.39522702 86.7490560190001,27.3960964570001 86.7435853320001,27.3972283320001 86.7397478950001,27.3964720810001 86.7365697070001,27.394281769 86.732959394,27.394383206 86.7269181450001,27.395048456 86.7234615200001,27.394601645 86.720119395,27.395405082 86.7174168940001,27.3949528320001 86.7121843940001,27.3953008940001 86.6987373310001,27.3930566450001 86.6903838950001,27.393148895 86.686720332,27.3923102700001 86.6833365190001,27.3899175190001 86.6837601440001,27.3848750820001 86.6858129570001,27.381831144 86.6847827700001,27.378389831 86.6846969570001,27.372648957 86.683616832,27.369819082 86.6811859570001,27.365704394 86.6823447690001,27.364064269 86.6823983950001,27.3623313320001 86.681496456,27.3598741440001</coordinates></LinearRing></outerBoundaryIs></Polygon>
  </Placemark>
  <Placemark id="koshi.11">
	<name>SUNSARI</name>
	<description>1</description>
	<Style><LineStyle><color>ff0000ff</color></LineStyle><PolyStyle><fill>0</fill></PolyStyle></Style>
	<ExtendedData><SchemaData schemaUrl="#koshi">
		<SimpleData name="DISTRICT">Koshi Province</SimpleData>
	</SchemaData></ExtendedData>
      <Polygon><outerBoundaryIs><LinearRing><coordinates>87.1885333320001,26.4134088930001 87.191513457,26.4051899560001 87.17475827,26.4030087680001 87.164944145,26.403719956 87.150733082,26.4096712680001 87.1449515200001,26.413019644 87.141499207,26.4146051430001 87.1328710820001,26.4211177060001 87.1206775200001,26.4299505810001 87.1115492070001,26.4368030810001 87.0939657070001,26.4500160810001 87.0900501450001,26.4711495810001 87.086370145,26.496931831 87.085360333,26.5034547060001 87.084307208,26.512209581 87.08228002,26.5229308310001 87.0812344570001,26.5272938310001 87.0783983320001,26.537002081 87.075124707,26.541641643 87.0745587700001,26.5604074560001 87.0754853940001,26.577005894 87.0744403950001,26.5840251440001 87.0742373320001,26.585458331 87.047093895,26.586954893 87.0447767700001,26.568005081 87.0225517700001,26.539795456 87.0177318950001,26.5317798940001 87.0067457070001,26.5280953930001 86.9999840190001,26.525316081 86.9932598950001,26.5228076440001 86.982700707,26.5248650190001 86.9817818320001,26.524803956 86.9775371440001,26.519716519 86.9681347700001,26.5219917680001 86.96838152,26.5233256440001 86.963707082,26.5234532060001 86.9617751440001,26.5200132690001 86.957608082,26.520722956 86.9547413320001,26.5201510810001 86.9492003940001,26.520634456 86.947016707,26.5167632060001 86.942883582,26.516619394 86.9422798320001,26.516194894 86.9379683940001,26.516608331 86.9350567690001,26.516428768 86.9339413320001,26.5142638930001 86.932116394,26.505459144 86.9308587070001,26.4965394560001 86.9322933320001,26.489284393 86.9065263950001,26.4879586430001 86.9069998320001,26.4890896430001 86.9093500820001,26.490508456 86.9090285820001,26.4923092060001 86.9120918940001,26.4949448310001 86.9123380190001,26.496168206 86.914148895,26.498852706 86.9171100200001,26.4997662060001 86.918791394,26.5012860190001 86.92029352,26.504135019 86.9187417700001,26.5067520810001 86.9183090820001,26.5093765190001 86.919204332,26.5120807690001 86.921048645,26.5154895810001 86.923574832,26.518016394 86.926050144,26.522739018 86.9289140820001,26.5262182060001 86.933017394,26.5301471430001 86.9357260200001,26.5332289560001 86.9410802070001,26.534269393 86.943383145,26.5352272060001 86.9480981440001,26.5365108930001 86.953343707,26.5369076440001 86.9562805190001,26.539099956 86.9592820820001,26.542269456 86.9642212690001,26.543182518 86.9687243320001,26.5463228310001 86.970148769,26.548433269 86.971192644,26.5511981430001 86.973753457,26.5529747680001 86.9754555200001,26.5561255810001 86.97631977,26.5577032690001 86.9789573950001,26.559592643 86.983555644,26.5623127060001 86.986956332,26.5649918930001 86.9905833320001,26.5684767060001 86.994870957,26.5720020810001 86.9941698320001,26.575877018 86.9924628940001,26.577869643 86.9881872700001,26.581008706 86.9858773320001,26.583639894 86.9846782690001,26.587178518 86.9849502070001,26.5900356430001 86.9868622070001,26.5951926440001 86.991315457,26.602717206 86.991809957,26.6044820810001 86.9915477070001,26.607084206 86.989325207,26.6127485810001 86.9872540200001,26.616038894 86.9821335190001,26.623032143 86.981284207,26.624853269 86.987901144,26.6286093310001 86.98820577,26.630229769 86.987299707,26.6316333940001 86.9879112690001,26.633646519 86.9909727070001,26.635474769 86.9912745820001,26.6369981440001 86.9909688320001,26.6406857060001 86.9935356450001,26.6446013930001 86.9929358940001,26.646391018 86.9935605200001,26.6492143310001 86.9962180200001,26.6516968930001 86.9973560820001,26.653714456 87.000966707,26.654899331 87.0033459570001,26.6547773930001 87.004737832,26.6559508940001 87.0050695830001,26.659566269 87.006903019,26.6612767680001 87.008481707,26.6656436430001 87.009471832,26.6666434570001 87.0152935200001,26.6697211430001 87.0158409570001,26.6705290190001 87.015750832,26.6749545810001 87.014571269,26.676843644 87.014361894,26.6798880810001 87.013177645,26.6825827690001 87.014133395,26.686094268 87.0167502070001,26.688944269 87.0163867700001,26.6927921440001 87.0164252700001,26.696466206 87.015464707,26.700363769 87.0125658320001,26.705229644 87.0120399570001,26.7076377060001 87.0124480200001,26.710510519 87.0156520190001,26.714757456 87.016607207,26.718724706 87.0163312070001,26.7217443930001 87.0198868950001,26.7247115810001 87.0201939570001,26.726878018 87.021334644,26.728010769 87.02697427,26.729413519 87.0278040200001,26.733170956 87.0278055190001,26.736960018 87.0306518940001,26.7408772690001 87.0335933950001,26.742690893 87.0355780820001,26.7448998310001 87.035245832,26.7477682690001 87.0369227690001,26.7504737690001 87.0387683320001,26.751617394 87.0403440200001,26.7537495820001 87.0457677700001,26.755941518 87.0507257690001,26.7521033310001 87.053933832,26.749267644 87.0612759570001,26.7456425820001 87.0670762070001,26.7442317060001 87.07132927,26.7501152680001 87.0742843940001,26.750610269 87.0758980200001,26.750356643 87.0860476440001,26.7504095190001 87.0937649570001,26.751180956 87.0988288330001,26.750836769 87.1016271450001,26.7509770190001 87.106255708,26.753250644 87.1075958320001,26.754468268 87.1100465820001,26.7579959560001 87.112920144,26.7612524560001 87.1154566450001,26.7647438930001 87.1233123950001,26.7781085820001 87.1243181440001,26.7804005190001 87.1293881440001,26.7857828940001 87.13033002,26.7900314560001 87.1305314570001,26.7927100810001 87.131345019,26.795214269 87.133236519,26.7984464560001 87.1351439570001,26.802633144 87.136413082,26.803381206 87.1376515200001,26.8058285810001 87.1383120200001,26.809192706 87.140077895,26.812176644 87.1443712070001,26.8150497070001 87.146029458,26.8197577060001 87.1466551440001,26.822456206 87.1445836440001,26.835073519 87.1461854570001,26.838407331 87.1518922700001,26.8462524560001 87.153251895,26.8521456440001 87.1541375190001,26.859794956 87.154787082,26.868132831 87.1565822690001,26.871330894 87.160559145,26.8750071440001 87.16256452,26.8756660810001 87.1663938950001,26.875702206 87.16728377,26.8775765190001 87.1710816450001,26.8773305190001 87.173116082,26.877756769 87.1770644570001,26.8766122690001 87.181745145,26.8768432680001 87.1840605820001,26.872651832 87.1872595190001,26.8706120190001 87.1902382700001,26.870714143 87.1913274570001,26.8695121440001 87.193050832,26.869649644 87.2012736450001,26.866591644 87.2022540820001,26.8656988320001 87.202872207,26.8651856440001 87.2081436450001,26.8660062060001 87.211798645,26.8651183320001 87.214010644,26.8637113940001 87.218514144,26.8629981440001 87.2206576440001,26.863443831 87.2235967070001,26.8687042070001 87.226012832,26.8706208310001 87.2290907700001,26.8712207070001 87.2297243940001,26.872672956 87.2325029570001,26.875114706 87.2351826450001,26.878091393 87.2366748330001,26.878138581 87.238325208,26.8760708940001 87.2396188320001,26.875522581 87.2430380820001,26.875284331 87.245800832,26.8725060190001 87.2492189580001,26.8721885190001 87.253200582,26.869863894 87.2547335820001,26.869811456 87.257563707,26.867750519 87.25890252,26.865568082 87.2645602700001,26.8673268310001 87.2661277080001,26.866658144 87.268281395,26.867037769 87.2717032690001,26.8687057070001 87.2760342070001,26.8677382060001 87.278324082,26.8689771430001 87.2806247080001,26.869238894 87.286625895,26.871262394 87.2886035820001,26.8711432690001 87.290336519,26.872006331 87.2922512700001,26.871889519 87.2940797690001,26.873447394 87.295929582,26.8730305820001 87.29856627,26.8744647680001 87.3011385820001,26.8738883940001 87.3022310200001,26.8704287690001 87.303684457,26.8688640180001 87.3065672700001,26.8693971440001 87.3081612080001,26.8709553310001 87.3102145830001,26.8716097060001 87.3130326450001,26.870091582 87.31469802,26.8664929560001 87.3181946450001,26.8647203940001 87.3209807700001,26.862242956 87.321916145,26.8620061440001 87.322739395,26.859239831 87.3245368950001,26.855830331 87.3262635200001,26.853842706 87.3280921450001,26.853425519 87.3307902080001,26.8545520810001 87.335183208,26.8551465190001 87.337027332,26.8546524560001 87.3404438950001,26.8520174560001 87.3463421450001,26.8489182060001 87.3499820820001,26.849308706 87.3525026450001,26.846488331 87.353738332,26.8427774560001 87.3563765200001,26.839056269 87.3553379570001,26.8373979560001 87.3542801450001,26.8339748940001 87.3519418320001,26.831947456 87.3521118950001,26.829782831 87.350153457,26.8273121440001 87.3493403320001,26.824639893 87.3522628950001,26.8235042690001 87.3516128320001,26.8201027690001 87.3495557080001,26.818399518 87.3490855190001,26.815990518 87.346425707,26.8135258940001 87.3452608950001,26.811793331 87.34344552,26.8065463940001 87.342610457,26.8059029570001 87.339420083,26.805682706 87.339299333,26.8041890810001 87.3345164570001,26.7996960190001 87.3333206450001,26.796911768 87.3304231450001,26.7950387060001 87.326154832,26.7877728940001 87.3260491450001,26.7855344560001 87.3271516450001,26.782634269 87.325828458,26.780249644 87.32624752,26.775114644 87.3281367070001,26.7721336430001 87.33015427,26.7670828940001 87.332480333,26.7652856440001 87.332107395,26.7641400810001 87.3350267070001,26.762569269 87.3353610820001,26.759772393 87.338921332,26.7567240810001 87.3409037700001,26.752370581 87.341254582,26.7480029560001 87.340495332,26.7458789560001 87.3405704570001,26.743441456 87.3397270830001,26.7396205810001 87.341559708,26.737808581 87.3413748950001,26.735671831 87.3384344570001,26.7360038310001 87.3368787700001,26.734579019 87.337648583,26.7326792690001 87.3353195820001,26.730215894 87.3323877700001,26.7282617070001 87.3332397080001,26.7250099560001 87.3308013320001,26.723756456 87.3280240830001,26.718651331 87.3276154580001,26.7148247690001 87.326377145,26.714421456 87.3240565820001,26.7160380820001 87.3223943950001,26.7161343930001 87.3217716450001,26.7149419560001 87.3242035820001,26.7129459560001 87.3241398320001,26.711264832 87.321803769,26.7091962060001 87.3209144580001,26.707255144 87.3189416440001,26.706715644 87.3179378950001,26.7054045190001 87.3164915200001,26.705331018 87.3157925820001,26.702015143 87.3133501450001,26.698545143 87.3124059580001,26.6960106430001 87.312629708,26.6937375810001 87.311788832,26.6899028930001 87.3115734580001,26.6855410810001 87.3080473320001,26.682044019 87.3069807700001,26.679202769 87.3056412700001,26.677621394 87.3064682080001,26.676349143 87.303911708,26.675041144 87.3022538330001,26.6748686440001 87.3011624580001,26.672295956 87.298015519,26.6706370810001 87.295009894,26.6680029560001 87.2934712700001,26.669956019 87.2915190830001,26.6695695810001 87.2911377070001,26.668035832 87.2918407070001,26.6664004560001 87.291242519,26.663792831 87.2889325200001,26.662195206 87.2903937080001,26.6609126440001 87.287583333,26.6573007690001 87.28901002,26.6540661440001 87.287478332,26.6515032680001 87.2909933940001,26.650494144 87.2920595200001,26.6487452060001 87.2920612070001,26.647197019 87.293800457,26.6432553940001 87.2977857070001,26.6384785180001 87.298127644,26.6369341440001 87.2967350200001,26.634718644 87.2994093950001,26.632241831 87.3028922700001,26.6309729560001 87.3037463950001,26.6292085810001 87.302864582,26.626906268 87.303635458,26.624999894 87.3034815820001,26.6214006430001 87.302876708,26.617220081 87.3033086450001,26.6151023310001 87.3016653320001,26.614403956 87.298248583,26.609764393 87.29623352,26.608712456 87.295277958,26.606913519 87.2944218950001,26.6027808310001 87.29174677,26.6017550190001 87.291052333,26.600632519 87.2919205200001,26.595534894 87.288631707,26.5937113310001 87.2877337070001,26.590494956 87.2890264580001,26.587994081 87.2912030190001,26.585793768 87.2937530820001,26.577803956 87.293551457,26.5755047060001 87.2897718950001,26.5727207690001 87.2891627700001,26.571523643 87.288328332,26.567300581 87.2865839570001,26.5629665180001 87.2864912700001,26.558775831 87.285292332,26.5582952680001 87.2817530200001,26.5590177060001 87.279524832,26.558119393 87.2786878320001,26.5557897690001 87.276990207,26.554763956 87.275336269,26.5526051430001 87.2752052700001,26.5508202680001 87.273762145,26.5497217060001 87.27053577,26.5494886440001 87.2678192700001,26.547311456 87.266172645,26.5438502690001 87.2637088330001,26.5417921440001 87.262386394,26.5392940190001 87.2625814570001,26.5373437690001 87.2635642690001,26.535349206 87.2630712070001,26.5337116440001 87.261593082,26.5332991440001 87.258554582,26.5341442060001 87.256837895,26.533077581 87.2578944570001,26.5298235810001 87.2569620200001,26.5279904560001 87.2546733950001,26.5277778940001 87.253441395,26.5268932060001 87.2530962700001,26.5245150810001 87.2498794570001,26.5231802060001 87.2484712070001,26.5207859560001 87.249349269,26.5161375810001 87.250918207,26.516304081 87.253039082,26.5216242060001 87.2544553320001,26.5219173310001 87.2565282690001,26.5196567690001 87.25618302,26.517276456 87.254214833,26.5143709560001 87.2524310190001,26.510876019 87.252580707,26.508237518 87.254254895,26.5066389560001 87.254580833,26.504598206 87.2549644570001,26.5028055810001 87.2527292070001,26.500410581 87.2512841450001,26.496542644 87.247733957,26.4908345810001 87.2487968940001,26.487964269 87.248083207,26.4858508310001 87.2462794570001,26.482407768 87.2464088940001,26.476336643 87.245463832,26.4744538310001 87.2415212070001,26.4713100180001 87.241065082,26.4696339560001 87.2422233330001,26.4684426430001 87.2445701450001,26.4675110810001 87.2460203940001,26.4655541430001 87.24756102,26.464533643 87.2483471450001,26.4615893930001 87.2468835190001,26.4584482060001 87.248037583,26.456376581 87.2475772070001,26.4539151430001 87.2494405830001,26.453521519 87.2489607690001,26.4513444560001 87.247306645,26.4478582690001 87.2475950190001,26.446422394 87.2466987070001,26.442014081 87.2483303320001,26.441792331 87.2479110200001,26.4391570810001 87.2506318320001,26.4322215190001 87.2493672690001,26.4276423310001 87.2480445190001,26.4262543930001 87.2476260190001,26.4236777690001 87.2482358950001,26.422871018 87.2453930200001,26.418872268 87.2457157700001,26.416210893 87.2475851450001,26.413930518 87.23125077,26.413373268 87.2288843330001,26.410215269 87.2286520200001,26.4091774550001 87.2265771450001,26.407937206 87.2249891450001,26.405425581 87.223171832,26.403510081 87.2205538320001,26.4040580810001 87.2190324570001,26.406342081 87.2135397070001,26.4090202690001 87.213805832,26.4128046430001 87.188869083,26.413907206 87.1885333320001,26.4134088930001</coordinates></LinearRing></outerBoundaryIs></Polygon>
  </Placemark>
  <Placemark id="koshi.12">
	<name>TAPLEJUNG</name>
	<description>1</description>
	<Style><LineStyle><color>ff0000ff</color></LineStyle><PolyStyle><fill>0</fill></PolyStyle></Style>
	<ExtendedData><SchemaData schemaUrl="#koshi">
		<SimpleData name="DISTRICT">Koshi Province</SimpleData>
	</SchemaData></ExtendedData>
      <Polygon><outerBoundaryIs><LinearRing><coordinates>87.6914092700001,27.2882721440001 87.690101208,27.2862725190001 87.6898717080001,27.2830581440001 87.6845234570001,27.279510144 87.683642895,27.274394456 87.6824026450001,27.270735894 87.67983352,27.2710102070001 87.6723380830001,27.269507456 87.671337458,27.2700357690001 87.6676093950001,27.2697151450001 87.660862271,27.2699163940001 87.6570495820001,27.2693634570001 87.6539181460001,27.2678459570001 87.6492144570001,27.269427082 87.6479988950001,27.2693785820001 87.6453063960001,27.2713722070001 87.6405321460001,27.2730030820001 87.637016083,27.2728995190001 87.6345427700001,27.2743955190001 87.632358083,27.2741300820001 87.6294085200001,27.274741394 87.6270948950001,27.276812019 87.624983021,27.2794051450001 87.62166927,27.279724582 87.6182429580001,27.2810214570001 87.6111962700001,27.2820114570001 87.609269957,27.283297019 87.60468652,27.283655394 87.5982937080001,27.283224832 87.5928468320001,27.283879831 87.5875274580001,27.2839428940001 87.5849423330001,27.284411769 87.583300395,27.283879331 87.5810303330001,27.2847078940001 87.5786854580001,27.2847492070001 87.5727198330001,27.2864887060001 87.5678985200001,27.286551269 87.565284332,27.285038706 87.563197582,27.284683832 87.559976895,27.2849810820001 87.5570665830001,27.2858456450001 87.5554696450001,27.285700832 87.5550295200001,27.285711582 87.552964457,27.286545645 87.5520350200001,27.288476394 87.548175895,27.2900688940001 87.5456531450001,27.292628644 87.54472702,27.2928172690001 87.5416517080001,27.2913715190001 87.538912145,27.2907818320001 87.535127457,27.291897582 87.531749145,27.292309894 87.5285463320001,27.294576331 87.5234767700001,27.296709707 87.5190686450001,27.296389956 87.51881502,27.302145082 87.5175225820001,27.305063019 87.515418707,27.3066661440001 87.5093503950001,27.308660644 87.5042177700001,27.312867457 87.5026899580001,27.312721707 87.5000003950001,27.3136429570001 87.49672702,27.321769144 87.496098208,27.326523582 87.496255208,27.328443394 87.4950552700001,27.3321912070001 87.4936636450001,27.3336245190001 87.4879887700001,27.337302332 87.485594082,27.3406864570001 87.483012332,27.3423290810001 87.4815301450001,27.3442138940001 87.4803155820001,27.3473592060001 87.4792257700001,27.3485453320001 87.477028207,27.3533592690001 87.4765824570001,27.3575737690001 87.474533583,27.359097144 87.470189395,27.3651705820001 87.4678745200001,27.367660519 87.4626033320001,27.370133206 87.4610298330001,27.3713388950001 87.4592639580001,27.3773808940001 87.4591285830001,27.3793377690001 87.459707832,27.383248644 87.45922977,27.386413894 87.4575366450001,27.389021207 87.454931333,27.391615707 87.4531201450001,27.394762707 87.4516873950001,27.399000582 87.450215708,27.400201269 87.448484583,27.404453582 87.4469657700001,27.405911707 87.4492257700001,27.4107988320001 87.449615269,27.4136294570001 87.4524638950001,27.415518019 87.4556775830001,27.4188448940001 87.4587420820001,27.4256247070001 87.45890002,27.4291285190001 87.4597165820001,27.4311882690001 87.4601795830001,27.435052145 87.4615700830001,27.4385744570001 87.46188277,27.4422921440001 87.46361677,27.446422582 87.4634944570001,27.449976957 87.4626587700001,27.453687207 87.4626441450001,27.4570110820001 87.4632610830001,27.4604163320001 87.4628790820001,27.461945207 87.4630999570001,27.466351457 87.4616350200001,27.470282582 87.4613767070001,27.473999894 87.4634707700001,27.4760757070001 87.4669320200001,27.4804462070001 87.470170958,27.4823172690001 87.472350395,27.484169207 87.473785707,27.486384706 87.4741679570001,27.4893800190001 87.473110207,27.491141456 87.4705672700001,27.493550957 87.4690210200001,27.495620832 87.4700693950001,27.49804077 87.4722974580001,27.4996285820001 87.47032727,27.5045182690001 87.47075177,27.50718177 87.4730365830001,27.508850582 87.4744657700001,27.508829894 87.4780363950001,27.5110786440001 87.4788887070001,27.5121114570001 87.4800699570001,27.5169249570001 87.4793748330001,27.518872457 87.4772527700001,27.521562707 87.477896645,27.5244172070001 87.4775123320001,27.5268600200001 87.4810935200001,27.5331500190001 87.482684082,27.541746145 87.4832401450001,27.5429942700001 87.4854985200001,27.5450488320001 87.48956752,27.5460567700001 87.4845897700001,27.554736769 87.4838630200001,27.558038207 87.4853656450001,27.561604957 87.4843645820001,27.566866019 87.4862161450001,27.5684413320001 87.4887297700001,27.56869427 87.4908315200001,27.5701152070001 87.4914777700001,27.574508457 87.492287145,27.576554457 87.4984267070001,27.5797412690001 87.501034207,27.5806570190001 87.50640502,27.5874362070001 87.508104582,27.5899482070001 87.51226252,27.594967082 87.5128033330001,27.596483644 87.5153286450001,27.598669832 87.5227422080001,27.5963698320001 87.5253889570001,27.595039769 87.5275307700001,27.59259252 87.531171708,27.593806145 87.5319337080001,27.5946471440001 87.53091577,27.5979815200001 87.530266957,27.602772207 87.5313100830001,27.6083235200001 87.5325271450001,27.610543707 87.5331120820001,27.613887769 87.53544077,27.618053144 87.5367407700001,27.6195667690001 87.538658958,27.6243181450001 87.5378596450001,27.6263926450001 87.5371773950001,27.6314293940001 87.5388222080001,27.6329573940001 87.541621395,27.634512457 87.5445183950001,27.6348530820001 87.5464701450001,27.6357818320001 87.5474778320001,27.63742052 87.547525895,27.640198019 87.5468288330001,27.6454943320001 87.5432245200001,27.6486245200001 87.5422529570001,27.650715582 87.5386163950001,27.650806457 87.5348302080001,27.6519267690001 87.5396217700001,27.6545527700001 87.5452684580001,27.6568457700001 87.548004646,27.6592425200001 87.5486602700001,27.662383144 87.5476569580001,27.663968832 87.5481788320001,27.6651965190001 87.550933645,27.666950145 87.5521740200001,27.6714490190001 87.5514130820001,27.67612052 87.5519095830001,27.6804734570001 87.5553933320001,27.687573957 87.5574254570001,27.6892738940001 87.5601781450001,27.69047677 87.560783208,27.691667957 87.5604840830001,27.693783395 87.561318332,27.6954340190001 87.5631837710001,27.6968411450001 87.5635825200001,27.698089582 87.565487395,27.6990182070001 87.5667650830001,27.698518832 87.5701728320001,27.694590019 87.5750635200001,27.6940913940001 87.5771635830001,27.692850707 87.57747177,27.688659269 87.5770369580001,27.6845431450001 87.5784153320001,27.679631957 87.5799941450001,27.6775292070001 87.58233877,27.6758653950001 87.583907083,27.6757482690001 87.5867428320001,27.6770788320001 87.5905380830001,27.6803141440001 87.593700895,27.6810182070001 87.5950559570001,27.67956152 87.59741052,27.679752207 87.6025890820001,27.679086769 87.6035338950001,27.6781642070001 87.6034318950001,27.6747078940001 87.605013645,27.6737036440001 87.607825145,27.6739372700001 87.6103809580001,27.675027207 87.612550958,27.679072332 87.61304627,27.682770582 87.6170938330001,27.685397145 87.6189475830001,27.68834252 87.6192135200001,27.690214144 87.6175815820001,27.6962843320001 87.6153371450001,27.6990583950001 87.6158437070001,27.70112077 87.61772977,27.7042555190001 87.6232453950001,27.7099642700001 87.6244601450001,27.711567582 87.6291245200001,27.712419707 87.6326471450001,27.7121351440001 87.635169895,27.7114714570001 87.6393719580001,27.709439457 87.6419291460001,27.709811207 87.6422297710001,27.7144917690001 87.6406456450001,27.716651707 87.6403958320001,27.718153332 87.6428557080001,27.722537394 87.6449045200001,27.72426302 87.6466818960001,27.7269127070001 87.643770708,27.730676395 87.6494758950001,27.7342215200001 87.652691582,27.7372141450001 87.6545048950001,27.738494019 87.6578797070001,27.73901277 87.6588484580001,27.741860145 87.660456083,27.7443367700001 87.666410645,27.7505154570001 87.6642265820001,27.7530801450001 87.662165207,27.7575012070001 87.6602917700001,27.75913702 87.6597086450001,27.761393895 87.6606090210001,27.7623192070001 87.665057958,27.764154832 87.667602833,27.765602458 87.6699279580001,27.7677144570001 87.672020645,27.771517519 87.674194083,27.7731653320001 87.67297777,27.77556077 87.6734372080001,27.78043452 87.6755468330001,27.7838403330001 87.6794347700001,27.788300082 87.6799311460001,27.7901884570001 87.6787935820001,27.7932130190001 87.6760762700001,27.797138895 87.6751193330001,27.7992351450001 87.67344452,27.79983902 87.6709937700001,27.801676333 87.6691513320001,27.805367582 87.6680260320001,27.8066298310001 87.676111958,27.807414082 87.678024646,27.809956582 87.682557333,27.809604832 87.684922208,27.810373832 87.686179145,27.8116018320001 87.6896990830001,27.81212127 87.6922427700001,27.8118603950001 87.6946415200001,27.81065477 87.696492145,27.8106453940001 87.7012205830001,27.8119392080001 87.707293458,27.8100987070001 87.709754708,27.811401457 87.7133606450001,27.8108887070001 87.7213737700001,27.808626895 87.7229822080001,27.806930832 87.7260246450001,27.805186457 87.7279205820001,27.8050523950001 87.7311690820001,27.806434144 87.7352565830001,27.808799644 87.737124957,27.811339333 87.7388926450001,27.8127716440001 87.7385344570001,27.814501895 87.736794708,27.817306769 87.7364353950001,27.8188723320001 87.737745395,27.8210065820001 87.7385265200001,27.82363552 87.740108895,27.8249424570001 87.74151227,27.827157395 87.744352582,27.8296105200001 87.745888833,27.8343337700001 87.747566083,27.8359288950001 87.7527598950001,27.834984644 87.756000333,27.835677645 87.756737457,27.836461082 87.7586896450001,27.8415134570001 87.759850145,27.842669082 87.7616863330001,27.848529894 87.7634070820001,27.8504517700001 87.7672008330001,27.8556517700001 87.7687446450001,27.8592871450001 87.7705505820001,27.8607548320001 87.7760950200001,27.862655207 87.7781279580001,27.8647714570001 87.781226771,27.865658707 87.7796712700001,27.8682690200001 87.7812143950001,27.8716288950001 87.779824395,27.8741389570001 87.7780808950001,27.8752522070001 87.7779874570001,27.877714332 87.780041833,27.8812698950001 87.7805884570001,27.8849107070001 87.7819117070001,27.886972207 87.782718458,27.889686457 87.7850748330001,27.892017332 87.786682646,27.898194894 87.788447896,27.9000552700001 87.7926183330001,27.9017258330001 87.7963620200001,27.902690207 87.7998436450001,27.9056438320001 87.8062398330001,27.9083862690001 87.8084407710001,27.9106183320001 87.808083583,27.9132219570001 87.812010458,27.917887395 87.8161500210001,27.92123152 87.819139895,27.920642894 87.8214637080001,27.921416519 87.8234636450001,27.919001645 87.825524896,27.9187320820001 87.8277468950001,27.9207291450001 87.8284207710001,27.926241582 87.8298058330001,27.928970082 87.8290023960001,27.932718144 87.8270848330001,27.9342863950001 87.8279040210001,27.93843752 87.8296747700001,27.9423278950001 87.8307964580001,27.943898269 87.831985645,27.9471423320001 87.8339711460001,27.9485269570001 87.8343908960001,27.95264202 87.8367327700001,27.9513688320001 87.8420153330001,27.95021302 87.843679582,27.950202833 87.8462844570001,27.9485510820001 87.847835457,27.9469057700001 87.850138208,27.946262082 87.8528165210001,27.948314457 87.857288333,27.9484626440001 87.8590607080001,27.948156082 87.859871083,27.9468513950001 87.8598958950001,27.944369395 87.8605813330001,27.942690957 87.860525458,27.9398146450001 87.861851583,27.9364377700001 87.8598206450001,27.9320575200001 87.8570051450001,27.929493958 87.8566093950001,27.9285104570001 87.8599897080001,27.926776895 87.8629038330001,27.9237037080001 87.8632350820001,27.920707582 87.8657555200001,27.9183068950001 87.8670301450001,27.9125860830001 87.868488395,27.910548519 87.8747340210001,27.913602332 87.8796432080001,27.91453677 87.8843643960001,27.9127917700001 87.8904508950001,27.9099164570001 87.892680833,27.9100577070001 87.9020406450001,27.91143627 87.904910021,27.9124801450001 87.906222396,27.914285519 87.9104455820001,27.916680833 87.9133905210001,27.916108583 87.9158822080001,27.9169990190001 87.9181114580001,27.9170428950001 87.9199433950001,27.9159679570001 87.9225029580001,27.915713957 87.9332440210001,27.9177488940001 87.936109645,27.9169803950001 87.938062083,27.9144469570001 87.9389193330001,27.912313457 87.940815145,27.9109603320001 87.9442631460001,27.909637145 87.9558161460001,27.909437957 87.95868052,27.908571957 87.959108208,27.9067369570001 87.9602114580001,27.9061178320001 87.9645445830001,27.8996257700001 87.9665517700001,27.8971501450001 87.9670653950001,27.8950775820001 87.969097833,27.8929537700001 87.970753583,27.8920960190001 87.9733996450001,27.891723144 87.9790423950001,27.88918102 87.9859000210001,27.887417457 87.987448208,27.8857119570001 87.9890602080001,27.8874737690001 87.9936337710001,27.8892931450001 87.9976761460001,27.8924362700001 88.0003063950001,27.893400894 88.0014618960001,27.8956013320001 88.003562833,27.8974023320001 88.006377458,27.8981601450001 88.0133323330001,27.898167895 88.0179257080001,27.8984182070001 88.0206070200001,27.8980148950001 88.0223888960001,27.8969052080001 88.024418896,27.8965313940001 88.025132333,27.898263333 88.029860145,27.905197458 88.0326830830001,27.9056614570001 88.0392272700001,27.904303644 88.0409862700001,27.9023387070001 88.044355646,27.899678082 88.050266208,27.8985637070001 88.051841708,27.897613145 88.056805458,27.896119894 88.057039021,27.894283832 88.0587430830001,27.890825583 88.0609148950001,27.8881510200001 88.0631653330001,27.8877547070001 88.067155396,27.8860791450001 88.0687554580001,27.8872715200001 88.0706145840001,27.8899464570001 88.074623833,27.8934935820001 88.0794862710001,27.894387395 88.080954896,27.895546833 88.0858411460001,27.89563027 88.088277271,27.893921145 88.087988458,27.8926577080001 88.0907075200001,27.8905583320001 88.0921205830001,27.8871944570001 88.0930312080001,27.877991083 88.0927912080001,27.8734941450001 88.09360752,27.871157082 88.096543271,27.869085145 88.098425395,27.8669606450001 88.1012784580001,27.8669695190001 88.1059172710001,27.867550582 88.1099408330001,27.867310645 88.114581333,27.8680651450001 88.1182467090001,27.8701472700001 88.121796208,27.8747797080001 88.125608271,27.8780042700001 88.128811333,27.881305894 88.1302144590001,27.8818787070001 88.133573084,27.881379644 88.137721458,27.881440207 88.142824708,27.877939332 88.1467557710001,27.8779315200001 88.1502425200001,27.876478832 88.1513918960001,27.8765256450001 88.1553710200001,27.8727313950001 88.1564504580001,27.8705563950001 88.1593466460001,27.8706065820001 88.165488333,27.868828895 88.167795895,27.867505269 88.1694228960001,27.8655715200001 88.1751658960001,27.86306577 88.176935895,27.8605237690001 88.1785640830001,27.8593750200001 88.179392959,27.8576735820001 88.1812114590001,27.856405895 88.1858910830001,27.8568508320001 88.1880101460001,27.8564986440001 88.1910155830001,27.85363227 88.1937989580001,27.85437527 88.198355458,27.854304207 88.199367458,27.8528469570001 88.2000064580001,27.849723457 88.1996350210001,27.8484925820001 88.2006359580001,27.845453895 88.2029755840001,27.843894832 88.204064771,27.842425582 88.2042985210001,27.8391724570001 88.2038905200001,27.837222207 88.2020377700001,27.8363065830001 88.197848396,27.8358827690001 88.1965041460001,27.8341188320001 88.1942162080001,27.8322728320001 88.193540646,27.829508144 88.1913076450001,27.826174769 88.1899595830001,27.82502902 88.1843376460001,27.822518895 88.182338083,27.82271202 88.1758301460001,27.820436957 88.176262395,27.817164083 88.181562458,27.815530519 88.182825645,27.8140780200001 88.187781521,27.81045727 88.1887686460001,27.80743002 88.1886646460001,27.8034127070001 88.190758583,27.799225269 88.193826458,27.79762852 88.1947018960001,27.7963620200001 88.196411395,27.7959637070001 88.1979673960001,27.793139019 88.1995703950001,27.791999332 88.1999195830001,27.790583957 88.1984142700001,27.788656707 88.1979273950001,27.786249082 88.1944389590001,27.78431877 88.1907814580001,27.7811826450001 88.190455646,27.780208519 88.1877495200001,27.776881395 88.1846083330001,27.7762269570001 88.183856145,27.7754663320001 88.184917833,27.7737741450001 88.1840090200001,27.770316457 88.1843647700001,27.7681475200001 88.1859608340001,27.7667417700001 88.1842083330001,27.76254227 88.1793052080001,27.75769502 88.1802792710001,27.752829207 88.1813570830001,27.7500020190001 88.1811772080001,27.7467907700001 88.1788746450001,27.745919207 88.176455333,27.74309477 88.1723520200001,27.7413652700001 88.1686697710001,27.741173082 88.165152021,27.7401220200001 88.1610465210001,27.7405513940001 88.1610157710001,27.738906894 88.1588885200001,27.7363007070001 88.1572913960001,27.7292003950001 88.156903646,27.7253117070001 88.1574870210001,27.7240208320001 88.1571746450001,27.7218123320001 88.1581781460001,27.7201411450001 88.1580308330001,27.7171777070001 88.1567650200001,27.7158503950001 88.1561412710001,27.7133196450001 88.153908458,27.7098411440001 88.152019646,27.7079030200001 88.1517403330001,27.7051437700001 88.150076084,27.702727645 88.151019396,27.701727082 88.153272895,27.698824895 88.15345627,27.6961317700001 88.155930583,27.6933337070001 88.15740177,27.6904244570001 88.1542290830001,27.6872448940001 88.153029395,27.6848204570001 88.151674083,27.6841639570001 88.150911395,27.6812213320001 88.149402895,27.678765582 88.149122708,27.6740885190001 88.1472412080001,27.6653770820001 88.1420263960001,27.6601248320001 88.1416300210001,27.6590473320001 88.138504083,27.656519019 88.133888208,27.6550835190001 88.1318978950001,27.6525096450001 88.1306039580001,27.652109582 88.12699452,27.6493277070001 88.124788208,27.646295207 88.1224630200001,27.6448227070001 88.123252645,27.6392095200001 88.1224758330001,27.6366437070001 88.1210862080001,27.634410019 88.1198623330001,27.629535144 88.1201975210001,27.628433644 88.1221075830001,27.6269967700001 88.1179058960001,27.6207380820001 88.1169217710001,27.614746645 88.1159861450001,27.6117195200001 88.1162801450001,27.610363394 88.111192395,27.60581052 88.1098398330001,27.603477082 88.108233833,27.6022580200001 88.1034380200001,27.6007438950001 88.099748645,27.5986027070001 88.0962832700001,27.5978268320001 88.0922548330001,27.59485777 88.0876963960001,27.589938832 88.0832315200001,27.5822595820001 88.0824280210001,27.5799892690001 88.0813068950001,27.5790864570001 88.0809836450001,27.5767875820001 88.0798279580001,27.575456332 88.077865833,27.5715343950001 88.0804863330001,27.5689960190001 88.082011208,27.5681538320001 88.0836592080001,27.5645783320001 88.082537958,27.5636484570001 88.0817957080001,27.5615400820001 88.0786400210001,27.5584577700001 88.0758385830001,27.556566144 88.0735513960001,27.556261207 88.0714949580001,27.554950395 88.071715834,27.5529969570001 88.0707317700001,27.55064902 88.0713183330001,27.549144144 88.071144958,27.5461445190001 88.0692315210001,27.5446813940001 88.067762271,27.5444354570001 88.0656886460001,27.5413218940001 88.0635102700001,27.5397975820001 88.0616115830001,27.5348392070001 88.061660896,27.532460707 88.0642083960001,27.5298915820001 88.067880458,27.529306144 88.0695628330001,27.5268067690001 88.068764021,27.526192457 88.0648405210001,27.525685519 88.0625829580001,27.523390082 88.0600285200001,27.5176447690001 88.0599148960001,27.5158247700001 88.0634705200001,27.5131825820001 88.063496146,27.5108471450001 88.0601879580001,27.5092004570001 88.0574501450001,27.504399645 88.055216021,27.5045022690001 88.0522261450001,27.503496082 88.051538646,27.501980519 88.0494913950001,27.5015040810001 88.047173958,27.4981461450001 88.046338146,27.4949845200001 88.0470944580001,27.493622832 88.046474958,27.4900512070001 88.0465520830001,27.4846941440001 88.047873145,27.481126019 88.046564333,27.478229706 88.0482406450001,27.4754576450001 88.0498599580001,27.4743353320001 88.0510663330001,27.4722345820001 88.0530767710001,27.471892269 88.056379958,27.468830269 88.0588223340001,27.4677015820001 88.059828021,27.4656700200001 88.0619107700001,27.463318832 88.0630590200001,27.4608597070001 88.0663513950001,27.4587136440001 88.068473333,27.458550707 88.0696545210001,27.457625582 88.068691458,27.4546117690001 88.0673425200001,27.4532841440001 88.068979271,27.452193019 88.06984902,27.4493456440001 88.0729250200001,27.447559832 88.075080896,27.44523952 88.0705348330001,27.438968082 88.0705807080001,27.4380223320001 88.0671493950001,27.435253082 88.061497708,27.431934332 88.0590760210001,27.4314360810001 88.0553091450001,27.428095956 88.052665333,27.4267079570001 88.0501580200001,27.4240193320001 88.04637252,27.4189867690001 88.0424653330001,27.4149523940001 88.0399668330001,27.413226894 88.0364533330001,27.408058957 88.0339355200001,27.4015793940001 88.0324573950001,27.4000402070001 88.0292752710001,27.3941160200001 88.0271575830001,27.387299394 88.0270999580001,27.38345952 88.0260647700001,27.380509019 88.0260732080001,27.3782052070001 88.0233225200001,27.372167082 88.021872708,27.3699326440001 88.02071127,27.3648282070001 88.02179627,27.3613319560001 88.0210026460001,27.3598102070001 88.020129458,27.3539477690001 88.017211896,27.3509725810001 88.015909895,27.3503548320001 88.0156796460001,27.3476217690001 88.014708146,27.3462479560001 88.0125895830001,27.3457195190001 88.0129132700001,27.343041144 88.0107296460001,27.3409743940001 88.0094703330001,27.338284769 88.008016458,27.337203206 88.0065875830001,27.3344697690001 88.0060472710001,27.3319961440001 88.0067455830001,27.330639519 88.0064364580001,27.328791519 88.0022320830001,27.3258907060001 87.9976220200001,27.323710207 87.9934653330001,27.32320952 87.991056208,27.321198144 87.9898606460001,27.318711082 87.988906521,27.318950144 87.9843889570001,27.314385832 87.9848903330001,27.312013081 87.9820703950001,27.307628456 87.9785502080001,27.305604331 87.977372583,27.3038119560001 87.9766204580001,27.3012155820001 87.9710528950001,27.300363082 87.9706944580001,27.2980753320001 87.9680757080001,27.295810019 87.9664763950001,27.295026831 87.9642243960001,27.292291769 87.9620324580001,27.291451706 87.9619713960001,27.2882593320001 87.9566353960001,27.2845750810001 87.95302452,27.2823613940001 87.951332457,27.2831829560001 87.9453649580001,27.2820297690001 87.9428524580001,27.2804265820001 87.9403716450001,27.280409456 87.9405000200001,27.2819271440001 87.9375627700001,27.281621956 87.936260895,27.282973269 87.9277032080001,27.2803247690001 87.9248138950001,27.2822122690001 87.92264277,27.2819310190001 87.9210174580001,27.2827517690001 87.920283021,27.2854192070001 87.918564082,27.28554102 87.9169663330001,27.284116457 87.914140833,27.2851142060001 87.9113629570001,27.2850713940001 87.9087136460001,27.284147707 87.905658396,27.2862570190001 87.9036172080001,27.28533602 87.9010178330001,27.285346019 87.8969837080001,27.286123332 87.8936988950001,27.283718707 87.8945792710001,27.282248644 87.8932304580001,27.281600645 87.889644645,27.283311332 87.8876885210001,27.281784832 87.8839282710001,27.2831806450001 87.881292208,27.2834183320001 87.8784265200001,27.2815973310001 87.87764902,27.2797158320001 87.8737405200001,27.2799185820001 87.87263977,27.2789190820001 87.869916646,27.279477645 87.866079396,27.2791764570001 87.8633075210001,27.281531269 87.8601392080001,27.2823405190001 87.8582199570001,27.2840085820001 87.8551690830001,27.2855797060001 87.8509605830001,27.284729832 87.8484044580001,27.2856908320001 87.8444199580001,27.285482519 87.8422723950001,27.285876832 87.8338343950001,27.2834542690001 87.8266022080001,27.2801757070001 87.823656521,27.280574394 87.820422083,27.2786122690001 87.8154735210001,27.277239894 87.8129460200001,27.277049269 87.810718083,27.2756767700001 87.8056682070001,27.276256457 87.8024313330001,27.2753837700001 87.800314083,27.2764790190001 87.798517582,27.2763538950001 87.7936683950001,27.2747952070001 87.791262708,27.2745831440001 87.7842733950001,27.272564581 87.780429021,27.2729020190001 87.7792320820001,27.273098207 87.776249395,27.2753306440001 87.7711632080001,27.2757875190001 87.7698143950001,27.2763048950001 87.7676387710001,27.2793495820001 87.76562627,27.2790288940001 87.7623437070001,27.2800351440001 87.759528833,27.279824831 87.756638395,27.2807633940001 87.7542907700001,27.2791513940001 87.7513745200001,27.278797019 87.747748083,27.2775054570001 87.7456246450001,27.2779500190001 87.7430605210001,27.2793581440001 87.7405748950001,27.27994677 87.7379350830001,27.278895644 87.7343595830001,27.2783232690001 87.72672577,27.285814019 87.7220943330001,27.285718457 87.719107395,27.2852757690001 87.71628552,27.2867389570001 87.7134120200001,27.2861647060001 87.711079645,27.286472082 87.70925427,27.2882752690001 87.70639227,27.2883236440001 87.7040762710001,27.290135956 87.6988000200001,27.29106052 87.6964568320001,27.2888608320001 87.6933925210001,27.2888625190001 87.6914092700001,27.2882721440001</coordinates></LinearRing></outerBoundaryIs></Polygon>
  </Placemark>
  <Placemark id="koshi.13">
	<name>TERHATHUM</name>
	<description>1</description>
	<Style><LineStyle><color>ff0000ff</color></LineStyle><PolyStyle><fill>0</fill></PolyStyle></Style>
	<ExtendedData><SchemaData schemaUrl="#koshi">
		<SimpleData name="DISTRICT">Koshi Province</SimpleData>
	</SchemaData></ExtendedData>
      <Polygon><outerBoundaryIs><LinearRing><coordinates>87.5583928330001,27.0587572690001 87.556164832,27.055733269 87.5529333950001,27.053408082 87.5503451450001,27.0522877070001 87.547975271,27.052324019 87.5452278320001,27.050854331 87.5416421450001,27.0469710190001 87.5394686450001,27.045056769 87.5386754570001,27.0415078940001 87.537355082,27.040226644 87.5353629570001,27.037316456 87.5356077700001,27.034334519 87.538544583,27.0332288320001 87.5408240830001,27.033903894 87.5419697080001,27.0334368320001 87.543934833,27.029543394 87.5446387700001,27.022667019 87.5438850830001,27.021036144 87.5416252700001,27.0204783940001 87.538481457,27.016426331 87.5385065200001,27.0132285810001 87.535572082,27.011154644 87.5312428330001,27.0087361440001 87.5255543330001,27.004939269 87.522577895,27.0022536440001 87.5212939570001,27.000550144 87.518782145,26.9960077690001 87.516157895,26.993972894 87.514533708,26.990790206 87.5123195830001,26.990428206 87.5066267700001,26.9874113320001 87.5039943950001,26.984162269 87.4980228950001,26.983662144 87.4950866450001,26.985017456 87.4926448950001,26.985253894 87.4900232700001,26.984823019 87.487452708,26.9835117690001 87.485093583,26.9805501440001 87.4875303950001,26.9784521440001 87.4874818330001,26.9765386440001 87.4863794570001,26.975267457 87.483094957,26.974536331 87.4806535820001,26.9748132060001 87.4752433950001,26.977379269 87.4735804570001,26.9772427070001 87.4709465830001,26.976100644 87.4687690820001,26.973959581 87.4671990830001,26.971028894 87.467217395,26.9690384560001 87.466349333,26.9677257070001 87.4613710820001,26.968137019 87.4568631450001,26.9705753310001 87.4538467070001,26.9731553940001 87.4511661450001,26.973628832 87.4412648320001,26.970848394 87.440576708,26.972177457 87.441784333,26.976993893 87.439771395,26.9798097070001 87.439119895,26.984083581 87.4404723950001,26.984853393 87.4425869570001,26.988671832 87.4436651450001,26.9914147690001 87.443296708,26.9944601440001 87.4445028330001,26.9972004570001 87.4434823330001,26.999221081 87.4442578950001,27.0028270190001 87.4434745830001,27.0062438320001 87.440184333,27.0074298320001 87.43942402,27.009849081 87.435934208,27.010437644 87.435236645,27.011996894 87.4330369580001,27.0139488940001 87.4340061450001,27.0153653310001 87.4329405830001,27.0180675190001 87.4319920820001,27.0230531440001 87.4318303950001,27.0272261440001 87.43107252,27.0295302690001 87.432203208,27.032288894 87.4318439570001,27.0348873940001 87.4323557070001,27.0367340190001 87.4293555820001,27.0438651440001 87.42916002,27.0459734570001 87.4252950200001,27.0499907070001 87.4241499570001,27.051621206 87.4224734580001,27.052185894 87.4200936450001,27.0556163320001 87.418114395,27.0573259560001 87.415138583,27.061723956 87.4133485200001,27.0636879570001 87.4119243330001,27.0635273940001 87.4089597700001,27.0655670190001 87.4067493950001,27.069152456 87.4062756440001,27.071311144 87.4040109570001,27.073515582 87.4033097700001,27.0753455190001 87.4032069570001,27.079026394 87.401600645,27.0858234560001 87.3995915820001,27.089487144 87.3995171450001,27.092475144 87.398943645,27.094112894 87.3952562700001,27.100103269 87.394543083,27.102199457 87.3965998950001,27.1062578310001 87.3957870190001,27.1081579560001 87.3956427700001,27.111599707 87.397112645,27.115434081 87.397234208,27.1230723940001 87.39964352,27.127181582 87.403574457,27.1291358940001 87.4045802700001,27.1307487070001 87.4079665200001,27.1335551440001 87.409261395,27.136051707 87.4097010830001,27.140259019 87.4118939570001,27.1444453940001 87.4118014570001,27.1467360820001 87.4103803940001,27.1509962060001 87.4085933950001,27.153689082 87.409197958,27.1567133940001 87.410533458,27.157664019 87.41223777,27.1616532690001 87.412931895,27.1646434560001 87.4142925200001,27.1672390190001 87.419009707,27.1717088940001 87.423281457,27.176385269 87.4274878950001,27.1769163320001 87.4301660820001,27.178334331 87.4338744570001,27.1792277690001 87.4370124580001,27.179450457 87.440669395,27.1789696440001 87.4441855200001,27.179881519 87.4498077700001,27.1793039560001 87.4542073330001,27.1793281440001 87.4566049570001,27.183621456 87.458422645,27.185813394 87.463052582,27.190564082 87.4726344580001,27.197552332 87.4699788330001,27.201304957 87.471181395,27.202801519 87.471202895,27.207759206 87.4708560830001,27.211111331 87.4712831450001,27.213783957 87.4698953330001,27.2165935190001 87.4701562070001,27.2186168310001 87.4711682070001,27.22020652 87.47399827,27.223872957 87.4749293950001,27.227218582 87.4768533320001,27.2317364570001 87.4794325830001,27.234789769 87.48029152,27.236684644 87.481610333,27.2443840190001 87.4821850820001,27.2498812700001 87.4836665830001,27.252516332 87.4892513950001,27.25803002 87.4907283320001,27.2598548940001 87.49184252,27.2650117060001 87.4943577700001,27.2686088940001 87.4966805820001,27.2710286440001 87.5000002070001,27.274839457 87.5015263330001,27.2754093950001 87.5043692070001,27.2779017070001 87.5061095820001,27.2807408950001 87.5099447700001,27.284479644 87.511239457,27.287706332 87.5128023950001,27.289939019 87.5190686450001,27.296389956 87.5234767700001,27.296709707 87.5285463320001,27.294576331 87.531749145,27.292309894 87.535127457,27.291897582 87.538912145,27.2907818320001 87.5416517080001,27.2913715190001 87.54472702,27.2928172690001 87.5456531450001,27.292628644 87.548175895,27.2900688940001 87.5520350200001,27.288476394 87.552964457,27.286545645 87.5550295200001,27.285711582 87.5554696450001,27.285700832 87.5570665830001,27.2858456450001 87.559976895,27.2849810820001 87.563197582,27.284683832 87.565284332,27.285038706 87.5678985200001,27.286551269 87.5727198330001,27.2864887060001 87.5786854580001,27.2847492070001 87.5810303330001,27.2847078940001 87.583300395,27.283879331 87.5849423330001,27.284411769 87.5875274580001,27.2839428940001 87.5928468320001,27.283879831 87.5982937080001,27.283224832 87.60468652,27.283655394 87.609269957,27.283297019 87.6111962700001,27.2820114570001 87.6182429580001,27.2810214570001 87.62166927,27.279724582 87.624983021,27.2794051450001 87.6270948950001,27.276812019 87.6294085200001,27.274741394 87.632358083,27.2741300820001 87.6345427700001,27.2743955190001 87.637016083,27.2728995190001 87.6405321460001,27.2730030820001 87.6453063960001,27.2713722070001 87.6479988950001,27.2693785820001 87.6492144570001,27.269427082 87.6539181460001,27.2678459570001 87.6570495820001,27.2693634570001 87.660862271,27.2699163940001 87.6676093950001,27.2697151450001 87.671337458,27.2700357690001 87.6723380830001,27.269507456 87.67983352,27.2710102070001 87.6824026450001,27.270735894 87.6835828330001,27.2671535810001 87.688562145,27.261645894 87.6918533950001,27.2596642070001 87.6986125820001,27.257362894 87.7067011450001,27.2532063940001 87.7104423960001,27.248421707 87.7121555210001,27.247135832 87.714614645,27.2464463310001 87.71827627,27.243309144 87.7223945210001,27.242784769 87.7257450820001,27.241663956 87.726985083,27.2404593310001 87.7302953330001,27.2353063320001 87.7347336450001,27.234752831 87.7364714570001,27.233944894 87.7381842080001,27.230959582 87.7417733330001,27.227438519 87.7482265200001,27.224366956 87.7499045820001,27.2228686440001 87.753770145,27.2177572690001 87.7533026460001,27.212614956 87.7541958950001,27.2089230190001 87.7539562700001,27.207818581 87.7493313950001,27.202565457 87.7475062710001,27.1990888940001 87.745391645,27.1980824570001 87.7427478320001,27.198051331 87.74125202,27.1959607060001 87.7375500200001,27.1946533940001 87.7299198330001,27.1929987070001 87.7225211460001,27.189248332 87.720572458,27.1872951440001 87.719616832,27.1844703940001 87.7161900830001,27.180518707 87.716216332,27.1792932700001 87.714763958,27.1760896440001 87.7135414580001,27.1708313940001 87.713984333,27.1682679570001 87.713764708,27.162591644 87.7142997080001,27.1604317060001 87.71370727,27.156630206 87.7126277080001,27.1553720810001 87.7103639580001,27.1533481440001 87.7094700200001,27.1511998940001 87.7075233950001,27.149738456 87.7048289570001,27.1492848940001 87.7026060200001,27.146687394 87.701593271,27.1463856440001 87.6976257700001,27.146764207 87.6946632080001,27.142920206 87.6935758320001,27.1428827070001 87.690162957,27.143815707 87.6869157080001,27.141719519 87.684854521,27.141456519 87.679593395,27.142605894 87.677068332,27.1411287070001 87.6758616450001,27.1392909570001 87.6723740200001,27.1373219560001 87.669390708,27.1371128320001 87.666724833,27.134920832 87.6660302700001,27.1326382070001 87.66255427,27.1326795190001 87.6589541450001,27.131028831 87.6534287700001,27.130506332 87.6508810830001,27.131763769 87.6476961450001,27.1324238940001 87.648070895,27.1295066440001 87.6481778950001,27.127940144 87.6458009580001,27.125010769 87.6423497710001,27.124943081 87.639472771,27.123193831 87.6377094580001,27.119329582 87.636783645,27.118383769 87.6336652700001,27.1189484560001 87.63154452,27.118087019 87.6287317700001,27.116028081 87.626647958,27.113631894 87.6233274580001,27.1125183940001 87.6198303960001,27.112066769 87.6159855830001,27.112580081 87.613844333,27.1116078320001 87.61329227,27.1101435190001 87.6125335200001,27.108465644 87.60982977,27.1070986440001 87.6088429580001,27.108104831 87.6059622700001,27.107591519 87.60035952,27.104835456 87.596982396,27.1024601440001 87.5918566450001,27.099467019 87.5891554570001,27.0939203940001 87.585225833,27.0888211440001 87.5798923950001,27.084851331 87.5785012700001,27.0802987070001 87.5773170830001,27.077970269 87.573727583,27.075466582 87.5729466450001,27.073224456 87.5731185820001,27.0697283320001 87.5683400830001,27.0664440190001 87.565577395,27.0620660810001 87.5625170820001,27.0597472690001 87.5583928330001,27.0587572690001</coordinates></LinearRing></outerBoundaryIs></Polygon>
  </Placemark>
  <Placemark id="koshi.14">
	<name>UDAYAPUR</name>
	<description>1</description>
	<Style><LineStyle><color>ff0000ff</color></LineStyle><PolyStyle><fill>0</fill></PolyStyle></Style>
	<ExtendedData><SchemaData schemaUrl="#koshi">
		<SimpleData name="DISTRICT">Koshi Province</SimpleData>
	</SchemaData></ExtendedData>
      <Polygon><outerBoundaryIs><LinearRing><coordinates>87.0042783320001,26.710075456 87.0028832690001,26.708958394 87.002979957,26.7071417060001 86.9989433320001,26.7040567060001 86.997330457,26.702440831 86.995414769,26.703384081 86.9937742070001,26.7026257680001 86.993339457,26.698166331 86.990557832,26.6997053310001 86.986975145,26.7031556430001 86.986103895,26.7053332690001 86.9866050190001,26.7097837690001 86.986217707,26.7122684560001 86.983929082,26.716188206 86.9821214570001,26.7167408940001 86.97809627,26.718859394 86.9756834570001,26.7212918930001 86.97418177,26.724378831 86.9734356440001,26.729600894 86.9723800820001,26.7320380190001 86.969530519,26.7353278310001 86.966287707,26.7355663320001 86.958582269,26.7337972060001 86.9537742690001,26.7320986440001 86.9516954570001,26.731829394 86.94690452,26.7326130810001 86.9425816450001,26.7357188930001 86.940953332,26.7360860810001 86.934950519,26.740357831 86.9322534570001,26.743360269 86.9303745820001,26.7462977060001 86.927238457,26.7496293940001 86.9273238320001,26.7512113940001 86.9294915820001,26.7550128940001 86.9302743320001,26.757141394 86.9287838320001,26.7622251440001 86.9275092070001,26.7636214560001 86.9241448940001,26.7661901430001 86.922431207,26.7656024560001 86.9208762060001,26.7637938940001 86.9160058320001,26.7601193940001 86.9111323320001,26.7589248310001 86.911887832,26.7552061440001 86.9110677070001,26.7519062690001 86.9116330190001,26.7474156440001 86.9112656440001,26.745887581 86.9122922070001,26.7425707690001 86.913831707,26.7407121430001 86.9129890820001,26.738933269 86.9098402700001,26.738446143 86.9098397070001,26.7367265190001 86.90599452,26.734956894 86.9070877070001,26.734023332 86.9065272070001,26.731721081 86.9037536440001,26.7290765180001 86.9021451450001,26.7290235190001 86.9008032070001,26.727675268 86.900657832,26.7261067690001 86.8967152690001,26.723860707 86.8947235190001,26.721789831 86.892301145,26.720032206 86.89111302,26.718456019 86.89101027,26.716813019 86.8881834570001,26.7134640190001 86.8873853950001,26.7117347060001 86.8854637690001,26.7108823930001 86.881397269,26.7125942060001 86.8791129570001,26.711978394 86.8770397070001,26.712579206 86.873725145,26.7127839560001 86.8730572690001,26.712006956 86.869196769,26.7099949560001 86.867877332,26.7064957060001 86.8682275200001,26.7005810810001 86.8665038940001,26.7005094560001 86.8640478310001,26.701405332 86.8616935190001,26.700281456 86.861092769,26.6978232060001 86.8595823320001,26.698085769 86.856094769,26.6958141440001 86.8531781440001,26.6960797690001 86.8535921450001,26.6931215810001 86.8508970820001,26.6914374560001 86.849174207,26.693259143 86.8461207070001,26.692833831 86.8448213950001,26.6907471430001 86.8428873940001,26.6914243310001 86.8432091440001,26.6933722680001 86.844323457,26.6948110810001 86.8437884570001,26.696726519 86.8425801440001,26.6981108310001 86.8423628940001,26.7039668940001 86.841119957,26.7065021440001 86.8399567700001,26.7074215810001 86.8399850200001,26.709482081 86.8377782690001,26.710786206 86.8327357690001,26.712091581 86.8304400820001,26.7123483940001 86.8295070190001,26.7130536440001 86.8257873320001,26.7139202060001 86.8242691440001,26.711871456 86.8211792690001,26.7089586440001 86.8178632070001,26.709315519 86.817343957,26.7079607680001 86.8157446440001,26.7074780190001 86.8140870820001,26.7082453940001 86.810652082,26.7087260810001 86.8099027690001,26.7108893320001 86.8059666450001,26.712836081 86.8039508320001,26.712517393 86.8023787060001,26.712300768 86.800209394,26.710277956 86.7972770820001,26.7101225810001 86.7949045190001,26.7078398310001 86.7919234570001,26.7074089560001 86.7898264560001,26.705510206 86.7868452690001,26.704494706 86.784472082,26.702780519 86.7839387070001,26.7013940190001 86.7812974570001,26.7024168310001 86.7780210810001,26.7021070810001 86.7766616440001,26.700017394 86.7739423940001,26.6983633940001 86.771549269,26.6991562060001 86.7704646440001,26.697678582 86.768685895,26.6969399560001 86.7661442070001,26.6945278310001 86.7628089570001,26.6951880190001 86.760586581,26.692620581 86.7603470190001,26.6910765810001 86.758977207,26.689052206 86.7564007070001,26.6881653940001 86.7558027700001,26.686061081 86.754596269,26.686336581 86.7552442690001,26.6902532070001 86.7562562690001,26.692719331 86.755563894,26.6948597680001 86.7511427690001,26.6976866430001 86.7489187690001,26.696811643 86.7480075820001,26.699240581 86.7466940200001,26.699400643 86.745349957,26.700858393 86.744471457,26.704663956 86.742078582,26.705350206 86.742496707,26.7092461440001 86.7408035190001,26.7115133940001 86.7355397690001,26.7115308310001 86.7341847060001,26.710011706 86.7324124570001,26.710940394 86.7298891450001,26.709333331 86.7247729570001,26.709273894 86.7233960190001,26.7074093310001 86.720650644,26.706510269 86.716310144,26.707839956 86.7153051440001,26.706910393 86.712818644,26.7065442690001 86.710784582,26.7069982690001 86.708147894,26.7063835810001 86.7082193320001,26.7047407680001 86.705980894,26.7030887070001 86.7051640190001,26.699020268 86.701129269,26.6979310190001 86.6995409570001,26.6953977690001 86.6960623940001,26.692298581 86.694242144,26.689877644 86.6874239570001,26.687770831 86.6813283320001,26.6891654560001 86.680149144,26.690264144 86.6749452070001,26.6918817060001 86.673109707,26.693136768 86.6723411440001,26.695342081 86.6734520190001,26.696543019 86.6713958940001,26.6995600810001 86.6715114570001,26.7008782680001 86.6690703940001,26.7034768940001 86.6673152070001,26.7041182070001 86.6665171440001,26.7022680810001 86.6628100190001,26.6975449560001 86.6622030190001,26.6957878310001 86.660021144,26.6935438310001 86.659006269,26.691158269 86.6580750190001,26.6916051440001 86.6546328950001,26.6912627680001 86.6519442690001,26.6893853930001 86.6499328940001,26.690240268 86.6494383310001,26.692369393 86.645880645,26.696813143 86.6436372690001,26.6978998320001 86.641148081,26.6972255810001 86.636631644,26.698193519 86.6358578310001,26.6965914560001 86.6335989570001,26.6943311430001 86.630608269,26.693971393 86.6299942690001,26.6899775810001 86.6274941450001,26.6902440810001 86.6236509560001,26.693100019 86.6211810820001,26.6935922060001 86.6189542700001,26.6947372060001 86.615897144,26.693598331 86.613516019,26.6889835810001 86.609603394,26.690672206 86.607335269,26.6929452680001 86.6069487070001,26.694393081 86.6052351440001,26.6964893310001 86.6050000820001,26.6989913940001 86.6032720810001,26.6995011430001 86.601187081,26.6973695190001 86.5980585200001,26.696656519 86.5933843320001,26.696932082 86.5907292690001,26.6970665810001 86.589520894,26.695788082 86.588123769,26.700356206 86.5856656440001,26.701332956 86.58555577,26.703912143 86.5835977690001,26.7077834560001 86.5854406440001,26.712029269 86.582750332,26.7127773940001 86.5822454560001,26.716325768 86.579870644,26.7184717060001 86.5759718320001,26.7201572060001 86.5745395820001,26.7218747690001 86.574138582,26.7242770180001 86.5749502690001,26.726660268 86.5753192060001,26.7301052060001 86.5741258940001,26.7328209560001 86.5760796440001,26.736920519 86.5763184570001,26.739216331 86.572130519,26.7403050820001 86.5695820810001,26.7425607690001 86.565409457,26.743956331 86.561998519,26.744347519 86.5585106440001,26.7442193310001 86.5557687070001,26.745309831 86.555659394,26.746760581 86.5571184560001,26.7485772680001 86.5587000190001,26.7494600810001 86.5602066440001,26.7513581440001 86.5605770820001,26.753403893 86.563170207,26.7562643310001 86.5637402070001,26.7576720810001 86.5656779560001,26.7589621440001 86.5678167070001,26.7614668320001 86.5685064570001,26.763046393 86.5702100190001,26.763900081 86.5701887070001,26.7657144560001 86.571244769,26.7676967680001 86.575107207,26.7678708940001 86.5750360810001,26.769414269 86.5761293320001,26.771125893 86.5787511440001,26.7737650810001 86.5796210190001,26.775397018 86.5795814560001,26.7785472690001 86.580225956,26.779616581 86.5793767690001,26.7815593940001 86.580340144,26.7839520810001 86.577822832,26.783847581 86.5756255190001,26.7846602060001 86.5731874560001,26.784041331 86.570877082,26.781245019 86.568988269,26.780607393 86.567415581,26.7825478940001 86.568028144,26.7851472680001 86.5677783940001,26.7878477680001 86.565825144,26.790006019 86.5646665190001,26.7891719560001 86.559955706,26.789886331 86.558725081,26.787772519 86.5567317060001,26.7874210190001 86.555446707,26.786306644 86.5537646440001,26.7863420190001 86.5508913940001,26.7833833940001 86.550559019,26.781586019 86.5457895820001,26.7829428310001 86.5421537070001,26.7836217060001 86.5409502690001,26.782744457 86.5387011440001,26.7840347690001 86.5391350190001,26.786265831 86.533665581,26.788470768 86.533995707,26.7919155820001 86.5380935190001,26.795548769 86.5383817060001,26.7969623930001 86.5367933940001,26.7977809560001 86.5390713940001,26.8004557690001 86.5430019560001,26.7979207060001 86.543317582,26.799257706 86.5482508320001,26.8030535180001 86.5472076440001,26.805945518 86.5493677690001,26.807213894 86.5508197070001,26.8106915810001 86.5526765820001,26.8130624560001 86.5556740820001,26.814265769 86.5555185810001,26.816977831 86.5540098320001,26.820001581 86.5547212060001,26.822140893 86.5539779570001,26.8240545190001 86.5566117690001,26.8279736440001 86.5570271440001,26.830312894 86.553802144,26.8317583310001 86.554830581,26.833670769 86.554413207,26.8348812680001 86.552361832,26.835876768 86.5490858950001,26.836410207 86.5441748320001,26.8359612680001 86.542057894,26.835096832 86.539779831,26.831553206 86.5369555190001,26.8310023930001 86.5304292060001,26.831296831 86.5281710190001,26.8320836440001 86.5249773950001,26.831271831 86.5219137070001,26.831500706 86.523198332,26.834177019 86.5221217060001,26.837019019 86.5224182060001,26.8381461440001 86.5209275190001,26.8418353320001 86.5196950810001,26.8431783940001 86.5179332060001,26.843219832 86.517215207,26.841373581 86.515161144,26.840017081 86.5133600820001,26.8427663320001 86.514461956,26.844771769 86.513676956,26.846396144 86.5116680820001,26.8460168940001 86.5086853940001,26.846613582 86.5078232690001,26.8478788310001 86.508277707,26.850060394 86.5076810190001,26.8543640820001 86.5069591440001,26.8559051440001 86.502828019,26.8572762690001 86.4990988320001,26.856324332 86.4955953310001,26.8597713940001 86.4967222070001,26.860348582 86.495263644,26.863631394 86.4930877690001,26.864733831 86.490181019,26.867839894 86.488324957,26.8687335810001 86.484105082,26.869541957 86.4819432690001,26.8726888310001 86.4835585810001,26.8738592060001 86.4820168940001,26.8755122060001 86.479789269,26.882567394 86.482511081,26.8863573310001 86.4819404570001,26.8882057060001 86.4807373310001,26.887332456 86.4767800810001,26.886895956 86.4733206440001,26.8874630190001 86.4694637690001,26.8865526440001 86.466459769,26.8868775820001 86.465071019,26.8864977690001 86.4626239570001,26.8873121440001 86.4592546440001,26.8871119570001 86.4576974560001,26.887947769 86.4543008310001,26.8883927690001 86.4529457690001,26.8895023310001 86.4512255810001,26.8894166440001 86.4493038940001,26.8909302060001 86.4477011440001,26.891154081 86.442672519,26.8946479570001 86.4407946440001,26.8948255810001 86.435766706,26.8978633940001 86.4331610820001,26.9004142690001 86.4306219570001,26.902182268 86.4282153940001,26.9030932690001 86.4257448320001,26.902647706 86.4216732690001,26.9045267060001 86.421081831,26.905792519 86.418010581,26.905540644 86.4159838320001,26.9065387690001 86.4098207690001,26.9068335810001 86.4083397690001,26.9073667070001 86.4063916440001,26.9093082690001 86.403529457,26.907879081 86.4002663320001,26.908449707 86.398903019,26.9093149560001 86.397226081,26.907971893 86.3939735810001,26.9081972060001 86.3925262070001,26.9076628940001 86.388962769,26.9076520190001 86.3868197690001,26.909032831 86.3850522690001,26.907878769 86.385893019,26.9060815820001 86.3851997070001,26.9051827690001 86.385324956,26.902504643 86.3829127690001,26.8995740180001 86.380963394,26.898816332 86.3794360190001,26.896767331 86.3788808940001,26.894149457 86.379399644,26.891789019 86.3778457060001,26.890599707 86.376856644,26.8882958310001 86.3765105190001,26.8837313940001 86.373945769,26.881939581 86.3718618940001,26.879836144 86.371068769,26.876682331 86.3716050190001,26.874531893 86.3677133310001,26.872088644 86.3646285820001,26.8745480810001 86.360372457,26.874677831 86.3574606440001,26.876557957 86.3524806440001,26.8777312060001 86.348666269,26.8771043940001 86.343967519,26.879452144 86.3416961440001,26.8798635810001 86.3367674560001,26.879474956 86.333724519,26.878781394 86.3293866430001,26.8786051440001 86.328119331,26.878953457 86.3248160190001,26.878382582 86.3225075810001,26.8786648940001 86.3196265810001,26.880212644 86.3163059570001,26.878838081 86.312764019,26.882415769 86.309560269,26.881389144 86.3040220190001,26.8841263310001 86.3018410810001,26.884411206 86.3009545190001,26.8854967680001 86.2965485190001,26.8847618940001 86.2929067060001,26.8860976440001 86.2887873940001,26.886212331 86.2840131440001,26.884069331 86.2807635190001,26.8842648940001 86.2772201440001,26.882998893 86.2735765190001,26.8821881430001 86.2723290820001,26.8811775190001 86.2705611440001,26.8777970190001 86.2665485190001,26.876537394 86.2650466440001,26.8750018310001 86.259171581,26.872254206 86.258874769,26.8710814560001 86.256570706,26.869248269 86.252357643,26.867217644 86.251709894,26.865503706 86.249395581,26.863598144 86.2446129560001,26.8651478310001 86.243154082,26.8662953940001 86.236575331,26.873643644 86.2346944560001,26.874973894 86.2297968940001,26.8803383310001 86.225241081,26.8818388940001 86.2212936440001,26.881494456 86.217228269,26.883247957 86.2101390190001,26.886983769 86.2055571440001,26.8883143310001 86.2021513940001,26.8900597690001 86.200720957,26.8919720810001 86.197758831,26.892611893 86.196904331,26.893728519 86.1929529560001,26.894428206 86.189761956,26.8941955810001 86.1886518310001,26.898840019 86.1870768310001,26.9001984560001 86.184899144,26.9002265190001 86.183438519,26.8992522680001 86.1814782690001,26.8993018310001 86.1798140810001,26.9007657070001 86.1762867690001,26.9078353940001 86.1749182070001,26.908116207 86.171527644,26.910176956 86.1708593320001,26.9132712690001 86.165252143,26.9141205810001 86.1631132690001,26.914049269 86.161981831,26.915398768 86.1592462070001,26.917088456 86.1582677690001,26.9186305810001 86.1601157060001,26.921807582 86.1587461440001,26.9236317690001 86.1586133310001,26.9261786440001 86.159832581,26.929645206 86.1608732070001,26.9256549560001 86.1655313310001,26.9241617060001 86.1686765810001,26.9225803310001 86.1734209570001,26.9196227690001 86.1788766430001,26.9151369570001 86.1808784560001,26.914142144 86.1835775810001,26.9107435810001 86.1892040810001,26.906140957 86.194293331,26.9038525820001 86.2023153310001,26.905191143 86.2037381440001,26.904030269 86.2060397690001,26.8997353940001 86.2102818320001,26.8990212690001 86.216006894,26.897130519 86.2182500820001,26.895899581 86.218680582,26.8924990190001 86.220452144,26.8899295190001 86.2233491440001,26.8881605190001 86.225592394,26.8892357070001 86.2263101440001,26.8924575190001 86.224465207,26.8988132690001 86.225095518,26.9011048940001 86.226875331,26.9036510810001 86.2310142690001,26.903709769 86.238465143,26.9030145180001 86.2399561430001,26.9033068310001 86.2443146430001,26.905316081 86.245679769,26.908225331 86.246658456,26.911660582 86.2486019560001,26.9147715190001 86.250819144,26.914155957 86.2547575190001,26.9112274570001 86.2588163940001,26.9114090190001 86.2616093940001,26.914109019 86.2620413940001,26.9187982070001 86.262240207,26.9226377690001 86.2640260190001,26.925404644 86.2668640810001,26.927874581 86.2722021440001,26.9307140180001 86.2787315190001,26.9328935190001 86.2808300190001,26.934537956 86.282088269,26.937177831 86.281928769,26.9402392690001 86.2834193320001,26.9429434570001 86.2835743940001,26.9468368940001 86.285831768,26.9488499560001 86.292446957,26.949747519 86.295115519,26.950370144 86.2993237060001,26.9522370190001 86.301867707,26.9541226440001 86.304581769,26.9553388310001 86.310195831,26.9600781440001 86.3140993320001,26.962204894 86.3188858940001,26.963358644 86.3220340190001,26.962976643 86.3239344560001,26.9636176440001 86.328345519,26.9637853940001 86.3329560810001,26.9635883940001 86.3354207690001,26.964434956 86.339599831,26.963472956 86.344997769,26.964245082 86.3484893940001,26.963360832 86.352628456,26.9635852690001 86.3553505180001,26.9642679560001 86.357229707,26.9661337060001 86.360513268,26.9715374560001 86.3639340820001,26.9744775190001 86.366938019,26.9785732060001 86.3687601440001,26.983805519 86.369058269,26.990242644 86.3705510820001,26.9951213310001 86.369982081,26.9983976440001 86.369036269,27.0000001440001 86.3754762070001,27.0032444570001 86.3764335810001,27.0083193310001 86.3745825190001,27.0104661440001 86.3760158310001,27.0114880190001 86.376380957,27.013066956 86.3743650820001,27.0153213940001 86.3764191440001,27.0193292070001 86.3778152070001,27.020504331 86.376466582,27.0226037690001 86.3801069570001,27.027652082 86.3818673310001,27.028718144 86.3817452690001,27.0311095820001 86.3846577690001,27.032027332 86.381539457,27.034304019 86.3797808940001,27.0349033310001 86.3776012690001,27.0344582070001 86.3760156440001,27.0358073940001 86.3733228310001,27.036790582 86.3710293940001,27.036644956 86.3691661440001,27.0374241440001 86.3664921440001,27.041936644 86.366878457,27.044391207 86.366409144,27.045837894 86.366605894,27.049514769 86.3658643310001,27.053367956 86.3632735190001,27.0545025810001 86.3607842070001,27.0572804560001 86.3584190190001,27.058932769 86.3535334570001,27.0612978940001 86.352714894,27.0634288320001 86.3531870190001,27.064507394 86.3492609570001,27.064243332 86.348142394,27.067959269 86.3493010190001,27.070022582 86.3506330810001,27.070441707 86.3526046440001,27.0692999570001 86.3535924560001,27.070022081 86.3538582690001,27.073507394 86.356762582,27.075344081 86.3577552690001,27.081364706 86.3590328930001,27.081171956 86.3606525810001,27.083697644 86.3602445810001,27.0898945820001 86.3611563320001,27.091514456 86.3594010190001,27.093864582 86.3617404570001,27.0952156440001 86.3623584570001,27.096563394 86.3648138930001,27.0987024570001 86.362379457,27.099530831 86.360242332,27.0988893320001 86.358204206,27.1002407060001 86.3585367060001,27.1022347690001 86.3572793310001,27.103959832 86.352101206,27.1046197690001 86.350505206,27.105898644 86.346427082,27.105347207 86.3427758940001,27.106025206 86.336436269,27.1005615810001 86.334303644,27.099499957 86.3302016440001,27.100220644 86.3273045820001,27.098868644 86.3254520820001,27.0987920810001 86.324327769,27.0997953310001 86.3200362690001,27.1016069560001 86.316933082,27.102415582 86.313561894,27.102647394 86.3087975820001,27.1085700190001 86.3098087690001,27.109288081 86.3142638940001,27.109201582 86.315605394,27.110555269 86.326872457,27.109621331 86.3288118940001,27.110905582 86.3290862690001,27.1123623940001 86.3309107680001,27.1141605190001 86.3313987070001,27.115602519 86.3331042070001,27.116863019 86.3345239560001,27.121188831 86.336047706,27.1217443940001 86.335975519,27.1235628310001 86.336933393,27.124876144 86.3375643320001,27.1274312690001 86.3367083310001,27.1302683320001 86.340039394,27.134693269 86.338806081,27.1363370190001 86.3433948310001,27.140822019 86.343561831,27.144616082 86.3451318310001,27.1468257060001 86.3460448320001,27.1470150820001 86.347211132,27.1436698100001 86.3509704570001,27.1435267690001 86.3526816440001,27.142428957 86.355142082,27.143067581 86.3579395190001,27.1429652690001 86.3601050190001,27.1415873940001 86.3612285820001,27.139178019 86.362681894,27.1390514560001 86.3659016440001,27.141803269 86.3691993940001,27.1403490820001 86.3705597060001,27.140565082 86.3710048940001,27.143383269 86.372204894,27.1458708320001 86.3734790190001,27.1470206440001 86.375870143,27.1467311440001 86.376599082,27.148106394 86.373324144,27.149962456 86.3728367680001,27.1507388310001 86.3760992690001,27.154643644 86.3760173320001,27.158375644 86.3775773940001,27.160533082 86.3797701440001,27.1613799560001 86.381476331,27.163662082 86.3805167690001,27.1652329570001 86.3819079560001,27.167333206 86.3833125190001,27.168165269 86.383565332,27.1697955820001 86.3853302690001,27.171459644 86.3854012690001,27.1727213940001 86.387251394,27.173641144 86.3866604560001,27.174947332 86.3922420810001,27.179615644 86.3987460810001,27.1772336440001 86.401637582,27.1767225190001 86.4026083940001,27.175539644 86.4019959570001,27.173806331 86.4033263310001,27.1711966440001 86.4045927060001,27.170116582 86.4094918310001,27.168690831 86.413893644,27.1690545810001 86.417228832,27.1671187690001 86.4196253310001,27.1652354570001 86.4212464570001,27.161243519 86.4219330810001,27.1579201440001 86.4217881440001,27.151472519 86.422687206,27.1497454570001 86.4254650820001,27.148675957 86.4281943940001,27.1470285190001 86.4311463940001,27.146616269 86.4334424560001,27.1483924560001 86.435861581,27.1487722690001 86.4391745820001,27.1475985820001 86.440529456,27.145719769 86.4389352690001,27.1424842070001 86.4369142070001,27.140770144 86.4307847060001,27.1379585810001 86.429353269,27.136526582 86.428663956,27.1337549570001 86.431031707,27.1307723940001 86.4344367690001,27.130321269 86.4442677690001,27.133510707 86.4472968320001,27.132782519 86.4496913310001,27.130334519 86.4498371440001,27.1281958320001 86.4509660190001,27.1252395810001 86.454078457,27.122807832 86.456648832,27.119265956 86.461251019,27.118110206 86.462631957,27.1152947690001 86.462380894,27.113152331 86.4609836440001,27.111867456 86.4619855810001,27.108872332 86.4618295820001,27.1053017690001 86.4677297060001,27.102092831 86.4688352690001,27.102133082 86.4717753940001,27.103886269 86.473545894,27.1036717690001 86.4753699570001,27.1019884560001 86.4778299560001,27.102358581 86.4794144570001,27.103858331 86.480763956,27.1063636440001 86.4847696450001,27.1090524570001 86.487449144,27.1091593310001 86.491968769,27.1049717060001 86.493086519,27.1044770190001 86.494747144,27.104451394 86.4965529570001,27.105570331 86.498229769,27.107720144 86.5013887700001,27.1105837690001 86.5033457690001,27.1132038320001 86.5057138320001,27.1142660190001 86.508581769,27.1124798320001 86.512460644,27.112565519 86.516910894,27.113912332 86.520770456,27.116033207 86.5238815820001,27.1186343320001 86.5253080190001,27.121035706 86.5267617690001,27.125199519 86.5307997690001,27.128965769 86.5336811440001,27.133050831 86.5355870820001,27.1347924560001 86.5391241450001,27.1360000810001 86.5448380810001,27.1373591440001 86.5480737070001,27.1369611440001 86.5530247070001,27.1407228940001 86.5548917690001,27.1412614560001 86.5562043950001,27.1402975190001 86.558161645,27.140671519 86.5639849560001,27.145166832 86.5725470820001,27.147113581 86.5751503320001,27.1482203940001 86.57873177,27.151106144 86.5836693940001,27.1521250810001 86.5877413320001,27.1514623320001 86.5914818940001,27.1496138320001 86.5959449570001,27.1469775190001 86.5997331440001,27.144002831 86.6024080820001,27.143362831 86.605581832,27.141361144 86.607205207,27.139795082 86.6091163940001,27.139134707 86.6137915190001,27.1391070190001 86.6159037070001,27.139762707 86.6225920190001,27.137894331 86.6317397060001,27.133922081 86.636316831,27.1331284560001 86.6389158320001,27.1332028940001 86.6427458940001,27.132729769 86.6462882070001,27.1309266440001 86.651471831,27.129687206 86.654689207,27.1284901440001 86.657206644,27.125093269 86.6602567690001,27.1239610820001 86.662477332,27.122547019 86.6679788320001,27.1210910820001 86.6712281440001,27.119719957 86.6714438320001,27.117420957 86.674276019,27.112959394 86.6770376440001,27.111697582 86.679435331,27.109250081 86.6805347060001,27.1071765190001 86.684121082,27.1039847060001 86.6874692060001,27.102638144 86.6917707060001,27.102336269 86.693519081,27.1013065820001 86.6954384570001,27.0988374560001 86.6998389570001,27.094909081 86.701687081,27.092699269 86.702554707,27.0891536440001 86.7021405200001,27.0885502690001 86.700978019,27.087306644 86.7038902690001,27.082104456 86.710177957,27.076902456 86.713331644,27.0727634560001 86.712122832,27.068565832 86.713715145,27.066064269 86.7153720810001,27.064634644 86.7190575820001,27.0637507060001 86.722127894,27.062177144 86.721348769,27.060228081 86.722265582,27.055779832 86.723339394,27.053617769 86.72625902,27.0497375190001 86.727944081,27.048264956 86.7291452060001,27.0446498320001 86.728796082,27.040208082 86.7291509570001,27.0391435810001 86.732694832,27.0355893940001 86.734575707,27.0342953320001 86.738969082,27.033953769 86.7413304570001,27.0326966440001 86.7465792690001,27.0277280190001 86.7470777070001,27.025458707 86.749383707,27.0244924570001 86.750077644,27.0213501440001 86.749991019,27.0155007060001 86.7506376440001,27.0119363320001 86.7516260190001,27.0097648940001 86.754936645,27.0073537690001 86.7559458310001,27.005241019 86.75595952,27.0028490190001 86.7566670200001,26.999413331 86.756496832,26.9968268310001 86.755030644,26.9936265810001 86.7547640820001,26.988616332 86.7559886440001,26.9873140820001 86.7579670810001,26.9868593940001 86.7589188320001,26.9854528320001 86.758889519,26.9798382070001 86.7571124570001,26.975294644 86.7573543940001,26.9740562060001 86.7583284570001,26.9726135810001 86.761238082,26.971785832 86.7629058320001,26.970574519 86.763282019,26.966524394 86.7669167070001,26.9571945820001 86.7668277070001,26.9530398310001 86.76629202,26.948873082 86.76389127,26.942383394 86.7638197690001,26.9410020810001 86.7655587070001,26.939068832 86.7664660820001,26.936648894 86.7664244570001,26.933487144 86.765490582,26.9292430190001 86.76326427,26.924861331 86.7636078950001,26.9221741430001 86.766079582,26.918962519 86.7683615820001,26.9141007690001 86.769774457,26.9080663940001 86.7705331450001,26.901360706 86.771606332,26.899541331 86.7753562070001,26.8977735190001 86.7762625820001,26.8952835810001 86.7761394570001,26.892471519 86.7750160200001,26.888613019 86.7739173320001,26.8862823310001 86.7754735820001,26.8845583930001 86.777082207,26.8858157070001 86.7807826440001,26.887412457 86.7835718950001,26.886762332 86.7854220820001,26.884589706 86.7868277700001,26.8807395810001 86.790126769,26.8801058940001 86.7955471440001,26.8785250820001 86.8015019570001,26.877556456 86.8027610190001,26.8758769560001 86.8077063320001,26.872622768 86.8115368320001,26.8726099560001 86.8141532070001,26.874055394 86.8164455200001,26.874444269 86.821228332,26.873389768 86.8248050810001,26.871900269 86.8294087690001,26.874189706 86.8313768940001,26.8749210180001 86.8362272690001,26.8745227690001 86.8381615820001,26.876057331 86.8393943940001,26.878730644 86.8389385820001,26.881616519 86.8399512070001,26.883425269 86.849759894,26.8875839560001 86.854022457,26.887383018 86.8567200200001,26.8885412060001 86.8622232690001,26.892423706 86.8641169570001,26.894546894 86.8651930190001,26.894773581 86.8679222690001,26.893548519 86.8709919570001,26.893382081 86.874790332,26.895759581 86.8773505820001,26.8965245810001 86.8809957070001,26.8966608310001 86.888424769,26.898133769 86.8904881450001,26.897126644 86.894036644,26.8974204570001 86.8973017700001,26.8966013940001 86.9031133940001,26.895808894 86.908880707,26.897636144 86.910835895,26.8976509570001 86.912556394,26.8959955810001 86.9163402070001,26.8953818310001 86.9192571440001,26.896746582 86.9239322700001,26.901944143 86.9267843320001,26.9042677690001 86.931381269,26.904610893 86.9333325200001,26.907152894 86.934250707,26.907202957 86.9368145190001,26.9043967690001 86.9407810820001,26.9038748940001 86.9425906450001,26.903228019 86.9465955190001,26.903279206 86.9497988320001,26.904420019 86.954004894,26.904252206 86.95839277,26.904264831 86.9631664570001,26.9031626440001 86.9686181450001,26.900708707 86.9722643320001,26.900580769 86.9741800200001,26.901303269 86.9762261440001,26.9030728930001 86.9787352070001,26.9060973320001 86.9810317070001,26.905463519 86.9817173320001,26.903556644 86.9805812070001,26.899410894 86.9821958320001,26.896143394 86.984025332,26.8949069560001 86.990711644,26.8939665190001 86.9941234570001,26.892919582 86.9949887700001,26.8912157680001 86.9956195820001,26.8901551440001 87.0009224570001,26.888859831 87.002783644,26.8863864570001 87.0057648320001,26.8863931440001 87.0064433320001,26.8899474560001 87.007856707,26.891527081 87.0110102070001,26.891896957 87.0141575820001,26.8911000190001 87.0165462690001,26.891817519 87.0192157690001,26.8932794570001 87.023743519,26.896354644 87.028260457,26.8977078940001 87.0304428950001,26.900447082 87.0329621450001,26.9023647060001 87.0353293320001,26.9034992690001 87.036434645,26.9032823320001 87.0402112070001,26.9009320810001 87.04166652,26.9011347690001 87.0423548950001,26.904379706 87.043406582,26.9063247060001 87.0446009570001,26.906931394 87.0468092070001,26.9059309560001 87.048206582,26.904416268 87.05272777,26.902108206 87.056949644,26.904022519 87.059494144,26.906612206 87.0601214580001,26.9087670820001 87.06229877,26.9101743310001 87.065024769,26.9106605810001 87.066106457,26.909910831 87.0662460190001,26.907999332 87.0682417070001,26.907037019 87.0707988950001,26.9078301440001 87.0747987070001,26.907643018 87.0793146450001,26.908355956 87.083134332,26.9104253940001 87.0842020200001,26.911661456 87.086345957,26.9117684560001 87.0885454580001,26.910022644 87.092193207,26.9094358310001 87.0963359570001,26.910238769 87.094826707,26.914310831 87.095237082,26.9157977680001 87.0977041450001,26.916780019 87.1014420820001,26.9172038940001 87.1047524570001,26.9170389560001 87.111185332,26.917280019 87.1148048950001,26.919175018 87.1160913950001,26.9213472060001 87.1189873320001,26.9228815820001 87.125050145,26.924273269 87.129606332,26.924154081 87.1329765820001,26.9257148310001 87.134571582,26.925803581 87.137926958,26.927003144 87.144796333,26.927201644 87.1515468950001,26.925235769 87.1531167700001,26.9236408310001 87.1554000200001,26.9188653940001 87.1567703950001,26.916710956 87.1585722070001,26.915294019 87.1589036440001,26.913100081 87.16014777,26.9118620190001 87.1648063320001,26.9093742690001 87.1667277070001,26.9074245190001 87.1697647070001,26.9027201440001 87.1707483320001,26.8991804560001 87.1706863950001,26.8948363310001 87.17112602,26.8917440820001 87.170826769,26.887526644 87.1680047070001,26.8785685820001 87.16728377,26.8775765190001 87.1663938950001,26.875702206 87.16256452,26.8756660810001 87.160559145,26.8750071440001 87.1565822690001,26.871330894 87.154787082,26.868132831 87.1541375190001,26.859794956 87.153251895,26.8521456440001 87.1518922700001,26.8462524560001 87.1461854570001,26.838407331 87.1445836440001,26.835073519 87.1466551440001,26.822456206 87.146029458,26.8197577060001 87.1443712070001,26.8150497070001 87.140077895,26.812176644 87.1383120200001,26.809192706 87.1376515200001,26.8058285810001 87.136413082,26.803381206 87.1351439570001,26.802633144 87.133236519,26.7984464560001 87.131345019,26.795214269 87.1305314570001,26.7927100810001 87.13033002,26.7900314560001 87.1293881440001,26.7857828940001 87.1243181440001,26.7804005190001 87.1233123950001,26.7781085820001 87.1154566450001,26.7647438930001 87.112920144,26.7612524560001 87.1100465820001,26.7579959560001 87.1075958320001,26.754468268 87.106255708,26.753250644 87.1016271450001,26.7509770190001 87.0988288330001,26.750836769 87.0937649570001,26.751180956 87.0860476440001,26.7504095190001 87.0758980200001,26.750356643 87.0742843940001,26.750610269 87.07132927,26.7501152680001 87.0670762070001,26.7442317060001 87.0612759570001,26.7456425820001 87.053933832,26.749267644 87.0507257690001,26.7521033310001 87.0457677700001,26.755941518 87.0403440200001,26.7537495820001 87.0387683320001,26.751617394 87.0369227690001,26.7504737690001 87.035245832,26.7477682690001 87.0355780820001,26.7448998310001 87.0335933950001,26.742690893 87.0306518940001,26.7408772690001 87.0278055190001,26.736960018 87.0278040200001,26.733170956 87.02697427,26.729413519 87.021334644,26.728010769 87.0201939570001,26.726878018 87.0198868950001,26.7247115810001 87.0163312070001,26.7217443930001 87.016607207,26.718724706 87.0156520190001,26.714757456 87.0124480200001,26.710510519 87.0102292070001,26.7086443310001 87.0056242690001,26.7084527690001 87.0042783320001,26.710075456</coordinates></LinearRing></outerBoundaryIs></Polygon>
  </Placemark>
</Folder>
</Document></kml>
