{"type":"Topology","objects":{"districts":{"geometries":[{"properties":{"DISTRICT":"ACHHAM","STATE_CODE":7,"PR_NAME":"Sudurpashchim Province"},"type":"Polygon","arcs":[[-30,-4,-53,-13,-199]],"id":0},{"properties":{"DISTRICT":"ARGHAKHANCHI","STATE_CODE":5,"PR_NAME":"Lumbini Province"},"type":"Polygon","arcs":[[-149,-60,-16,-127,-35,-110]],"id":1},{"properties":{"DISTRICT":"BAGLUNG","STATE_CODE":4,"PR_NAME":"Gandaki Province"},"type":"Polygon","arcs":[[-125,-138,-143,-96,-117,-34]],"id":2},{"properties":{"DISTRICT":"BAITADI","STATE_CODE":7,"PR_NAME":"Sudurpashchim Province"},"type":"Polygon","arcs":[[0,-19,-2,-27,-12]],"id":3},{"properties":{"DISTRICT":"BAJHANG","STATE_CODE":7,"PR_NAME":"Sudurpashchim Province"},"type":"Polygon","arcs":[[1,-18,2,-37,-5,-28]],"id":4},{"properties":{"DISTRICT":"BAJURA","STATE_CODE":7,"PR_NAME":"Sudurpashchim Province"},"type":"Polygon","arcs":[[3,-29,4,-36,-88,-54]],"id":5},{"properties":{"DISTRICT":"BANKE","STATE_CODE":5,"PR_NAME":"Lumbini Province"},"type":"Polygon","arcs":[[-9,-154,-15,5]],"id":6},{"properties":{"DISTRICT":"BARA","STATE_CODE":2,"PR_NAME":"Madhesh Province"},"type":"Polygon","arcs":[[-122,-78,-134,6]],"id":7},{"properties":{"DISTRICT":"BARDIYA","STATE_CODE":5,"PR_NAME":"Lumbini Province"},"type":"Polygon","arcs":[[7,-49,-196,-155,8]],"id":8},{"properties":{"DISTRICT":"BHAKTAPUR","STATE_CODE":3,"PR_NAME":"Bagmati Province"},"type":"Polygon","arcs":[[-67,-64,-46]],"id":9},{"properties":{"DISTRICT":"BHOJPUR","STATE_CODE":1,"PR_NAME":"Koshi Province"},"type":"Polygon","arcs":[[-65,-189,-160,-22,-225]],"id":10},{"properties":{"DISTRICT":"CHITAWAN","STATE_CODE":3,"PR_NAME":"Bagmati Province"},"type":"Polygon","arcs":[[9,-102,-212,-31,-20,-73,-120]],"id":11},{"properties":{"DISTRICT":"DADELDHURA","STATE_CODE":7,"PR_NAME":"Sudurpashchim Province"},"type":"Polygon","arcs":[[-47,-57,10,11,-26]],"id":12},{"properties":{"DISTRICT":"DAILEKH","STATE_CODE":6,"PR_NAME":"Karnali Province"},"type":"Polygon","arcs":[[12,-52,-40,-200]],"id":13},{"properties":{"DISTRICT":"DANG","STATE_CODE":5,"PR_NAME":"Lumbini Province"},"type":"Polygon","arcs":[[-59,13,14,-153,-137,-124,15]],"id":14},{"properties":{"DISTRICT":"DARCHULA","STATE_CODE":7,"PR_NAME":"Sudurpashchim Province"},"type":"Polygon","arcs":[[16,17,18]],"id":15},{"properties":{"DISTRICT":"DHADING","STATE_CODE":3,"PR_NAME":"Bagmati Province"},"type":"Polygon","arcs":[[19,-33,20,-131,-105,-62,-74]],"id":16},{"properties":{"DISTRICT":"DHANKUTA","STATE_CODE":1,"PR_NAME":"Koshi Province"},"type":"Polygon","arcs":[[-113,-83,-192,-226,21,-159,-216]],"id":17},{"properties":{"DISTRICT":"DHANUSHA","STATE_CODE":2,"PR_NAME":"Madhesh Province"},"type":"Polygon","arcs":[[-71,-166,-221,-181,22]],"id":18},{"properties":{"DISTRICT":"DOLAKHA","STATE_CODE":3,"PR_NAME":"Bagmati Province"},"type":"Polygon","arcs":[[-178,23,-186,-129]],"id":19},{"properties":{"DISTRICT":"DOLPA","STATE_CODE":6,"PR_NAME":"Karnali Province"},"type":"Polygon","arcs":[[-93,-97,-141,-146,-41,-45,-91,24]],"id":20},{"properties":{"DISTRICT":"DOTI","STATE_CODE":7,"PR_NAME":"Sudurpashchim Province"},"type":"Polygon","arcs":[[25,26,27,28,29,-198,-48]],"id":21},{"properties":{"DISTRICT":"GORKHA","STATE_CODE":4,"PR_NAME":"Gandaki Province"},"type":"Polygon","arcs":[[30,-211,-70,-80,31,32]],"id":22},{"properties":{"DISTRICT":"GULMI","STATE_CODE":5,"PR_NAME":"Lumbini Province"},"type":"Polygon","arcs":[[-126,33,-116,-202,-111,34]],"id":23},{"properties":{"DISTRICT":"HUMLA","STATE_CODE":6,"PR_NAME":"Karnali Province"},"type":"Polygon","arcs":[[35,36,37,-89]],"id":24},{"properties":{"DISTRICT":"ILAM","STATE_CODE":1,"PR_NAME":"Koshi Province"},"type":"Polygon","arcs":[[-84,-115,38,-42]],"id":25},{"properties":{"DISTRICT":"JAJARKOT","STATE_CODE":6,"PR_NAME":"Karnali Province"},"type":"Polygon","arcs":[[39,-51,-44,40,-145,-156,-201]],"id":26},{"properties":{"DISTRICT":"JHAPA","STATE_CODE":1,"PR_NAME":"Koshi Province"},"type":"Polygon","arcs":[[-85,41,42]],"id":27},{"properties":{"DISTRICT":"JUMLA","STATE_CODE":6,"PR_NAME":"Karnali Province"},"type":"Polygon","arcs":[[43,-55,-92,44]],"id":28},{"properties":{"DISTRICT":"KABHREPALANCHOK","STATE_CODE":3,"PR_NAME":"Bagmati Province"},"type":"Polygon","arcs":[[-77,-68,45,-63,-180,-128,-171]],"id":29},{"properties":{"DISTRICT":"KAILALI","STATE_CODE":7,"PR_NAME":"Sudurpashchim Province"},"type":"Polygon","arcs":[[-58,46,47,-197,48,49]],"id":30},{"properties":{"DISTRICT":"KALIKOT","STATE_CODE":6,"PR_NAME":"Karnali Province"},"type":"Polygon","arcs":[[50,51,52,53,-87,54]],"id":31},{"properties":{"DISTRICT":"KANCHANPUR","STATE_CODE":7,"PR_NAME":"Sudurpashchim Province"},"type":"Polygon","arcs":[[55,56,57]],"id":32},{"properties":{"DISTRICT":"KAPILBASTU","STATE_CODE":5,"PR_NAME":"Lumbini Province"},"type":"Polygon","arcs":[[58,59,-148,60]],"id":33},{"properties":{"DISTRICT":"KASKI","STATE_CODE":4,"PR_NAME":"Gandaki Province"},"type":"Polygon","arcs":[[-209,-204,-119,-100,-82,-69]],"id":34},{"properties":{"DISTRICT":"KATHMANDU","STATE_CODE":3,"PR_NAME":"Bagmati Province"},"type":"Polygon","arcs":[[-75,61,-106,-174,62,63,-66]],"id":35},{"properties":{"DISTRICT":"KHOTANG","STATE_CODE":1,"PR_NAME":"Koshi Province"},"type":"Polygon","arcs":[[-107,-190,64,-224]],"id":36},{"properties":{"DISTRICT":"LALITPUR","STATE_CODE":3,"PR_NAME":"Bagmati Province"},"type":"Polygon","arcs":[[-76,65,66,67]],"id":37},{"properties":{"DISTRICT":"LAMJUNG","STATE_CODE":4,"PR_NAME":"Gandaki Province"},"type":"Polygon","arcs":[[-210,68,-81,69]],"id":38},{"properties":{"DISTRICT":"MAHOTTARI","STATE_CODE":2,"PR_NAME":"Madhesh Province"},"type":"Polygon","arcs":[[-164,-167,70,71]],"id":39},{"properties":{"DISTRICT":"MAKAWANPUR","STATE_CODE":3,"PR_NAME":"Bagmati Province"},"type":"Polygon","arcs":[[-121,72,73,74,75,76,-170,-135,77]],"id":40},{"properties":{"DISTRICT":"MANANG","STATE_CODE":4,"PR_NAME":"Gandaki Province"},"type":"Polygon","arcs":[[-99,-95,78,79,80,81]],"id":41},{"properties":{"DISTRICT":"MORANG","STATE_CODE":1,"PR_NAME":"Koshi Province"},"type":"Polygon","arcs":[[-193,82,-112,83,84,85]],"id":42},{"properties":{"DISTRICT":"MUGU","STATE_CODE":6,"PR_NAME":"Karnali Province"},"type":"Polygon","arcs":[[86,87,88,89,90,91]],"id":43},{"properties":{"DISTRICT":"MUSTANG","STATE_CODE":4,"PR_NAME":"Gandaki Province"},"type":"Polygon","arcs":[[92,93,94,-98]],"id":44},{"properties":{"DISTRICT":"MYAGDI","STATE_CODE":4,"PR_NAME":"Gandaki Province"},"type":"Polygon","arcs":[[95,-142,96,97,98,99,-118]],"id":45},{"properties":{"DISTRICT":"NAWALPARASI_E","STATE_CODE":4,"PR_NAME":"Gandaki Province"},"type":"Polygon","arcs":[[100,-104,-108,-206,101]],"id":46},{"properties":{"DISTRICT":"NAWALPARASI_W","STATE_CODE":5,"PR_NAME":"Lumbini Province"},"type":"Polygon","arcs":[[102,-151,-109,103]],"id":47},{"properties":{"DISTRICT":"NUWAKOT","STATE_CODE":3,"PR_NAME":"Bagmati Province"},"type":"Polygon","arcs":[[104,-133,-175,105]],"id":48},{"properties":{"DISTRICT":"OKHALDHUNGA","STATE_CODE":1,"PR_NAME":"Koshi Province"},"type":"Polygon","arcs":[[-223,-173,-130,-184,106]],"id":49},{"properties":{"DISTRICT":"PALPA","STATE_CODE":5,"PR_NAME":"Lumbini Province"},"type":"Polygon","arcs":[[-207,107,108,-150,109,110,-205]],"id":50},{"properties":{"DISTRICT":"PANCHTHAR","STATE_CODE":1,"PR_NAME":"Koshi Province"},"type":"Polygon","arcs":[[111,112,-219,-215,113,114]],"id":51},{"properties":{"DISTRICT":"PARBAT","STATE_CODE":4,"PR_NAME":"Gandaki Province"},"type":"Polygon","arcs":[[115,116,117,118,-203]],"id":52},{"properties":{"DISTRICT":"PARSA","STATE_CODE":2,"PR_NAME":"Madhesh Province"},"type":"Polygon","arcs":[[119,120,121,122]],"id":53},{"properties":{"DISTRICT":"PYUTHAN","STATE_CODE":5,"PR_NAME":"Lumbini Province"},"type":"Polygon","arcs":[[123,-139,124,125,126]],"id":54},{"properties":{"DISTRICT":"RAMECHHAP","STATE_CODE":3,"PR_NAME":"Bagmati Province"},"type":"Polygon","arcs":[[-172,127,-179,128,-185,129]],"id":55},{"properties":{"DISTRICT":"RASUWA","STATE_CODE":3,"PR_NAME":"Bagmati Province"},"type":"Polygon","arcs":[[130,131,-176,132]],"id":56},{"properties":{"DISTRICT":"RAUTAHAT","STATE_CODE":2,"PR_NAME":"Madhesh Province"},"type":"Polygon","arcs":[[133,134,-169,-163,135]],"id":57},{"properties":{"DISTRICT":"ROLPA","STATE_CODE":5,"PR_NAME":"Lumbini Province"},"type":"Polygon","arcs":[[136,-158,-144,-140,137,138]],"id":58},{"properties":{"DISTRICT":"RUKUM_E","STATE_CODE":5,"PR_NAME":"Lumbini Province"},"type":"Polygon","arcs":[[139,-147,140,141,142]],"id":59},{"properties":{"DISTRICT":"RUKUM_W","STATE_CODE":6,"PR_NAME":"Karnali Province"},"type":"Polygon","arcs":[[143,-157,144,145,146]],"id":60},{"properties":{"DISTRICT":"RUPANDEHI","STATE_CODE":5,"PR_NAME":"Lumbini Province"},"type":"Polygon","arcs":[[147,148,149,150,151]],"id":61},{"properties":{"DISTRICT":"SALYAN","STATE_CODE":6,"PR_NAME":"Karnali Province"},"type":"Polygon","arcs":[[152,153,154,-195,155,156,157]],"id":62},{"properties":{"DISTRICT":"SANKHUWASABHA","STATE_CODE":1,"PR_NAME":"Koshi Province"},"type":"Polygon","arcs":[[158,159,-188,160,-213,-217]],"id":63},{"properties":{"DISTRICT":"SAPTARI","STATE_CODE":2,"PR_NAME":"Madhesh Province"},"type":"Polygon","arcs":[[-182,-228,-191,161]],"id":64},{"properties":{"DISTRICT":"SARLAHI","STATE_CODE":2,"PR_NAME":"Madhesh Province"},"type":"Polygon","arcs":[[162,-168,163,164]],"id":65},{"properties":{"DISTRICT":"SINDHULI","STATE_CODE":3,"PR_NAME":"Bagmati Province"},"type":"Polygon","arcs":[[165,166,167,168,169,170,171,172,-222]],"id":66},{"properties":{"DISTRICT":"SINDHUPALCHOK","STATE_CODE":3,"PR_NAME":"Bagmati Province"},"type":"Polygon","arcs":[[173,174,175,176,177,178,179]],"id":67},{"properties":{"DISTRICT":"SIRAHA","STATE_CODE":2,"PR_NAME":"Madhesh Province"},"type":"Polygon","arcs":[[180,-220,181,182]],"id":68},{"properties":{"DISTRICT":"SOLUKHUMBU","STATE_CODE":1,"PR_NAME":"Koshi Province"},"type":"Polygon","arcs":[[183,184,185,186,187,188,189]],"id":69},{"properties":{"DISTRICT":"SUNSARI","STATE_CODE":1,"PR_NAME":"Koshi Province"},"type":"Polygon","arcs":[[190,-227,191,192,193]],"id":70},{"properties":{"DISTRICT":"SURKHET","STATE_CODE":6,"PR_NAME":"Karnali Province"},"type":"Polygon","arcs":[[194,195,196,197,198,199,200]],"id":71},{"properties":{"DISTRICT":"SYANGJA","STATE_CODE":4,"PR_NAME":"Gandaki Province"},"type":"Polygon","arcs":[[201,202,203,-208,204]],"id":72},{"properties":{"DISTRICT":"TANAHU","STATE_CODE":4,"PR_NAME":"Gandaki Province"},"type":"Polygon","arcs":[[205,206,207,208,209,210,211]],"id":73},{"properties":{"DISTRICT":"TAPLEJUNG","STATE_CODE":1,"PR_NAME":"Koshi Province"},"type":"Polygon","arcs":[[-218,212,213,214]],"id":74},{"properties":{"DISTRICT":"TERHATHUM","STATE_CODE":1,"PR_NAME":"Koshi Province"},"type":"Polygon","arcs":[[215,216,217,218]],"id":75},{"properties":{"DISTRICT":"UDAYAPUR","STATE_CODE":1,"PR_NAME":"Koshi Province"},"type":"Polygon","arcs":[[219,220,221,222,223,224,225,226,227]],"id":76}],"type":"GeometryCollection"}},"bbox":[80.06014782700004,26.34742364400006,88.20429852100006,30.473110975000054],"transform":{"scale":[8.144158838158857e-06,4.125691456691451e-06],"translate":[80.06014782700004,26.34742364400006]},"arcs":[[[31746,718891],[-73,552],[-376,562],[-458,1002],[-361,268],[-414,-13],[-412,197],[-316,-64],[-144,129],[-652,1562],[-37,473],[85,520],[-189,654],[-473,510],[-311,549],[-396,1073],[-120,1009],[75,919],[-28,1039],[-101,382],[-821,694],[-112,383],[95,1443],[-28,157],[-45,619],[368,699],[513,372],[-46,572],[-370,586],[-265,806],[-2,407],[326,880],[-216,579],[-252,317],[-317,83],[-622,403],[-418,613],[-381,286],[-331,607],[-232,266],[-622,445],[-356,442],[-227,567],[-192,263],[164,458],[250,260],[116,373],[-229,1023],[-13,763],[325,1536],[90,630],[-7,1080],[-254,664],[-273,372],[-8,641],[101,414],[275,304],[663,66],[518,253],[227,868],[222,15],[324,-412],[644,-334],[386,498],[429,-291],[144,374],[-232,534],[-388,147],[-93,295],[258,445],[513,374],[448,22],[183,-421],[-197,-690],[117,-652],[188,-73],[562,176],[175,-352],[276,132],[501,716],[310,-127],[118,-581],[262,74],[378,486],[40,331],[-202,644],[-572,801],[-219,743],[-334,736],[-200,858],[-292,477],[-172,730],[44,571],[204,197],[424,5],[117,157],[423,1280],[-61,896],[280,580],[316,79],[285,-874],[354,-331],[394,-34],[469,-230],[137,479],[57,816],[-27,666],[-182,857],[7,350],[262,586],[851,733],[816,560],[259,677],[151,1120],[413,-22],[405,-531],[315,-124],[500,899],[180,524],[349,747],[28,237],[-187,883],[107,340],[721,617],[309,822],[46,401],[-179,494],[-301,183],[-302,369],[-321,819],[-313,186],[-273,-237],[-295,75],[-58,326],[520,1622],[-65,349],[-289,483],[-3,273],[813,589],[973,-69],[310,225],[524,152],[-1,482],[-188,393],[-16,610],[192,335],[354,-291],[630,-4],[490,-397],[373,48],[28,643],[-52,529],[-1,979],[102,341],[463,-121],[563,123],[280,690],[77,1380],[73,319],[620,738],[194,554],[631,637],[611,1540],[107,1785],[-24,416]],[[104346,749936],[-675,382],[-129,217],[-515,59],[-1053,-414],[-442,-107],[-274,313],[105,838],[-539,1546],[-108,636],[-225,756],[-90,953],[-150,430],[-221,17],[-246,443],[-332,62],[-630,-293],[-468,420],[-377,440],[-185,897],[-9,593],[-302,493],[40,556],[-305,469],[-315,730],[-144,740],[-191,446],[-500,385],[-759,742],[-677,861],[-401,587],[-400,196],[-7,642],[171,1334],[-153,495],[-542,570],[-247,626],[-255,-395],[-510,-226],[-390,130],[-268,317],[-439,-574],[-248,-166],[-51,-280],[-411,-800],[-331,-280],[-529,53],[-251,231],[-172,1416],[-379,1014],[-83,561],[70,365],[-129,407],[-580,293],[-298,-89],[-329,107],[-284,397],[-584,76],[-385,402],[-418,-20],[-443,411],[-481,32],[-168,185],[-98,441],[-81,1646],[-97,679],[78,287],[20,1153],[56,831],[122,443],[307,110],[497,603],[166,78],[529,-223],[167,30],[681,-455],[275,-40],[200,-445],[181,446],[198,748],[32,398],[279,570],[-45,447],[-118,894],[156,558],[312,325],[68,514],[-354,716],[-12,732],[200,374],[-156,839],[55,918],[120,572],[295,237],[486,1746],[185,1283],[-74,408],[-13,869],[227,1302],[-354,947],[-172,1528],[47,508],[-208,608],[-7,589],[-151,577],[75,317],[263,110],[889,1619],[-152,425],[-449,262],[-201,304],[-689,-336],[-355,-445],[-527,18],[-366,607],[-230,47],[-580,598],[276,892],[-74,1279],[102,623],[-174,716],[301,397],[575,1139],[122,117],[490,-19],[223,-254],[212,-488],[93,523],[-74,571],[89,348],[5,1046],[89,468],[312,585],[274,-132],[299,-429],[220,260],[350,-243],[-74,663],[82,318],[338,362],[-3,812],[127,343]],[[126776,898472],[415,-375],[489,-830],[118,-378],[533,-525],[364,-252],[154,-699],[42,-642],[324,-800],[414,-309],[440,15],[250,-833],[269,-520],[238,-2075],[681,-499],[482,-532],[555,141],[575,4],[287,-194],[395,-893],[134,-133],[681,59],[178,142],[316,-277],[530,-196],[206,62],[343,342],[418,551],[442,-21],[358,183],[366,-272],[268,-579],[170,-193],[216,246],[202,628],[379,719],[158,595],[372,742],[448,-269],[418,-57],[244,120],[474,-384],[365,-1172],[432,-383],[400,-1629],[1060,179],[205,-137],[471,50],[573,805],[430,366],[256,24],[435,-342],[283,509],[270,700],[460,848],[-48,956],[-615,797],[-675,508],[-652,617],[645,517],[160,338],[575,525],[164,327],[1321,252],[274,181],[120,716],[980,464]],[[173091,708832],[-219,5],[-236,680],[-682,1012],[-121,254],[-269,43],[-460,487],[-448,728],[-643,557],[-825,-219],[-442,143],[-391,-134],[-375,-300],[-719,-756],[-398,-907],[-67,-393],[-309,409],[-47,226],[-407,345],[-663,800],[-474,157],[-557,-78],[-150,307],[-106,963],[-214,790],[-407,885],[-225,817],[-191,300],[-518,354],[-23,-543],[110,-916],[-336,-329],[-335,-623],[-486,-170],[-191,-325],[-345,-1067],[-298,-428],[-213,-99],[-794,-5],[-106,321],[-261,-348],[-268,534],[-306,90],[-249,640],[-22,394],[-597,211],[-219,1024],[-238,754],[72,667],[-439,-44],[-365,347],[-209,466],[-1,679],[-292,1150],[23,378],[-426,205],[-516,-225],[-196,437],[-83,594],[-312,161],[-35,418],[95,295],[-127,302],[-523,283],[-483,133],[-41,-394],[-264,-441],[-279,-264],[-128,548],[-137,-272],[-48,-582],[-292,-193],[34,-566],[-72,-260],[-326,7],[-144,-254],[11,-836],[-394,-172],[-645,-103],[-401,-152],[-501,-55],[-269,-389],[-242,-521],[-476,-242],[-229,-459],[-158,21],[139,434],[-185,654],[-410,323],[1,753],[-101,260],[-415,459],[-59,844],[-221,954],[-388,1068],[-123,46],[-66,573],[274,-47],[345,652],[36,1573],[-262,874],[-596,916],[-193,1223],[-119,299],[-357,500],[-321,64],[-212,288],[-308,-320],[-291,50],[-179,903],[-793,337],[-268,583],[-176,-17],[-309,392],[-377,67],[-353,206],[-560,-277],[-285,99],[-182,455],[-185,168],[-694,-38],[-267,351],[-5,297],[-291,415],[-576,568],[-368,576],[-361,175],[-78,432],[-787,1009],[-177,886],[-174,241],[-493,101],[-275,195]],[[138549,739366],[169,-25],[339,438],[268,546],[310,-175],[217,-411],[288,-195],[281,-691],[326,410],[619,1076],[314,659],[520,146],[308,232],[106,668],[886,665],[324,-241],[403,126],[640,753],[794,-179],[197,-134],[680,82],[353,851],[-136,391],[-164,100],[-220,719],[354,435],[613,1594],[465,885],[403,319],[771,456],[677,51],[214,185],[83,861],[505,548],[589,181],[51,382],[349,449],[362,183],[173,259],[552,404],[270,-25],[47,631],[-73,215],[627,1222],[-576,918],[-82,553],[95,372],[-789,389],[-359,5],[-353,1069],[-2,310],[150,240],[596,332],[299,-95],[163,179],[299,-175],[661,688],[331,-18],[288,816],[166,-134],[302,345],[-234,1188],[-94,685],[315,183],[227,465],[230,170],[663,-5],[235,503],[504,738],[285,299],[100,360],[383,559],[127,1084],[272,817],[219,457],[652,1740],[169,658],[-93,361],[181,931],[193,377],[278,-38],[145,405],[898,1518],[237,921],[128,246],[315,850],[306,571],[479,301],[551,118],[380,385],[434,99],[244,515],[856,133],[407,201],[144,286],[-9,461],[256,958],[60,563],[-96,268],[-288,251],[-211,582],[40,960],[358,1401],[152,922],[582,725],[434,671],[349,330],[255,377],[327,681],[135,645],[6,1209],[44,830],[100,608],[-185,1072],[170,701],[-67,1117],[-188,564],[189,949],[284,349],[3,258],[-191,841],[205,553],[212,294],[388,1012],[65,590],[369,277],[474,-51],[215,358],[311,192],[301,579],[366,-242],[288,-325],[585,623],[358,681],[311,413],[1312,1210],[321,-123],[455,117],[150,230],[700,364],[273,284],[194,460],[413,339],[364,79],[649,531],[145,-28],[135,399],[180,105],[429,571],[455,280],[124,434],[976,836],[42,936],[-147,1076],[78,282],[354,659],[-68,414],[-288,776],[-153,774],[154,699],[403,469],[310,211],[208,369],[-32,246],[194,550],[-274,660],[-171,891],[-206,363],[-230,961],[-30,538],[-333,558],[-319,967],[-69,417],[-7,764],[-341,786],[-41,718],[164,810],[154,1213],[213,642],[163,209],[199,-199],[365,-67],[442,73],[331,-73],[1410,-883],[234,-315],[234,-93],[526,436],[327,534],[495,319],[204,450],[-2,498],[230,1687],[278,284],[495,1494],[-318,713],[-235,225],[-45,435],[-299,958],[-152,293],[-30,832],[-155,423],[-241,1586],[-236,358],[166,920],[-28,499],[92,293],[332,314],[328,792],[549,845],[105,1439],[81,669],[-84,1023],[113,659],[82,1131],[109,580],[-86,529],[130,978],[80,1349],[137,610],[106,1243],[-426,220],[-501,897],[-127,1056],[-377,631],[-166,699],[-283,492],[-267,880],[-337,597],[-387,900],[-301,228],[-554,926],[-470,292],[-362,388],[-358,168],[-516,101],[-667,-109],[-206,114],[-357,497],[-387,1065],[-206,268]],[[246691,381685],[-576,-132],[-2156,671],[-2402,146],[-3368,783],[-852,216],[-1651,-168],[-1168,106],[-799,-1405],[-294,-1638],[-1029,-1500],[-393,-1623],[-1183,-2368],[-8,-1410],[-984,-1280],[-590,-1736],[76,-545],[29,-1277],[9,-1987],[-727,-367],[-484,-318],[-259,-32],[-856,-397],[-200,7],[-424,-351],[-315,17],[-215,230],[-610,305],[-905,233],[-315,449],[-242,529],[-366,1109],[-538,923],[-545,736],[-384,604],[-519,538],[-797,1013],[-948,1423],[-805,793],[-225,302],[-456,849],[-235,565],[-326,346],[-670,387],[-131,319],[-399,378],[-658,99],[-271,169],[-530,-330],[-481,11],[-79,166],[-3528,5535],[-1001,1535],[-1323,2083],[-2258,3528],[-1658,2557],[-3296,5190],[-619,308],[-3714,605],[-2404,449],[-340,422],[-175,379],[-395,79],[-991,1003],[-149,22],[-329,-28],[-595,1708],[-266,435],[-441,317],[-1833,1994],[-1411,1128],[-1433,1578],[-1991,2695],[-1461,1693],[-1178,1055],[-2611,2372],[-1417,1339]],[[628480,126406],[-1023,-176],[-312,15],[-721,193],[-724,312],[-1685,124],[-457,-403],[-141,-398],[-588,200],[-642,365],[-173,284],[-1543,270],[-42,-265],[-652,42],[-84,-168],[-653,57],[-418,-974],[-403,107],[-373,326],[-271,-443],[-214,-119],[-16,-482],[457,-1084],[-338,-311],[96,-493],[-216,-102],[-139,-322],[353,-221],[15,-259],[-396,116],[-146,163],[-61,415],[-186,-72],[-498,728],[141,-675],[-466,50],[-380,-374],[-599,-116],[-53,-622],[-254,-426],[-136,30],[-137,1086],[359,625],[-239,330],[-219,-350],[157,-387],[-128,-279],[-317,148],[-225,-386],[204,-641],[-122,-297],[-1711,445],[-277,142],[-988,346],[-579,255],[-792,196],[17,333],[811,742],[17,751],[-189,115],[-93,882],[54,206],[352,25],[-250,907],[115,430],[15,452],[320,-98],[651,245],[-9,470],[186,71],[149,-586],[320,-20],[-96,503],[174,511],[208,129],[117,-310],[566,305],[217,198],[43,1003],[263,-112],[193,-644],[309,529],[-23,343],[-474,399],[-310,-186],[-51,407],[226,285],[-1191,370],[-940,205],[-843,115],[-792,-33],[-255,288],[-354,123],[-1504,295],[-176,101],[-258,488],[-1113,1490],[32,500],[442,287],[151,-407],[315,-72],[169,1288],[-347,602],[-836,248],[-506,59],[-656,229],[-1347,258],[-173,1243],[192,393],[-298,639],[297,379],[-204,591],[233,163],[163,459],[346,103],[245,946],[-74,277],[-276,391],[15,342],[343,60],[-887,2387],[-483,1362],[-272,526],[-178,179],[-99,397],[-714,178],[-143,-291],[-317,-4],[-238,299],[-934,684],[-1232,954],[-519,212],[-269,-199],[-376,-73],[-833,341],[-897,-241],[-1016,553],[-202,-125],[-424,713],[-552,-95],[-234,-229],[79,673],[-256,437],[-9,374],[-1296,577],[-1124,712],[11,289],[-347,-52]],[[177620,417224],[-1094,1003],[-972,944],[-1188,1369],[5,2121],[163,4558],[524,1977],[-381,545],[-1016,1237],[-614,389],[-1196,1768],[-981,1546],[23,2369],[-511,1289],[132,463],[-12,586],[-132,248],[-2072,1876],[-306,390],[-662,376],[-590,414],[-695,163],[-820,-108],[-1724,-93],[-932,370],[-882,404],[-212,-470],[84,-373],[-201,-130],[-97,-362],[-284,-335],[-305,-1144],[10,-616],[176,-443],[379,-245],[691,-307],[152,-776],[-109,-197],[46,-470],[-151,-281],[10,-453],[-192,-259],[-213,-831],[-259,-689],[-521,-239],[-294,49],[-1911,-374],[-854,-119],[-945,151],[-1686,-1544],[-331,-66],[-318,829],[359,2003],[1173,738],[-951,2903],[-1169,-1135],[-112,1240],[-156,219],[-542,232],[-256,449],[31,823],[274,173],[414,-140],[790,-64],[859,281],[430,1507],[-785,1778],[169,2762],[105,845],[-798,1823],[-1779,3653],[-945,734],[-715,1371],[-691,1516],[-2237,4806],[-1258,2790],[-1609,3729],[-758,1812],[88,2246],[138,6399],[-675,1848],[-1167,3056],[-757,3247],[-337,559],[-2149,811],[-2198,827],[-1102,387],[-2170,578],[-1231,400],[-3435,1240],[-2610,974],[-1172,689],[-1534,2305]],[[207109,476456],[-161,-55],[-628,307],[-255,201],[-440,215],[-799,-16],[-199,78],[-369,835],[-355,-158],[-240,247],[-276,784],[-449,291],[-307,1221],[-274,163],[-399,873],[-408,225],[-324,-83],[-955,502],[-439,335],[-237,-49],[-583,-354],[-427,-35],[-250,388],[83,-639],[203,-550],[547,284],[111,-85],[80,-562],[304,263],[109,-659],[-165,-680],[157,-481],[-302,-989],[-199,-945],[5,-315],[-392,-360],[45,859],[217,437],[75,752],[-95,497],[-396,-534],[-224,-1077],[-303,-890],[-10,-834],[-153,-764],[-309,-751],[-801,-4172],[-128,121],[-270,638],[-671,807],[-355,-395],[-110,-389],[18,-463],[-362,-772],[-96,-714],[-614,-616],[551,-459],[124,-229],[-279,-648],[244,-624],[-27,-488],[196,-438],[-82,-489],[-319,262],[-188,-168],[-76,-610],[-223,-419],[-339,-100],[-393,-342],[-254,-425],[-238,62],[-880,-972],[-87,-292],[-43,-736],[-170,-376],[-454,-95],[-370,233],[-350,-620],[-71,-686],[6,-890],[-190,-750],[-460,-419],[-509,116],[-468,-439],[-170,96],[-195,777],[-417,-715],[-259,214],[37,465],[156,433],[-139,148],[-391,-882],[-305,-368],[-191,-634],[-6,-390],[126,-566],[-144,-149],[-521,399],[-291,-387],[89,-359],[235,-195],[19,-673],[-214,-82],[-313,-842],[-594,-933],[-341,-371],[-286,-39],[-185,234],[-56,-596],[-61,-370],[66,-402],[-59,-392],[-323,-300],[-254,4],[-564,-333],[-300,-309],[-191,62],[-463,-181],[-307,225],[-340,-310],[-286,-921],[-367,-274],[-350,-97],[-370,-553],[-43,-740],[246,-427],[85,-400],[-6,-919],[-365,-1003],[-441,-189],[-392,36],[-269,-173],[-41,-679],[707,-571],[-583,-445],[435,-902],[-147,-632],[-179,-234],[-133,-103],[-219,-527],[71,-489],[384,242],[249,-398],[-54,-591],[-197,-272],[-264,-10],[-256,166],[-195,-161],[-112,-490],[17,-440],[-93,-505],[-171,-380],[-172,20],[-403,809],[-200,-55],[-151,-710],[-145,-229],[-383,-222],[-179,-715],[143,-622],[106,-901],[196,-563],[217,-367],[-62,-854],[91,-623],[-68,-194],[-374,285],[-258,-249],[43,-226],[458,-394],[374,-577],[-579,-760],[105,-681],[545,-495],[200,-694],[356,-725],[6,-319],[-204,-489],[-372,-124],[-199,249],[-149,-297],[298,-916],[3,-180],[303,-652],[372,-108],[77,-245],[-229,-938],[198,-216],[423,-94],[214,-378],[278,-104],[563,-599],[100,-671],[-443,-92],[-159,-446],[-181,-1175],[-583,-520],[-359,-91],[-391,155],[-268,461],[-317,-509],[219,-602],[257,-239],[-191,-445]],[[543687,245023],[-468,478],[-293,135],[-401,349],[-434,-1038],[-17,-464],[-187,-314],[-198,43],[-448,429],[-149,673],[-413,-41],[-335,323],[-112,296],[-694,238],[-466,45],[-406,343],[-118,897],[-230,355],[-214,83],[-562,-163],[-654,396],[-312,-64],[-458,262],[-219,-112],[-260,-400],[-296,-37],[-272,270],[-272,-71],[-166,-336],[-243,-153],[-503,451],[-301,-96],[-379,49],[-190,-179],[-199,200],[-228,-65],[-349,-431],[-190,66],[-364,864],[-1032,660],[-505,173],[-344,275],[-141,-332],[-513,-169],[-1364,-267],[-1025,173],[-287,240],[-466,213],[-390,371],[-190,58],[-304,-160],[-363,149],[-133,365],[-337,267],[-484,1],[-255,285],[-540,140],[-462,747],[-392,367],[-653,232],[-577,662],[-294,-294],[-342,-1076],[-136,-117],[-361,238],[-301,590],[-212,661],[-269,387],[-89,690],[-277,438],[-664,-302],[-128,1365],[220,433],[218,983],[-186,786],[91,575],[-37,815],[-397,869],[-149,453],[-12,427],[-142,662],[34,724],[-610,784],[-176,547],[-527,288],[-400,790],[-22,835],[130,525],[-94,542],[-373,438],[-194,491],[5,410],[-225,210],[-369,136],[-199,-142],[-253,60],[-222,357],[-467,-508],[-648,338],[-381,561],[-622,-1329],[-317,-104],[-408,-794],[45,-849],[-76,-520],[-201,-258],[-285,277],[-487,-75],[-512,360],[-188,722],[181,1806],[-123,358],[-9,587],[-383,474],[-1,255],[568,1176],[10,153],[-321,927],[-461,269],[-316,360],[-334,115],[-191,-96],[-170,280],[-338,-932],[-337,670],[-499,53],[-495,408],[-504,-54],[-370,416],[-239,47],[-73,855],[-386,81],[-106,591],[-409,442],[-514,181],[-211,-226],[-243,149],[-270,-28],[-255,500],[-331,-19],[6,703],[-396,831],[88,686],[-218,473],[652,971],[-185,399],[130,394],[-87,309],[112,287],[-9,636],[214,187],[-161,576],[114,1006],[-448,95],[-167,371],[-310,-413],[-215,207],[-338,-37],[-487,-739],[-147,56],[-257,-528],[-420,-263],[-534,-160],[-149,241],[-435,167],[-191,228],[-22,1022],[-86,333],[-342,6],[-147,187],[-215,-155],[-250,536],[-510,-254],[-178,-316],[-400,-448],[-266,-51],[-26,-411],[168,-480],[91,-761],[-118,-706],[-8,-464],[-166,-275],[147,-378],[-120,-1389],[-135,-618],[-106,-1142],[-235,-305],[-349,-65],[-135,-498],[-224,-276],[-712,-520],[-230,248],[-307,-36],[-115,-284],[-226,-49],[-67,-330],[-202,-160],[-269,271],[-188,-522],[-110,-781],[29,-685],[-144,-280],[-58,-586],[-154,-289],[-330,-254],[-82,-581],[-210,-833],[-239,-137],[142,-749],[271,-400],[-70,-348],[-363,-360],[17,-361],[-167,-345],[-300,-304],[-269,-1049],[-92,-590],[-1018,150],[-142,-132],[-420,-1],[-264,-359],[-225,-67],[-421,106],[-87,-584],[-266,201],[-200,-72],[-153,-340],[184,-484],[-45,-607],[-221,57],[-288,-188],[-198,164],[-305,561],[-348,-311],[-246,414],[-189,532],[-406,-234],[-143,657],[-359,426],[-128,-205],[-198,168],[-114,-368],[-225,367],[-187,-15],[-106,420],[-27,569],[-267,12],[-322,-428],[-576,-194],[-262,109],[-308,-201],[-513,-874],[-88,709],[-347,114],[-309,-187],[-337,620],[-550,438],[-369,-623],[-233,78],[-309,-289],[-472,-155],[-475,-48],[-450,-261],[-281,249],[-122,519],[117,478],[-237,347],[-318,263],[-674,-90],[-357,272]],[[15459,676210],[264,-157],[368,-570],[582,-631],[289,-224],[520,-103],[318,-239],[292,-1047],[479,-770],[872,-128],[393,-199],[454,-71],[352,-223],[330,-29],[300,-168],[427,147],[373,557],[278,707],[471,680],[246,-14],[306,469],[189,520],[123,827],[187,578],[399,535],[489,214],[325,-6],[777,140],[316,371],[140,345],[-117,770],[-685,1445],[-381,1360],[-449,1198],[-142,624],[5,1136],[267,790],[-16,722],[-232,1533],[-77,1048],[-521,943],[-353,908],[-628,863],[-466,448],[-135,500],[30,420],[378,1301],[42,697],[285,578],[61,342],[-34,741],[256,500],[443,26],[260,-211],[267,-654],[72,-1415],[97,-652],[408,-726],[296,-62],[718,201],[621,31],[338,-453],[410,-849],[307,-965],[222,-380],[321,-271],[286,89],[338,418],[236,733],[292,1308],[-22,287],[-380,965],[-9,542],[76,763],[176,918],[-6,369],[-264,970],[-328,904],[-59,669],[316,610],[267,750],[446,621],[150,498],[0,816],[-207,852],[13,746],[176,709],[-128,982],[24,773],[280,555],[131,1069],[160,943],[66,1152],[-58,1025],[27,843],[224,896],[235,255],[218,3],[144,254],[401,1161],[246,1032],[210,363],[35,735],[-254,630],[-33,392],[135,1083]],[[31746,718891],[511,-810],[515,-386],[132,23],[942,898],[179,630],[-284,838],[81,371],[287,213],[480,644],[277,129],[164,779],[419,-68],[423,256],[-25,676],[56,408],[329,458],[124,-790],[344,-286],[420,-627],[309,129],[-163,783],[76,422],[218,216],[266,-226],[59,567],[402,210],[212,521],[-70,200],[-391,60],[-308,331],[212,1162],[4,901],[105,264],[214,-185],[165,-426],[242,124],[11,475],[128,100],[263,-325],[150,42],[182,1133],[337,-31],[270,-1137],[237,22],[79,538],[-249,791],[182,300],[609,316],[195,278],[581,-186],[227,110],[50,459],[246,177],[183,-498],[-242,-278],[133,-360],[417,154],[365,410],[169,354],[244,-115],[95,-622],[174,-176],[422,1350],[11,620],[-87,674],[229,316],[-62,287],[-248,245],[-102,800],[326,87],[-52,513],[177,545],[344,-77],[291,405],[102,1297],[447,490],[-8,373],[210,301],[51,621],[348,110],[276,263],[208,-181],[272,-1323],[235,-145],[27,392],[384,8],[-61,819],[104,253],[338,306],[250,-397],[203,-117],[328,205],[367,667],[467,-462],[305,-481],[416,-300],[197,139],[982,-896],[332,-509],[319,275],[465,965],[124,395],[322,465],[708,599],[469,142],[384,346],[622,-1088],[319,62],[748,-551],[756,102],[89,-113],[707,-126],[384,52],[627,321],[691,1274],[631,33],[-69,831],[11,722],[78,963],[-35,554],[135,891],[170,758],[257,81],[154,-261],[336,-43],[678,-545],[374,184],[836,-342],[558,-616],[32,-665],[263,-722],[226,-1200],[129,-454],[-13,-628],[1267,-151],[358,217],[344,40],[408,-106],[647,30],[642,-294],[525,229],[686,-583],[183,-295],[65,-751],[401,-387],[592,-147],[165,-261],[344,-229],[330,327],[853,-130],[272,-455],[394,-484],[438,618],[307,1077],[128,634],[489,71],[129,148],[122,532],[241,355],[654,593],[441,95],[240,-113],[272,619],[23,815],[-132,575],[25,574],[-252,858],[-402,331],[-50,320],[-336,368],[-77,353],[246,249],[361,137],[429,767],[581,344],[745,-515],[144,-177],[328,-62],[529,-523],[772,-61],[357,-531],[101,-662],[699,-85],[193,160],[614,886],[119,-570],[48,-1039],[258,-728],[624,-449],[171,-279],[472,-369],[766,-387],[344,-280],[480,-158],[144,-144],[786,-65],[570,-176],[539,70],[305,150],[383,-203],[-261,-1211],[-234,-320],[-118,-415],[78,-752],[-83,-698],[713,-713],[1257,-769],[153,-318],[90,-526],[348,-216],[199,-522],[100,-548],[-2,-1028]],[[182722,582100],[916,250],[1006,604],[337,301],[917,404],[416,-83],[308,85],[374,898],[89,1424],[-170,1651],[123,668],[-176,1056],[-110,418],[-561,638],[-1051,1931],[-512,469],[-198,426],[-432,612],[-2,630],[-360,1696],[-211,587],[86,407],[-153,1187],[-315,590],[-328,1354],[-301,994],[-35,465],[-693,1435],[-73,684],[46,913],[-174,531],[-119,923],[-187,563],[-272,1301],[-450,712],[-186,614],[-111,617],[-233,402],[-124,580],[-103,427],[-223,324],[-431,350],[-213,497],[-267,1237],[-309,905],[-103,1248],[-113,275],[-660,-222],[-646,267],[-747,934],[-667,1186],[-414,1050],[-260,1359],[-338,709],[-545,1206],[-322,1385],[-193,441],[-347,1074],[-585,71],[-305,385],[-415,77],[-108,916],[-457,995],[-131,161],[-671,167],[-108,341],[133,1439],[25,797],[-44,1182],[-218,957],[-178,48],[-332,-574],[-214,-226],[-343,9],[-272,163],[-143,267],[-309,1011],[-4,376],[-234,339],[-223,34],[-263,812],[5,529],[333,1270],[58,557],[-130,471],[-392,666],[-123,916],[-232,595],[-306,427],[-196,840],[-459,246],[-5,492],[319,47],[482,585],[212,892],[-34,452],[-322,758],[-150,1100],[58,803],[445,1297],[802,120],[246,700],[305,872],[300,1867],[155,183],[613,346],[522,1839],[-3,948],[146,709],[379,594],[749,855],[270,548],[464,647],[657,240],[266,338],[124,408],[-54,918],[154,585],[21,621],[371,495],[796,427],[590,438],[452,570],[800,683],[491,177],[270,420],[434,110],[322,-183],[521,63],[187,218],[411,927],[311,140],[224,612],[248,293],[130,756],[305,465],[462,97],[358,250],[546,46],[649,861],[262,503],[560,824],[188,626],[521,756],[729,663],[183,260],[560,290]],[[325364,333104],[-340,-1270],[-404,-69],[-307,1328],[-512,-838],[-740,-790],[-1052,-331],[-1109,119],[-633,342],[-282,1559],[-1102,-2129],[-2053,-1017],[-1313,582],[-35,-565],[-567,-1051],[-483,-589],[-1713,859],[-607,-421],[-326,-886],[-462,-880],[-309,-17],[-766,421],[-1005,-664],[-1823,-988],[-904,-796],[-621,81],[-735,-426],[-288,-327],[-273,455],[-978,-251],[-505,316],[-408,105],[-870,510],[-1981,-1309],[-961,-198],[-297,-718],[-744,-106],[-278,448],[-1046,-1488],[-961,130],[-2045,407],[-1435,1545],[-1200,773],[-1769,2412],[-1363,1106],[-1083,1712],[-1326,2597],[-1028,3061],[-102,210],[-712,2087],[-3755,2945],[-3501,3752],[-513,564],[-1923,2763],[-1196,1686],[-2689,3937],[-470,710],[-579,629],[-2158,1953],[-312,653],[-1349,2649],[-1035,2072],[-1798,1271],[-2066,1582],[-2779,2742],[-69,14],[-459,-1952],[-256,22],[-1058,435],[-1975,1237],[-138,195],[-1005,2874],[-1613,2046],[-1167,2068],[-162,1151],[-1171,2352],[-1167,3270],[-454,-80]],[[246691,381685],[69,668],[-335,60],[95,446],[-66,238],[308,300],[115,537],[-183,827],[-57,920],[-174,112],[-87,782],[192,293],[-34,404],[90,351],[56,874],[225,459],[227,-115],[503,188],[469,-2],[603,-236],[172,-272],[347,-128],[254,252],[116,554],[511,484],[6,-402],[233,-843],[354,-265],[347,-96],[506,525],[353,-85],[543,533],[-62,-584],[238,-44],[210,-264],[259,-48],[442,323],[410,899],[181,225],[306,859],[203,76],[149,865],[416,-242],[565,-595],[122,68],[590,736],[379,-38],[808,-397],[748,-901],[597,-262],[791,-758],[364,-144],[363,116],[340,-95],[379,228],[218,-40],[379,157],[230,276],[-137,639],[101,576],[-91,358],[80,752],[-75,466],[-188,449],[-22,572],[397,578],[-68,877],[-47,921],[-256,327],[15,351],[-155,745],[-232,583],[28,427],[-151,442],[-25,798],[217,1175],[322,588],[50,274],[-108,646],[-72,1451],[49,501],[328,572],[100,378],[124,1349],[-162,1055],[-166,707],[-282,499],[-728,218],[-372,543],[-61,748],[-121,440],[-306,308],[-234,821],[-176,253],[-319,-146],[-638,-121],[-332,85],[-791,509],[-528,457],[-569,767],[-398,374],[-453,307],[-358,135],[-445,293],[-456,831],[-574,543],[-253,-68],[-566,1036],[-212,107],[-345,403],[-435,186],[-369,606],[-275,96],[-347,-114],[-352,232],[-465,746],[-213,200],[-379,102],[-319,367],[-378,-591],[-283,447],[-467,273],[-231,-124],[-313,340],[-394,728],[-679,231],[-404,454],[-534,329],[-258,580],[-294,268],[-244,-338],[-200,-53],[-765,1271],[-350,160],[-515,-199],[-595,341],[-1117,476],[-243,219],[-182,425],[-34,1020],[-217,721],[90,667],[-216,1249],[83,801],[171,419],[53,702],[-96,266],[55,746],[-11,945],[-313,1637],[-181,312],[-291,1133],[-294,666],[-265,838],[-201,390],[-417,1297],[-400,812],[-140,547],[-230,455],[-281,311],[-587,870],[-326,661],[-62,631],[-275,452],[-408,50],[-206,436],[-13,593],[-356,510],[-323,195],[-303,-634],[-235,45],[-437,478],[-205,427],[-59,474],[134,886],[-187,615],[-235,180],[-137,-223],[-618,89],[-255,-158],[-431,471],[-236,724],[-154,166],[-322,22],[-578,513],[48,642],[-112,468],[-415,416],[-399,-103],[-574,445],[133,952],[-233,953],[-611,736],[190,874],[-142,738]],[[337298,370883],[65,-406],[-232,-587],[203,-422],[463,-85],[89,-377],[-120,-460],[-173,-178],[-268,27],[-372,225],[-549,-416],[-574,-193],[-145,-350],[238,-473],[222,-194],[400,-131],[948,-425],[103,-397],[-299,-455],[-252,-89],[-915,310],[-323,-95],[-335,-424],[-122,-559],[-13,-445],[-675,-889],[-321,-905],[-177,-198],[-614,-50],[-455,-218],[-963,-749],[-533,-252],[-578,-704],[-169,-466],[-61,-632],[-427,-382],[-32,-1207],[524,-312],[364,-543],[166,-456],[-29,-985],[327,-534],[432,-217],[556,74],[300,-234],[139,-572],[280,-652],[741,-493],[351,-947],[283,-615],[358,-451],[84,293],[-196,1553],[203,620],[312,248],[494,18],[489,-863],[-152,-1375],[82,-443],[232,-165],[513,250]],[[43027,789584],[-120,622],[12,537],[-252,546],[74,466],[181,209],[5,1259],[321,1208],[394,282],[406,-10],[214,199],[272,786],[-39,465],[-153,261],[66,1487],[-516,559],[-236,735],[54,796],[250,613],[-65,486],[-266,418],[-332,-176],[-214,262],[-22,472],[-249,634],[-277,220],[-471,-369],[-357,83],[-49,226],[198,523],[-192,269],[-742,182],[-148,165],[-145,711],[90,644],[-63,374],[-513,446],[-140,374],[-108,838],[100,759],[132,848],[-553,715],[-73,405],[5,1093],[-121,1795],[-253,203],[-312,1542],[-3,867],[-313,706],[38,232],[373,466],[-70,670],[-207,170],[-496,-26],[-176,164],[-152,431],[-55,1223],[107,540],[325,539],[-88,508],[-411,667],[-158,437],[126,589],[-24,570],[102,690],[277,696],[225,5],[168,-322],[207,-39],[700,138],[315,220],[564,-57],[75,234],[-189,1167],[38,568],[129,186],[589,255],[304,-423],[309,-76],[194,489],[-161,699],[10,461],[267,753],[195,1448],[459,690],[92,550],[-117,421],[109,410],[285,222],[36,357],[-112,1053],[158,433],[-80,601],[128,199],[357,-643],[283,-11],[135,551],[213,384],[249,104],[488,-19],[682,358],[319,355],[63,430],[272,535],[192,704],[253,-2],[166,-271],[243,-741],[231,-380],[304,-243],[334,-64],[367,162],[428,645],[271,90],[650,-114],[479,22],[294,-178],[554,-510],[301,-138],[437,-362],[233,-385],[404,171],[1169,-251],[244,353],[-13,603],[-198,525],[282,174],[39,515],[355,508],[255,666],[-285,195],[-62,391],[310,674],[216,851],[376,281],[310,986],[322,283],[644,261],[262,-51],[552,463],[266,519],[-15,704],[386,203],[393,819],[219,577],[369,-121],[110,117],[99,941],[156,745],[217,423],[573,-214],[606,920],[248,-108],[261,433],[4,416],[-240,455],[-9,264],[366,793],[47,598],[544,644],[282,340],[-121,340],[-222,88],[-244,417],[20,249],[438,1019],[252,248],[291,514],[189,551],[171,919],[39,493],[261,1299],[295,1084],[-148,882],[-4,360],[-34,1093],[-178,844],[210,1773],[206,641],[143,1091],[487,1146],[73,919],[155,360],[159,689],[852,1945],[262,991],[529,889],[62,202],[1112,1475],[479,-114],[383,170],[165,247],[442,210],[350,471],[414,284],[329,-121],[232,235],[391,109],[355,-107],[743,-636],[185,-577],[189,-107],[533,-663],[249,-152],[1006,-174],[249,228],[312,-38],[241,170],[984,168],[224,-119],[585,487],[148,399],[438,629],[61,724],[520,998],[33,287],[357,786],[647,798],[144,374],[424,118],[282,899],[215,490],[383,261],[206,571],[366,249],[323,859],[142,651],[425,947],[283,57],[449,-173],[203,145],[947,-246],[452,63],[268,398],[142,405],[280,158],[425,709],[241,641],[234,820],[326,1894],[381,712],[104,1131],[-303,699],[47,811],[-42,930],[29,482],[420,838],[-74,482],[243,449],[30,426],[564,687],[681,296],[177,211],[293,12],[307,220],[245,401],[318,882],[233,312],[277,1120],[381,886],[-35,404],[101,382],[229,119],[407,1028],[247,423],[302,316],[266,1145],[563,1061],[422,205],[376,501],[151,16],[44,552],[350,445],[213,-51],[190,530],[157,182],[339,-54],[216,111],[262,-614],[205,-85],[487,153],[251,-133],[571,528],[222,411],[335,294],[79,574],[-13,553],[-147,144],[-338,692],[153,848],[149,390],[276,322],[943,480],[75,327],[501,268],[442,-89],[285,371],[386,701],[365,190],[375,23],[350,386],[134,341],[90,785],[-197,785],[-128,756],[4,544],[-307,763],[-55,907],[-271,1282],[74,281],[25,919],[-35,600],[-372,807],[-177,630],[-327,62],[-175,503],[-467,742],[-58,274],[-504,1077],[-70,977],[-440,579],[-55,236],[-679,1211],[-450,565],[-155,350],[-266,1460],[-437,709],[-95,595],[-280,427],[-170,18],[-250,374],[-4,426],[-274,947],[-355,683],[33,403],[-285,858],[-263,601],[-266,131],[-326,-151],[-120,267],[-88,691],[-387,172],[-609,762],[-57,237],[-284,294],[-243,577],[-332,358],[-240,821],[-261,402],[-287,681],[-133,553],[-181,361],[-116,877],[-147,425],[-245,1118],[-230,539],[-500,823],[56,355],[-481,883],[-308,904],[-505,900],[-510,66],[-114,248],[10,876],[-111,180],[-128,1165],[158,1417],[-209,668],[75,280],[-120,864],[-269,882],[-475,619],[-614,-96],[-193,-209],[-390,-115],[-682,376],[-441,864],[-30,708],[92,425],[-374,588],[-260,152],[-322,475],[-362,226],[-358,586],[-263,128],[-255,779],[-236,312],[-594,259],[-211,-19],[-262,284],[-158,413],[-332,10],[-142,193],[-953,-89],[-369,-214],[-288,106],[-619,389],[-376,934],[-689,137],[-129,335],[-492,310],[-344,607],[-74,627],[-129,445],[-201,327],[-238,108],[36,522],[-307,391],[247,431],[-108,548],[40,510],[-213,895],[-77,1053],[-262,2197],[-237,780],[-541,505],[-291,802],[-430,411],[-152,15],[-448,538],[-71,583],[-214,420],[-72,863],[-217,108],[56,1056],[-226,613],[-564,812],[-172,709],[-46,638],[107,405],[156,7],[96,439],[-235,214],[-266,537],[-260,929],[-80,829],[50,491],[-47,638],[-131,494],[-463,675],[-241,485],[-456,1391],[-533,257],[-343,516],[-266,140],[-581,-116],[-904,-758],[-936,-34],[-1152,-767],[-602,-861],[-348,-368],[-593,-1413],[-495,-858],[-928,-1122],[-229,-635],[-333,-619],[-659,-706],[-181,16],[-334,552],[-415,1003],[-529,456],[-235,389],[265,665],[128,505],[36,1052],[-90,431],[346,617],[639,585],[307,1101],[238,644],[643,49],[420,166],[481,506],[27,249],[288,85],[451,340],[35,385],[651,964],[-13,1048],[273,861],[137,-768],[826,65],[302,-65],[106,330],[410,536],[302,142],[855,-73],[366,44],[366,-105],[154,1061],[79,171],[896,8],[137,-905],[217,-984],[264,-616],[294,-423],[227,10],[454,432],[511,368],[180,-597],[366,-750],[299,-178],[737,-1248],[571,68],[496,-460],[189,-520],[185,-187],[651,-282],[250,-356],[364,-99],[187,-609],[649,-640],[249,-471],[69,-404],[421,-558],[600,-388],[255,-501],[-103,-834],[203,-610],[537,-99],[288,-198],[185,-446],[94,-943],[996,-463],[462,-3],[118,153],[239,972],[427,54],[225,-140],[439,-667],[311,-188],[359,-418],[109,-483],[605,-821],[324,-670],[459,-593],[563,-76],[227,-726],[382,-552],[235,-689],[552,-984],[483,-292],[190,-889],[42,-928],[214,-142],[724,-801],[450,-1054],[371,159],[82,-463],[222,-615],[322,-343],[228,-97],[413,-833],[300,-1326],[195,-355],[582,-119],[275,-184],[-141,-413],[-139,-1297],[207,-927],[592,-1078],[565,-427],[557,-749],[325,-259],[-206,-1381],[157,-731],[696,-173],[1341,-33],[180,-229],[77,-811],[321,-644],[293,-379],[365,22],[666,-385],[889,419],[517,452],[343,-94],[906,-478],[441,-152],[365,-5],[612,-1361],[546,-528],[182,-627],[81,-752],[606,59],[236,-187],[322,15],[230,-253],[326,117],[455,353],[687,-113],[668,-329],[82,-250],[381,-315],[194,-511],[419,-851],[270,-695],[252,-337],[354,-188],[223,-272],[610,-439],[631,-1274],[33,-650],[-226,-352],[-290,-155],[-92,-519],[99,-763],[364,-473],[476,-768],[254,-254],[54,324],[489,764],[537,242],[308,305],[646,316],[926,-213],[435,79],[514,-166],[1091,204],[157,-685],[300,-269],[605,-171],[222,195],[129,356],[179,97],[475,-249],[251,-357],[762,-296],[462,-431],[384,-611],[51,-666],[-97,-722],[1485,-732],[182,-609],[131,-113],[814,-186],[324,-199],[-7,-588],[-350,-938],[36,-691],[147,-435],[-208,-1333],[-309,-919],[-62,-573],[405,-167],[93,-459],[-126,-974],[220,-271],[338,-87],[355,-582],[457,-207],[318,-889],[209,-96],[98,-322],[39,-777],[-254,-519],[-588,-495],[-459,-172],[-88,-369],[123,-377],[-180,-479],[285,-163],[388,-456],[409,-183],[12,-807],[90,-375],[49,-814],[-102,-581],[177,-708],[157,-125],[680,-5],[293,-1000],[165,-157],[194,-489],[29,-579],[257,-435],[340,-178],[108,-425],[58,-1032],[143,-711],[257,-347],[473,-104],[118,-176],[721,-274],[165,-281],[69,-482],[541,-951],[-117,-317],[45,-715],[-94,-607],[4,-721],[124,-625],[-138,-397],[-39,-543],[-332,-1162],[-44,-665],[115,-293],[319,-346],[322,-1128],[-22,-2588],[-109,-257],[-271,-1161],[342,-307],[571,-55],[664,410],[522,-172],[449,-699],[52,-522],[275,-915],[377,-583],[126,-640],[-48,-493],[-231,-897],[-102,-728],[-548,-535],[-38,-655],[-247,-1926],[-392,-690],[-156,-535],[-27,-416],[-401,-866]],[[126776,898472],[-343,12],[-465,-426],[-349,-836],[-228,-171],[-120,-451],[-445,-259],[-454,7],[-333,-471],[-455,-1241],[-44,-339],[-273,-608],[-163,-106],[-600,-1238],[-215,-603],[-101,-571],[-227,-234],[-548,-302],[-322,-791],[-341,-216],[-205,-514],[-251,-126],[72,-585],[-47,-1032],[-395,-1080],[-281,-1235],[-605,-1552],[-240,-1201],[-564,-1012],[-389,-148],[-393,-489],[60,-461],[169,-410],[434,-697],[-43,-522],[-292,-1048],[-6,-400],[220,-1242],[270,-570],[-355,-465],[-222,-614],[-197,-1101],[-158,-519],[-414,-471],[-189,-878],[-423,-492],[-413,-912],[33,-902],[-232,-1117],[227,-699],[59,-405],[368,-273],[422,-603],[272,-218],[148,-508],[285,-573],[662,-599],[652,-891],[226,-424],[227,-672],[-44,-404],[140,-1580],[884,-2512],[400,-818],[-250,-768],[-108,-739],[-55,-1048],[45,-418],[-135,-1170],[228,-851],[238,-254],[-175,-804],[-67,-687],[-5,-1256],[-41,-554],[98,-860],[136,-538],[196,-275],[361,-182],[590,-964],[288,-187],[299,-419],[156,-606],[571,-319],[423,-355],[498,81],[278,253],[125,-956],[-94,-624],[111,-1076],[-209,-636],[121,-1037],[-129,-687],[12,-1093],[-143,-768],[-43,-992],[-669,-517],[80,-1698],[132,-611],[-52,-2120],[-421,-836],[289,-861],[-286,-1517],[-203,-317],[-230,-783],[-171,-262],[-321,-76],[-588,-578],[-441,-152],[-379,-247],[-380,87],[-94,-725],[-299,-554],[-270,-929],[-185,-299],[-231,218],[-592,91],[-547,1091],[-247,-617],[-319,139],[-701,-46],[-267,-363],[-296,-757],[-259,-175],[-593,493],[-181,-170],[-1065,-191],[-227,-520],[-278,-1221],[-144,-163],[-264,-835],[-543,-950],[-157,-487],[27,-487],[-364,62],[-1027,617],[-372,162],[-346,279],[-476,1012],[-305,54],[-323,378],[-377,734],[-749,-15],[-216,-167],[-524,-638],[-305,-573],[-543,-278],[-956,-962],[-664,131],[-837,-124],[-433,-493],[-486,-448],[-339,-114],[-282,-950],[-383,-222],[-136,-389],[-1021,-131],[-240,-310],[-202,32],[-906,-1164],[-762,-255],[-158,-690],[-109,-827],[-222,-525],[-294,-468],[-793,-47],[-781,-580],[-272,-505],[-352,-947],[-214,-36],[-284,431],[-560,188],[-164,349],[-264,-198],[-149,-613],[-415,-386],[-398,304],[-562,-165],[-423,-607],[-148,-66],[-581,374],[-309,319],[-425,41],[-557,283]],[[90562,809777],[-267,64],[-498,938],[-232,799],[-247,72],[-280,812],[-355,584],[-275,72],[-401,-171],[-425,261],[-743,-186],[-396,337],[-72,248],[-400,43],[-459,866],[-321,-58],[-702,-676],[-482,-104],[-607,180],[-276,162],[-607,-483],[-258,31],[-639,-191],[-367,4],[-540,-186],[-573,-590],[-302,-177],[-171,93],[-373,550],[-49,329],[-351,365],[-653,322],[-249,-10],[-559,-206],[-425,-293],[-239,-845],[-128,-200],[-403,-1211],[-362,-581],[-253,-1225],[-446,11],[-387,-391],[-275,-1],[-666,-808],[-425,-34],[-609,-251],[-455,162],[-137,204],[-124,570],[-277,180],[-129,357],[-424,593],[-747,216],[-628,-623],[-457,-288],[-563,304],[-950,-25],[-366,-307],[-256,-15],[-243,327],[-103,533],[-297,381],[-465,-273],[-521,54],[-357,-88],[-545,-530],[-363,-74],[-681,27],[-266,-349],[-296,108],[-132,-566],[-214,-397],[-90,-943],[-1166,-1544],[-119,-509],[-184,-50],[-284,238],[-192,-87],[-279,-766],[-321,-9],[-292,-396],[-391,-13],[-351,-626],[-314,31],[-587,-731],[-602,-998],[-654,-705],[-401,-24],[-174,-192],[-367,-559],[-342,-283],[-201,-542],[-509,-597],[-89,-314],[-51,-1116],[-17,-177],[-450,-937],[-341,-497],[-149,-772],[-7,-847],[-276,-332],[-706,-130],[-300,25],[-911,-140],[-407,-381],[-503,47],[-622,-323],[-279,429],[-150,56],[-414,467],[-212,446],[-298,-279],[-764,64],[-601,-1746],[-363,-379],[-298,197],[-173,552],[-159,145],[-475,-406],[-462,-80],[-93,-332],[16,-667],[-114,-419],[-202,-75],[-623,564],[-331,-36],[-145,-333],[95,-1459],[-412,-326],[-460,-6],[-226,-117]],[[581303,324621],[-297,311],[-351,586],[-86,370],[378,364],[344,879],[208,1318],[290,819],[40,751],[-435,405],[-311,406],[-371,878],[-570,377],[-493,593],[-564,191],[-443,348],[-773,1392],[-360,762],[-299,321],[-169,740],[-708,-76],[-1661,-576],[-346,-308],[-748,-1016],[-142,-43],[-245,387],[-408,147],[-315,-304],[-211,30],[-411,-546],[-815,447],[-460,-190],[-578,43],[-473,-510],[-441,-978],[-421,964],[-682,234],[-419,1056],[-579,-75],[-111,101],[-136,674],[-307,548],[-102,601],[623,1462],[-8,573],[490,893],[37,671],[152,586],[92,683],[-30,291],[-218,447],[-254,250],[-388,147],[-635,610],[-36,347],[515,1678],[243,991],[-282,589],[-939,220],[-834,-6],[-276,-77],[-409,-297],[-427,73],[-136,939],[-329,98],[-638,-300],[-261,-22],[93,1067],[-149,944],[-54,796],[251,-219],[474,-54],[199,118],[78,307],[50,1126],[-745,982],[-355,588],[-209,193],[-405,-99],[-288,270],[-237,-96],[-350,482],[-710,-59],[91,454],[191,449],[69,610],[203,342],[864,418],[97,187],[1101,713],[482,-45],[821,33],[273,110],[128,246],[961,-201],[471,607]],[[620082,484521],[59,-290],[658,-915],[543,-1009],[314,-413],[414,103],[346,403],[207,53],[454,-512],[173,-557],[211,-311],[181,24],[476,-486],[259,207],[1030,-81],[421,28],[206,168],[419,29]],[[871597,137642],[-55,1075],[-224,1466],[457,492],[86,421],[-325,720],[-487,-76],[-188,196],[-222,1063],[49,308],[373,275],[416,105],[549,723],[172,443],[67,517],[-76,443],[-385,954],[-43,481],[138,312],[560,403],[73,633],[-275,684],[-156,591],[141,432],[737,520],[268,524],[146,719],[33,1188],[286,798],[347,120],[235,-163],[123,366],[-21,722],[121,352],[308,322],[655,354],[197,197],[390,863],[372,413],[199,576],[44,1067],[110,714],[-7,389],[-240,991],[-109,1446],[-145,730],[-287,587],[-163,1376],[-164,522],[-275,269],[-131,1090],[-193,369],[-5,440],[-134,514],[-466,1537],[-83,563],[29,1155],[54,378],[350,1042],[135,2118],[-37,680],[504,260],[364,319],[163,650],[-153,718],[69,587],[638,723],[283,61],[452,-113],[184,479],[155,664],[318,595],[81,490],[495,431],[240,362],[261,755],[109,709],[164,335],[914,77],[743,602],[167,261],[306,971],[291,400],[809,220],[211,541],[-63,790],[-182,424],[22,267],[256,437],[414,363],[222,-142],[427,156],[237,216],[1103,1994],[276,381],[322,648],[126,526],[-182,423],[-89,526],[72,584],[513,811],[112,735],[-22,613],[-400,2968],[40,449],[-231,532],[-425,118],[-492,26]],[[747620,63261],[-296,-370],[-241,-475],[-754,314],[214,1435],[211,1025],[177,119],[-275,2808],[-325,120],[-519,-12],[-1527,200],[-108,102],[-2182,1606],[-1606,1496],[-1244,1128],[-498,548],[-175,824],[-262,825],[-237,219],[-1856,584],[-3177,1551],[-56,-346],[-516,-356],[-443,-646],[-624,-139],[-236,-302],[125,-217],[-139,-391],[-52,-540],[-170,-156],[-484,574],[-369,-85],[-376,-249],[-1490,434],[-793,131],[-204,204],[-432,33],[-230,-272],[-144,-560],[-364,49],[-243,-439],[-52,-299],[-397,177],[-161,-517],[-185,139],[-491,-520],[-355,-525],[22,-372],[-186,-403],[76,-437],[-3,-621],[-184,-437],[92,-679],[125,-181],[168,-735],[-511,-1605],[-241,118],[-407,-857],[1,-696],[192,-321],[-262,-1021],[-376,201],[-271,-89],[-39,327],[-241,393],[-257,-161],[-393,-492],[-257,608],[-244,-199],[51,-236],[-329,-630],[93,-480],[-256,41],[-192,-159],[-206,199],[-804,-363],[-168,101],[-149,-655],[-26,-477],[-350,103],[-404,-263],[-80,-334],[-374,-167],[-14,-216],[-278,-176],[119,-470],[-98,-743],[-395,-92],[-151,-196],[-240,294],[-220,-17],[-482,-2113],[-37,-635],[-316,-288],[-371,336],[-322,50],[-193,-557],[-306,-104],[-424,-637],[-206,254],[-192,-408],[-63,-650],[-343,-355],[-185,-387],[-507,-474],[-401,442],[-442,-339],[-111,-449],[-401,29],[-92,1929],[1158,3147],[-631,3489]],[[737610,376205],[59,500],[182,497],[250,287],[41,264],[-400,1060],[164,188],[803,-123],[204,92],[191,445],[297,298],[280,116],[664,521],[389,769],[350,78],[478,436],[495,190],[346,461],[605,-118],[633,495],[477,216],[613,-71],[121,152],[60,983],[221,488],[-65,769],[-152,350],[-103,795],[-268,139],[-547,673],[-201,134],[-271,1006],[-251,407],[-279,774],[-212,325],[245,530],[41,793],[-89,968],[-239,633],[-116,1219],[-44,854],[-194,1144],[-40,730],[-208,616],[-311,1506],[-363,724],[-72,712],[-273,327],[-260,1196],[-303,216],[-295,647],[-117,649],[-281,255],[-219,559],[-270,1356],[19,415],[192,334],[651,851],[213,446],[287,1064],[-85,691],[-254,846],[-15,356],[178,533],[-17,954],[-171,537],[79,310],[180,1690],[643,1033],[-405,1814],[-218,507],[-33,310],[-231,284],[-355,1910],[46,358],[-141,1191],[15,495],[-127,285],[351,448],[380,261],[384,853],[835,-340],[734,-839],[383,155],[284,-472],[431,111],[491,-173],[397,612],[375,339],[213,660],[223,386],[346,218],[65,898],[227,437],[-136,183],[145,870],[-74,1515],[242,302],[320,138],[377,-218],[233,698],[-56,880],[70,489],[174,299],[561,492],[534,275],[342,744],[632,1083],[344,151],[377,-126],[532,488],[839,658],[196,573],[-13,1123],[-149,694],[-121,171],[-120,643],[120,805],[-46,775],[-297,980],[30,565],[587,553],[426,139],[543,574],[327,-296],[-76,-292],[29,-606],[377,-678],[-49,-489],[54,-976],[203,-182],[145,-430],[290,-372],[27,-820],[-242,-399],[44,-724],[125,-601],[31,-1838],[373,-688],[117,-353],[465,-119],[147,-276],[178,-853],[314,-462],[250,-808],[160,-1150],[310,-677],[269,-287],[199,-779],[-166,-647],[180,-709],[105,-995],[143,-531],[66,-969],[-284,-122],[-887,61],[-398,-59],[-285,-284],[-51,-345],[94,-705],[-411,-1128],[-21,-370],[184,-1060],[69,-676],[217,-320],[190,-664],[75,-884],[-70,-801],[167,-790],[95,-768],[192,-856],[372,-720],[62,-746],[-186,-746],[238,-431],[10,-801],[215,-1031],[245,-380],[387,-296],[136,-1214],[-307,-986],[-209,-396],[-50,-963],[30,-702],[-129,-1367],[28,-428],[271,-1233],[52,-944],[-75,-720],[78,-1111],[288,-1307],[-13,-391],[202,-1151],[156,-356],[397,-406],[216,-826],[537,-318],[775,296],[626,482],[138,-176],[477,581],[193,131],[347,-9],[732,240],[275,243],[613,-122],[448,-309],[374,25],[365,-401],[641,71],[306,236],[956,-1302],[42,-412],[267,-582],[96,-425],[-30,-1445],[45,-85],[295,-380],[204,-897],[348,163],[126,-80],[261,-810],[401,-706],[672,-436],[2034,4172],[-24,-808],[44,-421],[225,-956],[263,-604],[-226,-1000],[135,-76],[292,-617],[121,-665],[626,-1353],[144,-161],[762,746],[369,167],[590,-25],[150,-158],[793,94],[387,-182],[373,-297],[623,-283],[277,-741],[454,-719],[442,-1445],[263,6],[441,-357],[211,-316],[239,-691],[631,-867],[128,-506],[-15,-456],[321,-612],[58,-485],[165,-395],[438,292],[862,317],[650,1],[317,110],[603,-288],[639,-171],[384,-470],[132,758],[361,898],[551,481],[480,65],[123,176],[99,835],[340,811],[872,1378],[410,494],[26,1036],[-77,421],[-226,634],[-145,644],[361,1181],[288,162],[247,315],[717,40],[239,-97],[306,595],[274,286],[746,259],[142,-50],[48,585],[472,577],[264,-132],[796,132],[792,-8],[341,-138]],[[339991,810138],[503,-161],[467,134],[445,506],[729,-453],[250,18],[363,-541],[838,-299],[183,-460],[344,-15],[936,412],[552,665],[306,542],[237,205],[577,-112],[524,271],[157,506],[52,1175],[449,455],[809,264],[585,-386],[676,-155],[413,537],[392,913],[565,-88],[400,-730],[484,-581],[311,447],[634,483],[126,-71],[213,-655],[371,-692],[342,-912],[479,-440],[187,-353],[-106,-1040],[-351,-675],[-46,-834],[-418,-1683],[723,-215],[101,-1132],[466,-717],[271,-224],[252,-494],[179,-91],[966,52],[642,408],[51,441],[300,270],[297,77],[671,-27],[251,222],[406,-11],[485,-783],[167,-383],[546,361],[544,-68],[156,202],[187,607],[308,425],[292,687],[419,-1411],[265,-420],[33,-1079],[589,-338],[280,-396],[-74,-809],[64,-837],[352,-90],[693,514],[481,433],[487,-1134],[166,-660],[10,-683],[121,-209],[216,-1263],[78,-1258],[137,-459],[844,-242],[535,-753],[300,-15],[623,191],[438,-384],[76,-1773],[-96,-565],[284,-510],[185,-725],[2,-293],[1157,-537],[398,-309],[255,-701],[266,-198],[642,763],[-242,623],[20,747],[410,263],[275,16],[736,419],[170,557],[342,409],[388,-368],[268,15],[401,-200],[304,77],[48,1234],[-6,789],[77,304],[345,612],[280,-298],[294,-811],[306,-575],[290,-364],[195,-532],[243,625],[287,484],[777,571],[435,-555],[503,317],[512,-396],[464,-538],[525,-394],[315,-357],[89,-295],[-169,-555],[-36,-1050],[-212,-507],[-237,-959],[41,-355],[-154,-833],[4,-399],[188,-38],[422,-477],[316,311],[251,2],[836,-814],[310,-6],[578,445],[580,577],[136,240],[45,816],[-87,556],[-218,609],[233,741],[387,-84],[214,379],[457,297],[306,-1191],[464,290],[548,-64],[668,-355],[617,-47],[8,-958],[-219,-939],[55,-643],[-44,-429],[-232,-963],[127,-203],[1054,-1006],[659,-686],[189,-280],[123,-593],[1011,-58],[224,151],[549,-369],[533,200],[998,-69],[225,88],[35,-787],[97,-269],[529,-558],[180,-341],[368,-390],[287,23],[601,218],[747,-1471],[-154,-439],[-92,-863],[-325,107],[-516,-587],[-131,-246],[-538,476],[-317,56],[-223,-358],[-180,-60],[-253,329],[-351,214],[-326,62],[-79,-558],[390,-976],[-26,-209],[-537,-1369],[247,-821],[-17,-506],[420,-350],[195,-312],[337,-841],[143,-1023],[32,-719],[431,-886],[-95,-701],[121,-453],[-287,-954],[190,-447],[31,-534],[142,-317],[218,-32],[200,-330],[218,-851],[393,-376],[504,-676],[679,506],[256,333],[286,148],[165,373],[1109,-1111],[275,392],[281,94],[341,297],[227,811],[167,314],[357,313],[327,-528],[227,-522],[669,-305],[434,62],[340,-869],[566,-530],[586,-379],[473,-476],[238,-549],[-225,-672],[197,-495],[110,-592],[-76,-1178],[45,-323],[-225,-474],[-459,-433],[178,-447],[63,-1176],[-209,-557],[357,-462],[443,-941],[343,-330],[235,-1722],[175,-179],[351,-15],[502,254],[523,-431],[-82,-497],[-308,-548],[185,-1547],[175,-200],[584,-1008],[86,-1413],[631,-231],[186,-251],[251,-723],[125,-95],[491,30],[309,-212],[415,104],[331,-222],[377,-112],[966,227],[404,-61],[242,-181],[410,91],[175,-368],[182,-2461],[244,-388],[245,-652],[565,-444],[166,-329],[-694,-1256],[104,-1397],[165,-476],[117,-679],[-114,-549],[-195,-329],[-696,-522],[-434,-193],[232,-700],[209,-344],[3,-834],[-60,-504],[-224,-826],[450,-541],[4,-827],[-215,-591],[265,-671],[640,88],[160,-136],[408,-817],[191,-704],[280,-43],[730,208],[258,-234],[174,-406],[550,-1801],[-68,-465],[-202,-511],[12,-347],[373,-971],[87,-448],[-254,-836],[-141,-1094],[-485,-1024],[-32,-324],[109,-621],[-224,-944],[214,-297],[470,-236],[91,-759],[-128,-665],[28,-304],[573,-124],[395,-542],[-138,-642],[85,-288],[337,-218],[227,-341],[-127,-787],[47,-304],[602,-59],[52,-513],[217,-376],[45,-1379],[528,-739],[474,16],[205,277],[263,794],[526,678],[847,-141],[258,-172],[-93,-741],[71,-166],[536,-185],[198,-563],[-96,-920],[-221,-614],[23,-315],[320,-591],[358,-23],[429,-601],[251,-118],[149,-286],[37,-602],[246,-80],[327,290],[487,-348],[297,66],[-82,-475],[65,-622],[276,-1105],[319,-406],[-240,-953],[26,-134],[565,-325],[51,-237],[-164,-704],[-439,-590],[-173,-369],[-164,-822],[372,-327],[-76,-1267],[165,-713],[165,-326],[319,-98],[529,-393],[407,-424],[45,-198],[-92,-712],[104,-326],[405,-430],[224,-648],[535,-362],[618,-194],[291,-18],[284,-286],[279,-37],[160,247],[222,694],[565,112],[380,388],[266,-437],[822,-424],[25,-807],[-346,-594],[-19,-795],[81,-725],[568,-390],[182,-354],[104,-669],[-2,-480],[-113,-500],[316,-436],[1235,-1042],[193,-77],[734,183],[1015,765],[378,717],[408,-137],[309,-1138],[132,-242],[39,-837],[624,-384],[369,-352],[133,-379],[342,-303],[34,-449],[326,-752],[464,-505],[648,539],[236,-1],[397,555],[75,287],[-58,698],[266,434],[372,-113],[390,775],[316,298],[102,559],[203,249]],[[61720,659446],[107,1178],[-270,302],[-101,446],[-387,305],[-541,266],[-471,455],[-424,286],[-396,452],[-479,679],[-403,681],[-278,160],[18,457],[-182,662],[15,259],[-203,676],[-109,780],[-161,278],[38,841],[280,-104],[443,285],[820,221],[671,886],[433,202],[206,389],[891,765],[247,-117],[484,599],[343,-78],[122,173],[226,944],[126,794],[291,921],[-148,628],[-222,396],[-314,61],[-223,194],[196,649],[-108,752],[54,568],[186,307],[331,9],[587,268],[114,373],[742,-59],[833,19],[368,299],[98,799],[172,525],[-330,727],[86,499],[33,943],[285,398],[146,660],[384,734],[203,66],[405,-145],[204,56],[382,920],[258,185],[664,1128],[448,373],[467,-839],[720,-300],[611,330],[536,37],[494,245],[378,-186],[699,584],[457,173],[868,470],[672,52],[337,-127],[183,412],[175,124],[146,931],[242,413],[557,285],[582,-241],[272,-22],[170,-242],[500,-424],[313,-8],[218,186],[238,1383],[146,82],[150,-405],[292,-77],[95,1250],[83,391],[59,1114],[-32,338],[64,1407],[-150,673],[-445,649],[131,685],[159,453],[433,909],[-118,744],[-3,746],[444,702],[645,376],[447,94],[236,-222],[279,186],[690,1043],[232,51],[363,712],[184,101],[425,732],[-328,-58],[-71,188],[339,443],[299,38],[43,412],[381,253],[310,624],[168,-59],[112,642],[375,1118],[184,377],[131,836],[259,374],[-138,435],[-233,201],[-392,690],[-221,168],[-621,73],[-38,698],[293,985],[-25,721],[-248,758],[-402,7],[-201,720],[-309,-203],[-443,486],[6,533],[238,375],[123,445],[-135,314],[350,195],[35,598],[482,-142],[117,163],[446,-60],[276,239],[486,1218],[487,202],[209,-118],[377,-507],[469,-500],[98,-518],[312,183],[467,-329],[68,1182],[-110,302],[-9,932],[211,575],[325,169],[11,321],[-574,593],[-10,516],[-246,634],[-344,305],[-262,100],[-248,359],[-254,597],[-129,973],[331,475],[101,300],[-175,1217],[-456,931],[-41,390],[144,726],[229,-113],[148,159],[112,757],[-163,1463],[110,944],[232,205],[201,-380],[-28,-559],[147,-372],[227,-179],[323,265],[23,787],[288,301],[135,526],[460,-92],[571,347],[337,82]],[[89306,731747],[666,-285],[548,142],[696,-226],[635,346],[215,41],[406,-345],[380,-56],[304,322],[299,724],[146,168],[638,265],[479,1022],[415,1148],[316,319],[211,-192],[120,-366],[329,-504],[530,-336],[385,92],[255,208],[299,478],[649,2167],[84,490],[56,1156],[71,510],[-51,464],[-299,715],[-438,615],[-213,497],[54,496],[575,235],[541,500],[35,810],[201,-57],[542,-616],[674,19],[392,449],[256,811],[219,417],[300,333],[407,717],[391,128],[289,276],[162,366],[481,1470],[285,141],[175,366],[57,483],[135,219],[631,352],[107,695]],[[104346,749936],[7,632],[286,202],[136,200],[126,-290],[-36,-827],[372,-1576],[55,-665],[172,-348],[778,-675],[354,-527],[27,-622],[149,-448],[269,-182],[245,-684],[-6,-603],[-138,-475],[100,-718],[190,-485],[136,-1025],[154,-723],[441,-736],[250,263],[683,374],[332,-126],[539,345],[271,-258],[418,-38],[213,-195],[1233,271],[353,379],[369,170],[310,334],[530,41],[335,217],[419,692],[567,357],[193,350],[478,470],[348,793],[648,895],[686,376],[268,-88],[738,201],[209,-99],[96,-424],[125,-638],[518,-890],[603,-449],[553,-52],[622,57],[348,447],[503,-667],[259,-426],[451,-358],[230,-33],[293,-411],[318,-22],[529,463],[575,6],[451,-272],[258,287],[309,636],[300,-562],[269,-171],[477,28],[721,151],[281,-138],[382,-422],[595,-286],[193,-887],[102,-193],[426,-153],[577,-425],[337,-428],[397,196],[264,451],[30,869],[471,653],[363,-84],[481,-551],[349,-590],[-14,-645],[126,-639],[572,-825],[299,789],[493,-50],[648,462],[481,-101],[208,-319],[293,144],[281,765],[124,609],[347,1297],[102,1419],[450,-117],[547,-511],[269,-126],[380,-394],[242,-480],[-55,-836],[-180,-439],[327,-434]],[[138549,739366],[-356,-421],[-151,-16],[-599,-758],[-240,-26],[-116,-395],[-454,-487],[-145,-610]],[[136488,736653],[-328,-318],[-361,38],[-198,-112],[-329,118],[-588,-557],[-252,-397],[146,-466],[21,-499],[-198,-651],[100,-216],[55,-624],[-139,-540],[54,-194],[-88,-942],[166,-497],[-439,-293],[-298,-406],[-36,-496],[-271,-1012],[-115,-253],[-119,-716],[-95,-1021],[-91,-322],[-109,-914],[14,-695],[-113,-507],[-67,-1229],[-209,-704],[-113,-771],[-145,-425],[35,-712],[-83,-344],[26,-625],[-141,-1443],[93,-1080],[-864,-830],[-564,-101],[-413,-406],[-200,-666],[7,-669],[-120,-472],[-281,-556],[-205,-639],[-321,-736],[86,-776],[-45,-277],[-656,-1556],[-303,-846],[-488,-1965],[-53,-568],[54,-797],[-247,-482],[8,-388],[-114,-927],[78,-307],[412,-263],[238,-287],[375,-165],[401,-309],[263,-648],[153,-169],[237,-795],[34,-499],[-186,-979],[9,-610],[-460,-1184],[-340,-631],[-349,-427],[-252,-660],[-319,-247],[-1114,18],[-215,-730],[-292,-696],[-235,-51],[-276,-286],[-329,-64],[-601,-425],[-9,-319],[-300,-593],[-1033,-858],[-293,246],[-567,-158],[-526,88],[-624,-338],[-161,290],[-161,-90],[-287,296],[-636,-49],[-225,-103],[-526,-593],[-121,-285],[-283,29],[-129,-170],[174,-434],[-199,-329],[26,-644],[431,-698],[318,32],[154,525],[162,224],[271,-102],[302,-455],[134,-381],[355,-53],[195,-494],[-202,-390],[-3,-1019],[-96,-480],[150,-409],[232,-185],[261,-416],[120,-479],[-122,-734],[-5,-444],[117,-465],[207,-216],[254,107],[527,-185],[133,-608],[46,-1278],[-437,-479],[58,-607],[167,-253],[266,-9],[302,-348],[447,-219],[138,-307],[93,-556],[-30,-536],[-254,-815],[49,-315],[213,-124],[437,3],[201,-428],[-115,-507],[229,-734],[224,-456],[510,-434],[282,-782],[492,-650],[853,-2141],[522,-511],[239,-470],[121,-506],[279,-604],[467,-339],[352,-287],[128,-352],[-56,-628],[-17,-1776],[47,-351],[249,-275],[257,240],[216,-27],[272,-267],[1172,-266],[182,-398],[-69,-705],[-407,-994],[-255,79],[-213,-190],[-167,-372],[127,-464],[98,-1213],[181,-593],[1014,-769],[63,-208],[-49,-897],[63,-679],[462,-836],[119,-1138],[-16,-392],[342,-919],[408,-330],[272,-501],[54,-386],[0,-1295],[-54,-1208],[-69,-546],[24,-573],[154,-1106],[172,-599],[49,-566],[205,-326],[140,-498],[-269,-678],[-119,-542],[25,-710],[-235,-1134],[-250,-731],[-197,-214],[-373,48],[-265,-100],[-166,-334],[-85,-519],[-316,-1195],[-307,-98],[-592,-549],[-634,-926],[-263,-76],[-1084,883],[-280,86],[-122,-272],[76,-833],[-396,-604],[-61,-280],[224,-1024]],[[565769,358157],[-541,832],[-24,551],[268,1245],[87,1078],[-295,1225],[-106,816],[-245,507],[-478,323],[-700,64],[-224,168],[-52,422],[367,775],[-20,241],[-417,315],[-541,-194],[-387,-33],[-342,97],[-194,304],[-81,477],[9,1355],[-119,169],[-533,355],[-211,581],[88,303],[-15,609],[-309,589],[-611,214],[-237,-196],[-457,-916],[-24,-552],[-118,-237],[-606,-270],[-398,163],[-108,662],[-286,274],[-694,46],[-325,373],[-274,463],[-147,-3],[-452,-505],[-231,-380],[-475,-410],[-306,-473],[-134,-367],[51,-1153],[-46,-466],[-438,-682],[-736,-607],[-336,-130],[-726,-105]],[[544426,578620],[300,247],[385,1192],[299,526],[293,343],[969,247],[121,270],[439,529],[757,-846],[367,-340],[125,-359],[497,184],[300,401],[284,185],[325,-48],[420,-258],[565,375],[879,1182],[390,85],[247,310],[66,-1262],[229,-405],[1011,-920],[271,-610],[261,-922],[854,-115],[1004,-29],[683,489],[619,-218],[274,-310],[753,-239],[518,432],[263,56],[396,300],[296,-207],[1053,157],[377,-923],[406,-187],[882,-907],[178,-438],[315,-432],[68,-1120],[401,-304],[370,-1035],[-85,-1085],[-1,-1162],[72,-666],[138,-213],[484,-292],[337,-3],[377,-375],[156,-588],[187,-389],[270,-119],[256,-772],[29,-479],[-139,-822],[80,-555],[259,-352],[687,-706],[762,-157],[421,146],[311,-41],[421,-470],[175,-514],[414,-720],[569,-1],[420,-88],[66,-180],[-301,-858],[-177,-730],[-39,-1007],[-180,-814],[-241,-647],[167,-813],[342,-557],[-75,-873],[-202,-439],[-146,-810],[-406,-754],[739,-477],[523,-139],[241,31],[831,-254],[251,-494],[512,-467],[335,-757],[43,-587],[258,-689],[705,-104],[237,-414],[534,-418],[674,72],[261,301],[253,1],[1036,-1150],[466,-11],[294,-241],[283,47],[461,-526],[377,-107],[287,93],[500,-93],[547,-238],[1893,-1893],[1865,-1889],[5501,-5517],[47,406],[580,1237],[228,178],[174,513],[442,490],[629,-400],[350,75],[328,344],[804,39],[500,1425],[289,239],[490,1],[376,163],[181,747],[351,-598],[183,-489],[285,-142],[333,98],[366,348],[535,730],[120,472],[215,54],[462,-200],[380,-12],[607,-138],[478,140],[325,322],[804,-248],[249,-1006],[-48,-532],[249,-1940],[488,293],[304,380],[1144,894],[385,-147],[484,135],[125,445],[296,338],[683,83],[315,264],[528,666],[366,879],[209,315],[52,464],[-166,233],[-427,310],[-222,392],[-41,333],[368,1620],[284,555],[214,149],[149,460],[536,994],[242,337],[89,584],[212,466],[89,581],[166,52],[366,1117],[119,567],[216,-12],[266,297],[526,288],[260,733],[462,1566],[399,419],[699,1452],[1031,325],[84,646],[1,940],[48,1004],[314,150],[895,84],[136,251],[13,408],[258,1218],[-107,732],[600,489],[391,-475],[333,-160],[492,-42],[520,-464],[258,-550],[686,-947],[432,-142],[598,165],[293,727],[89,432],[259,406],[965,896],[834,366],[212,14],[322,574],[289,198],[201,-349],[536,-605],[297,-239],[178,-301],[473,-368],[429,-781],[224,-991],[3,-915],[262,-434],[397,-77],[440,-838],[279,-297],[-84,-660],[20,-425],[684,-1117],[187,-465],[262,-299],[148,-546],[192,-392],[-12,-421],[252,63],[548,-147],[454,304],[469,-103],[643,310],[598,-109],[231,-398],[586,-261],[81,-221],[-217,-1175],[-234,-902],[182,-295],[561,-44],[244,-204],[634,-804],[-76,-731],[-8,-692],[-301,-729],[-59,-750],[-146,-602],[-161,-155],[-269,-580],[-50,-903],[-749,-684],[-102,-269],[-463,-628],[-607,-369],[50,-595],[143,-686],[395,-390],[339,-677],[165,-1103],[-126,-344],[-20,-616],[374,-1017],[589,-724],[54,-314],[235,-426],[-317,-968],[-258,-617],[-264,-266],[10,-270],[437,-1544],[-42,-306],[115,-1482],[-23,-469],[-290,-1068],[73,-1134],[-61,-466],[-129,-119],[-755,-21],[-125,-102],[-1150,214],[-345,-334],[-133,-1405],[131,-1209],[-370,-556],[-3,-440],[-118,-534],[-646,-1457],[76,-1224],[-133,-620],[78,-629],[-41,-362],[-243,-642],[-59,-513],[-164,-480],[-894,-1148],[-355,-37],[-170,182],[-907,-197],[-571,172],[-69,294],[-521,74],[-309,-397],[-347,-80],[-161,-194],[-142,-916],[-302,-198],[-152,-412],[-59,-1058],[14,-734],[-748,-1828],[-274,-912],[-402,-406],[-186,-369],[-15,-434],[106,-835],[204,-696],[382,-587],[316,-304],[655,-263],[168,-197],[1,-497],[-128,-777],[-73,-1115],[102,-751],[-14,-380],[97,-763],[156,-662],[249,-1698],[10,-607],[-202,-803],[74,-901],[429,-1343],[598,-927],[216,-1086],[-26,-343],[-474,-954],[-71,-274],[14,-682],[-116,-837],[45,-764],[89,-421],[-46,-506],[-121,-329],[-327,-191],[-232,-333],[-213,-774],[-36,-1005],[-159,-1126],[-493,-1821],[-128,-750]],[[620082,484521],[-314,-49],[-280,-203],[-978,-200],[-493,72],[-341,323],[-514,-176],[-446,58],[-386,-439],[-502,-437],[-265,-385],[-465,-338],[-162,-417],[-1350,-2107],[-254,-451],[-350,-250],[-428,-28],[-234,-1019],[-155,-235],[-166,-713],[63,-572],[-93,-548],[-221,-655],[-331,-504],[-510,-1089],[-64,-400],[153,-631],[382,-996],[112,-874],[-89,-555],[-268,-537],[-27,-528],[-175,-834],[-199,-607],[-72,-1542],[-130,-492],[-397,-2266],[-681,-293],[-512,-506],[-460,-183],[-464,-406],[-467,-43],[-630,-788],[13,-454],[222,-586],[-437,-874],[-31,-670],[-135,-300],[-450,847],[-308,179],[-246,-441],[-633,-1794],[-232,-236],[-378,-1232],[-297,-656],[-257,-330],[-442,-335],[-273,-413],[-232,-794],[-310,-396],[-86,-530],[-240,-589],[256,-940],[339,-855],[93,-387],[-18,-436],[380,-687],[62,-1259],[290,-689],[-18,-473],[-131,-142],[-230,-459],[-299,-331],[-479,-1893],[162,-413],[-2,-501],[-225,-367],[-201,-783],[-67,-911],[-95,-772],[41,-500],[-452,-1068],[-9,-1475],[93,-388],[-93,-364],[-225,-274],[-140,-420],[61,-333],[286,-718],[159,-747],[20,-557],[-192,-421],[30,-1169],[-72,-196],[-400,-251],[-183,-282],[-419,166],[-421,-204],[-308,-359],[-190,580],[-675,402],[-484,-280],[-329,205],[-176,-375],[-248,-794],[-564,-1330],[-34,-447],[134,-1407],[-38,-604],[-386,-593],[-226,-163],[-418,73],[-479,397],[-657,133],[-436,332],[-382,-500],[-556,-1109],[-398,835],[-470,508],[14,260],[-170,710],[-383,789],[-335,224],[-833,963],[-259,680],[-445,63],[-335,206],[-400,-177],[-89,-188],[-534,627],[-625,-999],[-199,-209],[-442,-233],[-280,-629],[44,-825],[-261,-424],[-310,-768],[-81,-401],[86,-713],[-99,-772],[-3,-854],[-640,-1194],[-37,-1226],[-303,-963],[-97,-1087],[-399,-1623],[-74,-642],[-244,-516],[-183,-347],[-33,-391],[73,-600],[-74,-651],[-265,-498],[2,-1521],[-98,-290],[-456,-493],[-229,-451],[-220,-868],[-147,-782],[40,-361],[387,-761],[99,-479],[-1,-520],[-127,-559],[89,-638],[-86,-475],[-286,-518],[-69,-559],[79,-527],[384,-1104],[-64,-606],[-176,-942],[-183,-238],[-316,-82],[-419,-290],[-286,20],[-505,450],[19,-519],[-81,-505],[-343,-50],[-411,73],[-148,-167],[-184,-547],[15,-1058],[-50,-447],[-357,-568],[-99,-834],[-644,-419],[-164,-366],[-25,-533],[-236,-188],[-458,65],[-21,-331],[454,-695],[-54,-419],[-304,-304],[-309,-625],[-715,6],[-392,-88],[-146,-170],[-158,-539],[-459,-466],[-977,-431],[-85,-177],[84,-975],[-119,-665],[-430,-960],[-277,-1319],[-15,-685],[-17,-927],[-198,-416],[-430,-340],[-28,-663],[271,-97],[2,-545],[-487,-333],[-56,-324],[161,-215],[112,-1933],[106,-372],[-72,-1041],[-158,-895],[96,-812],[296,-891],[149,-820],[-235,-886],[118,-522],[179,-190],[414,-115],[237,-356],[663,-488],[-45,-648],[-207,-370],[-106,-428],[127,-471],[686,-843],[314,-1361],[-106,-1003],[221,-869],[407,-578],[539,170],[167,-190],[80,-482],[-49,-857],[330,-498],[2,-1268],[-61,-657],[292,-223],[52,-805],[592,-697],[96,-322],[-349,-1423],[74,-1279],[454,-1374],[555,-667],[55,-462],[-373,-275],[-379,-792],[-174,-226],[-285,84],[-398,489],[-91,368],[110,658],[-589,830],[-246,-78],[-309,-315],[-427,-688],[6,-807],[-53,-426],[-297,-617],[-409,-309],[-361,112],[-325,-301],[-780,-116],[-172,-618],[-52,-622],[-600,-759],[-289,108],[-148,707],[-127,239],[-653,275],[-336,561],[-207,-54],[-455,-673],[-443,68],[-278,436],[32,575],[-133,448],[-1282,409],[-443,239],[-691,200],[-295,14],[-770,912],[-236,428],[-704,278],[-381,370],[-91,318],[50,598],[-246,724]],[[372707,462813],[275,-244],[221,47],[425,-130],[265,-480],[308,-345],[712,-63],[265,302],[345,212],[264,590],[525,78],[179,222],[199,-265],[53,-758],[164,-674],[375,-156],[525,331],[395,736],[208,669],[249,369],[396,977],[339,343],[74,422],[484,396],[347,759],[153,-63],[340,-611],[253,-159],[179,-974],[338,-379],[242,-885],[173,86],[555,759],[124,428],[408,382],[423,1034],[348,293],[153,-58],[95,-530],[230,-205],[123,-456],[510,-464],[240,-533],[358,-582],[372,-227],[316,-444],[160,-377],[57,-498],[455,-409],[338,-466],[388,-5],[89,-223],[-2,-965],[523,-729],[226,-855],[231,-356],[284,-171],[-21,-628],[291,-345],[363,-684],[255,-623],[56,-938],[409,-178],[339,-327],[278,25],[257,-638],[381,-76],[550,-664],[259,-721],[8,-613],[190,-681],[372,-447],[54,-849],[239,-244],[412,45],[327,-225],[474,-869],[-16,-789],[251,-513],[142,-551],[295,345],[217,502],[253,-314],[216,102],[312,69],[376,531],[381,86],[842,-36],[503,708],[586,513],[190,-58],[202,-351],[144,-494],[413,-274],[305,-641],[256,104],[300,-210],[485,134],[294,-316],[429,-25],[628,289],[267,-54],[369,310],[480,559],[314,-43],[89,255],[259,21],[279,776],[342,-80],[-9,-324],[366,-303],[519,-659],[65,-589],[149,-264],[-24,-545],[608,-707],[147,-486],[-49,-863],[80,-368],[276,-89],[403,-573],[246,-680],[769,-1713],[679,901],[148,-755],[322,-969],[125,-1089],[465,-793],[228,-521],[451,-394],[250,-95],[141,-713],[487,-352],[34,-832],[257,-692],[603,-288],[203,-1355],[-2,-685],[436,-571],[355,39],[353,335],[215,418],[294,144],[275,-76],[355,395],[415,-673],[182,-564],[200,-201],[725,326],[280,721],[334,574],[282,176],[342,-535],[170,-82],[374,198],[152,329],[564,-106],[272,153],[558,-531],[-76,-925],[-188,-1130],[-245,-619],[459,-401],[314,67],[416,-324],[231,-723],[418,9],[479,428],[194,283],[556,209],[157,561],[526,928],[145,627],[556,250],[276,-388],[385,-754],[494,-471],[206,-77],[409,211],[590,-580],[329,-453],[655,793],[825,236],[594,-330],[232,-313],[361,-199],[72,-387],[-48,-520],[119,-1665],[642,-551],[576,-911],[21,-361],[-164,-379],[-206,-775],[78,-475],[172,-310],[359,-375],[262,-136],[411,-21],[368,-490],[9,-931],[118,-469],[492,-932]],[[399159,382610],[-132,422],[-348,89],[-353,-338],[-308,-86],[-351,120],[-363,-417],[-299,-160],[-501,13],[-678,271],[-243,464],[-152,913],[112,1048],[424,383],[37,878],[86,342],[231,352],[615,-55],[290,512],[-68,1009],[49,127],[510,29],[105,333],[346,236],[208,509],[10,315],[-253,306],[-199,545],[246,779],[43,325],[-36,770],[-499,195],[-512,-310],[-376,14],[-183,211],[-226,-110],[-190,127],[-579,-82],[-301,611],[-30,486],[-429,866],[-461,1078],[-202,666],[-228,61],[-194,498],[-188,170],[-88,711],[-448,-220],[-119,-219],[-569,-234],[-175,280],[-97,763],[86,1159],[-430,466],[-319,132],[-161,607],[-160,1558],[77,393],[-282,87],[-231,-157],[-30,449],[-158,179],[-16,831],[-165,462],[70,365],[-167,151],[-288,661],[-104,670],[61,1431],[60,341],[-110,461],[88,398],[-39,932],[-95,605],[-238,1027],[-117,877],[-352,670],[-379,461],[-405,251],[-98,955],[-94,254],[-450,101],[-60,320],[-405,852],[-43,354],[-209,201],[-493,6],[-391,672],[-155,731],[-702,401],[44,673],[-71,746],[-249,675],[-544,215],[-261,-10],[-214,479],[-93,460],[-551,-485],[-66,-324],[-477,-965],[-462,-319],[-205,-1204],[-247,-264],[-397,-951],[-259,-181],[-473,-658],[-265,-1042],[-716,-364],[-270,294],[-1301,300],[-278,446],[-84,406],[-378,138],[-513,420],[-249,313],[-129,361],[122,770],[158,343],[-11,754],[-101,1368],[-350,177],[-318,-412],[-659,-481],[-566,96],[-977,-1061],[-232,515],[-490,681],[68,548],[-79,555],[82,873],[263,571],[-47,471],[-496,372],[-540,300],[-445,-277],[-179,89],[-246,-292],[-631,-540],[-450,-559],[-362,301],[-522,1030],[-84,490],[-43,1185],[49,543],[466,634],[-218,334],[-389,-122],[-304,171],[-291,-653],[-442,-63],[-170,183],[-339,851],[-225,145]],[[210634,789776],[-431,163],[-438,-113],[-515,29],[-250,-225],[-606,188],[-621,-261],[-861,282],[-604,35],[-437,371],[-207,683],[-285,463],[-250,239],[-123,368],[-600,78],[-336,355],[13,915],[-171,189],[-252,-228],[-146,117],[-369,1111],[-289,212],[-114,1459],[-363,727],[-454,449],[79,844],[-107,313],[-316,303],[435,356],[-401,678],[169,463],[-27,526],[79,290],[-23,943],[-272,1099],[-83,1180],[7,1047],[-70,796],[-148,637],[1,998],[138,558],[497,1130],[217,990],[-24,460],[251,644],[315,1033],[-14,637],[97,223],[50,636],[129,486],[-95,352],[199,382],[111,651],[6,943],[123,443],[14,454],[155,536],[377,621],[225,650],[392,111],[215,326],[202,525],[110,569],[-158,259],[124,799],[146,415],[-224,589],[39,954],[149,680],[408,1065],[59,683],[113,232],[-170,865],[-118,1003],[-25,625],[143,457],[199,196],[309,854],[195,1024],[-46,296],[65,916],[370,1131],[-55,770],[189,45],[370,366],[292,105],[180,348],[384,475],[294,129],[203,-420],[351,145],[479,565],[295,502],[316,-335],[293,-103],[225,-366],[288,-86],[459,970],[141,802],[223,388],[40,842],[-183,933],[441,1906],[-66,464],[140,1541],[-26,1435],[-73,374],[-221,315],[440,465],[592,512],[69,285],[295,492],[253,564],[-43,399],[-280,685],[165,582],[12,525],[275,611],[-81,466],[176,930],[84,168],[-49,589],[47,762],[-17,1156],[80,388],[-147,853],[88,939],[-98,785],[50,244],[-312,1389],[237,192],[344,-106],[84,1252],[-648,935],[-349,301],[-297,689],[-381,178],[-361,-436],[-212,147],[-115,460],[-569,32],[-312,-341],[-422,-64],[-720,370],[-210,324],[-422,-317],[-182,-377],[-352,-271],[-370,159],[-344,-239],[-417,92],[-269,-278],[-534,250],[-530,-140],[-185,178],[-136,560],[-541,358],[-655,-167],[-584,-378],[-77,-162],[-666,1198],[-20,789],[-91,545],[-40,845],[41,738],[-126,270],[-290,113],[-914,663],[-193,203],[2,604],[184,1138],[-131,678],[-134,288],[-539,678],[-625,924],[-250,-147],[-702,-831],[-515,-369],[-578,-736],[-403,73],[-254,-166],[-449,262],[-536,490],[-373,-163],[-323,220],[-421,769],[-240,283],[-472,-111],[-674,-667],[-92,-505],[-217,-450],[-493,-218],[-468,-378],[-634,266],[-263,-254],[-229,153],[-559,1014],[-185,-467],[-289,-337],[-373,-649],[-102,-1151],[-311,-565],[-758,287],[-637,-180],[-350,722],[-196,578],[-237,216],[-514,-169],[-377,-543],[-448,141],[-464,-251],[-355,-474],[-233,-49],[-259,-326],[-297,-729],[-162,-202],[-474,248],[-455,-516],[-215,-357],[-304,17],[-681,844],[-687,-64],[-213,182],[-561,-510],[-249,-334],[-346,-33],[-285,-177],[-820,-195],[-542,-1396],[183,-1220],[180,-605],[1,-422],[227,-361],[-22,-470],[-605,-740],[-489,-857],[-272,-722]],[[177702,859731],[-219,-395],[-494,-409],[-289,-78],[-319,-294],[-259,-579],[-482,223],[-554,570],[-168,278],[-501,85],[-354,-348],[-648,-162],[-761,860],[-564,969],[-383,768],[-60,606],[208,1127],[344,808],[108,555],[-198,1038],[79,345],[242,416],[-266,697],[-53,502],[18,966],[-170,598],[-498,635],[114,560],[295,923],[61,427],[-245,729],[-459,822],[-14,517],[383,650],[625,934],[383,56],[349,682],[216,715],[-68,996],[20,828],[232,469],[-17,474],[-225,430],[-365,976],[-206,201],[-350,957],[-4,290],[296,1779],[7,323],[-415,668],[-388,745],[-258,254],[-530,55],[-289,-60],[-406,145],[-268,335],[-256,619],[-813,314],[-417,-158],[-530,499],[-140,248],[-422,234],[-325,351],[-703,1140],[-43,204],[-960,250],[-338,375],[-90,393],[-219,-1145],[-649,-238],[-496,-58],[-774,-798],[-123,-769],[-23,-562],[-97,-214],[-655,-182],[-123,664],[-225,224],[-395,-100],[-302,297],[-397,-272],[-285,-60],[-676,238],[-899,1497],[-401,498],[-699,383],[-394,375],[-417,200],[-293,337],[-838,128],[-239,232],[-390,-73],[-169,98],[-126,650],[-288,954],[-151,138],[-484,-7],[-214,-329],[-238,-93],[-403,223],[-328,310],[-260,52],[-503,307],[-371,42],[-331,387],[-452,234],[-265,665],[-104,731],[-584,232],[-341,-1],[-266,244]],[[149011,896300],[-64,1506],[339,764],[50,1072],[480,393],[-24,389],[174,913],[699,571],[251,342],[40,814],[212,333],[-219,284],[-218,663],[368,1177],[-223,1213],[170,636],[83,933],[-77,920],[-379,1089],[-35,501],[376,400],[33,717],[235,606],[-373,363],[-340,672],[-141,545],[-119,1030],[-471,415],[-259,666],[-300,493],[-184,572],[-32,356],[-970,684],[-227,356],[-190,623],[-301,652],[-182,213],[-110,675],[225,1153],[318,157],[509,46],[279,288],[379,114],[308,354],[189,-165],[1189,37],[442,101],[404,615],[693,222],[311,-26],[669,274],[-111,869],[165,257],[201,-31],[357,-822],[15,-960],[254,-405],[634,-762],[198,-25],[294,232],[573,-57],[822,154],[84,269],[27,793],[131,679],[478,925],[404,614],[569,1285],[174,312],[406,1140],[809,597],[222,563],[603,328],[774,585],[90,1096],[301,721],[91,534],[158,263],[274,78],[562,719],[1143,1199],[428,244],[170,576],[-148,1291],[212,980],[-320,1429],[-63,681],[-207,296],[-158,545],[-72,762],[382,994],[248,509],[124,455],[-75,1024],[-75,282],[-393,820],[399,209],[170,417],[416,655],[245,184],[412,699],[414,516],[33,492],[204,1137],[266,518],[282,1136],[15,626],[165,956],[-167,598],[-667,-250],[-297,27],[-358,-376],[-325,50],[183,658],[26,375],[-213,1210],[30,526],[363,238],[410,-7],[243,191],[145,580],[490,756],[178,500],[683,390],[96,217],[-414,802],[-67,637],[-211,580],[-358,724],[-741,38],[-407,-112],[-333,743],[-575,855],[-170,116],[206,692],[99,736],[815,1779],[14,663],[-230,459],[-174,627],[98,883],[303,1564],[-763,877],[51,1536],[-45,281],[-486,619],[3,406],[208,376],[361,121],[247,-184],[631,232],[318,-72],[255,219],[270,-251],[705,-75],[158,245],[118,490],[33,651],[271,411],[106,496],[433,720],[-115,358],[-267,-102],[-665,320],[-1,701],[-154,243],[-345,-72],[-294,397],[-282,724],[-349,-51],[-290,526],[-648,10],[-131,348],[42,336],[323,717],[187,848],[-45,657],[-139,186],[-50,490],[162,420],[283,446],[56,354],[-122,679],[277,739],[679,-232],[491,58],[406,-46],[586,77],[217,301],[277,-810],[284,-433],[-16,-546],[137,-357],[329,5],[247,1087],[162,230],[456,-505],[293,-176],[222,-554],[597,-438],[257,-569],[160,-575],[266,-219],[426,-81],[544,-299],[365,-434],[366,-831],[148,-1137],[298,-875],[84,-435],[183,-242],[553,-475],[749,-1003],[200,-180],[390,-34],[297,311],[197,-6],[515,-321],[385,5],[1024,-381],[866,-582],[796,-691],[913,-609],[548,-176],[264,18],[813,262],[193,-86],[374,-460],[201,86],[226,443],[125,462],[-55,306],[-526,739],[-134,648],[-14,885],[122,1845],[-32,570],[24,1615],[55,650],[112,401],[250,303],[646,106],[33,117],[-220,1979],[13,856],[86,1007],[291,1090],[460,408],[173,-193],[1005,-574],[405,-493],[477,-210],[466,-718],[273,-733],[771,-604],[626,-271],[434,-19],[333,-375],[210,-87],[615,520],[190,364],[424,1229],[303,241],[242,356],[93,561],[-193,833],[-176,1118],[-44,846],[-159,1230],[70,879],[273,332],[632,-332],[378,-14],[751,-236],[623,-1070],[860,-169],[377,-591],[714,-801],[675,-348],[426,-489],[408,-90],[563,-630],[530,-213],[607,-30],[623,-273],[319,5],[732,-456],[510,-932],[324,-361],[564,-284],[487,-809],[467,-478],[579,-76],[637,90],[316,-130],[296,-514],[67,-1131],[-54,-567],[287,-947],[383,-246],[324,-348],[216,-581],[674,-82],[217,-228],[210,-589],[362,-232],[658,-46],[702,122],[276,-361],[479,-175],[701,-612],[583,242],[502,19],[276,289],[458,295],[230,279],[684,-390],[980,-266],[555,238],[343,-750],[407,-77],[244,-493],[55,-379],[349,-589],[684,-651],[459,155],[257,-208],[403,180],[242,-15],[410,233],[319,-383],[330,-245],[542,-204],[-10,759],[240,510],[261,239],[402,-72],[607,-428],[696,3],[421,-465],[225,-718],[532,-561],[170,-395],[-1,-802],[421,-1061],[266,-98],[502,116],[452,-827],[438,-152],[629,-596],[431,-266],[646,97],[271,-585],[299,-283],[240,-31],[355,282],[163,-52],[374,-475],[473,16],[714,-288],[739,-88],[679,511],[181,1841],[397,430],[221,-575],[536,-720],[549,-88],[274,-596],[39,-897],[-166,-551],[-442,-583],[-72,-330],[799,-520],[704,-259],[518,-1212],[69,-505],[326,-215],[704,-118],[156,-558],[373,-369],[94,-637],[-11,-449],[162,-73],[623,359],[234,-391],[303,11],[726,1805],[513,428],[455,17],[90,624],[-138,1098],[-18,1350],[567,354],[641,87],[186,-514],[544,-517],[410,-623],[233,22],[765,801],[337,-33],[287,-240],[767,-822],[742,-707],[77,830],[-6,749],[321,360],[54,753],[699,624],[-107,897],[180,1062],[222,379],[231,-169],[467,600],[1015,285],[449,-170],[527,-879],[39,-408],[194,-546],[376,-408],[251,-61],[318,-247],[213,208],[488,11],[495,-725],[287,-734],[-119,-1155],[23,-599],[181,-1007],[242,-751],[313,-148],[266,-387],[287,-1218],[-377,-472],[254,-224],[344,-2142],[150,-312],[168,-853],[355,-739],[-349,-102],[-424,-700],[-94,-307],[-467,-615],[-157,-328],[219,-626],[-190,-1241],[-286,-382],[-44,-857],[-156,-613],[-317,-257],[46,-398],[422,-135],[304,-665],[131,-765],[-217,-1229],[352,-537],[15,-610],[-161,-457],[-535,-135],[-428,-263],[-269,-328],[46,-688],[-345,-806],[74,-870],[-333,-706],[-258,-209],[-251,-426],[242,-834],[693,-995],[301,-806],[113,-593],[412,-285],[530,140],[393,13],[170,128],[598,80],[137,-198],[74,-483],[306,-328],[330,-991],[-111,-501],[-169,-336],[142,-419],[66,-832],[-23,-599],[871,-1112],[-201,-434],[127,-411],[336,-330],[734,-505],[222,-265],[313,-45],[108,-547],[258,-321],[179,53],[260,-372],[470,11],[805,257],[1199,500],[349,-269],[333,-123],[312,-1212],[-340,-1158],[4,-616],[259,-533],[1,-1013],[-117,-597],[-441,-816],[-52,-436],[126,-931],[1200,-145],[217,-126],[157,-411],[442,-132],[447,-361],[370,-472],[-22,-438],[-612,-1747],[-279,-374],[-146,-1037],[51,-560],[-335,-317],[-425,-132],[-508,-271],[-231,-467],[-393,-184],[-298,-393],[-166,-546],[-154,-1201],[-193,-193],[-547,128],[25,-697],[89,-365],[582,107],[341,-203],[260,-631],[621,-851],[-191,-169],[-454,-1076],[-205,-832],[-56,-559],[108,-530],[206,-335],[-555,-1869],[-168,-308],[-299,-242],[-319,35],[-270,-205],[-58,-361],[-258,-710],[60,-825],[-24,-503],[258,-509],[32,-485],[177,-605],[104,-694],[127,-337],[821,507],[457,-13],[607,416],[103,178],[343,-166],[851,-247],[204,-288],[229,-21],[252,217],[412,-39],[545,-319],[362,385],[408,24],[182,130],[301,-94],[261,-358],[582,-104],[390,-273],[229,1062],[676,627],[379,641],[268,203],[647,-226],[210,-315],[180,-570],[8,-640],[266,235],[224,-271],[267,-712],[397,-169],[488,-566],[440,66],[254,-86],[260,169],[608,24],[531,-784],[-9,-884],[166,-422],[144,-673],[-25,-1002],[233,-261],[288,-688],[945,-746],[173,-573],[268,276],[533,-385],[735,112],[176,280],[388,311],[357,763],[18,1064],[245,396],[637,-373],[131,-211],[321,158],[555,-204],[447,-1412],[416,-436],[303,-597],[64,-478],[17,-1197],[63,-252],[361,-413],[255,-578],[219,332],[389,-105],[289,-600],[318,-471],[44,-472],[225,-488],[43,-957],[94,-718],[188,134],[460,652],[585,471],[287,-781],[262,-285],[-47,838],[-174,511],[236,881],[-201,706],[-12,737],[658,250],[186,-251],[111,-756],[447,-672],[435,834],[247,165],[322,-147],[296,-332],[266,-713],[115,-865],[187,-375],[174,238],[326,-87],[254,-1020],[202,-266],[521,-311],[271,-726],[489,-341],[120,-1017],[241,-1017],[758,-1072],[281,-576],[348,175],[203,-397],[268,89],[166,-424],[450,-286],[375,-824],[212,-74],[672,-587],[271,-605],[129,726],[540,208],[181,314],[221,-797],[643,-653],[424,-232],[302,-358],[145,-861],[-27,-263],[-400,-907],[331,-587],[254,-207],[306,-707],[590,-474],[303,-927],[163,-218],[617,-365],[354,-857]],[[974202,183654],[446,-477],[674,98],[110,255],[218,-119],[591,-865],[-2,-439],[473,-461],[71,-859],[174,-708],[218,-503],[413,-294],[235,75],[-22,-1282],[-338,-705],[-73,-381],[-188,-227],[27,-776],[280,-861],[309,-187],[232,-1106],[-44,-432],[161,-728],[264,-679],[-20,-644],[206,-888],[310,-549],[142,-525],[289,-748],[168,-66],[223,-839],[-23,-349],[127,-415],[201,-146],[798,164],[251,-404],[245,-122],[283,-246],[706,-424],[182,-605],[455,195],[172,270],[595,32],[360,520],[634,487],[497,-918],[211,-743],[67,-1410],[162,-577],[275,-611],[154,-543],[-3,-659],[-95,-402],[127,-490],[-36,-263],[171,-208],[324,-708],[820,-160],[334,-869],[307,-648],[300,-181],[244,-396],[30,-529],[264,-441],[169,-40],[306,-516],[387,-335],[371,-37],[924,120],[294,-217],[407,-125],[130,-355],[-593,-1007],[-217,-724],[-146,-276],[-314,-965],[-182,-416],[-142,-619],[-73,-741],[141,-1263],[-195,-822],[-132,-1478],[629,-1709],[330,-647],[55,-344],[418,-313],[376,-791],[317,-381],[200,-1096],[321,-563],[106,-490],[390,-838],[-253,-902],[127,-416],[-355,-1066],[-71,-553],[-351,-1063],[58,-648],[-266,-257],[-75,-502],[326,-391],[346,-758],[138,-678],[234,-20],[198,-551],[201,-26],[581,-876],[242,123],[332,-254],[-2,-354],[511,-518],[221,-663],[129,-1175],[274,-470],[-18,-236],[370,-340],[329,-113],[110,-1072],[-156,-652],[6,-324],[309,-175],[-109,-270],[-20,-698],[160,-446],[-131,-320],[-455,-200],[-315,-394],[2,-436],[300,-443],[91,-329],[-377,-1721],[142,-308],[273,-89],[382,-517],[-12,-453],[-269,-732],[95,-749],[704,-1955],[87,-883],[-114,-1089],[39,-309],[-87,-577],[-12,-604],[215,-1324],[175,-277],[71,-942],[120,-407],[89,-804],[227,-1204]],[[216316,576042],[533,2072],[483,773],[356,669],[610,504],[504,-87],[254,-446],[289,21],[416,-145],[366,109],[87,219],[637,403],[408,-293],[306,618],[692,571],[628,248],[208,229],[282,-206],[331,302],[183,646],[30,1397],[177,1430],[709,922],[572,965],[714,710],[430,322],[184,430],[509,460],[428,706],[-25,532],[-235,616],[-221,970],[-345,592],[-125,510],[-248,432],[-459,1216],[-485,688],[-212,547],[-461,1517],[-123,635],[0,565],[-153,1297],[-11,556],[-112,496],[12,620],[-296,846],[-336,1124],[-130,1048],[-59,987],[-141,910],[198,1540],[-31,381],[45,1121],[-42,389],[137,633],[444,564],[278,935],[365,587],[-226,1002],[4,483],[243,878],[-77,1392],[231,1031],[186,357],[158,1273],[296,227],[527,610],[78,430],[248,294],[213,1114],[187,139],[441,786],[345,205],[470,758],[466,280],[367,577],[119,426],[122,1283],[103,426],[61,966],[-102,607],[-258,401],[-303,190],[-78,626],[81,1638],[8,927],[-137,661],[-13,481],[84,1017],[-228,1567],[171,503],[-39,683],[-97,403],[36,432]],[[288989,666087],[-132,-1239],[-290,-809],[39,-1283],[-180,-789],[-207,-367],[-189,-654],[-53,-590],[125,-272],[15,-641],[-142,-857],[151,-970],[204,-764],[-37,-253],[-23,-1449],[-63,-988],[-197,-811],[-20,-580],[-275,-205],[-300,-469],[-5,-1965],[-144,-934],[-607,-1492],[-82,-481],[111,-175],[358,-1031],[58,-1244],[106,-775],[179,-373],[741,219],[391,-28],[425,185],[579,-283],[398,-454],[584,-363],[452,-127],[232,-634],[593,-995],[263,-135],[371,-419],[257,-12],[742,184],[211,310],[572,-609],[550,63],[302,294],[537,1182],[281,1077],[-2,517],[309,31],[799,500],[351,411],[123,386],[-30,598],[130,463],[424,548],[639,326],[691,41],[279,-315],[175,132],[861,38],[460,-205],[817,-603],[403,91],[498,380],[262,-361],[250,-164],[873,-221],[343,-276],[107,-231],[942,-1180],[254,-90],[416,208],[367,-368],[518,-286],[695,-625],[807,-513],[735,-913],[297,-798],[-216,-126]],[[936818,97496],[478,-1149],[338,-1211],[397,-913],[125,-609],[220,-6],[215,-599],[-60,-668],[158,-721],[221,-1368],[125,-1111],[200,-771],[97,-610],[-122,-790],[-178,-550],[-72,-706],[235,-1064],[260,-589],[36,645],[415,-508],[459,-205],[288,-283],[483,-744],[626,-602],[224,-107],[297,-341],[639,-975],[197,-460],[794,-800],[344,-173],[1253,-929],[254,-955],[618,-667],[828,224],[477,-87],[360,-241],[516,-36],[601,349],[373,38],[70,343],[-92,520],[-27,742],[50,631],[169,385],[143,803],[483,680],[165,441],[219,177],[330,526],[541,373],[143,515],[384,187],[336,401],[194,-139],[243,70],[424,-392],[659,-151],[361,-570],[463,-351],[259,-750],[350,-569],[126,-793],[196,-412],[316,-231],[144,-301],[219,-74],[529,304],[321,-147],[313,154],[626,-513],[274,-73],[240,107],[22,-556],[299,116],[-94,756],[-238,542],[-77,1163],[62,417],[-225,116],[-175,658],[101,746],[347,182],[179,236],[293,-87],[240,-667],[483,-460],[467,-609],[271,572],[315,379],[219,0],[170,-362],[563,65],[289,685],[230,252],[522,46],[252,-100],[167,319],[357,117],[476,299],[629,-215],[79,299],[372,488],[628,273],[232,-198],[524,-663],[203,-923],[220,-327],[264,935],[-280,693],[332,361],[-228,648],[163,218],[-329,566],[131,254],[-162,538],[62,410],[-63,346],[-787,719],[95,867],[152,-5],[-27,804],[495,1234],[383,551],[471,92],[420,414],[359,-416],[365,181],[202,268],[-87,752],[105,738],[-88,798],[-138,375],[147,194],[153,577],[297,563],[517,1141],[-90,648],[-194,276],[-27,727],[-133,571],[26,574],[-671,657],[7,648],[287,-294],[252,300],[50,281],[470,181],[6,1544],[136,1542],[301,1245],[198,395],[248,400],[227,-253],[-73,-766],[-229,-494],[23,-292],[-157,-820],[30,-446],[665,-574],[264,-404],[235,52],[160,532],[20,425],[129,286],[355,-457],[-50,-670],[-220,-541],[11,-593],[313,-484],[15,-716],[198,-243],[-81,-553],[-132,-204],[-20,-423],[355,-1437],[608,270],[191,-281],[411,791],[446,-690],[256,194],[173,1080],[11,1042],[77,780],[-112,596],[45,459],[279,1047],[301,213],[118,-289],[10,-913],[497,-742],[234,282],[696,257],[209,-11],[327,297],[67,659],[450,67],[-2,501],[166,624],[199,-192],[-63,-910],[19,-685],[130,-466],[-169,-554],[271,-626],[341,246],[428,-174],[109,-476],[-29,-497],[340,-124],[153,-434],[171,-150],[86,-448],[340,-671],[-29,-418],[114,-291],[-110,-370],[187,-558],[116,717],[436,802],[642,613],[92,562],[180,517],[16,556],[140,822],[177,193],[151,1105],[-132,378],[76,483],[265,908],[23,668],[186,832],[-35,319],[188,462],[128,642],[-5,519],[304,-171],[340,-459],[241,-168],[127,-336],[158,-919],[474,1105],[222,412],[254,199],[137,322],[116,824],[356,360],[-40,709],[404,463],[279,-469],[213,-1018],[-410,-787],[-123,-447],[226,-473],[-175,-416],[-4,-366],[292,-87],[-88,-646],[110,-720],[299,-347],[61,-249],[-386,-452],[176,-344],[77,-865],[-126,-419],[110,-531],[-106,-363],[58,-605],[306,-740],[-34,-460],[243,-777],[197,-200],[-22,-376],[282,-679],[346,-410],[345,71],[163,-286],[217,297],[122,416],[196,-240],[275,126],[119,1318],[771,1166],[162,961],[-145,723],[337,744],[273,201],[113,432],[16,1085],[199,-296],[-4,-630],[225,-467],[135,-1047],[161,93],[499,584],[195,330],[252,-99],[155,571],[178,1071],[109,344],[-10,987],[167,859],[-38,524],[252,586],[129,645],[236,739],[-48,566],[-252,1251],[-182,333],[194,359],[306,-537],[155,-727],[349,-327],[50,-455],[207,-630],[32,-537],[-145,-470],[150,-703],[543,-987],[91,209],[265,-442],[486,-459],[369,377],[640,-120],[495,308]],[[997931,105537],[382,-2784],[0,-893],[-87,-1823],[-170,-890],[152,-1424],[-106,-1497],[-35,-1058],[52,-454],[-229,-1015],[34,-806],[-305,-844],[47,-843],[-80,-1101],[-184,-428],[-253,-1140],[-244,-659],[-424,-537],[-430,-1569],[-294,-495],[112,-492],[-64,-411],[20,-2021],[-78,-327],[95,-521],[-462,-1326],[86,-1024],[20,-974],[-76,-1117],[-171,-3640],[17,-1131],[-290,-832],[-209,-52],[-125,-548],[306,-853],[-286,-145],[-95,-759],[-380,-625],[-907,-165],[-314,-325],[-35,-355],[-251,-239],[-145,-740],[-61,-872],[24,-1379],[-158,-574],[43,-244],[-102,-928],[-383,-86],[-579,-824],[-127,-288],[220,-810],[27,-1156],[-298,-1392],[75,-628],[-342,-722],[317,-559],[77,-755],[-38,-666],[-218,-265],[-150,748],[-241,469],[-224,-100],[-27,-291],[246,-378],[-276,-534],[-269,841],[-388,-283],[67,-668],[131,-404],[4,-430],[-563,488],[-47,416],[-261,-175],[-100,-810],[225,-740],[-55,-461],[-244,-315],[333,-484],[11,-299],[-218,-352],[-360,41],[-138,779],[-283,108],[-1,-2474],[260,-49],[360,-695],[130,-597],[-307,-390],[-245,-535],[-394,-403],[-262,34],[-294,-252],[-150,-593],[122,-374],[231,48],[213,374],[139,-378],[-117,-713],[21,-461],[236,-529],[-226,-2203],[-65,-155],[-724,-233],[-240,-487],[195,-557],[38,-386],[-114,-264],[-440,-319],[-202,-284],[62,-471],[186,-289],[233,-21],[452,374],[79,-90],[81,-1152],[135,-586],[-99,-453],[107,-675],[319,-332],[-2,-418],[324,-331],[-163,-628],[-412,-752],[-101,-823],[175,-424],[421,-197],[197,-234],[67,-399],[-72,-439],[-219,-296],[-329,-128],[-385,264],[43,-494],[256,-178],[258,-433],[-52,-564],[-262,-231],[-847,-13],[-276,-433],[93,-489],[366,-1224],[155,-906],[16,-387],[-76,-1012],[-1,-741],[-72,-936],[-126,-438],[-764,-847],[-454,-877],[-145,-1080],[-149,-222],[-475,-1253],[-258,-436],[-793,-1100],[-76,-617],[234,-735],[-265,-97],[-214,376],[-320,-326],[-74,575],[-420,-111],[-391,-686],[-262,-1067],[25,-353],[-337,-41],[-185,-503],[-190,447],[-277,79],[-290,-304],[109,-257],[-157,-702],[-249,75],[-68,-233],[-541,-322],[-173,-882],[-224,164],[-29,-592],[-265,-24],[-268,-1249],[-357,-315],[138,-754],[379,-137],[-201,-854],[-221,-446],[-94,-421],[68,-495],[383,-607],[-124,-439],[-679,-194],[-2048,-725],[-97,15],[-338,852],[-273,142],[-256,302],[-231,-343],[-288,258],[-176,670],[-164,304],[-110,583],[-36,4847],[-3174,1117],[-1384,1918],[-2607,3000],[-224,217],[-320,-187],[-202,75],[-110,680],[70,914],[-105,783],[-242,366],[-325,-23],[-616,383],[-48,471],[255,675],[636,581],[258,532],[56,377],[-89,807],[-126,429],[-151,55],[-2964,455],[1343,2186],[-409,1656],[-769,3113],[-1466,2242],[-311,-2478],[-1989,-1438],[-722,-628],[-36,-686],[-180,-301],[-460,-137],[61,-1013],[-37,-691],[185,-520],[346,-249],[-161,-381],[23,-641],[-1279,-879],[-284,-2134],[-2513,886],[169,1892],[13,554],[-554,474],[-268,372],[-168,403],[-545,895],[-701,673],[-800,682],[-1548,1019],[-235,-79],[-184,170],[-297,-280],[38,-323],[355,-155],[-46,-384],[-181,-49],[-223,226],[-55,-396],[262,-211],[105,-308],[-165,-330],[-283,-290],[-220,-650],[-59,-459],[-182,-252],[-383,139],[124,-577],[-113,-218],[-321,122],[-209,-291],[347,-521],[11,-714],[-81,-530],[-201,-454],[-5,-621],[-156,-349],[225,-289],[121,299],[219,-124],[-131,-1098],[-94,-426],[-279,321],[-117,-238],[25,-390],[151,-195],[-354,-329],[562,-514],[-343,-767],[-248,145],[-203,-639],[-254,-214],[105,-748],[-318,-520],[199,-351],[-312,-337],[-1330,-516],[-781,2348],[-1025,-66],[-669,-2377],[-1326,1161],[124,733],[-386,1069],[-295,577],[-293,-115],[-276,798],[-312,523],[-1557,207],[-787,1800],[-1575,-55]],[[288989,666087],[-967,793],[-598,571],[-177,305],[-255,-175],[-384,171],[-540,844],[-241,50],[-871,460],[-771,588],[-538,-46],[-187,69],[-187,340],[-638,579],[-585,-36],[-43,383],[-476,221],[-742,-63],[-272,-424],[-620,147],[-325,-332],[-680,-527],[-791,-408],[-681,211],[-306,450],[-78,298],[-472,343],[-146,251],[-337,192],[-441,480],[-337,122],[-1242,-631],[-414,-65],[-154,-226],[-157,1009],[-3,366],[-174,720],[-582,713],[-659,-1028],[-454,-316],[-568,-126],[83,-1522],[368,-526],[-756,-1324],[-972,581],[-956,-1339],[-614,-321],[-447,-404],[-345,86],[-285,750],[-397,206],[-466,-244],[9,-1389],[-217,-1240],[-290,-394],[-152,-423],[-656,-347],[-413,-471],[-532,375],[-301,404],[-182,-302],[-271,-22],[-2,-392],[125,-1213],[178,-428],[-473,-1156],[-176,-668],[-434,-79],[-427,-604],[-180,-582],[-209,-309],[-509,-250],[-83,-345],[-333,-559],[-382,811],[-525,109],[-152,302],[-94,639],[-374,-16],[-123,-181],[-15,-887],[-509,-928],[-464,-535],[-236,-721],[-53,-513],[-233,-299],[-479,43],[-57,-703],[-315,-425],[113,-502],[-32,-542],[104,-657],[-171,-124],[-130,-638],[-64,-971],[39,-353],[-282,-214],[-467,-56],[-247,82],[-113,-540],[-610,-497],[-332,-1065],[-201,-237],[-257,-1362],[-144,-279],[-543,177],[-239,-390],[15,-595],[-167,-888],[7,-328],[292,-943],[222,-1279],[242,-557],[-247,-433],[-271,-102],[-235,103],[-483,-597],[-588,-310],[-450,-581],[-149,-497],[-453,-283],[-106,-318],[-233,-179],[-116,-1056],[-223,-621],[72,-251],[-675,-2],[-628,-261],[-399,-369],[-383,-590],[-274,88],[-528,436],[-191,446],[-334,294],[-563,22],[-271,493],[-362,434],[-298,65],[-688,481],[-112,196],[-341,1166],[-384,713],[17,387],[167,685],[-29,514],[-155,180],[-160,661],[110,181],[229,821],[-424,710],[3,385],[-195,446],[-80,651],[-342,327],[-310,670],[-339,365],[-314,119],[-230,487],[-700,343],[-504,377],[-188,807],[-401,650]],[[306998,742666],[-135,-1855],[-422,-1490],[-100,-594],[-49,-1481],[-247,-1076],[-317,-1024],[229,-969],[879,-691],[8,-285],[291,-626],[80,-405],[212,-274],[738,-360],[38,-1037],[199,-643],[240,-505],[-122,-471],[-24,-2181],[354,-666],[99,-350],[104,-1027],[813,-223],[108,-651],[288,-726],[209,-246],[461,-777],[-48,-532],[134,-2437],[-143,-547],[-135,-1458],[219,-665],[-386,-704],[-457,-430],[-409,-710],[-687,-566],[-362,-371],[-840,-229],[-87,-162],[-644,-300],[-340,-527],[-124,-439],[-392,-614],[-212,-589],[-14,-449],[219,-1364],[-88,-688],[65,-911],[-595,-1462],[-312,-432],[-531,-508],[-209,-617],[-682,-516],[-254,-268],[140,-609],[296,46],[590,-533],[129,-649],[-241,-776],[-378,-369],[-144,-363],[212,-1106],[253,-162],[570,-843],[158,-1033],[101,-264],[63,-887],[-168,-615],[194,-905],[217,-342],[323,-881],[258,-231],[273,-487],[749,-128],[387,-354],[751,-1365],[196,-206],[286,-28],[434,-268],[321,-373],[316,-868],[-119,-297],[-134,-858],[-151,-468],[-44,-767],[-322,-724],[-191,-240],[-399,-1042],[-450,411],[-355,-544],[-448,-46],[-171,-288],[-282,-771],[-537,-408],[-596,-129],[-555,-219],[-308,-36],[-720,166],[-552,-73],[-266,-334],[-620,-293],[-482,-451],[-608,-701],[-367,62],[-221,291],[-625,453],[-587,214],[-712,65],[-686,212],[-362,-218],[-423,-9],[-1049,504],[-111,189],[-693,-264],[-187,-441],[-564,-930],[-704,-155],[-715,406],[-328,-30],[-447,-554],[-232,-824],[-649,-890],[-331,-627],[173,-1154],[-23,-468],[-601,-65],[-264,-367],[-504,-67],[-304,54],[-369,-152],[-215,-752],[-13,-458],[153,-997],[-162,-582],[-260,-443],[275,-243],[271,-688],[-130,-629],[-28,-705],[168,-597],[-209,-1142],[-179,-219],[-14,-941],[92,-625],[-281,-425],[-188,-529]],[[658459,308433],[244,-9],[411,341],[336,779],[665,-440],[280,84],[233,389],[242,912],[381,202],[523,109],[292,797],[515,939],[181,-853],[272,-712],[217,-402],[-11,-293],[136,-593],[273,7],[234,277],[290,835],[91,416],[202,242],[61,403],[367,357],[585,1478],[-80,705],[175,149],[115,-544],[277,-148],[240,743],[315,545],[800,931],[135,326],[-282,754],[33,488],[73,524],[280,504],[40,912],[309,1011],[-13,805],[300,698],[125,446],[309,2008],[46,726],[286,738],[139,70],[410,-299],[418,59],[228,171],[544,62],[139,319],[47,418],[-140,665],[209,1030],[-124,762],[-3,687],[-131,344],[160,592],[-31,464],[-210,909],[389,730],[306,991]],[[52456,642497],[129,-430],[189,-260],[712,-259],[258,171],[436,-406],[207,0],[223,538],[183,213],[533,61],[319,-52],[549,329],[353,352],[-54,1062],[275,263],[157,385],[490,712],[457,334],[233,417],[466,394],[79,763],[-295,785],[29,490],[-95,484],[142,294],[-15,1002],[255,551],[747,1149],[134,-146],[419,604],[-37,1414],[-199,639],[-36,552],[534,407],[228,422],[128,457],[403,418],[250,441],[253,876],[225,1523]],[[61720,659446],[428,-847],[130,-540],[128,-26],[304,516],[373,15],[137,-193],[67,-654],[437,-9],[15,-496],[185,-295],[301,16],[176,394],[153,-91],[227,-755],[207,-79],[-42,-388],[246,-269],[171,103],[152,390],[167,-92],[115,-599],[224,-523],[77,-417],[512,-90],[228,273],[429,-143],[278,438],[171,505],[-20,750],[276,628],[439,295],[210,-189],[111,-418],[382,-799],[171,-165],[103,-706],[339,-547],[145,-494],[460,-739],[365,-1555],[785,-1213],[332,-575],[379,-282],[299,-488],[609,-375],[274,-358],[354,11],[348,-241],[274,-418],[232,46],[361,-151],[218,-284],[165,143],[218,487],[382,-425],[-45,-475],[219,-391],[431,60],[191,-381],[311,6],[757,173],[125,-67],[349,-681],[599,-197],[353,-323],[893,132],[663,39],[330,-300],[213,-449],[175,221],[64,451],[354,239],[481,-115],[893,61],[391,-80],[531,-430],[531,-615],[217,-487],[314,-350],[872,166],[395,-436],[42,-407],[-339,-857],[82,-889],[-95,-767],[202,-335],[948,-706],[342,-40],[349,123],[301,-145],[545,35],[286,-414],[269,-736],[664,-226],[779,-626],[123,-361],[400,-727],[408,-1225],[-170,-1174],[-158,-513],[33,-259],[439,-356],[207,-321],[54,-551],[-296,-1730],[-225,-420],[53,-333],[544,-277],[31,-1017],[553,188],[112,-139],[131,-607],[-97,-785],[48,-347],[546,-230],[586,251],[392,493],[66,579],[223,34],[104,283],[-66,704],[560,1507],[117,39],[242,544],[53,560],[-342,956],[24,206],[521,761],[218,637],[70,709],[358,874],[239,893],[252,638],[384,555],[237,158],[393,-128],[440,-409],[149,-356],[228,-1085],[188,-182],[778,217],[734,-309],[323,-303],[315,-842],[113,-877],[-8,-532],[-114,-268],[-34,-1146],[-119,-660],[-261,-835],[1,-306],[162,-749],[111,-229],[600,-53],[384,-367],[213,-803],[178,-255],[393,67],[110,534],[-231,1063],[194,234],[105,-346],[48,-831],[300,-205],[127,106],[73,746],[348,90],[155,-316],[119,-709],[195,-637],[64,-598],[343,71],[178,303],[228,676],[210,918],[346,577],[333,292],[702,196],[304,-38],[658,-317],[1032,-949],[884,-585],[399,95],[462,385],[694,713],[374,150],[650,-443],[547,-112],[282,-76]],[[150650,563731],[12,-785],[123,-982],[123,-605],[72,-2334],[-41,-1145],[-169,-892],[-570,-1570],[-558,-820],[-574,-990],[-215,-468],[-13,-947],[-95,-574],[-28,-849],[-99,-481],[-461,-611],[-260,-154],[-287,-372],[-428,-1171],[-429,-1541],[-437,-1436],[-210,-511],[-486,-810],[-485,-1180],[-1069,-2121],[-322,-397],[-441,-837],[-795,-1198],[-981,-1079],[-792,-968],[-813,-1309],[-645,-1173],[-423,-662],[-587,-1134],[-1027,-2241],[-1067,-2012],[65,-395],[-90,-416],[-416,-956],[-132,-631],[-108,-1818],[-213,-1082],[-344,-90],[-255,210],[-310,-18],[-184,-171],[-487,-714],[102,-302],[-202,-376],[-496,-361],[-461,-598],[-450,-882],[-293,-748],[-331,-614],[-874,-1248],[-217,-418],[-563,-423],[-203,-249],[-352,-844],[-34,-580],[-147,-969],[-330,-421],[-1091,-378],[-420,99],[-357,-230],[-240,-460],[-191,-853],[30,-835],[-181,-919],[-23,-439],[-221,-1451],[-108,-261],[-1070,-1190],[-794,-1282],[-517,-1120],[-129,-406],[-205,-1106],[-185,-491],[-267,-1391],[86,-389],[571,-892],[315,-876],[57,-709],[-24,-531]],[[123884,496148],[-1247,1771],[-1379,2000],[-1365,814],[-308,-3542],[-1388,2809],[-525,1316],[2091,2947],[-514,2577],[-1274,-1666],[-650,1321],[-99,409],[534,3107],[-172,48],[-2008,526],[-178,-357],[-1115,-2638],[-1391,204],[153,-1973],[-1705,832],[353,1236],[-398,447],[1679,2297],[162,256],[-1571,420],[-364,-1795],[-1515,-497],[-3,1926],[-860,-182],[-1522,961],[1587,1801],[-332,561],[-1248,-1305],[-221,-1318],[-1596,515],[243,972],[-638,913],[157,-2394],[-605,834],[-615,1140],[-326,2790],[-193,2073],[658,919],[217,1923],[-172,138],[-915,571],[-449,1249],[-1267,372],[-1222,624],[-1753,-1361],[489,-3534],[-1260,1829],[-1327,-412],[-116,1044],[-881,1366],[-782,1549],[-1784,2161],[-1929,113],[-1321,786],[-547,1191],[579,3189],[0,270],[-804,785],[-1619,707],[-184,3841],[-2246,1270],[-180,144],[-1213,686],[25,-2024],[-1695,2120],[-106,-13],[-1144,-1617],[-1315,2638],[-1675,2014],[663,3904],[-8,65],[-2237,217],[266,3907],[-643,1026],[-438,884],[-387,3284],[-2011,-1933],[-1194,2268],[-1011,-1443],[-2665,480],[-654,3168],[-229,-158],[-1801,-964],[967,1993],[-2137,1290],[1255,4471],[-2668,1983],[-1777,686]],[[239847,650100],[-477,260],[-261,-1039],[-50,-790],[-220,-456],[-136,-682],[-201,-622],[-313,-306],[-528,-265],[-429,158],[-423,-209],[-235,-438],[-40,-593],[71,-519],[3,-720],[-110,-263],[-680,-810],[-678,-491],[-573,-612],[-362,-534],[-204,-45],[-381,-451],[-137,-825],[-191,-410],[-301,56],[-905,-403],[-256,23],[-437,-208],[-536,-508],[-374,-80],[-613,270],[-223,-227],[-397,-161],[-456,-621],[-236,-61]],[[228558,637518],[-280,422],[-269,201],[-153,493],[-140,133],[-270,872],[-202,34],[-556,-764],[-528,-332],[-379,-40],[-426,121],[-476,479],[-307,-143],[-293,-485],[-182,-517],[-150,-695],[-128,-173],[-288,80],[-144,-168],[-318,-856],[-387,-259],[-212,55],[-658,-84],[-345,442],[-659,-199],[-604,161],[-352,-118],[-197,171],[-167,409],[-277,1051],[-246,577],[-329,-22],[-477,211],[-667,664],[-159,50],[-430,-368],[-327,-51],[-383,341],[-17,254],[-271,412],[-108,575],[-573,936],[-373,290],[-236,758],[-448,505],[-54,285],[-667,363],[-428,587],[165,954],[-141,692],[-272,136],[-112,344],[-619,381],[-8,217],[-276,296],[-828,143],[-321,-137],[-92,362],[-186,29],[-551,-213],[-585,-632],[-259,-514],[-437,-163],[-418,-362],[-208,-301],[-253,382],[-549,11],[-210,479],[-509,762],[-196,547],[-440,231],[-525,397],[-298,-235],[-288,177],[-242,-381],[-377,-84],[-429,74],[-159,404],[82,226],[-19,1285],[-144,306],[-391,424],[-240,119],[-656,67],[-169,84],[-86,521],[-180,558],[-6,445],[-269,691],[-236,260],[-401,1370],[-265,449],[-398,32],[-528,-174],[-347,-450],[-571,-286],[-787,-294],[-265,80],[-479,-279],[-505,-697],[-456,88],[-511,-362],[-814,43],[-335,417],[-473,216],[-824,880],[-275,-416],[-311,-731],[-279,183],[-393,-334],[-302,-931],[-305,-488],[-219,-176],[-196,-26],[-336,574],[-619,616],[-280,873],[-503,622],[-409,30],[-510,633],[-266,174],[-481,-118],[-260,-252],[-257,-33],[-803,728],[-452,565],[-414,-190],[-264,415],[-148,23],[23,1134],[-42,805],[-218,1160],[226,1069],[205,1194],[72,800],[-50,1396],[85,1094],[192,1522],[237,656],[453,466],[364,906],[38,658],[237,436],[-35,502],[109,375],[57,1002],[122,424],[100,1047],[91,406],[-16,596],[-305,817],[147,1002],[1,390],[-191,90],[-738,-1294],[-279,-178],[-368,-754],[-294,-149]],[[185063,673504],[-439,320],[-1174,266],[-262,189],[-679,750],[-604,447],[-267,502],[-396,323],[-173,787],[37,1366],[-782,1198],[-282,298],[-456,4],[-322,207],[-347,-202],[-208,92],[-192,-436],[-440,125],[-147,-87],[-1029,54],[-263,748],[-76,876],[-118,369],[-77,1341],[63,816],[-366,101],[-459,506],[-150,397],[-64,704],[418,1311],[-25,351],[95,548],[-91,386],[-379,754],[-275,735],[-100,1124],[-176,402],[-23,537],[189,760],[231,1553],[67,1072],[-47,806],[88,1676],[125,594],[422,729],[156,609],[178,233],[133,463],[419,613],[0,629],[-181,260],[-190,567],[-120,1260],[-122,537],[202,570],[-16,617],[-217,385],[-219,712],[-509,413],[-347,-80],[-234,240],[-328,115],[-215,-126],[-288,651],[-220,102],[-701,1159]],[[173091,708832],[588,721],[399,194],[337,507],[616,448],[470,1742],[378,928],[618,716],[516,906],[469,1433],[133,754],[-16,376],[126,375],[266,1255],[383,-455],[176,114],[283,-267],[180,74],[222,620],[387,159],[324,-121],[92,595],[243,696],[282,1369],[347,318],[512,905],[559,278],[419,644],[530,1061],[296,1557],[-26,921],[579,1264],[412,763],[94,-870],[201,-626],[349,-415],[339,-211],[82,-284],[411,424],[346,1312],[62,863],[-76,501],[533,576],[261,-153],[197,487],[251,139],[599,119],[235,-95],[351,218],[855,-112],[476,330],[672,121],[277,659],[266,140],[471,-34],[628,-429],[472,-100],[134,-563],[514,-300],[368,-120],[64,-218],[370,-481],[56,-1259],[200,-228],[336,196],[123,-450],[-91,-658],[76,-378],[3,-1612],[-224,-1595],[-10,-747],[48,-472],[501,-908],[69,-727],[-84,-370],[237,-570],[724,37],[242,-401],[805,-4],[193,-80],[512,-554],[186,-38],[281,284],[201,364],[532,460],[500,-357],[1049,141],[192,382],[179,799],[715,968],[422,280],[1047,21],[526,157],[428,240],[363,30],[486,438],[434,234],[936,-287],[258,-17],[716,1197],[111,794],[118,1086],[370,486],[267,903],[-263,286],[78,629],[-117,402],[-3,449],[-109,623],[63,1046],[282,674],[176,769],[210,580],[174,187],[124,568],[-23,332],[100,712],[189,231],[79,601],[192,258],[565,-263],[87,244],[-40,895],[237,436],[365,-305],[613,99],[446,-139],[480,-386],[406,-139],[209,92],[11,1109],[125,589],[260,571],[237,249],[64,735],[345,1198],[-170,254],[150,974],[-113,518],[49,691],[201,853],[92,1527],[-61,460],[340,499],[289,1508],[157,464],[-225,701],[-54,1243],[260,1276],[312,316]],[[229932,748942],[-264,-967],[164,-1227],[-17,-941],[-96,-810],[-4,-632],[147,-844],[-218,-654],[-46,-1188],[-95,-1145],[258,-990],[103,-925],[-45,-221],[-90,-325],[-65,-839],[-317,-464],[-208,-505],[36,-817],[189,-381],[-16,-1085],[62,-426],[24,-1063],[-56,-432],[149,-219],[6,-557],[-270,-1126],[30,-632],[-68,-946],[203,-714],[137,-248],[257,-1104],[-112,-632],[111,-498],[108,-777],[-91,-734],[-289,-948],[-270,-399],[-559,-389],[-250,-444],[-363,-318],[-160,-280],[-319,-126],[-583,-4],[-123,-989],[-238,-846],[-421,-805],[-282,-233],[-187,-938],[187,-1117],[-10,-352],[-181,-612],[-178,-268],[-414,-1053],[-717,-1042],[-357,-253],[-328,-1092],[-63,-549],[19,-1425],[-273,-515],[-551,-162],[-420,172],[-291,-44],[-289,248],[-400,-103],[-269,179],[-218,-474],[-165,36],[-313,-247],[-29,-641],[-87,-228],[-715,-118],[-122,-719],[-11,-924],[-61,-206],[314,-1947],[137,-367],[-5,-1135],[96,-220],[535,-460],[170,-44],[328,-135],[267,-818],[-43,-449],[213,-567],[269,-312],[65,-438],[230,-450],[45,-333],[247,-385],[278,413],[444,-17],[609,-1035],[519,-381],[248,-456],[372,-179],[310,-742],[251,-410],[265,-177],[417,14],[181,147],[126,-294],[71,-564],[248,-482],[149,-515],[344,-383],[194,-785],[-57,-541],[10,-801],[-193,-894],[-20,-852],[-228,-581],[-402,-330],[-201,-291],[-88,-493],[-317,-546],[-321,-845],[-135,-749],[142,-1201],[253,-521],[323,-407],[68,-631],[204,-309],[115,-709],[454,-32],[353,136],[285,-200],[265,9],[351,311],[464,-333],[270,183],[357,-56],[111,-252],[334,-319],[577,-271],[293,-781],[585,-341],[149,91],[296,-559],[367,-510],[29,-358],[170,-387],[-14,-679],[-206,-508],[95,-429],[-183,-1095],[170,-328],[672,-358],[400,-16],[384,-512],[502,-1062],[570,-819],[367,-448],[345,-1239],[504,-522],[165,-318],[332,-166],[211,101],[386,-190],[481,-430],[518,-737],[195,233],[520,-693],[479,-245],[450,-354],[171,-317],[408,-347],[297,-659],[115,-662],[9,-594],[163,-847],[-127,-605],[34,-321],[-100,-940],[-283,-425],[-358,-90],[-61,-347],[17,-1050],[120,-281],[138,-759],[252,-393],[33,-320],[-400,-1003],[49,-444],[427,-702],[-123,-237],[-77,-551],[2,-750],[-179,-488],[37,-328],[-69,-824],[-174,-317],[73,-356],[-203,-829],[18,-670]],[[60871,567970],[-506,203],[-1258,-227],[-1116,-1248],[-1734,-1995],[-1287,-1519],[-322,-1401],[162,-1717],[683,-6884],[109,-849],[3,-601],[429,-1897],[349,-3926],[54,-463],[275,-3402],[170,-1705],[477,-847],[537,376],[70,-764],[-658,-3061],[-297,-1507],[-352,357],[-87,-375],[-224,-168],[-238,1200],[-571,1282],[-415,1180],[-292,449],[-643,170],[-519,1224],[-478,746],[-360,455],[-615,573],[-279,735],[-289,94],[-412,-565],[-509,-126],[-342,48],[-44,277],[310,147],[19,770],[74,598],[-354,1081],[-329,1471],[-448,2860],[-274,298],[47,200],[362,412],[-141,216],[-238,1072],[-527,478],[-292,795],[-276,425],[-285,107],[-607,-184],[-281,127],[-263,519],[-55,470],[-176,513],[-694,543],[-740,91],[-292,-131],[-456,166],[-228,299],[-456,34],[-1240,-1043],[-2159,-1026],[-223,-218],[-219,224],[-514,-225],[-354,-339],[-318,412],[-189,-245],[-179,255],[18,555],[-410,699],[-669,-58],[-354,478],[-239,814],[34,505],[387,611],[-261,321],[-292,72],[-219,291],[-132,617],[-742,978],[-1234,1541],[-1395,1371],[5,842],[-114,649],[-464,2127],[135,626],[40,628],[-92,1205],[-150,849],[-168,589],[-250,602],[-182,233],[-914,888],[-353,245],[-807,230],[-250,802],[-396,386],[-395,51],[-809,-264],[-714,-165],[-347,331],[-1021,2362],[-306,372],[-299,613],[-708,1077],[443,435],[304,519],[276,1098],[66,1378],[-174,849],[-211,472],[-294,652],[-439,687],[-659,802],[-214,-39],[-367,-390],[-540,27],[-525,221],[-296,522],[-286,-12],[-907,-469],[-484,-85],[-623,-364],[-1508,1829],[-3984,4647],[-190,321],[-1342,2559],[-2504,4818],[-988,1405],[-1511,2217],[-1342,-252],[-709,-132],[-655,-187],[-2025,-415],[-566,-89],[-1257,3149],[-255,6231],[-135,3875],[-63,1361],[-221,5709],[-95,1986],[582,1808],[1576,4808],[2457,7658],[514,2706],[963,-504],[1210,-655],[1089,5903],[1078,303],[85,558],[-1438,843],[833,4202],[-603,319],[794,4291],[439,2297],[-981,527],[194,938],[1118,5873],[413,2247],[225,1109],[97,203],[591,547],[266,528],[781,1102],[665,1005],[242,758],[80,1086],[152,285],[401,292],[331,-75],[314,162],[221,295],[507,1896],[263,223]],[[15459,676210],[108,-417],[134,-1002],[52,-759],[-65,-1365],[142,-1136],[-50,-634],[161,-762],[-366,-1002],[50,-428],[-113,-985],[45,-576],[-27,-880],[181,-1113],[-84,-876],[87,-324],[614,-199],[249,-811],[340,-274],[182,-691],[268,-154],[151,-347],[203,-81],[210,-406],[-53,-616],[302,-261],[555,-835],[-22,-1481],[70,-134],[1,-783],[485,-76],[280,-257],[521,171],[207,-328],[31,-432],[-225,-283],[42,-372],[649,-1327],[423,21],[424,402],[680,379],[204,263],[413,39],[547,494],[199,94],[677,60],[564,-411],[300,265],[294,-123],[293,-501],[341,-353],[117,-542],[319,333],[355,629],[326,-2],[238,-193],[93,903],[296,364],[518,81],[467,575],[566,105],[377,256],[132,-168],[400,-89],[281,160],[298,-415],[331,446],[301,-851],[385,-98],[470,-307],[311,-411],[493,492],[832,-279],[198,314],[369,277],[282,-107],[150,-83],[531,45],[440,-456],[337,-695],[-66,-822],[161,-335],[524,762],[713,-171],[889,-589],[159,68],[448,-325],[166,33],[531,906],[435,19],[297,-342],[201,-598],[134,-647],[446,-415],[331,-511],[369,-191],[475,19],[506,-717],[115,-302],[620,115],[33,-591],[300,-609],[293,-297],[371,120],[374,-113],[843,559],[711,847],[190,-147],[148,387],[223,254],[475,99],[265,-150],[384,288],[312,-38],[276,487],[230,82],[132,-174],[71,-568],[-20,-701],[378,-401],[513,-8],[158,-767],[-112,-785],[147,-546],[-98,-591],[241,-82],[471,209],[274,-96],[159,-296],[-67,-596],[-235,-649],[-86,-655],[197,-546],[-197,-647],[-251,-198],[-41,-501],[73,-483],[-186,-782],[390,-504],[276,-181],[309,-18],[226,699],[506,342]],[[52456,642497],[-179,-403],[-54,-541],[456,-1232],[249,-851],[42,-667],[-128,-662],[-56,-666],[-312,-828],[-61,-482],[-211,-477],[-37,-536],[-137,-667],[-67,-1333],[-229,-852],[-327,-691],[-555,-1404],[-112,-871],[-436,-1280],[303,33],[492,227],[213,-431],[308,-23],[341,-246],[207,-1159],[154,-213],[375,-1048],[27,-556],[340,311],[431,-649],[180,-56],[770,296],[455,279],[309,-513],[290,-334],[48,-615],[-100,-273],[-494,-720],[-312,-622],[-72,-1377],[159,-1327],[337,-508],[110,-608],[-102,-853],[-182,-447],[-224,-905],[-6,-891],[59,-557],[164,-563],[-77,-449],[-237,-647],[-70,-527],[-172,-538],[165,-511],[-46,-668],[78,-324],[-129,-326],[-215,-62],[-160,-563],[74,-504],[-226,-203],[-98,-439],[90,-384],[272,-245],[124,-467],[-7,-538],[97,-244],[249,-105],[-101,-775],[148,-815],[313,86],[240,-493],[-293,-226],[3,-384],[264,-291],[-75,-552],[231,-383],[324,-94],[200,373],[166,544],[202,-151],[227,-546],[45,-740],[-153,-451],[-150,-118],[-210,-641],[14,-278],[236,-123],[196,-689],[-98,-218],[-328,38],[-318,-332],[-107,-589],[315,-646],[471,-455],[307,86],[443,-765],[160,-411],[533,-914],[273,-762],[-33,-616],[563,-371],[297,244],[110,-453],[-83,-241],[19,-715],[309,-598],[434,-365],[100,-592],[184,-512],[296,-524],[115,-425],[-6,-889],[-197,-502],[-445,-247],[-335,-54],[-462,156],[-283,-248],[-49,-557],[142,-461],[211,-284],[199,-448],[65,-480],[30,-1204],[480,-1078],[326,-287],[361,18],[573,1031],[197,-419],[-145,-395],[-395,-528],[-108,-892],[-184,-432],[-397,-513],[-389,-325],[-466,-54],[-205,-395],[190,-582],[574,-484],[546,62],[299,-309],[259,-1032],[273,-838],[461,-599],[-92,-226],[-667,-172],[-288,-326],[-156,-478],[97,-1149],[-105,-337],[-370,-125],[-465,886],[-354,344],[-139,-134],[-69,-655],[98,-650],[378,-765],[4,-347],[-175,-738],[398,-472],[-128,-629],[6,-547],[217,-135],[494,-98],[199,-192],[485,-895]],[[325364,333104],[16,717],[-239,441],[55,596],[-93,613],[40,962],[-289,813],[-53,931],[-312,601],[114,622],[-9,524],[-265,279],[-56,520],[-313,443],[-58,372],[435,503],[424,-85],[403,296],[465,52],[236,-473],[398,-71],[346,302],[450,-192],[242,226],[8,721],[198,310],[72,354],[625,530],[98,1063],[-63,746],[5,151],[507,283],[809,164],[485,20],[219,155],[234,-100],[791,83],[328,-81],[578,30],[202,-78],[580,29],[294,112],[688,-117],[441,110],[138,-183],[130,-1634],[242,536],[549,-37],[282,199],[653,237],[195,506],[349,-20],[230,443],[141,1087],[-181,881],[-42,471],[79,661],[194,255],[-43,499],[-131,349]],[[337185,350831],[362,-9],[580,-323],[220,43],[217,450],[252,-68],[534,-467],[579,-305],[471,179],[397,-448],[513,8],[337,-201],[188,56],[249,671],[573,-259],[650,10],[679,-434],[374,112],[272,464],[937,-113],[573,316],[311,-249],[418,-4],[676,-298],[371,70],[465,454],[420,15],[390,-170],[214,-615],[391,-481],[372,-53],[193,-17],[309,240],[390,-812],[236,-247],[261,422],[481,257],[416,-709],[152,-75],[316,207],[261,24],[312,635],[211,28],[389,498],[355,24],[567,412],[424,-364],[339,486],[284,139],[322,643],[305,-101],[603,-526],[644,329],[956,-299],[247,334],[1004,-549],[710,210],[231,450],[641,881],[237,1039],[322,665],[244,1346],[140,384],[570,1020],[157,154],[102,576],[182,-261],[-43,-480],[-405,-1342],[-2,-422],[357,-92],[191,-297],[-76,-561],[26,-651],[190,-1016],[180,-312],[358,-111],[554,-324],[304,-800],[-84,-1097],[34,-1016],[433,-888],[1267,-1625],[200,-895],[180,-278],[-88,-378],[103,-554],[-95,-258],[231,-277],[77,-1111],[104,-299],[275,945],[144,171],[189,586],[189,195],[325,-279],[-187,-784],[393,-407],[409,35],[-25,352],[125,727],[-102,350],[355,228],[391,-226],[250,81],[318,659],[674,524],[280,1052],[241,137],[31,-398],[213,-440],[116,59],[-27,611],[86,351],[-109,322],[111,267],[-129,684],[24,478],[451,92],[230,-1020],[109,-830],[298,-603],[172,-875],[453,-185],[371,132],[216,345],[300,-220],[427,-807],[222,95],[411,-306],[235,-850],[188,745],[297,214],[184,549],[148,142],[444,-388],[386,-553],[234,16],[109,-223],[505,-617],[707,-320],[572,-155],[426,-250],[538,211],[434,-250],[719,-82],[565,-197],[166,30],[345,342],[196,-363],[263,-141],[439,-580],[306,163],[389,441],[414,233],[380,356],[584,287],[993,-322],[229,100]],[[387872,259412],[-800,1567],[-650,1811],[-688,2035],[-444,1427],[-998,2021],[-1200,153],[-501,183],[-631,358],[-539,88],[-1149,-100],[-943,-164],[-3125,-318],[-1174,-185],[-4396,-404],[-221,-5],[-661,-297],[-135,-56],[-1961,-298],[-2242,-299],[-1753,1199],[-2587,1033],[-1544,670],[-2408,829],[-707,422],[-816,469],[-1162,2207],[-637,3464],[-1244,2385],[-527,38],[-1453,2],[-1881,-294],[-631,-75],[-1603,-281],[-1160,-12],[-1400,78],[-1214,137],[-1978,623],[-1472,-537],[-2338,-806],[-2041,890],[-2394,179],[-3688,389],[-75,97],[-24,781],[41,592],[228,503],[13,829],[-134,314],[72,643],[239,169],[420,-131],[16,754],[154,-169],[356,92],[113,-301],[261,746],[-120,947],[-157,-124],[-366,997],[-146,863],[124,417],[-278,385],[61,434],[-84,269],[-111,1143],[-343,398],[47,415],[307,304],[-314,333],[346,347],[-8,317],[197,208],[490,64],[24,312],[-329,626],[-69,519],[268,446],[272,62],[307,315],[123,383],[-50,424],[-305,604],[-93,335],[164,634],[-49,443],[284,346],[-23,648],[193,1221],[352,342],[66,358],[-126,384],[-619,1087],[-594,364],[-31,223],[90,987],[-216,381],[-152,628],[-782,871],[-140,383],[168,430],[-209,795],[77,331],[-233,502],[96,564],[249,112],[-112,448],[-488,162],[56,298],[379,-66],[223,497],[-324,365],[-10,288],[418,385],[118,396],[-194,178],[-189,688],[293,266],[42,632],[-228,888],[-325,-133],[-86,895],[-197,-311],[-304,12],[16,649],[266,5],[70,213],[-127,486],[34,353],[-226,603],[-198,170],[-198,718],[-205,174],[-368,-430],[-179,105],[-35,456],[78,522],[-416,63],[-406,246],[-169,483],[451,425],[1,534],[-233,163],[-38,292],[339,393],[37,652],[-246,471],[120,615],[-53,321],[426,1553],[-319,1059],[-601,673],[-454,1127],[-227,1589],[96,1831],[198,981],[44,1087]],[[629995,323275],[385,955],[38,1123],[86,535],[213,518],[-195,771],[292,937],[206,1410],[-62,513],[429,-251],[-159,512],[230,439],[-220,416],[-69,627],[230,137],[95,505],[147,221],[392,-398],[229,475],[57,569],[434,-326],[518,12],[249,193],[164,648],[197,474],[156,328],[-176,937],[-276,501],[-289,129],[-236,596],[774,-356],[392,459],[293,102],[217,294],[559,439],[378,27],[123,701],[190,314],[255,-140],[664,-79],[210,46],[362,542],[181,516],[179,-212],[31,-379],[289,-393],[210,95],[789,-25],[476,128],[200,586],[32,547],[-59,1044],[83,597],[121,298],[-10,310],[-259,935],[-318,110],[-299,606],[67,463],[-47,546],[-316,204],[-341,65],[-127,411],[-221,-91],[-421,473],[129,160]],[[674367,341580],[-387,-266],[-292,137],[-431,-456],[-299,99],[-192,-641],[23,-428],[-188,-270],[-382,-848],[-343,-1089],[-385,-671],[-174,-505],[-64,-1021],[-151,-518],[55,-474],[160,-223],[-5,-413]],[[671312,333993],[-166,297],[-465,443],[-954,-194],[-344,-471],[-523,-141],[-189,-315],[-446,-201],[-280,159],[-109,-311],[-561,-461],[-565,-163],[-113,-280],[-282,-84],[-513,101],[-484,-352],[-158,-422],[-299,303],[-345,136],[-20,470],[-118,269],[-451,-4],[-140,-358],[-171,-83],[-418,492],[-333,-231],[-444,595],[-159,-124],[-381,666],[-322,238],[-268,-232],[-385,439],[-460,340],[-179,-222],[-211,11],[-297,-278],[-354,-96],[-132,-344],[-347,-151],[-198,173],[-223,-151],[-84,-838],[-361,-17],[-162,150],[-77,-909],[-148,-111],[-262,329],[-240,-392],[277,-622],[-146,-478],[-377,63],[-257,-457],[-289,-340],[-148,-667],[-181,-191],[-288,14],[-229,-319],[-59,-437],[-162,-186],[-147,331],[-235,142],[-298,-144],[-129,-346],[182,-761],[-63,-251],[-488,-45],[-71,-264],[49,-579],[-219,-85],[-312,345],[-339,-254],[-136,350],[-166,-18],[34,-863],[-177,-69],[-178,383],[-236,-232],[-114,-529],[-265,-115],[-319,-559],[-380,-524],[-117,-422],[-212,-216],[-248,307],[-126,-259],[-191,-801],[153,-487],[-332,-1126],[-48,-545],[-130,-395]],[[840888,263171],[27,-840],[161,-1427],[162,-1144],[51,-1234],[118,-583],[23,-1053],[268,-637],[17,-377],[155,-253],[64,-654],[459,-1171],[133,-906],[190,-506],[340,-173],[255,-370],[302,216],[287,-630],[-140,-454],[-128,-1000],[-110,-276],[-191,-1330],[-255,-433],[245,-847],[496,-874],[207,-1504],[198,-349],[78,-443],[551,-155],[560,188],[150,-286],[328,-285],[255,-798],[-40,-348],[196,-243],[138,-694],[-53,-783],[-333,-544],[34,-272],[253,-455],[510,-603],[307,-543],[420,-1205],[370,-458],[184,-65],[222,-488],[196,-716],[797,-1094],[207,10],[243,-430],[833,-825],[-108,-210],[-741,-645],[-176,-361],[-276,-178],[-604,-615],[-244,-629],[-314,-549],[132,-983],[-12,-1105],[-89,-475],[-281,-248],[-275,-942],[-239,-401],[-80,-385],[-644,-575],[-282,-549],[-322,-1367],[-267,125],[-231,-191],[-398,-77],[-399,81],[-380,357],[-315,-15],[-335,243],[-669,33],[-556,-138],[-335,49],[-385,-300],[-358,-380],[-112,-441],[-385,-479],[-196,-495],[-620,-712],[-153,-495],[-88,-634],[-253,-475],[442,101],[512,-882],[165,-504],[88,-866],[158,-569],[454,-805],[134,-482],[227,-456],[677,-745],[622,-253],[248,-625],[263,-376],[35,-553],[-170,-524],[116,-310],[71,-1205],[4,-1091],[108,-1016],[-50,-669],[-193,-909],[-461,-632],[-278,-724],[-157,-660],[-288,-441],[-195,-619],[-74,-675],[95,-1202],[-406,-1317],[-68,-452],[489,-456],[240,-571],[301,-1007],[145,-681],[35,-783],[-162,-717],[-64,-745],[-144,-498],[-6,-556],[132,-974],[-161,-336],[-107,-919],[-98,-162],[-166,-986],[105,-450],[-282,-369],[-440,76],[-406,-205],[-525,-616],[-249,-451],[-567,-1599],[-279,-243],[424,-428],[342,-930],[114,-745],[150,-386],[878,-852],[439,-308],[422,-638],[856,-1392],[490,-10],[448,-378],[653,-285],[208,-187],[424,-149],[158,-256],[203,9],[156,-247],[52,-801],[119,-228],[252,-1029],[253,-159],[207,-656],[365,-256],[237,-1173],[179,-293],[355,-1211],[193,-800],[-163,-916],[16,-317],[-182,-637],[-576,-31],[-234,-157],[-171,-335],[-122,-745],[-100,-1358],[-200,-581],[-79,-726],[45,-600],[-8,-452],[-308,-465],[-323,-1855],[263,9],[289,-210],[486,-847],[195,-488],[972,-721],[506,-835],[-86,-595],[102,-659],[136,-269],[-306,-1388],[90,-510],[-199,-789],[-182,-272],[-547,-302],[-245,-562],[164,-1046],[243,233],[377,-327],[434,133],[234,-427],[162,-838],[292,-660],[-127,-1166],[125,-693],[-150,-774],[195,-1344],[-162,-428],[-91,-769],[37,-226],[-190,-467],[-394,-533],[-79,-988],[-135,-319],[151,-1461],[-136,-1209],[33,-666],[-190,-295],[-227,311],[-60,-874],[-363,84],[-262,-333],[-61,-504],[211,-610],[-190,-925],[-264,-174],[-141,-639],[-333,-898],[222,-758]],[[639127,296481],[353,-105],[137,162],[291,941],[264,346],[184,683],[355,535],[155,362],[273,65],[203,512],[466,66],[-151,528],[-418,85],[-65,432],[247,455],[-221,886],[270,194],[297,-217],[165,-305],[81,606],[147,348],[446,-167],[58,104],[-71,919],[331,417],[42,755],[-59,493],[-417,719],[12,268],[313,-96],[75,226],[-168,722],[-75,726],[161,529],[-33,1118],[271,343],[-178,369],[-126,1403],[-340,197],[-316,421],[-461,1046],[-109,793],[176,144],[290,-227],[164,200],[-96,849],[202,844],[602,877],[109,916],[334,395],[-78,836],[164,538],[-84,420],[-437,143],[-170,361],[-50,547],[179,358],[570,568],[198,611],[38,1315],[111,250],[155,981],[143,548],[464,368],[167,-40],[684,-538],[621,-825],[335,-212],[466,-54],[352,-541],[174,-747],[183,-393],[431,-404],[662,-804],[450,-719],[658,-749],[371,-164]],[[650054,320017],[501,-35],[410,330],[193,-16],[290,-599],[-39,-761],[-157,-130],[409,-644],[247,-144],[232,304],[114,-259],[-20,-1305],[169,-262],[187,93],[212,-540],[542,-139],[712,-495],[77,-687],[254,-567],[248,335],[235,-1418],[250,-903],[382,-647],[182,-174],[833,-28],[133,-541],[217,-161],[151,-368],[487,-615],[149,-511],[486,-673],[319,-24]],[[658459,308433],[-46,-373],[164,-443],[698,-417],[262,135],[186,-621],[458,-779],[143,-381],[3,-436],[-364,-666],[21,-565],[-344,20],[-390,376],[-132,-627],[305,-464],[67,-340],[-182,-559],[-393,-444],[-358,-46],[-332,786],[-325,350],[-115,466],[152,526],[129,778],[-26,410],[-234,-113],[-248,267],[22,-574],[-213,-393],[-380,-148],[-558,-39],[-141,-240],[194,-317],[5,-989],[-119,-516],[296,-596],[-202,-681],[194,-332],[-128,-804],[-260,-588],[37,-451],[-177,-646],[44,-627],[-60,-397],[-301,-471],[-249,-102],[-92,-440],[-402,-620],[-408,-149],[-323,-571],[81,-319],[293,-294],[506,-809],[275,-148],[116,-354],[210,-175],[218,-785],[136,-900],[219,-538],[329,178],[518,-221],[162,749],[486,32],[63,-373],[522,-446],[378,-911],[242,-173],[417,153],[295,-542],[389,132],[289,541],[98,-695],[167,-677],[169,-914],[-188,-733],[-22,-343],[319,-1645],[-15,-673],[187,-632],[-247,-911],[-59,-1093],[-117,-743],[34,-843],[-88,-1432],[43,-706],[-29,-875],[213,-586],[-2,-648],[264,-419],[66,-317],[-178,-357],[-38,-528],[-170,-319],[-351,-391],[-204,-785],[-390,-583],[-465,-938],[-387,-110],[-437,-663],[-145,-672],[-284,297],[-127,-152],[-164,-666],[-360,-206],[-128,-288],[-35,-466],[-211,-397],[-253,-130],[-181,-567],[138,-149],[136,-624],[180,-100],[862,297],[106,-387],[-139,-302],[-196,-71],[-296,-600],[-231,-235],[76,-263],[309,-31],[98,-648],[-225,29],[-274,-199],[-81,-267],[234,-894],[6,-377],[163,-343],[-26,-335],[-203,-151],[-155,-512],[1,-418],[-146,-826],[376,-691],[251,83],[337,-518],[161,-636],[7,-339]],[[511773,423754],[305,700],[98,736],[-315,1298],[-395,1177],[74,867],[-202,946],[-620,1043],[80,238],[-33,859],[94,909],[332,595],[702,427],[148,322],[49,764],[-199,573],[-541,915],[-246,1043],[211,791],[-352,597],[-95,500],[34,1124],[105,344],[-248,560],[-235,347],[-303,857],[69,385],[324,748],[108,544],[164,391],[-148,214],[-328,-9],[-251,260],[-444,205],[-153,748],[-270,656],[-497,19],[-641,-338],[-270,66],[-87,1106],[-331,443],[-13,428],[235,422],[174,-177],[412,251],[404,111],[145,581],[364,375],[187,758],[185,437],[307,1207],[-163,928],[75,642],[177,252],[-39,724],[93,689],[151,502],[-193,487],[82,247],[-7,557],[193,698],[-105,283],[106,317],[-158,440],[77,567],[166,266],[-176,951],[88,514],[-124,133],[72,785],[-228,684],[53,810],[-77,1292],[-339,432],[13,327],[-318,824],[-21,312],[-402,188],[-137,393],[-550,478],[-168,455],[-183,971],[-424,1046],[-344,558],[-95,305],[129,1332],[393,257],[231,506],[166,876],[170,313],[-132,355],[109,876],[123,373],[41,1402],[154,766],[320,542],[69,458],[445,619],[97,315],[-76,313],[11,652],[-79,1221],[161,963],[219,474],[178,1330],[221,1040],[184,333],[379,428],[275,914],[6,727],[-146,1349],[60,142],[62,1147],[-31,960],[-128,573],[-294,474],[-34,592],[-139,249],[199,1499],[284,962],[461,719],[405,511],[144,302],[18,976],[123,435],[169,1022],[311,872],[232,366],[277,-13],[245,453],[310,345],[418,243],[333,427],[115,406],[71,933],[100,385],[95,829],[-17,605],[-244,741],[126,561],[278,466],[419,343],[311,552],[269,130],[274,353],[459,362],[407,118],[93,466],[173,315],[95,451]],[[553790,517545],[327,-176],[738,-784],[768,-429],[402,-1151],[128,-515],[238,-518],[358,-470],[127,-899],[396,-1167],[312,-1414],[667,-567],[376,-94],[657,-359],[203,47],[567,410],[391,-181],[225,-512],[762,-391],[59,-316],[437,-441],[463,-852],[304,-949],[340,-1995],[246,-760],[196,-1082],[281,-470],[622,-567],[277,-539],[400,-615],[222,-832],[617,-1330],[104,-558],[407,-1290],[669,-1657],[-245,-696],[46,-707],[197,-953],[235,-410],[579,-623],[429,-957],[350,-666],[331,-344],[351,-756],[-232,-537],[-616,-1109],[-26,-466],[-367,-547],[-237,-700],[-260,-976],[-475,-164],[-514,122],[-380,-131],[-60,-377],[54,-1265],[-284,-671],[-42,-547],[111,-621],[-196,-281],[-340,-1213],[-496,525],[-103,-241],[3,-594],[167,-688],[9,-668],[-609,-601],[-8,-351],[-327,-923],[30,-479],[-205,-911],[4,-499],[-113,-594],[-431,-1115],[104,-464],[-106,-1696],[32,-551],[212,-113],[270,-1197],[-43,-638],[173,-1352],[-23,-766],[-202,-1019],[-1,-402],[-233,-946],[-190,-1090],[-341,-645],[-372,-542],[-53,-525],[-489,-1311],[-116,-892],[-188,-386],[-97,-651],[137,-1608],[-37,-297],[355,-1191],[89,-511],[45,-1426],[313,-885],[-28,-496],[-211,-745],[-199,-427],[-107,-720],[-353,-1570],[-204,-103],[-160,-337],[-796,-787],[-103,-885],[-509,-302],[-356,-1019],[-444,-560],[145,-339],[-115,-855],[-240,-184],[32,-378],[-139,-227],[-96,-516],[124,-524],[-223,-322],[-180,-500],[-203,-247],[-337,-172],[-99,-707],[-242,-182],[-311,32],[-196,-673],[-761,-152],[-99,-438],[-190,115],[-129,-250],[225,-470],[-548,-748],[-304,-78],[-519,-516],[83,-456],[-228,-354],[120,-450],[-154,-139],[-62,-451],[-447,-19],[30,-420],[-384,-77],[-345,-242],[-223,155],[-283,-129],[-205,-322],[-42,-306],[-306,-82],[-66,-860],[-387,-103],[231,-334],[-49,-716],[-210,-361],[-253,-23],[-106,-640],[197,-302],[14,-320],[-193,-438],[-336,-218],[-95,-587],[-471,-904],[-372,-303],[-285,245],[-869,-292],[-476,-755],[-765,-373],[-127,-191],[-161,-831],[-503,-614],[-228,93],[-786,-304],[-499,-103],[-371,-312],[-486,376],[-360,-302],[-919,358],[-133,368],[-275,191],[-275,-128],[-5,-358],[208,-1410],[310,-432],[367,127],[185,-162],[149,-688],[-363,232],[-108,-259],[165,-798],[343,-427],[-96,-379],[97,-791],[-323,-637],[221,-355],[-132,-455],[-502,-1244],[-318,599],[-234,22]],[[718031,190540],[-234,-334],[-178,-981],[-172,-299],[608,-1853],[391,-735],[654,-586],[227,-478],[53,-518],[313,-810],[311,-468],[1171,-908],[305,-305],[393,-706],[195,-977],[34,-647],[-87,-1056],[-280,-983],[-116,-1036],[116,-661],[967,-1854],[170,-904],[19,-666],[-171,-597],[-468,-1297],[-476,-913],[-289,-1057],[-346,-554],[-462,-171],[-274,105],[-557,35],[-291,197],[-242,-134],[-124,-285],[-130,-875],[53,-365],[223,-199],[559,392],[447,-556],[299,-912],[4,-574],[-159,-546],[-267,-613],[-343,-618],[-460,-687],[-209,-482],[-219,-779],[-244,-1363],[107,-1254],[231,-421],[-67,-1202],[-9,-1283],[-116,-625],[-342,-1422],[-168,-1302],[79,-1128],[-95,-1003],[-254,-1661],[150,-505],[1264,56],[38,-162],[-133,-1043],[-5,-1366],[-177,-423],[-204,-1003],[149,-1005],[-61,-911],[-209,-590],[33,-622],[70,-839],[-150,-951],[-507,-314],[-110,-704],[-217,-283],[-105,-351],[112,-443],[-128,-365],[-108,-1181],[-265,-721],[51,-588],[-25,-261],[-354,-1808],[80,-686],[-56,-632],[142,-637],[-482,-1120],[-160,-701],[65,-764],[221,-331],[466,-203],[707,-498],[172,145],[450,-191],[556,77],[-148,-500],[-24,-414],[200,-318],[-20,-626],[158,-398],[-42,-988],[43,-375],[192,-300],[-157,-876],[102,-205],[87,-878],[-131,-264],[22,-884],[-171,-284],[-179,-742],[205,-842],[-202,-229],[-73,-1004],[114,-1091],[-101,-1154],[-175,-558],[-217,-948],[-131,-278],[-9,-395],[145,-830],[-73,-230],[-292,126],[-83,-310],[237,-688],[-224,-1055],[-98,-807],[239,-363],[-108,-583],[-59,-1340],[-116,-180],[-235,53],[-234,-672],[-145,149],[-251,-454],[-113,-631],[-240,-607],[39,-407],[-57,-586],[20,-667],[-266,-747],[-394,-784],[-530,-765],[-703,124],[-174,-660],[22,-556],[-163,-636],[129,-576],[-67,-615],[-120,-284],[270,-413],[-5,-214],[512,-418],[396,-1013],[-85,-834],[54,-1025],[281,-851],[209,-204],[17,-867],[94,-311],[-30,-629],[-230,-123],[88,-694],[-167,-257],[8,-363],[-235,-72],[48,-540],[-103,-871],[-172,-262],[42,-526],[265,-366],[-336,-728],[173,-217],[120,-442],[238,-194],[43,-717],[385,-389],[29,-674],[479,-221],[463,-527],[262,-710],[136,112],[82,-664],[-90,-889],[-206,-541],[-51,-438],[-149,-177],[-626,-381],[-25,-335],[115,-385],[641,-382],[324,-82],[-185,-1818],[123,-696],[-169,-271],[-274,49],[-397,-244],[-428,-1211],[-509,-175],[-248,-402],[-141,-14],[-30,-521],[-313,-81],[-261,-257],[-116,-870],[-226,-425],[-228,306],[-366,39],[-139,-689],[-236,98],[-58,-480],[-178,-426],[-126,-609],[-466,67],[-293,-275],[-60,-295],[114,-504],[-173,-1460],[-886,152],[-52,-438],[-297,-527],[-150,-999],[172,-216],[235,181],[7,-994],[-195,-556]],[[711525,62175],[-200,1036],[-607,110],[-245,200],[-509,53],[-868,253],[-201,60],[-25,-1852],[-74,-500],[-975,125],[-608,154],[-148,289],[-1593,2662],[-238,2267],[-796,313],[-728,157],[-868,469],[-588,125],[-962,307],[-1180,1526],[-804,392],[-494,194],[-453,663],[-944,1709],[-114,511],[-563,843],[34,428],[152,35],[147,388],[86,1156],[96,353],[-327,132],[-217,327],[-254,17],[-207,604],[-351,566],[142,797],[-200,144],[-7,1772],[-141,348],[190,335],[-181,385],[-39,409],[215,1260],[5,1048],[-201,539],[161,191],[-53,695],[236,823],[-126,137],[-56,641],[155,331],[84,883],[123,758],[-151,142],[-90,563],[263,1016],[154,-13],[-3,583],[-99,360],[361,414],[-230,773],[114,453],[441,407],[-393,1876],[-261,1125],[473,3822],[111,1064],[196,2100],[-81,4198],[-357,711],[-364,973],[18,1287],[-946,2944],[-835,1087],[-1219,1805],[-1355,1146],[-1595,1533]],[[565656,262217],[135,845],[114,1128],[-77,575],[195,1131],[437,287],[150,-58],[295,209],[414,518],[299,-54],[49,517],[236,62],[355,722],[-76,784],[449,128],[370,472],[-53,499],[-198,238],[-377,-184],[-27,416],[299,320],[477,945],[-58,463],[-214,289],[9,268],[235,269],[261,90],[227,352],[-273,563],[137,493],[-171,519],[-37,426],[-185,432],[104,1293],[-209,813],[-47,468],[-247,911],[-250,530],[-116,434],[-541,1174],[-139,1029],[55,1206],[-245,1412],[-14,519],[117,820],[230,704],[26,446],[-86,627],[98,365],[143,1464],[-180,325],[-73,848],[-144,387],[182,799],[266,158],[347,999],[138,764],[362,464],[530,-233],[178,-446],[895,-672],[594,584],[580,1101],[201,280],[450,980],[246,750],[220,420],[568,832],[187,128],[305,632],[307,1434],[-48,293],[130,605],[-77,324],[-46,843],[268,269],[324,1540],[-217,194],[31,320],[-123,682],[12,559],[-198,344],[131,810],[-111,264],[-305,18],[-93,811],[143,570],[-43,336],[-217,322],[-458,238],[-383,-38],[37,615],[-70,652],[-348,369],[-169,330],[-148,719],[66,557],[380,880],[37,570],[262,310],[379,-152],[409,-25],[12,361],[-285,370],[-11,217],[389,627],[102,742],[451,257],[305,-213],[262,115],[697,-151],[87,-160],[-24,-551],[-389,-659],[84,-641],[306,138],[99,238],[277,-14],[403,189],[-31,342],[187,281],[29,517],[574,-185],[533,473],[248,-16],[325,266],[346,1181],[-22,735],[81,450],[-92,399],[338,-64],[338,142],[124,407],[403,359],[169,550],[101,905],[164,612],[336,646],[278,168],[463,829]],[[581303,324621],[389,-235],[220,-603],[-26,-1002],[79,-1105],[139,-636],[172,-181],[112,417],[364,421],[320,174],[250,810],[577,373],[184,439],[373,129],[277,710],[350,293],[112,466],[276,268],[221,503],[217,89],[518,-350],[298,-9],[666,-548],[543,-343],[545,-168],[600,-561],[431,-327],[548,-640],[277,-113],[515,-585],[345,-591],[385,-1008],[340,-448],[148,-46],[290,305],[216,507],[218,146],[237,491],[341,1323],[347,912],[275,368],[209,863],[216,401],[168,858],[211,283],[443,415],[195,352],[259,-130],[330,-439],[365,-287],[558,-214],[197,-626],[100,-655],[313,-76],[600,-437],[585,124],[275,-209],[370,76],[268,-76],[314,144],[338,-324],[222,-363],[339,-167],[554,495],[319,152],[8,714],[403,137],[342,397],[358,0],[506,309],[581,732],[47,1118],[318,685],[378,203],[295,-109],[513,340],[-2,453],[284,305],[856,-403],[519,-133],[370,63],[635,420],[392,-135],[422,-700],[563,-87],[219,-561],[618,-394],[148,-443],[306,1],[46,482],[259,336],[457,382],[112,324],[268,-450],[-31,-1217],[-145,-572],[98,-826],[179,-389],[1144,2163],[260,194],[479,-669],[-69,-441],[102,-176],[350,-18],[450,560],[-11,592],[147,979],[479,85],[292,379],[173,525],[366,406],[213,-132],[59,-334],[212,-137],[359,131],[329,863],[265,364],[531,-79],[288,-147],[701,-722],[94,-526],[231,-478],[516,-579],[262,-146],[718,-1161],[180,-550],[105,-320],[118,-1226],[185,-1008],[265,-54],[246,-242],[604,-340],[231,17],[254,-1181],[153,-340],[550,-245],[312,-578],[497,-225],[606,-126],[224,388],[509,329],[444,-446],[258,-24],[466,615],[307,558],[551,841],[239,198],[822,83],[867,247]],[[629995,323275],[22,-375],[159,-540],[409,-449],[536,-819],[697,-653],[206,-816],[571,-323],[397,-1046],[333,-447],[524,-492],[173,-567],[277,-50],[310,183],[193,-97],[433,-576],[226,-596],[-203,-465],[-60,-490],[-383,-697],[-197,-655],[-106,-929],[-197,-798],[-167,-385],[-71,-685],[89,-617],[278,-375],[402,93],[398,-406],[109,-432],[395,-379],[265,-1451],[-71,-611],[124,-672],[-79,-1554],[38,-255],[470,-769],[168,-830],[-205,-618],[-182,-183],[-77,-351],[-56,-1360],[122,-775],[354,-716],[678,67],[430,-62],[169,180],[378,-277],[449,-109],[129,-840],[275,-725]],[[639127,296481],[-290,-178],[-309,338],[-506,-532],[-276,-864],[-200,-372],[99,-721],[-331,-732],[-120,-798],[-135,-336],[140,-603],[-368,-723],[-569,-27],[-229,-679],[-255,-466],[-282,-947],[-237,-522],[564,-782],[292,-262],[247,165],[523,-206],[128,-231],[-20,-768],[287,-80],[348,73],[-72,-1793],[-312,-288],[-557,-133],[-344,-521],[101,-662],[1,-522],[-390,-197],[-163,-285],[-98,-555],[-235,-771],[394,-1135],[672,-1],[169,-595],[454,-295],[-80,-1392],[-332,-971],[187,-290],[207,-592],[-80,-949],[37,-553],[534,-698],[308,-520],[42,-262],[306,-477],[50,-234],[-152,-414],[305,-1161],[-42,-641],[404,-486],[206,-397],[617,-519],[532,330],[332,-297],[717,-411],[673,123],[461,-26],[338,160],[468,-333],[165,-399],[441,-775],[408,-219],[619,208],[379,-331],[356,-1065],[-202,-587],[77,-412],[320,-96],[657,464],[274,123],[571,-103],[360,-460],[128,-647],[216,-345],[379,227],[222,-6],[529,-532],[203,-460],[369,600],[309,-341],[470,-216],[164,-46],[1033,-945],[376,-143],[19,-526],[368,-734],[402,-234],[262,-15],[268,-590],[556,-601],[56,-575],[-92,-468],[138,-210],[396,-14],[179,173],[406,483],[256,106],[195,-403],[45,-854],[235,-402],[647,323],[388,-479],[97,450],[178,266],[231,-15],[322,-398],[145,693],[429,131]],[[658235,257066],[105,-475],[-44,-597],[199,-197],[224,412],[599,225],[30,550],[184,489],[311,127],[170,-217],[79,-481],[-161,-628],[44,-407],[906,-76],[357,-220],[210,-767],[269,-625],[-74,-895],[166,-1084],[321,-53],[343,1066],[343,537],[374,88],[234,-995],[39,-760],[162,-407],[176,-31],[270,497],[344,197],[127,-125],[115,-907],[181,-312],[67,-1182],[225,-422],[376,358],[131,-495],[-164,-475],[-285,-274],[-328,-3],[0,-684]],[[639897,213383],[-241,-434],[-433,211],[-372,-41],[-108,340],[-264,202],[-99,352],[136,858],[-469,730],[-334,1403],[-4,477],[-305,346],[-426,47],[-319,508],[-493,-23],[-280,-221],[-425,-548],[-174,-493],[-360,242],[-263,48],[-247,219],[-535,-367],[-385,172],[-249,515],[-739,-386],[-186,166],[-113,591],[-526,463],[-333,-228],[-171,-675],[-157,-220],[-512,-129],[-385,267],[-936,278],[-369,272],[-220,296],[261,470],[182,719],[-464,-71],[-214,-148],[-551,268],[-103,160],[-223,1063],[-416,163],[-426,386],[-413,-97],[-256,107],[-140,456],[-376,420],[-58,632],[-289,317],[-418,691],[-93,1378],[-71,457],[68,702],[-275,454],[-290,97],[-175,317],[-159,706],[-647,618],[-682,146],[59,726],[-251,1454],[-466,56],[-112,599],[29,415],[-190,785],[-4,1241],[-143,512],[-130,341],[-579,204],[-266,-92],[-197,159],[-313,17],[-227,277],[-84,744],[-478,892],[-57,400],[-488,928],[-133,905],[-130,450],[-105,943],[138,337],[8,1281],[-113,966],[-189,191],[87,774],[-402,393],[-124,658],[-239,197],[-977,434],[-345,-29],[-469,234],[-482,-838],[-45,311],[-234,-14],[-122,-264],[-313,23],[-156,232],[8,384],[-274,197],[-73,285],[-429,-261],[-109,-339],[-287,17],[-160,-323],[-239,95],[-247,-171],[-91,-311],[-123,-304],[-375,61],[-168,-264],[-368,-197],[-282,332],[-89,392],[-176,37],[-229,-299],[-582,-156],[-375,-366],[-47,-344],[120,-478],[-75,-413],[-345,374],[-329,56],[-344,371],[-403,-217],[-153,61],[-518,-447],[-434,693],[45,611],[-132,619],[52,303],[-137,359],[-37,446],[-214,-162],[-163,212],[-207,-75],[-165,-390],[-267,-25],[-395,-465],[-530,187],[-396,-220],[-302,-822],[-28,-477],[-234,41],[-505,-290],[-247,272]],[[511764,617226],[178,-295],[284,-114],[665,40],[306,-298],[517,17],[429,-209],[509,48],[630,-37],[455,1226],[613,504],[343,0],[324,-758],[444,-488],[39,-712],[173,-691],[567,-286],[467,-461],[459,-634],[151,-925],[628,-676],[674,-386],[121,-175],[683,-230],[228,-277],[615,-210],[515,162],[642,-571],[193,-816],[148,-339],[379,-64],[278,295],[459,192],[254,362],[42,640],[686,941],[230,134],[244,-216],[360,-906],[636,-895],[487,-1039],[18,-217],[455,-2],[637,544],[479,-186],[635,821],[287,-64],[654,-579],[258,-94],[540,-21],[414,-184],[608,-462],[651,-848],[250,-243],[495,-98],[101,-197],[-75,-615],[26,-984],[-262,-1028],[-481,-326],[-378,-628],[-79,-321],[145,-452],[23,-1123],[408,-85],[227,-275],[443,17],[603,368],[196,232],[297,81],[264,-179],[577,-1344],[389,-547],[213,-22],[643,-594],[-508,-1240],[-145,-632],[155,-1391],[-3,-600],[101,-769],[313,-592],[522,-718],[799,-696],[-145,-786],[-29,-797],[219,-654],[26,-346],[-262,-637],[-493,-833],[-283,-890],[-110,-832],[615,-500],[573,-200],[693,-409],[315,-1107],[384,-638],[21,-541],[129,-562],[289,-457],[446,221],[435,-245],[540,-507],[353,-484],[575,46],[212,-446],[20,-370],[183,-619],[347,-311],[373,-1101],[286,-161]],[[544426,578620],[-132,-512],[-454,-1043],[-299,-1028],[-51,-934],[-294,-439],[248,-165],[546,-734],[196,-403],[293,-1200],[536,-1133],[217,-337],[313,-783],[454,-187],[580,-346],[730,-50],[494,-297],[167,-856],[-53,-469],[-222,-430],[-402,-440],[-145,-700],[-24,-1095],[-157,-1001],[127,-590],[1023,-2075],[49,-289],[-174,-1762],[-298,-444],[34,-350],[213,-590],[544,-289],[438,-143],[358,-314],[109,-578],[217,-610],[-29,-698],[264,-1194],[358,-1061],[375,-330],[85,-424],[-213,-543],[-7,-1174],[44,-1340],[-75,-310],[51,-909],[85,-469],[20,-781],[-55,-1207],[665,-2261],[115,-845],[143,-323],[-85,-1354],[37,-492],[197,-778],[76,-835],[-398,-1855],[523,-748],[-232,-608],[-197,-222],[-52,-318],[285,-427],[373,-107],[436,85],[325,-606],[-57,-1065],[35,-657],[-43,-840],[175,-399],[-83,-799],[45,-439],[513,-1002],[137,-680],[183,-463],[72,-459],[-48,-1114],[158,-860],[149,-282],[130,-661],[-499,-935],[11,-495],[-179,-640],[30,-658],[204,-879],[-285,-1994],[189,-631],[232,-373]],[[553790,517545],[-453,-996],[-349,-544],[-683,-522],[-484,-543],[-278,-185],[-1342,-168],[-700,87],[-149,487],[-261,-89],[-630,-451],[-559,-592],[-966,-590],[-406,-365],[-270,77],[-555,-143],[-227,-253],[-320,-58],[-863,-296],[-523,1578],[-24,597],[-421,216],[-409,374],[-321,761],[-96,521],[-212,304],[-275,786],[-242,330],[12,373],[-259,986],[-343,450],[-501,2074],[-466,458],[-878,1188],[-1059,799],[-612,-163],[-534,137],[-272,-594],[-221,-160],[-307,-564],[-369,-346],[-427,-1918],[-88,-606],[-174,-392],[-74,-722],[82,-1139],[-39,-1406],[-247,-1503],[-198,-272],[-387,-759],[-316,-740],[-183,-221],[-231,-603],[-263,-200],[-506,-837],[-423,42],[-514,261],[-1267,524],[-174,158],[-530,116],[-267,-159],[-103,-350],[275,-624],[75,-608],[-478,-27],[-199,-142],[-340,168],[-665,-305],[-228,23],[-418,259],[-592,-191],[-605,117],[-317,-329],[-507,16],[-129,181],[-259,-126],[-945,102],[-332,-442],[-486,-292],[-512,-19],[-654,-116],[-610,-427],[-447,-137],[-188,211],[-448,212],[-264,-115],[-596,-728],[-352,-61],[-211,195],[-736,163],[-205,143],[-254,966],[-230,376],[-719,957]],[[517058,511180],[55,932],[787,1816],[346,714],[-567,134],[-48,266],[-259,297],[-81,322],[-278,521],[-263,766],[-588,401],[-352,-33],[-317,-504],[-411,66],[-621,545],[-355,-58],[-515,75],[-641,337],[-361,34],[-448,-336],[-332,-428],[-738,470],[-144,660],[-887,-97],[-263,131],[-419,470],[-632,248],[-349,-258],[-692,481],[-436,-75],[14,839],[-141,531],[-39,799],[100,504],[-239,660],[-166,793],[-497,-167],[-438,171],[-236,461],[-260,243],[-266,452],[-318,217],[-701,-11],[-233,324],[-230,762],[-322,62],[-510,849],[-194,856],[-676,1092],[-106,427],[-659,1065],[-150,1095],[-179,162],[-864,-877],[-298,-186],[-572,-64],[-432,533],[-633,128],[-451,-79],[-156,75],[-1210,108],[-510,243],[-535,-71],[-411,161],[-241,-192],[-472,885],[-375,225],[-346,439],[-481,836],[-543,1588],[-313,346],[-269,519],[-214,983],[-189,302],[-629,124],[-595,654],[-429,-32],[-555,505],[-351,132],[-500,534],[-407,232],[-638,973],[-620,543],[-437,903],[-161,576],[-290,542],[-302,-158],[-1025,-174],[-666,-268],[-517,220],[-297,-127],[-580,448],[-491,1518],[-343,751],[-681,776],[-373,86],[-230,189],[-365,554],[-232,570],[-486,-148],[-877,2],[-386,-206],[-344,-396],[-612,-264],[-336,0],[-448,165],[-420,538],[-320,234],[-533,139],[-629,54],[-698,-154],[-379,236],[-858,-16],[-464,191],[-749,25],[-624,-87],[-202,55],[-503,585],[-544,478],[-153,43],[-431,486],[-326,-23]],[[895100,121649],[297,8],[258,-218],[697,-12],[839,-680],[549,-47],[654,605],[401,139],[507,642],[333,562],[-43,210],[195,496],[76,726],[243,459],[74,471],[381,562],[433,-70],[619,-529],[566,441],[636,269],[243,458],[663,251],[363,264],[266,-107],[292,-493],[30,-292],[222,-501],[289,-234],[197,478],[723,-257],[488,127],[251,-126],[469,119],[378,-273],[229,-561],[-5,-686],[170,-129],[754,915],[78,434],[201,38],[81,-424],[245,273],[964,-285],[32,787],[154,474],[189,-236],[273,110],[46,347],[552,53],[189,-143],[56,485],[301,475],[205,163],[258,-29],[506,-461],[203,-93],[413,71],[328,749],[490,-399],[149,-535],[22,-493],[-82,-646],[52,-477],[190,-631],[-130,-89],[150,-584],[739,906],[643,211],[422,-291],[451,-772],[189,-148],[339,64],[86,582],[273,668],[162,-220],[256,382],[363,-25],[301,-214],[303,-17],[267,-1],[301,233],[472,-235],[493,305],[545,-514],[248,-735],[157,-201],[854,-125],[383,208],[166,414],[302,446]],[[926062,124682],[222,-731],[693,-1223],[511,-261],[451,-597],[-65,-388],[287,-310],[235,-456],[245,-124],[91,-402],[405,-524],[130,94],[289,-482],[421,-208],[339,374],[117,-710],[366,-476],[168,-803],[759,-607],[258,277],[231,-626],[81,-511],[155,-254],[11,-719],[92,-823],[407,-47],[179,-467],[259,-86],[247,-315],[-37,-546],[-216,-998],[189,-52],[57,-505],[-178,-435],[-198,-83],[-273,-736],[2,-728],[485,-713],[126,-601],[122,-130],[280,129],[94,-370],[233,9],[178,-274],[312,135],[315,-676],[633,-844],[67,-729],[-276,-492],[-96,-558],[-146,-316],[16,-479],[-288,-795],[-237,-137],[-355,-730],[-101,-793],[-290,-300],[-203,-408],[202,-348],[856,-529],[183,-314],[-40,-492],[392,-358],[340,452],[430,-313],[153,282],[215,833],[335,-385],[292,91],[51,-824],[-452,-721]],[[936818,97496],[-265,-398],[-132,-387],[-267,-1540],[10,-1132],[-102,-498],[-331,-840],[-387,-692],[-871,-1126],[-1023,-842],[-553,-733],[-149,-1269],[0,-868],[-83,-595],[-11,-1596],[-175,-801],[99,-462],[-183,-847],[209,-790],[-30,-354],[-281,-514],[-66,-664],[-188,-745],[-183,-342],[-151,-540],[-30,-1002],[-331,-464],[-40,-692],[52,-473],[-35,-780],[-82,-317],[-32,-817],[29,-910],[259,-803],[38,-593],[408,-426],[293,-1012],[17,-260],[308,-589],[177,-531],[26,-910],[-128,-838],[233,-1095],[-59,-981],[108,-443],[-107,-457],[-336,-583],[-448,-572],[-154,-547],[190,-598],[-243,-1139],[-371,-363],[-257,-96],[-251,90],[-139,-427],[50,-574],[-52,-336],[106,-774],[58,-379],[317,-907],[-136,-430],[-598,-341],[-37,-182],[403,-558],[218,-582],[-19,-982],[6,-2056],[74,-1175],[52,-351],[341,-792],[106,-548],[56,-889],[-102,-795],[-321,-904],[-84,-1524],[-148,-1172],[9,-367],[244,-1105],[-94,-1648],[152,-1568],[-59,-646],[210,-863],[87,-874],[312,-439],[110,-330],[35,-802],[-32,-679],[35,-1474],[95,-652],[266,-952],[749,-1123],[235,-549],[24,-374],[-352,-1555],[12,-404],[222,-842],[317,-639],[583,-417],[593,-634],[208,-374],[-96,-1980],[450,-1340],[399,181],[33,-346]],[[935837,21247],[-191,-7],[80,-4742],[-3446,-2410],[193,-2998],[-2993,78],[-1884,-887],[-605,-2183],[-376,-71],[-2088,304],[-18,680],[171,828],[-118,697],[4,398],[-483,189],[-1218,584],[-2550,2346],[-586,2711],[-64,392],[-1321,609],[-313,134],[-2176,2043],[-16,219],[-2562,1104],[-555,215],[-1425,358],[-1571,615],[-530,-282],[-371,-207],[-1797,-1315],[-196,31],[-1875,-2581],[-1060,71],[-1836,-482],[-1001,-172],[-923,-231],[-1526,-2916],[-896,248],[-567,-1646],[-957,-3167],[-372,-3895],[608,-2684],[-692,-1274],[-605,-1017],[-831,-934],[-494,902],[-891,993],[-959,1121],[-1046,1796],[-127,938],[-1352,-1261],[-1401,1735],[-57,72],[-846,-255],[-1247,-14],[-802,305],[-176,2840],[4,576],[131,562],[-15,1665],[92,1995],[-684,957],[-533,437],[-173,-183],[-258,86],[-362,-286],[-247,502],[24,429],[-353,208]],[[229932,748942],[-634,613],[11,347],[-214,558],[-310,195],[-555,-32],[-457,-205],[-630,197],[-327,292],[-310,-37],[-665,288],[-342,-109],[-568,-491],[-379,79],[-281,-222],[-389,587],[-400,762],[-564,406],[-478,1112],[-195,352],[-150,930],[-295,-290],[-384,36],[-314,-193],[-314,414],[-276,131],[-222,-159],[-849,168],[-367,157],[-557,-253],[-224,-223],[-285,-654],[-356,-55],[-345,272],[-353,-530],[-287,-189],[-488,141],[-1071,-67],[-293,-309]],[[214815,752961],[49,582],[-29,596],[-138,1049],[12,820],[-184,574],[-226,1637],[-548,1350],[-131,656],[-328,1020],[-205,305],[-537,1337],[-198,639],[35,608],[-256,356],[-372,203],[-353,-284],[-346,299],[-695,301],[-499,-68],[-618,484],[824,973],[209,-2],[491,-321],[589,174],[147,242],[-51,371],[-397,1067],[77,605],[394,546],[162,1045],[409,884],[210,147],[429,26],[187,163],[68,354],[-134,899],[-218,671],[30,684],[392,1766],[407,774],[83,274],[178,1714],[-46,1581],[-58,898],[38,393],[-76,568],[92,636],[-153,655],[-190,380],[-172,915],[-557,1359],[-27,260],[158,738],[-154,694],[-219,168],[-492,-18],[-735,599],[-271,468],[-238,1001]],[[210634,789776],[89,1321],[254,1272],[207,493],[338,138],[280,335],[20,502],[169,542],[650,630],[123,-9],[630,-574],[177,-270],[305,-168],[556,-55],[526,-218],[324,-20],[334,287],[242,52],[371,-264],[409,-469],[469,-92],[212,133],[188,145],[315,-90],[670,7],[697,298],[406,-147],[377,-406],[389,-76],[438,1018],[318,601],[415,554],[530,1165],[502,175],[259,504],[45,617],[-59,662],[149,517],[303,586],[-4,606],[84,345],[537,686],[155,108],[87,408],[-99,465],[127,699],[196,548],[313,570],[172,730],[282,319],[621,94],[520,-197],[471,-304],[439,-715],[173,-152],[975,145],[275,169],[92,250],[-123,986],[151,706],[176,391],[434,143],[357,271],[224,445],[214,5],[268,-445],[279,-664],[365,-60],[520,308],[343,253],[542,725],[353,703],[280,295],[331,546],[499,638],[192,107],[382,648],[511,433],[659,707],[418,576],[518,512],[332,191],[447,812],[188,154],[176,423],[386,1371],[200,245],[-90,643],[373,591],[285,229],[112,302],[146,984],[40,777],[182,162],[526,769],[373,812],[113,396],[573,215],[209,530],[355,287],[213,-131],[233,204],[133,519],[69,672],[373,332],[259,556],[886,167],[192,236],[253,43],[626,-668],[525,-37],[569,-454],[-110,-562],[255,-1220],[-59,-767],[-194,-875],[219,-904],[304,-349],[236,-80],[292,-451],[-139,-682],[215,-829],[284,-748],[276,-497],[209,-190],[330,317],[353,-194],[102,-725],[-103,-229],[149,-874],[371,-684],[176,-199],[322,-25],[363,-360],[196,-393],[34,-446],[-126,-302],[134,-754],[-142,-422],[116,-290],[615,-264],[347,-525],[-10,-501],[-377,-853],[217,-458],[1,-538],[213,-329],[76,-502],[-100,-479],[-32,-1453],[192,-171],[65,-722],[169,-338],[549,-641],[95,-830],[366,32],[102,-309],[-402,-1136],[19,-287],[-498,-590],[-162,-894],[-291,-771],[-6,-709],[512,615],[603,304],[974,386],[639,599],[469,92],[478,279],[228,-10],[291,231],[698,175],[514,915],[207,640],[134,662],[258,286],[156,-21],[398,530],[487,-244],[384,-58],[181,-483],[590,-264],[531,474],[491,218],[230,274],[554,93],[98,-262],[416,-294],[505,-679],[175,302],[310,166],[246,398],[158,655],[313,155],[286,-459],[244,-194],[299,22],[184,-261],[607,-122],[429,807],[-40,756],[56,301],[301,-35],[866,331],[296,-132],[401,-376],[172,350],[162,976],[-21,251],[-355,674],[-185,610],[328,698],[73,542],[-30,475],[-509,525],[-44,1158],[46,1235],[190,1307],[398,-270],[646,60],[557,-119],[505,207],[490,554],[385,99],[496,398],[226,-203],[62,-572],[563,-740],[537,-448],[373,-140],[378,-293],[387,-170],[652,702],[662,246],[200,263],[402,-44],[396,810],[506,651],[166,517],[375,297],[472,1381],[472,-387],[331,-46],[812,149],[249,241],[670,132],[194,426],[495,375],[544,-227],[695,-443],[438,-1475],[281,-405],[775,-656],[316,309],[886,-202],[307,-254],[289,-550],[108,-29],[226,-640],[421,35],[499,-278],[462,-38],[293,157],[55,360],[279,873],[318,208],[624,1542],[852,1022],[151,277],[228,892],[-250,385],[-74,490],[19,633],[90,323],[11,744],[344,799],[-276,557],[-345,463],[-115,688],[-53,1051],[-262,749],[-529,873],[-63,1248],[-278,702],[-111,808],[15,416],[298,513],[616,371],[330,642],[477,528],[115,1836],[-472,1621],[-578,356],[-110,708],[5,780],[-110,310],[149,817],[17,1101],[-333,700],[520,1245],[146,121],[482,-458],[312,-143],[238,114],[553,-187],[418,-266],[474,1108],[582,-50],[295,106],[336,310],[311,812],[-7,838],[142,760],[-22,258],[-336,1091],[-202,816],[-688,759],[40,1045],[646,1043],[38,2843],[-91,1268],[260,256],[385,202],[196,-360],[239,-168],[355,59],[172,-124],[478,165],[380,13],[353,356],[446,309],[122,400],[-62,1759],[-394,1009],[54,1150],[-589,745],[-713,436],[-135,560],[643,1310],[107,424],[280,405],[424,-54],[72,210],[887,92],[160,373],[139,1058],[369,192],[195,348],[-59,1118],[-282,787],[-161,1028],[131,377],[584,346],[466,410],[278,570],[381,235],[375,576],[607,1502],[96,537],[247,461],[124,704],[19,951],[59,261]],[[299528,872565],[199,-322],[606,530],[511,189],[306,297],[518,679],[230,580],[223,213],[534,1332],[341,1321],[420,910],[269,43],[520,-662],[443,-327],[594,-634],[611,-274],[246,-738],[480,-487],[199,-25],[545,-596],[244,-123],[-54,-509],[10,-892],[248,-732],[-159,-766],[19,-317],[219,-605],[165,-1164],[-8,-529],[435,-568],[184,-763],[226,-294],[406,-274],[76,-283],[297,-481],[360,120],[239,-165],[114,-600],[332,-1082],[101,-894],[101,-411],[455,-665],[253,-701],[4,-681],[256,-764],[457,-1105],[-24,-423],[114,-489],[764,-1109],[709,-729],[750,-587],[446,-75],[457,-230],[348,-21],[368,-237],[496,-453],[247,-351],[341,-794],[33,-718],[-182,-505],[-94,-525],[-171,-259],[-729,-761],[-260,-691],[-22,-425],[127,-1003],[-169,-297],[-376,46],[-563,-247],[-135,-144],[-353,-1285],[121,-941],[282,-328],[510,-66],[563,-301],[1012,-338],[397,352],[476,194],[256,496],[904,40],[237,648],[571,372],[449,-368],[187,496],[300,215],[346,44],[404,-205],[993,881],[91,623],[193,626],[236,107],[275,361],[376,-109],[432,430],[411,-541],[214,-730],[198,-1167],[173,-416],[407,-581],[242,-570],[582,-220],[501,266],[337,-58],[288,-305],[307,-699],[8,-1017],[130,-756],[186,-675],[32,-427],[365,-1261],[222,-460],[325,-284],[-23,-234],[-302,-529],[-522,-620],[-186,-1233],[-324,-419],[-774,-425],[-605,-766],[-249,-649],[-489,-486],[-366,17],[-617,567],[-397,-350],[-453,-528],[184,-1216],[64,-1056],[-211,-536],[-972,-1483],[331,-810],[2,-748],[77,-862],[420,-557],[548,116],[361,371],[263,80],[547,392],[451,915],[596,-103],[373,-569],[639,1062],[465,-317],[477,326],[315,15],[410,-403],[207,-63],[671,190],[394,-779],[522,-170],[174,-378],[424,-465],[182,-483],[31,-813],[385,-1652],[-59,-590],[418,-681],[230,-542],[15,-1437],[-74,-663],[-184,-448],[-225,-185],[942,-689],[447,-169],[575,-608],[388,116],[785,-688],[539,-644],[585,-261],[1027,582],[604,90],[858,-164],[252,-617],[157,-595],[20,-561],[-134,-737],[-149,-361],[-506,-895],[88,-793],[148,-438],[92,-708],[121,-338],[305,-357],[540,-1038],[199,-154]],[[339991,810138],[43,-760],[-185,-1598],[37,-906],[199,-817],[133,-829],[-113,-838],[37,-1047],[-105,-421],[-83,-1343],[25,-1317],[-159,-340],[-339,-429],[-329,540],[-420,-229],[-363,-460],[-132,-710],[-373,-513],[-710,-525],[-535,383],[-158,-40],[-230,-495],[-261,-1305],[-1,-1132],[290,-2176],[-85,-922],[59,-306],[340,-371],[43,-668],[244,-821],[-15,-504],[545,-962],[-60,-605],[64,-560],[431,-465],[-46,-1142],[-191,-321],[89,-484],[274,-774],[129,-702],[228,-535],[24,-1075],[144,-518],[-78,-307],[11,-589],[87,-410],[348,-390],[175,-864],[-420,-691],[-269,-201],[-368,-26],[-200,221],[-209,-225],[-154,-444],[-318,-507],[-72,-530],[-468,-902],[-241,-1192],[-107,-737],[-453,-456],[-26,-418],[-414,-891],[-480,-1198],[18,-627],[203,-325],[-42,-724],[-438,-670],[-165,-387],[-525,438],[-405,8],[-1054,-395],[96,-699],[-340,-117],[-487,-24],[-544,-133],[-857,-753],[-333,118],[-669,-224],[-886,277],[-527,-1357],[14,-317],[-252,-519],[52,-659],[152,-366],[63,-492],[-45,-851],[-241,-801],[-27,-572],[-306,-1000],[46,-275],[414,-481],[438,-936],[485,-633],[69,-265],[-73,-616],[-705,-1538],[-69,-586],[-263,-486],[-140,-809],[8,-801],[-747,-768],[-258,-353],[276,-774],[-153,-440],[-9,-639],[-286,-504],[-107,-696],[-369,-406],[-558,-150],[-584,-553],[-332,354],[-183,3],[-502,-507],[-491,-313],[-248,-414],[-216,-568],[-94,-721],[34,-396],[173,-526],[-19,-434],[-439,-569],[-603,-372],[-285,-593],[-94,-565],[-616,-576],[-299,221],[-532,84],[-364,-229],[-228,-587],[17,-981],[-836,-1104],[-544,-510],[-686,-795],[-197,696],[-333,725],[-364,500],[-613,231],[-372,290],[-387,654],[4,968],[197,835],[80,1084],[82,292],[-75,1141],[-30,1490],[-400,607],[-330,-183],[-754,-158],[-385,111],[-278,-141],[-570,15],[-254,93],[-785,-189],[-279,-388],[-309,-4],[-363,319],[-325,-138],[-154,-373],[-123,-744],[-251,-291],[-835,-558],[-967,-289],[-528,-237],[-407,-53]],[[306998,742666],[-161,339],[-447,218],[-283,337],[-296,530],[-727,639],[-138,187],[-677,32],[-477,211],[-844,146],[-170,-136],[-353,29],[-454,-247],[-134,-332],[-410,240],[-89,529],[-111,1696],[-20,857],[-173,744],[-281,232],[-308,694],[17,317],[-319,856],[-45,1530],[-241,1566],[199,325],[-22,1012],[123,702],[362,763],[-56,529],[-187,337],[-363,368],[-73,479],[23,888],[160,846],[-193,1005],[-247,931],[-296,499],[-778,-547],[-116,-199],[-89,-575],[-251,-605],[-563,11],[-95,-902],[-382,-604],[-315,-52],[-124,-493],[-250,-549],[-264,-174],[-440,-659],[-459,-304],[-408,-629],[-623,-610],[-121,-196],[-118,-1671],[-138,-736],[-321,-1053],[-356,-209],[-223,-555],[-218,-248],[-1126,-605],[-395,515],[-328,902],[-151,-120],[-958,-220],[-233,385],[-529,454],[-31,819],[-172,509],[-7,850],[151,597],[-23,282],[-435,1233],[-333,583],[-126,657],[-164,336],[-110,831],[-321,500],[-246,634],[-43,750],[-305,1033],[-60,685],[-314,1075],[-566,874],[-239,-49],[-127,-381],[-294,-389],[-608,-382],[-445,-782],[-184,-579],[-347,-16],[-370,-185],[-668,330],[-796,197],[-853,340],[-103,202],[-287,1365],[-167,235],[-173,680],[-724,-31],[-495,346],[-152,606],[-817,-145],[-626,-194],[-275,-441],[-351,-47],[-237,-208],[-310,-1056],[-163,-726],[-185,-524],[-483,-33],[191,-685],[-163,-1303],[121,-587],[-25,-374],[431,-513],[112,-509],[-492,-1121],[-358,-624],[329,-1469],[-55,-785],[-141,-411],[-470,-784],[-2,-370],[319,-1037],[-114,-488],[-331,-250],[-17,-756],[-182,-487],[-291,-208],[-552,-106],[-525,595],[-595,-175],[-198,-201],[-719,21],[-318,718],[-516,-264],[-207,-618],[-419,-866],[-275,56],[-239,-340],[-315,-225],[-229,-345],[-319,-208],[-896,1333],[-473,-632],[-206,-622],[-627,-661],[-422,-15],[-241,-198],[-232,-470],[183,-484],[26,-680],[-125,-362],[-44,-683],[-602,-1363],[-169,-672],[-60,-643],[-253,-232],[-249,717],[-158,199],[-624,-43],[-168,-331],[-385,-94],[-412,379],[-474,146],[-670,-733],[-292,-414],[-171,-47],[-400,198],[-273,1392],[-392,659],[-380,203],[-124,85],[-299,-290],[-858,326],[-514,636],[-454,1485],[-155,347],[-528,348],[-250,-87],[-116,270],[-225,15],[-166,1006],[-352,1164],[274,707],[93,470],[385,924],[-240,861],[-116,645],[-7,991],[-127,675],[-195,343],[-255,74],[-489,380],[-146,793],[-217,833],[-425,34],[-271,-652],[-517,225],[-296,-187],[-69,-227],[-670,-381],[-225,53],[-567,-1384],[-267,-169],[-343,87],[-77,277],[-351,91],[-359,750],[-182,157],[-10,640],[-111,869],[-149,222],[41,451],[-133,704],[-681,1262],[-376,352],[-603,195],[-442,-135],[-624,168],[-533,-506],[-388,-487],[-449,-132],[-223,573],[-324,283],[-553,322],[-432,-164],[-418,-155],[-224,-425],[-328,-382],[-377,-604],[-444,-1487],[-272,-514],[-290,-96],[-401,180],[-306,-231],[-77,-448],[-156,-111],[-361,-849],[-142,40],[-61,512],[-151,246],[-205,817],[-205,550],[-299,415],[-532,43],[-353,-541],[-158,-27],[-463,319],[-334,-28],[-317,293],[-506,79],[-657,-135],[-199,-664],[258,-454],[-63,-781],[-199,-441],[-414,-234],[-210,-718],[33,-574],[-278,-462],[-610,-1704],[-64,-443],[-549,-574],[-400,-133],[-425,41],[-199,-134],[-260,83],[-288,-138],[-481,18],[-164,185],[-512,55],[-349,-349],[-374,-967],[-172,-248]],[[421014,592181],[-21,1306],[105,342],[57,818],[-59,834],[-257,926],[-45,999],[-618,1197],[-48,1704],[372,1294],[99,592],[-30,402],[-324,597],[-40,411],[129,584],[-31,439],[64,649],[335,257],[726,202],[280,-61],[426,-701],[236,-198],[475,858],[-45,800],[74,547],[356,704],[169,744],[-85,1267],[23,710],[-337,1400],[-228,386],[-213,973],[311,498],[227,759],[366,707],[438,557],[296,202],[293,364],[234,639],[403,900],[436,704],[171,669],[238,363],[163,1257],[518,228],[319,435],[243,528],[303,336],[212,710],[567,961],[402,1225],[400,831],[202,220],[259,604],[168,1002],[-79,1117],[176,579],[360,107],[662,-471],[282,373],[355,926],[334,1259],[499,289],[323,755],[127,747],[-118,888],[466,667],[205,870],[20,666],[-81,440],[296,1178],[161,78],[213,634],[170,175],[622,337],[138,-57],[395,-720],[173,-541],[176,-92],[412,67],[141,661],[591,1151],[66,1192],[-38,840],[-100,446],[311,2002],[-331,889],[-256,1265],[391,404],[138,434],[-292,930],[148,1005],[-45,670],[-285,1118],[-4,538],[432,1039],[211,820],[142,485],[-17,1267],[-83,1006],[146,965],[127,330],[760,475],[543,0],[59,132],[-24,841],[-218,1240],[72,1079],[116,987],[-40,223],[-353,370],[-86,499],[-459,890],[-380,309],[-518,738],[-137,417],[33,745],[143,259],[515,-158],[224,691],[424,515],[354,904],[183,112],[743,93],[1214,-785],[455,87],[233,508],[92,641],[-207,764],[-36,574],[135,1157],[411,558],[410,234],[231,403],[286,77],[616,-344],[583,-23],[518,140],[430,-67],[-148,365],[105,1324],[-126,571],[-459,1011],[74,412],[30,843],[-73,748],[157,475],[-82,414],[-372,844],[-1162,789],[-101,1070],[64,834],[-107,388],[443,885],[-12,394],[-391,734],[-623,642]],[[441950,685618],[143,157],[449,1032],[167,738],[-429,422],[-240,401],[-42,1283],[94,581],[-96,811],[-221,365],[-8,960],[517,-14],[368,345],[436,259],[158,199],[315,-46],[554,167],[545,589],[586,717],[569,1005],[961,2201],[200,631],[314,1389],[237,377],[432,237],[330,674],[278,1114],[172,-21],[688,-352],[439,-358],[743,433],[332,378],[253,-2],[717,-184],[262,319],[706,-494],[188,109],[521,-90],[290,-294],[273,65],[571,-602],[327,16],[434,168],[363,709],[46,617],[268,68],[440,284],[218,-116],[141,-529],[218,-170],[658,370],[467,370],[193,371],[625,253],[-15,712],[580,657],[29,386],[-217,406],[-151,1263],[-271,988],[-188,882],[-178,390],[80,955],[291,583],[58,489],[404,-42],[232,151],[179,450],[475,421],[211,827],[164,373],[-362,932],[479,735],[99,312],[10,743],[550,173],[725,7],[353,-737],[509,-393],[599,669],[484,-666],[691,186],[345,-335],[209,117],[620,878],[235,1882],[521,262],[468,333],[785,125],[372,487],[809,423],[577,751],[315,220],[1306,-317],[340,1145],[488,532],[641,-554],[619,-198],[585,155],[518,-709],[425,-455],[754,306],[566,-456],[349,-363],[697,44],[214,127],[296,818],[323,588],[269,791],[225,210],[435,854],[193,192],[270,-66],[1349,-580],[676,-744],[426,-395],[353,-462],[90,-280],[467,-182],[406,-885],[448,-424],[218,-667],[16,-624],[-226,-751],[-351,-421],[-448,-296],[-383,-14],[-227,-680],[253,-498],[539,-227],[683,-616],[558,229],[789,-390],[205,-303],[231,-715],[176,-269],[446,130],[408,-47],[200,-151],[284,-706],[347,1646],[392,554],[712,726],[482,718],[182,-6],[1105,-792],[5,-685],[254,-478],[152,-522],[469,-239],[456,-8],[587,-999],[195,-73],[925,491],[405,371],[596,1423],[542,-108],[673,-470],[561,-485],[247,-773],[191,-196],[589,-269],[674,-1109],[300,-261],[430,-58],[-309,-390],[33,-344],[194,-364],[304,-267],[-24,-780],[-232,-699],[-46,-393],[-194,-296],[-579,-384],[-28,-569],[242,-630],[-358,-996],[210,-514],[-154,-768],[95,-399],[390,-694],[416,267],[536,-381],[583,-208],[470,-394],[290,-432],[257,-137],[374,-525],[174,-119],[979,932],[519,332],[736,59],[979,-158],[512,-245],[104,-267],[604,-288],[206,9],[229,647],[274,336],[587,379],[541,195],[259,-76],[135,-441],[635,-480],[86,-521],[150,-314],[-488,-1369],[-110,-688],[-30,-666],[62,-661],[-90,-465],[196,-643],[66,-1008],[-405,-285],[-551,-800],[-226,-609],[-220,-285],[-349,99],[-524,404],[-452,-256],[-61,-394],[-544,-1072],[-499,-210],[-577,-1404],[366,-913],[-142,-547],[-415,-680],[343,-1454],[240,-436],[-14,-826],[287,-464],[-246,-1416],[-161,-525],[241,-1744],[355,-635],[66,-389],[253,-704],[75,-1351],[-147,-773],[189,-1097],[-52,-619],[108,-751],[182,-287],[1096,-720],[964,-392],[925,-164],[-53,-2394],[-31,-446],[145,-807],[90,-895],[-14,-460],[-286,-529],[-154,-496],[-259,-108],[-99,-609],[104,-526],[-30,-346],[-389,-1336],[-233,-674],[-567,-960],[214,-718],[-185,-811],[40,-1679],[193,-328],[56,-348],[6,-1294],[-40,-534],[122,-910],[57,-1004],[-27,-568],[830,-91],[630,767],[742,579],[173,375],[347,-63],[554,79],[551,-44],[366,-142],[697,-785],[379,-729],[482,-574],[430,135],[279,-156],[198,-366],[311,-1019],[176,-313],[0,-1116],[-150,-840],[150,-348],[0,-3659],[-497,-865],[-118,-459],[-245,-1728],[-168,-651],[19,-349],[168,-581],[6,-311],[-290,-867],[-44,-463],[108,-429],[-70,-567],[43,-359],[291,-841],[53,-387],[-193,-782],[-147,-353],[36,-581],[-123,-151],[-334,25],[-116,-660],[78,-383],[-377,-688],[-182,-961],[49,-817],[-75,-896],[-279,-1557],[-274,-848],[-141,-1798],[25,-1184],[-90,-665],[-219,-476],[67,-652],[-324,-1235],[52,-855],[234,-1024],[326,-1054],[17,-571],[-108,-924],[145,-820]],[[511764,617226],[-433,-551],[-252,-28],[-347,200],[-562,568],[-553,218],[-524,-27],[-451,486],[-841,419],[-356,-11],[-820,211],[-588,-814],[-239,-462],[-535,-1865],[-348,-1333],[-164,-52],[-797,-867],[-374,-1123],[-198,-249],[-203,57],[-434,743],[-180,80],[-346,470],[-251,606],[-428,-191],[-510,-39],[-64,543],[-267,378],[-103,619],[-533,706],[-511,13],[-208,-955],[-352,-421],[-509,-357],[-318,-117],[-688,842],[-174,138],[-1075,467],[-441,90],[-224,-1109],[-11,-387],[-471,-527],[184,-921],[11,-467],[-285,-296],[-213,-577],[-385,-773],[6,-746],[155,-705],[407,-1242],[-391,-659],[-117,-749],[-217,-10],[-859,-747],[-496,-1149],[-1059,-284],[-378,-357],[-316,319],[-108,375],[-223,165],[-412,-7],[-70,-799],[-134,-645],[-343,-771],[-181,-783],[41,-679],[140,-755],[-26,-464],[-263,-191],[-191,-858],[-275,-137],[-215,-621],[-413,-516],[-613,-279],[-500,-79],[-356,-557],[-22,-551],[72,-742],[-235,-577],[-543,18],[-514,-926],[-279,356],[-868,660],[-188,997],[-315,460],[-331,1043],[-679,488],[-938,188],[-552,482],[-496,94],[-360,-180],[-505,0],[-255,290],[-198,1432],[-179,767],[-418,1519],[-166,324],[-308,163],[-662,14],[-352,-450],[-708,-759],[-544,-1316],[166,-515],[87,-606],[-362,-1375],[142,-914],[437,-495],[-23,-1144],[-139,-1281],[-224,-1235],[90,-529],[-94,-689],[-382,-869],[-318,-385],[-801,-459],[-420,-370],[-386,-100],[-408,-255],[-236,196],[-647,10],[-341,-260],[-380,-698],[-466,-598],[-325,-559],[-201,-619],[-17,-413],[-222,-1514],[9,-907],[-384,-1228],[103,-916],[-43,-900],[-790,-539],[-434,-691],[-269,-171],[-163,-483],[-260,-483],[-132,-577],[-219,-521],[-85,-579],[-605,-158],[-366,-881],[-477,308],[-285,76],[-198,361],[-331,220],[-400,-85],[-293,122],[-398,10],[-509,-418],[-523,-272],[-216,-443],[-370,-306],[-156,-502],[-448,27],[-375,-290],[-148,60],[-42,-558],[-409,-418],[-515,176],[-221,-135],[-347,-614],[-438,-1030],[-375,-592],[-260,-606],[-399,-375],[-248,-442],[-326,-377],[-308,-167],[-178,-889]],[[435096,472861],[-286,55],[-305,386],[-495,142],[-123,140],[-327,842],[-72,335],[-403,824],[-578,339],[-357,69],[-225,307],[-611,170],[-125,279],[-606,334],[-261,287],[-521,-117],[-725,-605],[-491,-9],[-256,-110],[-473,-659],[-328,-896],[-584,-961],[-387,861],[-1,726],[-100,618],[-514,671],[-193,-1],[-290,250],[-240,-140],[-566,162],[-522,-33],[-316,168],[-315,565],[-461,404],[-83,342],[-313,72],[-273,467],[-385,-46],[-313,-357],[-498,-325],[-263,-269],[-279,-19],[-202,473],[-292,-24],[-129,200],[-227,-134],[-484,254],[-255,-14],[-502,445],[-316,-162],[-645,333],[-347,46],[-153,491],[-487,-157],[-1017,511],[-140,810],[-66,991],[-249,810],[-430,144],[-415,-83],[-928,130],[8,621],[-217,610],[-518,940],[58,611],[-774,775],[-174,421],[-710,68],[-232,135],[-743,-363],[-506,-312],[-432,56],[-137,218],[-340,79],[-177,306],[-292,-45],[-168,-408],[-323,-259],[-153,191],[-691,1346],[-296,788],[-449,238],[-55,745],[-162,419],[-1011,-4],[-295,-247],[-497,-32],[-853,481],[-390,-601],[-249,404],[-167,-343],[-261,-846],[-223,-116],[-490,138],[-561,-588],[-159,-407],[-122,-657],[-274,-225],[-327,-30],[-398,-371],[-65,-461],[-308,68],[-511,430],[-367,-172],[-179,233],[-296,789],[-326,253],[-170,423],[-361,317],[-258,78],[-65,506],[-352,463],[-297,40],[-576,-301],[65,528],[274,345],[218,516],[385,1778],[-282,433],[-213,2558],[431,838],[450,97],[118,609],[-79,596],[99,1275],[190,494],[86,737],[167,322],[281,207],[-34,522],[-409,73],[-458,430],[78,799],[-208,539],[-73,417],[-360,223],[-225,595],[-321,502],[-89,486],[-238,-109],[-81,-594],[-200,-160],[-58,454],[5,765],[-218,808],[-15,1094],[340,31],[560,572],[698,253],[262,-118],[281,309],[554,1273],[116,533],[292,336],[259,784],[11,617],[-435,1052],[-51,1075],[-349,181],[-501,491],[-686,478],[-330,845],[55,751],[-358,1271],[-161,50],[-134,458],[-231,378],[-18,653],[-766,-66],[-229,-159],[-524,358],[-69,236],[-399,-36],[-474,413],[448,893],[-25,255],[-944,83],[-230,-142],[-299,784],[-378,307],[-196,309],[-557,309],[-495,136],[-232,703],[-424,107],[-111,-171],[-372,157],[-154,377],[-320,173],[-347,-300],[-154,-541],[-308,-373],[-546,-727],[-525,-424],[-541,-597],[-1106,-696],[-367,-309],[-137,162],[-1014,-377],[-222,103],[-615,-434],[-324,-436],[-415,40],[-521,500],[-324,-75],[-568,87],[-348,143],[-299,-10],[-290,212],[-401,-158],[-542,258],[-401,-47],[-517,-290],[-201,967],[15,1031],[167,1132],[-27,730],[-308,877],[-144,181],[-126,546],[39,897],[-23,864],[-78,448],[-441,808],[-278,229],[-503,757],[-449,343],[-670,639],[-420,194],[-201,313],[139,766],[42,1445],[-319,909],[-58,382],[72,881],[111,209],[-131,1292],[21,327],[272,674],[365,504],[335,1532],[23,1442],[-73,319],[-81,1012],[-129,858],[184,330],[-187,557],[-182,105],[93,687],[-188,522],[80,1291],[-134,646],[174,985],[28,777],[135,698],[-112,1401],[50,657],[191,820]],[[379077,581625],[64,20],[494,163],[505,-21],[640,-227],[491,-100],[457,-324],[482,-44],[341,-153],[667,-99],[485,28],[386,-93],[469,-544],[411,-357],[233,-362],[293,-183],[151,-376],[459,-501],[460,-351],[426,-154],[711,424],[313,356],[528,1216],[532,568],[301,78],[566,-386],[407,-408],[271,-1137],[660,-538],[394,-555],[554,-405],[389,-374],[458,-231],[561,43],[807,-294],[464,-320],[320,-462],[193,361],[431,543],[845,628],[633,380],[550,504],[1193,167],[343,350],[172,315],[306,175],[631,13],[573,389],[803,110],[762,-256],[131,-113],[906,-256],[588,69],[681,-539],[707,117],[251,631],[391,642],[373,469],[499,770],[185,530],[103,581],[119,1187],[700,600],[469,1314],[164,287],[450,-91],[995,-472],[368,55],[880,-82],[395,222],[671,507],[343,168],[624,481],[292,37],[867,560],[636,207],[551,-175],[421,470],[533,334],[298,370],[304,601],[296,931],[365,20],[744,389],[945,52],[682,211],[48,612],[158,690],[219,594]],[[421014,592181],[698,-163],[659,99],[306,632],[195,163],[341,-135],[192,-888],[222,-323],[469,-18],[732,-500],[570,-720],[738,-37],[613,-324],[481,-454],[478,-665],[578,-125],[339,-240],[243,-356],[331,-765],[314,-1522],[-141,-1185],[-152,-603],[211,-132],[232,-418],[119,-629],[46,-1455],[-235,-769],[-356,-640],[-301,-323],[-253,-694],[-112,-491],[-218,-1437],[-110,-484],[-491,-1429],[-214,-974],[-345,-1283],[-99,-961],[27,-705],[170,-932],[205,-772],[-132,-274],[-374,-202],[-552,-707],[-434,-949],[308,-234],[564,-1168],[146,-986],[162,-250],[157,-819],[251,-502],[54,-419],[-63,-588],[205,-1387],[124,-1479],[77,-310],[452,-986],[347,28],[544,-558],[656,-586],[210,-643],[-32,-951],[346,-1342],[49,-1110],[-268,-1699],[-111,-502],[95,-1161],[127,-906],[262,-397],[-179,-755],[166,-469],[332,-506],[256,-908],[40,-449],[-146,-906],[744,-1235],[526,-1263],[767,971],[392,577],[361,21],[564,-150],[534,-426],[192,-329],[411,-47],[181,-287],[394,56],[367,-343],[444,-1217],[185,-356],[508,-400],[1283,-357],[295,47],[705,-161],[145,-122],[-130,-499],[-322,-428],[-141,-652],[518,-177],[1398,-267],[416,28],[810,520],[148,1159],[111,329],[650,541],[242,501],[-4,730],[120,442],[377,704],[144,746],[247,1748],[303,550],[145,679],[-3,536],[77,1309],[85,781],[168,661],[215,239],[469,-31],[333,109],[340,488],[555,1680],[390,1491],[108,693],[36,1463],[335,596],[494,398],[347,599],[404,1235],[186,315],[308,244],[382,29],[434,255],[60,200],[-346,833],[81,2071],[203,366],[618,539],[268,552],[-86,1201],[326,685],[597,1729],[95,470],[528,-457],[346,-63],[537,163],[490,-142],[383,49],[529,-439],[697,301],[684,384],[635,494],[384,371],[285,82]],[[458142,568556],[204,-354],[681,-884],[882,-762],[381,-143],[626,-412],[431,-629],[455,-901],[616,-815],[623,-560],[958,-1436],[233,-764],[450,-921],[605,-554],[327,-520],[291,-735],[437,-1431],[141,-1048],[367,-958],[298,-1012],[211,-936],[8,-355],[668,-1769],[44,-583],[173,-901]],[[468252,549173],[-1125,-804],[-606,-196],[-345,-419],[-397,-763],[-359,-300],[-535,20],[-364,-517],[-598,-447],[-797,-901],[-1147,62],[-185,-122],[-705,-917],[-488,-403],[-405,-926],[-501,-1449],[-80,-747],[211,-729],[236,-401],[59,-615],[114,-369],[98,-1059],[437,-1292],[225,-197],[486,-1101],[258,-741],[554,-720],[565,-1249],[23,-725],[131,-459],[-33,-652],[-136,-418],[-637,-662],[-135,-436],[-358,-788],[-163,-621],[-332,-819],[-396,-344],[-621,244],[-449,-562],[-398,-963],[-408,-685],[-205,-567],[-518,-697],[-242,-560],[-68,-541],[-517,-575],[-257,-675],[-85,-1001],[-586,-1124],[-222,-910],[-363,-624],[-270,-87],[-298,112],[-245,-133],[-318,-396],[-798,-513],[-356,-760],[262,-2326],[-99,-919],[-85,-278],[-369,-553],[-178,-952],[-195,-157],[-221,-485],[-70,-411],[-361,-675],[-181,-520],[-363,-603],[-100,-402],[181,-748],[-181,-854],[-100,-1020],[-308,-1244],[-138,-338],[284,-948],[287,-396],[103,-847],[190,-669],[356,-397],[340,-906],[234,-254],[623,174],[365,788],[253,-68],[256,-542],[0,-1202],[107,-366],[16,-740],[-326,-286],[-154,139],[-509,136],[-412,-57],[-307,171],[-1082,-67],[-524,364],[-355,97],[-408,-139],[-602,215],[-424,-62],[-219,-199],[-479,21],[-744,738],[-512,227],[-193,-249]],[[475572,267095],[-1798,-1701],[-958,-638],[-438,-178],[-1186,-346]],[[535847,337803],[182,-1344],[273,-1251],[208,-1924],[170,-834],[236,-1468],[76,-854],[-86,-918],[-333,-516],[-291,-269],[-748,-536],[-279,-108],[-1108,-857],[-378,-351],[-325,-425],[-979,-1002],[-464,-384],[-257,-401],[-205,-81],[-795,-958],[-291,-67],[-308,106],[-331,277],[-123,290],[-274,163],[-551,930],[-156,423],[-160,1273],[-271,592],[-704,765],[-738,481],[-388,-83],[-294,-188],[-706,-749],[-913,-584],[-478,-504],[-243,-539],[-2,-633],[-132,-747],[-285,-516],[-1350,-1585],[-477,-465],[-726,-839],[-351,-477],[-569,-531],[-676,-426],[-1378,-734],[-500,-94],[-165,-151],[-480,-804],[-402,-478],[-191,-346],[-363,-1062],[-286,-101],[-669,759],[-437,-259],[-755,-306],[-745,-620],[-539,-763],[-659,-397],[-866,-220],[-448,-346],[-289,-361],[-769,-550],[-598,-995],[-745,-1001],[-510,-413],[-828,-1143],[-853,-1006],[-310,-452],[-815,-1768],[-456,-839],[-549,-816],[-1067,-1251],[-163,-258],[-744,-1602],[-253,-465],[-785,-1039],[-755,-1873],[-167,-491],[-192,-841],[-68,-1272],[-296,-686],[-422,-788],[-49,-881],[-575,-741],[-649,-378],[-261,-5],[-813,518],[-639,59],[-640,139],[-335,206],[-500,512],[-710,391],[-372,66],[-465,-517],[-342,-1098],[-131,-265],[-319,-101],[-554,485],[-262,379],[-647,388],[-338,-53],[-493,-536],[-318,-795],[-168,-1334],[-360,-1155],[-291,-440],[-652,-364],[-711,-28],[-711,242],[-643,420],[-768,1003],[-313,195],[-641,170],[-296,-18],[-243,-289],[-483,-189],[-675,65],[-627,369],[-380,598],[-451,460],[-331,183],[-338,49],[-844,-252],[-561,-267],[-155,-298],[-197,-876],[-440,-553],[-411,-277],[-339,67],[-710,407],[-869,786],[-158,48],[-615,-111],[-196,-116],[-547,-838],[-75,-454],[-75,-1510],[49,-853],[108,-757],[254,-358],[-82,-1162],[68,-496],[446,-809],[548,-410],[649,109],[410,209],[393,335],[514,624],[190,436],[402,1540],[412,266],[276,-117],[1025,-938],[371,-945],[183,-788],[-8,-925],[-74,-613],[-270,-849],[-576,-864],[-498,-552],[-1596,-1197],[-447,-382],[-294,-563],[-25,-764],[192,-923],[-13,-293],[167,-1102],[281,-1282],[102,-900],[14,-975],[-205,-1041],[-439,-1546],[-533,-1036],[-466,-307]],[[471192,264232],[-539,-184],[-1350,-608],[-447,-342],[-879,-831],[-248,-590],[10,-621],[347,-1584],[124,-1251],[527,-1710],[-32,-678],[-163,-1531],[-157,-978],[57,-166],[695,-215],[794,-63],[635,-209],[734,-123],[1085,42],[120,-844],[-2,-1052],[-332,-1320],[-229,-394],[-529,-1135],[-606,-529],[-219,-1552],[-347,-557],[-19,-244],[-370,-109],[-195,-397],[-755,-645],[-672,-421],[-663,-991],[-400,-252],[-3692,5286],[-333,446],[-2208,1997],[-2609,2354],[-3053,2810],[-2526,2288],[-1213,1159],[-3262,2951],[-1789,1653],[-1944,1733],[-3664,3402],[-1823,1662],[-2351,2054]],[[446599,318616],[524,63],[252,-206],[175,151],[208,-317],[145,-472],[271,54],[181,458],[301,274],[277,46],[198,263],[178,639],[196,263],[185,667],[581,621],[226,-354],[231,96],[299,-164],[236,-348],[920,100],[189,-414],[306,-281],[264,-17],[451,87],[616,-34],[327,109],[65,-759],[143,-417],[391,-325],[333,797],[301,497],[877,-88],[412,126],[649,48],[305,-128],[901,-9],[711,-206],[803,-641],[276,-140],[411,19],[-104,-1129],[-125,-617],[242,-140],[64,-397],[-221,-442],[-88,-660],[-370,-146],[207,-1610],[209,-294],[-78,-1143],[-614,-635],[-259,-64],[-191,-708],[222,-433],[36,-558],[224,-480],[23,-617],[-363,-66],[-418,112],[-207,-269],[17,-298],[297,-1081],[37,-408],[-254,-615],[-442,-63],[-303,-517],[-238,-228],[82,-384],[540,-896],[139,-451],[315,-208],[304,-605],[117,114],[508,71],[280,-167],[181,-636],[-245,-907],[25,-282],[721,142],[341,225],[405,553],[442,-108],[496,-493],[412,-654],[246,158],[375,-537],[597,-2811],[58,-440],[-243,-102],[-971,-1515],[23,-571],[172,-458],[-69,-397],[204,-792],[163,-408],[205,-802],[14,-501],[-75,-783],[207,-95],[86,462],[328,364],[79,473],[-162,691],[52,531],[265,558],[173,43],[227,398],[449,-329],[166,-631],[227,-1394],[218,-597],[213,-205],[126,-379],[442,-158],[574,-426],[370,-369],[272,-423],[449,-1276],[398,-595],[237,-686],[206,-405],[-42,-160],[80,-944],[-148,-458],[-396,-264],[-217,-1055],[-106,-1307],[96,-255],[278,-143],[260,-307],[223,-27],[359,254],[160,-35],[613,-650],[318,-516],[342,-834],[55,-352],[-447,199],[-455,-202],[-211,-465],[-279,-315],[-333,143],[-120,-400],[-292,-483],[-681,-686],[116,-544],[291,-604],[311,-246],[165,-462],[390,-252],[49,-974],[130,-1053],[-108,-507],[23,-501],[-264,-1080],[745,-566],[-197,-719],[-134,-874],[0,-1133],[78,-945],[166,-732],[438,-567],[355,-822]],[[637846,346124],[-277,-43],[-141,-378],[-411,-191],[-21,412],[-468,64],[-156,-382],[-232,314],[-700,-101],[-54,-298],[-239,158],[-521,-293],[-291,69],[-76,328],[-295,305],[-466,-319],[-386,21],[-171,-161],[-182,-472],[-134,276],[-209,-426],[-225,617],[-95,-66],[-64,-780],[-372,827],[-143,-601],[-423,-449],[-41,319],[-662,47],[-167,-281],[-222,-28],[-337,536],[-782,79],[-234,-227],[-81,-707],[-184,-170],[-193,196],[-242,-329],[-403,-30],[-295,199],[-296,-308],[-540,-164],[-552,332],[-429,-194],[-279,-568],[-213,-14],[-388,229],[-119,-63],[-468,343],[-310,-600],[-275,-373],[-343,143],[-162,407],[-365,-820],[-424,91],[-26,386],[-185,11],[-320,1071],[-360,158],[-167,219],[-151,709],[90,252],[-107,400],[-247,-343],[-131,617],[-185,37],[-124,-299],[-355,-22],[-468,502],[-270,499],[-245,12],[-129,270],[-45,398],[-218,203],[-156,408],[-648,952],[-253,-43],[-421,295],[-121,284],[-182,-69],[-360,395],[-366,214],[-490,-127],[-330,276],[-329,-72],[-581,349],[-432,436],[-68,310],[-261,-43],[-187,177],[-61,366],[-233,143],[-95,296],[-326,196],[-142,899],[190,306],[198,771],[-152,202],[-31,585],[-315,-263],[-369,126],[-63,710],[-157,84],[-272,-253],[-334,159],[-323,-79],[-378,79],[-115,224],[-203,-297],[-466,-106],[-225,-205],[-106,-319],[-260,-137],[6,-395],[-664,-193],[-64,536],[108,449],[305,673],[27,879],[124,366],[133,826],[-114,457],[489,807],[266,710],[-308,321],[-371,-145],[-243,-326],[-273,192],[-108,369],[42,362],[-185,395],[-424,345],[-208,630],[201,623],[-35,403],[-249,483],[133,617],[-209,75],[-45,324],[-422,66],[39,372],[-343,407],[-164,-107],[-585,-68],[-80,548],[-299,339],[275,258],[-141,690],[173,1398],[288,468],[-192,475],[285,698],[-137,752],[-250,968],[-286,394],[-52,450],[323,407],[76,288],[65,1951],[449,379],[173,312],[58,846],[127,294],[278,1231],[265,734],[172,919],[300,772],[243,1305],[133,913],[-120,930],[-111,420],[-12,458],[298,1121],[619,770],[5,724],[-71,939],[-245,407],[-377,-297],[-231,-567],[-90,91],[20,525],[233,580],[217,887],[126,40],[257,517],[32,573],[464,927],[115,645],[232,-42],[417,322],[169,-10],[272,592],[6,932],[210,1549],[-43,848],[195,714],[-26,611],[-238,1077],[-317,-57],[-525,291],[-429,61],[-263,185],[-572,151],[-162,154],[-837,238],[-135,101],[-125,691],[-192,264],[-66,946],[-252,374],[-96,371],[-316,503],[-286,142],[-225,495],[-37,703],[85,567],[-294,1133],[106,715],[223,-218],[61,-359],[488,-323],[488,103],[938,302],[667,-114],[274,91],[771,734],[332,110],[223,-97],[335,325],[612,313],[253,702],[601,258],[157,190],[593,1277],[1004,1974],[231,934],[49,410],[335,1066],[115,791],[205,804],[383,-185],[444,21],[744,335],[690,-167],[394,288],[748,985],[946,172],[462,364],[477,550],[540,-60],[587,61],[208,423],[126,745],[187,478],[462,1877]],[[661912,356298],[-156,-589],[-495,-370],[-458,-54],[-414,-581],[-630,521],[-243,-327],[-1028,-561],[-862,153],[-278,-48],[-535,444],[-288,-56],[-314,424],[-599,218],[-339,248],[-340,484],[-479,-591],[-275,-617],[-479,-46],[-1090,-713],[-340,117],[-634,585],[-394,485],[-584,-592],[-448,-345],[-762,-311],[-335,-11],[-629,1015],[-343,132],[-513,390],[-467,-78],[-523,-36],[-773,-276],[-952,-39],[-460,-680],[-445,153],[-343,373],[-311,-134],[-342,-473],[-362,-314],[2,-776],[-104,-318],[-520,-478],[-292,-354],[-523,-1541],[-156,-305],[-323,-572],[-463,-1066],[-630,-1306],[-803,-623],[-193,-9],[-207,372],[-243,-145],[-349,-953]],[[812958,243793],[87,-1098],[173,-911],[-265,-388],[-26,-316],[159,-651],[-110,-521],[79,-412],[283,-336],[137,-973],[-27,-519],[-298,-608],[63,-660],[355,-502],[51,-227],[-167,-1372],[168,-141],[171,-143],[96,-454],[-41,-445],[-431,-508],[-383,-861],[-256,-285],[-1,-666],[-113,-350],[-654,226],[-442,-454],[104,-1131],[362,-280],[190,-464],[22,-417],[-508,-1030],[151,-805],[-353,-628],[52,-455],[294,-325],[112,-634],[-339,-873],[-552,115],[-370,-49],[-210,-443],[-137,-976],[-108,-145],[-397,324],[-427,74],[-296,-404],[-460,-920],[-814,-232],[-334,-263],[-259,-1072],[-30,-415],[-144,-498],[-321,45],[-280,-333],[-369,15],[-154,-129],[-145,-299],[-127,-854],[119,-1171],[-81,-321],[-339,-260],[-812,539],[-160,-238],[-96,-483],[-818,-237],[-295,353],[-239,57],[-248,-246],[-197,-385],[-375,-1401],[-174,-295],[-344,-246],[-375,355],[-511,-57],[-346,-143],[-248,64],[-126,501],[-250,40],[-400,-327],[-348,-570],[-506,44],[-111,149],[-207,496],[-209,145],[-560,-1154],[125,-267],[320,85],[32,-350],[-170,-328],[-196,7],[-275,291],[-175,4],[-337,-577],[-54,-678],[-331,-437],[-182,-982],[-123,-177],[-239,109],[-159,-293],[-108,-677],[-224,-287],[-506,-340],[-260,-974],[-252,-405],[-33,-540],[-238,-321],[-405,-72],[-609,-750],[-558,-527],[-638,-240],[-488,44],[-306,-97],[-482,268],[-541,-2],[-214,-182],[-319,-792],[-433,-621],[-353,-161],[-267,-300],[-364,-146],[-320,-289],[-131,-348],[-180,-952],[-390,-749],[-407,-371],[-260,-106],[-325,59],[-559,-371],[-436,74],[-548,-266],[-86,-380],[-499,-477],[-150,-518],[-854,-1442],[-99,-841]],[[487524,365710],[-161,-663],[-181,-266],[-191,-662],[-212,-338],[63,-392],[-81,-806],[-253,-646],[314,-994],[270,-365],[23,-751],[174,-606],[-162,-252],[147,-602],[-118,-455],[37,-597],[-136,-860],[-314,193],[-292,-415],[61,-420],[-265,-294],[-376,-650],[-113,-622],[-82,-1296],[-137,-622],[-524,-828],[-159,-72],[-208,-453],[-258,-863],[-317,-810],[-132,-1025],[92,-903],[-14,-765],[-98,-710],[-139,-446],[-479,-1547],[-46,-1027],[-128,-404],[80,-284],[-132,-863],[3,-543],[244,-508],[-103,-162],[-712,-575],[-220,-97],[-559,286],[-293,-60],[-272,-350],[-567,114],[-132,429],[-363,-196],[-68,-383],[-346,-72],[-138,240],[-382,53],[-86,-371],[-349,129],[-611,-162],[-561,-290],[-112,-408],[-189,108],[-464,-596],[-521,-538],[-335,-456],[-346,-281],[-127,-336],[-260,-226],[-401,-852],[-89,-920],[-342,-26],[-355,681],[-245,-220],[-128,-25],[-297,614],[-283,-69],[-533,193],[191,437],[-50,328],[-404,222],[-89,-534],[53,-388],[-249,-375],[-430,380],[-315,-443],[-350,300],[-533,-263],[-161,490],[-356,221],[-123,463],[-368,-384],[-202,422],[-346,77],[-50,-538],[-648,191],[-162,142],[-289,-174],[-526,-12],[-314,131],[-1005,-287],[-786,436],[-263,-400],[-156,-553],[275,-986],[46,-861],[-32,-585],[61,-1305],[504,-995],[-316,-514],[-422,321],[-494,17],[-640,753],[-305,-101],[-359,147],[-358,-19],[-180,-147],[-108,-362],[-231,-321],[-658,682],[-586,198],[-201,483],[-569,482],[-396,734],[-602,193],[-515,-60],[-430,257],[-272,429],[-262,-71],[-266,156],[-586,-279],[-193,34],[-326,-46],[-645,-380],[-620,-156],[-452,167],[-365,-521],[-337,181],[-306,15],[-359,-350],[-370,-98],[-451,-780],[-258,-214],[-442,-41],[-431,-167],[-347,-1116],[-765,110],[-208,158],[-68,347],[-278,-23],[-431,792],[-179,88],[-366,-135],[-178,204],[-358,-149],[-620,185],[-108,176],[-332,-218],[-418,92],[-339,602],[-492,161],[-463,306],[-232,55],[-416,-205],[-187,-357],[619,-22],[84,-79],[370,-1046],[236,-848],[171,-301],[105,-639],[21,-598],[-61,-514],[15,-904],[265,-666],[350,-296],[294,-630],[463,-801],[152,-662],[273,-538],[7,-306],[-357,-231],[111,-271],[-224,-370],[-155,-546],[35,-501],[-99,-1019],[-127,-327],[-49,-573],[-145,-768],[-117,-234]],[[446599,318616],[-199,708],[-379,-24],[-134,-476],[-408,305],[-252,-82],[-726,1434],[-328,209],[-206,499],[-148,-72],[-399,283],[-286,605],[-148,118],[-527,824],[-10,210],[-488,749],[-13,700],[-79,375],[-321,171],[-118,482],[-429,-34],[-252,148],[-1045,-136],[-320,286],[-161,-28],[-268,301]],[[392635,344065],[-9,812],[249,368],[39,316],[-133,510],[103,1396],[86,265],[-15,671],[-336,913],[-349,309],[-355,110],[-354,-141],[-226,100],[10,1239],[83,623],[296,682],[105,903],[-250,201],[48,773],[-214,128],[37,321],[-140,261],[-192,-24],[-69,667],[-207,133],[-61,333],[-202,250],[-645,1240],[-346,253],[521,405],[496,629],[221,53],[519,437],[347,563],[219,25],[332,-400],[707,-109],[192,-352],[674,-293],[517,112],[596,-331],[376,235],[336,-114],[241,-218],[290,33],[168,255],[172,-59],[352,346],[225,683],[-159,731],[222,442],[81,642],[461,464],[63,641],[103,272],[261,166],[147,399],[328,457],[687,693],[-638,615],[-180,394],[48,668],[448,-291],[399,199],[257,464],[556,72],[577,1230],[233,215],[341,868],[216,380],[-121,527],[306,295],[79,654],[-304,405],[-203,-273],[-340,-77],[-352,237],[-80,351],[46,529],[-294,137],[-320,765],[-238,148],[-566,761],[156,647],[153,1499],[-46,791],[-194,510],[-332,553],[-683,25],[-355,487],[-103,627],[1123,957],[55,494],[214,458],[-50,1334],[68,471]],[[399159,382610],[532,-216],[522,-314],[339,-470],[191,-11],[416,-281],[325,54],[757,409],[171,-96],[336,152],[143,678],[276,159],[317,11],[104,292],[145,882],[61,1309],[-417,532],[-85,275],[6,807],[236,787],[57,703],[309,210],[700,666],[166,280],[215,-484],[559,-146],[271,347],[379,316],[461,660],[189,174],[367,42],[412,205],[-104,-452],[278,-94],[484,-383],[301,-600],[146,-110],[152,-522],[426,-301],[168,-332],[31,-552],[239,-369],[305,-335],[130,-420],[31,-1230],[148,-175],[608,-94],[525,-527],[167,-263],[261,100],[683,-181],[117,46],[369,725],[308,297],[-4,501],[320,667],[600,-25],[114,-147],[55,-831],[381,-134],[172,146],[306,-80]],[[926062,124682],[-367,-105],[-796,-4],[-254,63],[-542,-511],[-436,366]],[[923667,124491],[-303,556],[-199,522],[-39,716],[-217,690],[-772,25],[-186,555],[-278,1217],[-123,877],[-393,538],[-473,-187],[-791,337],[-256,471],[-364,420],[-436,-467],[-816,-177],[-492,-388],[-969,-22],[277,979],[-17,239],[330,861],[15,294],[508,1276],[61,498],[-56,556],[-188,474],[-131,668],[241,463],[-69,287],[114,392],[-429,950],[-88,374],[117,291],[-676,1391],[90,636],[105,224],[-212,633],[-85,785],[267,54],[127,250],[-49,333],[147,255],[48,571],[-47,684],[125,340],[-104,442],[90,407],[-108,327],[128,252],[-131,396],[111,984],[-216,760],[-273,279],[-258,86],[-329,334],[-120,337],[-300,-33],[-240,125],[-349,956],[-453,692],[-368,-58],[-222,610],[-580,847],[-197,975],[-249,892]],[[983580,264343],[127,-314],[466,-739],[212,-197],[243,4],[259,-273],[184,-494],[-51,-830],[-384,37],[-569,-212],[-184,62],[-406,-200],[-68,-201],[-477,-614],[-278,-194],[-284,-641],[-197,35],[-267,-316],[-207,-650],[-258,-412],[16,-301],[-158,-1165],[-305,-356],[186,-1016],[-15,-249],[-313,-1167],[10,-709],[-129,-615],[45,-405],[-130,-884],[119,-533],[-7,-573],[-335,-1372],[-58,-1017],[173,-315],[219,-732],[265,-558],[14,-336],[353,-853],[368,-112],[549,-617],[148,-1012],[347,-1177],[-20,-423],[397,-857],[89,-769],[128,-465],[-364,-462],[-409,-1054],[-6,-368],[-361,-276],[-154,-318],[-422,-366],[-58,-466],[-321,-933],[18,-919],[-128,-552],[-222,-440],[-203,-187],[-267,-784],[-219,-812],[-9,-486],[306,-1141],[156,-746],[-224,-507],[-218,-80],[-262,149],[-284,-495],[-179,-54],[-176,-548],[-264,-280],[5,-455],[158,-653],[-113,-815],[-112,-283],[5,-459],[-120,-771],[85,-229],[87,-1626],[-128,-274],[66,-355],[-25,-930],[-96,-745],[119,-587],[-37,-594],[-388,-164],[-99,-714],[-328,-1059],[91,-921],[-476,-186],[-227,-385],[-25,-480],[92,-459],[-81,-447],[-29,-1241],[-153,-529],[-215,-166],[-411,-1310],[-44,-242],[231,-863],[193,-332],[-58,-390],[-264,-944],[-143,-307],[203,-649],[238,-386],[69,-883],[1,-712],[-258,-593],[-31,-1291],[-78,-771],[65,-689],[-133,-456],[230,-256],[272,-549],[260,-345],[-40,-477],[-345,-493],[-148,-465],[-241,12],[-148,-219],[46,-846],[-63,-853],[-173,-332],[87,-652],[-248,-1264],[45,-368],[-97,-847],[-107,-374],[-304,-141],[-30,-341],[-228,7],[-217,-245],[-36,-571],[-155,-324],[85,-395],[-142,-307],[-520,-315],[-394,-375],[22,-428],[-68,-748],[-233,-529],[-15,-512],[-157,-591],[133,-125],[161,-1234],[-33,-407],[170,-321],[-13,-1020],[83,-232]],[[974202,183654],[-503,-34],[-328,-548],[-490,-264],[-401,161],[-367,282],[-276,-16],[-548,-302],[-268,-249],[-435,-88],[-200,581],[-700,270],[-160,299],[-209,78],[-737,-671],[-66,-688],[-222,-227],[-164,139],[-318,-137],[-643,321],[-214,-26],[-182,242],[-393,191],[-453,-173],[-220,-339],[-500,-206],[-327,-1012],[-144,-263],[-1374,-223],[-276,-458],[-145,333],[-600,-199],[-83,-552],[-144,-207],[-187,-663],[-216,-414],[-359,1],[-244,-234],[-175,29],[-334,-465],[-33,-947],[-721,-597],[-177,-947],[-253,-379],[-222,-83],[-215,-289],[-292,-165],[-123,-533],[-484,-835],[-557,7],[-241,179],[-230,-151],[-365,-874],[-436,-670],[-73,-310],[-356,-928],[-87,-484],[-60,-292],[-288,-290],[-619,-360],[-167,-254],[-524,-223],[-448,-461],[-446,-872],[-412,-923],[-655,-224],[-374,-542],[-469,-215],[-376,-36],[-619,-553],[-506,-889],[-117,-104],[-433,-776],[-446,-550],[-304,-244],[-366,-528],[-136,-377],[-340,238],[-208,-67],[-360,158],[-374,-228],[-428,-14],[-423,751],[-271,263],[-450,726],[-434,72],[-238,-76],[-663,212],[-452,-422],[-391,-823],[-27,-287],[-283,-1010],[-67,-749],[-157,-318],[-289,-184],[-393,-541],[-621,-575],[-423,-156],[-38,-287],[-239,-250],[-246,-505],[-54,-414],[-258,-495],[-209,-614],[-338,-681],[-215,-258],[-16,-724],[-91,-402],[-251,-437],[-357,-360],[-290,-462],[-645,-22],[-240,-300],[-383,-1249],[-546,-2224],[-232,-1473],[-95,-245],[-332,-275],[376,-895],[1,-413],[596,-359],[317,-749],[495,-676],[636,-713],[147,-68],[488,-1023],[195,-98],[310,-600],[-488,-273],[-194,-222],[-669,-469],[-166,-672],[184,-1089],[273,-669],[61,-855],[-93,-280],[-400,-651],[-49,-458],[-420,-1458],[-88,-769],[-124,-537],[95,-570],[-27,-1000],[-67,-533],[-49,-1146],[-416,-127],[-316,-405],[-976,-466],[-181,-438],[-473,-481],[-278,37],[-346,-405],[-303,-64],[-719,-564],[-469,-304],[-573,45],[-116,-154],[-292,-518],[-289,-683],[-581,-401],[-683,483],[-431,-6],[-305,-157],[-642,271],[-479,19],[-201,-181],[-356,288],[-162,-365],[-429,135],[-862,-129]],[[435502,403433],[-202,460],[-223,26],[-324,266],[-247,1246],[-238,353],[-456,-38],[-70,905],[-300,249],[-472,-71],[-444,948],[-185,813],[-152,181],[-493,-376],[-427,48],[-714,335],[-377,400],[44,312],[249,507],[-31,494],[-408,201],[-148,394],[313,1429],[-6,807],[290,1270],[-350,1238],[-32,249],[283,152],[414,-68],[249,355],[79,549],[287,1051],[454,583],[521,367],[140,217]],[[432526,419285],[77,943],[434,-264],[400,-20],[214,391],[1,473],[280,800],[336,719],[236,642],[432,560],[150,653],[-25,1072],[52,405],[344,1034],[28,626],[529,405],[688,1040],[471,399],[392,637],[514,324],[458,68],[272,989],[182,323],[-67,853],[274,430],[268,593],[215,119],[-23,436],[-215,386],[-49,389],[147,1078],[-79,603],[-344,445],[-62,287],[531,791],[-45,519],[-161,670],[244,811],[527,657],[137,627],[-303,686],[-206,826],[1,292],[651,578],[229,777],[69,781],[113,624],[405,10],[271,824],[17,444],[235,509],[308,55],[99,1075],[144,122],[356,-143],[803,1023],[220,488],[-97,504],[-175,262],[72,617],[412,546],[144,423],[-45,973],[-161,586],[-20,574],[-216,536],[-225,210],[-71,704],[-175,429],[-233,67],[-260,-243],[-315,-1],[-119,249],[-50,759],[-150,564],[-176,180],[-474,21],[-318,-146],[-181,119],[-587,747],[-513,794],[-534,631],[-433,-73],[-188,138],[-40,833],[-194,125],[-580,-91],[-384,329],[-336,435],[-207,1028],[-326,247],[-370,17],[-168,730],[173,653],[34,562],[-136,228],[-445,253],[-92,565],[80,896],[-100,1067],[214,597],[118,622],[-220,424],[-416,131],[-200,370],[-95,743],[33,430],[227,1035],[-87,293]],[[435096,472861],[-120,1254],[54,967],[-140,746],[-209,227],[-114,369],[-6,486],[-225,395],[-390,349],[-166,844],[-810,1319],[-264,660],[-514,692],[-364,359],[-180,1270],[-134,248],[-434,-48],[-131,604],[-4,762],[108,746],[-339,1141],[-49,1107],[178,1299],[-29,642],[347,1184],[-60,397],[71,409],[490,280],[268,30],[2,334],[467,618],[480,219],[173,526],[390,757],[86,488],[435,492],[38,356],[443,97],[527,-382],[908,-806],[428,-278],[333,-443],[292,-15],[772,-645],[474,-84],[198,-762],[77,-802],[209,-714],[292,-484],[129,-797],[417,-308],[92,-424],[212,-382],[373,-199],[365,-752],[467,-338],[-81,-366],[98,-604],[313,-235],[410,-592],[287,-177],[714,340],[709,1650],[99,737],[393,723],[47,998],[215,474],[438,683],[-68,729],[-128,602],[44,491],[302,1048],[202,369],[-30,307],[103,929],[137,295],[177,813],[382,793],[357,27],[641,479],[316,27],[170,-290]],[[447256,497121],[203,-942],[261,-424],[158,-1089],[164,-553],[568,-791],[432,-954],[325,-296],[65,-361],[368,14],[103,-397],[-288,-592],[-151,-1022],[167,-467],[87,-822],[307,-757],[268,-121],[281,-633],[-38,-686],[-126,-350],[-44,-693],[492,-682],[262,-56],[613,-602],[249,-615],[26,-1126],[538,-1499],[324,-436],[27,-245],[405,-478],[198,-56],[533,-490],[344,-587],[138,-750],[238,-511],[230,-125],[160,-345],[390,-423],[465,-93],[326,-639],[-103,-359],[-290,-369],[-99,-551],[-181,-37],[-108,-677],[-296,-341],[-119,-603],[-271,-411],[-85,-602],[268,-253],[282,-476],[917,-808],[107,-470],[-69,-386],[-350,-697],[-334,-365],[-242,-431],[27,-745],[223,-347],[185,-14],[232,-463],[544,-520],[149,471],[391,-195],[174,-390],[349,-154],[363,-404],[255,34],[124,-382],[236,-166],[365,22],[118,-229],[295,-77],[129,-289],[316,-30],[511,270],[647,-277],[159,138],[852,-269],[208,-1130],[55,-1018],[-420,-818],[-131,-127],[-230,-605],[-221,-82],[-522,-781],[-544,-1050],[-316,-802],[-447,-793],[-166,-458],[861,-1172],[313,-727],[167,-173]],[[543687,245023],[-55,562],[-162,701],[-28,568],[172,206],[265,586],[59,516],[494,258],[211,343],[20,324],[211,335],[757,-35],[85,213],[17,613],[188,286],[722,-92],[152,384],[1065,413],[527,-172],[773,-564],[250,715],[807,342],[50,545],[-442,928],[-55,610],[-109,1030],[24,859],[134,392],[352,125],[584,-115],[298,93],[125,202],[-80,860],[-156,429],[-520,170],[-180,248],[-632,196],[-207,402],[523,297],[173,548],[196,317],[249,128],[210,-372],[567,-32],[-29,2163],[260,796],[112,653],[57,1083],[161,454],[183,148],[219,446],[47,703],[152,1115],[-112,530],[197,685],[-65,1058],[69,409],[319,601],[544,142],[167,-174],[148,-461],[657,-428],[28,-494],[322,-667],[329,105],[277,-51],[304,484],[279,-19],[190,-398],[466,-299],[554,327],[412,-265],[165,-445],[511,496],[295,147],[296,-497],[587,-205],[538,52],[336,-110],[212,-340],[355,65],[289,195],[120,-423],[198,-127],[120,-339],[425,-663],[435,-145],[359,51],[180,-312],[15,-1065],[58,-519],[201,-377],[77,-862],[91,-417],[170,-72],[560,330],[481,540],[374,-130],[266,210],[152,-817],[222,-35]],[[565656,262217],[727,-107],[880,82],[755,254],[232,308],[577,191],[398,-65],[1079,-28],[281,214],[455,-127],[156,-196],[420,207],[198,-202],[440,-108],[113,86],[-37,616],[199,382],[-17,370],[133,429],[314,458],[121,705],[324,87],[754,-31],[60,-473],[445,61],[184,-455],[266,383],[188,1],[713,-1086],[317,-83],[464,-369],[297,421],[740,-14],[121,136],[456,-184],[203,412],[156,-109],[381,49],[59,-234],[544,-347],[59,-284],[564,66],[193,365],[618,184],[312,-162],[463,-494],[-16,-524],[1077,-1639],[374,-358],[-76,-189],[232,-1874],[338,199],[272,526],[460,113],[397,-117],[388,146],[562,-809],[431,362],[276,-298],[253,-530],[241,141],[131,-258],[9,-471],[371,31],[195,-708],[196,-65],[199,-611],[288,-611],[-103,-264],[151,-959],[548,29],[452,-127],[129,-193],[229,88],[168,-223],[492,128],[455,381],[635,-379],[219,-344],[-90,-238],[61,-454],[296,-968],[211,-348],[708,340],[217,-4],[117,-420],[280,-26],[474,-653],[25,-933],[143,-791],[266,-628],[202,-68],[488,657],[311,-96],[212,-408],[137,-34],[287,-577],[402,-89],[206,-318],[284,-81],[237,-475],[342,-1099],[341,91],[347,225],[134,-236],[375,453],[158,-189],[457,13],[12,-625],[276,81],[508,-482],[220,131],[113,293],[27,519],[183,381],[319,-155],[248,-692],[-135,-548],[172,-494],[125,56],[512,776],[283,256],[86,-148],[-22,-695],[106,-402],[237,-393],[241,-161]],[[603073,244463],[-43,-482],[-281,-904],[108,-360],[-22,-556],[-169,-751],[107,-717],[-287,-590],[-85,-528],[94,-2041],[383,-1095],[141,-778],[-190,-386],[32,-1196],[-47,-214],[-440,99],[-198,-234],[67,-505],[-489,-551],[13,-700],[-151,-1077],[310,-2421],[310,-1441],[427,-1046],[215,-331],[526,-1725],[109,-596],[-20,-1261],[-116,-888],[-173,-902],[-58,-637],[-155,-879],[-440,-1440],[-174,-1972],[-33,-1062],[1,-943],[120,-650],[-79,-1555],[-87,-984],[-334,-951],[-182,-1469],[149,-739],[3,-971],[-132,-799],[-86,-153],[-540,-427],[-147,-530],[-32,-669],[-147,-688],[-236,-525],[-110,-706],[-6,-800],[63,-470],[-55,-446],[-423,-1556],[-55,-613],[55,-372],[195,-413],[230,459],[236,-269],[-154,-548],[5,-519],[162,-168],[230,-844],[-181,-232],[0,-594],[-173,-831],[-284,-470],[-60,-529],[280,-635],[353,-510],[393,-366],[-144,-553],[-35,-538],[131,-274],[31,-594],[-147,-795],[-181,-154],[-105,-903],[-270,-517],[-252,-182],[-56,-399],[-635,-793],[9,-1304],[-190,-465],[-195,-34],[68,-740],[-56,-1019],[89,-698],[-366,-551],[-240,183],[-88,-399],[-446,-93],[-221,-151],[-494,-1423],[475,-754],[-32,-483],[142,-484],[772,-385],[93,-129],[-75,-950],[-146,-248],[-330,-231],[-471,189],[-516,484],[-738,273],[-734,-2148],[-178,-619],[-438,-1244],[-799,-2453],[214,-861],[41,-561],[-115,-567],[-280,-881],[337,-440],[435,127],[730,42],[466,257],[247,105],[-11,-491],[-248,-311],[-118,-618],[-64,-850],[-375,-636],[126,-633],[-6,-395],[-332,-714],[-236,-143],[-121,-544],[-212,-8],[-124,-470],[-200,100],[-296,-751],[-130,-758],[-409,-117],[-153,-526],[-262,-92],[3,-456],[-289,-375],[-272,-1013],[-628,-329],[-185,-271],[-111,-447],[-229,-377],[-413,-330],[-388,531],[-427,-13],[63,-331],[-184,-912]],[[590392,154174],[-178,106],[-352,704],[-373,211],[-244,-143],[-115,407],[171,275],[-301,568],[361,78],[28,492],[-152,412],[93,318],[-541,49],[-158,342],[-81,852],[242,815],[233,113],[-48,330],[-1993,1417],[-734,763],[-339,557],[-239,66],[-270,274],[-364,97],[-364,-190],[-252,45],[-249,-144],[-245,-461],[-128,-494],[-160,-83],[-128,614],[-188,-71],[-213,-823],[117,-199],[213,300],[137,-111],[-1,-463],[-106,-440],[-264,256],[-126,-405],[20,-474],[-158,-510],[-514,-448],[-106,-846],[-117,43],[-60,589],[-209,191],[-119,-919],[-201,-349],[-116,-763],[-646,648],[-276,-17],[182,1266],[-102,408],[139,143],[92,636],[-279,119],[-303,-240],[-194,829],[15,627],[-1140,858],[-294,-118],[-455,-794],[-313,-233],[-132,-624],[-168,-354],[-174,-821],[-124,-266],[-379,-389],[-1095,978],[-1814,1668],[-486,286],[-185,-346],[-514,42],[-455,359],[-99,575],[-227,35],[-83,541],[-226,5],[-60,377],[-547,-7],[-1003,1347],[-1857,843],[-785,422],[-1854,1417],[-1058,774],[-506,425],[-1134,824],[-11,509],[172,27],[-124,550],[391,112],[-212,1293],[-31,443],[-154,383],[176,370],[93,591],[-224,463],[154,138],[163,908],[169,202],[-142,479],[110,661],[429,337],[178,288],[47,491],[505,-305],[86,490],[-412,370],[196,392],[278,-429],[150,511],[572,374],[-80,603],[76,174],[315,-412],[36,674],[317,-112],[145,397],[-466,335],[-287,39],[80,343],[343,-258],[233,483],[85,635],[398,-546],[152,126],[12,920],[83,284],[-31,711],[-170,222],[52,931],[-412,-446],[-117,758],[179,233],[133,603],[269,38],[289,286],[3,959],[-215,406],[42,642],[405,960],[-131,516],[161,717],[-203,54],[123,571],[156,105],[203,1056],[264,907],[-106,1095],[65,444],[-309,288],[173,319],[15,391],[208,298],[306,952],[-255,387],[-349,-378],[-259,489],[-327,435],[58,685],[119,271],[276,119],[53,364],[-249,318],[-313,-177],[-101,465],[656,902],[186,547],[-101,616],[425,368],[-313,556],[-127,-98],[-234,708],[287,454],[98,658],[-1,464],[114,1028],[-294,544],[-61,381],[321,561],[125,631],[202,245],[-16,374],[184,166],[-326,870],[269,146],[104,437],[383,-58],[-139,669],[-15,1185],[-39,300],[-232,37],[-256,621],[56,621],[-297,926],[-164,925],[-96,76],[-573,2320],[-115,302],[-447,1741],[-2324,8273],[-611,2128],[-614,2023],[-764,2381],[-574,1715],[-1148,3010],[-49,191],[-436,363],[-1243,-346],[-70,-235],[-469,356],[-107,295],[-448,103],[-771,482],[-201,-44],[-311,227],[-351,11],[-195,251],[-438,88],[-406,343],[-342,65],[-1253,763],[-326,-26],[-268,147],[-823,258],[-712,-116],[-341,167],[-410,17],[-404,261],[-576,-81],[-529,310],[-124,-104],[-247,271],[-400,48],[-272,333],[-326,-252],[-671,141],[-237,307],[-419,91],[-444,-42],[-161,267],[-435,11],[-880,407],[-196,-28],[-519,278]],[[337298,370883],[-240,252],[-342,-111],[-386,913],[-364,-368],[-406,91],[4,616],[-168,1333],[-253,158],[-74,656],[-506,-222],[-348,1414],[-280,-114],[-64,-695],[-191,-257],[-178,196],[1,456],[25,1016],[-294,740],[-167,799],[91,2862],[-267,856],[118,255],[345,334],[319,496],[-572,1340],[-163,700],[-292,351],[-259,599],[-98,737],[-263,300],[-602,324],[-243,295],[-206,-617],[-257,216],[-2,475],[195,425],[616,1872],[257,286],[183,386],[205,751],[334,505],[7,1175],[-74,192],[-346,50],[-400,196],[57,794],[326,1005],[-259,138],[-236,-83],[-202,144],[-337,-209],[-663,-164],[-292,-370],[-186,528],[20,1128],[-94,482],[-311,769],[-28,690],[-133,264],[-645,180],[-415,344],[-259,345],[-1027,1908],[-585,170],[-495,20],[-915,780],[-342,628],[-273,242],[-415,940],[-158,715],[75,289],[-148,323],[1,601],[218,367],[-24,747],[257,833],[264,571],[98,635],[237,321],[567,75],[250,1031],[261,298],[71,389],[430,616],[246,232],[-548,440],[-255,493],[-217,227],[-668,425],[-570,-50],[-503,-276],[-600,116],[-140,-387],[-316,136],[-255,-39],[-183,259],[-496,313],[-289,312],[-342,-63],[-178,158],[-404,793],[-239,-362],[-401,440],[-276,-84],[-234,357],[-496,32],[-346,840],[-346,-44],[-275,180],[-36,263],[-636,437],[-393,492],[-442,84],[-406,237],[-503,82],[-253,-227],[-241,222],[86,433],[-89,632],[-307,403],[-297,793],[-129,685],[-334,732],[-440,533],[-216,843],[-336,324],[-931,218]],[[355659,487817],[314,-157],[490,61],[748,-511],[556,291],[674,179],[330,-43],[351,-601],[744,-912],[553,-426],[449,-1326],[75,-660],[139,-230],[37,-464],[232,-968],[279,-779],[405,-136],[446,270],[411,-294],[245,-509],[39,-441],[281,-676],[714,-152],[663,-359],[534,-477],[769,135],[421,577],[156,-7],[395,-558],[236,-616],[168,-188],[906,-349],[314,49],[396,-761],[304,-312],[237,-481],[35,-499],[-42,-1415],[191,-592],[574,-621],[133,-238],[295,-997],[79,-487],[231,-27],[466,-438],[311,-875],[296,-1130],[424,-877],[342,101],[174,-503],[-23,-740],[-216,-937],[10,-995],[-80,-1040],[-163,-863]],[[372707,462813],[-161,-623],[-146,-257],[-220,-714],[-92,-638],[-419,-364],[-307,-737],[-269,-999],[-154,-826],[-163,-479],[-200,52],[-672,1257],[-927,633],[-479,198],[-525,82],[-494,180],[-582,-141],[-419,17],[-463,-614],[-278,-80],[-702,248],[-262,-173],[-482,-539],[-67,-566],[324,30],[151,-1071],[-158,-982],[-46,-765],[95,-1008],[110,-539],[172,-408],[186,-1200],[347,-1322],[33,-563],[157,-553],[-67,-1149],[165,-593],[102,-660],[-139,-1401],[-110,-474],[-192,-704],[24,-786],[-88,-502],[-453,-167],[192,-752],[225,-518],[234,-332],[516,-108],[351,244],[-26,-681],[-254,-738],[-175,-194],[-157,-509],[7,-580],[195,-390],[436,-233],[276,-299],[539,-314],[267,-497],[307,-136],[-11,-527],[276,-758],[165,16],[-148,-879],[-366,333],[-208,14],[-180,-527],[252,-226],[176,-1164],[485,-747],[194,-464],[72,-724],[-418,-1016],[-265,-255],[-72,-354],[125,-1091],[-111,-447],[-253,-491]],[[367483,427569],[-338,-182],[306,-528],[5,-444],[-704,-1435],[-316,46],[-243,529],[-53,453],[-162,-53],[-566,-1020],[-455,-383],[-415,123],[-261,635],[-437,730],[-224,75],[-386,453],[-473,112],[-346,833],[-715,152],[-174,480],[-293,-1382],[57,-268],[139,-438],[105,-1726],[-77,-578],[-350,-253],[-256,-31],[-185,-724],[-224,-127],[-83,-383],[-121,-758],[-436,-1633],[-162,-290],[-250,-1140],[-229,-543],[-642,-655],[-338,-778],[-21,-1008],[-307,-451],[-158,-562],[-316,-695],[-204,-294],[-313,-66],[-338,-1444],[-114,-1456],[305,-160],[227,62],[638,-537],[264,-1004],[-1,-296],[244,-334],[-5,-628],[115,-398],[153,-1026],[-138,-368],[96,-454],[-249,-515],[35,-708],[-316,-72],[-7,-466],[205,-1416],[-222,-234],[-426,104],[-2,-804],[-329,229],[-276,-784],[-391,-380],[-721,-326],[-8,-344],[-231,-513],[116,-278],[457,-211],[341,30],[487,-565],[57,-453],[178,54],[161,517],[66,636],[167,126],[721,-503],[212,-630],[-178,-578],[89,-524],[245,-24],[346,-256],[163,-401],[337,53],[256,-231],[175,-737],[319,-374],[422,-14],[470,612],[214,-324],[-71,-389],[342,-1417],[181,-207],[471,-193],[261,-446],[119,-656],[763,-1623],[-62,-635],[157,-504],[-352,-607],[98,-382],[286,-250],[-580,-1253],[-11,-130],[334,-966],[40,-270],[-343,-857],[9,-223],[338,-869],[-150,-1158],[-118,-323],[-213,-414],[-280,-23],[-92,484],[1,539],[-273,589],[-256,1188],[-138,-68],[-183,-586],[-325,669],[-167,140],[-440,-436],[-283,-156],[-142,-292],[-29,-690],[-428,-84],[-247,942],[-168,125],[-843,-901],[-439,442],[-301,-39],[-277,-442],[-535,485],[-255,96],[-179,-496],[-483,279],[-292,39],[-190,462],[-398,61],[-280,183],[-582,23],[-175,-774],[-437,-515],[-850,-386],[-203,-183],[-196,-924],[-204,-419],[24,-712],[-98,-431],[-394,-528],[-330,-662],[-153,-727],[-297,-230],[-592,185],[-525,702],[-397,237],[-300,-68],[-266,809],[-429,550],[-268,-75],[-302,-397],[-138,-907],[-180,-427],[-144,-50],[-628,118],[-225,-356],[-9,-390],[-251,-586],[-221,-55],[-241,234],[-296,882],[-398,834],[-203,82],[-508,-421],[19,-387],[-170,-605],[-252,-36],[-583,285],[-400,-317],[-251,-472],[-260,-66],[-579,647],[-452,115],[-391,480],[-199,72],[-289,-172],[-387,129],[-517,-207],[-126,-767],[-324,-562],[-8,-796],[-215,-339],[-139,-546],[-375,-804],[-165,-596],[-44,-577],[-578,-1051],[-252,-188],[-117,-543]],[[707707,267426],[-465,373],[-258,-186],[-780,813],[11,1051],[4,685],[260,280],[259,-88],[136,288],[-155,853],[87,1308],[-134,396],[-385,272],[-344,883],[167,777],[-23,452],[-280,820],[-259,387],[-154,545],[-26,1007],[-71,394],[-364,331],[-138,307],[245,505],[89,915],[358,110],[158,298],[28,760],[179,9],[220,-300],[444,441],[378,945],[255,191],[237,378],[1,687],[-117,555],[-236,319],[426,358],[-32,615],[130,551],[298,550],[262,934],[12,706],[224,545],[219,1178],[-49,513],[-297,1726],[-112,1437],[-176,826],[-19,447],[139,755],[41,249],[270,478],[-65,486],[260,144],[99,-377],[277,552],[206,101],[337,-250],[221,-12],[233,415],[218,-124],[141,215],[509,306],[-141,333],[234,1102],[417,451],[-26,317],[244,757],[458,96],[100,283],[209,-40],[523,482],[356,835],[232,1019],[115,272],[284,1285],[276,477],[140,485],[247,-4],[537,407]],[[715569,306479],[695,18],[333,-223],[350,-456],[376,-132],[255,107],[330,-372],[141,-342],[318,-176],[106,-303],[477,-82],[246,256],[247,-329],[209,-21],[157,-650],[149,-203],[546,-337],[140,187],[455,-1029],[409,-32],[296,-527],[560,192],[100,-609],[214,-31],[336,-344],[165,149],[583,-302],[37,-625],[163,-287],[203,-690],[420,-349],[100,-284],[229,-87],[16,-326],[365,-429],[174,-865],[347,-595],[374,-810],[226,-273],[399,-1212],[310,-584],[171,-474],[156,-352],[415,-618],[304,-286],[482,-705],[250,-693],[436,102],[158,-652],[201,-502],[-230,-501],[17,-510],[-353,-1006],[57,-347],[-231,-573],[-311,-1005],[-44,-424],[-192,-138],[-286,-737],[-1,-1848],[-86,-442],[126,-583],[300,48],[413,-97],[-2,-669],[211,-272],[412,740],[166,-612],[41,-443],[220,166],[348,-196],[115,245],[228,-55],[123,-452],[214,8],[663,243],[228,-41],[361,-290],[496,307],[832,206],[351,-170],[512,-429],[179,-293],[339,91],[177,-410],[418,97],[816,338],[134,320],[246,-456],[148,386],[171,-853],[261,-13],[24,409],[208,14],[68,747],[365,-102],[111,-324],[476,100],[176,313],[317,-1070],[180,-177],[291,154],[356,-225],[645,348],[609,557],[319,-515],[305,64],[318,-612],[352,-1037],[340,-667],[16,-427],[283,-436],[148,-785],[398,-185],[170,-373],[8,-426],[-320,-728],[175,-215],[301,106],[164,420],[598,457],[52,444],[155,339],[188,928],[288,390],[150,762],[325,59],[141,552],[297,305],[241,453],[540,142],[5,575],[134,924],[-111,851],[71,976],[208,452],[403,516],[-8,416],[257,-127],[15,529],[220,1041],[109,744],[-72,699],[161,146],[-131,668],[271,551],[-44,511],[156,415],[364,459],[48,696],[274,51],[355,1048],[447,477],[324,655],[284,-81],[211,580],[182,135],[102,427],[500,343],[472,573],[240,737],[245,720],[1,347],[231,375],[98,615],[265,533],[265,194],[407,820],[237,222],[275,596],[286,135],[387,8],[242,305],[639,-110],[345,418],[221,-171],[208,92],[190,350],[280,153],[420,-86],[325,202],[499,149],[385,699],[239,41],[809,422],[139,447],[611,184],[617,359],[98,536],[322,198],[592,-476],[261,-293],[313,421],[439,353],[476,585],[183,646],[201,246],[519,-372],[316,133],[430,669],[314,689],[460,334],[72,583],[144,480],[275,162],[54,314],[-113,476],[126,944],[151,638],[192,497],[-65,688],[40,668],[142,972],[331,829],[177,665],[78,722],[423,419],[345,476],[319,644],[208,580],[477,474],[495,1123],[269,960],[87,518],[-50,418],[108,574],[-40,307],[347,745],[267,1527],[330,588],[503,417],[389,679],[103,527],[357,642],[342,3],[430,-426],[653,-22],[443,112],[246,-173],[207,145],[611,-21],[313,383],[12,297],[453,1560],[275,198],[293,551],[451,474],[267,570],[292,356],[203,441],[468,529],[423,215],[334,336],[304,542],[114,-226],[363,-91],[252,-190],[505,-104],[162,-244],[363,837],[244,970],[110,1557],[155,1083],[-73,865],[-479,919],[-720,368],[-815,1112],[67,667],[188,339],[-159,1015],[-123,1246],[368,1131],[64,672],[-242,490],[155,1136],[374,774],[402,1280],[332,566],[5,188],[-901,497],[-310,402],[-17,267],[338,174],[308,535],[60,586],[-67,797],[-110,318],[310,457],[128,1461],[-42,1061],[464,323],[459,-28],[321,142],[244,1085],[469,878],[309,804],[63,388],[572,570],[815,441],[397,-870],[213,-1196],[440,-238],[348,42],[421,188],[581,493],[517,-1113],[581,-58],[85,-189],[156,-1628],[-32,-514],[645,-429],[154,-218],[943,637],[398,546],[310,-80],[113,-554],[275,-528],[256,-96],[651,-525],[298,-6],[362,190],[552,52],[247,-357],[270,-38],[882,307],[762,103],[320,287],[207,615]],[[773295,285662],[-81,-342],[-579,-165],[-275,-208],[-178,50],[-634,-397],[-381,-438],[-474,-1057],[-135,-740],[-13,-436],[-296,-226],[-585,-1296],[-125,-1041],[-126,-223],[-463,-40],[-183,-259],[-391,-1380],[-324,-186],[-75,-422],[-180,-112],[-91,-384],[-447,-671],[-130,-550],[-296,-77],[-700,-723],[-232,-71],[-64,-358],[-236,-312],[-124,-837],[27,-586],[-366,-518],[-497,-484],[-386,-165],[-642,-402],[-244,-414],[-269,-98],[-163,-334],[-448,-348],[-573,-1000],[-392,-1482],[-335,-846],[-62,-581],[-222,-731],[145,-119],[81,-505],[-86,-459],[-564,-750],[89,-960],[-494,-986],[62,-718],[-128,-510],[-333,130],[-262,-120],[-166,-307],[-112,-635],[-338,-697],[3,-623],[-385,-552],[202,-325],[44,-372],[-123,-311],[-377,-321],[-220,-729],[-353,-358],[8,-473],[-147,-696],[112,-430],[-70,-630],[-246,-396],[109,-471],[-170,-483],[-285,-155],[209,-957],[-5,-819],[117,-1111],[-325,-734],[-346,-1199],[26,-384],[292,-157],[-232,-955],[-348,-870],[158,-502],[-131,-1496],[-89,-521],[155,-478],[-105,-410],[105,-577],[-268,-613],[116,-545],[56,-742],[597,-196],[-3,-288],[-316,-541],[-48,-299],[270,-463],[890,-249],[76,-114],[-29,-837],[88,-295],[234,-161],[1,-445],[207,-514],[70,-647],[342,-237],[125,-317],[61,-569],[-314,-1255],[46,-611],[263,-990],[274,-313],[-2,-413],[-565,-442],[-256,-364],[-236,-766],[-317,-255],[-259,-744],[-421,-164],[-47,-660],[-446,-309],[-72,-568],[-366,-682],[-203,-154],[-348,-830],[-29,-702],[-335,-343],[-209,-446],[-298,-903],[128,-224],[-24,-640],[-190,-32]],[[621865,422622],[76,1060],[-45,1002],[132,727],[37,679],[320,472],[1008,360],[358,231],[477,494],[601,737],[371,547],[677,1982],[327,740],[25,779],[-232,524],[-206,1358],[215,775],[771,1502],[239,348],[606,1118],[196,505],[159,644],[238,664],[455,631],[584,487],[675,238],[720,-48],[215,255],[470,1643],[103,1004],[-187,960],[23,446],[186,597],[98,1115],[145,393],[153,838],[-43,750],[111,782],[-196,756],[-106,702],[-280,643],[-1063,1219],[-294,429],[-134,924],[157,236],[-79,684],[35,306],[308,524],[274,940],[-78,1193],[276,1366],[903,1119],[55,155],[-264,1554],[-247,618],[-405,510],[-312,775],[-498,276],[-119,189],[-165,677],[-177,1005],[-56,653],[-221,461],[-233,727],[-79,977],[-105,432],[65,578],[-41,567],[-259,925],[252,1298],[-42,412],[-200,858],[-438,1392],[-293,690],[-473,1501],[-471,1214],[-467,1516]],[[626453,480962],[858,-72],[269,-293],[145,-368],[486,-238],[179,-245],[498,-292],[317,-286],[405,815],[608,903],[380,387],[240,889],[341,601],[238,268],[269,51],[196,-152],[762,-913],[632,-1026],[431,-293],[822,-1145],[371,-247],[330,-631],[621,-332],[625,-798],[326,-893],[82,-683],[151,-654],[135,-1306],[96,-220],[576,-803],[188,-548],[82,-555],[510,140],[608,400],[308,344],[321,1],[180,-175],[351,-716],[43,-687],[-104,-410],[9,-517],[1724,49],[735,-104],[244,490],[469,299],[542,-218],[341,358],[206,-54],[447,192],[724,464],[708,525],[305,753],[761,263],[570,557],[440,339],[320,-294],[520,-70],[190,-174],[-2,-2089],[-127,-405],[137,-708],[541,-433],[369,60],[530,-261],[490,-56],[506,110],[335,-137],[581,-667],[233,-1001],[387,424],[132,315],[594,733],[118,426],[347,408],[203,86],[285,783],[304,582],[118,1004],[344,323],[196,334],[439,509],[381,618],[66,303],[374,487],[128,799],[86,931],[-18,629],[-106,1115],[49,447],[231,493],[370,73],[376,447],[386,222],[691,19],[268,289],[299,532],[310,274],[341,131],[722,78],[155,-104],[628,37],[688,400],[901,-286],[385,-306],[1254,-394],[600,60],[392,-466],[492,-18],[708,282],[172,305],[280,-71],[775,163],[635,-498],[826,-254],[561,-458],[375,-162],[540,-651],[597,-593],[431,-774],[538,-220],[200,-261],[300,-632],[542,-244],[759,-747],[536,-383],[441,138],[273,-179],[294,-22],[673,207],[312,-279],[243,-697],[935,498],[620,20],[921,-997],[-487,-1292],[31,-1581],[195,-799],[43,-1043],[-25,-853],[43,-516],[292,-1612],[43,-610],[131,-535],[105,-784],[221,-394],[107,-462],[71,-876],[223,-153],[362,406],[934,894],[186,280],[762,908],[434,963],[778,997],[157,542],[378,883],[415,1707],[67,400],[474,680],[421,904],[1023,1609],[112,451],[-235,893],[-457,958],[-285,970],[127,916],[413,1231],[400,222],[150,669],[225,665],[1,950],[163,695],[5,1147],[69,594],[-92,423],[111,287],[393,215],[800,284],[654,-246],[275,-574],[298,-88],[-33,559],[-70,2538],[-44,833],[-127,3528],[47,1216],[624,339],[392,109],[332,277],[689,-269],[342,172],[458,18],[496,213],[119,-757],[163,-372],[305,-1089],[415,-737],[575,-176],[-123,-314],[-372,-576],[-171,-571],[204,-1190],[-77,-717],[337,-1505],[299,-230],[200,-673],[-15,-253],[164,-669],[26,-638],[400,-632],[103,-278],[-39,-723],[-385,-767],[-153,-698],[64,-552],[493,-474],[466,-595],[21,-518],[145,-541],[-67,-1579],[117,-808],[-195,-605],[26,-822],[-83,-510],[51,-672],[-382,-997],[34,-863],[294,-657],[142,-519],[182,-338],[150,-2089],[395,-897],[55,-672],[-76,-542],[-13,-741],[73,-688],[7,-1117],[318,-767],[340,-1125],[-37,-1039],[27,-1097],[154,-702],[513,-473],[165,-400],[238,-1174],[207,-247],[645,-138],[479,-1138],[529,-675],[416,-867],[48,-392],[-160,-818],[213,-658],[316,-109],[362,99],[298,-741],[443,-301],[372,-113],[443,-817],[568,-535],[100,-437]],[[661078,420521],[-475,-58],[-259,-298],[-400,-139],[-563,-1134],[-278,-806],[250,-1144],[-13,-528],[-163,-729],[-212,-343],[-502,-321],[-255,34],[-350,436],[-403,47],[-297,-345],[-177,-561],[-412,-730],[-91,-281],[-56,-1168],[-156,-1255],[173,-908],[-601,-848],[-212,10],[-258,267],[-421,-536],[-78,-798],[-172,-479],[-1179,-1231],[-351,-591],[-272,-227],[-278,135],[-219,-205],[-233,-726],[-244,-355],[-440,-309],[-583,-714],[-482,-339],[-719,-109],[-552,29],[-318,-350],[-504,-1304],[-156,-546],[-132,-907],[-261,-1353],[-178,-631],[-294,-445],[-639,-323],[-274,403],[-390,127],[-617,-281],[-570,-131],[-576,-335],[-755,-842],[-382,56],[-286,-153],[-386,172],[-406,-950],[-254,-392],[-461,-1155],[-127,-1112],[-425,-758],[-665,581],[-231,-152],[-370,316],[-177,277],[-606,684],[-331,-128],[-125,614],[-132,14],[-159,-661],[-420,73],[-256,205],[-393,61],[-1041,385],[-276,-319],[-203,-12],[-445,323],[-216,57],[-572,-174],[-255,348],[-259,-22],[-220,-312],[-370,-277],[-348,272],[-737,286],[-806,34],[-417,146],[-641,83],[-181,-58],[-454,-748],[-178,376],[-157,1218],[-149,575],[46,732],[-41,761],[256,309],[57,302],[-57,659],[444,788],[-252,1491],[82,363],[-82,313],[-24,1000],[144,1170],[304,1027],[-113,174],[-519,143],[-561,245],[-221,-136],[-324,206],[-471,117],[-416,601],[-602,49],[-559,551],[-507,43],[-503,163],[-443,-76],[-552,458],[-209,319],[-301,687],[-378,1177],[39,446],[303,1083],[251,1091],[583,1091],[336,1065],[493,1200],[349,676],[305,842],[362,436],[118,402],[336,277],[250,516],[399,317],[468,1022],[-67,499],[-941,727],[-334,94],[-479,388],[-396,-131],[-143,71],[-586,-210],[-901,-412],[-410,-364],[-750,455],[-396,575],[-272,281],[-214,430]],[[628480,126406],[-85,616],[-233,214],[-378,38],[-238,334],[-358,993],[152,405],[231,-431],[240,-160],[217,122],[-121,477],[2,417],[-205,249],[-151,799],[-34,487],[-331,548],[-170,32],[-17,497],[475,-64],[635,-193],[264,525],[-51,800],[-252,115],[-283,529],[83,450],[538,-142],[52,428],[-24,720],[125,335],[-124,329],[-5,567],[-116,510],[-181,167],[-281,617],[140,665],[-143,618],[278,-115],[178,280],[388,298],[119,493],[22,925],[-83,805],[-233,-5],[-112,-345],[-357,139],[-297,240],[-38,377],[-410,408],[-24,270],[-326,357],[-35,595],[507,885],[735,-333],[165,317],[29,888],[-678,933],[-167,859],[306,819],[-104,664],[132,1729],[118,251],[88,912],[-74,827],[-358,436],[-583,-43],[-124,260],[104,906],[141,698],[289,695],[200,696],[226,42],[-45,395],[146,654],[250,277],[252,88],[-126,578],[253,466],[22,237],[453,513],[339,144],[356,360],[46,389],[-118,399],[44,324],[-466,175],[-177,789],[162,646],[177,305],[165,-76],[256,274],[583,39],[277,171],[257,576],[63,793],[108,266],[-84,378],[-667,804],[-679,266],[-396,-308],[-484,97],[-215,442],[-39,569],[206,270],[1250,-89],[143,-92],[1217,156],[104,543],[-222,369],[-281,-140],[-286,325],[192,557],[181,251],[49,354],[-195,632],[-453,-46],[-309,-581],[-424,-164],[-415,479],[75,607],[353,564],[132,669],[148,-12],[369,915],[-20,985],[206,274],[431,-621],[291,312],[125,580],[-56,645],[-250,801],[-282,268],[-183,931],[290,592],[194,-158],[156,515],[352,431],[-30,691],[-214,733],[135,545],[-77,598],[-403,701],[-164,1574],[114,978],[488,1338],[625,1011],[572,729],[205,181],[676,902],[276,262],[410,562],[930,1489],[-54,777],[71,1670],[160,498],[237,261],[890,1842],[331,419],[225,556],[84,835],[27,1295],[338,1802],[-18,1118],[124,833],[39,1507],[104,405],[330,818],[62,502],[167,543],[282,653],[63,616],[324,684],[69,913],[315,554],[-40,462],[-293,577],[-45,635],[77,491],[674,512],[341,588],[-206,389]],[[639897,213383],[125,177],[424,203],[704,-210],[134,593],[891,-44],[631,456],[399,-168],[226,-263],[319,-166],[408,-129],[413,463],[304,-321],[300,10],[429,-644],[197,-161],[436,-114],[274,-329],[1001,-600],[180,20],[500,-621],[261,-202],[263,271],[808,372],[139,-37],[184,-616],[413,-919],[374,-625],[209,24],[107,-534],[395,405],[658,-244],[179,52],[422,-469],[464,497],[535,-755],[355,-347],[410,113],[263,411],[318,-160],[155,331],[411,-702],[93,-319],[-141,-1240],[41,-583],[290,-465],[421,24],[155,-119],[278,174],[430,-23],[524,-616],[294,-734],[288,-315],[458,268],[280,416],[287,36],[174,-339],[342,-250],[384,-105],[263,-668],[632,-138],[325,138],[517,-169],[239,-646],[-70,-888],[251,-184],[228,-554],[-108,-440],[-25,-1336],[77,-403],[355,-171],[172,-382],[734,115],[528,-232],[151,-574],[474,-350],[183,199],[753,63],[737,360],[349,364],[615,970],[139,911]],[[646874,96207],[-498,154],[-30,333],[-308,548],[-501,106],[-781,506],[-414,165],[-1138,118],[-700,118],[-826,48],[-550,37],[-2341,435],[-362,278],[-399,448],[-778,523],[-926,368],[-717,171],[-361,-84],[-1098,-511],[-413,-335],[-905,-210],[-722,877],[-211,410],[-452,1373],[-367,161],[-720,3053],[236,100],[153,439],[-7,342],[-204,679],[37,402],[-163,297],[-671,-131],[-62,272],[99,466],[-113,396],[-442,-222],[-209,172],[-155,658],[327,414],[43,254],[-698,2139],[31,1326],[947,1691],[266,895],[259,357],[268,955],[50,1044],[141,798],[-62,256],[-188,1756],[40,1242],[223,2598],[-30,912],[-128,524],[-206,291],[-856,-63],[-802,-150]],[[312149,423235],[-300,-241],[-108,125],[0,704],[-145,1057],[-113,231],[-432,394],[-336,-9],[-95,560],[-203,208],[-97,469],[-229,97],[-132,431],[-163,111],[-401,-228],[-427,848],[-406,23],[-167,314],[-321,181],[-69,399],[-243,411],[34,561],[-354,426],[127,514],[-170,159],[-125,580],[24,371],[-213,429],[270,242],[62,308],[-573,634],[-417,153],[-198,-355],[-471,-381],[-265,157],[-200,-143],[-304,-567],[-393,101],[-101,163],[-531,287],[-340,479],[-458,-78],[-391,337],[-221,455],[-224,93],[-479,-10],[-86,178],[296,768],[169,624],[13,356],[-443,406],[-557,131],[-135,-71],[-401,286],[-399,-58],[-206,-333],[-128,-756],[-30,-763],[-383,-493],[-303,-844],[-39,-444],[-308,344],[-220,-117],[-164,-524],[-310,-271],[-49,-296],[-244,-205],[-290,820],[-109,733],[75,758],[-270,945],[-278,90],[-289,-363],[-227,-607],[-428,24],[-371,358],[-300,-58],[-603,704],[-189,63],[-382,405],[-860,287],[-261,-20],[-1044,361],[-784,1208],[-366,257],[-288,-141],[-393,168],[-477,357],[-543,704],[-609,328],[-714,802],[-389,946],[-391,178]],[[346396,515983],[-72,-717],[208,-656],[23,-630],[272,-454],[5,-1197],[309,-908],[153,-212],[-34,-1017],[324,-471],[143,-32],[477,-647],[617,57],[197,-142],[194,-388],[469,-661],[196,-791],[331,-805],[478,-513],[-115,-602],[5,-500],[-134,-509],[233,-1078],[162,-291],[335,-929],[49,-374],[-36,-1002],[110,-816],[-110,-713],[-294,-672],[237,-376],[597,-156],[576,233],[264,-213],[447,-13],[333,202],[225,-252],[76,-622],[427,94],[221,-113],[-183,-890],[64,-336],[398,-430],[168,-1054],[377,-741],[-259,-861],[-13,-542],[136,-564],[230,-506],[443,-414],[203,-1293],[45,-611],[-114,-709],[-130,-329]],[[355659,487817],[-320,56],[-680,532],[-213,-127],[-484,-24],[-257,-587],[-365,-1078],[-417,-905],[-213,-112],[-415,-547],[-106,-859],[-160,-393],[133,-570],[-187,-1204],[42,-721],[-305,-948],[-129,-1129],[-142,-705],[-276,-640],[-448,-259],[-271,-618],[-625,-776],[-379,-306],[-265,-769],[-76,-837],[-141,-689],[17,-394],[-173,-315],[-275,-211],[-291,-689],[-307,154],[-197,-84],[-301,-463],[-116,-521],[273,-1228],[12,-1456],[-44,-702],[-224,-272],[-165,-620],[-273,-587],[-537,-779],[-183,57],[-375,-474],[-233,-526],[-400,-114],[-652,-988],[-380,-429],[-611,62],[-323,-326],[-555,-117],[-49,-260],[194,-1226],[4,-687],[155,-711],[197,-1336],[-63,-751],[-238,-720],[-540,21],[-500,-158],[-381,-218],[-248,-628],[-25,-524],[-358,-648],[-302,-388],[-227,-489],[-384,-300],[-486,-576],[-588,-372],[-123,-353],[296,-372],[52,-338],[453,-712],[212,-484],[-11,-529],[98,-893],[-52,-293],[-395,-681],[-168,-135],[-235,-527],[-404,-1182],[-129,-158],[-246,-174],[-916,-76],[-667,103],[-766,431],[-132,-543],[-206,-359],[-208,-744],[-74,-622],[-175,-336],[-470,27],[-334,-79],[-459,398],[-435,119],[-542,258],[-276,-50],[-202,-220],[-421,152],[-365,-108],[-222,556],[-291,1499],[-165,493],[-414,563],[-352,-58],[-120,201],[86,739],[-454,424],[-179,511],[-700,202],[-227,1429],[-102,141],[-504,-311],[-280,426],[-892,191],[-221,124],[-581,102],[-404,-303],[-516,-208],[-468,486],[-447,291],[-109,-141],[-38,-570],[-115,-280],[176,-253],[-34,-499],[-703,-930],[-75,-263],[-95,-997],[-244,-555],[-252,-1286],[-197,-303],[-207,231],[-30,408],[74,1012],[-447,-112],[-761,-340],[-310,214],[-271,-455],[-315,-213],[-226,180],[-125,331],[-542,-46],[-660,-855],[-334,-82],[-147,-405],[-710,-457],[-177,-7],[-178,-466],[-395,-87],[-133,-174],[-529,-114],[-826,-410],[28,-311],[-322,-520],[-351,52],[-484,-1031],[-233,-162],[-141,-506],[-117,-1219],[-124,-568],[0,-499],[-222,-950],[-194,-622],[-341,-411],[-174,72],[-353,-587],[-902,33],[-315,-253],[-187,-1185],[-9,-573],[459,-461],[123,-383],[722,-790],[182,-435],[458,-160],[-27,-573],[145,-368],[18,-727],[245,-1093],[-90,-685],[39,-1070],[-116,-717],[85,-820],[-19,-829],[-258,-774],[-294,-519],[-202,-824]],[[346396,515983],[-252,20],[-388,260],[-354,68],[-241,236],[-191,155],[-537,28],[-259,-240],[-433,-142],[-221,108],[-300,-116],[-228,237],[-262,-167],[-254,47],[-412,257],[-326,-233],[-743,-115],[-293,56],[-403,423],[-148,465],[-266,495],[-257,98],[-502,603],[-270,167],[-372,58],[-289,236],[-242,366],[-115,665],[-478,107],[-503,427],[-168,326],[-249,65],[-342,374],[-248,19],[-336,528],[-273,60],[-568,-389],[-427,5],[-522,232],[-495,-1],[-597,140],[-433,234],[-769,1051],[-516,-220],[-153,130],[-418,802],[-431,300],[-295,506],[-149,710],[172,852],[-78,739],[22,765],[-542,346],[-324,38],[-582,-188],[-628,-522],[-224,-25],[-280,-308],[-349,-46],[-555,-819],[-366,-1083],[-634,-987],[-365,-244],[-667,577],[-308,197],[-539,-99],[25,382],[442,987],[-4,722],[-263,387],[-254,45],[-363,353],[-252,-288],[-372,-673],[527,-1015],[-153,5],[-427,424],[-85,-517],[-649,-617],[-418,-592],[-259,-592],[-213,-743],[-113,-662],[-212,59],[-728,-823],[-132,-408],[-184,-1081],[-403,241],[-902,58],[-297,158],[-446,73],[-331,778],[-369,296],[-213,331],[-636,339],[-148,312],[-335,203],[-243,585],[-543,491],[-256,88],[-208,398],[-342,-258],[-728,25],[-548,-679],[-355,-22],[-436,1013],[-295,395],[-453,429],[-405,-409],[-538,226],[-483,87],[-355,480],[-607,384],[-265,730],[-235,266],[-327,127],[-372,285],[-816,79],[-515,155],[-391,294],[-84,214],[-64,861],[-129,431],[-221,1553],[-682,996],[-6,832],[65,665],[-2,987],[-155,505],[-345,372],[-332,493]],[[323846,610128],[161,-432],[356,-452],[43,-388],[244,-391],[302,-780],[426,-139],[487,-613],[867,-421],[559,-9],[98,-416],[232,-414],[339,337],[852,64],[271,-471],[425,-50],[170,-386],[67,-825],[338,-887],[25,-398],[337,-1228],[451,-658],[204,-520],[253,-1091],[322,-312],[88,-903],[423,-595],[275,-1229],[201,288],[438,1153],[547,860],[343,369],[393,1096],[208,-9],[511,-556],[562,-148],[177,-311],[426,401],[311,-211],[416,556],[192,49],[277,492],[330,259],[579,594],[388,630],[386,-339],[313,157],[746,25],[478,-111],[259,321],[226,-39],[373,-499],[135,-502],[238,-174],[528,111],[475,511],[444,755],[366,81],[787,-156],[195,452],[327,79],[606,-709],[453,-42],[334,-138],[544,-829],[507,-284],[519,212],[404,-453],[302,152],[284,833],[411,160],[136,672],[479,-131],[188,-182],[892,91],[778,-635],[261,-298],[513,-123],[686,78],[180,144],[462,-198],[301,49],[424,399],[335,-312],[151,-977],[220,-59],[489,-604],[398,-251],[719,115],[16,-915],[280,-210],[233,-1014],[453,-551],[166,-477],[76,-906],[272,-400],[428,-322],[673,471],[470,-209],[546,470],[271,62],[286,-375],[738,-687],[355,83],[457,-217],[963,-1624],[324,-357],[329,382],[789,219],[513,-121],[304,-326],[483,-717],[383,-466],[304,72],[535,-242],[677,-12],[897,-476],[469,-863],[204,498],[603,689],[443,240],[150,-1171],[157,-444],[384,-366],[305,-625],[489,-806],[465,-1061],[376,-262],[72,-393],[436,-1202],[47,-936],[-23,-622],[681,-1050],[325,-271],[224,-336],[109,-744],[195,-124],[539,290],[246,267],[441,120],[328,-14],[308,159],[267,349],[664,-53],[461,-352],[479,188]],[[379077,581625],[-214,-474],[-144,-1208],[75,-815],[-58,-658],[115,-386],[257,-232],[51,-253],[-226,-949],[19,-396],[182,-482],[-64,-516],[185,-824],[228,-699],[216,-372],[74,-486],[-94,-289],[39,-604],[-82,-679],[313,-837],[-177,-340],[-143,-907],[-157,-259],[-576,-252],[-191,-994],[216,-444],[26,-475],[235,-1085],[-662,-913],[-312,-639],[-254,-14],[-178,-321],[-518,105],[-381,-14],[-359,282],[-229,357],[-314,-316],[-151,-514],[-59,-628],[91,-403],[296,-258],[52,-350],[236,-195],[129,-418],[-109,-856],[37,-442],[-151,-1114],[-504,-1060],[-48,-381],[-250,-497],[-187,-828],[122,-1317],[-6,-785],[-159,-761],[-906,336]],[[374408,553766],[-1252,736],[-846,-431],[-739,-637],[-235,-969],[-187,-302],[-747,-441],[-539,-99],[-386,21],[-411,-345],[-785,-467],[-104,11],[-378,583],[-318,791],[-418,491],[-587,513],[-210,-94],[-685,-936],[-708,16],[-271,153],[-344,8],[-187,-198],[-207,-630],[-298,-318],[-671,56],[-451,385],[-278,-4],[-231,-199],[-376,256],[-582,-47],[-172,414],[-259,61],[-90,321],[-422,-244],[-553,940],[-359,258],[-245,-239],[-488,-206],[-297,-497],[-2,-184],[-298,-1357],[-619,-1239],[-489,-525],[-706,-429],[-104,-241],[62,-587],[-366,-1341],[-148,-805],[225,-1498],[226,-384],[356,-893],[357,-1429],[217,-168],[708,-928],[346,-517],[466,-114],[244,202],[132,-130],[291,-744],[171,-229],[207,45],[94,-324],[-15,-1413],[-357,-977],[-129,-660],[-175,-1667],[-371,-706],[22,-315],[-296,-507],[-140,-435],[-490,594],[-195,427],[-301,280],[-221,581],[-308,71],[-174,343],[-536,-97],[-243,621],[-269,474],[-467,96],[-148,288],[-424,161],[-232,353],[-68,408],[-551,319],[-259,584],[-424,197],[-264,308],[-568,125],[-409,-145],[-224,-276],[-59,-351],[-236,-3],[-73,-485],[15,-855],[-257,-810],[141,-687],[-181,-951],[7,-442],[-191,-1006],[71,-799],[134,-422],[-185,-590],[60,-728],[-122,-361],[20,-369],[294,-426],[-545,-834],[-229,-44],[-166,-443],[-570,-754],[-815,-826],[-478,-154],[-431,-43],[-626,134],[-228,-44],[-319,187],[-102,-127],[244,-571],[257,-270],[695,-1143],[160,-150],[42,-564],[165,-906],[286,-971],[236,-557],[548,-1036],[243,-237],[603,-1298],[460,-319],[265,-349],[28,-606],[-649,-641],[-315,-69],[-423,65],[-340,185],[-491,512],[-276,112],[-327,-43],[-253,186],[-461,-274],[-456,-530]],[[303383,535837],[-333,-12],[-474,-524],[-61,-392],[-220,-155],[-419,197],[-278,-408],[-674,-406],[-327,239],[-807,432],[-576,-42],[-358,-293],[-62,-294],[20,-714],[273,-1098],[-135,-935],[-240,-477],[-792,-646],[-433,-995],[-206,-249],[-577,-322],[-202,84],[-411,-666],[-380,-253],[-404,-988],[-424,-112],[-1477,513],[-434,-52],[-312,209],[-491,479],[-604,100],[-326,-383],[-334,265],[-330,88],[-239,269],[-212,15],[-357,379]],[[261100,551563],[275,621],[401,642],[129,686],[-68,326],[-468,572],[-51,781],[94,277],[550,-167],[71,505],[-23,967],[96,692],[-53,273],[161,820],[-16,438],[82,861],[313,917],[157,680],[-77,373],[-274,404],[-94,409],[91,1157],[285,613],[134,782],[-270,537],[155,521],[221,41],[316,-163],[318,-579],[207,-1044],[335,-123],[172,365],[250,1192],[224,398],[270,715],[729,498],[439,-333],[228,62],[333,711],[202,1350],[-56,933],[85,505],[231,446],[217,692],[279,503],[855,677],[331,115],[449,-356],[323,-579],[688,-171],[133,-339],[-7,-667],[131,-447],[747,-600],[316,-590],[166,-792],[276,-322],[245,-77],[214,160],[231,390],[114,714],[-130,752],[-370,750],[-119,539],[272,681],[436,487],[332,965],[188,1103],[12,918],[374,902],[-54,466],[-519,412],[-150,418],[83,420],[213,383],[326,101],[237,626],[-23,422],[-255,950],[-391,785],[-68,614],[393,580],[288,1004],[-575,813],[-191,656],[109,764],[378,600],[115,628],[659,1682],[-49,499],[9,1044],[112,320],[715,276],[477,-9],[375,366],[242,-76],[452,-420],[614,158],[842,-220],[644,191],[299,-138],[371,-350],[135,35],[500,563],[396,-124],[241,180],[195,1116],[179,287],[310,164],[472,-379],[320,54],[176,472],[338,110],[291,345],[8,826],[170,498],[354,458],[-34,460],[100,1356],[641,1451],[19,702],[134,612],[472,590],[349,170],[201,758],[396,313],[145,336],[102,900],[130,144],[445,84],[574,613],[132,737],[180,247],[590,460],[520,66],[355,221],[504,989],[492,41],[417,-263],[782,699],[112,401],[348,586],[131,696],[228,136],[402,721],[321,866],[282,358],[798,717],[420,882],[210,3],[388,322],[206,37],[181,-899],[565,-784],[374,60],[374,273],[285,501],[745,71],[463,246],[321,278],[1023,1278],[130,502],[32,856],[232,318],[138,787],[710,1349],[-67,1257],[153,1237],[-53,1106],[-259,1888],[-152,910],[140,395],[273,387],[606,624],[389,727],[-37,2092],[-117,343],[-25,819],[-141,804],[1,753],[414,409],[361,1023],[96,645],[930,1366],[77,440],[296,375],[200,985],[323,340],[48,358],[918,1811],[399,279],[407,581],[289,551],[460,273],[803,-7],[377,-286],[227,-11],[755,467],[102,539],[176,8],[343,-460]],[[309447,640477],[401,-248],[320,-430],[311,81],[327,-357],[213,-804],[280,-424],[728,393],[294,-120],[185,-271],[386,-126],[413,-429],[354,-244],[269,159],[356,-461],[677,-650],[789,-638],[701,-1130],[267,-507],[354,-353],[866,7],[659,459],[335,-266],[219,15],[523,-185],[659,-107],[-46,-655],[136,-710],[93,-1201],[333,-1781],[440,-994],[242,-884],[169,-860],[803,-1946],[14,-1073],[202,-876],[452,-828],[478,-244],[617,-790],[80,-269],[-26,-602],[90,-1184],[-613,-1145],[-237,-528],[-295,-1418],[98,-434],[392,-62],[314,329],[179,-459],[102,-722],[-74,-969],[-110,-543],[7,-1107],[-190,-465],[-31,-628],[-106,-665]],[[323846,610128],[-392,-400],[-865,-409],[-388,-836],[-467,-758],[-594,-544],[-517,-36],[-476,347],[-276,434],[-192,575],[-403,508],[-228,616],[-110,521],[45,455],[-286,112],[-633,504],[-541,-485],[-273,-542],[-490,-1203],[-149,-1160],[-135,-157],[-705,-286],[-188,-710],[-450,-885],[-25,-556],[237,-635],[-49,-657],[-295,-831],[-315,-679],[-419,-1069],[-490,-482],[32,-487],[396,-1255],[239,-1072],[119,-907],[-126,-705],[-528,-239],[-183,14],[-97,-355],[-527,-608],[-87,-281],[-260,-245],[-274,-764],[-348,-489],[-123,-340],[-376,-645],[-182,-152],[-380,56],[-292,-546],[34,-802],[-168,-284],[-49,-393],[-183,-403],[-596,-212],[-250,-371],[-278,-650],[-318,-158],[-353,-482],[-235,-628],[-267,-166],[-30,-540],[-173,-323],[-494,230],[266,-536],[98,-464],[-198,-763],[54,-490],[349,-271],[57,-878],[-60,-958],[-135,-624],[73,-852],[210,211],[262,-248],[373,-665],[252,-114],[546,166],[276,-3],[590,-270],[442,-29],[230,137],[321,402],[130,397],[714,-229],[120,-1495],[-87,-536],[184,-884],[4,-825],[239,-2507],[72,-543],[677,-384],[239,-215],[267,-692],[-137,-1381],[-146,-657],[65,-501],[-143,-782],[294,-570],[134,-496],[-3,-407],[-148,-226],[-1016,-354],[-277,-32],[-233,-221],[-254,-504],[-53,-439],[153,-1389],[-194,-926],[50,-611],[-212,-458],[-325,-239],[-371,43],[-386,-638],[-320,-282],[-683,307],[-286,-137],[-488,-1437],[-624,-1039],[-360,-294],[-297,-504],[-456,-1099],[-598,-373],[-259,-32],[-743,340],[-370,10],[-290,172],[-178,-120],[-253,154],[-298,733],[-314,-63],[-729,1171],[-338,76],[-303,529],[-135,510],[-525,443],[-280,-346],[-264,-64],[-531,470],[-293,80],[-185,232],[-396,1216],[-74,-801],[-119,-482],[-164,-176],[-513,190],[-538,-778],[-58,-895],[194,-547],[-22,-538],[-278,-974],[-226,-1219],[-116,-352],[401,-222],[645,-830],[413,-294],[174,-278],[856,-698],[295,-808],[278,-65],[517,-493],[424,-209],[746,85],[449,-56],[714,-280],[428,-300],[325,-374],[397,436],[-20,593],[113,387],[309,170],[220,-102],[118,-315],[-378,-1189],[-46,-560],[661,-635],[265,-62],[124,-260],[560,-797],[275,-252],[508,88],[326,-202],[835,585],[358,612],[351,-512],[-36,-1000],[-198,-1483],[284,-576],[-64,-388],[87,-1514],[-252,-520],[158,-209],[68,-422],[-119,-397],[-372,-464],[-230,-979],[-305,-242],[-709,-202],[-832,484],[-392,-38],[-361,485],[-319,-535],[-517,-647],[-362,-904],[-281,-276],[-778,-226],[-151,-281],[-132,-777],[-369,-665],[-17,-606],[-132,-753]],[[387872,259412],[184,131],[526,707],[97,619],[-53,282],[628,960],[247,143],[124,284],[-187,948],[-307,183],[-361,638],[-401,55],[-132,576],[-285,468],[-81,606],[110,350],[-90,703],[223,355],[-157,459],[243,338],[342,135],[131,491],[42,726],[135,209],[54,629],[120,208],[-21,712],[138,482],[-122,144],[-280,-227],[-73,597],[120,295],[-392,126],[-84,374],[177,689],[-13,517],[-356,147],[263,375],[-187,266],[400,764],[-145,735],[139,186],[-210,463],[133,305],[231,-76],[14,672],[352,-156],[107,652],[242,1007],[-203,153],[-140,630],[294,534],[151,1247],[110,138],[-39,609],[114,318],[-180,446],[-58,510],[-225,550],[-114,25],[-40,636],[-250,497],[-158,592],[120,323],[-57,450],[-377,391],[-113,368],[8,486],[-255,358],[-212,556],[59,1189],[-369,237],[51,467],[-252,81],[-233,311],[0,404],[-165,291],[-94,463],[-331,90],[-196,809],[259,477],[77,367],[219,219],[-58,256],[117,914],[-318,270],[276,993],[334,339],[19,612],[156,259],[161,1441],[306,-34],[226,210],[103,475],[-2,979],[150,367],[95,627],[312,283],[105,549],[336,898],[193,147],[267,987],[25,440],[-149,186],[103,369],[-117,516],[-90,190],[97,1393],[-75,564],[109,463],[-42,274],[-241,423],[-9,594],[-185,480],[4,430],[-115,391],[-219,197],[-22,364],[-266,476],[173,401],[-30,386],[-276,632],[191,430],[263,35],[44,1728],[-148,814],[134,537],[-123,313],[194,402],[-5,428],[118,417],[182,27],[75,409],[-143,698],[61,443],[-58,708],[155,531],[-240,719],[135,637],[-37,461],[149,115],[-7,407],[-135,599],[30,418],[187,390],[37,298],[-431,98],[128,381],[31,581],[-324,103],[90,865],[-420,145],[126,423],[-25,429],[-172,662],[158,573],[22,455],[-83,773],[-284,573],[-96,763],[-207,221],[-23,443],[-181,287],[24,630],[168,79],[139,442],[-160,450],[122,627],[-36,456],[-166,783],[-169,393],[49,545],[-216,511],[28,372],[-180,176],[-176,972],[135,701],[53,674]],[[387294,342177],[295,43],[599,573],[273,-64],[196,297],[397,-35],[405,-1071],[351,-352],[369,-1101],[208,-460],[349,108],[174,437],[324,-75],[203,-262],[333,894],[13,405],[-179,530],[488,492],[234,510],[170,792],[139,227]],[[392635,344065],[126,-322],[383,-1362],[-22,-724],[606,-245],[370,169],[628,95],[811,-70],[481,-170],[999,632],[326,345],[288,104],[263,712],[175,708],[234,315],[431,-479],[252,-69],[340,-437],[391,-312],[145,204],[308,-10],[255,362],[539,-482],[84,356],[414,754],[166,-4],[229,-346],[462,-156],[190,-844],[483,-929],[242,27],[343,-576],[169,-1050],[-24,-360],[207,-53],[642,459],[197,240],[324,-61],[149,-317],[11,-472],[322,-875],[213,-852],[268,-198],[213,-958],[514,-514],[261,-18],[6,413],[325,1118],[25,498],[932,-121],[87,139],[87,855],[179,153],[274,303],[361,-194],[335,-445],[229,-586],[153,-744],[264,-644],[407,-238],[286,-514],[392,22],[359,692],[222,245],[180,520],[410,203],[488,-493],[198,395],[338,-29],[319,-488],[377,1],[154,-412],[-112,-626],[132,-645],[140,-191],[278,200],[204,-72],[434,-1022],[96,-411],[-52,-461],[270,-105],[372,691],[238,105],[329,-130],[333,356],[410,-427],[592,-129],[202,-433],[483,-547],[295,-151],[551,72],[782,759],[249,392],[300,914],[355,-143],[341,-850],[294,59],[563,808],[116,-51],[319,-738],[509,-265],[374,137],[488,837],[421,-534],[74,-229],[428,-98],[279,212],[392,-220],[246,-291],[297,403],[325,-469],[363,-342],[353,-554],[297,-42],[291,-256],[368,-581],[475,-90],[303,148],[402,-108],[455,-559],[371,-219],[431,-106],[49,-336],[460,-744],[532,-384],[271,-387],[327,-73],[229,153],[228,-115],[218,205],[307,69],[436,-324],[495,-11],[136,228],[657,-315],[274,-391],[514,-260],[191,-334],[52,-522],[142,-540],[668,-813],[240,-460],[171,-552],[298,33],[518,1025],[445,205],[211,-115]],[[438955,326171],[-64,-890],[161,-273],[-22,-450],[-123,-338],[139,-333],[-174,-404],[25,-432],[-97,-274],[215,-216],[-224,-300],[-286,-1803],[167,-485],[-158,-809],[-384,-160],[-328,-508],[-521,-469],[-181,-440],[-414,-546],[-427,-1038],[-251,-472],[-653,-165],[-500,-851],[-132,-532],[64,-317],[-152,-576],[58,-313],[255,-162],[66,-276],[-170,-363],[-323,157],[-211,-267],[66,-318],[276,-407],[-176,-330],[-232,15],[-214,261],[-139,-310],[153,-782],[-471,-294],[-300,124],[51,-536],[-246,-694],[-434,-366],[87,-289],[-136,-371],[-267,376],[-272,-222],[-284,152],[-164,-506],[-167,-1177],[201,-1551],[106,-223],[-109,-435],[149,-338],[137,-765],[523,-880],[-93,-592],[135,-320],[180,136],[92,-432],[-41,-808],[-214,-490],[38,-1033],[-26,-993],[778,-352],[294,98],[108,482],[521,-214],[161,-500],[-84,-295],[98,-506],[40,-732],[-172,-205],[-55,-448],[90,-234],[-64,-549],[-239,-467],[51,-604],[-222,-472],[-116,-634],[28,-311],[326,-509],[398,-42],[-50,-493],[-393,-516],[-259,-105],[-104,-551],[95,-292],[-102,-395],[212,-732],[-31,-455],[-200,119],[-200,-312],[-166,-144],[100,-541],[177,157],[204,-584],[-96,-1004],[264,-844],[237,234],[416,-702],[7,-686],[-56,-829],[-250,-638],[-76,-573],[142,-129],[123,-627],[-123,-591],[258,-1040],[239,120],[158,-249],[236,24],[227,-294],[-168,-401],[299,-58],[111,-572],[276,-394],[261,-30],[-70,-921],[178,-579],[-76,-444],[214,-714],[-48,-821],[211,-705],[63,-720]],[[436700,271943],[-452,28],[-3778,325],[-7708,736],[-1208,57],[-3378,302],[-1680,131],[-2344,211],[-3249,347],[-1748,139],[-2187,171],[139,-319],[239,-133],[-7,-586],[-216,-174],[-135,-366],[-43,-597],[249,115],[420,-390],[209,-36],[-31,-636],[303,-293],[174,33],[202,370],[190,-237],[-343,-642],[15,-882],[241,-658],[-192,-755],[-198,-1233],[-404,-643],[-468,90],[-198,-455],[-461,-286],[-284,-322],[301,-744],[-263,-757],[141,-455],[593,-984],[194,-120],[-21,-466],[197,-761],[188,-148],[128,-380],[541,-270],[190,-427],[468,-202],[218,-898],[251,-34],[26,-561],[-308,-46],[-128,-373],[67,-408],[-129,-906],[-159,-321],[-94,-504],[-394,-615],[-44,-218],[-295,-158],[-182,-544],[-418,-16],[-435,-855],[-432,-272],[-116,-366],[29,-693],[78,-288],[315,-504],[-197,-698],[218,-1024],[-347,-849],[-257,-377],[-307,-245],[-740,-68],[-242,-714],[-53,-791],[156,-442],[59,-792],[-119,-416],[-157,226],[-269,68],[-131,-482],[-313,-220],[-185,124],[-115,-356],[-718,-1022],[179,-468],[27,-961],[-482,94],[-540,-477],[196,-481],[-189,-245],[-276,38],[-269,-322],[-252,7],[-269,-928],[-260,-38],[-349,-409],[-316,216],[-399,-239],[-297,385],[-285,-53],[-206,259],[-100,405],[-346,-76],[-428,219],[51,-359],[-252,-294],[-132,-452],[87,-395],[-492,182],[-568,378],[-345,-516],[-390,588],[-209,174],[-634,-282],[-44,370],[-201,290],[-19,66],[-2430,3946],[-880,3127],[816,4303],[1,76],[-1859,2568],[-2085,2965],[-1493,1127],[-226,140],[-781,969],[-341,532]],[[287144,441460],[-246,580],[-135,762],[17,431],[303,982],[46,704],[-261,460],[-254,1035],[-304,-173],[-360,-20],[-1033,-955],[-258,226],[-809,893],[-351,152],[-212,465],[14,370],[-245,424],[-55,420],[-455,468],[-123,481],[-221,352],[-202,829],[-108,157],[-570,243],[-276,352],[-97,420],[31,563],[-67,886],[-321,518],[-394,447],[-81,431],[-249,340],[-620,182],[-422,31],[-192,213],[-671,-205],[-264,113],[-854,-418],[-136,1357],[-226,706],[-549,-79],[-359,239],[-108,340],[-69,775],[22,1669],[-181,520],[-227,-197],[-370,100],[-353,300],[-598,-271],[-390,331],[-317,289],[-360,-73],[-380,128],[-247,-417],[-338,-277],[-339,-143],[-444,-355],[-487,81],[-293,-97],[-160,-849],[-788,-229],[-280,126],[-307,-141],[-184,-261],[-771,377],[-558,119],[-715,926],[-275,597],[-280,422],[-728,376],[-560,-628],[-617,-225],[-578,-555],[-506,-180],[-629,1010],[-412,294],[-380,32],[-555,310],[-285,15],[-523,-203],[-530,581],[-172,39],[-207,-45],[-538,-1158],[-394,-1169],[-204,-123],[-637,-10],[-134,-183],[-77,-566],[-477,228],[-170,-364],[-391,-108],[-150,493],[34,473],[-592,977],[-457,937],[-132,532],[-560,583],[-228,155],[-461,-57],[-646,-598],[-282,349],[-207,60],[-271,318],[-404,907],[-294,164],[-239,-130],[-402,139],[-863,-1037],[-172,-684],[34,-419],[-139,-242],[-663,-168],[-586,26],[-421,-863],[-482,-731],[-538,-680],[-109,-520],[-209,159],[-631,714],[-922,353],[-268,-264],[-393,-1201],[-240,-426],[-132,-637],[-424,-303],[-255,-1676],[-276,-1043],[-296,-472],[101,-573],[-506,29],[-181,-225],[-491,-1368],[-55,-871],[-361,-797],[-568,60],[-235,-190],[-380,819],[-579,365],[-257,524],[-589,714],[-322,1020],[-365,659],[-488,647],[-420,-56],[-727,436],[-607,-251],[-693,322],[-90,184],[-249,1199],[-654,1862],[-176,1489],[283,114],[412,379],[629,-272],[288,524],[274,1151],[333,235],[355,27],[142,651],[-198,368],[33,869],[-215,106],[-144,-355],[-148,121],[-49,423],[-502,-294],[-333,-591],[-290,-178],[-151,467],[-287,283],[-49,863],[-289,811],[-286,230],[-43,905],[-175,1323],[-310,303],[-247,414],[-184,615],[-369,125],[-355,269],[-281,-72],[-243,156],[-132,-331],[-439,-445],[-304,-165],[-56,-613],[-169,-392],[-300,-1372],[390,-800],[362,-527],[229,-1035],[895,-1208],[250,-715],[339,-668],[100,-402],[-16,-942],[-161,-550],[-559,-717],[-292,-133],[-438,-852],[-364,-530],[-459,154],[-289,-165],[-206,137],[-361,11],[-177,-144],[-366,-557],[-235,-646]],[[228749,455549],[-298,-41],[-405,226],[-301,298],[-470,787],[-549,99],[-140,-82],[-368,234],[-555,38],[-464,566],[-462,266],[-190,840],[-515,771],[-526,-571],[-238,-485],[-579,141],[-461,-225],[-547,-103],[-391,131],[368,1069],[100,537],[59,794],[-413,1516],[-363,393],[-571,906],[-440,1284],[-424,698],[-211,184],[-160,583],[-256,160],[-453,26],[-648,414],[-200,0],[-271,303],[-332,358],[-511,-44],[-590,407],[-338,71],[-358,643],[-300,344],[-408,-87],[-172,-522],[-528,-1044],[-251,-580],[-589,86],[-229,952],[98,817],[-164,648],[-26,610],[-177,439],[-149,1233],[-108,317],[-235,222],[-610,-98],[-205,413],[-265,258],[-327,-128],[-351,580],[-428,227],[-395,1178],[-368,867],[-598,-352],[-315,-68],[-570,728],[-134,482],[-365,193]],[[207109,476456],[-192,970],[-1,429],[311,1130],[36,639],[361,558],[228,552],[117,856],[-101,796],[-7,927],[54,521],[424,1633],[331,611],[205,764],[73,726],[284,743],[365,773],[167,1163]],[[242833,555171],[334,-275],[571,-72],[370,361],[-93,621],[252,459],[532,77],[268,346],[359,42],[218,-717],[-581,-1167],[81,-527],[628,-315],[518,-499],[488,-199],[197,-49],[569,-765],[674,-1375],[180,-597],[347,-150],[844,608],[399,-394],[197,-32],[492,585],[160,50],[306,-243],[608,-310],[168,91],[402,141],[885,751],[1030,-419],[143,426],[300,429],[715,350],[457,-122],[257,-236],[62,-382],[-344,-1088],[-1,-558],[387,-348],[646,-49],[567,-419],[221,205],[364,1],[629,-609],[193,-95],[298,111],[261,748],[255,326],[349,150],[442,337],[357,536],[306,652]],[[261100,551563],[541,-76],[250,179],[339,-18],[293,-193],[707,-46],[291,-611],[379,-352],[203,-426],[1318,-1774],[48,-429],[216,-117],[640,539],[171,-90],[1109,129],[327,-641],[401,-437],[291,-496],[459,-612],[878,-240],[318,-685],[458,74],[431,-439],[278,-70],[186,-266],[379,-124],[143,302],[420,320],[551,242],[509,-137],[494,-457],[181,-262],[314,303],[237,585],[339,145],[265,-247],[423,86],[81,-655],[247,-321],[341,312],[344,-79],[157,-447],[490,55],[157,-234],[474,-15],[219,270],[222,-67],[255,-344],[305,-164],[322,62],[379,-165],[264,15],[305,-433],[302,-276],[263,-770],[342,-345],[338,-668],[0,-309],[184,-411],[457,-39],[268,-308],[518,-109],[303,-303],[1041,-1644],[142,-657],[161,-1244],[-185,-527],[5,-1093],[318,-384],[410,-832],[1,-444],[-167,-535],[-298,-467],[81,-497],[250,-824],[8,-541],[243,-699],[415,-386],[365,28],[357,-513],[243,228],[152,743],[250,483],[174,101],[331,574],[105,-329],[267,-318],[438,-284],[196,204],[407,-95],[497,-364],[136,-468]],[[289767,528690],[-176,-1040],[-48,-1175],[68,-511],[-135,-187],[-198,-823],[-285,-91],[-144,-645],[-31,-507],[-239,-316],[-121,-774],[247,-871],[-27,-125],[300,-758],[-8,-925],[-295,-1009],[-313,-209],[-120,-254],[-52,-520],[98,-921],[-60,-594],[-279,-615],[-251,-735],[-112,-680],[-467,-217],[-90,-550],[90,-1132],[-122,-375],[-517,-562],[-576,-105],[-388,-400],[-491,-713],[-705,-1161],[-21,-552],[237,-1346],[6,-463],[164,-647],[-6,-1114],[-179,-434],[-765,-833],[-200,-106],[-254,142],[-960,-427],[-802,-131],[-99,-494],[121,-959],[312,-732],[-118,-833],[106,-376],[316,-292],[572,-138],[156,-652],[338,-384],[64,-321],[-227,-1349],[-110,-381],[-32,-818],[124,-902],[345,-310],[220,-719],[365,-729],[257,-360],[234,-546],[292,-358],[685,-539],[58,-195],[-94,-1972],[-262,-234],[-290,-885],[-230,-259],[19,-296],[235,-283],[125,-787],[-28,-392],[-391,-503],[-437,-342],[-190,-510],[-618,-535],[-344,-755],[-19,-422],[149,-905],[-100,-673],[112,-670],[371,29],[-89,-627],[63,-597],[-121,-497],[-241,-254],[-34,-645],[557,-36],[499,-312],[319,-331],[199,-546],[87,-813],[-27,-580],[-137,-391],[21,-502],[531,-1431],[230,-408],[-95,-193],[147,-502],[46,-524],[379,-283],[611,-1348],[480,-575],[51,-222],[-20,-1196],[408,-1159],[129,-157],[51,-732],[379,-844],[19,-697],[378,-412],[120,-364],[327,-200],[211,-413],[163,-651],[318,-154],[313,161],[443,-288],[315,-359],[260,269],[233,-197],[181,-467],[400,-156],[384,-277],[103,-282],[-116,-107],[-157,-652],[-349,-366],[-163,-5],[-433,-541],[-86,-435],[185,-735],[14,-922],[-84,-259],[-334,-191],[-92,-291],[-240,411],[-316,54],[-232,-222],[-65,-477],[-289,-584],[-954,-877],[-168,-1315],[-248,-622],[90,-371],[-256,-1377],[86,-894],[-161,-686],[45,-505],[-102,-306],[41,-541],[-120,-288],[120,-1035],[182,-544],[14,-416],[-207,-316],[-282,-701],[-8,-282],[224,-396],[-57,-463],[-240,-899],[43,-249],[-259,-441]],[[902378,191151],[-430,476],[-431,852],[-326,511],[-903,960],[-172,441],[-158,680],[-47,1404],[-172,386],[-340,444],[-110,387],[-317,639],[-389,313],[-202,-9],[152,847],[13,432],[183,657],[-86,347],[-14,612],[-432,920],[-251,267],[-297,593],[-450,465],[-366,-194],[-259,154],[-302,630],[-508,-331],[-519,-6],[-597,-512],[-187,-65],[-381,194],[-635,-86],[-262,168],[-495,-10],[-365,-297],[-1110,-731],[-421,-397],[-636,404],[-31,295],[-649,93],[-343,345],[-222,415],[-591,402],[-337,-105],[-198,101],[-339,-57],[-338,-249],[-636,-759],[-274,-88],[-496,-354],[-654,-339],[-258,-538],[64,-596],[-109,-169]],[[884745,201093],[-245,-77],[-235,300],[-178,642],[79,617],[-106,246],[-530,754],[-159,447],[-253,123],[-378,477],[38,837],[-42,592],[-354,966],[-111,961],[-279,541],[-298,787],[-61,340],[47,656],[-186,675],[-580,507],[-260,524],[-73,609],[-223,956],[-224,326],[-572,308],[-596,478],[-338,706],[-37,444],[-241,1327],[-209,135],[-515,69],[-274,315],[-110,668],[46,298],[363,524],[12,585],[-157,1445],[-605,210],[-259,596],[11,316],[202,450],[298,59],[447,-472],[205,1],[356,319],[-11,528],[-322,527],[-178,270],[-95,418],[274,1882],[-141,475],[-478,1065],[-256,1639],[155,707],[67,968],[-87,385],[-253,513],[-936,941],[-294,788],[-653,597],[-143,453],[174,457],[179,823],[677,1032],[114,807],[-798,1151],[-71,368],[39,513],[357,949],[526,1194],[95,671],[-65,721],[-459,834],[-376,416],[-287,549],[-375,903],[-524,585],[-241,1232],[-366,570],[-276,590],[-757,741],[-335,90],[-567,416],[-204,298],[-293,1028],[-513,982],[-375,420],[-364,535],[-252,34],[-622,-181],[-307,238],[-246,739],[-105,651],[-388,341],[50,509],[489,837],[69,436],[-278,1153],[-235,692],[-39,446],[119,557],[-12,631],[-313,629],[53,482],[333,1452],[292,370],[267,-71],[229,212],[203,589],[286,1289],[344,833],[-229,665],[-104,622],[-273,-7],[-903,698],[-419,443],[-257,-422],[-241,366],[-513,5],[-362,334],[-314,22],[-112,166],[-19,593],[-107,392],[-288,-326],[-396,-17],[-435,-720],[-224,-82],[-462,-799],[-221,197],[-462,-67],[-316,449],[-405,-151],[-361,120],[-292,-38],[-532,561],[-139,4],[-144,-526],[-280,-262],[-222,-416],[-294,-1008],[-436,-615],[-138,-488],[-256,-504],[-218,-717],[-387,219],[-634,572],[-336,663],[-327,166],[-389,-92],[-457,-438],[-117,-313],[-384,-421],[-368,-116],[-483,-443],[-241,-3],[-188,-301],[-542,-530],[-768,-219],[-523,299],[-263,284],[-253,-189],[-597,357],[-448,-191],[-356,324],[-911,517],[-291,19],[-265,599],[-395,619],[-205,0],[-375,481],[-332,167],[-409,41],[-230,311],[-174,483],[-381,470],[-375,787],[-606,-130],[-209,95],[-362,-59],[-626,328]],[[850378,388255],[551,352],[544,939],[1293,-84],[365,-268],[466,60],[764,996],[152,-141],[178,-751],[391,-669],[390,-343],[509,89],[415,-216],[429,298],[411,-38],[500,-1397],[89,-729],[339,-1049],[441,-743],[101,-944],[280,-908],[394,-52],[604,-237],[524,-359],[1182,-1346],[394,-789],[21,-349],[-130,-483],[-86,-981],[97,-1160],[301,-350],[211,-469],[502,-2086],[305,-394],[-94,-914],[127,-691],[686,-641],[1271,-552],[339,-914],[75,-3048],[80,-699],[-81,-900],[216,-766],[-31,-596],[250,-928],[521,-1205],[283,7],[458,-261],[361,-624],[155,-418],[793,460],[711,117],[318,-105],[470,-669],[586,-731],[234,-133],[268,-442],[263,-891],[113,-154],[1010,-363],[408,-311],[558,-88],[764,-154],[504,379],[271,-98],[292,-284],[669,-172],[810,518],[309,66],[305,-343],[106,186],[695,146],[241,148],[560,154],[347,-246],[364,51],[89,-461],[186,-261],[221,706],[204,965],[620,1329],[178,289],[153,520],[39,513],[157,445],[471,571],[615,412],[238,-134],[536,604],[321,590],[42,273],[310,406],[240,58],[312,-312],[173,288],[553,-394],[303,-134],[421,-371],[545,-194],[585,-439],[384,353],[288,-171],[269,-326],[350,50],[530,-216],[554,-18],[42,-1862],[222,-474],[320,-150],[307,-459],[515,-527],[265,-570],[570,-19],[160,148],[228,-134],[177,192],[374,-32],[300,243],[440,160],[262,272],[495,-414],[407,-85],[300,619],[291,-201],[129,-392],[474,-128],[666,351],[225,893],[395,1040],[348,483],[98,512],[364,819],[439,389],[442,35],[424,418],[578,323],[427,-143],[633,440],[177,272],[508,41],[228,287],[452,914],[245,220],[575,233],[145,143],[409,830],[77,-471],[594,-154],[197,-275],[86,-1131],[-49,-477],[479,-361],[409,-1082],[-26,-354],[-223,-738],[-577,-336],[-548,203],[-1394,-444],[-612,-417],[-148,-198],[-102,-657],[450,-84],[535,19],[202,-171],[625,-255],[392,-61],[401,-195],[1157,-953],[166,-38],[403,-395],[240,-90],[574,-439],[526,-188],[148,58],[909,703],[443,677],[325,345],[155,339],[646,853],[437,418],[124,834],[484,182],[292,486],[470,322],[516,639],[230,-512],[246,-105],[199,294],[340,-21],[373,324],[414,-229],[388,399],[558,-205],[422,-41],[279,-379],[321,-228],[437,34],[388,362],[200,-77],[372,123],[400,-594],[244,212],[245,500],[589,750],[58,401],[370,625],[145,678],[209,450],[191,1770],[617,360],[648,94],[207,-252],[436,-305],[214,-254],[192,-504],[372,-28],[316,199],[272,-78],[171,-403],[294,-1083],[463,-733],[-45,-741],[142,-679],[122,-1472],[255,-717],[110,-1433],[-271,-1028],[102,-1331],[-29,-466],[197,-226],[275,142],[220,312],[711,-15],[698,-834],[316,-791],[36,-386],[182,-524],[151,-73],[243,343],[76,948],[319,833],[726,645],[501,-117],[171,384],[353,335],[111,248],[-2,1737],[405,431],[779,153],[599,-311],[577,381],[889,329],[536,-214],[213,158],[544,-374],[29,-1167],[-318,-576],[-74,-288],[-432,-945],[269,-629],[-185,-634],[41,-740],[163,-420],[-93,-754],[104,-637]],[[840649,34063],[-1339,-153],[33,-365],[-226,-15],[-23,-526],[-158,-520],[306,-888],[-114,-232],[233,-1270],[-110,-758],[229,-21],[29,-698],[-118,-478],[25,-392],[-323,-214],[-598,16],[-339,-122],[-258,-592],[-443,-155],[-257,-499],[-192,-51],[-109,-321],[-254,-50],[-210,153],[-401,41],[-94,575],[-166,95],[-311,-291],[-196,-25],[-30,-426],[-160,-143],[-7,-456],[-203,-196],[23,-398],[-140,-273],[-523,-220],[-257,248],[-464,-89],[-46,-1056],[184,-272],[-77,-255],[-237,201],[-193,-552],[-451,266],[-160,290],[-116,-581],[-237,218],[-200,-492],[-3558,1770],[-1462,897],[-1519,1130],[-765,523],[-397,331],[-198,296],[-474,-161],[-332,-707],[195,-1120],[-234,-90],[-224,171],[-19,-836],[-380,-102],[-160,-273],[-283,-24],[-97,-262],[84,-480],[-46,-338],[-221,-12],[-246,-345],[-247,-1056],[-296,-124],[-68,-417],[313,-34],[-47,-704],[89,-485],[-363,-279],[-428,-776],[-370,269],[-44,-499],[-177,-52],[-411,224],[-151,-434],[-231,297],[136,444],[-267,256],[-139,-445],[-270,331],[-605,2110],[-1874,383],[-560,183],[-42,491],[-176,860],[-335,350],[31,1126],[-104,55],[-148,100],[-80,406],[-379,-68],[-1666,773],[-2306,1118],[-2251,1158],[-150,106],[12,398],[-248,212],[-248,-62],[-155,-361],[-180,286],[-20,409],[-249,315],[-416,156],[23,681],[148,432],[-2,337],[216,501],[-147,342],[-267,-45],[-5,510],[-279,-51],[-245,259],[-121,641],[-254,-185],[-141,228],[-266,52],[-93,408],[-221,113],[-113,-325],[-239,245],[-1584,964],[-1018,690],[-908,102],[-367,165],[-978,478],[-109,531],[-584,807],[-145,491],[19,391],[-273,963],[-762,1398],[-111,366],[168,328],[-148,1448],[-335,-139],[-163,834],[30,753],[-332,317],[-104,514],[-268,336],[-374,841],[-214,2],[-337,257],[-727,292],[-401,508],[-786,156],[-487,-608],[-255,-430],[-1525,471],[-738,281],[-582,909],[-813,907]],[[646874,96207],[178,510],[406,686],[127,340],[110,956],[47,1300],[124,-112],[548,112],[361,-191],[562,50],[325,166],[295,315],[-116,728],[-564,482],[13,737],[84,447],[-87,928],[-755,258],[-861,24],[-182,233],[761,626],[320,707],[148,919],[-97,605],[-672,1285],[-389,859],[-714,68],[-351,969],[-151,464],[313,517],[90,532],[-200,782],[205,655],[200,189],[61,570],[157,489],[219,120],[268,564],[-24,1033],[154,595],[247,1080],[159,357],[332,230],[156,-220],[744,221],[284,154],[256,442],[205,935],[6,1183],[-164,712],[-1013,1095],[-64,269],[-1,123],[-84,487],[129,467],[181,-35],[329,384],[90,464],[223,208],[323,519],[445,374],[221,329],[456,403],[310,-38],[776,511],[270,639],[501,519],[357,663],[352,136],[498,-2],[228,-269],[329,258],[204,639],[-11,738],[330,1315],[-174,660],[-28,421],[-295,539],[8,781],[-101,401],[-103,1005],[-69,1100],[28,369],[-289,532],[-116,436],[0,567],[109,683],[286,428],[216,928],[362,740],[419,1184],[169,1204],[-138,2241],[370,789],[-219,392],[-115,463],[18,364],[157,372],[-201,1072],[-208,679],[-32,480],[119,361],[106,717],[433,746],[-42,723],[46,783],[-62,493],[-334,811],[-81,929],[-597,1231],[-277,256],[-232,690],[3,905],[-308,699],[125,402],[187,1059],[374,657],[368,315],[235,628],[3,594],[419,510],[98,1396],[210,665],[736,176],[231,197],[206,530],[23,529],[-64,519],[112,777],[360,967],[460,531],[345,38],[205,246],[53,378],[-29,1633],[160,437],[791,617],[247,364],[99,635],[-306,1470],[-56,900],[66,1506],[333,977],[300,187],[391,-177],[300,191],[304,772],[238,351],[168,1195],[272,450],[570,474],[194,565],[167,238],[480,315],[230,387],[555,1142],[340,918],[44,486],[-112,691],[198,949],[392,721],[304,219],[192,324],[596,589],[476,1055],[88,952],[192,737],[-2,620],[-193,1081],[42,301]],[[707012,197195],[-80,-426],[-338,-320],[-259,-633],[43,-1022],[-444,-742],[-248,-661],[-488,-704],[-175,-699],[-119,-170],[-596,-235],[-109,-467],[21,-613],[-120,-704],[87,-576],[256,-787],[298,-262],[-3,-297],[-242,-187],[-264,-414],[-206,87],[-79,-633],[395,-469],[255,-96],[186,-344],[-189,-590],[-330,-459],[-193,-483],[48,-519],[283,114],[160,362],[465,-151],[154,-577],[-146,-524],[-94,-708],[-143,-116],[-365,275],[46,-422],[301,-359],[-26,-624],[-298,-267],[-123,350],[-200,153],[-278,-100],[-233,-656],[-179,32],[-111,-467],[235,-361],[-211,-489],[-179,-195],[-65,-689],[-272,-337],[52,-645],[-160,-591],[102,-592],[-262,-872],[-230,-363],[-887,-2140],[-347,-687],[-277,-867],[-375,-488],[-529,-483],[-145,-227],[-336,-1045],[-236,-1061],[-184,-579],[-382,-901],[-87,-748],[53,-1116],[-458,-2283],[-386,-1133],[-118,-836],[-12,-1087],[-169,-1066],[124,-976],[-1,-889],[-357,-1086],[-249,-276],[-40,-374],[169,-1186],[-79,-523],[-225,-795],[26,-963],[-122,-591],[-289,-424],[114,-704],[-369,-1053],[-121,-1308],[-354,-425],[-82,-599],[-441,-781],[-17,-855],[-161,-440],[183,-326],[-373,-801],[138,-521],[-241,-333],[-524,-363],[106,-470],[-126,-268],[279,-717],[-236,-180],[-251,280],[-215,-236],[-87,-314],[503,-250],[25,-561],[-492,174],[-189,-301],[228,-187],[-69,-385],[33,-704],[406,-450],[96,-321],[-170,-324],[-181,288],[-165,-176],[-218,-1070],[-1,-297],[495,-79],[-506,-583],[-221,-1079],[-603,-221],[-134,-236],[33,-445],[-165,-579],[-109,-1246],[-92,-519],[-386,-621],[-331,48],[-131,-166],[104,-687],[150,-148],[-106,-633],[33,-458],[-117,-404],[-312,278],[-290,-268],[-20,-306],[-221,-263],[-101,-511],[-562,-777],[183,-493],[13,-709],[85,-314],[-227,-360],[-14,-348],[179,-952],[318,-951],[-39,-1001]],[[690358,120112],[-105,107],[-2015,1028],[-1648,793],[-885,492],[-978,4604],[-1285,349],[-563,-997],[-1466,-2829],[-194,-250],[-1672,-1513],[-521,-433],[-271,-353],[-123,734],[196,536],[-475,1492],[-252,-286],[-36,-300],[-243,8],[-1,765],[-184,-18],[-164,386],[-402,-997],[-309,-1388],[-424,-2349],[-47,-138],[-991,743],[-520,-2352],[-1128,839],[-220,-56],[-1843,-3696],[-935,-1911],[-1329,507],[-183,74],[-682,-496],[-260,-314],[-249,-401],[118,-336],[-217,-196],[116,-388],[-104,-661],[-3,-463],[-187,-457],[169,-518],[-163,-509],[-1867,1216],[-151,-67],[-67,-893],[32,-842],[-114,-502],[-524,-634],[-743,-336],[-461,-113],[-199,-332],[-465,-453],[97,-224],[-438,-302],[-249,-341],[-249,8],[-962,840],[-81,131],[-961,835],[-335,278],[-217,-663],[-222,-278],[-574,-43],[-236,249],[-565,800],[-1240,206],[-192,-493],[-155,-830],[-260,-703],[-613,-1061],[-698,-769],[-966,-283],[-375,-1249],[-108,-213],[-396,-1415],[-224,-395],[-163,-13],[-346,-475],[-211,-97],[-501,285],[-251,308],[-203,582],[-810,-755],[-880,-1507],[-1661,-2979],[-1002,765]],[[761514,138492],[-273,450],[-77,554],[55,337],[-36,626],[115,270],[-329,1020],[-323,286],[-214,450],[-375,241],[-404,415],[-178,330],[-273,171],[-132,459],[-320,483],[-232,670],[-15,536],[-120,296],[-196,12],[-476,-311],[-385,235],[-92,453],[-214,112],[-88,407],[-229,205],[-183,363],[-336,919],[-198,123],[-119,495],[-532,774],[-613,475],[-271,413],[-364,109],[-600,972],[-231,254],[-11,454],[-132,370],[-462,-322],[-61,273],[131,549],[-88,440],[-186,-60],[-593,522],[-262,0],[-307,540],[-262,57],[-550,547],[-317,-86],[-447,688],[-1184,566],[-801,803],[-322,122],[-312,336],[-227,30],[-454,621],[-609,490],[-690,738],[-721,491],[-642,628],[-387,188],[-732,747],[-591,263],[-165,215],[-345,23],[-251,163],[-293,0],[-261,187],[-449,68],[-443,-173],[-387,-24],[-262,155],[-674,-62],[-413,98],[-711,-132],[-261,20],[-648,-124],[-639,173],[-220,57],[-25,422],[-220,80],[-135,-243],[-436,-154],[-565,68],[-884,226],[-344,-138],[-274,43],[-454,-256],[-774,199],[-349,-358],[-182,411],[-209,-54],[-496,457],[-289,-254],[-240,56],[-321,470],[-419,284],[-398,123],[-329,484],[-241,565],[-142,939],[-341,376],[-74,549],[-603,1179],[-333,849],[-115,611],[-279,514],[-227,977],[100,463],[-145,729],[30,538],[-230,1080],[-206,376],[80,686],[-91,754],[-87,211],[-261,-152],[-174,844],[48,668],[-808,1158],[-274,-172],[-387,95],[104,627],[-72,406],[-296,8],[-209,589],[-275,346],[-113,665],[-297,915],[-464,1962],[-137,851],[33,635],[252,1491],[-11,597],[-1002,950],[-1058,480],[-196,366],[-464,91],[-253,152],[-227,575],[-371,116],[-425,280]],[[718031,190540],[-454,381],[-202,419],[-268,58],[-335,418],[-281,486],[-267,50],[-435,938],[-545,293],[-246,-692],[-754,-934],[-116,-418],[-326,-387],[-350,-673],[-528,-1301],[-249,-197],[-337,710],[-149,626],[-394,294],[-140,917],[-581,546],[-417,184],[-531,817],[-353,110],[-341,602],[-121,516],[231,215],[145,387],[259,178],[105,797],[353,1006],[-294,360],[-712,619],[-565,753],[-392,102],[-265,203],[-338,-326],[-314,-800],[-362,-297],[-150,-305]],[[707012,197195],[-204,-53],[-336,162],[-272,-30],[-436,584],[-261,165],[-624,648],[-272,2],[-440,442],[-325,463],[-178,569],[-634,463],[-181,-85],[-159,229],[-493,332],[-135,304],[-209,-58],[-451,563],[-216,411],[-648,32],[-386,293],[-112,229],[-627,305],[-334,-14],[-303,194],[-153,407],[-355,-202],[-365,122],[-481,596],[-547,60],[-455,367],[-502,641],[-229,86],[-169,-199],[-176,-817],[-372,-683],[-401,-105],[-1172,-685],[-281,-25],[-363,298],[-173,-9],[-426,-476],[-141,-739],[-181,-218],[-262,-578],[-265,-297],[-244,-21],[-40,-464],[-484,-1257],[-514,-525],[-505,0],[-288,-175],[-180,-589],[-493,-552],[-50,-447],[-337,-908],[-573,-120],[-211,-144],[33,-596],[-302,84],[-212,-413],[-199,-155],[-318,-1203],[-380,-559],[-128,-39],[-289,-258],[-132,192],[-210,-180],[-639,-200],[-280,-829],[-350,-118],[-415,410],[-263,374],[-295,-426],[-202,284],[-556,161],[-178,233],[-628,-520],[-379,39],[-190,491],[-327,430],[-437,-214],[-261,-488],[-284,114],[-407,441],[-433,141],[-246,-192],[-347,298],[-261,-119],[-406,-893],[-530,-644],[-210,997],[-28,533],[-371,9],[-489,289],[-210,-207],[-322,169],[-376,541],[-440,-95],[-156,-151],[-52,-818],[292,-394],[-619,13],[59,407],[-306,548],[-312,36],[-15,375],[-549,533],[-351,-116],[-210,-491],[-76,-853],[-192,-382],[-331,-146],[-843,111],[-647,436],[-413,-166],[-362,351],[-662,100],[-396,-69],[-655,725],[-249,743],[-301,1086],[-209,127]],[[666936,195574],[320,1494],[125,342],[305,255],[867,-165],[156,219],[-27,483],[-363,268],[-137,454],[306,466],[151,541],[-30,258],[-270,516],[-394,-423],[-313,-86]],[[667632,200196],[-89,-5],[-426,-576],[-131,53],[-256,1111],[-591,-132],[-87,735],[-227,489],[246,846],[422,-252],[376,231],[331,485],[102,326],[-175,536],[-338,441],[-151,362],[8,312],[231,1114],[626,-235],[494,-569],[697,-332],[163,91],[354,627],[235,120],[25,372],[-195,542],[-392,412],[-170,327],[-312,936],[-3,838],[125,870],[247,884],[-86,837],[-260,217],[-635,-582],[-361,7],[-639,-162],[-79,363],[43,718],[-100,617],[7,501],[162,1559],[-115,330],[-59,625],[86,712],[0,580],[111,684],[-8,574],[-148,445],[-254,441],[-340,1323],[-10,1079],[-245,1088],[-189,311],[-392,111],[-269,-163],[-333,343],[-125,400],[-180,157],[-217,590],[-524,471],[-305,608],[-388,317],[-458,-95],[-194,192],[-144,459],[-270,262],[-584,112],[-410,-440],[-278,138],[-557,946],[-333,1098],[-14,528],[138,513],[35,906],[-59,233],[-563,229],[-309,530],[-117,1039],[-70,1055],[-151,1004],[-408,982],[122,261],[110,791],[366,1185],[367,627],[692,74],[878,805],[819,-41],[102,61],[178,1031],[-52,1203],[-62,483],[61,433],[309,607],[392,497],[280,204],[662,-30],[405,252],[388,533],[296,750],[374,1276],[0,869]],[[664860,247818],[149,216],[617,138],[303,311],[322,567],[404,304],[548,-449],[231,438],[302,-269],[39,-561],[170,-267],[417,238],[253,-690],[277,-438],[39,-838],[446,248],[59,-483],[-257,-515],[-212,-609],[-241,-296],[31,-382],[646,-803],[212,-132],[361,-523],[706,-166],[398,86],[193,501],[319,537],[709,586],[338,-537],[359,-67],[167,-420],[7,-814],[794,-348],[269,-434],[138,-567],[212,59],[141,562],[312,-169],[-17,-682],[214,-494],[241,-298],[365,134],[143,324],[-44,530],[216,324],[243,-400],[-169,-506],[323,32],[354,-155],[397,314],[418,68],[98,622],[375,-47],[244,-169],[333,-43],[140,380],[574,-180],[233,-187],[456,254],[202,-116],[77,-265],[798,238],[322,-33],[313,-247],[347,383],[449,212],[636,-137],[783,671],[281,31],[49,382],[204,1],[151,474],[-195,306],[203,256],[242,-100],[179,-321],[114,-740],[307,246],[34,-324],[-336,-544],[142,-167],[251,132],[134,-390],[-235,-397],[462,-511],[558,-1362],[53,-315],[777,302],[517,-51],[173,595],[239,276],[385,47],[178,399],[415,341],[-97,290],[141,379],[273,-276],[435,407],[168,50],[199,-668],[345,-153],[208,-732],[189,-264],[621,118],[299,402],[543,302],[132,628],[394,287],[68,776],[167,712],[-157,719],[26,668],[-207,579],[-245,134],[-547,779],[-134,368],[280,1053],[-121,400],[5,631],[187,272],[-25,902],[149,398],[14,427],[157,657],[0,320],[250,771],[215,234],[137,537],[231,576],[527,793],[114,966],[8,584],[136,517],[256,411],[690,677],[491,176],[312,213],[237,-466],[552,-507],[445,295],[733,-179],[286,-411],[1008,-731],[467,-745],[385,-87],[254,89],[214,-142],[284,49],[400,-177],[327,-309],[298,1550],[83,1407],[277,655],[-125,438],[196,934],[311,237],[254,369],[63,277],[-156,613],[59,560],[153,428],[-54,938],[180,735],[24,550],[329,272],[66,450],[189,548],[505,-405],[122,-340],[337,-347],[525,-53],[551,721],[246,765],[679,403],[299,292],[486,805]],[[707707,267426],[331,-494],[397,-22],[177,-187],[19,-681],[-250,-648],[201,-360],[139,-798],[218,-319],[455,-358],[375,-96],[261,-305],[602,-1193],[412,-143],[385,-633],[168,-125],[445,-10],[654,-408],[596,-943],[474,100],[345,-36],[595,-661],[435,483],[465,299],[365,-983],[248,-500],[218,-47],[262,544],[173,103],[545,-423],[403,-603],[288,-138],[486,-478],[600,-188],[349,74],[371,-508],[453,-481],[161,-409],[122,-1110],[182,-398],[301,-37],[334,-345],[32,-607],[-55,-564],[214,-586],[496,-340],[300,-458],[145,-659],[383,-470],[273,314],[450,-66],[113,618],[25,854],[154,353],[188,110],[334,-93],[355,-353],[571,-713],[196,-506],[205,-1311],[116,-448],[791,-861],[95,-249],[-25,-1133],[102,-1206],[146,-470],[36,-554],[-114,-445],[149,-479],[358,-339],[51,-998],[-120,-723],[-70,-889],[33,-472],[168,-669],[391,-181],[713,712],[538,-77],[412,-555],[954,-1502],[404,-899],[456,-713],[436,-514],[324,-1083],[162,-161],[109,-462],[-190,-351],[-81,-530],[75,-243],[448,-136],[326,349],[338,-98],[188,-295],[465,-1241],[238,-924],[127,-244],[440,-256],[512,17],[331,-428],[320,-678],[104,-434],[326,-697],[448,-177],[141,687],[397,297],[619,-63],[706,103],[136,-220],[97,-1432],[-79,-1160],[112,-817],[219,-314],[446,29],[462,-798],[345,-273],[464,-640],[463,-153],[1219,52],[186,119],[280,713],[250,299],[275,-193],[69,-307],[355,-445],[629,-380],[245,-311],[374,-247],[249,-431],[-78,-527],[80,-504],[223,-435],[114,-526],[455,-1087],[598,-343],[198,-221],[456,-911],[260,-368],[291,-141],[334,997],[118,708],[215,671],[226,181],[497,-107],[407,214],[1155,67],[363,-219],[378,-83],[585,161],[672,558],[253,-138],[522,-531],[768,-520]],[[754625,218759],[452,-616],[475,-465],[347,-157],[548,-825],[626,-655],[694,-403],[227,90],[376,396],[609,375],[129,207],[59,494],[168,571],[272,323],[518,170],[331,418],[214,93],[37,332],[306,402],[139,493],[41,583],[234,192],[320,-267],[375,770],[206,100],[95,-274],[-95,-1322],[287,-451],[460,-107],[582,-483],[260,-751],[310,-324],[234,120],[201,44],[316,-183],[414,-608],[371,-1028],[159,-170],[955,-140],[340,-110],[190,-305],[79,-484],[408,-354],[363,-90],[159,-166],[385,72],[477,-124],[346,-234],[315,-22],[415,232],[855,-307],[290,-203],[104,-376],[-46,-615],[198,-842],[1,-571],[-359,-1197],[-19,-967],[157,-301],[169,-1108],[280,-547],[784,-311],[485,180],[432,-102],[785,-1202],[437,-881],[315,15],[389,302],[271,44],[288,-182],[127,-268],[450,-2205],[339,-606],[415,-158]],[[674367,341580],[987,-87],[257,232],[357,-599],[138,6],[102,1062],[94,301],[-4,849],[-270,328],[-487,406],[-79,420],[-490,1307],[-47,607],[-412,1004],[-474,434],[-33,247],[-656,589],[-158,-21],[-242,485],[-136,35],[-477,874],[-295,42],[-212,-486],[-685,-107],[-684,-356],[-309,-323],[-491,30],[-299,-182],[-415,-5],[-252,-350],[-349,47],[-401,358],[-559,-520],[-577,-1093],[-638,250],[-473,-81],[-312,-425],[-296,-215],[-361,323],[-86,492],[-371,628],[101,921],[-92,625],[36,339],[-28,1274],[-209,463],[-320,1056],[-218,420],[-421,160],[-235,687],[-403,188],[-234,562],[-114,659],[-32,682],[-191,176]],[[661912,356298],[69,943],[-128,505],[17,490],[106,1255],[341,919],[100,489],[28,822],[222,1470],[-193,554],[-188,290],[-15,322],[231,258],[289,748],[535,821],[105,500],[-10,668],[555,611],[60,508],[394,33],[142,361],[-99,288],[-31,762],[99,352],[-65,716],[-162,352],[29,497],[350,219],[200,-85],[177,181],[208,933],[62,759],[-26,590],[61,505],[260,770],[63,1441],[270,1101],[322,910],[-35,734],[292,639],[148,539],[-19,1188],[-61,527],[-493,1709],[-61,1295],[-66,207],[40,837],[87,336],[-101,623],[45,1265],[-125,367],[-15,462],[-343,777],[270,958],[96,832],[192,683],[280,429],[605,-38],[215,243],[-27,504],[74,433],[-143,448],[-46,627],[-159,578],[-1,686],[-262,1256],[-20,389],[379,1132],[129,737],[349,543],[-184,1332],[136,1105],[386,1716],[-5,1644],[26,740],[-160,1434],[-172,555],[-222,387],[-610,795],[-445,451],[-206,647],[-62,958],[-417,1293],[-301,346],[-342,585],[-367,870],[-509,762],[-458,598],[-387,371],[-384,214],[-552,520],[-255,108],[-638,554],[-234,460],[-74,975]],[[661078,420521],[272,976],[75,672],[259,355],[588,286],[507,23],[344,368],[1542,2453],[301,347],[929,116],[721,-125],[289,152],[-2,1660],[274,485],[248,790],[228,1077],[-51,693],[-200,678],[-288,1378],[-75,1221],[598,740],[375,840],[407,1256],[210,417],[501,183],[328,24],[560,319],[748,225],[440,491],[316,36],[443,850],[228,678],[81,912],[848,16],[499,75],[432,179],[582,-147],[287,79],[423,-310],[382,-578],[351,-400],[454,-283],[245,9],[244,-199],[528,-1039],[371,125],[617,-926],[437,160],[186,-83],[602,516],[350,139],[249,357],[344,42],[422,-627],[269,-683],[514,-272],[194,-266],[98,-1019],[224,-696],[-163,-861],[17,-1005],[62,-386],[191,-337],[519,-222],[598,-549],[196,-66],[269,187],[250,-46],[170,193],[126,643],[225,506],[-41,650],[276,789],[492,834],[844,366],[133,325],[163,855],[213,205],[745,468],[445,85],[290,-104],[609,368],[546,487],[396,205],[508,-127],[90,-194],[154,-217],[632,14],[604,458],[644,347],[385,934],[190,189],[475,-458],[333,-57],[404,173],[10,795],[-105,670],[92,483],[341,456],[395,377],[444,-45],[102,-117],[103,-747],[388,-154],[346,207],[763,198],[125,163],[592,-128],[188,116],[436,642],[253,155],[639,-119],[529,240],[425,-37],[488,190],[613,-308],[424,103],[412,-293],[93,135],[140,782],[860,835],[440,318],[341,411],[-2,874],[463,148],[213,427],[115,1063],[-14,354]],[[705068,448112],[529,438],[366,43],[395,863],[264,314],[372,27],[113,-188],[-7,-752],[103,-991],[82,-351],[458,-931],[984,-1304],[501,45],[954,-213],[200,-151],[643,183],[75,-666],[27,-1557],[70,-895],[170,-998],[309,-864],[320,-487],[357,-70],[60,-743],[-11,-929],[134,-472],[281,-525],[700,-627],[178,-232],[208,-565],[49,-365],[-132,-444],[-242,-1387],[-6,-534],[143,-449],[-124,-521],[88,-1313],[278,-574],[634,-855],[287,-158],[769,41],[333,-185],[140,-631],[531,-409],[457,-790],[208,-1297],[-83,-1378],[327,-1508],[159,-437],[7,-418],[-283,-754],[65,-649],[-41,-855],[-141,-488],[-405,-533],[-31,-1080],[103,-968],[280,-593],[170,-539],[-95,-985],[27,-628],[140,-374],[979,-700],[462,-66],[221,-222],[498,-1221],[221,-413],[367,-887],[150,-570],[414,-1218],[362,-410],[208,-613],[351,-779],[273,136],[470,-395],[465,-608],[560,-984],[444,-482],[305,-510],[213,-687],[354,-554],[426,-1251],[325,-417],[847,194],[68,-350],[322,-747],[-6,-693],[190,-613],[-42,-832],[-318,-822],[-378,-681],[-152,-147],[-310,-866],[-402,-676],[-270,-794],[-314,-556],[-131,-384],[-219,-1526],[61,-552],[-135,-748],[-190,-224],[-233,-1023],[-119,-730],[-157,-534],[-420,-844],[60,-252],[428,-418],[251,-23],[326,-429],[420,-376],[84,-225],[803,-586],[645,-973],[198,-576],[374,-264],[616,-942],[721,-845],[463,-406],[675,-351],[203,-624],[259,-208],[195,49],[579,549],[320,-93],[203,392],[219,67],[273,-557],[649,-1039],[236,-218],[351,132],[251,-69],[668,-535],[751,-373],[488,535],[518,2],[322,-538],[637,1],[270,-409],[324,-75],[555,-575]],[[737610,376205],[-6,-124],[-729,-605],[-334,-355],[-307,-683],[-142,-511],[-355,-515],[-270,-630],[128,-938],[-191,-769],[-204,-404],[-139,-553],[-39,-707],[-178,-953],[-440,-385],[-593,-134],[-444,-704],[-218,-847],[-104,-1082],[-244,-856],[-56,-1059],[-207,-410],[-670,-475],[-729,-821],[-220,-87],[-325,-683],[-132,-617],[-343,-408],[-166,-689],[494,-1133],[255,-1107],[266,-520],[234,-129],[145,-609],[240,-570],[293,-420],[192,-519],[155,-1555],[171,-438],[-122,-2033],[113,-638],[403,-833],[-22,-603],[-126,-408],[-309,-1587],[-278,-756],[239,-943],[190,-560],[577,-710],[366,-862],[384,-765],[-201,-1541],[-67,-777],[-134,-526],[-29,-510],[-312,-803],[-274,373],[-291,-91],[-599,562],[-313,83],[-460,344],[-210,-50],[-730,175],[-343,-443],[-288,-28],[-681,-467],[-525,-267],[-290,-337],[-1060,-813],[-174,-37],[-335,716],[-376,449],[-607,489],[-235,79],[-438,-78],[25,-1339],[-127,-374],[-373,-573],[-191,-129],[-290,-662],[-94,-590],[48,-559],[-125,-551],[-399,-628],[-417,-1018],[-517,-724],[-288,-188],[-233,-424],[-89,-628],[43,-560],[15,-633],[136,-686],[149,-166],[-5,-1561],[-563,-1252],[200,-1527],[289,-954],[-19,-483],[144,-779],[-6,-706],[-589,-293],[-241,-256],[-181,-474],[-394,13],[-195,-333],[-967,-31],[-270,-1026],[-26,-854],[-105,-626],[32,-1229],[-78,-516],[-530,-566],[-94,-543],[135,-1048],[-503,-763],[-142,-39],[-182,-482],[-364,-333],[-323,-103],[-128,-412],[-374,-332],[-378,-593],[-222,-992],[-193,-519],[-154,-94],[-258,-916],[139,-472]],[[715569,306479],[-58,-340],[-288,81],[-50,486],[-162,362]],[[715011,307068],[-87,460],[-203,95],[-392,-146],[-77,395],[9,547],[-314,64],[-157,724],[-333,511],[-139,798],[-292,-170],[-287,462],[-335,74],[-238,552],[-153,-1],[-574,-1009],[-214,-267],[-972,-290],[-214,420],[-228,227],[-295,592],[-293,396],[-310,649],[-444,536],[-221,597],[-349,539],[-375,188],[-154,-48],[-169,260],[-196,568],[12,399],[416,1334],[319,503],[-192,819],[-45,457],[-337,948],[-154,194],[-412,830],[-338,-38],[-384,-359],[-511,-345],[-203,114],[-763,-53],[-310,-299],[-182,140],[-420,4],[-799,684],[-345,111],[-606,-367],[-492,91],[-172,743],[-113,182],[-461,109],[-322,-95],[-150,463],[-578,319],[-158,8],[-143,-392],[-192,141],[-12,539],[-297,-26],[-190,439],[-249,-167],[-567,-73],[-269,-358],[-284,353],[-437,-427],[4,-1039],[-212,-420],[-513,-344],[-108,-599],[-17,-658],[-251,-216],[24,718],[-229,414],[-181,-141],[-145,-464],[-369,-505],[-239,113],[-147,-1001],[-300,-712],[-217,-322],[-54,-1394],[-72,-682],[-155,216],[-23,685],[95,853],[-253,571],[-433,485],[-130,503],[-256,535],[-314,349],[-154,387],[-92,695],[193,619],[-195,718],[-84,644],[-326,2],[-172,258],[-184,593],[219,689],[7,316],[-247,661],[-331,-198],[-316,187],[-94,1068],[198,563],[-302,693],[46,1133],[-104,282],[-424,210],[-582,909],[-101,727],[-282,345],[-341,688],[-294,-103],[-584,488],[-221,407],[7,390],[-191,638],[-231,129],[-470,-147],[-590,-436],[-242,166],[-340,471],[-415,182],[-225,555],[-453,698],[-592,436],[-314,407],[-132,-38],[-769,382],[-307,404],[-180,1075],[11,537],[-112,682],[-160,399],[-750,1035],[-335,-546],[-405,-476],[-447,-3],[-452,423],[-133,342],[-221,149],[-400,-8],[-217,320],[-466,3],[-242,-207],[-323,63],[-137,-258],[-33,-528],[-315,-238],[-337,6],[-47,260],[-339,233],[-213,409],[-652,-43],[-366,188],[-568,1299],[67,585]],[[747620,63261],[377,968],[204,685],[234,1065],[261,1510],[-38,535],[-164,767],[-180,437],[-222,238],[22,619],[96,290],[274,345],[832,290],[149,-12],[340,-447],[417,461],[118,561],[3,673],[95,1305],[220,322],[616,-21],[762,584],[130,241],[286,1069],[373,829],[466,159],[486,624],[135,632],[-127,1291],[35,554],[384,1964],[-67,398],[-318,489],[-259,2147],[-219,133],[99,345],[60,222],[-68,580],[-228,1027],[64,259],[38,1019],[-467,609],[-106,800],[-182,494],[-347,356],[-258,1204],[-38,665],[-221,1044],[-255,702],[-147,796],[-3,853],[-167,999],[-162,355],[-263,206],[-283,47],[-735,-57],[-484,555],[-289,762],[24,574],[-337,1324],[-662,1286],[-164,671],[101,578],[-61,1491],[-202,855],[-218,860],[108,708],[527,993],[134,415],[190,1434],[8,854],[-106,859],[123,1057],[142,494],[143,1037],[-12,542],[-110,450],[-511,1482],[-50,361],[40,1084],[120,494],[295,489],[178,632],[73,708],[-175,499],[-49,1076],[-464,421],[-629,697],[-213,1231],[-345,680],[27,600],[193,846],[-129,768],[-397,1018],[-315,1386],[-44,692],[70,321],[-390,550],[-93,462],[14,447],[261,786],[110,564],[-159,699],[-114,834],[-14,1038],[80,1331],[153,496],[271,180],[178,614],[262,209],[137,649],[354,799],[533,603],[224,628],[311,472],[324,238],[275,39],[210,-322],[-165,-970]],[[794866,106903],[-218,-594],[-538,-310],[38,-423],[-269,-853],[-12,-485],[134,-412],[-103,-615],[168,-474],[-165,-966],[-1,-639],[-80,-367],[-302,-484],[72,-611],[368,-844],[157,-605],[365,-579],[49,-1431],[-193,-389],[-415,-60],[-263,-372],[-868,-709],[-271,-103],[-173,-264],[-215,-718],[-311,-730],[-120,-534],[51,-445],[-411,-836],[169,-1381],[347,-869],[-6,-684],[-129,-674],[45,-847],[428,-1134],[72,-485],[-56,-614],[-325,-901],[-12,-363],[248,-1162],[6,-840],[-311,-747],[-169,-776],[-1,-436],[-188,-813],[70,-485],[-205,-646],[-445,-535],[23,-557],[-65,-1006],[131,-391],[105,-382],[400,-364],[149,-678],[-41,-322],[91,-444],[-143,-901],[360,-881],[37,-775],[-207,-416],[170,-835],[221,-424],[65,-490],[129,-172],[189,-1009],[-95,-312],[1,-494],[-112,-1013],[81,-471],[-61,-733],[61,-442],[-160,-306],[95,-619],[312,-584],[-167,-763],[-340,-516],[-249,-698],[-162,-182],[-67,-184],[65,-625],[-335,-740],[-661,-606],[-180,-896],[-209,-614],[91,-2350],[223,-1302],[-48,-621],[-447,-937],[-594,-800],[-236,-829]],[[789298,48975],[-1479,1649],[-2123,2662],[-137,125],[-3101,1188],[-378,239],[-3443,2337],[-509,365],[92,699],[115,157],[50,1063],[-132,113],[-2535,1338],[-2393,1288],[-1837,403],[-232,587],[192,817],[303,532],[79,575],[-143,159],[-1134,467],[-780,151],[-696,60],[-1647,41],[-1841,-1632],[-2117,988],[-1846,-411],[-900,-204],[12,344],[-149,208],[-130,-461],[-181,-229],[-36,-379],[-183,-157],[151,-503],[-83,-312],[-385,135],[-194,-322],[92,-293],[-249,-211],[105,-645],[-376,74],[-22,-518],[-285,84],[-80,-575],[-283,-254],[54,-347],[-107,-814],[54,-496],[-420,405],[-74,-392],[-233,165],[-238,-403],[-386,211],[-308,-345],[-485,-360],[-530,693],[-111,343],[-293,-108],[-270,284],[-217,719],[-210,-63],[-262,-373],[-152,623],[-220,-690],[-262,-233],[-152,533],[130,411],[-77,499],[84,506],[-176,1110],[-21,634],[-422,321],[-165,465],[457,223],[-205,467],[-454,133],[-242,-57],[-175,-324],[-330,8],[-799,421],[-265,-358],[-277,768],[-126,-73],[-349,-603],[-523,-71],[-313,155],[-543,-754],[-170,-397],[-400,-55],[-647,-237]],[[812958,243793],[-977,-224],[-587,-1137],[-638,-1113],[-346,-799],[-450,-32],[-398,-152],[-636,-95],[-483,-143],[-256,126],[-586,-184],[-1095,307],[-928,512],[-524,91],[-890,394],[-454,-205],[-326,-9],[-282,-279],[-858,528],[-206,30],[-310,-198],[-641,-215],[-958,3],[-411,-302],[-503,1289],[-108,743],[-263,1354],[104,995],[-36,644],[102,714],[-127,401],[-316,259],[-111,470],[-349,794],[-357,494],[-246,104],[-189,364],[-398,485],[-708,1597],[-503,506],[-251,105],[-70,282],[-97,603],[-334,1380],[-677,361],[-133,251],[-123,828],[-496,509],[-560,690],[-623,569],[-223,417],[-217,865],[-234,582],[-13,866],[-79,432],[-234,566],[-337,346],[-276,-208],[-769,380],[-328,-112],[-195,-666],[-265,-459],[-337,-55],[-606,145],[-468,-364],[-414,339],[-147,601],[-192,447],[-330,344],[-513,1290],[332,1002],[392,804],[143,734],[-10,316],[-457,582],[-350,706],[-778,878],[-64,255],[65,701],[-151,974],[-205,317],[-169,520],[-234,1061],[-197,447],[-287,1316],[-359,1095],[-226,904],[-437,-32],[-570,161],[-322,-401],[-421,265],[-353,548],[-68,310],[-482,704],[-134,443],[-250,468],[-125,684],[-293,376],[-86,641],[-31,984],[-214,227],[-200,857],[-697,1330],[-398,286],[-996,-222],[-443,-279],[-425,231],[-885,-270],[-722,634],[-192,376],[-509,268],[-425,1075],[-254,-292],[-221,60],[-166,374]],[[773295,285662],[252,811],[-27,919],[118,285],[-55,558],[72,703],[272,691],[196,246],[304,736],[508,529],[210,747],[-236,1089],[61,426],[294,940],[432,845],[140,610],[489,751],[190,154],[426,19],[301,134],[247,737],[365,391],[677,1508],[347,-43],[192,265],[385,141],[252,-79],[382,549],[311,13],[553,1111],[152,777],[84,889],[589,907],[681,543],[561,1464],[285,153],[552,82],[586,229],[127,174],[901,261],[506,277],[585,230],[443,18],[301,235],[395,-36],[456,-279],[460,296],[521,27],[581,-449],[387,-379],[366,1235],[261,4],[278,366],[77,1060],[425,1123],[63,546],[-29,484],[216,338],[120,1256],[543,542],[161,510],[37,656],[120,242],[267,-322],[375,140],[360,453],[501,255],[90,657],[216,421],[-6,514],[-181,623],[40,304],[224,278],[397,147],[165,380],[193,1025],[314,474],[95,1134],[-271,879],[293,1102],[-21,1126],[46,503],[195,710],[-205,924],[140,1210],[171,454],[376,421],[394,679],[107,400],[267,291],[66,703],[-21,916],[273,491],[101,1076],[310,1107],[-76,694],[45,583],[110,364],[88,747],[237,727],[380,848],[-48,1069],[773,623],[440,650],[-295,1153],[-527,792],[-264,1907],[241,1395],[38,1035],[-73,555],[70,1085],[176,353],[151,578],[-2,1035],[-391,1026],[63,655],[115,408],[-213,133],[-390,462],[-176,-58],[-956,614],[-582,545],[-225,112],[-486,-71]],[[796238,354723],[-254,898],[46,790],[344,817],[38,1352],[191,1109],[211,778],[28,607],[221,1032],[123,1645],[89,268],[264,1378],[133,471],[43,939],[-80,854],[-158,808],[-69,1395],[-113,613],[28,509],[248,889],[165,875],[-98,756],[-191,860],[1,874],[-64,795],[306,876],[58,1051],[-159,1160],[-348,1283],[-98,489],[-132,2360],[-112,385],[-448,557],[-257,136],[-399,578],[-532,1451],[-93,104],[-647,-174],[-572,-383],[-254,149],[-221,879],[-167,1525],[-43,691],[-325,829]],[[792941,389981],[83,218],[-348,679],[-48,1099],[-105,581],[39,415],[467,227],[296,395],[166,765],[-566,740],[-214,959],[-106,743],[198,836],[163,435],[60,2175],[-150,611],[553,771],[24,874],[132,1178],[174,898],[-145,486],[143,441],[384,603],[420,276],[114,480],[165,92],[38,380],[-115,911],[173,343],[70,662],[121,479],[34,1315],[-37,752],[389,1021],[876,105],[645,-125],[324,549],[120,449],[403,458],[298,1621],[546,656],[328,686],[-25,631],[-331,370],[-192,774],[-266,279],[122,1270],[293,579],[273,337],[114,676],[198,624],[-36,624],[-556,1630],[-53,387],[91,1071],[164,359],[364,298],[199,473],[539,-209],[216,509],[247,-43],[211,-341],[1257,-821],[91,-197],[36,-653],[506,-172],[1099,-472],[231,-432],[77,-569],[227,-531],[145,-835],[-128,-418],[-536,-695],[157,-736],[36,-646],[242,-576],[271,-842],[517,-521],[417,-82],[639,308],[534,-134],[1141,-853],[511,649],[299,154],[1052,195],[980,1516],[4,545],[174,707],[69,1028],[118,418],[32,681],[169,493],[747,937],[502,338],[676,121],[271,190],[796,966],[267,258],[333,-10],[609,-171],[866,-154],[512,-308],[368,16],[549,448],[264,-216],[412,-109],[703,-704],[360,-48],[557,56],[168,-142],[338,158],[529,-1335],[403,15],[328,-965],[-131,-2073],[184,-356],[231,-725],[311,-483],[730,-252],[348,-325],[338,-549],[-183,-459],[-483,-517],[-406,-339],[-373,-1048],[-80,-1264],[-123,-1163],[-268,-742],[-267,-152],[-69,-592],[76,-761],[263,-288],[174,-1000],[266,-589],[448,-487],[307,-205],[1018,471],[475,49],[208,190],[310,-386],[119,-449],[466,-759],[-57,-784],[101,-452],[258,-93],[77,-240],[304,-220],[532,-1241],[495,463],[861,454],[189,218],[287,-93],[246,-522],[590,-490],[587,258],[441,-79],[465,-490],[241,-36],[264,-571],[949,19],[183,93],[178,460],[276,-9],[254,337],[240,-10],[299,247],[28,906],[65,306],[310,514],[408,252],[169,-183],[474,14],[285,-258],[712,-266],[624,-753],[38,-537],[-197,-883],[-13,-736],[238,-667],[260,-226],[183,-361],[275,-295],[299,-914],[377,-411],[570,-407],[109,-668],[524,-203],[668,-433],[820,-162],[394,-161],[208,-271],[581,-294],[257,-392],[405,10],[493,-296],[69,-846],[169,-350],[241,-138],[338,-591],[143,-560],[-51,-1262],[25,-701],[-59,-918],[123,-761],[958,-642],[443,-433],[560,-319],[484,-16],[1384,-235],[361,-250],[242,98],[437,-200],[390,-463],[746,-701],[112,-16]],[[850378,388255],[-128,-1298],[-213,-822],[-164,-1317],[61,-702],[-105,-743],[82,-1516],[197,-784],[-901,-934],[-243,-668],[11,-591],[-491,-736],[-99,-1232],[86,-366],[296,-679],[316,-561],[56,-248],[72,-1425],[-20,-688],[98,-706],[-99,-1193],[46,-271],[567,-875],[190,-678],[48,-623],[471,-1334],[-19,-424],[243,-636],[63,-742],[180,-687],[198,-494],[118,-1445],[-154,-359],[22,-907],[-412,-674],[-119,-761],[-525,-621],[-475,-887],[-59,-330],[468,-97],[465,-319],[501,359],[342,59],[861,-378],[262,-817],[296,-334],[731,-451],[178,-722],[-279,-444],[-111,-607],[-743,-1833],[-194,-200],[-62,-319],[-646,-1361],[-670,-483],[-528,-257],[-89,-242],[372,-1669],[-10,-919],[-560,-630],[-220,-438],[-55,-840],[115,-766],[-41,-541],[182,-742],[-11,-537],[214,-1398],[-143,-583],[-230,-310],[-122,-517],[673,-554],[553,-910],[349,-219],[293,-547],[-2,-1514],[148,-751],[455,-517],[455,97],[454,-394],[218,-577],[-136,-846],[41,-1154],[-289,-1508],[-205,-435],[-376,-547],[-129,-908],[12,-554],[-152,-474],[-238,-347],[-456,-369],[-217,-352],[-135,-492],[-128,-925],[-205,-990],[-40,-1411],[165,-2633],[-89,-1660],[34,-648],[-106,-601],[-297,-831],[-69,-1632],[-486,-939],[-429,-258],[-146,-719],[-202,-575],[-678,-924],[-14,-611],[-429,-1333],[-214,-527],[-353,-550],[-123,-633],[-46,-1101],[-120,-912],[-110,-363],[-288,-460],[-17,-497],[319,-792],[-78,-554],[102,-960],[-36,-577],[60,-557],[-95,-1542],[41,-919],[-42,-411],[-214,-639],[-116,-574],[97,-316],[799,-497],[290,-492],[266,-990],[156,-948],[-32,-383],[45,-1102],[81,-431],[-121,-1316],[47,-989],[-186,-309],[-617,-664],[-225,-157],[-105,-307],[-400,-313],[-224,-335],[-287,-783],[-255,-436],[-586,-2673],[-66,-1053],[79,-1144],[447,-1240],[35,-486],[600,-823],[606,-1300],[406,-1026],[314,-1016],[-426,-411],[-97,-489],[-706,-757],[-504,-196],[-143,-434],[-18,-572],[-113,-387],[-32,-815],[-372,-697],[116,-296],[-155,-371],[-315,-131],[-31,-340]],[[845081,269407],[-78,-1180],[79,-918],[-176,13],[-243,-705],[-447,-1088],[-285,-405],[-424,-73],[-439,-221],[-545,-137],[-423,133],[-336,-425],[-369,-756],[-387,-222],[-120,-252]],[[840888,263171],[-1048,301],[-199,-107],[-484,222],[-231,-83],[-567,-880],[-286,225],[-737,-659],[-223,59],[-404,-332],[-176,14],[-224,312],[-430,362],[-742,1026],[-231,32],[-639,-596],[-480,330],[-400,-304],[-307,-8],[-355,-434],[-291,-166],[-254,48],[-523,324],[-316,817],[-372,312],[-280,757],[-144,63],[-290,-249],[-605,-1455],[-430,-545],[-293,-1235],[-52,-838],[-286,-1079],[-257,-623],[-645,-617],[-459,-92],[-429,-361],[-330,-850],[-183,25],[-648,796],[-659,150],[-647,66],[-212,-212],[-252,-552],[-226,24],[-420,-1120],[-74,-389],[-176,-160],[-71,-415],[-249,-361],[-112,477],[-387,-754],[-210,-721],[-515,254],[-114,211],[-672,274],[-471,-183],[-391,-531],[-443,25],[-742,161],[-424,-108],[-410,195],[-332,-110],[-643,84],[-1651,-544],[-1026,23],[-449,-204],[-416,-580],[52,-1222],[252,-738],[-126,-834],[-11,-1391],[-133,-686],[-298,-997],[142,-398],[7,-420],[-111,-596],[103,-771],[-163,-837]],[[840649,34063],[58,275],[289,343],[-40,437],[376,639],[31,296],[222,651],[363,221],[207,369],[184,690],[-190,635],[-53,636],[110,655],[226,826],[310,613],[304,1145],[352,843],[504,952],[332,747],[658,252],[282,233],[579,311],[645,96],[360,531],[369,768],[606,222],[553,761],[175,511],[128,671],[315,430],[209,764],[106,382],[324,458],[564,660],[418,649],[445,845],[527,854],[-87,939],[-209,483],[-525,761],[-284,638],[-147,858],[33,692],[235,1250],[547,1824],[61,428],[-33,630],[-272,1373],[-255,798],[-628,1695],[-105,441],[813,911],[37,393],[-111,340],[75,488],[376,443],[37,369],[-38,894],[316,949],[-74,434],[77,684],[326,602],[140,489],[443,287],[292,-29],[171,284],[41,876],[225,415],[194,1058],[121,243],[715,746],[67,195],[-11,1073],[-145,458],[-25,738],[-146,653],[118,851],[321,691],[-45,933],[5,890],[-118,945],[-356,1179],[-64,584],[50,696]],[[872667,128500],[466,-59],[250,103],[485,-277],[574,56],[285,-1016],[392,-495],[366,25],[134,-291],[212,33],[1009,-741],[121,-217],[75,-124],[648,199],[449,-215],[271,-341],[553,-173],[263,108],[361,1275],[297,464],[378,146],[78,352],[341,592],[329,721],[183,12],[203,-502],[158,-132],[420,-58],[340,-674],[419,-77],[489,-563],[188,-13],[348,-499],[164,-529],[695,426],[192,-162],[265,92],[420,404],[532,-234],[281,300],[283,63],[736,491],[243,-29],[213,209],[235,-28],[225,378],[227,-101],[324,347],[315,-140],[134,-838],[179,-379],[354,129],[196,378],[252,158],[346,-368],[204,-872],[430,-430],[342,-600],[115,-58],[101,-670],[220,-827],[212,-481],[225,-101],[331,273],[540,144],[226,-120],[420,-639],[724,-751],[447,95]],[[895100,121649],[309,-684],[152,-899],[324,-902],[-128,-402],[-130,-830],[-287,-491],[21,-525],[-240,-599],[-100,-648],[359,-275],[-80,-824],[-253,-413],[-57,-584],[-327,-597],[-143,-420],[-223,-1272],[-102,-156],[-392,-54],[-15,-362],[-587,-1089],[-147,-674],[-356,-454],[-524,-1762],[-13,-542],[135,-703],[-162,-578],[51,-1245],[232,-722],[248,-1224],[286,-436],[-46,-278],[358,-381],[41,-677],[438,-739],[243,-1055],[43,-1059],[-93,-515],[9,-591],[-103,-926],[225,-439],[-23,-518],[-361,80],[-191,-345],[94,-460],[-286,-597],[-360,-474],[105,-788],[-299,-304],[-341,-1237],[-51,-928],[-152,-98],[-285,392],[-204,23],[-76,-289],[298,-483],[-7,-408],[-287,-501],[-109,-471],[-243,-131],[-123,-317],[-178,-18],[-85,-804],[-300,-841],[-116,-614],[27,-551],[-103,-930],[-26,-1057],[-433,-848],[-131,-688],[-165,-383],[102,-309],[-314,-317],[-204,-42],[-134,-623],[-386,-402],[-369,-639],[-189,474],[-240,-94],[-47,-372],[87,-396],[-74,-632],[-283,-388],[179,-310],[-345,-876],[175,-784],[-188,-621],[432,-245],[131,-424],[0,-375],[213,-955],[490,-1158],[42,-374],[-171,-537],[328,-601],[428,-307],[105,-428],[-109,-558],[95,-462],[-19,-872],[-74,-1014],[53,-513],[-202,-169],[-420,-1125],[-247,-255],[-117,-436],[-105,-1002],[-329,-248],[-85,-272],[106,-1236],[-403,-442],[-111,-779],[159,-607],[267,-533],[314,-1937],[-25,-557],[-464,-675],[-75,-290],[-103,-1023],[-214,-1051],[-11,-1016],[-147,-116],[-435,175],[-274,-218],[-102,-564],[-209,-249],[-203,-523],[-16,-433],[-177,-266],[-396,-57],[-334,-527],[-202,-839],[-303,-499],[-162,-606],[24,-472],[121,-484],[-61,-397],[-181,-100],[-373,205],[-211,-259],[130,-788],[-115,-445],[-281,-51],[-151,-215],[-43,-576],[-395,-323],[-173,-581],[108,-1127],[193,41],[260,1289],[174,71],[255,-548],[-43,-576],[-241,-705],[-219,-847],[18,-639],[206,-388],[40,-494],[47,-435],[-275,-580],[-177,-938],[-436,-1384],[130,-695],[-87,-513],[-222,-834],[16,-1472],[-116,-456],[-484,-762],[-56,-406],[142,-289],[288,-226],[179,-474],[189,-247],[96,-714],[-179,-761],[141,-503],[-56,-596],[228,-96],[-58,-527],[-204,-845],[36,-348],[-110,-1069],[200,-54],[-51,-638],[334,-1681],[-156,-1110],[-162,-337],[-51,-624],[75,-196],[-350,-969],[40,-645],[230,-553]],[[882527,16120],[-2006,-135],[-291,-765],[-28,-252],[-255,-301],[-195,-608],[-223,-465],[-321,133],[-187,554],[-675,649],[33,917],[-3062,268],[-41,-121],[366,-1992],[-2058,-529],[-1205,172],[-1745,1443],[-709,811],[-424,385],[-1060,1578],[-1497,2141],[-1121,1661],[-2159,3203],[-481,5122],[-452,6249],[-123,1581],[-130,2122],[-249,2599],[-128,1058],[-348,2353],[-402,1124],[-70,4549],[114,4023],[-128,1701],[-25,348],[-3333,362],[-285,-4593],[-2729,-6837],[-591,-1943],[-1349,-893],[-831,-674],[-825,-608],[-1297,499],[-113,-15],[-521,-1233],[-1154,551],[30,324],[-574,31],[-237,-834],[-512,172],[-352,-139],[-680,117],[-268,-938],[-508,-35],[-74,-103],[-529,101],[-358,-44],[-137,-525],[-224,-2134],[-154,-2162],[176,-1758],[-3164,-322]],[[242833,555171],[-507,546],[-388,88],[-206,-508],[-89,-1453],[-155,-434],[-287,-420],[-117,-524],[222,-862],[118,-872],[231,-411],[53,-530],[-251,-648],[-180,-192],[-325,62],[-432,306],[-246,297],[-406,80],[-549,-49],[-390,-412],[16,-514],[139,-818],[344,-1462],[216,-464],[195,-974],[-155,-606],[-537,-670],[-360,-314],[-286,-628],[214,-928],[101,-671],[-74,-546],[-175,-253],[-608,-290],[-116,-261],[29,-513],[-184,-642],[229,-715],[272,-456],[500,-329],[375,-618],[214,-837],[186,-1367],[792,-1143],[296,-735],[136,-562],[-11,-1472],[56,-1007],[-81,-504],[16,-488],[241,-570],[381,-270],[298,-582],[210,-979],[-110,-479],[-611,-483],[-141,-549],[-11,-945],[338,-1099],[248,-984],[-233,-738],[-604,-1661],[-427,-685],[-318,-752],[-104,-421],[-317,-785],[23,-405],[173,-354],[113,-550],[-68,-1043],[-245,-379],[-555,-81],[-328,-636],[-352,59],[-231,-280],[-436,-91],[-311,-206],[-346,-868],[-442,-609],[-128,-353],[36,-486],[315,-359],[106,-633],[-163,-381],[-704,-393],[-445,232],[-740,226],[-382,391],[-343,659],[-320,-212],[-80,-795],[353,-291],[234,-374],[-136,-747],[90,-950],[-123,-562],[-198,-184],[-295,-559],[186,-522],[-99,-386],[84,-857],[366,-399],[52,-588],[229,-490],[510,-559],[95,-694],[180,-660],[-120,-417],[168,-1091],[475,-235],[275,-590],[-20,-278],[329,-573],[877,-554],[-102,-348],[-522,-332],[-419,-389],[-557,-1094],[-12,-319],[139,-570],[-275,-1839],[210,-419],[228,-1038],[18,-334],[239,-662],[13,-477],[-621,-494],[-150,-494],[-343,-767],[-181,-601],[-277,-390],[-236,-157],[-731,467],[-320,-581],[-56,-354],[-577,-521],[-834,-1217],[-399,-153],[-422,47],[-127,-605],[-173,-440],[-191,117],[-575,34],[-487,304],[-325,841],[-661,681],[-264,124],[-269,332],[-866,446],[-606,1382],[-243,97],[-643,-124],[-457,189],[-116,364],[-205,237],[-219,-10],[-270,764],[-707,147],[-154,-147],[-684,422],[-427,394],[-364,62],[-105,376],[-266,286],[-18,355],[-425,527],[-512,466],[-390,29],[-244,-170],[-550,257],[-389,292],[-12,650],[-141,550],[-402,356],[-351,6],[-170,-404],[-176,-43],[-638,367],[-908,-25],[-620,900],[-143,-5],[-80,784],[-189,382],[-244,135],[-204,63],[-414,-546],[-231,400],[-190,-48],[-245,538],[-574,204],[-56,-451],[-156,-241],[-710,21],[-335,301],[-608,-59],[-339,-384],[-197,-391],[-519,-290],[-232,-535],[34,-834],[-50,-743],[134,-713],[-102,-482],[-216,-568]],[[209764,490247],[-471,233],[-495,-280],[-494,367],[-316,698],[-664,302],[-590,19],[-255,189],[-638,242],[-223,2],[-415,320],[-631,1050],[-325,-184],[-234,89],[-454,414],[-119,332],[-502,712],[-341,600],[-427,182],[-353,428],[-205,698],[-245,377],[-252,196],[-509,984],[-38,377],[3,307],[-435,1131],[-158,159],[-446,29],[-563,907],[-553,625],[-166,-8],[-110,-594],[-278,-435],[-379,328],[-965,130],[-314,793],[-970,1032],[-201,510],[-126,565],[-223,564],[-502,659],[-653,522],[-357,475],[-422,1150],[-94,552],[-136,267],[-577,312],[-607,962],[-337,819],[-256,334],[-453,-235],[-648,1131],[-319,1114],[-517,605],[-447,906],[-255,172],[-359,-173],[-134,432],[-444,790],[-191,140],[-325,534],[-426,346],[-219,639],[-54,534],[-238,341],[-366,262],[-556,1144],[-473,417],[-266,719],[-233,3],[-295,-397],[-553,91],[-235,221],[-511,117],[-421,-131],[-39,317],[116,500],[-32,521],[-533,1214],[-410,754],[-292,342],[-667,460],[-474,74],[-471,417],[-142,357],[-409,1403],[116,474],[-143,481],[-347,168],[-358,739],[-304,148],[-269,313],[-460,764],[-231,-11],[-469,-314],[-375,784],[7,341],[-310,554],[-316,78],[-588,-107],[-327,186],[-230,539],[-136,1273],[-98,318],[-397,-35],[-206,512],[-126,651],[-350,288],[-469,-44],[-476,-208],[-328,-269],[-542,363],[-418,128],[-208,368],[-169,555],[-411,189],[-527,781],[-159,359],[-110,614],[106,466],[-57,957],[-123,811],[-210,582],[-489,95],[-226,-90],[-76,516],[-239,395],[131,276],[259,1085],[-560,782],[-138,841],[-299,421],[-361,-122],[-490,138],[-362,658],[-263,284],[-544,921],[112,666],[-55,210],[-794,283],[-322,337],[-470,286],[-197,-101],[-444,402],[-412,98],[-341,396],[-29,218],[-297,434],[-416,254],[-68,344],[-442,808],[-473,392],[-439,-11],[-266,-155],[-421,56],[-376,260],[-453,-21],[-545,558],[-176,85],[-100,391],[-356,118],[-1149,719],[-124,364],[-283,324],[-479,241],[-430,62],[-140,243],[-51,559],[97,238],[-175,775],[-132,317],[-342,475],[-81,962],[271,403],[216,-224],[259,125],[32,653],[184,656],[345,839],[110,557],[-81,990],[-336,499],[-463,275],[-310,-19],[-430,243],[-124,290],[-400,-99],[-85,-419],[-250,93],[46,418],[-144,215],[-445,-137],[-366,36],[-386,324],[-499,-342],[-202,2]],[[150650,563731],[-8,617],[-107,1642],[-185,875],[-151,1015],[8,668],[-169,778],[-246,428],[-501,355],[-321,594],[-476,187],[-156,332],[64,498],[409,1314],[357,1467],[-8,1641],[-113,694],[-220,307],[-375,96],[-820,-31],[-391,91],[-179,169],[33,1193],[275,838],[163,703],[141,1119],[-189,1039],[-461,509],[-95,214],[-490,407],[-494,1660],[61,500],[207,414],[158,771],[30,465],[-211,1466],[-215,971],[-192,339],[-637,425],[-461,122],[-463,387],[-234,366],[-407,937],[-228,954],[25,459],[382,630],[1210,827],[100,275],[292,1502],[-174,493],[-650,318],[-558,449],[-195,638],[25,1894],[144,409],[362,425],[-407,952],[-499,439],[-81,522],[-171,369],[-686,701],[-613,291],[-366,483],[-272,539],[-330,894],[-73,498],[89,571],[282,474],[-55,772],[-394,713],[-278,79],[-262,-249],[-181,-585],[-12,-667],[165,-1446],[-101,-704],[17,-573],[-117,-965],[-230,-960],[-159,-1280],[136,-253],[694,-661],[391,-510],[190,-467],[111,-704],[-67,-465],[-244,-703],[-203,-188],[-286,165],[-341,567],[-330,363],[-1058,443],[-640,477],[-453,739],[-242,867],[-55,444],[-191,358],[-655,97],[-309,-60],[-373,-324],[-838,-1260],[-335,292],[-126,286],[56,626],[563,2500],[-60,375],[-347,572],[-317,307],[-322,883],[-504,2362],[-32,612],[22,1448],[-70,361],[-192,184],[-279,6],[-448,-237],[-209,-253],[-759,-1448],[-256,-829],[71,-984],[-99,-1226],[-152,-323],[-383,-135],[-485,-21],[-749,-228],[-701,-421],[-358,-667],[-238,-8],[-495,1300],[-626,1315],[-294,1353],[-135,303],[-1215,219],[-562,-3],[-222,271],[-111,391],[17,716],[137,519],[84,862],[-382,608],[-501,-93],[-669,-806],[-448,-83],[-204,140],[-547,659],[-500,1719],[-342,714],[-506,431],[-803,2376],[-307,1258],[-137,1068],[-139,312],[-408,531],[-328,1327],[-205,579],[-277,340],[-739,583],[-542,824],[-329,307],[-583,43],[-524,266],[-836,901],[-505,420],[-244,483],[-400,517]],[[113283,628083],[159,654],[208,334],[371,256],[671,983],[290,769],[460,919],[300,357],[397,237],[404,38],[361,-162],[346,-330],[298,-511],[385,-287],[236,163],[445,795],[406,1114],[66,545],[118,202],[1029,940],[598,694],[476,923],[218,879],[135,78],[372,-221],[212,-468],[364,-537],[908,-693],[614,18],[456,-121],[426,-308],[528,-254],[1002,37],[931,-842],[551,-120],[337,436]],[[128361,634600],[312,102],[755,-73],[537,-296],[471,-471],[435,-663],[376,-786],[278,-1034],[222,-610],[406,-654],[857,-343],[119,-167],[248,-985],[265,-669],[475,-628],[579,-473],[274,-501],[344,-824],[456,-569],[567,-1074],[492,-501],[468,-197],[871,-840],[239,-52],[208,175],[843,165],[529,-682],[322,-901],[379,-403],[383,-101],[310,70],[1009,-415],[1802,-97],[478,30],[157,140],[141,482],[150,1079],[209,404],[240,121],[554,-75],[401,-275],[320,-707],[184,-630],[567,-1129],[301,-290],[563,212],[534,846],[166,640],[106,924],[214,750],[728,606],[222,694],[375,308],[386,-138],[244,92],[681,473],[123,155],[467,109],[140,-89],[747,-1217],[322,-135],[469,151],[672,-1517],[42,-535],[327,-938],[508,-51],[307,230],[418,-124],[266,-290],[91,-435],[-16,-1127],[236,-1205],[419,-731],[650,-606],[590,-81],[625,0],[444,227],[1028,169],[810,538],[421,658],[491,534],[423,237],[160,349],[93,544],[341,502],[219,629],[277,222],[625,117],[287,-89],[370,247],[294,376],[599,588],[222,-10],[267,-594],[256,-232],[808,-329],[567,390],[170,-86],[307,-653],[97,-741],[580,-978],[211,-182],[1330,-696],[378,-100],[206,-317],[715,-159],[195,-238],[202,-627],[45,-890],[-231,-1016],[-269,-468],[-90,-540],[10,-947],[450,-1371],[17,-908],[153,-749],[-82,-737],[-365,-790],[-102,-586],[79,-325],[278,-228],[829,-418],[310,-312],[334,-510],[310,-655],[249,-270],[704,-77],[363,-477],[-16,-814],[385,-934],[141,-812],[76,-869],[309,-1219],[345,-472],[403,-749],[459,-1248],[249,-428],[307,-275],[657,-281],[279,-343],[242,-497],[127,-927],[-107,-409],[-456,-480],[-337,-1939],[9,-481],[-61,-1368],[189,-634],[329,-348],[660,-132],[263,-195],[162,-307],[342,-1502],[370,-880],[89,-691],[-418,-936],[-362,-492],[-942,-840],[-160,-389],[322,-453],[954,195],[1347,-160],[665,163]],[[182722,582100],[99,-589],[156,-1443],[160,-442],[202,-225],[682,-268],[222,45],[190,-722],[-28,-415],[-166,-629],[241,-552],[171,-766],[161,-316],[679,-769],[494,-401],[263,-1376],[195,-76],[307,-442],[340,-188],[436,-488],[165,201],[425,-261],[471,-177],[779,206],[468,-772],[269,-762],[215,-1071],[158,-390],[574,-717],[241,-544],[853,530],[560,-145],[344,36],[351,-1214],[396,-1196],[317,-1272],[338,-160],[616,344],[894,101],[383,288],[377,-58],[439,316],[334,-236],[140,-336],[349,-140],[553,537],[259,-371],[813,-354],[341,-279],[368,-134],[474,-674],[225,-531],[536,-1026],[38,-471],[183,-544],[814,-556],[469,-546],[431,-278],[542,220],[340,-262],[498,67],[275,-261],[288,-1129],[167,-257],[375,-203],[400,-555],[383,-247],[238,184],[201,352],[646,-187],[762,-676],[174,-327],[549,-484],[288,-384],[481,-410],[422,-210],[358,-556],[259,51],[491,342],[252,569],[-204,1294],[-81,1685],[56,413],[224,485],[493,-29],[291,107],[439,942],[182,925],[123,926],[176,720],[302,533],[903,1021],[150,702],[243,699],[-75,1789],[-202,665],[-141,754],[23,315],[365,468],[113,534],[111,947],[65,1038],[116,303],[103,2490],[228,623],[438,674]],[[216316,576042],[369,-417],[576,-355],[811,-746],[408,-1029],[303,-191],[315,-409],[324,-223],[467,-1594],[830,-1654],[460,-1064],[132,-874],[53,-986],[404,-708],[148,-401],[236,-1915],[4,-1445],[50,-545],[656,-595],[476,-667],[268,-717],[-194,-383],[-9,-1425],[330,-258],[528,-895],[262,-138],[572,-16],[563,71],[345,-188],[432,322],[655,47],[701,-423],[745,123],[392,-286],[190,-406],[347,383],[559,-437],[583,352],[165,-62],[433,-572],[731,-571],[114,-7],[1124,1094],[945,-49],[307,-144],[456,97],[540,-441],[531,693],[406,62],[601,245],[512,310],[1423,5],[429,295],[315,20],[314,-222],[317,-5],[511,191],[755,-124],[275,109],[559,-142],[642,-637],[370,4],[-105,-326],[-444,-602]],[[415336,384867],[558,814],[17,325],[-303,716],[146,555],[369,244],[342,411],[741,420],[515,700],[278,494],[210,1332],[251,800],[951,2205],[194,461],[346,185],[329,1249],[236,294],[304,95],[323,-233],[226,-387],[403,-328],[864,-280],[187,-207],[312,-625],[535,-841],[88,-382],[317,-296],[260,-31],[628,-401],[316,-380],[132,0],[465,596],[341,-374],[212,-25],[414,915],[257,35],[404,327],[167,335],[469,-123],[157,111],[204,720],[254,597],[535,-82],[223,-543],[529,-83],[989,503],[531,-16],[489,-379],[278,463],[-52,484],[178,359],[628,-195],[24,224],[-121,815],[-54,939],[119,197],[682,199],[355,178],[393,466],[569,903],[256,531],[96,704],[-122,504],[233,901],[33,362],[-44,1109]],[[435502,403433],[231,-446],[134,13],[244,503],[165,94],[300,-301],[159,98],[425,-676],[346,-197],[205,80],[217,-225],[144,-432],[186,-36],[-42,1129],[42,388],[251,607],[373,520],[710,391],[280,-532],[254,-172],[436,-486],[273,-139],[483,-33],[428,-208],[937,643],[49,-135],[141,234],[662,-46],[140,94],[114,517],[366,66],[449,278],[361,590],[447,310],[259,607],[169,1006],[207,-107],[316,-412],[554,1493],[-446,245],[-380,-288],[-114,780],[-209,547],[328,382],[171,-96],[169,571],[-77,274],[81,725],[-284,380],[247,777],[40,407],[242,91],[409,-157],[358,121],[129,394],[325,288],[272,1089],[278,284],[283,655],[-149,1001],[-82,1485],[-295,483],[77,543],[-29,721],[218,457],[-148,531],[-382,577],[-325,623],[808,-75],[196,-152],[714,215],[345,667],[301,1209],[451,729],[390,42],[-70,464],[-657,870],[-577,549],[-262,741],[-221,356],[-463,348],[-114,256],[-309,201],[-193,541],[290,1785],[-94,535],[127,506],[363,690],[809,513],[357,838],[184,161],[368,773],[148,479],[445,756],[379,-2],[832,250],[554,-222],[328,133],[713,-275],[279,-367],[435,33],[35,337],[234,812],[255,458],[86,543],[6,718],[-500,1375],[258,365],[29,373],[172,256],[235,689],[-523,715],[-40,493],[-313,906],[-170,634],[10,503],[-167,1505],[414,116],[558,320],[341,425],[525,1033],[414,73],[325,303],[443,-549],[349,-40],[41,442],[328,62],[83,746],[151,226],[409,203],[765,1103],[137,72],[178,505],[294,1634],[60,855],[145,68],[245,-524],[310,136]],[[460602,453839],[351,-569],[78,-653],[487,-1193],[200,384],[260,149],[452,510],[451,-132],[268,120],[381,-392],[276,42],[298,-199],[418,-859],[186,-1038],[314,-134],[213,-446],[-27,-649],[229,8],[367,-614],[309,-259],[229,-371],[250,306],[304,83],[276,441],[387,-26],[277,-204],[350,284],[352,-196],[183,-470],[73,-438],[284,-204],[214,125],[495,-56],[139,233],[693,260],[279,-542],[414,-298],[277,-483],[104,-697],[383,-524],[246,-1496],[356,-516],[344,-230],[310,-385],[389,-48],[53,-320],[576,-656],[283,-133],[193,-659],[15,-333],[236,-916],[-575,-1277],[117,-544],[-11,-367],[130,-673],[377,-289],[317,-836],[435,-164],[431,-447],[323,-123],[702,63],[359,125],[496,-228],[295,-387],[381,-12],[327,423],[101,-478],[281,423],[592,636],[179,-388],[784,301],[477,13],[-59,-626],[281,-47],[242,-563],[303,133],[63,-453],[385,158],[45,-608],[194,253],[381,-580],[511,-96],[127,-354],[205,-73],[59,-352],[-230,-256],[-207,-469],[78,-795],[-79,-536],[386,-867],[201,-83],[130,-377]],[[476929,370455],[-150,328],[-225,177],[-307,-121],[-140,-457],[-414,-781],[-313,-335],[-481,-680],[-192,24],[-436,739],[-164,81],[-670,-160],[-342,333],[-63,402],[389,722],[-82,317],[-356,444],[-320,199],[-1141,517],[-719,705],[-464,-193],[-535,-674],[-399,-49],[-91,346],[-5,925],[-327,189],[-521,-668],[-393,-228],[-973,-403],[-235,-443],[-15,-429],[129,-495],[-99,-725],[-323,-229],[-311,6],[-428,237],[-107,332],[122,925],[-161,448],[-565,93],[-226,-226],[7,-642],[282,-620],[111,-532],[-42,-764],[-187,-454],[-416,-72],[-341,122],[-970,713],[-423,433],[-532,739],[-304,298],[-133,-47],[-266,-525],[-232,-286],[-677,-90],[-360,-145],[-427,415],[-756,1720],[-240,249],[-443,104],[-395,366],[-230,417],[-303,795],[-422,1537],[-358,882],[-422,820],[-699,778],[-350,105],[-523,725],[-711,-143],[-22,-456],[235,-686],[-135,-376],[-248,130],[-538,832],[-733,211],[-221,-411],[-8,-487],[379,-200],[190,-489],[-150,-376],[-435,82],[-953,1082],[-68,762],[-146,248],[-724,521],[-543,753],[-303,1166],[-165,321],[-221,-29],[-435,-566],[-325,-278],[-253,-35],[-326,147],[-338,299],[-356,21],[-320,-337],[-296,308],[-360,844],[-320,480],[-306,-204],[-79,-739],[-125,-413],[-316,-436],[-299,253],[-176,605],[12,264],[301,476],[-49,364],[-314,508],[-436,234],[-271,-184],[-421,-591],[-511,-1094],[-272,-869],[-731,-2065],[-334,-1260],[-711,-24],[-353,-453],[-189,-479],[-245,396],[-130,503],[-147,10],[-545,-439],[-307,-147],[-133,516],[7,827],[-133,1164],[227,541],[-101,565],[-676,-33],[-565,430],[-174,381],[87,321],[621,1325],[-253,369],[-362,-47],[-242,195],[-71,549],[-283,349],[-268,-225],[-140,-532],[-340,-562],[-933,-383],[-436,18],[-326,985],[-221,480],[-273,358],[-607,2],[-344,-142],[-755,-98],[-342,122],[-204,-114],[-126,435],[331,739],[14,521],[-388,1056],[-273,351],[-238,-180],[-179,-466],[-57,-905],[-315,-573],[-581,145],[-869,-1287],[-553,-351],[-377,278],[-552,-351],[-274,-5],[-224,474],[-41,368],[109,1062],[-209,617],[-554,238],[-123,-287],[108,-696],[-32,-724],[-250,-496],[-111,-439],[-284,-805],[-159,-200],[-268,431],[141,816],[-110,431],[-349,595],[-391,999],[-235,312],[-632,442],[-368,-102],[-332,-548],[39,-626],[406,-492],[300,19],[-85,-588],[-345,-616],[-570,-353],[-406,-31],[-283,123],[-371,404],[-378,-115],[-413,-1199],[-287,-246],[-336,283],[-408,210],[-519,440],[-361,163],[-384,349],[-290,628],[-573,762],[-925,-378],[-323,-799],[-274,-216],[-653,841],[-307,145],[51,660]],[[535847,337803],[-93,528],[348,538],[-106,528],[-612,213],[-109,697],[250,251],[71,413],[-153,811],[-194,357],[-578,81],[-763,551],[-255,366],[-383,984],[-147,599],[-163,311],[-787,1065],[-558,351],[-585,176],[-215,278],[-569,51],[-443,-220],[-570,-762],[-221,-726],[-21,-447],[-228,-873],[24,-651],[-110,-540],[-192,-301],[-63,-595],[69,-374],[-171,-684],[-704,-458],[-295,-588],[-148,-98],[-432,228],[-254,358],[-387,-214],[-152,-1305],[-302,-182],[-596,1130],[-274,29],[-421,-281],[-406,200],[-94,458],[-236,1908],[-144,355],[-568,507],[-142,466],[3,763],[247,1068],[86,800],[-255,1354],[-282,1216],[-226,343],[-307,175],[-540,656],[-323,115],[-295,397],[-49,913],[2,669],[-134,696],[-76,1002],[73,408],[321,214],[105,483],[-142,1173],[448,358],[144,422],[-123,417],[-224,84],[-334,496],[-144,542],[-329,917],[-171,778],[-87,663],[-218,505],[-136,301],[-666,-178],[-388,190],[-1254,-365],[-247,-231],[-134,-668],[-231,-60],[-226,362],[129,844],[-113,310],[-563,107],[-339,-236],[-441,-23],[-426,168],[-344,547],[-259,657],[-86,396],[-233,226],[-531,33],[-271,-360],[-347,-137],[-445,516],[-400,-210],[-53,-649],[185,-514],[-287,-955],[-172,-81],[-167,262],[-411,1579],[-340,550],[-341,57],[-343,-174],[-174,-230],[-40,-478],[190,-692],[-318,-343],[-374,664],[-17,646],[182,648],[28,367],[-103,415],[-399,503],[-438,-108],[-358,-691],[-505,-494],[-458,-9],[-997,934],[-481,154],[-397,269],[-144,-106],[-116,-1035],[-307,-498],[-497,240],[-366,3],[55,-1154],[-347,-441],[-472,-102],[-145,218],[-69,526],[193,531],[77,604],[-260,169],[-305,-218],[-286,69],[-635,696],[-166,-4],[-887,-491],[-835,-614],[-351,-101],[-298,151],[-382,485],[271,595],[338,111],[328,331],[150,597],[-51,361],[-309,726],[-474,237],[-372,-213],[5,-356],[161,-606],[8,-329],[-177,-568],[-369,-198],[-350,263],[-58,283],[-213,1287],[-207,668],[-268,187],[-122,-168],[-182,-731],[-337,-780],[-360,136],[-493,694],[41,454],[451,627],[224,485],[-144,403],[-443,-26],[-702,205],[-946,554],[-647,6],[-83,-339],[188,-977],[-309,-217],[-170,429],[-206,155],[-226,-158],[-231,-472],[-59,-407],[37,-578],[-244,-636],[-955,-942],[-740,-825],[-276,86],[15,870],[-279,692],[-231,137],[-239,-62],[-309,-384],[3,-929],[-105,-195],[-275,61],[-137,235],[64,392],[227,619],[-111,326],[-362,274],[-426,-37],[-252,-316],[-391,7]],[[487524,365710],[-133,55],[-571,1088],[-234,181],[-434,-136],[-208,-467],[26,-558],[382,-177],[326,-414],[117,-513],[-201,-352],[-294,-40],[-317,128],[-1064,767],[-566,136],[-308,-100],[-281,318],[-71,617],[60,524],[-184,949],[-252,374],[-635,135],[-535,-256],[-473,-38],[-655,398],[-249,453],[-51,568],[-283,267],[-286,-548],[-253,37],[-505,452],[-496,175],[-452,-550],[-367,-307],[-347,-20],[-437,489],[-364,1110]],[[476929,370455],[-191,546],[5,292],[-271,485],[83,528],[-226,193],[-98,508],[89,325],[419,562],[76,273],[-124,319],[39,315],[364,219],[360,-100],[258,-351],[42,-249],[293,-596],[211,769],[-108,444],[333,196],[-111,508],[210,112],[472,-6],[133,338],[470,193],[490,581],[255,-226],[461,312],[65,203],[18,777],[81,370],[285,361],[37,217],[-10,1456],[-221,542],[-14,481],[-352,439],[2,1247],[115,552],[-173,661],[-98,682],[-289,249],[62,2030],[-4,909],[-247,639],[10,477],[-152,408],[-9,718],[137,376],[220,-222],[213,506],[-50,283],[207,236],[258,641],[186,135],[129,505],[0,612],[197,242],[204,1210],[-63,759],[-176,532],[-2,611],[-84,439],[76,832],[287,485],[-155,532],[-87,740],[129,258],[1025,-31],[329,401],[147,433],[-108,953],[58,180],[718,86],[286,-205],[273,179],[273,551],[93,1153],[243,174],[931,-210],[178,-268],[169,204],[391,183],[455,-43],[312,876],[334,222],[241,321],[-303,391],[-10,537],[-155,246],[-984,733],[-68,461],[-382,398],[-242,-452],[-231,-48],[-894,350],[-233,290],[-64,546],[-181,230],[-432,-183],[-191,482],[33,716],[-60,291],[15,917],[88,360],[-164,395],[-447,-397],[-414,-165],[-321,-642],[-48,-365],[-391,-309],[-239,-406],[-311,117],[-409,-55],[-275,89],[-613,-150],[-220,292],[-246,10],[-288,501],[35,486],[-93,445],[-779,1522],[-154,66],[-637,-39],[-204,697],[-190,623],[-418,1056],[-57,362],[35,635],[-193,832],[612,-132],[634,-245],[242,315],[612,446],[472,191],[1010,957],[-59,488],[-326,44],[-518,548],[-333,230],[4,734],[381,1016],[334,233],[651,50],[503,584],[262,842],[473,829],[266,364],[479,-352],[214,170],[238,-68],[314,285],[335,780],[-122,442],[5,741],[-125,330],[477,436],[121,606],[699,403],[148,260]],[[484611,428626],[195,-41],[337,-684],[55,-542],[218,-202],[410,167],[-54,-720],[-223,-354],[479,-271],[317,-75],[203,-200],[739,415],[185,-339],[0,-315],[-265,-330],[-55,-608],[291,-642],[74,770],[247,112],[254,-138],[339,-673],[464,-79],[95,-322],[278,-89],[-79,-303],[-409,-229],[-26,-297],[569,-240],[16,-338],[395,-545],[155,-532],[329,-236],[308,282],[322,940],[486,-126],[253,-335],[246,-665],[500,-611],[46,-439],[273,-441],[672,1570],[248,734],[218,1052],[529,334],[522,457],[155,440],[46,459],[218,353],[37,298],[307,637],[327,286],[294,652],[228,163],[204,394],[423,122],[143,-98],[487,-671],[342,-281],[361,236],[432,-241],[386,1],[324,-200],[263,0],[480,-184],[883,-9],[400,183],[143,234],[291,-158],[226,-565],[339,-12],[48,-371],[344,-253],[579,-840],[516,628],[282,22],[110,258],[541,-254],[622,138],[465,192],[5,-384],[585,-936],[558,51],[351,-330],[423,197],[73,326],[262,119],[319,-349],[356,6],[80,-242],[270,78],[194,-185],[537,86],[387,777],[299,132],[205,323],[462,-217],[264,-254],[130,-501]],[[511773,423754],[-27,-175],[489,-1162],[109,-509],[-53,-1532],[201,-741],[127,-35],[449,432],[306,73],[158,516],[164,150],[393,-216],[255,1061],[170,209],[292,-274],[74,-376],[239,-70],[522,687],[221,50],[221,393],[335,910],[429,-104],[239,-556],[490,475],[590,117],[349,1177],[503,204],[306,307],[461,127],[77,314],[509,510],[522,205],[45,444],[667,422],[398,-290],[214,298],[501,989],[145,132],[181,618],[346,-54],[48,364],[279,648],[309,289],[136,530],[320,283],[642,-281],[390,21],[342,-261],[228,589],[282,151],[467,500],[430,133],[857,370],[972,-388],[730,57],[577,159],[353,-331],[410,43],[615,-179],[339,216],[190,464],[305,102],[380,-602],[410,-271],[157,-231],[942,-703],[211,-254],[437,-276],[221,-458],[228,-188],[149,469],[143,-99],[111,-628],[310,-116],[160,-1063],[337,47],[175,-163],[307,-673],[354,-106],[174,-552],[544,-157],[142,-205],[-107,-894],[44,-263],[564,-267],[150,-265],[321,-214],[110,-271],[-115,-635],[643,-265],[191,-416],[262,-1311],[166,-329],[447,-233],[66,-282],[-44,-943],[374,-296],[123,-851],[-299,-324],[124,-326],[294,-24],[401,-337],[268,-624],[-11,-427],[-155,-533],[354,-788]],[[542674,414612],[-176,-576],[-530,-1062],[-615,57],[-95,-304],[261,-1153],[-471,-384],[121,-613],[-33,-404],[-394,-223],[-15,-361],[221,-517],[-13,-370],[-195,-516],[15,-458],[262,-404],[-374,-573],[-190,-487],[204,-633],[-178,-404],[-59,-488],[105,-1053],[-442,-1413],[95,-822],[-127,-152],[-293,70],[-165,-190],[47,-531],[-329,-459],[-874,-1445],[-141,-90],[-341,265],[-169,-256],[294,-692],[-72,-306],[-468,64],[-386,-397],[-442,-65],[-157,-128],[-111,-741],[-374,-737],[-290,-326],[-122,-397],[97,-816],[-299,-977],[413,-1261],[38,-539],[-214,-752],[18,-334],[174,-392],[144,-215],[211,-659],[334,-361],[447,-182],[574,-412],[318,61],[728,-595],[223,144],[114,521],[292,303],[606,-370],[208,-423],[49,-834],[128,-280],[256,-129],[375,437],[275,-165],[279,-416],[342,-61],[437,-356],[-95,-703],[26,-250],[292,-104],[466,-379],[284,-359],[44,-658],[184,-358],[550,-367],[774,71],[658,-195],[818,-724],[221,-612],[-165,-386],[-729,-264],[-105,-370],[152,-165],[525,-202],[392,-281],[293,265],[28,432],[198,304],[167,-133],[145,-420],[70,-534],[181,-179],[333,453],[322,220],[350,-121],[746,-439],[296,220],[118,582],[169,317],[270,-147],[150,-799],[-57,-461],[-249,-421],[-2,-222],[347,-560],[605,-474],[-54,-289],[-439,-375],[-132,-1259],[55,-554],[-16,-2244],[171,-432],[329,-439],[-15,-473],[-383,-368],[-107,-430],[475,-1602],[109,-89],[344,284],[371,39],[154,-257],[-204,-654],[-233,-242],[-178,-431],[83,-429],[880,-712],[384,-141],[49,-281]],[[552640,366074],[-221,-1036],[12,-627],[139,-863],[-17,-600],[-163,-1602],[-193,-641],[-643,-717],[-522,-266],[-318,125],[-244,271],[-1089,-85],[-434,161],[-451,-71],[-525,-473],[-72,-1108],[40,-1210],[-305,-1243],[-160,-179],[-493,-131],[-232,50],[-341,290],[-621,681],[-803,291],[-448,-360],[-518,355],[-988,175],[-760,490],[-714,176],[-383,-58],[83,-397],[4,-643],[-146,-215],[-1257,337],[-418,326],[-674,363],[-251,-291],[-262,-698],[-63,-390],[-322,-422],[-386,-113],[-236,-282],[-149,-424],[-191,-2494],[39,-314],[-49,-1225],[-84,-687],[12,-532],[158,-923],[350,-960],[482,-902],[158,-177],[452,-88],[661,80],[432,-175],[422,-305],[572,-553],[904,-1692],[392,-1521],[107,-698],[67,-958],[-63,-352],[-349,-184],[-476,320],[-547,1044],[-392,492],[-426,27],[-464,-144],[-246,-445],[-743,-1961],[-391,-1223],[-192,-301],[-490,-394],[-327,74],[-348,227],[-379,-4],[-300,-269]],[[915861,230014],[-31,1395],[-158,707],[-259,389],[-745,483],[-630,1020],[-188,-36],[-330,224],[-402,1969],[-77,1153],[19,465],[-147,909],[-171,347],[-697,891],[-294,821],[-317,398],[-182,457],[-149,762],[-134,287],[-270,1167],[-54,1022],[-252,369],[-533,1472],[-285,604],[-647,599],[-193,292],[-217,1465],[-16,474],[71,948],[-59,767],[-208,632],[-320,629],[-222,763],[-176,1027],[-181,291],[-212,1031],[-187,353],[278,1185],[47,686],[350,458],[395,806],[376,1643],[19,850],[101,499],[57,936],[170,854],[39,901],[213,1001],[-15,862],[-103,899],[-2,806],[76,825],[-47,371],[27,1068],[-180,953],[-31,901],[257,503],[425,1059],[397,454],[268,448],[176,537],[47,727],[-130,426],[-312,584],[-190,502],[129,587],[274,385],[-242,1185],[52,645],[280,405],[176,-5],[438,545],[105,250],[145,1167],[-85,472],[-261,652],[79,692],[-47,592],[440,1525],[195,2083],[68,303],[277,498],[500,244],[-611,2104],[-89,800],[184,865],[-123,1275],[228,382],[308,61],[258,344],[80,1065],[99,496],[754,773],[320,222],[659,1643],[209,609],[511,1216],[66,368],[310,530],[910,-558],[325,-322],[263,-593],[448,294],[93,204],[-125,808],[-80,1161],[129,1345],[149,539],[72,810],[286,1010],[159,367],[236,1151],[-98,503],[-84,1221],[202,370],[344,377],[355,83],[240,225],[124,397],[6,673],[-86,1284],[-443,759],[-119,507],[-446,22],[-465,271],[588,637],[693,555],[336,581],[81,762],[-123,384],[64,298],[338,425],[152,1090],[-93,1132],[61,1055],[428,1721],[249,413],[338,291],[74,289],[-36,513],[102,400],[229,341],[49,302],[234,225],[157,-121],[418,-952],[601,-121],[258,-301],[38,-1015],[-54,-998],[169,-1191],[194,-509],[288,-403],[193,-29],[348,323],[466,784],[388,170],[167,-353],[289,47],[636,-162],[116,-223],[-13,-838],[194,-243],[346,56],[313,264],[267,981],[61,896],[497,637],[227,714],[33,453],[-200,1472],[-276,672],[62,500],[232,760],[677,1384],[149,388],[573,207],[432,-69],[310,-161],[516,-493],[314,90],[37,1135],[-194,523],[-31,364],[302,1063],[251,418],[219,643],[-358,912],[701,859],[395,725],[222,311],[415,125],[119,691],[197,600],[731,1497],[-268,622],[-253,1072],[-230,396],[-72,547],[111,224],[546,445],[313,351],[285,512],[257,922],[267,399],[-149,581],[56,1181],[259,826],[477,1081],[61,458],[-139,733],[-334,951],[-118,508],[-205,147],[-301,445],[-226,895],[-138,306]],[[934152,353688],[992,190],[235,616],[557,-85],[290,186],[154,298],[433,126],[312,-64],[295,-292],[227,-2],[580,314],[746,-447],[302,316],[443,-124],[984,-548],[197,-411],[374,-423],[233,-33],[399,335],[502,574],[229,615],[217,347],[-44,420],[-214,680],[-44,379],[161,517],[96,638],[194,316],[173,537],[348,595],[189,1145],[206,386],[638,-229],[398,168],[90,190],[240,1225],[142,280],[226,1421],[211,465],[466,1261],[189,881],[222,356],[681,460],[250,513],[380,215],[-191,633],[190,814],[-171,609],[-214,270],[-12,596],[253,862],[67,883],[162,499],[99,658],[290,565],[197,1498],[217,450],[512,405],[460,234],[427,716],[785,665],[271,541],[-44,631],[482,1131],[508,810],[367,-142],[286,187],[245,-585],[253,-66],[273,484],[83,1337],[170,661],[-99,908],[-235,381],[101,1006],[217,943],[138,380],[146,787],[243,335],[52,998],[288,-309],[648,-280],[205,-3],[319,-400],[191,-399],[283,-156],[328,498],[550,36],[217,-75],[100,-316],[3,-602],[84,-406],[-7,-698],[163,-818],[-250,-1062],[-345,-621],[-49,-238],[415,-421],[358,-745],[41,-726],[309,-582],[157,-1386],[179,-494],[767,740],[602,227],[580,-423],[747,-697],[274,34],[1150,334],[352,253],[161,438],[519,580],[361,-138],[306,215],[274,11],[225,-261],[314,-61],[1319,493],[352,-186],[240,-614],[105,-517],[233,-328],[423,-321],[1418,-48],[352,-210],[53,-445],[135,-150],[532,-1574],[247,-600],[63,-502],[249,-515],[204,-208],[325,-90],[692,-616],[842,-428],[191,-413],[197,427],[562,441],[496,762],[323,234],[142,533],[258,436],[346,184],[854,2],[564,61],[329,-98],[219,-269],[249,-91],[88,420],[580,1681],[347,112],[803,-329],[216,-476],[414,-645],[726,-270],[193,-230],[610,-362],[28,-445],[210,-839],[266,-648],[277,-96],[490,-406],[196,289],[228,648],[493,860],[597,217],[180,281],[600,20],[299,-414],[-35,-307],[333,-508],[174,-816],[112,-2231],[-30,-1090],[101,-566],[360,-502],[231,-515],[350,2],[570,141],[494,-58],[570,183],[450,504],[436,1123],[468,782],[393,800],[172,139],[413,-121],[509,14],[627,-848],[482,-2],[429,-352],[141,11],[488,-919],[133,-528],[355,13],[755,-431],[283,-321],[200,-469],[705,-607],[217,-616],[200,-279],[102,-412],[223,-307],[575,107],[260,-85],[369,-695],[342,180],[559,-17],[125,-353],[78,-757],[-46,-298],[123,-737],[288,-378],[133,-356],[29,-789],[-50,-472],[-228,-222],[-514,-103],[-165,-427],[-281,-448],[-83,-670],[-274,-808],[-166,-278],[-690,-608],[-245,47],[-800,-552],[54,-793],[650,-396],[155,-352],[609,-878],[121,-733],[-13,-974],[257,-1015],[377,-387],[108,-307],[210,-97],[191,-684],[196,-277],[43,-343],[-185,-467],[-59,-583],[-429,-468],[-449,-760],[-40,-236],[-332,-807],[-386,-158],[-92,-185],[130,-410],[-111,-838],[43,-526],[196,-341],[-215,-1017],[-602,-1175],[120,-1180],[132,-685],[-22,-778],[-283,-212],[-297,-684],[-504,-419],[-452,-47],[-432,-255],[-504,104],[-4,-398],[-261,-632],[-196,-1721],[-47,-943],[71,-312],[-38,-536],[123,-405],[-18,-718],[-156,-322],[-76,-613],[-274,-843],[-232,-470],[-34,-669],[-205,-586],[116,-242],[277,-703],[22,-653],[304,-678],[181,-706],[-390,-770],[-147,-588],[-167,-159],[-93,-713],[-185,-596],[-35,-1133],[-231,-2112],[-640,-1273],[-49,-261],[-384,-613],[-566,-348],[-245,-624],[-159,-97],[-443,-674],[-271,-735],[-285,-357],[97,-1360],[-96,-622],[-170,-542],[-151,-1181],[41,-267],[235,-348],[-516,-1517],[-121,-1453],[-115,-733],[36,-329],[-624,-1104],[-166,-565],[-198,-296],[-588,-367],[-453,-519],[-426,-188],[-495,-719],[-559,-1193],[-549,-1861],[-98,-550],[-138,-219],[-40,-557],[-141,-323],[-241,-951],[321,-615],[188,-204],[202,-867],[-138,-225],[-91,-511],[-387,-747],[-344,-459],[-281,-74],[-253,-317],[28,-474],[-121,-569],[72,-365],[-22,-727],[-235,-354],[-180,-60],[-255,-755],[-267,-369],[-233,-1202],[6,-576],[313,-623],[451,-142],[206,-606],[-98,-149],[-482,-123],[-277,-556],[-314,-1393],[-13,-441],[436,-640],[3,-566],[-406,-399],[-336,-1164],[-274,25],[-368,-244],[-84,-367],[-251,-116],[-285,-814],[-103,-766],[93,-330],[-76,-866],[10,-1298],[162,-865],[-161,-702],[206,-672],[199,-272],[148,-509],[247,-83],[405,-742],[300,-274],[124,-492],[256,-570],[141,-596],[404,-521],[260,-39],[145,-224],[-118,-731],[-165,-322],[201,-264],[106,-690],[378,-433],[265,-562],[-558,-1521],[5,-229]],[[983580,264343],[-421,-671],[-694,-804],[-297,-121],[-463,-810],[-325,-336],[-308,-652],[-464,-1220],[-480,-978],[-307,-418],[-431,-1252],[-309,-1571],[-182,-373],[-391,-1436],[-260,-1652],[-7,-931],[-127,-715],[1,-558],[-338,-1464],[-178,-542],[-142,-1237],[133,-847],[-97,-369],[-108,-1421],[-358,-721],[-160,-150],[-28,-662],[-119,-333],[-260,-128],[39,-650],[-268,-501],[-154,-652],[-179,-262],[-175,-662],[-67,-600],[86,-329],[-38,-448],[-516,-703],[-566,-528],[-511,-121],[-295,-488],[-147,-603],[-117,58],[-555,-1106],[61,-575],[-346,-1063],[-432,-491],[-145,-434],[-92,-629],[-684,-207],[-44,-555],[-321,-549],[-197,-190],[-276,-662],[-269,-204],[-8,-774],[-655,-893],[-443,-536],[-208,199],[-733,-280],[-308,-388],[-305,-5],[16,368],[-361,-74],[-160,328],[-1050,-642],[-355,457],[-267,-68],[-199,199],[-91,647],[-211,29],[-196,-345],[-347,242],[-341,-11],[-325,-223],[-375,511],[-251,-223],[-319,2],[-495,188],[-404,-582],[108,-357],[-165,-157],[-441,415],[-240,-370],[-461,338],[-324,58],[-352,-442],[-95,-456],[-480,49],[-136,-242],[-334,136],[-471,-73],[-340,570],[-389,197],[-236,404],[-375,381],[-516,-206],[-314,233],[-490,-51],[-263,96],[-1036,-588],[-888,-794],[-362,96],[-397,-475],[-608,-333],[-310,-46],[-274,-333],[-620,141],[-397,-212],[-260,266],[-221,-31],[-595,-377],[-296,-52],[-858,-489],[-472,82],[-147,47],[-366,541],[-625,111],[-165,126],[-267,738],[-247,-78],[-403,244],[-346,-51],[-355,227],[-288,-390],[-358,-86],[-446,-313],[-260,107],[-315,342],[-305,142],[-325,-254],[-439,-139],[-937,1815],[-569,-23],[-366,-107],[-347,355],[-353,-140],[-286,75],[-224,437],[-352,12],[-284,439],[-648,224],[-288,-533],[-376,0],[-243,-143],[-161,-484],[-28,-780],[-657,-860],[-108,-1239],[-152,-887]],[[912917,154542],[-300,58],[-322,-105],[-316,-318],[-289,-718],[299,-508],[-6,-464],[-135,-308],[-404,-177],[-299,67],[-665,622],[-204,-33],[-323,-277],[-268,-519],[-193,-710],[3,-483],[-107,-318],[-611,100],[-554,591],[-370,625],[-329,115],[-1216,-674],[-84,322],[148,1168],[-247,682],[-80,1036],[166,187],[259,925],[133,665],[-45,738],[148,664],[-126,490],[96,874],[-97,828],[-404,288],[-93,586],[-428,143],[-86,378],[-270,473],[119,343],[-131,655],[-116,1209],[-20,1011],[-93,558],[138,669],[-44,630],[63,448],[-368,1728],[-24,511],[-475,974],[-140,395],[-206,137],[-292,831],[-243,415],[-366,1066],[-220,476],[-175,-39],[-364,494],[-271,869],[-58,523],[-278,535],[-86,443],[-13,893],[-197,1647],[-247,888],[-9,724],[-70,397],[-453,1452],[-88,508],[253,984],[-100,461],[-18,834],[181,929],[15,1852],[296,996],[482,473],[124,391],[415,680],[159,606]],[[902378,191151],[54,1019],[270,1015],[-12,555],[-174,1033],[-220,653],[75,733],[164,230],[209,967],[85,725],[167,629],[579,1083],[525,1134],[516,128],[329,344],[456,217],[385,54],[449,-117],[432,221],[690,-140],[540,6],[295,1041],[223,531],[568,1151],[1177,1694],[-326,910],[147,363],[3,1201],[-42,813],[52,648],[-170,681],[32,490],[124,385],[347,889],[115,811],[236,1095],[317,740],[105,459],[162,1866],[71,1333],[181,639],[686,1336],[182,442],[136,1250],[309,872],[285,587],[408,923],[187,139],[350,604],[213,688],[471,906],[159,782],[192,541],[769,1564]],[[915861,230014],[542,77],[622,-517],[393,-549],[415,-100],[465,-270],[336,142],[378,351],[114,-46],[309,-620],[474,-386],[114,-468],[254,-202],[54,-3],[196,35],[357,-209],[396,-72],[256,86],[321,366],[592,-15],[733,-422],[288,-10],[278,-200],[202,129],[317,-114],[653,-15],[669,-159],[785,104],[563,-87],[237,-311],[865,-240],[420,-315],[407,-77],[260,-628],[284,-502],[362,-149],[268,65],[304,-363],[432,25],[586,-395],[330,-483],[150,12],[577,-384],[385,368],[468,134],[828,-49],[458,78],[123,-128],[920,364],[316,-66]],[[935917,223796],[145,-869],[611,-1335],[404,-480],[830,-558],[993,-1007],[460,-1160],[210,-312],[302,-167],[450,-760],[505,-127],[412,-272],[152,-292],[406,-1249],[545,-134],[214,-196],[210,-723],[441,-854],[792,-744],[206,-363],[475,-1239],[-58,-1247],[110,-895],[-29,-267],[-568,-1274],[-224,-842],[-260,-244],[-325,-8],[-183,-507],[-455,-316],[-937,-401],[-908,-909],[-239,-474],[-118,-685],[-421,-957],[4,-297],[-179,-777],[-150,-1274],[55,-622],[-27,-1376],[65,-523],[-72,-922],[-133,-305],[-278,-490],[-110,-521],[-239,-354],[-331,-110],[-273,-630],[-124,-73],[-487,92],[-364,-932],[-133,-9],[-419,226],[-399,-508],[-253,-63],[-646,278],[-310,-358],[-148,-445],[-429,-478],[-366,-50],[-327,-532],[-86,-553],[-426,10],[-442,-400],[-679,-127],[-313,305],[-391,160],[46,-707],[13,-380],[-291,-710],[-424,-16],[-353,-424],[-217,-937],[-114,-229],[-383,137],[-260,-209],[-345,-499],[-256,-581],[-408,-270],[-429,-109],[-472,124],[-263,-235],[-68,-355],[-93,-407],[-332,-331],[-121,244],[-354,-125],[-688,-668],[-415,-576],[-629,-725],[-332,-1344],[-482,-1236],[-655,-963],[-171,-1103],[-145,-564],[-441,-607],[-96,-544],[21,-847],[-587,-796],[-339,-1061],[-376,-562],[-506,-240],[-274,-733],[-396,-564],[-318,-272],[-291,9],[-338,-356],[-440,-941],[-267,-464],[-97,-860],[-162,-311],[-245,-705],[30,-723],[361,-268],[280,164],[140,-114],[242,-943],[86,-1667],[-92,-395],[-278,-136],[-386,-982],[3,-775],[-360,-502],[-532,-587],[-698,-920],[-366,-651],[-157,-413],[-309,-1101],[-322,-493],[-199,-771],[-272,-88],[-699,-731],[-324,-788],[-733,-121],[-360,328]],[[794866,106903],[41,835],[503,880],[35,343],[-195,198],[280,649],[483,-615],[38,324],[606,920],[-128,701],[265,308],[179,843],[228,574],[368,292],[-19,657],[-186,733],[88,519],[-92,464],[324,949],[51,567],[-396,351],[126,463],[-51,294],[-252,241],[-402,129],[-603,-108],[-260,-210],[-280,-859],[-347,-133],[-801,71],[-277,191],[-392,-197],[-377,55],[158,649],[-132,689],[36,273],[-183,894],[-151,326],[-216,10],[-89,-448],[-252,-328],[-221,666],[135,486],[-96,394],[-247,-92],[-366,144],[-106,307],[56,529],[-73,1043],[-89,374],[-507,332],[-458,-231],[-430,836],[138,140],[-179,795],[-267,268],[-357,752],[-228,217],[-518,196],[-266,763],[199,283],[-189,401],[-274,1710],[334,919],[-70,448],[-148,-212],[-485,-106],[-425,138],[-474,-221],[-369,79],[-170,-92],[-301,197],[-413,-48],[-192,202],[-417,108],[-166,269],[-211,-21],[-236,367],[-197,54],[-617,847],[-231,43],[-617,737],[-320,618],[-312,428],[-296,221],[-303,-108],[-500,456],[-73,306],[-377,-61],[-248,242],[-757,72],[-182,129],[-239,471],[-352,-347],[-400,139],[-168,209],[-206,-325],[-399,54],[-178,-129],[-437,-3],[-263,335],[-217,-280],[103,-435],[-85,-218],[15,-649],[-296,-711],[-240,-183],[-187,-497],[-68,-635],[63,-572],[-190,-288],[-122,-558],[-42,-1107],[-315,-434],[-256,-510],[-97,-764],[65,-522],[-478,-592],[-378,596],[-523,32],[-357,455],[-612,285],[-468,-152],[-577,569],[-279,100],[-605,-94],[-374,-169],[-533,-42],[-155,84],[-406,-138],[-283,68],[-354,375],[-408,-333],[-435,867],[-393,-249],[-680,664],[-268,69],[-109,263],[-541,-178],[-447,324],[-506,28],[-586,-520],[-399,48],[-435,-307],[-447,-197],[-153,-245],[-218,-819],[-492,-305],[-185,-373],[-721,-666],[-37,-284],[-282,-444],[-518,-492],[-79,-416],[-284,-462],[-588,376],[-179,278],[-808,1781],[-231,323],[-601,1300],[-559,363],[-485,-83],[-499,425],[-871,906],[-562,322],[-418,423],[-176,464],[-364,155],[-105,270],[-485,170],[-392,-56],[-136,1125],[-193,330],[-268,6],[-179,-236],[-241,12],[-204,355],[-433,1714],[-168,68],[-417,499],[-82,750],[-688,206],[-263,-17],[-139,327],[-336,409],[-120,374],[227,770],[-168,442],[-16,618],[149,840]],[[748964,141121],[128,-967],[572,-362],[386,-383],[583,-717],[670,-1088],[246,-241],[331,-823],[691,-1116],[625,-555],[985,325],[174,-282],[283,-1041],[521,-173],[703,-458],[275,-298],[53,-825],[218,-622],[355,-429],[276,260],[88,781],[-227,1541],[78,555],[218,617],[509,15],[914,-169],[184,71],[535,487],[167,705],[120,833],[239,754],[272,-149],[484,-710],[498,44],[343,654],[53,1137]],[[761514,138492],[25,930],[219,671],[348,599],[656,688],[802,528],[257,399],[155,640],[-20,742],[183,655],[19,944],[277,488],[813,217],[327,151],[517,453],[312,457],[334,295],[689,1148],[479,516],[588,280],[387,-93],[233,155],[542,41],[566,-48],[302,205],[514,-233],[662,187],[429,-214],[508,54],[335,166],[230,452],[403,1310],[420,713],[369,992],[224,1269],[37,1560],[183,1182],[-70,794],[-116,389],[791,786],[117,1230],[-227,521],[176,247],[45,383],[-248,546],[252,972],[172,285],[-166,509],[447,1223],[216,259],[-15,579],[358,223],[-383,552],[-216,145],[-267,-108],[-195,327],[-331,238],[-281,-35],[-229,189],[-328,1094],[47,595],[-58,350],[25,891],[-92,934],[-318,275],[-305,674],[-291,400],[-600,573],[-100,517],[58,261],[-482,-64],[-138,901],[143,500],[163,102],[242,-277],[122,175],[32,845],[357,445],[122,1459],[157,-46],[199,612],[-51,1502],[112,392],[-215,570],[287,328],[76,326],[301,519],[-298,200],[-263,-155],[-250,328],[41,483],[-155,418],[-635,160],[-196,310],[-501,-134],[-449,165],[-778,-1325],[-262,-257],[-503,175],[-356,-328],[-228,-19],[-138,244],[-527,439],[-381,196],[-414,56],[-585,1435],[125,174],[547,-21],[164,329],[1384,-227],[238,312],[34,353],[224,435],[60,350],[209,305],[174,1049],[187,135],[-9,440],[118,319],[78,619],[-106,688],[409,1072],[-151,399],[563,1087],[21,919],[193,536],[112,46],[143,-811],[462,-35],[210,-266],[302,155],[343,-25],[266,-334],[138,-584],[179,-30],[395,667],[405,-353],[167,52],[55,684],[147,603],[156,278],[294,-70],[90,333],[-403,450],[-59,188],[400,947],[-10,904],[192,523],[269,206],[209,553],[-117,381],[170,509],[173,201],[31,395],[217,404],[8,306],[228,223],[-73,316],[685,1132]],[[777501,201710],[799,-578],[355,-124],[119,-286],[-75,-420],[163,-633],[156,-262],[601,-345],[541,88],[409,-469],[295,-457],[199,-967],[84,-806],[-18,-1563],[111,-418],[341,-260],[335,-399],[362,-100],[282,431],[297,92]],[[782857,194234],[407,-285],[166,-455],[-195,-784],[-249,-416],[-752,-681],[-176,-347],[-85,-672],[291,-723],[418,-109],[1207,773],[372,-177],[294,-593],[18,-519],[139,-716],[382,-590],[316,-858],[565,-280],[169,-683],[-31,-519],[-171,-311],[123,-726],[-19,-866],[724,-778],[136,10],[361,425],[217,-52],[224,-408],[302,90],[195,363],[166,608],[492,651],[329,26],[555,-1015],[137,-120],[204,-6],[221,271],[206,521],[388,695],[240,635],[291,257],[352,-433],[477,21],[546,326],[474,514],[382,631],[175,582],[179,1009],[495,913],[354,990],[234,422],[435,293],[701,329],[397,-96],[608,912],[230,130],[161,-233],[240,90],[715,1090],[1052,472],[319,268],[440,699],[606,247],[500,-160],[459,-448],[548,-639],[466,-721],[328,-155],[390,-486],[199,-379],[235,-160],[574,-7],[259,159],[821,-453],[1124,-963],[562,-192],[319,18],[470,-115],[435,-437],[636,-300],[396,-290],[309,-824],[374,-274],[273,-343],[675,-353],[399,-332],[27,-557],[348,-1082],[339,-306],[294,-593],[135,-502],[440,-774],[411,-326],[529,-74],[214,-249],[236,-599],[540,-952],[227,-535],[107,-860],[-51,-146],[-143,-301],[358,-1261],[772,-1261],[387,-1004],[-148,-1017],[195,-606],[204,-347],[452,-214],[377,-381],[-96,-473],[113,-1078],[132,-524],[358,-941],[207,-357],[148,-876],[-43,-1076],[43,-258],[436,-862],[231,-314],[539,-82],[290,-305],[644,-1204],[62,-550],[283,-235],[85,-761],[-11,-1418],[80,-864],[121,-526],[407,-585],[124,-512],[1,-580],[87,-832],[-21,-627],[-180,-776],[-33,-1214],[151,-316],[243,-110],[117,-341],[-4,-1361],[-218,-1101],[30,-301],[119,-349],[357,-201],[205,-293],[46,-982],[447,-2262],[-11,-1007],[-66,-1010],[-295,-1573],[-9,-334],[214,-469],[111,-586],[-5,-767],[-114,-1029],[-274,-1062],[42,-651],[304,-778],[280,-1179],[174,-1462],[93,-1626],[131,-441],[461,-428],[111,-604],[-15,-681],[-138,-936],[-135,-564],[191,-418],[198,304],[454,387],[343,-157],[227,-527],[172,-933],[406,-154],[665,-383],[731,-234],[155,-408],[607,-788],[470,-3],[322,350],[281,94],[587,-255],[440,-361],[565,554],[242,178],[595,-97],[238,372],[151,648],[-56,700],[124,438],[1205,1008],[523,-49],[331,281],[676,941],[233,515],[132,55],[335,-297],[377,-41],[466,577],[315,185],[447,33],[912,357],[254,-244],[435,71],[401,-198],[714,-192],[708,442],[240,4],[211,-401],[465,-149],[358,331],[574,1260],[350,563],[565,83],[239,616],[113,12],[315,-680],[487,-126],[222,-157],[492,12],[393,277],[517,-41]],[[846479,134966],[538,3],[587,-267],[669,-595],[448,-31],[235,175],[251,429],[308,733],[282,-153],[84,-462],[-139,-1005],[198,-792],[225,-300],[821,-228],[419,-254],[106,-413],[77,-257],[652,-314],[228,-599],[366,1],[83,862],[174,383],[387,89],[387,-193],[293,174],[328,355],[556,745],[554,328],[268,664],[310,465],[290,275],[136,-53],[464,-570],[178,50],[85,786],[129,471],[147,148],[271,-243],[171,-367],[556,-560],[518,464],[312,628],[77,522],[268,342],[335,117],[132,-181],[18,-464],[245,-233],[314,192],[491,-45],[554,173],[469,501],[131,300],[264,26],[270,-423],[447,-142],[509,194],[-185,987],[50,361],[303,238],[459,102],[407,-40],[789,59],[445,459],[158,527],[355,372],[745,337],[559,-29],[414,378],[196,22],[412,291],[843,48],[829,-477],[193,-386],[280,-1158],[169,-522],[221,-344]],[[871597,137642],[41,-531],[152,-300],[572,-603],[236,-473],[373,-1140],[121,-858],[-8,-1053],[54,-750],[-36,-1022],[-347,-2171],[-88,-241]],[[872667,128500],[-110,-454],[-470,-9],[-246,-159],[-488,-891],[-221,-776],[-80,-2021],[-108,-1854],[-167,-1428],[-701,-1902],[-197,-808],[255,-3058],[-77,-654],[-204,-1141],[-527,-696],[-217,-724],[-81,-815],[-152,-593],[-156,-182],[-234,-1014],[-232,-784],[-100,-607],[-25,-649],[-115,-1030],[-623,-1305],[-123,-555],[-965,-3239],[-312,-847],[-352,-789],[-301,-855],[-165,-295],[-568,-551],[-344,-34],[-622,83],[-947,-187],[-1246,-13],[-198,62],[-363,-120],[-523,-1426],[-712,342],[-901,878],[-394,688],[-609,930],[-666,-531],[-193,-517],[-227,-277],[-206,-656],[41,-695],[-244,-536],[-361,-439],[-350,-950],[0,-918],[-102,-911],[-692,-340],[-140,-274],[-38,-526],[-436,-719],[33,-732],[-117,-961],[-393,-1030]],[[853655,88006],[-273,-452],[-565,-46],[-165,393],[-172,-271],[12,-440],[-495,-748],[-198,-392],[-236,229],[-201,-184],[-54,-1081],[-341,373],[-440,837],[-107,527],[62,1079],[-48,602],[-281,950],[-222,134],[-494,514],[-296,590],[-185,748],[-91,1266],[-130,590],[-350,798],[-398,57],[-946,-428],[-591,-412],[-255,-65],[-588,190],[-531,752],[-200,89],[-737,1036],[-331,728],[-231,712],[-385,807],[11,384],[266,921],[96,516],[-183,1232],[-157,339],[-413,622],[-210,-142],[-191,-439],[-598,-890],[-598,-290],[92,-901],[-100,-800],[69,-1088],[-45,-371],[126,-804],[189,-450],[-104,-431],[-386,-119],[0,-416],[-472,-429],[134,-227],[-69,-558],[-341,-641],[-197,-12],[-165,-327],[-18,-380],[-484,-545],[-244,-502],[-298,-426],[-146,-382],[-12,-398],[-347,-812],[-98,-419],[-236,-207],[-500,415],[-280,-149],[-255,146],[-407,49],[-82,-188],[-474,-488],[-162,-848],[43,-1433],[-211,-18],[-302,217],[-289,-272],[-74,-596],[-185,64],[-428,-551],[-359,65],[51,-717],[-331,-409],[-211,442],[-375,-103],[-160,-506],[-237,164],[39,472],[137,349],[-65,464],[-149,336],[-27,1419],[-152,615],[-143,223],[4,499],[-271,316],[-620,317],[-281,62],[-115,171],[-457,210],[-186,-497],[-380,-706],[-407,87],[-64,-329],[-196,-117],[-203,186],[-422,117],[-92,524],[-484,472],[-247,-77],[-193,-53],[-266,-490],[-360,-38],[-292,-553],[-366,-104],[-257,-461],[-366,-246],[-292,-415],[-65,-336],[-325,248],[-402,-76],[-167,-506],[-334,-401],[-294,192],[-133,-358],[-218,-179],[-312,-585],[-410,160],[-273,-622],[-29,-374],[-168,-491],[-317,-215],[-73,-510],[-148,67],[79,949],[125,598],[-85,519],[-543,685],[-273,-212],[-112,589],[-161,38],[-165,354],[-108,922],[-294,167],[51,944],[-208,549],[-646,5],[-166,-369],[-218,226],[-310,-390],[-628,-14],[-169,-452],[-337,-218],[-533,322],[-124,-225],[-305,-89],[-250,110],[-323,-149],[8,-398],[-275,-401],[-100,-986],[-495,-264],[-195,-614],[-427,-751],[-224,-587],[-837,-510],[-749,338],[-144,266],[-639,392],[-226,304],[-94,535],[136,291],[-252,731],[14,320],[-300,629],[-215,156],[-98,-449],[-455,-1144],[-75,-426],[-268,-544],[-124,-578],[-115,108],[-422,-83],[-331,-455],[-246,207],[-61,516],[-437,1077],[-276,264],[-305,-164],[-555,235],[-95,-388],[-277,-548],[-367,-88],[-76,-968],[-307,65],[-472,692],[-303,120],[-273,277],[-376,-276],[-292,-1118],[-480,409],[-279,551],[-47,351],[-211,508],[-29,606],[-212,124],[-256,-517],[-384,-173],[-574,67],[-326,33],[-148,-310],[-172,1107],[-302,237],[-13,625],[-241,938],[227,1029],[-331,182],[-62,860],[-291,520],[-479,409],[-176,416],[-49,582],[100,578],[45,835],[-147,658],[240,994],[30,556],[-515,264],[-313,547],[-512,338],[-419,95],[-428,-31],[-337,264],[-13,352],[179,440],[194,214],[185,460],[46,496],[318,693],[70,341],[238,313],[263,607],[84,383],[210,207],[-3,440],[130,480],[474,43],[-9,374],[134,414],[322,640],[107,396],[-5,763],[79,259],[-104,471],[118,580],[-309,-25],[-270,197],[-299,-150],[-284,-678],[-231,-154],[-194,470],[76,630],[-31,655],[-240,523],[-142,-202],[-579,173],[-151,-513],[-244,-85],[-158,-270],[-207,9],[-353,-718],[-40,-435],[-586,329],[-446,164],[-148,-212],[-276,312],[53,541],[-672,535]]]}