{
"type": "FeatureCollection",
"name": "bagmati",
"crs": { "type": "name", "properties": { "name": "urn:ogc:def:crs:OGC:1.3:CRS84" } },
"features": [
{ "type": "Feature", "properties": { "DISTRICT": "BHAKTAPUR", "STATE_CODE": 3, "PR_NAME": "Bagmati Province" }, "geometry": { "type": "Polygon", "coordinates": [ [ [ 85.493718268000066, 27.655923520000044 ], [ 85.496012643000086, 27.652812457000039 ], [ 85.494920081000032, 27.65146614400004 ], [ 85.488399643000037, 27.647626582000044 ], [ 85.485838206000039, 27.645377707000023 ], [ 85.483882768000058, 27.642312394000044 ], [ 85.481628018000038, 27.642923144000065 ], [ 85.480686080000055, 27.645168894000051 ], [ 85.479262831000085, 27.644554644000038 ], [ 85.479912206000051, 27.641644145000043 ], [ 85.475147268000057, 27.635547207000059 ], [ 85.472164956000086, 27.634074082000041 ], [ 85.471661268000048, 27.63240995700005 ], [ 85.47001539300004, 27.631414457000062 ], [ 85.469275518000074, 27.629696457000023 ], [ 85.466918081000074, 27.626253770000062 ], [ 85.465012518000037, 27.625109832000078 ], [ 85.462788080000053, 27.62507914400004 ], [ 85.461678206000045, 27.62752514400006 ], [ 85.461766455000031, 27.628733457000067 ], [ 85.460000706000073, 27.630394457000023 ], [ 85.457788268000058, 27.633330332000071 ], [ 85.45631301800006, 27.636851770000078 ], [ 85.452119830000072, 27.63297689500007 ], [ 85.449739581000074, 27.629689894000023 ], [ 85.44548495600003, 27.62923801900007 ], [ 85.442380331000038, 27.628403957000046 ], [ 85.440407143000073, 27.62464102000007 ], [ 85.438512956000068, 27.623036332000027 ], [ 85.436226831000056, 27.622690019000061 ], [ 85.430810143000031, 27.624505707000026 ], [ 85.428073269000038, 27.621294207000062 ], [ 85.424729206000052, 27.61988470700004 ], [ 85.422741331000054, 27.61992314400004 ], [ 85.420143768000059, 27.620021957000063 ], [ 85.416190018000066, 27.622796770000036 ], [ 85.414974706000066, 27.624907332000078 ], [ 85.411004956000056, 27.627443019000054 ], [ 85.409774955000046, 27.628962582000042 ], [ 85.408012768000049, 27.629627957000025 ], [ 85.406926080000062, 27.63185677000007 ], [ 85.400144143000034, 27.631975019000038 ], [ 85.398661205000053, 27.632693894000056 ], [ 85.395550581000066, 27.635360332000062 ], [ 85.393510893000041, 27.639085457000078 ], [ 85.391601330000071, 27.644938894000063 ], [ 85.389581706000058, 27.643553519000079 ], [ 85.387512205000064, 27.645893457000057 ], [ 85.386887330000036, 27.64872895700006 ], [ 85.381086830000072, 27.650769957000023 ], [ 85.376667768000061, 27.65134633200006 ], [ 85.374945393000075, 27.653572145000055 ], [ 85.373420956000075, 27.653187957000057 ], [ 85.372042768000085, 27.654268769000055 ], [ 85.372205643000086, 27.65965245700005 ], [ 85.371278893000067, 27.660722019000048 ], [ 85.369392580000067, 27.659468207000032 ], [ 85.367381081000076, 27.660061082000027 ], [ 85.36404458100003, 27.662717832000055 ], [ 85.365322143000071, 27.663255769000045 ], [ 85.365646143000049, 27.666395332000036 ], [ 85.363281455000049, 27.66886420700007 ], [ 85.361713081000062, 27.668933770000024 ], [ 85.358368268000049, 27.667572332000077 ], [ 85.354286955000077, 27.667713769000045 ], [ 85.355351143000064, 27.669343582000067 ], [ 85.355738080000037, 27.671591395000064 ], [ 85.358441893000077, 27.676237395000044 ], [ 85.357202143000052, 27.678248394000036 ], [ 85.358750331000067, 27.681551957000067 ], [ 85.359782456000062, 27.682622520000052 ], [ 85.361803143000031, 27.681355020000069 ], [ 85.363525581000033, 27.682247269000072 ], [ 85.36448051800005, 27.683986395000034 ], [ 85.36757483100007, 27.686148769000056 ], [ 85.370172955000044, 27.688453644000049 ], [ 85.372332706000066, 27.688930895000055 ], [ 85.373257893000073, 27.691112394000072 ], [ 85.375182893000044, 27.692070145000059 ], [ 85.376630643000055, 27.690490020000027 ], [ 85.378071331000058, 27.690773519000061 ], [ 85.377796018000083, 27.694334082000069 ], [ 85.37914664300007, 27.694406394000055 ], [ 85.380254580000042, 27.692964957000072 ], [ 85.383016018000035, 27.694013582000025 ], [ 85.385558705000051, 27.692587144000072 ], [ 85.387343143000066, 27.692941519000044 ], [ 85.386938643000065, 27.69533020700004 ], [ 85.387515768000071, 27.696416457000055 ], [ 85.391497081000068, 27.696604270000023 ], [ 85.39200758100003, 27.697637019000069 ], [ 85.39052339300008, 27.700776645000076 ], [ 85.391575080000052, 27.702205457000048 ], [ 85.394002830000034, 27.702801457000078 ], [ 85.395916831000079, 27.70221358200007 ], [ 85.397111706000032, 27.700847832000079 ], [ 85.398430143000041, 27.701615207000032 ], [ 85.398911268000063, 27.703417458000047 ], [ 85.400774143000035, 27.704734207000058 ], [ 85.403125831000068, 27.70467883200007 ], [ 85.404594768000038, 27.705464832000075 ], [ 85.405798643000082, 27.708216332000063 ], [ 85.408156491000057, 27.709618181000053 ], [ 85.410245529000065, 27.71150327600003 ], [ 85.413320456000065, 27.711244082000064 ], [ 85.414512019000085, 27.713217220000047 ], [ 85.412249581000083, 27.715785207000067 ], [ 85.414204080000047, 27.717400895000026 ], [ 85.416338331000077, 27.716043457000069 ], [ 85.417547268000078, 27.716502645000048 ], [ 85.418174393000072, 27.720250270000065 ], [ 85.419492331000072, 27.719634395000071 ], [ 85.42243226800008, 27.719703457000037 ], [ 85.423117956000056, 27.723159457000065 ], [ 85.424931205000064, 27.723783769000079 ], [ 85.42654833000006, 27.723067644000025 ], [ 85.429369455000085, 27.723692957000026 ], [ 85.430446506000067, 27.72511208700007 ], [ 85.433328080000081, 27.725506395000025 ], [ 85.435751768000046, 27.726656707000075 ], [ 85.437466956000037, 27.726609519000078 ], [ 85.438920980000034, 27.727526182000076 ], [ 85.442668956000034, 27.726124520000042 ], [ 85.44580858300003, 27.724309466000079 ], [ 85.447991218000084, 27.725270030000047 ], [ 85.450610275000031, 27.724288526000066 ], [ 85.453711268000063, 27.721537457000068 ], [ 85.455007321000039, 27.72205176500006 ], [ 85.458626768000045, 27.719597457000077 ], [ 85.461336955000036, 27.720550213000024 ], [ 85.464740018000043, 27.718519895000043 ], [ 85.466135143000031, 27.718861582000045 ], [ 85.467273480000074, 27.720338507000065 ], [ 85.470950018000053, 27.720353644000056 ], [ 85.471912387000032, 27.719244703000072 ], [ 85.472068268000044, 27.717307395000034 ], [ 85.474878517000036, 27.716742771000042 ], [ 85.47731320500003, 27.715496270000074 ], [ 85.478606205000062, 27.717237644000079 ], [ 85.48254389300007, 27.718686770000033 ], [ 85.486724518000074, 27.718271958000059 ], [ 85.489017269000044, 27.718617270000038 ], [ 85.489941156000043, 27.719771455000057 ], [ 85.494543518000057, 27.720443770000031 ], [ 85.499109518000068, 27.72234583200003 ], [ 85.500000143000079, 27.723628832000031 ], [ 85.502275331000078, 27.722974457000078 ], [ 85.50591227700005, 27.72380563400003 ], [ 85.507453206000037, 27.725103645000047 ], [ 85.511710712000081, 27.725684207000029 ], [ 85.514514464000058, 27.727627449000067 ], [ 85.522281702000043, 27.728428023000049 ], [ 85.526069153000037, 27.726602698000079 ], [ 85.52741608000008, 27.725376207000068 ], [ 85.524928455000065, 27.721288895000043 ], [ 85.521760081000082, 27.718274832000077 ], [ 85.523468643000058, 27.714523270000029 ], [ 85.523723830000051, 27.712610645000041 ], [ 85.522417331000042, 27.710166957000069 ], [ 85.523485956000059, 27.708748082000056 ], [ 85.523511081000038, 27.705914707000034 ], [ 85.524521768000056, 27.702769269000044 ], [ 85.522817893000081, 27.69852108200007 ], [ 85.523956144000067, 27.695778582000059 ], [ 85.52357408000006, 27.694055395000078 ], [ 85.522443018000047, 27.692737082000065 ], [ 85.518016331000069, 27.69247989400003 ], [ 85.516156893000073, 27.691776520000076 ], [ 85.512755581000079, 27.691532457000051 ], [ 85.509416331000068, 27.692764457000067 ], [ 85.508282830000041, 27.692477020000069 ], [ 85.505955143000051, 27.689431082000056 ], [ 85.505574519000049, 27.686437707000039 ], [ 85.503062768000063, 27.678153519000034 ], [ 85.502038706000064, 27.676312832000065 ], [ 85.499601205000033, 27.673434457000042 ], [ 85.49970533000004, 27.67011020700005 ], [ 85.497187893000046, 27.66594120700006 ], [ 85.496864268000081, 27.662179394000077 ], [ 85.494583331000058, 27.660099145000061 ], [ 85.493988893000051, 27.65793745700006 ], [ 85.493718268000066, 27.655923520000044 ] ] ] } },
{ "type": "Feature", "properties": { "DISTRICT": "CHITAWAN", "STATE_CODE": 3, "PR_NAME": "Bagmati Province" }, "geometry": { "type": "Polygon", "coordinates": [ [ [ 84.541200892000063, 27.385138457000039 ], [ 84.534630205000042, 27.383726394000064 ], [ 84.532592454000053, 27.380778144000033 ], [ 84.526297017000047, 27.383105957000055 ], [ 84.522010454000053, 27.383814770000072 ], [ 84.513332955000067, 27.382111707000035 ], [ 84.512097704000041, 27.380525394000074 ], [ 84.506217080000056, 27.380903395000075 ], [ 84.504688018000081, 27.37972651900003 ], [ 84.504548830000033, 27.377195207000057 ], [ 84.503856705000032, 27.376317706000066 ], [ 84.497690829000078, 27.376461644000074 ], [ 84.495972080000058, 27.375080019000052 ], [ 84.495805017000066, 27.373742519000075 ], [ 84.494091892000085, 27.372329207000064 ], [ 84.490063080000084, 27.371264769000049 ], [ 84.489586080000038, 27.369134019000057 ], [ 84.487430205000067, 27.366718082000034 ], [ 84.486022392000052, 27.365865519000067 ], [ 84.486256079000043, 27.363522457000045 ], [ 84.487574142000085, 27.360631769000065 ], [ 84.488023330000033, 27.358312707000039 ], [ 84.484207955000045, 27.360286957000028 ], [ 84.481822580000085, 27.360843457000044 ], [ 84.478559517000065, 27.362280894000037 ], [ 84.475023642000053, 27.357998770000052 ], [ 84.474883454000064, 27.356085707000034 ], [ 84.473359642000048, 27.354791144000046 ], [ 84.471753017000083, 27.354965832000062 ], [ 84.468096455000079, 27.356735957000069 ], [ 84.466889955000056, 27.35951551900007 ], [ 84.463520205000066, 27.359343957000078 ], [ 84.460793642000056, 27.360677582000051 ], [ 84.459884955000064, 27.36189683200007 ], [ 84.454232517000037, 27.362881144000028 ], [ 84.450438205000069, 27.363064894000047 ], [ 84.447125329000073, 27.364481394000052 ], [ 84.446172079000064, 27.368180644000063 ], [ 84.444293580000078, 27.36964658200003 ], [ 84.442552142000068, 27.369990582000071 ], [ 84.43797126700008, 27.369314582000072 ], [ 84.432644955000058, 27.370951332000061 ], [ 84.430106767000041, 27.370683832000054 ], [ 84.426378142000033, 27.371764957000039 ], [ 84.424593767000033, 27.371303269000066 ], [ 84.422477455000035, 27.369653394000068 ], [ 84.420064204000084, 27.369502707000038 ], [ 84.417852954000068, 27.370617331000062 ], [ 84.415635704000067, 27.370321581000042 ], [ 84.414280829000063, 27.368937832000029 ], [ 84.412306892000061, 27.368305082000063 ], [ 84.40821014200003, 27.37016520700007 ], [ 84.405758767000066, 27.369770707000043 ], [ 84.402670080000064, 27.369973707000042 ], [ 84.401126767000051, 27.369233456000075 ], [ 84.399498767000068, 27.370059519000051 ], [ 84.397643767000034, 27.369791769000074 ], [ 84.394800767000049, 27.368012706000059 ], [ 84.393252267000037, 27.368285581000066 ], [ 84.390287267000076, 27.371850207000023 ], [ 84.381884393000064, 27.374572269000055 ], [ 84.377777330000072, 27.375285207000047 ], [ 84.374970330000053, 27.376418831000024 ], [ 84.373821829000065, 27.375052082000025 ], [ 84.369647330000078, 27.374354707000066 ], [ 84.358535517000064, 27.373250957000039 ], [ 84.35018801700005, 27.373967144000062 ], [ 84.347851705000039, 27.374954582000044 ], [ 84.344055767000043, 27.375832769000056 ], [ 84.340877330000069, 27.377363707000029 ], [ 84.339334142000041, 27.377604394000059 ], [ 84.336854892000076, 27.376944706000074 ], [ 84.33389851700008, 27.377561082000057 ], [ 84.332821767000041, 27.379066519000048 ], [ 84.330075955000041, 27.380165207000061 ], [ 84.326135580000084, 27.380169957000078 ], [ 84.324052829000038, 27.38134820700003 ], [ 84.319660329000044, 27.381924769000079 ], [ 84.315898017000052, 27.385004519000063 ], [ 84.312699892000069, 27.386521332000029 ], [ 84.30738476700003, 27.387476332000062 ], [ 84.30268114200004, 27.390210269000079 ], [ 84.30028876700004, 27.388996894000059 ], [ 84.297506080000062, 27.384555207000062 ], [ 84.296395017000066, 27.384072457000059 ], [ 84.293456267000067, 27.385055707000049 ], [ 84.291002892000051, 27.387491144000023 ], [ 84.289276329000074, 27.390218394000044 ], [ 84.287084829000037, 27.391813832000025 ], [ 84.28636395400008, 27.394658519000075 ], [ 84.284106455000085, 27.396466144000044 ], [ 84.278697267000041, 27.395222394000029 ], [ 84.277661455000043, 27.400854520000053 ], [ 84.279450392000058, 27.402638144000036 ], [ 84.281227392000062, 27.406696332000024 ], [ 84.279711454000051, 27.409937520000028 ], [ 84.280448205000084, 27.412309956000058 ], [ 84.280152642000076, 27.415670520000049 ], [ 84.276916580000034, 27.419255832000033 ], [ 84.275702955000042, 27.421126706000052 ], [ 84.275604330000078, 27.42288695700006 ], [ 84.274449017000052, 27.42561964500004 ], [ 84.274726392000048, 27.428606769000055 ], [ 84.26975526700005, 27.431841082000062 ], [ 84.268325454000035, 27.434095832000025 ], [ 84.264033204000043, 27.435284207000052 ], [ 84.260775017000071, 27.438546519000056 ], [ 84.260598517000062, 27.441990332000046 ], [ 84.261652642000058, 27.444156957000075 ], [ 84.260886455000048, 27.446392269000057 ], [ 84.257852829000058, 27.448200894000024 ], [ 84.256274017000067, 27.450223394000034 ], [ 84.256314017000079, 27.451915707000069 ], [ 84.254476392000072, 27.452781082000058 ], [ 84.25147376700005, 27.45334383200003 ], [ 84.249854142000061, 27.45276014500007 ], [ 84.247791204000066, 27.453007519000039 ], [ 84.245982017000074, 27.454479707000075 ], [ 84.242179892000081, 27.452383270000041 ], [ 84.236904954000067, 27.45377789500003 ], [ 84.233799705000081, 27.456093832000079 ], [ 84.228732517000083, 27.450607582000032 ], [ 84.226150892000078, 27.450180769000042 ], [ 84.22283320400004, 27.446905144000027 ], [ 84.223194517000081, 27.443400144000066 ], [ 84.222578392000059, 27.441257394000047 ], [ 84.220944892000034, 27.440192769000078 ], [ 84.218623017000084, 27.441333644000053 ], [ 84.21465076700008, 27.441026144000034 ], [ 84.210486579000076, 27.442508270000076 ], [ 84.208955267000078, 27.445486957000071 ], [ 84.210427955000057, 27.45293808200006 ], [ 84.209427142000038, 27.454415332000053 ], [ 84.20935583000005, 27.456836707000036 ], [ 84.206234392000056, 27.458795520000024 ], [ 84.206222704000083, 27.459844832000044 ], [ 84.210851267000066, 27.464698457000054 ], [ 84.21092995500004, 27.465330207000079 ], [ 84.208318079000037, 27.469152144000077 ], [ 84.204567267000073, 27.470263395000075 ], [ 84.201986892000036, 27.471749707000072 ], [ 84.199268579000034, 27.472223019000069 ], [ 84.197713829000065, 27.471825832000036 ], [ 84.196333454000069, 27.472980832000076 ], [ 84.19357732900005, 27.469137332000059 ], [ 84.190832642000032, 27.47190308200004 ], [ 84.186770142000057, 27.472118456000032 ], [ 84.182733767000059, 27.473804957000027 ], [ 84.178633080000054, 27.473582332000035 ], [ 84.175621892000038, 27.475296644000025 ], [ 84.173674955000081, 27.475490832000048 ], [ 84.173079829000073, 27.479016332000072 ], [ 84.169934454000042, 27.479354145000059 ], [ 84.169073517000072, 27.481790019000073 ], [ 84.165739141000074, 27.483615019000069 ], [ 84.161558329000059, 27.484362332000046 ], [ 84.159835392000048, 27.483430144000067 ], [ 84.157860142000061, 27.484043894000024 ], [ 84.15565739200008, 27.483929020000062 ], [ 84.153579705000084, 27.485991582000054 ], [ 84.15088445400005, 27.485911019000071 ], [ 84.150936830000035, 27.488812832000065 ], [ 84.147709517000067, 27.492239520000055 ], [ 84.148425892000034, 27.495070706000035 ], [ 84.146648517000074, 27.497022145000074 ], [ 84.151959454000064, 27.501030832000026 ], [ 84.15045176700005, 27.502675207000038 ], [ 84.151509954000062, 27.504301019000025 ], [ 84.150800579000077, 27.505574519000049 ], [ 84.151717704000077, 27.506758144000059 ], [ 84.151644392000037, 27.509382519000042 ], [ 84.153382642000054, 27.510154644000067 ], [ 84.152073954000059, 27.512532207000049 ], [ 84.153001892000077, 27.516683144000069 ], [ 84.149354204000076, 27.517073019000065 ], [ 84.147998392000034, 27.518604332000052 ], [ 84.145466329000044, 27.516901082000061 ], [ 84.143717204000041, 27.51775589500005 ], [ 84.140962267000077, 27.517600831000038 ], [ 84.137003079000067, 27.51455164500004 ], [ 84.135801142000048, 27.514782957000023 ], [ 84.133706329000063, 27.512605207000036 ], [ 84.130285705000063, 27.511520832000031 ], [ 84.125937142000055, 27.510861395000063 ], [ 84.12472501700006, 27.511855332000039 ], [ 84.121181829000079, 27.512542207000024 ], [ 84.119627579000053, 27.513484520000077 ], [ 84.119449954000061, 27.517699832000062 ], [ 84.118752205000078, 27.519074707000073 ], [ 84.115959767000049, 27.519099582000024 ], [ 84.114762454000072, 27.519872332000034 ], [ 84.113012767000043, 27.51923064500005 ], [ 84.110981892000041, 27.521441394000078 ], [ 84.10682345400005, 27.520395395000037 ], [ 84.10537376700006, 27.519092207000028 ], [ 84.102117079000038, 27.517242019000037 ], [ 84.099950954000064, 27.517031520000046 ], [ 84.099740580000059, 27.515337019000071 ], [ 84.101105517000065, 27.513354832000061 ], [ 84.101848016000076, 27.510217707000038 ], [ 84.100885517000052, 27.507302957000036 ], [ 84.100822642000082, 27.505391769000028 ], [ 84.099474704000045, 27.504253144000074 ], [ 84.10066970500003, 27.50269533200003 ], [ 84.099687954000046, 27.49696670700007 ], [ 84.098594079000065, 27.494415332000074 ], [ 84.097729517000062, 27.489702082000065 ], [ 84.095814454000049, 27.488444270000059 ], [ 84.092973267000048, 27.488177644000075 ], [ 84.09187651700006, 27.48612270700005 ], [ 84.090046141000073, 27.484982082000045 ], [ 84.084247580000067, 27.482837457000073 ], [ 84.08237876700008, 27.483860832000062 ], [ 84.079874016000076, 27.483713332000036 ], [ 84.078940142000079, 27.482540457000027 ], [ 84.077099829000076, 27.482338394000067 ], [ 84.076553017000037, 27.480978020000066 ], [ 84.07490851700004, 27.480317769000067 ], [ 84.072716205000063, 27.481435894000072 ], [ 84.071190017000049, 27.479284019000033 ], [ 84.070292641000037, 27.476062082000055 ], [ 84.070527392000031, 27.47323226900005 ], [ 84.06935807900004, 27.472077519000038 ], [ 84.068883142000061, 27.469663269000023 ], [ 84.06762851700006, 27.468467894000071 ], [ 84.064938267000059, 27.467419894000045 ], [ 84.064270580000084, 27.465023769000027 ], [ 84.062561579000032, 27.461587831000031 ], [ 84.060617454000067, 27.461022332000027 ], [ 84.061775954000041, 27.457930331000057 ], [ 84.06397520400003, 27.456279832000064 ], [ 84.063410892000036, 27.454844894000075 ], [ 84.060448830000041, 27.453359145000036 ], [ 84.060591267000063, 27.45186977000003 ], [ 84.059234329000049, 27.450448769000047 ], [ 84.056784142000083, 27.449195144000043 ], [ 84.05459839100007, 27.444865707000076 ], [ 84.053849829000058, 27.44243345700005 ], [ 84.045556017000081, 27.443050206000066 ], [ 84.044404642000075, 27.442506707000064 ], [ 84.040978642000084, 27.442503269000042 ], [ 84.038831017000064, 27.441021332000048 ], [ 84.036993704000054, 27.440744269000049 ], [ 84.033565954000039, 27.441182894000065 ], [ 84.032860829000072, 27.438770832000046 ], [ 84.030692204000047, 27.439599457000043 ], [ 84.029068642000084, 27.439304207000077 ], [ 84.027819454000053, 27.437903144000074 ], [ 84.029314391000071, 27.435903519000078 ], [ 84.028952705000052, 27.433398831000034 ], [ 84.027153267000074, 27.433636145000037 ], [ 84.024806954000042, 27.432858082000052 ], [ 84.023195454000074, 27.433535332000076 ], [ 84.02071320400006, 27.435853207000036 ], [ 84.01787808000006, 27.434569582000051 ], [ 84.015871704000062, 27.436278082000058 ], [ 84.014332016000083, 27.438469332000068 ], [ 84.011023392000084, 27.437506082000027 ], [ 84.009863892000055, 27.440216270000064 ], [ 84.006936704000054, 27.441974332000029 ], [ 84.005895829000053, 27.441125894000038 ], [ 84.004284079000058, 27.441820956000072 ], [ 84.00335608000006, 27.440302332000044 ], [ 84.001522642000054, 27.441818769000065 ], [ 84.000000017000048, 27.441753332000076 ], [ 83.999134642000058, 27.443486395000036 ], [ 83.998916455000085, 27.445835457000044 ], [ 83.996740829000032, 27.445885019000059 ], [ 83.994121079000081, 27.444118082000045 ], [ 83.989430392000031, 27.443318957000031 ], [ 83.987296517000061, 27.443767831000059 ], [ 83.984781455000075, 27.442937207000057 ], [ 83.980608016000076, 27.439332957000033 ], [ 83.979889829000058, 27.442257332000054 ], [ 83.977066329000081, 27.44272852000006 ], [ 83.974547266000059, 27.441958644000067 ], [ 83.97179976700005, 27.444514769000023 ], [ 83.967324080000083, 27.446321269000066 ], [ 83.964321830000074, 27.443750332000036 ], [ 83.962417766000044, 27.444072519000031 ], [ 83.959901142000035, 27.442880332000072 ], [ 83.956058641000084, 27.442240582000068 ], [ 83.952194517000066, 27.442043019000039 ], [ 83.948526829000059, 27.440965395000035 ], [ 83.946237329000041, 27.441993457000024 ], [ 83.94524476600003, 27.444134519000045 ], [ 83.946196454000074, 27.446107082000026 ], [ 83.944267642000057, 27.44753926900006 ], [ 83.941678829000068, 27.448623581000049 ], [ 83.936192266000035, 27.448251144000039 ], [ 83.933284954000044, 27.449373519000062 ], [ 83.937077829000032, 27.450643456000023 ], [ 83.941417829000045, 27.454916956000034 ], [ 83.944994392000069, 27.461295395000036 ], [ 83.94666576700007, 27.465588019000052 ], [ 83.946552517000043, 27.469611394000026 ], [ 83.945718329000044, 27.473323082000036 ], [ 83.943425954000077, 27.478613707000079 ], [ 83.942070204000061, 27.483162332000063 ], [ 83.942173955000044, 27.484369644000026 ], [ 83.940610392000053, 27.488175707000039 ], [ 83.940816829000084, 27.491330457000061 ], [ 83.943210141000066, 27.493651145000058 ], [ 83.946852642000067, 27.49522995600006 ], [ 83.959849392000081, 27.500164769000037 ], [ 83.96390782900005, 27.502442706000068 ], [ 83.968596579000064, 27.506009144000075 ], [ 83.970793642000046, 27.509511769000028 ], [ 83.971400079000034, 27.512041457000066 ], [ 83.971461704000035, 27.51585502000006 ], [ 83.969969767000066, 27.519108582000058 ], [ 83.966950267000072, 27.523004894000053 ], [ 83.958601892000047, 27.526877145000071 ], [ 83.956357079000043, 27.527357082000037 ], [ 83.952998205000085, 27.526261582000075 ], [ 83.949725329000046, 27.519908332000057 ], [ 83.948175579000065, 27.518109332000051 ], [ 83.943992016000038, 27.515533019000031 ], [ 83.940791704000048, 27.514152957000078 ], [ 83.937448704000076, 27.513289457000042 ], [ 83.932169392000048, 27.512842457000033 ], [ 83.927706517000047, 27.514530332000049 ], [ 83.924070079000046, 27.517868082000064 ], [ 83.923519079000073, 27.51991670700005 ], [ 83.924186516000077, 27.524712145000024 ], [ 83.922115266000048, 27.526189019000071 ], [ 83.92123345400006, 27.529311582000048 ], [ 83.920833517000062, 27.532831519000069 ], [ 83.921451141000034, 27.539057582000055 ], [ 83.922063017000085, 27.540933082000038 ], [ 83.926512954000032, 27.544390207000049 ], [ 83.928108204000068, 27.544867207000038 ], [ 83.933115016000045, 27.545327770000029 ], [ 83.934407829000065, 27.545127519000062 ], [ 83.941482517000054, 27.541885832000048 ], [ 83.947264580000081, 27.540207019000036 ], [ 83.950028892000034, 27.539928270000075 ], [ 83.953371954000033, 27.541073457000039 ], [ 83.956958704000044, 27.543355957000074 ], [ 83.95855989100005, 27.546966895000025 ], [ 83.959823392000033, 27.548199270000055 ], [ 83.964395392000085, 27.549299457000075 ], [ 83.971264517000066, 27.550338957000065 ], [ 83.974015392000069, 27.550138832000073 ], [ 83.976717954000037, 27.549381019000066 ], [ 83.980388454000035, 27.547483894000038 ], [ 83.983478766000076, 27.545017957000027 ], [ 83.988585704000059, 27.543495269000061 ], [ 83.994083517000035, 27.543224832000078 ], [ 83.998020204000056, 27.544005707000053 ], [ 84.000000017000048, 27.545199394000065 ], [ 84.002410830000031, 27.545271582000055 ], [ 84.00763364200003, 27.544569645000024 ], [ 84.010175391000075, 27.543766144000074 ], [ 84.016437516000053, 27.539627144000065 ], [ 84.021672829000067, 27.537897894000025 ], [ 84.027458642000056, 27.536897269000065 ], [ 84.033250767000084, 27.537011082000049 ], [ 84.038564954000037, 27.538514769000074 ], [ 84.040931017000048, 27.540328332000058 ], [ 84.043864767000059, 27.545095457000059 ], [ 84.045230704000062, 27.55060089400007 ], [ 84.047821830000032, 27.553881019000073 ], [ 84.051835954000069, 27.556088644000056 ], [ 84.054585454000062, 27.556311020000066 ], [ 84.059856767000042, 27.554709020000075 ], [ 84.061990580000042, 27.553144332000045 ], [ 84.066507516000058, 27.551145207000047 ], [ 84.069099704000052, 27.551561394000032 ], [ 84.070172017000061, 27.552653019000047 ], [ 84.072952142000076, 27.557182644000079 ], [ 84.076744017000067, 27.559315269000024 ], [ 84.079774329000031, 27.559045019000052 ], [ 84.085553017000052, 27.557432707000032 ], [ 84.089628392000066, 27.555318082000042 ], [ 84.092353329000048, 27.554467832000057 ], [ 84.097566954000058, 27.553895644000079 ], [ 84.102770391000035, 27.553652707000026 ], [ 84.109389204000081, 27.551515207000023 ], [ 84.111512829000048, 27.551536082000041 ], [ 84.116800642000044, 27.553093270000033 ], [ 84.121487955000077, 27.556153582000036 ], [ 84.121887891000085, 27.559788457000025 ], [ 84.125322517000086, 27.563039269000058 ], [ 84.127735704000031, 27.565869082000063 ], [ 84.128284017000055, 27.571117145000073 ], [ 84.129850517000079, 27.574583894000057 ], [ 84.131206767000037, 27.576611207000042 ], [ 84.137358455000083, 27.584338269000057 ], [ 84.143750642000043, 27.588625957000033 ], [ 84.145815704000086, 27.590544082000065 ], [ 84.151868892000039, 27.597153582000033 ], [ 84.153201079000041, 27.598219457000027 ], [ 84.16188733000007, 27.603376957000023 ], [ 84.166357517000051, 27.606747394000024 ], [ 84.170076079000069, 27.610208832000069 ], [ 84.176714329000049, 27.617502519000027 ], [ 84.179236767000077, 27.619365394000056 ], [ 84.186183079000045, 27.623517207000077 ], [ 84.192927267000073, 27.628230832000042 ], [ 84.19707876700005, 27.629937644000051 ], [ 84.20314651700005, 27.634065019000047 ], [ 84.208014579000064, 27.638169082000047 ], [ 84.214278517000082, 27.640440832000024 ], [ 84.216635767000071, 27.641930957000056 ], [ 84.220277955000086, 27.643358145000036 ], [ 84.227330829000039, 27.644262832000038 ], [ 84.232702516000074, 27.645901144000049 ], [ 84.237093392000077, 27.64905051900007 ], [ 84.243160267000064, 27.651607894000051 ], [ 84.249307142000077, 27.652871832000073 ], [ 84.252868830000068, 27.653939457000035 ], [ 84.25831751700008, 27.65080652000006 ], [ 84.260643579000032, 27.651226332000078 ], [ 84.263603830000079, 27.655605082000079 ], [ 84.265153142000031, 27.657032707000042 ], [ 84.268429579000042, 27.659005332000049 ], [ 84.272338142000081, 27.662321457000075 ], [ 84.273679767000033, 27.662943895000069 ], [ 84.277757955000084, 27.66333514400003 ], [ 84.28897620500004, 27.666360707000024 ], [ 84.294484517000058, 27.668120394000027 ], [ 84.299119079000036, 27.670310519000054 ], [ 84.30197589200003, 27.672278707000032 ], [ 84.307886142000029, 27.67574064400003 ], [ 84.311773455000036, 27.677658957000062 ], [ 84.32276739200006, 27.684197832000052 ], [ 84.325089955000067, 27.686326957000063 ], [ 84.326160517000062, 27.689406770000062 ], [ 84.32618357900003, 27.692019707000043 ], [ 84.328161829000067, 27.694244394000066 ], [ 84.332052580000038, 27.696322333000069 ], [ 84.339484205000076, 27.698732207000035 ], [ 84.345238705000043, 27.701820582000039 ], [ 84.347629392000044, 27.702597582000067 ], [ 84.35079389200007, 27.702941645000067 ], [ 84.356800579000037, 27.700954144000036 ], [ 84.362537580000037, 27.69780058200007 ], [ 84.364739517000032, 27.695355582000047 ], [ 84.366043392000051, 27.690103645000079 ], [ 84.367319642000041, 27.68836058200003 ], [ 84.371801767000079, 27.684521644000029 ], [ 84.374032704000058, 27.683852270000045 ], [ 84.375036204000082, 27.682653644000027 ], [ 84.377735642000061, 27.681511332000071 ], [ 84.380240454000045, 27.681075770000064 ], [ 84.382613955000068, 27.68135127000005 ], [ 84.389085392000084, 27.685304582000072 ], [ 84.390753267000036, 27.68563608200003 ], [ 84.392845393000073, 27.687290894000057 ], [ 84.39662751700007, 27.688875457000051 ], [ 84.404600017000064, 27.693008645000077 ], [ 84.40724933000007, 27.694763332000036 ], [ 84.410327955000071, 27.696211832000074 ], [ 84.419351954000035, 27.699747707000029 ], [ 84.421619580000083, 27.700194332000024 ], [ 84.427713330000074, 27.702402770000049 ], [ 84.430086267000036, 27.703514582000025 ], [ 84.432798643000069, 27.70564289500004 ], [ 84.433492392000062, 27.709431582000036 ], [ 84.432880642000043, 27.712951270000076 ], [ 84.430954017000033, 27.719011269000077 ], [ 84.429571642000042, 27.722452082000075 ], [ 84.427873267000052, 27.730386395000039 ], [ 84.425649642000053, 27.735549144000061 ], [ 84.424173580000058, 27.741093207000063 ], [ 84.42661514200006, 27.742202582000061 ], [ 84.42970433000005, 27.742222395000056 ], [ 84.43253801700007, 27.741286145000061 ], [ 84.43519851700006, 27.740979957000036 ], [ 84.43918614200004, 27.742605520000041 ], [ 84.440750267000055, 27.743846082000061 ], [ 84.443938579000076, 27.748892520000027 ], [ 84.449987329000066, 27.756982519000076 ], [ 84.451994267000032, 27.758819457000072 ], [ 84.455770643000051, 27.759414020000065 ], [ 84.459237705000078, 27.759301019000077 ], [ 84.462436017000073, 27.757273145000056 ], [ 84.466887642000074, 27.752964207000048 ], [ 84.470763954000063, 27.751644645000056 ], [ 84.473604205000072, 27.752404394000052 ], [ 84.474120329000073, 27.753855707000071 ], [ 84.473573705000035, 27.75780627000006 ], [ 84.472698329000082, 27.760688457000072 ], [ 84.469506330000058, 27.766960832000052 ], [ 84.462149392000072, 27.773944332000042 ], [ 84.457491642000036, 27.776223019000042 ], [ 84.454053517000034, 27.777482145000079 ], [ 84.450537017000045, 27.778204395000046 ], [ 84.44515214200004, 27.77787664400006 ], [ 84.441471080000042, 27.778238207000072 ], [ 84.440178892000063, 27.778968832000032 ], [ 84.436260705000052, 27.782690833000061 ], [ 84.433408142000076, 27.786650707000035 ], [ 84.432117768000069, 27.790456832000075 ], [ 84.432023079000032, 27.792652582000073 ], [ 84.43270864200008, 27.795488957000032 ], [ 84.433104205000063, 27.80054208200005 ], [ 84.432785767000041, 27.80183820700006 ], [ 84.434344830000043, 27.812124707000066 ], [ 84.435559142000045, 27.813876395000079 ], [ 84.437474830000042, 27.815039145000071 ], [ 84.440623079000034, 27.815505207000058 ], [ 84.443241643000079, 27.817247770000051 ], [ 84.443759580000062, 27.818854957000042 ], [ 84.44589307900003, 27.821736270000031 ], [ 84.447938579000038, 27.822936707000054 ], [ 84.453426642000068, 27.821438707000027 ], [ 84.456831454000053, 27.82009395700004 ], [ 84.467066329000033, 27.818701332000046 ], [ 84.46825608000006, 27.819590833000063 ], [ 84.468226143000038, 27.822244457000068 ], [ 84.467544080000039, 27.82388039500006 ], [ 84.470668892000049, 27.824120208000068 ], [ 84.476481767000053, 27.823394083000039 ], [ 84.482673329000079, 27.821373394000034 ], [ 84.49071689200008, 27.820650083000032 ], [ 84.494936642000084, 27.819184144000076 ], [ 84.498584767000068, 27.820671520000076 ], [ 84.505120267000052, 27.819469957000024 ], [ 84.510178017000044, 27.81666020800003 ], [ 84.512957705000076, 27.815463082000065 ], [ 84.514849455000046, 27.815259708000042 ], [ 84.518861205000064, 27.815797519000057 ], [ 84.520167892000075, 27.816537208000057 ], [ 84.522647268000071, 27.821665645000053 ], [ 84.522323455000048, 27.826658020000025 ], [ 84.522912643000041, 27.831227082000055 ], [ 84.527182517000085, 27.833180645000027 ], [ 84.530860017000066, 27.833473457000025 ], [ 84.534395142000051, 27.832807707000029 ], [ 84.543259892000037, 27.833161145000076 ], [ 84.54524689200008, 27.832040957000061 ], [ 84.547837142000049, 27.831527582000035 ], [ 84.55209420500006, 27.832623020000028 ], [ 84.557326767000063, 27.835580333000053 ], [ 84.558900079000068, 27.83822520700005 ], [ 84.560227393000048, 27.844833208000068 ], [ 84.560368330000074, 27.847310145000051 ], [ 84.559232768000072, 27.850870832000055 ], [ 84.559134329000074, 27.853456895000079 ], [ 84.560939204000078, 27.857732144000067 ], [ 84.566849955000066, 27.858166020000056 ], [ 84.569581454000058, 27.858703082000034 ], [ 84.575581955000075, 27.861205269000038 ], [ 84.579148204000035, 27.864019833000043 ], [ 84.579520892000062, 27.865942894000057 ], [ 84.57910183000007, 27.870698770000047 ], [ 84.580195392000064, 27.87221495700004 ], [ 84.582692329000054, 27.874162957000067 ], [ 84.586557893000077, 27.875856833000057 ], [ 84.588439079000068, 27.877423770000064 ], [ 84.592122204000077, 27.879508644000055 ], [ 84.593318393000061, 27.87951927000006 ], [ 84.595549455000082, 27.877609833000065 ], [ 84.598197830000061, 27.876070832000039 ], [ 84.603844080000044, 27.875879269000052 ], [ 84.606179643000075, 27.874749894000047 ], [ 84.60705758000006, 27.872020332000034 ], [ 84.610295017000055, 27.871344957000076 ], [ 84.615235580000046, 27.87246245700004 ], [ 84.61619201700006, 27.873437458000069 ], [ 84.616390954000053, 27.875715457000069 ], [ 84.620114705000049, 27.879496145000076 ], [ 84.622037768000041, 27.880302019000055 ], [ 84.627018767000038, 27.879422083000065 ], [ 84.629537080000034, 27.876989582000078 ], [ 84.629655830000047, 27.874479957000062 ], [ 84.628939517000049, 27.873228707000067 ], [ 84.630655455000067, 27.870829207000043 ], [ 84.63499901800003, 27.869367457000067 ], [ 84.635969955000064, 27.86866802000003 ], [ 84.635894142000041, 27.86307720700006 ], [ 84.636555455000064, 27.861111144000063 ], [ 84.638131829000031, 27.859858332000044 ], [ 84.640922892000049, 27.859455082000068 ], [ 84.644071892000056, 27.85959383200003 ], [ 84.64847895500003, 27.860392208000064 ], [ 84.651877205000062, 27.859094645000027 ], [ 84.652036267000085, 27.858101082000076 ], [ 84.649044830000037, 27.854899958000033 ], [ 84.649468643000034, 27.853160582000044 ], [ 84.651296143000081, 27.852466020000065 ], [ 84.656999017000032, 27.852202082000076 ], [ 84.660889768000061, 27.850870332000056 ], [ 84.662880705000077, 27.84877814500004 ], [ 84.663748080000062, 27.845414332000075 ], [ 84.666151642000045, 27.840357582000024 ], [ 84.66544295500006, 27.835909270000059 ], [ 84.663262392000036, 27.830773082000064 ], [ 84.663456079000071, 27.828500020000035 ], [ 84.667861580000078, 27.82506945800003 ], [ 84.66402845500005, 27.822563083000034 ], [ 84.656197955000039, 27.82339476900006 ], [ 84.655158268000037, 27.822377582000058 ], [ 84.652933517000065, 27.821923269000024 ], [ 84.646248268000079, 27.821787769000025 ], [ 84.642324393000081, 27.821975332000079 ], [ 84.633350705000055, 27.819033894000029 ], [ 84.632565205000049, 27.818263520000073 ], [ 84.625528455000051, 27.816535644000055 ], [ 84.623870767000085, 27.815126145000079 ], [ 84.623312017000046, 27.812610582000048 ], [ 84.621757205000051, 27.81075839500005 ], [ 84.621018267000068, 27.808884395000064 ], [ 84.62680114300008, 27.809129082000027 ], [ 84.629650330000061, 27.807139520000078 ], [ 84.631576143000075, 27.807534645000032 ], [ 84.633923392000042, 27.80642277000004 ], [ 84.637220830000047, 27.806827270000042 ], [ 84.638921518000075, 27.806034207000039 ], [ 84.641817268000068, 27.803606519000027 ], [ 84.647879580000051, 27.799555144000067 ], [ 84.647474017000036, 27.794908957000075 ], [ 84.646842955000068, 27.793643832000043 ], [ 84.645218705000048, 27.793155020000029 ], [ 84.641358830000058, 27.793378333000078 ], [ 84.639313955000034, 27.794283582000048 ], [ 84.639752080000051, 27.790998582000043 ], [ 84.640966142000082, 27.78710527000004 ], [ 84.640212830000053, 27.782702083000061 ], [ 84.642333767000082, 27.782791519000057 ], [ 84.647530767000035, 27.784030832000042 ], [ 84.650213205000057, 27.783627895000052 ], [ 84.651319142000034, 27.779752957000028 ], [ 84.654793642000072, 27.779450019000024 ], [ 84.658125767000058, 27.780675207000058 ], [ 84.660373642000081, 27.780996207000044 ], [ 84.667167330000041, 27.781019957000069 ], [ 84.674815954000053, 27.780109645000039 ], [ 84.677112142000055, 27.777679583000065 ], [ 84.675130268000032, 27.773591769000063 ], [ 84.670941267000046, 27.766671582000072 ], [ 84.671232455000052, 27.765239644000076 ], [ 84.676404392000052, 27.762721207000027 ], [ 84.679563768000037, 27.762116770000034 ], [ 84.681632892000039, 27.761082207000072 ], [ 84.683408455000063, 27.75924139500006 ], [ 84.683654580000052, 27.758039707000023 ], [ 84.682906517000049, 27.755222957000058 ], [ 84.681661267000038, 27.752801269000031 ], [ 84.681364392000035, 27.750036457000078 ], [ 84.67737476700006, 27.746351082000047 ], [ 84.677436267000076, 27.743988394000041 ], [ 84.67236108000003, 27.737954832000071 ], [ 84.673192267000047, 27.735475520000023 ], [ 84.675692768000033, 27.733216019000054 ], [ 84.676804018000041, 27.730433019000031 ], [ 84.677706142000034, 27.730015707000064 ], [ 84.682418393000034, 27.730326457000047 ], [ 84.68583226700008, 27.725968332000036 ], [ 84.691387768000084, 27.725004332000026 ], [ 84.69482001800003, 27.721027207000077 ], [ 84.69840514200007, 27.725061582000023 ], [ 84.702261517000068, 27.72716758200005 ], [ 84.706969955000034, 27.726990145000059 ], [ 84.710713393000049, 27.727772019000042 ], [ 84.717352080000069, 27.725928145000069 ], [ 84.72070139300007, 27.728180645000066 ], [ 84.722417330000042, 27.728056644000048 ], [ 84.724980455000036, 27.729313520000062 ], [ 84.728308455000047, 27.728704895000078 ], [ 84.730304330000081, 27.727110395000068 ], [ 84.731457330000069, 27.727287082000032 ], [ 84.73755176700007, 27.731476395000072 ], [ 84.740367580000054, 27.732747457000073 ], [ 84.753897080000058, 27.735124770000027 ], [ 84.75966408000005, 27.735438457000043 ], [ 84.761033892000057, 27.732387144000029 ], [ 84.763469205000035, 27.731060519000039 ], [ 84.766402767000045, 27.727917020000064 ], [ 84.772698517000038, 27.722173457000054 ], [ 84.776310518000059, 27.720738519000065 ], [ 84.780903205000072, 27.719950082000025 ], [ 84.784914142000048, 27.717504082000062 ], [ 84.789556892000064, 27.715950145000079 ], [ 84.792579642000078, 27.712327207000044 ], [ 84.795114955000031, 27.710649769000042 ], [ 84.798657330000083, 27.70898002000007 ], [ 84.798329955000042, 27.70588170700006 ], [ 84.795969830000047, 27.702504020000049 ], [ 84.794277518000058, 27.697066895000034 ], [ 84.79146908000007, 27.693436769000073 ], [ 84.788395455000057, 27.691938020000066 ], [ 84.789094830000067, 27.690408770000033 ], [ 84.791955830000063, 27.687991644000078 ], [ 84.794371080000076, 27.68670977000005 ], [ 84.790602580000041, 27.683290394000039 ], [ 84.788334705000068, 27.682597082000029 ], [ 84.785604080000041, 27.679929832000028 ], [ 84.784261705000063, 27.677405769000075 ], [ 84.783443643000055, 27.673671644000024 ], [ 84.782065143000068, 27.671402769000053 ], [ 84.77878770500007, 27.669920770000033 ], [ 84.777774767000039, 27.668243207000046 ], [ 84.775023330000067, 27.66765620700005 ], [ 84.772269018000031, 27.667922019000059 ], [ 84.773013955000067, 27.666275207000069 ], [ 84.772360330000083, 27.664417394000054 ], [ 84.772537955000075, 27.661386082000035 ], [ 84.769719330000044, 27.656514519000041 ], [ 84.767073018000076, 27.655414519000033 ], [ 84.765055767000035, 27.655484332000071 ], [ 84.760712080000076, 27.65353170700007 ], [ 84.756038142000079, 27.654292832000067 ], [ 84.755800517000068, 27.652161832000047 ], [ 84.75428164200008, 27.651001332000078 ], [ 84.754533580000043, 27.649589707000075 ], [ 84.751244830000076, 27.648811082000066 ], [ 84.748994455000059, 27.648870644000056 ], [ 84.748188955000046, 27.647888957000077 ], [ 84.74569170500007, 27.647315769000045 ], [ 84.74500964300006, 27.649963894000052 ], [ 84.748175955000079, 27.652679332000048 ], [ 84.748373267000034, 27.654952644000048 ], [ 84.747663142000079, 27.655615332000025 ], [ 84.741991580000047, 27.656236957000033 ], [ 84.739856517000078, 27.655761019000067 ], [ 84.737368205000053, 27.656640707000065 ], [ 84.733696143000031, 27.655579394000029 ], [ 84.732864142000039, 27.652519645000041 ], [ 84.729696518000083, 27.649934770000073 ], [ 84.72978945400007, 27.649038520000033 ], [ 84.732111768000038, 27.647509957000068 ], [ 84.732015705000038, 27.646021270000062 ], [ 84.72867864300008, 27.64612683200005 ], [ 84.725592642000038, 27.646752269000046 ], [ 84.723463393000031, 27.645474957000033 ], [ 84.723161580000067, 27.643123144000072 ], [ 84.720067392000033, 27.63949070700005 ], [ 84.719529830000056, 27.63719420700005 ], [ 84.720728455000085, 27.634227644000077 ], [ 84.722106643000075, 27.63286439500007 ], [ 84.724939954000035, 27.631342332000031 ], [ 84.725515705000078, 27.628654207000068 ], [ 84.725213955000072, 27.626115145000028 ], [ 84.728334330000052, 27.626272519000054 ], [ 84.732061455000064, 27.625291707000031 ], [ 84.733831018000046, 27.623962332000076 ], [ 84.734182143000055, 27.622575082000026 ], [ 84.733014455000045, 27.620225582000046 ], [ 84.73377183000008, 27.616877645000045 ], [ 84.736254455000051, 27.616805832000068 ], [ 84.73715539300008, 27.615713520000043 ], [ 84.736094392000041, 27.612372832000062 ], [ 84.737706705000051, 27.610954082000035 ], [ 84.737605767000048, 27.608648582000058 ], [ 84.738605767000081, 27.605831770000066 ], [ 84.738355642000045, 27.604515395000078 ], [ 84.740125268000043, 27.603711644000043 ], [ 84.737481392000063, 27.59735826900004 ], [ 84.735303455000064, 27.596248332000073 ], [ 84.735676580000074, 27.592773832000034 ], [ 84.736303330000055, 27.591434707000076 ], [ 84.735244517000069, 27.588938020000057 ], [ 84.735633455000084, 27.587728769000023 ], [ 84.733133705000057, 27.581812269000068 ], [ 84.730652393000071, 27.579205582000043 ], [ 84.729126330000042, 27.578678832000037 ], [ 84.724505580000084, 27.575246145000051 ], [ 84.722709080000072, 27.573513644000059 ], [ 84.720709267000075, 27.570419207000043 ], [ 84.717043643000068, 27.566376644000059 ], [ 84.715409893000071, 27.565218519000041 ], [ 84.710683704000076, 27.560678144000065 ], [ 84.705847518000041, 27.558270332000063 ], [ 84.698558643000069, 27.561039644000061 ], [ 84.697104267000043, 27.56288145700006 ], [ 84.692785643000036, 27.563841707000051 ], [ 84.68983908000007, 27.561929457000076 ], [ 84.688717393000047, 27.558778207000046 ], [ 84.685887642000068, 27.55465620700005 ], [ 84.683723330000078, 27.554001269000025 ], [ 84.682242142000064, 27.550707394000028 ], [ 84.683412642000064, 27.549110832000054 ], [ 84.684008705000053, 27.545612707000032 ], [ 84.685472517000051, 27.544269707000069 ], [ 84.684311080000043, 27.538228207000031 ], [ 84.683513205000054, 27.536722582000039 ], [ 84.684214829000041, 27.534137832000056 ], [ 84.684001580000086, 27.532297645000028 ], [ 84.682125642000074, 27.529391519000058 ], [ 84.681179017000034, 27.526009269000042 ], [ 84.681293704000041, 27.523869645000048 ], [ 84.683288830000038, 27.518042770000079 ], [ 84.682834205000063, 27.513069582000071 ], [ 84.683969580000053, 27.50882189500004 ], [ 84.688372705000063, 27.503980457000068 ], [ 84.689316893000068, 27.502188645000047 ], [ 84.691357392000043, 27.50000108200004 ], [ 84.693365893000077, 27.496243144000061 ], [ 84.693752955000036, 27.494311957000036 ], [ 84.695451955000067, 27.490959457000031 ], [ 84.694607517000065, 27.485622707000061 ], [ 84.696109393000086, 27.483839394000029 ], [ 84.696413330000041, 27.482084645000043 ], [ 84.697804768000083, 27.479940832000068 ], [ 84.696693830000072, 27.477908832000026 ], [ 84.698917643000073, 27.475587082000061 ], [ 84.697064142000045, 27.474131957000054 ], [ 84.694942329000071, 27.473763457000075 ], [ 84.693027767000046, 27.472651582000026 ], [ 84.692953267000064, 27.471546269000044 ], [ 84.694695768000031, 27.470352957000046 ], [ 84.695169518000057, 27.468443894000075 ], [ 84.69128151700005, 27.464543770000034 ], [ 84.688851705000047, 27.46322451900005 ], [ 84.689070643000036, 27.461508582000079 ], [ 84.69213626700008, 27.462269582000033 ], [ 84.693752893000067, 27.461286769000026 ], [ 84.694182079000086, 27.459226707000028 ], [ 84.691171705000045, 27.457280832000038 ], [ 84.687510643000053, 27.456750645000056 ], [ 84.688129892000063, 27.453518644000042 ], [ 84.685243705000062, 27.450538520000066 ], [ 84.683316580000053, 27.450284019000037 ], [ 84.682917080000038, 27.448149082000043 ], [ 84.680480768000052, 27.448373207000031 ], [ 84.677108704000034, 27.446236894000037 ], [ 84.674706892000074, 27.445373020000034 ], [ 84.673489830000051, 27.445611332000055 ], [ 84.669931580000082, 27.444430332000024 ], [ 84.668339017000051, 27.439762582000071 ], [ 84.668964642000049, 27.437390332000064 ], [ 84.668035642000063, 27.43273745700003 ], [ 84.666942955000081, 27.429249645000027 ], [ 84.665129268000044, 27.429393706000042 ], [ 84.663892517000079, 27.432764019000047 ], [ 84.661731455000051, 27.431898769000043 ], [ 84.658683329000041, 27.432434457000056 ], [ 84.654763518000038, 27.430207707000079 ], [ 84.650203393000083, 27.428845832000036 ], [ 84.648816704000069, 27.42914339500004 ], [ 84.648082017000036, 27.430864019000069 ], [ 84.647447704000058, 27.434418645000051 ], [ 84.645814768000037, 27.435976394000079 ], [ 84.645339768000042, 27.438115457000038 ], [ 84.645218642000032, 27.442509332000043 ], [ 84.643754080000065, 27.44379783200003 ], [ 84.640829017000044, 27.443587894000075 ], [ 84.637287643000036, 27.444184019000033 ], [ 84.633824830000037, 27.446918957000037 ], [ 84.632852705000062, 27.448317769000028 ], [ 84.631232455000031, 27.448844145000066 ], [ 84.630262205000065, 27.450588207000067 ], [ 84.627905267000074, 27.449784332000036 ], [ 84.625014580000084, 27.449517520000029 ], [ 84.623289142000033, 27.45091745700006 ], [ 84.620550392000041, 27.451371957000049 ], [ 84.616171955000084, 27.451159019000045 ], [ 84.611390893000078, 27.452003644000058 ], [ 84.60897764300006, 27.454054082000027 ], [ 84.606578205000062, 27.453448582000078 ], [ 84.602414267000086, 27.451399707000064 ], [ 84.601067079000075, 27.453237769000054 ], [ 84.597718267000062, 27.454328519000057 ], [ 84.593202767000037, 27.452982644000031 ], [ 84.589410017000034, 27.454214957000033 ], [ 84.587861143000055, 27.455857395000066 ], [ 84.585591892000082, 27.455936957000063 ], [ 84.583112517000075, 27.453936832000068 ], [ 84.580856018000077, 27.454147081000031 ], [ 84.578174330000081, 27.453715957000043 ], [ 84.575554704000069, 27.456468457000028 ], [ 84.575328830000046, 27.458506957000054 ], [ 84.569977580000057, 27.460270957000034 ], [ 84.568768642000066, 27.462171332000025 ], [ 84.567413267000063, 27.462892207000039 ], [ 84.562977517000036, 27.46230545700007 ], [ 84.560384018000036, 27.459824769000079 ], [ 84.559823392000055, 27.458136894000063 ], [ 84.560348392000037, 27.453775207000035 ], [ 84.558742392000056, 27.45094533200006 ], [ 84.559653455000046, 27.448759644000063 ], [ 84.558423080000068, 27.444159144000025 ], [ 84.558037892000073, 27.441258832000074 ], [ 84.556255642000053, 27.439420144000053 ], [ 84.554765454000062, 27.438807831000076 ], [ 84.553451017000043, 27.436935707000032 ], [ 84.552988705000075, 27.432467394000071 ], [ 84.552075580000064, 27.429772207000042 ], [ 84.549959517000048, 27.426490645000058 ], [ 84.550189829000033, 27.417565332000038 ], [ 84.545576143000062, 27.417698519000055 ], [ 84.54386214200008, 27.419232832000034 ], [ 84.541834767000068, 27.418705956000053 ], [ 84.540238455000065, 27.417396644000064 ], [ 84.538829079000038, 27.415134269000077 ], [ 84.534576892000075, 27.413911832000053 ], [ 84.536255517000086, 27.412251457000025 ], [ 84.541402955000081, 27.411441707000051 ], [ 84.542870893000043, 27.410420582000029 ], [ 84.547103392000054, 27.409720332000063 ], [ 84.548377205000065, 27.407948520000048 ], [ 84.549030330000051, 27.404400957000064 ], [ 84.548014893000072, 27.403567769000063 ], [ 84.54558514200005, 27.403184707000037 ], [ 84.540827080000042, 27.403659019000031 ], [ 84.537963080000054, 27.403144331000078 ], [ 84.536868704000085, 27.401526144000059 ], [ 84.536673955000083, 27.397979644000031 ], [ 84.537558518000083, 27.393731770000045 ], [ 84.53801026800005, 27.39121626900004 ], [ 84.541611267000064, 27.387386582000033 ], [ 84.541200892000063, 27.385138457000039 ] ] ] } },
{ "type": "Feature", "properties": { "DISTRICT": "DHADING", "STATE_CODE": 3, "PR_NAME": "Bagmati Province" }, "geometry": { "type": "Polygon", "coordinates": [ [ [ 84.899416267000049, 27.688806707000026 ], [ 84.897709768000084, 27.685246019000033 ], [ 84.895470580000051, 27.683726270000079 ], [ 84.892643580000083, 27.67996514500004 ], [ 84.889867643000059, 27.674506957000062 ], [ 84.887943393000057, 27.672479582000051 ], [ 84.886163142000044, 27.671877332000065 ], [ 84.884405142000048, 27.669785582000031 ], [ 84.882042518000048, 27.668525832000057 ], [ 84.880840830000068, 27.668716270000061 ], [ 84.878070955000055, 27.670565957000065 ], [ 84.874936705000039, 27.674723895000056 ], [ 84.87212570500003, 27.677164894000043 ], [ 84.867929705000051, 27.679576145000055 ], [ 84.865672581000069, 27.680041582000058 ], [ 84.861213330000055, 27.682682145000058 ], [ 84.857698017000075, 27.684030707000034 ], [ 84.85281264300005, 27.686346520000029 ], [ 84.848379580000085, 27.687041582000063 ], [ 84.843957080000052, 27.688454019000062 ], [ 84.838527018000036, 27.690716332000079 ], [ 84.836099517000036, 27.690753457000028 ], [ 84.831884143000082, 27.692195832000039 ], [ 84.830115767000052, 27.691829644000052 ], [ 84.828316080000036, 27.689753332000066 ], [ 84.826068330000055, 27.688647582000044 ], [ 84.825153330000035, 27.686726145000023 ], [ 84.822302768000043, 27.685517894000043 ], [ 84.820049643000061, 27.682589019000034 ], [ 84.817009705000032, 27.682054145000052 ], [ 84.815510330000052, 27.680246645000068 ], [ 84.810814267000069, 27.67870602000005 ], [ 84.808782205000057, 27.675365020000072 ], [ 84.806173330000036, 27.674644645000058 ], [ 84.803207267000062, 27.672908644000074 ], [ 84.802296893000062, 27.671187832000044 ], [ 84.800896330000057, 27.671933770000066 ], [ 84.79976726700005, 27.674559894000026 ], [ 84.799118080000085, 27.679119207000042 ], [ 84.799333768000054, 27.683251582000025 ], [ 84.797539517000075, 27.685739395000041 ], [ 84.794371080000076, 27.68670977000005 ], [ 84.791955830000063, 27.687991644000078 ], [ 84.789094830000067, 27.690408770000033 ], [ 84.788395455000057, 27.691938020000066 ], [ 84.79146908000007, 27.693436769000073 ], [ 84.794277518000058, 27.697066895000034 ], [ 84.795969830000047, 27.702504020000049 ], [ 84.798329955000042, 27.70588170700006 ], [ 84.798657330000083, 27.70898002000007 ], [ 84.795114955000031, 27.710649769000042 ], [ 84.792579642000078, 27.712327207000044 ], [ 84.789556892000064, 27.715950145000079 ], [ 84.784914142000048, 27.717504082000062 ], [ 84.780903205000072, 27.719950082000025 ], [ 84.776310518000059, 27.720738519000065 ], [ 84.772698517000038, 27.722173457000054 ], [ 84.766402767000045, 27.727917020000064 ], [ 84.763469205000035, 27.731060519000039 ], [ 84.761033892000057, 27.732387144000029 ], [ 84.75966408000005, 27.735438457000043 ], [ 84.753897080000058, 27.735124770000027 ], [ 84.740367580000054, 27.732747457000073 ], [ 84.73755176700007, 27.731476395000072 ], [ 84.731457330000069, 27.727287082000032 ], [ 84.730304330000081, 27.727110395000068 ], [ 84.728308455000047, 27.728704895000078 ], [ 84.724980455000036, 27.729313520000062 ], [ 84.722417330000042, 27.728056644000048 ], [ 84.72070139300007, 27.728180645000066 ], [ 84.717352080000069, 27.725928145000069 ], [ 84.710713393000049, 27.727772019000042 ], [ 84.706969955000034, 27.726990145000059 ], [ 84.702261517000068, 27.72716758200005 ], [ 84.69840514200007, 27.725061582000023 ], [ 84.69482001800003, 27.721027207000077 ], [ 84.691387768000084, 27.725004332000026 ], [ 84.68583226700008, 27.725968332000036 ], [ 84.682418393000034, 27.730326457000047 ], [ 84.677706142000034, 27.730015707000064 ], [ 84.676804018000041, 27.730433019000031 ], [ 84.675692768000033, 27.733216019000054 ], [ 84.673192267000047, 27.735475520000023 ], [ 84.67236108000003, 27.737954832000071 ], [ 84.677436267000076, 27.743988394000041 ], [ 84.67737476700006, 27.746351082000047 ], [ 84.681364392000035, 27.750036457000078 ], [ 84.681661267000038, 27.752801269000031 ], [ 84.682906517000049, 27.755222957000058 ], [ 84.683654580000052, 27.758039707000023 ], [ 84.683408455000063, 27.75924139500006 ], [ 84.681632892000039, 27.761082207000072 ], [ 84.679563768000037, 27.762116770000034 ], [ 84.676404392000052, 27.762721207000027 ], [ 84.671232455000052, 27.765239644000076 ], [ 84.670941267000046, 27.766671582000072 ], [ 84.675130268000032, 27.773591769000063 ], [ 84.677112142000055, 27.777679583000065 ], [ 84.674815954000053, 27.780109645000039 ], [ 84.667167330000041, 27.781019957000069 ], [ 84.660373642000081, 27.780996207000044 ], [ 84.658125767000058, 27.780675207000058 ], [ 84.654793642000072, 27.779450019000024 ], [ 84.651319142000034, 27.779752957000028 ], [ 84.650213205000057, 27.783627895000052 ], [ 84.647530767000035, 27.784030832000042 ], [ 84.642333767000082, 27.782791519000057 ], [ 84.640212830000053, 27.782702083000061 ], [ 84.640966142000082, 27.78710527000004 ], [ 84.639752080000051, 27.790998582000043 ], [ 84.639313955000034, 27.794283582000048 ], [ 84.641358830000058, 27.793378333000078 ], [ 84.645218705000048, 27.793155020000029 ], [ 84.646842955000068, 27.793643832000043 ], [ 84.647474017000036, 27.794908957000075 ], [ 84.647879580000051, 27.799555144000067 ], [ 84.641817268000068, 27.803606519000027 ], [ 84.638921518000075, 27.806034207000039 ], [ 84.637220830000047, 27.806827270000042 ], [ 84.633923392000042, 27.80642277000004 ], [ 84.631576143000075, 27.807534645000032 ], [ 84.629650330000061, 27.807139520000078 ], [ 84.62680114300008, 27.809129082000027 ], [ 84.621018267000068, 27.808884395000064 ], [ 84.621757205000051, 27.81075839500005 ], [ 84.623312017000046, 27.812610582000048 ], [ 84.623870767000085, 27.815126145000079 ], [ 84.625528455000051, 27.816535644000055 ], [ 84.632565205000049, 27.818263520000073 ], [ 84.633350705000055, 27.819033894000029 ], [ 84.642324393000081, 27.821975332000079 ], [ 84.646248268000079, 27.821787769000025 ], [ 84.652933517000065, 27.821923269000024 ], [ 84.655158268000037, 27.822377582000058 ], [ 84.656197955000039, 27.82339476900006 ], [ 84.66402845500005, 27.822563083000034 ], [ 84.667861580000078, 27.82506945800003 ], [ 84.669862267000042, 27.822083645000077 ], [ 84.669457580000085, 27.819614895000029 ], [ 84.670198830000061, 27.818302645000074 ], [ 84.673299579000059, 27.816775832000076 ], [ 84.679031830000042, 27.815628582000045 ], [ 84.680955955000059, 27.813863707000053 ], [ 84.687227268000072, 27.810102895000057 ], [ 84.689627580000035, 27.810041394000052 ], [ 84.695254142000067, 27.809218895000072 ], [ 84.698865893000061, 27.808230394000077 ], [ 84.709303768000041, 27.806543645000033 ], [ 84.71039058000008, 27.804696895000063 ], [ 84.710131518000082, 27.80232458200004 ], [ 84.712395955000034, 27.800525894000032 ], [ 84.715997955000034, 27.800245582000059 ], [ 84.719703830000071, 27.80302183200007 ], [ 84.721393392000039, 27.803243207000037 ], [ 84.72413064300008, 27.800929644000064 ], [ 84.729449268000053, 27.799796082000057 ], [ 84.730484267000065, 27.798809145000064 ], [ 84.731683330000067, 27.795892082000023 ], [ 84.734042018000082, 27.795446395000056 ], [ 84.738922829000046, 27.798576957000023 ], [ 84.739353830000084, 27.80114233300003 ], [ 84.740748330000031, 27.803693582000051 ], [ 84.74710501800007, 27.804173770000034 ], [ 84.749751267000079, 27.805413957000042 ], [ 84.752689143000055, 27.804951208000034 ], [ 84.756024767000042, 27.806228144000045 ], [ 84.758435954000049, 27.808771332000049 ], [ 84.758868205000056, 27.810528832000045 ], [ 84.758824704000062, 27.813859395000065 ], [ 84.76229783000008, 27.816699020000044 ], [ 84.764820643000064, 27.817998270000032 ], [ 84.766822079000065, 27.818321082000068 ], [ 84.771616080000058, 27.814896395000062 ], [ 84.770725205000076, 27.812180270000056 ], [ 84.771462518000078, 27.810662144000048 ], [ 84.774700205000045, 27.80864495700007 ], [ 84.777025393000031, 27.808297957000036 ], [ 84.778444205000085, 27.80922858200006 ], [ 84.781528643000058, 27.812496332000023 ], [ 84.784563080000055, 27.813632145000042 ], [ 84.784116705000031, 27.815536707000035 ], [ 84.779601393000064, 27.818292394000025 ], [ 84.775897705000034, 27.823960832000068 ], [ 84.775296268000034, 27.82923489500007 ], [ 84.778138330000047, 27.835105645000056 ], [ 84.777355830000033, 27.836434457000053 ], [ 84.772537580000062, 27.839311207000037 ], [ 84.772111829000039, 27.842632644000048 ], [ 84.769739705000063, 27.843552895000073 ], [ 84.77023108000003, 27.846264519000044 ], [ 84.770218518000036, 27.851492332000078 ], [ 84.767529393000075, 27.853549332000057 ], [ 84.767926205000037, 27.857085020000056 ], [ 84.767273767000063, 27.859074207000049 ], [ 84.765912142000047, 27.859855644000049 ], [ 84.76152326700003, 27.85915570700007 ], [ 84.758211455000037, 27.861538520000067 ], [ 84.756410893000066, 27.865124644000048 ], [ 84.757271205000052, 27.869262519000074 ], [ 84.754717080000034, 27.874878832000036 ], [ 84.749133205000078, 27.878356957000051 ], [ 84.748096518000068, 27.880298457000038 ], [ 84.748957455000038, 27.882065019000038 ], [ 84.750643330000059, 27.883592332000035 ], [ 84.75101601800003, 27.886266270000078 ], [ 84.745615705000034, 27.888278895000042 ], [ 84.743679205000035, 27.88974689500003 ], [ 84.740309268000033, 27.890223082000034 ], [ 84.738855580000063, 27.891004769000062 ], [ 84.737895018000074, 27.893157958000074 ], [ 84.739803017000042, 27.896814207000034 ], [ 84.738591017000033, 27.900196082000036 ], [ 84.736184080000044, 27.903875458000073 ], [ 84.735402205000071, 27.907223457000043 ], [ 84.73668570500007, 27.910914645000048 ], [ 84.737275643000032, 27.915211958000043 ], [ 84.736408392000044, 27.916744145000052 ], [ 84.735495205000063, 27.924720457000035 ], [ 84.734186580000085, 27.925607395000043 ], [ 84.734638893000067, 27.926945208000063 ], [ 84.738610017000042, 27.92831833300005 ], [ 84.738589080000054, 27.93056795800004 ], [ 84.736381580000057, 27.930967894000048 ], [ 84.736616080000033, 27.933703520000051 ], [ 84.740111955000032, 27.935106208000036 ], [ 84.741726143000051, 27.936823582000045 ], [ 84.741866580000078, 27.940644957000075 ], [ 84.741990080000051, 27.943471395000074 ], [ 84.744242955000061, 27.948912645000064 ], [ 84.74774751700005, 27.952873770000053 ], [ 84.748711705000062, 27.955616644000031 ], [ 84.748027892000039, 27.959638770000026 ], [ 84.748724143000061, 27.960370520000026 ], [ 84.756681017000062, 27.962150145000066 ], [ 84.760416080000084, 27.964072083000076 ], [ 84.761701705000064, 27.966296457000055 ], [ 84.762892205000071, 27.966996082000037 ], [ 84.76609114300004, 27.967359645000045 ], [ 84.771911892000048, 27.967333895000024 ], [ 84.774424018000047, 27.96991220700005 ], [ 84.776903893000053, 27.971166207000067 ], [ 84.777342643000054, 27.972896582000033 ], [ 84.773644268000055, 27.975762519000057 ], [ 84.773812830000054, 27.977128895000078 ], [ 84.777547017000074, 27.97686189500007 ], [ 84.779467705000059, 27.977638457000069 ], [ 84.779670330000044, 27.979834895000067 ], [ 84.781010455000057, 27.981345770000075 ], [ 84.786250580000058, 27.983073520000062 ], [ 84.787055892000069, 27.98651645800004 ], [ 84.789968768000051, 27.98885983200006 ], [ 84.790369205000047, 27.990703144000065 ], [ 84.790253580000069, 27.995067395000035 ], [ 84.791751455000053, 27.99732627000003 ], [ 84.792951267000035, 27.998014270000056 ], [ 84.796298205000085, 27.997710644000051 ], [ 84.799092830000063, 27.997920083000054 ], [ 84.799756392000063, 28.000000895000028 ], [ 84.799602518000086, 28.002145332000055 ], [ 84.803717205000055, 28.00028702000003 ], [ 84.806039455000075, 28.000203457000055 ], [ 84.80945739200007, 28.001399520000064 ], [ 84.812030017000041, 28.001740832000053 ], [ 84.813517517000037, 28.002720270000054 ], [ 84.814955830000031, 28.006608270000072 ], [ 84.815472268000065, 28.009107333000031 ], [ 84.812343768000062, 28.013660894000054 ], [ 84.811704830000053, 28.015837457000032 ], [ 84.81226745500004, 28.018142208000029 ], [ 84.814596643000073, 28.020280895000042 ], [ 84.815296579000062, 28.02223964500007 ], [ 84.814565705000064, 28.024870269000075 ], [ 84.81560339300006, 28.027178957000046 ], [ 84.815611892000049, 28.029322332000049 ], [ 84.814805455000055, 28.031301333000044 ], [ 84.811656830000061, 28.034438082000065 ], [ 84.811331704000054, 28.03592683200003 ], [ 84.812526955000067, 28.039155207000078 ], [ 84.814319455000032, 28.042736520000062 ], [ 84.816182330000061, 28.044595832000027 ], [ 84.819892955000057, 28.046631457000046 ], [ 84.820691767000085, 28.047826957000041 ], [ 84.820676393000042, 28.054101582000044 ], [ 84.822838018000084, 28.056155395000076 ], [ 84.82344026800007, 28.058841145000031 ], [ 84.822841080000046, 28.061319832000038 ], [ 84.823116018000064, 28.062931395000078 ], [ 84.824599018000072, 28.06436420700004 ], [ 84.826587893000067, 28.066493395000066 ], [ 84.827190642000062, 28.069140770000047 ], [ 84.830440267000085, 28.075837895000063 ], [ 84.831229705000055, 28.080322957000078 ], [ 84.833703892000074, 28.084294707000026 ], [ 84.834002455000075, 28.089351270000066 ], [ 84.839210580000042, 28.094278707000058 ], [ 84.83923545600004, 28.097800457000062 ], [ 84.840040768000051, 28.100988020000045 ], [ 84.839343517000032, 28.10392758200004 ], [ 84.840003392000085, 28.105581895000057 ], [ 84.842530768000074, 28.10875208300007 ], [ 84.844653330000085, 28.110501145000057 ], [ 84.844292580000058, 28.113903457000049 ], [ 84.846572018000074, 28.116497520000053 ], [ 84.850172330000078, 28.117461208000066 ], [ 84.851793205000035, 28.118324332000043 ], [ 84.856888955000045, 28.122446207000053 ], [ 84.861239330000046, 28.119858145000023 ], [ 84.861958080000079, 28.120632020000073 ], [ 84.865218268000035, 28.121362833000035 ], [ 84.867945330000055, 28.120515270000055 ], [ 84.871566580000035, 28.120255458000031 ], [ 84.873682143000053, 28.117448833000026 ], [ 84.88046676700003, 28.113475145000052 ], [ 84.883195455000077, 28.112552895000078 ], [ 84.88630758000005, 28.109297458000071 ], [ 84.887692580000078, 28.106366707000063 ], [ 84.88758195500003, 28.105295707000039 ], [ 84.891406267000036, 28.103197520000037 ], [ 84.894650580000075, 28.099753770000063 ], [ 84.89918020500005, 28.104326770000057 ], [ 84.902289142000086, 28.106393333000028 ], [ 84.905843205000053, 28.10502070800004 ], [ 84.911192268000036, 28.104473020000057 ], [ 84.915094955000086, 28.102836207000053 ], [ 84.918500768000058, 28.102533707000077 ], [ 84.920339830000046, 28.103204957000059 ], [ 84.923484143000053, 28.105654270000059 ], [ 84.923787330000039, 28.108145395000065 ], [ 84.922701455000038, 28.113951020000059 ], [ 84.922972956000081, 28.11579252000007 ], [ 84.927573455000072, 28.121280020000029 ], [ 84.929585518000067, 28.124558145000037 ], [ 84.931023455000059, 28.126105145000054 ], [ 84.933705518000068, 28.125256582000077 ], [ 84.93764639300008, 28.126411958000062 ], [ 84.943139331000054, 28.124754332000066 ], [ 84.944684768000059, 28.122361208000029 ], [ 84.947199455000032, 28.123844207000047 ], [ 84.950629267000068, 28.124686833000055 ], [ 84.95404045500004, 28.123999832000038 ], [ 84.955527517000064, 28.125164957000038 ], [ 84.958783517000086, 28.126198083000077 ], [ 84.959374143000048, 28.127008395000075 ], [ 84.959127580000086, 28.131829270000026 ], [ 84.96069439200005, 28.133569020000039 ], [ 84.960530331000029, 28.135864707000053 ], [ 84.959233642000072, 28.138948895000055 ], [ 84.956904892000068, 28.141909457000054 ], [ 84.956409893000057, 28.143282395000028 ], [ 84.957546580000042, 28.145016208000072 ], [ 84.95938114300003, 28.146147208000059 ], [ 84.96013395500006, 28.147649020000074 ], [ 84.959376955000039, 28.149249457000053 ], [ 84.959455393000042, 28.155335958000023 ], [ 84.96313645500004, 28.159741145000055 ], [ 84.962803018000045, 28.161805645000072 ], [ 84.963573017000044, 28.164990395000075 ], [ 84.96412158000004, 28.168747520000068 ], [ 84.965757767000071, 28.17197802000004 ], [ 84.96758995600004, 28.173490270000059 ], [ 84.967604705000042, 28.175556770000071 ], [ 84.96628839300007, 28.177262582000026 ], [ 84.970189018000042, 28.185070582000037 ], [ 84.972626206000029, 28.186436333000074 ], [ 84.97449658000005, 28.188331707000032 ], [ 84.975566331000039, 28.188917457000059 ], [ 84.975712018000081, 28.190870207000046 ], [ 84.973345892000054, 28.193711708000023 ], [ 84.972843518000047, 28.198906582000063 ], [ 84.969744267000067, 28.201739707000058 ], [ 84.96989233000005, 28.203539083000067 ], [ 84.969137580000051, 28.205137207000064 ], [ 84.966373456000042, 28.208662770000046 ], [ 84.964293705000046, 28.212539958000036 ], [ 84.966243705000068, 28.214969520000068 ], [ 84.966946018000044, 28.217157520000058 ], [ 84.969467205000058, 28.218793395000034 ], [ 84.971362018000036, 28.22206714500004 ], [ 84.973580268000035, 28.223772770000039 ], [ 84.977183330000059, 28.225152645000037 ], [ 84.979276955000046, 28.226516145000062 ], [ 84.981697518000033, 28.229219645000057 ], [ 84.984775643000035, 28.234303082000054 ], [ 84.986659580000037, 28.235279958000035 ], [ 84.991819455000041, 28.242680958000051 ], [ 84.993821705000073, 28.244500645000073 ], [ 84.996332706000032, 28.243762645000061 ], [ 84.999999455000079, 28.240266020000035 ], [ 85.001093767000043, 28.241503395000052 ], [ 85.001348268000072, 28.244267520000051 ], [ 85.004909518000034, 28.247873645000027 ], [ 85.003102143000035, 28.250291957000059 ], [ 85.002994830000034, 28.252165270000035 ], [ 85.00812583000004, 28.25541464500003 ], [ 85.011923455000044, 28.255591895000066 ], [ 85.015709205000064, 28.257269395000037 ], [ 85.019455768000057, 28.258024395000064 ], [ 85.023624642000073, 28.260109395000029 ], [ 85.029164456000046, 28.261317770000062 ], [ 85.032401643000071, 28.270667270000047 ], [ 85.033459706000031, 28.272698770000034 ], [ 85.034048705000032, 28.279060958000059 ], [ 85.035667705000037, 28.281564207000031 ], [ 85.037092018000067, 28.285005145000071 ], [ 85.037315080000042, 28.287182833000031 ], [ 85.039494830000081, 28.289399770000045 ], [ 85.040217392000045, 28.291688645000079 ], [ 85.039306768000074, 28.295294020000028 ], [ 85.036198580000075, 28.299403332000054 ], [ 85.034951767000052, 28.30200508300004 ], [ 85.035469393000085, 28.303659333000041 ], [ 85.039622268000073, 28.308151145000068 ], [ 85.042320643000039, 28.31023102000006 ], [ 85.044120705000068, 28.312933521000048 ], [ 85.044877706000079, 28.315192832000037 ], [ 85.044360893000032, 28.317554396000048 ], [ 85.045717955000043, 28.320492582000043 ], [ 85.046979330000056, 28.321462083000029 ], [ 85.048883767000063, 28.325668521000068 ], [ 85.052369080000062, 28.32578383200007 ], [ 85.055220268000085, 28.32681539500004 ], [ 85.057289955000044, 28.328674145000036 ], [ 85.068284955000081, 28.337368957000024 ], [ 85.069600080000043, 28.339086832000078 ], [ 85.073390706000055, 28.340485083000033 ], [ 85.075546830000064, 28.342072145000031 ], [ 85.079638830000079, 28.343874020000044 ], [ 85.08278051800005, 28.345685520000075 ], [ 85.086410142000034, 28.345444582000027 ], [ 85.090600518000031, 28.346173708000038 ], [ 85.093379268000035, 28.344838395000068 ], [ 85.097388393000074, 28.344544520000056 ], [ 85.105353267000055, 28.345366833000071 ], [ 85.107639893000055, 28.346205458000043 ], [ 85.110190268000053, 28.346405895000032 ], [ 85.110677018000047, 28.345213021000063 ], [ 85.116037518000041, 28.341437832000054 ], [ 85.120451955000078, 28.337273083000071 ], [ 85.12300951800006, 28.335571333000075 ], [ 85.126381768000044, 28.335992520000048 ], [ 85.129202393000071, 28.337656646000028 ], [ 85.13089026800003, 28.337875083000029 ], [ 85.134588205000057, 28.335764333000043 ], [ 85.135995518000072, 28.333465020000062 ], [ 85.13770939300008, 28.332180582000035 ], [ 85.139185581000049, 28.332283333000078 ], [ 85.14306089300004, 28.330276833000028 ], [ 85.145176205000041, 28.331132270000069 ], [ 85.15356014300005, 28.330795395000052 ], [ 85.156992081000055, 28.330910707000044 ], [ 85.158671643000048, 28.331604895000055 ], [ 85.16208395600006, 28.331724832000077 ], [ 85.16588314300003, 28.325470270000039 ], [ 85.169722955000054, 28.320460707000052 ], [ 85.173572893000085, 28.314268770000069 ], [ 85.17596095600004, 28.311423708000063 ], [ 85.179523330000052, 28.305680770000038 ], [ 85.181155831000069, 28.302138270000057 ], [ 85.181495206000079, 28.300438833000044 ], [ 85.179446643000063, 28.295084958000075 ], [ 85.181556456000067, 28.291269895000028 ], [ 85.181884268000033, 28.288929832000065 ], [ 85.181360893000033, 28.286543020000067 ], [ 85.182209768000064, 28.284762396000076 ], [ 85.182856455000035, 28.280729832000077 ], [ 85.184751893000055, 28.277730957000074 ], [ 85.186556205000045, 28.275829333000047 ], [ 85.187013081000032, 28.273136145000024 ], [ 85.188455330000068, 28.268988395000065 ], [ 85.18979145600008, 28.266195083000071 ], [ 85.190763831000083, 28.265417333000073 ], [ 85.194821268000055, 28.26427645800004 ], [ 85.197360518000039, 28.261082270000031 ], [ 85.200660268000036, 28.258977833000074 ], [ 85.202674518000038, 28.256426583000064 ], [ 85.20481858100004, 28.250016458000061 ], [ 85.20437439300008, 28.249375083000075 ], [ 85.197022080000067, 28.244760770000028 ], [ 85.194774581000047, 28.239124583000034 ], [ 85.195406330000083, 28.234203207000064 ], [ 85.193176706000031, 28.23032427000004 ], [ 85.190663955000048, 28.228160145000061 ], [ 85.190380581000056, 28.226899208000077 ], [ 85.191025581000076, 28.22407583200004 ], [ 85.189746893000063, 28.223103332000051 ], [ 85.190837455000064, 28.219290207000029 ], [ 85.193234956000083, 28.217520895000064 ], [ 85.201887143000079, 28.212493145000053 ], [ 85.204167393000034, 28.209840333000045 ], [ 85.20502951800006, 28.206942770000069 ], [ 85.206626330000063, 28.203824458000042 ], [ 85.205725518000065, 28.200599520000026 ], [ 85.20607276800007, 28.197503457000039 ], [ 85.204830080000079, 28.194046895000042 ], [ 85.203646830000082, 28.19242614500007 ], [ 85.202852456000073, 28.187826332000043 ], [ 85.201337143000046, 28.185360208000077 ], [ 85.201149206000082, 28.183521020000057 ], [ 85.20267208000007, 28.17955964500004 ], [ 85.201828205000083, 28.175418145000037 ], [ 85.198006768000084, 28.168638395000073 ], [ 85.19625558000007, 28.167586645000029 ], [ 85.190392018000068, 28.167786645000035 ], [ 85.184891580000055, 28.166803333000075 ], [ 85.180139955000072, 28.164795770000069 ], [ 85.176432768000041, 28.162190395000039 ], [ 85.174494768000045, 28.159450145000051 ], [ 85.173201267000081, 28.156794582000032 ], [ 85.171597705000067, 28.15471020800004 ], [ 85.166666518000056, 28.150100270000053 ], [ 85.164715830000034, 28.148661708000077 ], [ 85.158442581000031, 28.142465645000073 ], [ 85.156685705000029, 28.139270082000053 ], [ 85.158368955000071, 28.133665333000067 ], [ 85.160255143000086, 28.131506083000033 ], [ 85.160048705000065, 28.128290770000035 ], [ 85.157385643000055, 28.125235958000076 ], [ 85.15187820500006, 28.11705895800003 ], [ 85.148858456000085, 28.114805708000063 ], [ 85.143957580000063, 28.111762519000024 ], [ 85.140073330000064, 28.109726145000025 ], [ 85.137156767000079, 28.108771270000034 ], [ 85.128947830000072, 28.107286832000057 ], [ 85.126347955000085, 28.105338645000074 ], [ 85.126045831000056, 28.102539082000078 ], [ 85.124970705000067, 28.099538270000039 ], [ 85.125334705000057, 28.095406645000025 ], [ 85.124711557000069, 28.091032670000061 ], [ 85.120951018000085, 28.08328670800006 ], [ 85.119431580000082, 28.081316020000031 ], [ 85.118404393000048, 28.07824252000006 ], [ 85.116708705000065, 28.076498833000073 ], [ 85.111930205000078, 28.076246582000067 ], [ 85.107531393000045, 28.076494270000069 ], [ 85.103647955000042, 28.074224270000059 ], [ 85.099881330000073, 28.072722645000056 ], [ 85.092180705000033, 28.072010270000078 ], [ 85.086086518000059, 28.06795027000004 ], [ 85.082874767000078, 28.066759645000047 ], [ 85.077258456000038, 28.067449020000026 ], [ 85.071201831000053, 28.066066020000051 ], [ 85.067582143000038, 28.065979145000028 ], [ 85.06446808000004, 28.066743333000034 ], [ 85.062796768000055, 28.063428520000059 ], [ 85.06185914200006, 28.060162145000049 ], [ 85.059130205000031, 28.055763520000028 ], [ 85.05872770600007, 28.05407445700007 ], [ 85.056852517000038, 28.05022189500005 ], [ 85.048669706000055, 28.042076770000051 ], [ 85.043844893000085, 28.036807145000068 ], [ 85.042565268000033, 28.036022583000033 ], [ 85.037669581000046, 28.034960957000067 ], [ 85.035606955000048, 28.032063833000052 ], [ 85.030629268000041, 28.030770145000076 ], [ 85.027895142000034, 28.029432457000041 ], [ 85.026080893000085, 28.02983183200007 ], [ 85.023376205000034, 28.029375895000044 ], [ 85.017097143000058, 28.026347395000073 ], [ 85.014864393000039, 28.025973583000052 ], [ 85.00943320600004, 28.026442270000075 ], [ 85.001791830000059, 28.025196395000023 ], [ 84.997823330000074, 28.024774020000052 ], [ 84.993847518000052, 28.026104645000032 ], [ 84.993351955000037, 28.027588208000054 ], [ 84.991532642000038, 28.028485832000058 ], [ 84.990674143000035, 28.025534208000067 ], [ 84.993066455000076, 28.020860207000055 ], [ 84.992370581000046, 28.018523333000076 ], [ 84.992671955000048, 28.015621958000054 ], [ 84.994508518000032, 28.013578145000054 ], [ 84.996838893000074, 28.012994958000036 ], [ 84.999406580000084, 28.010920958000042 ], [ 85.000193892000084, 28.009390083000028 ], [ 85.00224139200003, 28.00784545700003 ], [ 85.002777205000029, 28.003942895000023 ], [ 85.004345830000034, 28.002855270000055 ], [ 85.00536220500004, 28.000000520000071 ], [ 85.006462205000048, 27.999584208000044 ], [ 85.013279018000048, 27.998604520000072 ], [ 85.014601206000066, 27.997967520000032 ], [ 85.019259892000036, 27.997344207000026 ], [ 85.021401892000085, 27.996581520000063 ], [ 85.024892143000045, 27.996329957000057 ], [ 85.029171518000055, 27.995129333000079 ], [ 85.031750642000077, 27.995364895000023 ], [ 85.03368964200007, 27.990923770000052 ], [ 85.033899456000086, 27.988399833000074 ], [ 85.032308205000049, 27.985456207000027 ], [ 85.032662455000036, 27.981956395000054 ], [ 85.030950893000067, 27.975566333000074 ], [ 85.03090164300005, 27.971719895000035 ], [ 85.028683393000051, 27.969279520000043 ], [ 85.02730895500008, 27.969321395000065 ], [ 85.023918392000041, 27.967992958000025 ], [ 85.022026143000062, 27.968162707000033 ], [ 85.021084955000049, 27.965502895000043 ], [ 85.01730837000008, 27.961677240000029 ], [ 85.017049330000077, 27.959314770000049 ], [ 85.01495764200007, 27.957180082000036 ], [ 85.013930205000065, 27.957016145000068 ], [ 85.012159330000031, 27.953358395000066 ], [ 85.010263143000032, 27.950962708000077 ], [ 85.010101955000039, 27.948797958000057 ], [ 85.01083720500003, 27.948424832000057 ], [ 85.012713205000068, 27.950764208000066 ], [ 85.015785767000068, 27.951987020000047 ], [ 85.017785581000055, 27.950309458000049 ], [ 85.018357768000044, 27.946433582000054 ], [ 85.018316455000047, 27.943448958000033 ], [ 85.013276518000055, 27.940268770000046 ], [ 85.010855455000069, 27.935645645000079 ], [ 85.010947705000035, 27.933754269000076 ], [ 85.011853142000064, 27.932023895000043 ], [ 85.012832268000068, 27.928187957000034 ], [ 85.011748705000059, 27.924421332000065 ], [ 85.009766705000061, 27.919036769000058 ], [ 85.007325392000041, 27.91584858300007 ], [ 85.005923143000075, 27.912059395000028 ], [ 85.003768580000042, 27.90902926900003 ], [ 85.001500017000069, 27.903953520000073 ], [ 85.000471643000083, 27.902738145000058 ], [ 84.999999580000065, 27.899248957000054 ], [ 84.99858520500004, 27.897961894000048 ], [ 84.994932955000081, 27.896399957000028 ], [ 84.994403455000054, 27.888349083000037 ], [ 84.993779331000042, 27.887162332000059 ], [ 84.991149080000071, 27.885480020000045 ], [ 84.991574018000051, 27.883624645000054 ], [ 84.993903580000051, 27.881999208000025 ], [ 84.99593658100008, 27.878004582000074 ], [ 84.997053392000055, 27.874903270000061 ], [ 84.994734893000043, 27.872025270000051 ], [ 84.996295580000037, 27.870064644000024 ], [ 84.993954142000064, 27.868134394000037 ], [ 84.992545767000081, 27.862364145000072 ], [ 84.993693393000058, 27.859517520000054 ], [ 84.991450830000076, 27.858452957000054 ], [ 84.993890518000057, 27.857056832000069 ], [ 84.994541393000077, 27.854795957000078 ], [ 84.999299455000084, 27.855075145000058 ], [ 85.000635018000082, 27.855516707000049 ], [ 85.003431767000052, 27.853838082000038 ], [ 85.003111080000053, 27.852301707000038 ], [ 85.006552143000079, 27.85203070700004 ], [ 85.006916080000053, 27.850692395000067 ], [ 85.008617893000064, 27.850384395000049 ], [ 85.007538330000045, 27.847840458000064 ], [ 85.009565893000058, 27.845846957000049 ], [ 85.009848705000081, 27.844182082000032 ], [ 85.008211206000055, 27.841612894000036 ], [ 85.009903706000046, 27.839014895000048 ], [ 85.013360830000067, 27.837588457000038 ], [ 85.014866768000047, 27.835961957000052 ], [ 85.014523517000043, 27.834466332000034 ], [ 85.015405955000062, 27.832945958000039 ], [ 85.017630205000046, 27.832151145000068 ], [ 85.019606642000042, 27.833499332000031 ], [ 85.022626268000067, 27.834095207000075 ], [ 85.025137955000048, 27.832770207000067 ], [ 85.02297151700003, 27.829844207000065 ], [ 85.018986768000048, 27.826511894000078 ], [ 85.019918330000053, 27.824627832000033 ], [ 85.018833955000048, 27.821217645000047 ], [ 85.017826956000079, 27.81970889400003 ], [ 85.017605331000084, 27.816082520000066 ], [ 85.015115393000031, 27.813307644000076 ], [ 85.014242955000043, 27.811454957000024 ], [ 85.014761017000069, 27.80924452000005 ], [ 85.020170331000031, 27.810039457000073 ], [ 85.020123392000073, 27.811668832000066 ], [ 85.022239893000062, 27.812233020000065 ], [ 85.023099830000035, 27.813548832000038 ], [ 85.02493301800007, 27.814397083000074 ], [ 85.028726518000042, 27.814831395000056 ], [ 85.030381893000083, 27.816060020000066 ], [ 85.031319705000044, 27.815134707000027 ], [ 85.034394893000069, 27.814809395000054 ], [ 85.037030768000079, 27.815132582000047 ], [ 85.039746892000039, 27.814478145000066 ], [ 85.041964018000044, 27.815524082000024 ], [ 85.043239018000065, 27.815173770000058 ], [ 85.043757268000036, 27.812245832000031 ], [ 85.046756143000039, 27.811724520000041 ], [ 85.049321330000055, 27.812810582000054 ], [ 85.049573455000086, 27.810396769000079 ], [ 85.050812705000055, 27.80956608200006 ], [ 85.049205018000066, 27.806383519000065 ], [ 85.047653892000085, 27.80512052000006 ], [ 85.048808393000058, 27.801413832000037 ], [ 85.051467330000037, 27.800601707000055 ], [ 85.05223901800008, 27.799381957000037 ], [ 85.054141392000076, 27.79879214500005 ], [ 85.054637393000064, 27.797281207000026 ], [ 85.05615464300007, 27.796552145000078 ], [ 85.058281330000057, 27.796729895000055 ], [ 85.058839143000057, 27.795450833000075 ], [ 85.06235158000004, 27.793650520000028 ], [ 85.067084580000085, 27.792210645000068 ], [ 85.069768642000042, 27.792508020000071 ], [ 85.072453893000045, 27.791370395000058 ], [ 85.07644670600007, 27.791894395000043 ], [ 85.079428642000039, 27.79101152000004 ], [ 85.082358705000047, 27.789379895000025 ], [ 85.083837455000037, 27.789666144000023 ], [ 85.084822892000034, 27.788494207000042 ], [ 85.088256080000065, 27.787275894000061 ], [ 85.090311580000048, 27.787453769000024 ], [ 85.095589831000041, 27.783526832000064 ], [ 85.096862956000052, 27.78184264500004 ], [ 85.098635455000078, 27.781005020000066 ], [ 85.099006456000041, 27.779366332000052 ], [ 85.100055018000035, 27.778252457000065 ], [ 85.102050331000044, 27.778200395000056 ], [ 85.104251143000056, 27.776143270000034 ], [ 85.10806001800006, 27.774070957000049 ], [ 85.110953455000072, 27.774162770000032 ], [ 85.111960955000086, 27.775395582000044 ], [ 85.11346495500004, 27.775241332000064 ], [ 85.11453745600005, 27.772696707000023 ], [ 85.11655014300004, 27.774113207000028 ], [ 85.11741414200003, 27.772461457000077 ], [ 85.116681893000077, 27.771422707000056 ], [ 85.117910768000058, 27.768495519000055 ], [ 85.119277017000059, 27.767595520000043 ], [ 85.122203830000046, 27.766942332000042 ], [ 85.124809705000075, 27.762523832000056 ], [ 85.12632095500004, 27.762477707000073 ], [ 85.126528393000058, 27.760885395000059 ], [ 85.129983518000074, 27.76050970700004 ], [ 85.13295376800005, 27.763894519000075 ], [ 85.134276893000049, 27.762214082000071 ], [ 85.137069643000075, 27.76162258200003 ], [ 85.139307580000036, 27.763160894000066 ], [ 85.141836268000077, 27.765639957000076 ], [ 85.145648331000075, 27.764223145000074 ], [ 85.146611768000071, 27.764483582000025 ], [ 85.149775580000039, 27.763539083000069 ], [ 85.15151301800006, 27.763596895000035 ], [ 85.153785643000049, 27.765937832000077 ], [ 85.157275456000036, 27.766741207000052 ], [ 85.161774018000074, 27.765370082000061 ], [ 85.166166143000055, 27.766048269000066 ], [ 85.168583018000049, 27.767316145000052 ], [ 85.170978268000056, 27.766494957000077 ], [ 85.174267518000079, 27.766618269000048 ], [ 85.176232705000075, 27.767977770000073 ], [ 85.177810580000084, 27.767167832000041 ], [ 85.179308955000067, 27.76787033200003 ], [ 85.179968892000034, 27.770788707000065 ], [ 85.181873830000086, 27.771724582000047 ], [ 85.188243518000036, 27.771396958000025 ], [ 85.190981830000055, 27.769187144000057 ], [ 85.192789706000042, 27.769300082000029 ], [ 85.19415508000003, 27.770461582000053 ], [ 85.199541830000044, 27.770268269000042 ], [ 85.19987870600005, 27.768950020000034 ], [ 85.203325956000072, 27.770801770000048 ], [ 85.204483955000057, 27.773282395000024 ], [ 85.207514330000038, 27.769869457000027 ], [ 85.208039455000062, 27.773088895000058 ], [ 85.208811705000073, 27.773361957000077 ], [ 85.210646642000086, 27.770816708000041 ], [ 85.21234914300004, 27.772572895000053 ], [ 85.213437393000049, 27.77143527000004 ], [ 85.214922643000079, 27.773382832000038 ], [ 85.216314393000062, 27.774045207000029 ], [ 85.219456955000055, 27.773958832000062 ], [ 85.223251330000039, 27.775276707000046 ], [ 85.225653393000073, 27.774016832000029 ], [ 85.226270455000076, 27.772664395000049 ], [ 85.228640268000049, 27.77237939500003 ], [ 85.232888768000066, 27.773586957000077 ], [ 85.234833393000031, 27.772937894000052 ], [ 85.235272143000032, 27.774165832000051 ], [ 85.240971642000034, 27.774584020000077 ], [ 85.24285870600005, 27.773285582000028 ], [ 85.244132956000044, 27.774864707000063 ], [ 85.247946267000032, 27.774597957000026 ], [ 85.248115205000033, 27.772897520000072 ], [ 85.25146245600007, 27.773688520000064 ], [ 85.252612955000075, 27.775248395000062 ], [ 85.25487070500003, 27.775426457000037 ], [ 85.253819268000086, 27.774763645000064 ], [ 85.257247268000071, 27.772812520000059 ], [ 85.259042455000042, 27.773188832000073 ], [ 85.260082580000073, 27.771491707000052 ], [ 85.262855143000081, 27.771222770000065 ], [ 85.26543201800007, 27.770382457000039 ], [ 85.265809955000066, 27.768131894000078 ], [ 85.265265956000064, 27.766221395000059 ], [ 85.267700518000083, 27.76372189500006 ], [ 85.27029433000007, 27.763264894000031 ], [ 85.272404830000085, 27.759410082000045 ], [ 85.27248626800008, 27.758130207000079 ], [ 85.271495581000067, 27.75690064500003 ], [ 85.270824642000036, 27.754438582000034 ], [ 85.271302143000071, 27.750131770000053 ], [ 85.271040018000065, 27.747871270000076 ], [ 85.269416206000074, 27.745454020000068 ], [ 85.265538393000043, 27.74492783200003 ], [ 85.259110830000054, 27.745029332000058 ], [ 85.257400330000053, 27.744636582000055 ], [ 85.255044643000076, 27.746259832000078 ], [ 85.254796393000049, 27.747825583000065 ], [ 85.253337331000068, 27.748698457000046 ], [ 85.251857892000032, 27.746568457000023 ], [ 85.248913517000062, 27.744334395000067 ], [ 85.247204643000032, 27.744142269000065 ], [ 85.241793456000039, 27.744468519000065 ], [ 85.23971801700003, 27.745048832000066 ], [ 85.238172893000069, 27.743749645000037 ], [ 85.237170830000082, 27.740859457000056 ], [ 85.234087893000037, 27.740747082000041 ], [ 85.229537205000042, 27.738935394000066 ], [ 85.227775143000031, 27.737725957000066 ], [ 85.225388706000047, 27.737304832000063 ], [ 85.222190830000045, 27.735410832000071 ], [ 85.21588739200007, 27.736876519000077 ], [ 85.21780814300007, 27.734418457000061 ], [ 85.220161080000082, 27.733885583000074 ], [ 85.22241195600003, 27.731819332000043 ], [ 85.223841955000069, 27.727953207000041 ], [ 85.222577518000037, 27.726601644000027 ], [ 85.220968455000047, 27.724646207000035 ], [ 85.219639268000037, 27.72197314400006 ], [ 85.21760776800005, 27.721176519000039 ], [ 85.213388893000058, 27.72112558200007 ], [ 85.209853518000045, 27.722471895000069 ], [ 85.209392768000043, 27.720125020000069 ], [ 85.207524143000057, 27.718164895000029 ], [ 85.204331768000031, 27.719805894000046 ], [ 85.203135205000081, 27.718895769000028 ], [ 85.202363143000071, 27.716811020000023 ], [ 85.200489080000068, 27.716247457000065 ], [ 85.201047580000079, 27.713657019000038 ], [ 85.202844018000064, 27.711942519000047 ], [ 85.200971581000033, 27.710131270000034 ], [ 85.202266080000072, 27.70801952000005 ], [ 85.198773268000082, 27.709056082000075 ], [ 85.199273580000067, 27.706939957000031 ], [ 85.197600893000072, 27.70112001900003 ], [ 85.195217705000061, 27.69725539500007 ], [ 85.196806643000059, 27.694074020000073 ], [ 85.195074892000036, 27.691936582000039 ], [ 85.194375955000055, 27.689729269000054 ], [ 85.194059393000032, 27.685095519000072 ], [ 85.190925142000083, 27.681158394000079 ], [ 85.183866205000072, 27.680135895000035 ], [ 85.177172143000064, 27.679793645000075 ], [ 85.17522195500004, 27.678977645000032 ], [ 85.170737018000068, 27.675509457000032 ], [ 85.168234455000061, 27.673204457000054 ], [ 85.164438393000069, 27.670671082000069 ], [ 85.162339143000054, 27.670767707000039 ], [ 85.158728205000045, 27.672607395000057 ], [ 85.154583580000065, 27.671252207000066 ], [ 85.152756081000064, 27.669651957000042 ], [ 85.147821642000054, 27.670171269000036 ], [ 85.14377064200005, 27.671098207000057 ], [ 85.141231393000055, 27.673483644000044 ], [ 85.13675033100003, 27.674495144000048 ], [ 85.135505831000046, 27.675897457000076 ], [ 85.133438642000044, 27.68076977000004 ], [ 85.13155920500003, 27.680699394000044 ], [ 85.126636955000038, 27.682100020000064 ], [ 85.124631580000084, 27.68310002000004 ], [ 85.12247564300003, 27.683322832000044 ], [ 85.120969455000079, 27.68748189400003 ], [ 85.120004643000073, 27.692539207000038 ], [ 85.119155705000082, 27.693861457000025 ], [ 85.117685143000074, 27.696129520000056 ], [ 85.111839392000036, 27.700919144000068 ], [ 85.109708518000048, 27.701522832000023 ], [ 85.105505393000044, 27.703909707000037 ], [ 85.103622643000051, 27.705880895000064 ], [ 85.102854205000085, 27.708052957000064 ], [ 85.097144330000049, 27.711031457000047 ], [ 85.094802080000079, 27.71163658200004 ], [ 85.090480205000063, 27.711961770000073 ], [ 85.08832045500003, 27.710462520000078 ], [ 85.085639642000046, 27.706900707000045 ], [ 85.082719517000044, 27.706359519000046 ], [ 85.080986580000058, 27.706923582000059 ], [ 85.080505205000065, 27.708303645000058 ], [ 85.078774580000072, 27.708847394000031 ], [ 85.075796393000076, 27.707173832000024 ], [ 85.074381455000037, 27.705005332000042 ], [ 85.072002143000077, 27.703442145000054 ], [ 85.068102955000086, 27.703090957000029 ], [ 85.066911455000081, 27.69905245700005 ], [ 85.067001142000038, 27.696610520000036 ], [ 85.063335393000045, 27.694299019000027 ], [ 85.060482517000082, 27.694377270000075 ], [ 85.059649205000085, 27.695103395000046 ], [ 85.060216268000033, 27.696922082000071 ], [ 85.056308580000064, 27.699679769000056 ], [ 85.054191767000077, 27.698881395000058 ], [ 85.044880643000056, 27.689956270000039 ], [ 85.043423831000041, 27.691560207000066 ], [ 85.042626080000048, 27.694968645000074 ], [ 85.043805080000084, 27.697328832000039 ], [ 85.044056893000061, 27.70234933200004 ], [ 85.04187414200004, 27.704206832000068 ], [ 85.040962705000084, 27.702869019000048 ], [ 85.037239018000037, 27.701295020000032 ], [ 85.035127517000035, 27.699907394000036 ], [ 85.034754517000067, 27.697920207000038 ], [ 85.032263205000049, 27.697916207000048 ], [ 85.031054643000061, 27.699743770000055 ], [ 85.026022143000034, 27.701367269000059 ], [ 85.024239956000031, 27.703681832000029 ], [ 85.019654143000082, 27.704040582000061 ], [ 85.016217268000048, 27.706929082000045 ], [ 85.013026143000047, 27.707487207000042 ], [ 85.007854893000058, 27.705753770000058 ], [ 85.004838206000045, 27.705493645000047 ], [ 85.000612018000083, 27.706040957000027 ], [ 84.993645830000048, 27.707704332000048 ], [ 84.991328643000031, 27.706448395000052 ], [ 84.991344080000033, 27.704580145000023 ], [ 84.987172518000079, 27.703174957000044 ], [ 84.984768831000054, 27.703623020000066 ], [ 84.981689393000067, 27.702787520000072 ], [ 84.97909358000004, 27.699960707000059 ], [ 84.97871714300004, 27.695347020000042 ], [ 84.973984893000079, 27.692329895000057 ], [ 84.969858893000037, 27.691054707000035 ], [ 84.966946330000042, 27.691052520000028 ], [ 84.964159455000072, 27.689418082000032 ], [ 84.960880768000038, 27.688849707000031 ], [ 84.960811267000054, 27.685903519000078 ], [ 84.958213393000051, 27.685278457000038 ], [ 84.953700268000034, 27.683233894000068 ], [ 84.950940330000037, 27.683922894000034 ], [ 84.949132705000068, 27.685424457000067 ], [ 84.946382705000076, 27.686760957000047 ], [ 84.943821892000074, 27.686166895000042 ], [ 84.94163964300003, 27.686479645000077 ], [ 84.938625705000049, 27.686166207000042 ], [ 84.936386643000048, 27.687027457000056 ], [ 84.93162695500007, 27.686515770000028 ], [ 84.926737518000039, 27.688319770000078 ], [ 84.924190143000033, 27.688632332000054 ], [ 84.923377017000064, 27.691336332000049 ], [ 84.921773830000063, 27.693919145000052 ], [ 84.917224705000081, 27.694802269000036 ], [ 84.914254080000035, 27.695986144000074 ], [ 84.911563705000049, 27.697795394000025 ], [ 84.909457080000038, 27.698332707000077 ], [ 84.907865080000079, 27.696881082000061 ], [ 84.904256955000051, 27.695167394000066 ], [ 84.90254451800007, 27.693998457000077 ], [ 84.901175705000071, 27.690460457000029 ], [ 84.899416267000049, 27.688806707000026 ] ] ] } },
{ "type": "Feature", "properties": { "DISTRICT": "DOLAKHA", "STATE_CODE": 3, "PR_NAME": "Bagmati Province" }, "geometry": { "type": "Polygon", "coordinates": [ [ [ 86.186750706000055, 27.558854394000036 ], [ 86.182912206000083, 27.556491895000079 ], [ 86.178835769000045, 27.555075707000071 ], [ 86.178008956000042, 27.553315332000068 ], [ 86.176522581000086, 27.552756020000061 ], [ 86.174804269000049, 27.550365332000069 ], [ 86.172491956000044, 27.550696831000039 ], [ 86.16985151800003, 27.547995957000069 ], [ 86.166212956000038, 27.546029207000061 ], [ 86.163321457000052, 27.541704395000068 ], [ 86.161094706000085, 27.541492457000061 ], [ 86.160700768000083, 27.53862220700006 ], [ 86.157737332000067, 27.536729207000064 ], [ 86.156469519000041, 27.535017957000036 ], [ 86.156827956000086, 27.532908207000048 ], [ 86.154621331000044, 27.530633894000061 ], [ 86.15568458100006, 27.527880832000051 ], [ 86.154376206000052, 27.527274895000062 ], [ 86.15495539300008, 27.524392457000033 ], [ 86.154069956000058, 27.521323020000068 ], [ 86.152279331000045, 27.517027207000069 ], [ 86.152156206000086, 27.514846832000046 ], [ 86.150061081000047, 27.515371019000042 ], [ 86.150127394000037, 27.513652144000048 ], [ 86.146849018000069, 27.51152458200005 ], [ 86.14515739400008, 27.509659457000055 ], [ 86.144577019000053, 27.505635019000067 ], [ 86.145482894000054, 27.502122894000024 ], [ 86.144391081000038, 27.49831189400004 ], [ 86.144347768000046, 27.495937894000065 ], [ 86.13994845600007, 27.495353457000078 ], [ 86.137983268000085, 27.493484332000037 ], [ 86.135569644000043, 27.492226082000059 ], [ 86.134416581000039, 27.489948957000024 ], [ 86.131770331000041, 27.489702332000036 ], [ 86.130555331000039, 27.486560644000065 ], [ 86.128208706000066, 27.484952957000075 ], [ 86.126673956000047, 27.481121019000057 ], [ 86.125415894000071, 27.479723206000074 ], [ 86.124990143000048, 27.477892894000036 ], [ 86.12011814300007, 27.476005145000045 ], [ 86.11878633200007, 27.474275145000036 ], [ 86.116328894000048, 27.473835332000078 ], [ 86.114907582000058, 27.474724332000051 ], [ 86.117510956000046, 27.477726082000061 ], [ 86.117450769000072, 27.479485644000079 ], [ 86.116065582000033, 27.481024769000044 ], [ 86.112825457000042, 27.481784770000047 ], [ 86.111616019000053, 27.485026331000029 ], [ 86.109307331000082, 27.486825707000037 ], [ 86.109183144000042, 27.488584894000041 ], [ 86.106415393000077, 27.491335707000076 ], [ 86.103546707000078, 27.495617895000066 ], [ 86.100952144000075, 27.498141832000044 ], [ 86.098471019000044, 27.497875332000035 ], [ 86.09587483100006, 27.499999769000055 ], [ 86.090914643000076, 27.497704394000039 ], [ 86.085662893000062, 27.49626870700007 ], [ 86.082763894000038, 27.497197269000026 ], [ 86.080393144000084, 27.496561144000054 ], [ 86.078926706000061, 27.497291519000044 ], [ 86.076347144000067, 27.501705895000043 ], [ 86.074909519000073, 27.500414769000031 ], [ 86.071035643000073, 27.500000832000069 ], [ 86.070128018000048, 27.501339582000071 ], [ 86.067161268000064, 27.501757457000053 ], [ 86.06660114400006, 27.498676019000072 ], [ 86.064907769000058, 27.498619519000044 ], [ 86.064713893000032, 27.496932707000042 ], [ 86.062590144000069, 27.496986145000051 ], [ 86.061195831000077, 27.500505644000043 ], [ 86.05999339400006, 27.498911332000034 ], [ 86.057986831000051, 27.500795332000052 ], [ 86.056898644000057, 27.499472519000051 ], [ 86.050246644000083, 27.49808026900007 ], [ 86.046841956000037, 27.497680144000071 ], [ 86.045405894000055, 27.499369332000072 ], [ 86.042644018000033, 27.498996145000035 ], [ 86.041187456000046, 27.500202269000056 ], [ 86.03701314400007, 27.501974019000045 ], [ 86.034158956000056, 27.502676270000052 ], [ 86.027380894000032, 27.501823519000027 ], [ 86.023343269000065, 27.500556519000042 ], [ 86.020399831000077, 27.501756520000072 ], [ 86.018541269000082, 27.501926144000038 ], [ 86.013148894000039, 27.50092008200005 ], [ 86.011400331000061, 27.50088958200007 ], [ 86.010402457000055, 27.502755270000023 ], [ 86.008540268000047, 27.502978895000069 ], [ 86.007606331000034, 27.501970457000027 ], [ 86.00477595600006, 27.502778270000078 ], [ 86.002981706000071, 27.502093081000055 ], [ 86.002645394000069, 27.503922769000042 ], [ 86.001294706000067, 27.506446957000037 ], [ 85.997938332000047, 27.50339258200006 ], [ 85.996224519000066, 27.504515207000054 ], [ 85.996235206000051, 27.507274707000079 ], [ 85.992872143000056, 27.507676832000072 ], [ 85.990429081000059, 27.507478644000059 ], [ 85.989400956000054, 27.50988320700003 ], [ 85.990105143000051, 27.511704645000066 ], [ 85.99011426800007, 27.519331082000065 ], [ 85.992443144000049, 27.522369145000027 ], [ 85.994002394000063, 27.522940019000032 ], [ 85.994362581000075, 27.524691269000073 ], [ 85.996901519000062, 27.528836457000068 ], [ 85.99877970600005, 27.53119883200003 ], [ 85.998316518000081, 27.532630457000039 ], [ 86.001192081000056, 27.536780207000049 ], [ 86.001054706000048, 27.538886644000058 ], [ 86.002927581000051, 27.540953332000072 ], [ 86.001283394000041, 27.543024081000056 ], [ 85.999999956000067, 27.545715707000056 ], [ 85.996448956000052, 27.545292957000072 ], [ 85.994410394000056, 27.548150519000046 ], [ 85.990491519000045, 27.551059832000078 ], [ 85.988009519000059, 27.552242144000047 ], [ 85.98463389300008, 27.554789707000054 ], [ 85.983358456000076, 27.556244707000076 ], [ 85.981972331000065, 27.558199832000071 ], [ 85.979447081000046, 27.560609082000042 ], [ 85.976198581000062, 27.565607707000026 ], [ 85.97435564400007, 27.566733520000071 ], [ 85.971306393000077, 27.570077394000066 ], [ 85.968482644000062, 27.572531582000067 ], [ 85.967066081000041, 27.57609958200004 ], [ 85.964090331000079, 27.577868894000062 ], [ 85.963965644000041, 27.579214894000074 ], [ 85.962095956000041, 27.579573269000036 ], [ 85.961280956000053, 27.580747207000059 ], [ 85.957865581000078, 27.58218370700007 ], [ 85.956209393000051, 27.585030020000033 ], [ 85.954881019000084, 27.58621583200005 ], [ 85.954584331000035, 27.58879476900006 ], [ 85.949835457000063, 27.59004051900007 ], [ 85.948488019000081, 27.589425644000073 ], [ 85.945755893000069, 27.590844394000044 ], [ 85.944005956000069, 27.590971019000051 ], [ 85.943193644000075, 27.593485082000029 ], [ 85.938631581000038, 27.592692207000027 ], [ 85.936224268000046, 27.594869082000059 ], [ 85.932891706000078, 27.595001457000023 ], [ 85.929185768000082, 27.599246332000064 ], [ 85.92804695600006, 27.598472645000072 ], [ 85.923601831000042, 27.59986195700003 ], [ 85.922389644000077, 27.600700894000056 ], [ 85.921111268000061, 27.603382707000037 ], [ 85.919402706000085, 27.603468770000063 ], [ 85.917395081000052, 27.604827082000043 ], [ 85.915389706000042, 27.603771332000065 ], [ 85.911502269000039, 27.604108645000053 ], [ 85.910644956000056, 27.605360895000047 ], [ 85.908055893000039, 27.60608508200005 ], [ 85.906904331000078, 27.607497457000079 ], [ 85.904214018000062, 27.60903083200003 ], [ 85.902142393000076, 27.608588019000024 ], [ 85.899075956000047, 27.609134582000024 ], [ 85.896226269000067, 27.611016207000034 ], [ 85.893515019000063, 27.611935457000072 ], [ 85.887857143000076, 27.611863207000056 ], [ 85.886722956000085, 27.613810270000045 ], [ 85.88882114300003, 27.61758820700004 ], [ 85.890076768000085, 27.617975082000044 ], [ 85.891648518000068, 27.620117520000065 ], [ 85.893457518000048, 27.624209019000034 ], [ 85.896539706000056, 27.626654520000045 ], [ 85.89958589400004, 27.628025707000063 ], [ 85.900628831000063, 27.629723894000051 ], [ 85.903257081000049, 27.630148582000061 ], [ 85.906217582000068, 27.631523457000071 ], [ 85.907699269000034, 27.633513832000062 ], [ 85.908861706000039, 27.633674145000043 ], [ 85.912953893000065, 27.636819894000041 ], [ 85.911857769000051, 27.641145582000036 ], [ 85.912619394000046, 27.643387520000033 ], [ 85.916941394000048, 27.645720457000039 ], [ 85.917570019000038, 27.647850769000058 ], [ 85.91731358100003, 27.652920770000037 ], [ 85.918171831000052, 27.655504145000066 ], [ 85.918376956000031, 27.659025457000041 ], [ 85.920575144000054, 27.663259520000054 ], [ 85.92845451800008, 27.663386082000045 ], [ 85.930041456000083, 27.664761145000057 ], [ 85.933249956000054, 27.664709144000028 ], [ 85.93472808100006, 27.66666314400004 ], [ 85.936689768000065, 27.667720582000072 ], [ 85.941481268000075, 27.668928269000048 ], [ 85.941536456000051, 27.671841519000054 ], [ 85.940360518000034, 27.675056707000067 ], [ 85.940513018000047, 27.677047895000044 ], [ 85.938162581000086, 27.680985144000033 ], [ 85.936533331000078, 27.68728333200005 ], [ 85.94111626800003, 27.692446894000057 ], [ 85.941161519000048, 27.698888832000023 ], [ 85.93994314300005, 27.69957439500007 ], [ 85.93883939300008, 27.702404332000071 ], [ 85.938713018000044, 27.705016082000043 ], [ 85.938362644000051, 27.707326020000039 ], [ 85.939091831000042, 27.709915020000039 ], [ 85.940991581000048, 27.711664582000026 ], [ 85.943329831000085, 27.712442895000038 ], [ 85.94754114400007, 27.715430582000067 ], [ 85.950936081000066, 27.719628145000058 ], [ 85.954190956000048, 27.722220395000079 ], [ 85.955208893000076, 27.724491082000043 ], [ 85.954815081000049, 27.726800769000079 ], [ 85.955581768000059, 27.72923202000004 ], [ 85.957942518000038, 27.731964020000078 ], [ 85.959501393000039, 27.732494707000058 ], [ 85.962535206000041, 27.73486170700005 ], [ 85.963571706000039, 27.736403770000038 ], [ 85.96337201800003, 27.741927770000075 ], [ 85.966936831000055, 27.742247770000063 ], [ 85.968852706000064, 27.741923582000027 ], [ 85.973794643000076, 27.739904894000063 ], [ 85.976858206000031, 27.738054957000031 ], [ 85.97958458100004, 27.73510127000003 ], [ 85.981002643000068, 27.735251645000062 ], [ 85.989636956000084, 27.738606894000043 ], [ 85.991996268000037, 27.73999589500005 ], [ 85.996272519000058, 27.741098707000049 ], [ 86.001816706000056, 27.743027270000027 ], [ 86.004158269000072, 27.743141207000065 ], [ 86.00695551900003, 27.74496858200007 ], [ 86.01290276900005, 27.744248519000053 ], [ 86.014612769000053, 27.744452457000023 ], [ 86.01835926900003, 27.74303283200004 ], [ 86.020908206000058, 27.742689895000069 ], [ 86.025788519000059, 27.740371082000024 ], [ 86.02815345700003, 27.740748707000023 ], [ 86.030386706000058, 27.739209832000029 ], [ 86.032925456000044, 27.742521770000053 ], [ 86.033163018000039, 27.744626270000026 ], [ 86.03425145600005, 27.746797582000056 ], [ 86.034802518000049, 27.750000832000069 ], [ 86.03643833700005, 27.756361131000062 ], [ 86.033309832000043, 27.759516332000032 ], [ 86.030327144000069, 27.763073895000048 ], [ 86.025628831000063, 27.766001082000059 ], [ 86.02407958100008, 27.768311770000025 ], [ 86.022133456000063, 27.772201332000066 ], [ 86.024402019000036, 27.775319770000067 ], [ 86.02691733100005, 27.781869332000042 ], [ 86.027942831000075, 27.783550707000074 ], [ 86.028125894000084, 27.786038395000048 ], [ 86.024843643000054, 27.789476333000039 ], [ 86.023920394000072, 27.792109645000039 ], [ 86.024912768000036, 27.800496332000023 ], [ 86.023524268000074, 27.802302833000056 ], [ 86.022257081000078, 27.808717394000041 ], [ 86.020692082000039, 27.810861019000072 ], [ 86.018305768000062, 27.812592645000052 ], [ 86.016353769000034, 27.814943270000072 ], [ 86.015174893000051, 27.817455082000038 ], [ 86.013267706000079, 27.817987457000072 ], [ 86.011103769000044, 27.820135707000077 ], [ 86.009025081000061, 27.824700957000061 ], [ 86.005002644000058, 27.829376332000038 ], [ 86.006354894000083, 27.832219832000078 ], [ 86.009148018000076, 27.833902770000066 ], [ 86.010223331000077, 27.836448770000061 ], [ 86.01286645600004, 27.839265395000041 ], [ 86.014656519000084, 27.839623395000046 ], [ 86.020594518000053, 27.843011644000057 ], [ 86.026057706000074, 27.844970332000059 ], [ 86.027739206000035, 27.846660832000055 ], [ 86.028196206000075, 27.851032144000044 ], [ 86.030181644000038, 27.854563583000072 ], [ 86.031028581000044, 27.859025582000072 ], [ 86.032804832000068, 27.862523895000038 ], [ 86.036420769000074, 27.865425895000044 ], [ 86.041249643000072, 27.865978458000029 ], [ 86.044834956000045, 27.867566957000065 ], [ 86.046285831000034, 27.871500582000067 ], [ 86.046602706000044, 27.874417770000036 ], [ 86.047732332000066, 27.876697645000036 ], [ 86.049391081000067, 27.878365145000032 ], [ 86.050951394000037, 27.881539144000044 ], [ 86.049904456000036, 27.88540583200006 ], [ 86.052103144000057, 27.888006645000075 ], [ 86.054999956000074, 27.890131582000038 ], [ 86.056154894000031, 27.892240020000031 ], [ 86.058654831000069, 27.895057082000051 ], [ 86.061377019000076, 27.896521894000045 ], [ 86.067313269000067, 27.899019269000064 ], [ 86.06736383100008, 27.899529519000055 ], [ 86.067840456000056, 27.901590395000028 ], [ 86.069322268000064, 27.903644583000073 ], [ 86.071358644000043, 27.904827020000027 ], [ 86.07169501900006, 27.905914520000067 ], [ 86.06843639300007, 27.910289958000078 ], [ 86.069773394000038, 27.911063833000071 ], [ 86.07631308100008, 27.910557332000053 ], [ 86.077976394000075, 27.910936207000077 ], [ 86.079526456000053, 27.912771895000049 ], [ 86.081945831000041, 27.914004145000035 ], [ 86.084224081000059, 27.914481833000025 ], [ 86.089638018000073, 27.916631770000038 ], [ 86.092806394000036, 27.919802395000033 ], [ 86.095654769000078, 27.920123457000045 ], [ 86.099545331000058, 27.921924582000031 ], [ 86.10357695700003, 27.922706707000032 ], [ 86.106392456000037, 27.924611207000055 ], [ 86.111322706000067, 27.924121957000068 ], [ 86.116482269000073, 27.926165457000025 ], [ 86.120365643000071, 27.92705664500005 ], [ 86.125353768000082, 27.926763520000065 ], [ 86.126343268000085, 27.927390270000046 ], [ 86.126832393000086, 27.931445582000038 ], [ 86.128631143000064, 27.933458270000074 ], [ 86.12810264400008, 27.93663170700006 ], [ 86.126859769000077, 27.938074583000059 ], [ 86.126025768000034, 27.94135439400003 ], [ 86.123838394000074, 27.941929395000045 ], [ 86.119382643000051, 27.944705457000055 ], [ 86.11774758200005, 27.94525683300003 ], [ 86.115537893000067, 27.949407582000049 ], [ 86.113494331000084, 27.951088895000055 ], [ 86.111221956000065, 27.954282583000065 ], [ 86.109500268000033, 27.955622958000049 ], [ 86.11149514400006, 27.957808582000041 ], [ 86.11182539400005, 27.961079957000038 ], [ 86.111104019000038, 27.965075582000054 ], [ 86.109157268000047, 27.967687020000028 ], [ 86.108208331000071, 27.972714519000078 ], [ 86.107857519000049, 27.97623870700005 ], [ 86.10627020700008, 27.980959645000041 ], [ 86.105944893000071, 27.983969583000032 ], [ 86.104257706000055, 27.986512645000062 ], [ 86.101717206000046, 27.992725519000032 ], [ 86.098765644000082, 27.995713645000023 ], [ 86.098180082000056, 27.998647457000061 ], [ 86.095953519000034, 27.999997520000079 ], [ 86.093838143000085, 28.004931770000042 ], [ 86.091368206000084, 28.005824708000034 ], [ 86.088965019000057, 28.00849370800006 ], [ 86.088015144000053, 28.011172269000042 ], [ 86.085721956000043, 28.012224208000077 ], [ 86.083944394000071, 28.014529520000053 ], [ 86.081746081000063, 28.020123770000055 ], [ 86.081894581000086, 28.021834958000056 ], [ 86.083463144000063, 28.023214895000024 ], [ 86.088767019000045, 28.026724770000044 ], [ 86.090502143000037, 28.028566019000039 ], [ 86.092831706000084, 28.032953958000064 ], [ 86.092147519000036, 28.035805770000024 ], [ 86.090078206000044, 28.039293644000054 ], [ 86.089954581000086, 28.040766145000077 ], [ 86.091405019000035, 28.042962020000061 ], [ 86.091260643000055, 28.046898082000041 ], [ 86.089869331000045, 28.049113457000033 ], [ 86.090511518000085, 28.050394770000025 ], [ 86.091981456000042, 28.057367082000042 ], [ 86.097214206000046, 28.061627395000073 ], [ 86.093916081000032, 28.069109770000068 ], [ 86.092139518000067, 28.071205270000064 ], [ 86.091876643000035, 28.072480582000026 ], [ 86.089996456000051, 28.073652583000069 ], [ 86.087102394000055, 28.081532270000025 ], [ 86.087475644000051, 28.083010270000045 ], [ 86.086328331000061, 28.087925645000041 ], [ 86.086451894000049, 28.089966020000077 ], [ 86.085417581000058, 28.091143645000045 ], [ 86.088274707000039, 28.092992395000067 ], [ 86.091368394000085, 28.094066582000039 ], [ 86.09449339400004, 28.097588833000032 ], [ 86.101297269000042, 28.096185083000023 ], [ 86.107271769000079, 28.092722520000052 ], [ 86.110391456000059, 28.093363207000039 ], [ 86.112708768000061, 28.091415332000054 ], [ 86.116215644000079, 28.091873457000077 ], [ 86.120215018000067, 28.09116133200007 ], [ 86.123453018000077, 28.093684207000024 ], [ 86.126507582000045, 28.095084457000041 ], [ 86.128237332000083, 28.097807395000075 ], [ 86.130058019000046, 28.099400582000044 ], [ 86.132871643000044, 28.100298270000053 ], [ 86.133398456000066, 28.104001770000025 ], [ 86.13524764400006, 28.105804832000047 ], [ 86.134142581000049, 28.106560457000057 ], [ 86.135324082000068, 28.110148457000037 ], [ 86.134724518000041, 28.116398832000073 ], [ 86.136689331000071, 28.117647645000034 ], [ 86.139298331000077, 28.11821677000006 ], [ 86.142371769000079, 28.117315520000034 ], [ 86.144264519000046, 28.120197208000036 ], [ 86.143812268000033, 28.123826832000077 ], [ 86.144382894000046, 28.125845208000044 ], [ 86.145798644000081, 28.127079145000039 ], [ 86.150364081000077, 28.129108707000057 ], [ 86.154713768000079, 28.13024120700004 ], [ 86.157496769000034, 28.133310895000079 ], [ 86.162645019000081, 28.13778039500005 ], [ 86.165447082000071, 28.138402145000043 ], [ 86.168518268000071, 28.137881583000024 ], [ 86.17285439300008, 28.139895520000039 ], [ 86.179687831000081, 28.142610145000049 ], [ 86.181281456000079, 28.144975145000046 ], [ 86.181179394000083, 28.149608770000043 ], [ 86.179961768000055, 28.152471333000051 ], [ 86.178975956000045, 28.153176145000032 ], [ 86.177997893000054, 28.15583033200005 ], [ 86.178974893000031, 28.159152770000048 ], [ 86.178601707000041, 28.162349770000048 ], [ 86.176186206000068, 28.166389645000038 ], [ 86.176428394000084, 28.168721708000078 ], [ 86.181209706000061, 28.17100208200003 ], [ 86.184674144000041, 28.171575520000033 ], [ 86.189100582000037, 28.173943707000035 ], [ 86.191759769000043, 28.172723020000035 ], [ 86.191144644000076, 28.17152139500007 ], [ 86.191378956000051, 28.169020645000046 ], [ 86.194452956000077, 28.166223020000075 ], [ 86.194052144000068, 28.164205895000066 ], [ 86.194490894000069, 28.160178958000074 ], [ 86.196145331000082, 28.159426082000039 ], [ 86.197324519000063, 28.157655082000076 ], [ 86.199683207000078, 28.156116707000024 ], [ 86.199908831000073, 28.152733645000069 ], [ 86.197938019000048, 28.151090895000038 ], [ 86.198294332000046, 28.148103520000063 ], [ 86.199315456000079, 28.145620957000062 ], [ 86.199564956000074, 28.138039333000052 ], [ 86.202600956000083, 28.135200645000054 ], [ 86.20355476800006, 28.133744207000063 ], [ 86.207345769000085, 28.133254020000038 ], [ 86.208542081000076, 28.132114770000044 ], [ 86.20998626800008, 28.128596645000073 ], [ 86.21254689400007, 28.126689083000031 ], [ 86.214583393000055, 28.123357082000041 ], [ 86.21588758200005, 28.118610770000032 ], [ 86.218410144000075, 28.115820645000042 ], [ 86.22060151900007, 28.114635082000063 ], [ 86.222220956000058, 28.111420145000068 ], [ 86.220866706000038, 28.108752395000067 ], [ 86.222335456000053, 28.105825457000037 ], [ 86.22318914400006, 28.101721645000055 ], [ 86.22435564400007, 28.099530708000032 ], [ 86.224896456000067, 28.095531208000068 ], [ 86.222584082000083, 28.095030832000077 ], [ 86.215359768000042, 28.095280707000029 ], [ 86.21211751900006, 28.095036520000065 ], [ 86.209795144000054, 28.093865707000077 ], [ 86.209375269000077, 28.092441895000036 ], [ 86.210146144000078, 28.089535832000024 ], [ 86.206795581000051, 28.084882208000067 ], [ 86.20662870700005, 28.083353770000031 ], [ 86.208123018000038, 28.078978582000047 ], [ 86.208685331000083, 28.076190895000025 ], [ 86.210453768000036, 28.074872145000029 ], [ 86.212002643000062, 28.072130770000058 ], [ 86.212615582000069, 28.068486020000023 ], [ 86.212038394000047, 28.065179520000072 ], [ 86.213405519000048, 28.061922582000079 ], [ 86.214177957000061, 28.058752520000041 ], [ 86.21573989400008, 28.055221395000046 ], [ 86.218766393000067, 28.052249145000076 ], [ 86.219270894000033, 28.049172270000042 ], [ 86.21775733100003, 28.046095207000064 ], [ 86.21969920600003, 28.044317020000051 ], [ 86.219775206000065, 28.041012083000055 ], [ 86.221527144000049, 28.036757770000065 ], [ 86.22352670600003, 28.035189707000029 ], [ 86.226673456000071, 28.033968770000058 ], [ 86.227785144000052, 28.028959395000072 ], [ 86.22528451900007, 28.024890833000029 ], [ 86.223581206000063, 28.023259020000069 ], [ 86.223176519000049, 28.019285707000051 ], [ 86.223416581000038, 28.016390020000074 ], [ 86.222365393000075, 28.010750270000074 ], [ 86.222597706000045, 28.00898270700003 ], [ 86.224805893000052, 28.003898333000052 ], [ 86.225225581000075, 28.000001832000066 ], [ 86.224613832000045, 27.997031394000032 ], [ 86.225248456000031, 27.992448082000067 ], [ 86.227594957000065, 27.987057582000034 ], [ 86.227494332000049, 27.985443832000044 ], [ 86.229136081000036, 27.980694520000043 ], [ 86.230406519000041, 27.979226082000025 ], [ 86.233641831000057, 27.977549645000067 ], [ 86.235400768000034, 27.974143457000025 ], [ 86.239774707000038, 27.972832020000055 ], [ 86.246080518000042, 27.974053520000041 ], [ 86.251181956000039, 27.976039770000057 ], [ 86.25230814300005, 27.975312645000031 ], [ 86.256188143000031, 27.977711770000042 ], [ 86.257762769000067, 27.97825277000004 ], [ 86.260590643000057, 27.978213832000051 ], [ 86.266548456000066, 27.979204645000038 ], [ 86.26878976900008, 27.980209332000072 ], [ 86.273778643000071, 27.979703270000073 ], [ 86.277434019000054, 27.978427457000066 ], [ 86.280480519000037, 27.978531395000061 ], [ 86.283448956000086, 27.976879520000068 ], [ 86.288672207000047, 27.977172833000054 ], [ 86.291163644000051, 27.978144645000043 ], [ 86.298951269000042, 27.972773957000072 ], [ 86.299292019000063, 27.971072269000047 ], [ 86.301465518000043, 27.968671332000042 ], [ 86.30224583100005, 27.966919895000046 ], [ 86.302004644000078, 27.960957582000049 ], [ 86.302366519000032, 27.960605145000045 ], [ 86.30477389400005, 27.959037958000067 ], [ 86.30643595600003, 27.955339207000065 ], [ 86.309268519000057, 27.956010082000034 ], [ 86.310289582000053, 27.955679020000048 ], [ 86.31241833100006, 27.952336833000061 ], [ 86.315683143000058, 27.949424395000051 ], [ 86.321157769000081, 27.947626145000072 ], [ 86.337723394000079, 27.964841145000037 ], [ 86.337523956000041, 27.961505395000074 ], [ 86.337883957000031, 27.959769770000037 ], [ 86.339716019000036, 27.955823332000023 ], [ 86.341859019000083, 27.953331333000051 ], [ 86.340016082000034, 27.949207020000074 ], [ 86.341116644000067, 27.948894145000054 ], [ 86.343499207000036, 27.946349145000056 ], [ 86.344484894000061, 27.943605708000064 ], [ 86.349582206000036, 27.938022957000044 ], [ 86.350754581000047, 27.937356082000065 ], [ 86.356958457000076, 27.940435707000063 ], [ 86.359960769000054, 27.941124333000062 ], [ 86.364765393000084, 27.941022520000047 ], [ 86.365987769000071, 27.940371582000068 ], [ 86.372447706000059, 27.940755395000053 ], [ 86.375598082000067, 27.940007082000079 ], [ 86.37864133100004, 27.938779894000049 ], [ 86.383711644000073, 27.93761358200004 ], [ 86.38596601900008, 27.934555082000031 ], [ 86.389667832000043, 27.931590957000026 ], [ 86.393266519000065, 27.92562758300005 ], [ 86.39540351900007, 27.925655020000079 ], [ 86.398996519000036, 27.924181583000063 ], [ 86.400721332000046, 27.922875957000031 ], [ 86.402664394000055, 27.920027895000032 ], [ 86.407806831000073, 27.916448957000057 ], [ 86.40884664400005, 27.914361832000054 ], [ 86.408727019000082, 27.912479520000034 ], [ 86.411336707000032, 27.909954582000069 ], [ 86.411806957000067, 27.907953020000036 ], [ 86.413153644000033, 27.906325145000039 ], [ 86.416721581000047, 27.90752939500004 ], [ 86.423743832000071, 27.908836020000024 ], [ 86.42903601900008, 27.908840020000071 ], [ 86.431619394000052, 27.909295145000044 ], [ 86.436528144000079, 27.908108207000055 ], [ 86.441734082000039, 27.907402833000049 ], [ 86.444858957000065, 27.905463707000024 ], [ 86.44593139400007, 27.908590769000057 ], [ 86.448875269000041, 27.912294019000058 ], [ 86.453361332000043, 27.914279395000051 ], [ 86.45727189400003, 27.914547582000068 ], [ 86.458269394000069, 27.915273519000039 ], [ 86.459081019000052, 27.918717582000056 ], [ 86.461850519000052, 27.92206333300004 ], [ 86.468952519000084, 27.927749770000048 ], [ 86.472288144000061, 27.92978652000005 ], [ 86.472497331000056, 27.934060832000057 ], [ 86.471869582000068, 27.93579802000005 ], [ 86.47002914400008, 27.938415082000063 ], [ 86.468847706000076, 27.941073020000033 ], [ 86.471790394000038, 27.945944457000053 ], [ 86.474134331000073, 27.946610082000063 ], [ 86.476145581000083, 27.947912832000043 ], [ 86.481988019000084, 27.948077082000054 ], [ 86.483937582000067, 27.947676020000074 ], [ 86.486428519000071, 27.950128957000061 ], [ 86.488655270000038, 27.951312770000072 ], [ 86.494733269000051, 27.952379894000046 ], [ 86.495892957000081, 27.952172019000045 ], [ 86.496281331000034, 27.954585520000023 ], [ 86.500123644000041, 27.956966395000052 ], [ 86.502276644000062, 27.956423645000029 ], [ 86.508758207000085, 27.956968145000076 ], [ 86.515210206000063, 27.956932332000065 ], [ 86.517982269000072, 27.956364457000063 ], [ 86.520633831000055, 27.952946332000067 ], [ 86.520979957000065, 27.950095583000063 ], [ 86.52234139400008, 27.943802832000074 ], [ 86.524145456000042, 27.940176395000037 ], [ 86.526208645000054, 27.939563020000037 ], [ 86.530868957000052, 27.941140333000078 ], [ 86.536139082000034, 27.941857645000027 ], [ 86.536898706000045, 27.941429270000071 ], [ 86.541227519000074, 27.935441833000027 ], [ 86.544480082000064, 27.933058707000043 ], [ 86.546573331000047, 27.932499270000051 ], [ 86.550219144000039, 27.930198457000074 ], [ 86.551134894000086, 27.928612957000041 ], [ 86.552205207000043, 27.918873457000075 ], [ 86.553001394000034, 27.916858957000045 ], [ 86.555840644000057, 27.911565708000069 ], [ 86.557132831000047, 27.906779583000059 ], [ 86.556665644000077, 27.902443645000062 ], [ 86.554165957000066, 27.898829895000063 ], [ 86.554694644000051, 27.89554858300005 ], [ 86.554678956000032, 27.891940645000034 ], [ 86.556238457000063, 27.888394144000074 ], [ 86.55703876900003, 27.885273894000079 ], [ 86.555690394000067, 27.881663895000031 ], [ 86.553675832000067, 27.877997582000035 ], [ 86.553442206000057, 27.875898395000036 ], [ 86.554361331000052, 27.873369708000041 ], [ 86.554929832000084, 27.867613333000065 ], [ 86.556215519000034, 27.864280270000052 ], [ 86.556865894000055, 27.86075564500004 ], [ 86.556518269000037, 27.856880333000049 ], [ 86.555436082000085, 27.854938645000061 ], [ 86.553278832000046, 27.849252395000065 ], [ 86.552556707000065, 27.848146645000043 ], [ 86.551555144000076, 27.841360707000035 ], [ 86.549756144000071, 27.837103894000052 ], [ 86.549524082000062, 27.834600770000065 ], [ 86.547811581000076, 27.831391082000039 ], [ 86.546256269000082, 27.826812333000078 ], [ 86.545946581000067, 27.821238083000026 ], [ 86.54314514400005, 27.81786683200005 ], [ 86.54276545700003, 27.814607333000026 ], [ 86.544839394000064, 27.810900207000032 ], [ 86.543147144000045, 27.808365207000065 ], [ 86.540541456000085, 27.807178707000048 ], [ 86.534338269000045, 27.806754020000028 ], [ 86.527154831000075, 27.80548639400007 ], [ 86.52495970700005, 27.805645832000039 ], [ 86.522948206000081, 27.807119082000042 ], [ 86.518446707000066, 27.806902645000037 ], [ 86.515498832000048, 27.806118395000055 ], [ 86.513077144000079, 27.806143707000047 ], [ 86.507770581000045, 27.808311269000058 ], [ 86.505687582000064, 27.808707770000069 ], [ 86.50344533100008, 27.810886207000067 ], [ 86.502526769000042, 27.813170832000026 ], [ 86.500000144000069, 27.813502457000027 ], [ 86.496760831000074, 27.811247832000049 ], [ 86.489077895000037, 27.808620270000063 ], [ 86.487828644000047, 27.809520457000076 ], [ 86.482575394000037, 27.811287895000078 ], [ 86.482833394000068, 27.813409894000074 ], [ 86.481564269000046, 27.820126832000028 ], [ 86.48087595700008, 27.820907207000062 ], [ 86.476141769000037, 27.82114658200004 ], [ 86.471927394000033, 27.825735770000051 ], [ 86.467196082000044, 27.823702645000026 ], [ 86.463768144000085, 27.822926708000068 ], [ 86.460938144000067, 27.822753270000078 ], [ 86.457353332000082, 27.823736520000068 ], [ 86.455619019000039, 27.828668894000032 ], [ 86.452384144000064, 27.832259520000036 ], [ 86.445743144000062, 27.830439270000056 ], [ 86.441085831000066, 27.828089582000075 ], [ 86.440577144000031, 27.826490020000051 ], [ 86.43805745700007, 27.823171957000056 ], [ 86.434241831000065, 27.819550707000076 ], [ 86.432248082000058, 27.81507270700007 ], [ 86.429637519000039, 27.814486582000029 ], [ 86.425903081000058, 27.814601957000036 ], [ 86.422122707000085, 27.813270707000072 ], [ 86.422465394000085, 27.808892582000055 ], [ 86.421423144000073, 27.802863707000029 ], [ 86.418893081000078, 27.800978082000029 ], [ 86.419789144000049, 27.799668645000054 ], [ 86.420337581000069, 27.796378895000032 ], [ 86.419850207000081, 27.793960270000071 ], [ 86.417337332000045, 27.791752083000063 ], [ 86.414589394000075, 27.791036395000049 ], [ 86.414722519000065, 27.78993358200006 ], [ 86.417252144000031, 27.788274582000042 ], [ 86.424589831000048, 27.786224957000059 ], [ 86.424544081000079, 27.785450770000068 ], [ 86.421847394000054, 27.783113269000069 ], [ 86.41856583200007, 27.777835394000078 ], [ 86.415520081000068, 27.774641020000047 ], [ 86.414263769000058, 27.76995376900004 ], [ 86.416236144000038, 27.767933645000028 ], [ 86.41570964400006, 27.765158332000055 ], [ 86.412714769000047, 27.760492958000043 ], [ 86.413719207000042, 27.755354957000065 ], [ 86.41500951900008, 27.751165832000027 ], [ 86.413478706000035, 27.749764895000055 ], [ 86.412936082000044, 27.747014332000049 ], [ 86.41957345700007, 27.742425770000068 ], [ 86.425433582000039, 27.740909144000057 ], [ 86.429332706000082, 27.73711645700007 ], [ 86.429930144000082, 27.733549332000052 ], [ 86.428670519000036, 27.729081020000024 ], [ 86.427771894000045, 27.722657832000039 ], [ 86.425789269000063, 27.718655832000024 ], [ 86.422826519000068, 27.715202520000048 ], [ 86.421509707000041, 27.716210144000058 ], [ 86.417395707000082, 27.716637394000031 ], [ 86.415345957000056, 27.717423019000023 ], [ 86.412389331000043, 27.717798582000057 ], [ 86.411456957000041, 27.718728770000041 ], [ 86.408981894000078, 27.716493395000043 ], [ 86.406260144000044, 27.715105395000023 ], [ 86.402815394000072, 27.714221832000078 ], [ 86.399010456000042, 27.712039270000048 ], [ 86.397356582000043, 27.710217894000039 ], [ 86.394977582000081, 27.70874989400005 ], [ 86.392801956000085, 27.706398332000049 ], [ 86.389129207000053, 27.704443895000054 ], [ 86.386740144000044, 27.702170145000025 ], [ 86.384498519000033, 27.70135014400006 ], [ 86.38081476900004, 27.694916582000076 ], [ 86.380713957000069, 27.693690894000042 ], [ 86.378163457000085, 27.692109019000043 ], [ 86.373188332000041, 27.692197145000023 ], [ 86.371508207000034, 27.691600644000061 ], [ 86.369500519000042, 27.692311332000031 ], [ 86.365891456000043, 27.691850332000058 ], [ 86.360573206000083, 27.691940957000043 ], [ 86.357076644000074, 27.693698270000027 ], [ 86.354287894000038, 27.693687644000079 ], [ 86.351381957000058, 27.691036270000041 ], [ 86.350540832000036, 27.688861707000058 ], [ 86.347375519000082, 27.686060207000025 ], [ 86.343280019000076, 27.684339582000064 ], [ 86.340591519000043, 27.681914644000074 ], [ 86.338414769000053, 27.675615832000062 ], [ 86.335590456000034, 27.672542582000062 ], [ 86.335918456000059, 27.671276082000077 ], [ 86.33503270600005, 27.668909394000025 ], [ 86.335441082000045, 27.667182957000023 ], [ 86.334731394000073, 27.665045019000047 ], [ 86.33254420600008, 27.661083519000044 ], [ 86.328508206000038, 27.656452019000028 ], [ 86.324629394000056, 27.654497082000034 ], [ 86.322932269000034, 27.652101645000073 ], [ 86.320332269000062, 27.649446707000038 ], [ 86.317525394000086, 27.647483332000036 ], [ 86.314078331000076, 27.645756020000078 ], [ 86.31344633100008, 27.64277445700003 ], [ 86.312003081000057, 27.64003258200006 ], [ 86.30930989400008, 27.63661202000003 ], [ 86.308153144000073, 27.63260120700005 ], [ 86.307824019000066, 27.629846769000039 ], [ 86.308351144000085, 27.62700858200003 ], [ 86.306786956000053, 27.624956457000053 ], [ 86.30555933200003, 27.622326145000045 ], [ 86.304532581000046, 27.618428707000078 ], [ 86.30545476900005, 27.616465769000058 ], [ 86.305012331000057, 27.615168394000079 ], [ 86.302777518000084, 27.614500582000062 ], [ 86.301599206000049, 27.612522582000054 ], [ 86.301016018000041, 27.610116582000046 ], [ 86.297272957000075, 27.608739332000027 ], [ 86.294714082000041, 27.60589451900006 ], [ 86.291213581000079, 27.603135207000037 ], [ 86.288636394000036, 27.602587269000026 ], [ 86.284410394000076, 27.604122457000074 ], [ 86.282771269000079, 27.603105394000067 ], [ 86.281286019000049, 27.600439644000062 ], [ 86.277404081000043, 27.598029957000051 ], [ 86.273832269000081, 27.596571770000025 ], [ 86.271285706000072, 27.594836770000029 ], [ 86.26915589400005, 27.596044082000049 ], [ 86.264334394000059, 27.598006457000054 ], [ 86.261712082000031, 27.597189270000058 ], [ 86.260917706000043, 27.594978269000023 ], [ 86.255889144000037, 27.593496082000058 ], [ 86.250910956000041, 27.592740457000048 ], [ 86.249785081000084, 27.590895394000029 ], [ 86.243191644000035, 27.589151582000056 ], [ 86.241249957000036, 27.588985207000064 ], [ 86.238109269000063, 27.586100207000072 ], [ 86.234047581000084, 27.585484457000064 ], [ 86.231399019000037, 27.584650769000064 ], [ 86.227980581000054, 27.585006332000034 ], [ 86.225703519000035, 27.584377707000044 ], [ 86.22415058100006, 27.582931707000057 ], [ 86.22246064400008, 27.582552207000049 ], [ 86.22065920700004, 27.583259645000055 ], [ 86.21785058100005, 27.58153352000005 ], [ 86.212648019000085, 27.581989207000049 ], [ 86.210671956000056, 27.580730207000045 ], [ 86.207523207000065, 27.580696457000045 ], [ 86.20518983200003, 27.580137145000037 ], [ 86.202955394000071, 27.577680644000054 ], [ 86.201019393000081, 27.576764707000052 ], [ 86.197711894000065, 27.573379145000047 ], [ 86.195551082000065, 27.572579207000047 ], [ 86.19338951900005, 27.570382457000051 ], [ 86.192596519000062, 27.567846207000059 ], [ 86.190712331000043, 27.566296395000052 ], [ 86.190702893000037, 27.564865832000066 ], [ 86.188711769000065, 27.561896082000032 ], [ 86.186750706000055, 27.558854394000036 ] ] ] } },
{ "type": "Feature", "properties": { "DISTRICT": "KABHREPALANCHOK", "STATE_CODE": 3, "PR_NAME": "Bagmati Province" }, "geometry": { "type": "Polygon", "coordinates": [ [ [ 85.716016893000074, 27.405532582000035 ], [ 85.714903581000044, 27.403396957000041 ], [ 85.714839768000047, 27.400988957000038 ], [ 85.713908831000083, 27.397004894000077 ], [ 85.709618331000058, 27.393732144000069 ], [ 85.707740643000079, 27.391354707000062 ], [ 85.706626331000052, 27.38914008200004 ], [ 85.704870019000055, 27.388176144000056 ], [ 85.70283289300005, 27.384991770000056 ], [ 85.702835268000058, 27.383674144000054 ], [ 85.70155926800004, 27.380961519000039 ], [ 85.701441393000039, 27.379202831000043 ], [ 85.700231581000082, 27.37756033200003 ], [ 85.700437144000034, 27.373839457000031 ], [ 85.698914581000054, 27.372715206000066 ], [ 85.698869205000051, 27.370113332000074 ], [ 85.699857394000048, 27.368461957000079 ], [ 85.697572081000033, 27.364117707000048 ], [ 85.698664830000041, 27.362600457000042 ], [ 85.703120455000033, 27.359383894000075 ], [ 85.705117893000079, 27.358831644000077 ], [ 85.706801518000077, 27.356442082000058 ], [ 85.706587144000082, 27.353687456000046 ], [ 85.707873330000041, 27.350721145000023 ], [ 85.706507268000053, 27.347782144000064 ], [ 85.705957643000033, 27.34458220700003 ], [ 85.702746956000055, 27.343399519000059 ], [ 85.701675206000061, 27.340808395000067 ], [ 85.697247581000056, 27.339562332000071 ], [ 85.69481458100006, 27.337903894000078 ], [ 85.689755456000057, 27.337414269000078 ], [ 85.688220394000041, 27.338505457000053 ], [ 85.686526706000052, 27.341526394000027 ], [ 85.683715893000056, 27.342158769000037 ], [ 85.682090519000042, 27.344914082000059 ], [ 85.680725393000046, 27.344704895000064 ], [ 85.677181269000073, 27.343028832000073 ], [ 85.674961019000079, 27.344167519000052 ], [ 85.673809831000085, 27.342602020000072 ], [ 85.674598518000039, 27.341404707000038 ], [ 85.671221331000083, 27.340000832000044 ], [ 85.669772393000073, 27.338353519000066 ], [ 85.666632956000058, 27.33815889400006 ], [ 85.664689081000063, 27.337018957000055 ], [ 85.663277768000057, 27.334566519000077 ], [ 85.659073706000072, 27.334774394000078 ], [ 85.652739018000034, 27.333531206000032 ], [ 85.652313081000045, 27.334828894000054 ], [ 85.647766330000081, 27.340448081000034 ], [ 85.644000643000084, 27.342557207000027 ], [ 85.645914893000054, 27.344193520000033 ], [ 85.64482270600007, 27.345805144000053 ], [ 85.64278433100003, 27.345257394000043 ], [ 85.641621456000053, 27.345950019000043 ], [ 85.644357769000067, 27.348192207000068 ], [ 85.644080643000052, 27.349527457000079 ], [ 85.641580144000045, 27.348514895000051 ], [ 85.640652393000039, 27.35156758200003 ], [ 85.639197519000049, 27.35289133200007 ], [ 85.637224643000081, 27.353305269000032 ], [ 85.635577080000076, 27.352246832000048 ], [ 85.637159206000035, 27.350985269000034 ], [ 85.635933643000044, 27.349030707000054 ], [ 85.634267519000048, 27.349027957000033 ], [ 85.633868394000046, 27.347449207000068 ], [ 85.631584831000055, 27.347323082000059 ], [ 85.625204518000032, 27.344552957000076 ], [ 85.620024706000038, 27.345120082000051 ], [ 85.616371831000038, 27.344244644000071 ], [ 85.613547456000049, 27.34266214400003 ], [ 85.610992018000047, 27.343681332000074 ], [ 85.608368518000077, 27.343819956000061 ], [ 85.601877205000051, 27.342836832000046 ], [ 85.601242581000065, 27.343929206000041 ], [ 85.59960176800007, 27.344411394000076 ], [ 85.595884331000036, 27.343363332000024 ], [ 85.593988768000031, 27.344133894000038 ], [ 85.589313268000069, 27.344874144000073 ], [ 85.588175644000046, 27.343305956000052 ], [ 85.585463205000053, 27.343486019000068 ], [ 85.583479143000034, 27.344181144000061 ], [ 85.580422518000034, 27.344377895000036 ], [ 85.579622394000069, 27.341811332000077 ], [ 85.57622170500008, 27.34153076900003 ], [ 85.572988768000073, 27.340234331000033 ], [ 85.570104705000062, 27.340872645000047 ], [ 85.567474643000082, 27.340741956000045 ], [ 85.568850080000061, 27.34282945700005 ], [ 85.56686764300008, 27.34448095700003 ], [ 85.565109831000086, 27.343142957000055 ], [ 85.565465768000081, 27.340958207000028 ], [ 85.564306643000066, 27.339617395000062 ], [ 85.561333018000084, 27.339067895000028 ], [ 85.559370143000081, 27.340297582000062 ], [ 85.557623831000058, 27.342332644000066 ], [ 85.557761580000033, 27.345149769000045 ], [ 85.555219643000044, 27.34584320600004 ], [ 85.554078580000066, 27.343527895000079 ], [ 85.552346018000037, 27.34328208200003 ], [ 85.551223081000046, 27.34562358200003 ], [ 85.54903033100004, 27.347414831000037 ], [ 85.542563643000051, 27.348850019000054 ], [ 85.542513394000082, 27.352206644000034 ], [ 85.541152768000075, 27.353938707000054 ], [ 85.538225581000063, 27.354217207000033 ], [ 85.535477143000037, 27.35643101900007 ], [ 85.529696268000066, 27.354014832000075 ], [ 85.527101143000039, 27.351799019000055 ], [ 85.525532831000078, 27.34973164400003 ], [ 85.522291643000074, 27.349374769000065 ], [ 85.516536955000049, 27.350062770000079 ], [ 85.513597956000069, 27.352219957000045 ], [ 85.511871831000065, 27.352763332000052 ], [ 85.506610455000043, 27.35607783100005 ], [ 85.506356268000047, 27.357652145000031 ], [ 85.508318706000068, 27.358875645000069 ], [ 85.510048331000064, 27.361384894000025 ], [ 85.512141581000037, 27.36350989400006 ], [ 85.51165745600008, 27.365505957000039 ], [ 85.508026581000081, 27.364481269000066 ], [ 85.507712018000063, 27.367936519000068 ], [ 85.505453081000041, 27.369746582000062 ], [ 85.503390206000063, 27.372592019000024 ], [ 85.499999894000041, 27.371608019000064 ], [ 85.49861426800004, 27.372712644000046 ], [ 85.498292206000031, 27.375024081000049 ], [ 85.495836143000076, 27.376137894000067 ], [ 85.493951706000075, 27.374328394000031 ], [ 85.489495643000055, 27.376183144000038 ], [ 85.486199018000036, 27.374927832000026 ], [ 85.483575393000081, 27.372589019000031 ], [ 85.481113768000057, 27.371304394000049 ], [ 85.47608776800007, 27.370734956000035 ], [ 85.474874893000049, 27.369845332000068 ], [ 85.47487695600006, 27.372667707000062 ], [ 85.477547205000064, 27.372680082000045 ], [ 85.479864518000056, 27.373808395000026 ], [ 85.481200393000051, 27.375768395000023 ], [ 85.480134518000057, 27.377810144000023 ], [ 85.477069393000079, 27.376333269000042 ], [ 85.475241205000032, 27.378074081000079 ], [ 85.474694268000064, 27.382950831000073 ], [ 85.47321633100006, 27.384238894000077 ], [ 85.472287080000058, 27.387982581000074 ], [ 85.47125126800006, 27.388496644000043 ], [ 85.468448706000061, 27.387682394000024 ], [ 85.466248581000059, 27.385632145000045 ], [ 85.464814580000052, 27.385760019000031 ], [ 85.463497706000055, 27.387441144000036 ], [ 85.463175643000056, 27.390576019000036 ], [ 85.461273830000039, 27.394679519000078 ], [ 85.458226268000033, 27.394318894000037 ], [ 85.45543058100003, 27.392103206000058 ], [ 85.452638081000032, 27.38770351900007 ], [ 85.450026706000074, 27.387922456000069 ], [ 85.448670830000083, 27.392396957000074 ], [ 85.449276956000062, 27.396086207000053 ], [ 85.447085456000082, 27.398667394000029 ], [ 85.445372893000069, 27.401832519000038 ], [ 85.442468018000056, 27.402737957000056 ], [ 85.435086580000075, 27.403051019000031 ], [ 85.434730331000083, 27.404730957000027 ], [ 85.436043081000037, 27.407323332000033 ], [ 85.435401893000062, 27.409306332000028 ], [ 85.434014768000054, 27.410202707000053 ], [ 85.431481768000083, 27.40967826900004 ], [ 85.42998626800005, 27.407658582000067 ], [ 85.429735268000059, 27.405391394000048 ], [ 85.424860018000061, 27.404462206000062 ], [ 85.423036955000043, 27.402761582000039 ], [ 85.421416205000071, 27.403576832000056 ], [ 85.421769393000034, 27.406036957000026 ], [ 85.42091470500003, 27.407997207000051 ], [ 85.420863705000045, 27.40939651900004 ], [ 85.419545956000036, 27.412020332000054 ], [ 85.416806143000031, 27.414157707000072 ], [ 85.414762705000044, 27.413815207000027 ], [ 85.41169564300003, 27.416666519000046 ], [ 85.41289120600004, 27.420074707000026 ], [ 85.412880956000038, 27.421800769000072 ], [ 85.414143580000029, 27.423911019000059 ], [ 85.415796330000035, 27.424532770000042 ], [ 85.416005518000077, 27.425918145000026 ], [ 85.414677768000047, 27.427332707000062 ], [ 85.414627393000046, 27.428885457000035 ], [ 85.412724831000048, 27.432575520000057 ], [ 85.413386831000082, 27.433678832000055 ], [ 85.415612518000046, 27.434500019000041 ], [ 85.417450580000036, 27.434377581000035 ], [ 85.416653393000047, 27.437050207000027 ], [ 85.414133206000031, 27.437179582000056 ], [ 85.413515456000084, 27.438264269000058 ], [ 85.415397268000049, 27.439233332000072 ], [ 85.417806644000052, 27.441708644000073 ], [ 85.419403580000051, 27.44200151900003 ], [ 85.420534143000054, 27.443248895000067 ], [ 85.419671956000059, 27.444843769000045 ], [ 85.412648643000068, 27.443617894000056 ], [ 85.411189580000041, 27.444034270000031 ], [ 85.410075518000042, 27.446606269000029 ], [ 85.408954080000058, 27.447220019000042 ], [ 85.410426143000052, 27.449562769000067 ], [ 85.412486393000052, 27.450096894000069 ], [ 85.414206268000044, 27.451735457000041 ], [ 85.414490706000038, 27.453657082000063 ], [ 85.415535830000067, 27.454844457000036 ], [ 85.418467330000055, 27.455696832000058 ], [ 85.419805705000044, 27.458442457000046 ], [ 85.420839330000035, 27.459070394000037 ], [ 85.423149893000073, 27.457844269000077 ], [ 85.424332643000071, 27.460618519000036 ], [ 85.427886081000054, 27.463354894000076 ], [ 85.431039768000062, 27.463807582000072 ], [ 85.434826331000068, 27.467676331000064 ], [ 85.438002955000059, 27.470080082000038 ], [ 85.439666518000081, 27.473320770000043 ], [ 85.442520706000039, 27.474933644000032 ], [ 85.443912706000049, 27.476250332000063 ], [ 85.444216830000073, 27.478428832000077 ], [ 85.445670393000057, 27.479900519000068 ], [ 85.44513283100008, 27.481210145000034 ], [ 85.442979768000043, 27.482935894000036 ], [ 85.442996893000043, 27.485609207000039 ], [ 85.441260643000078, 27.488027707000072 ], [ 85.441496769000082, 27.491639582000062 ], [ 85.441145143000085, 27.494553582000037 ], [ 85.441867893000051, 27.500459395000064 ], [ 85.44158995600003, 27.503936645000067 ], [ 85.442538393000063, 27.507004207000023 ], [ 85.44302226800005, 27.511511394000024 ], [ 85.445035706000056, 27.515271707000068 ], [ 85.443507768000075, 27.51787758200004 ], [ 85.443631331000063, 27.520655894000072 ], [ 85.44103351800004, 27.527442144000076 ], [ 85.441216455000074, 27.528857019000043 ], [ 85.442741643000033, 27.531882457000052 ], [ 85.441365893000068, 27.535650832000044 ], [ 85.440009581000083, 27.538444457000026 ], [ 85.439209830000038, 27.541313457000058 ], [ 85.436859705000074, 27.539081707000037 ], [ 85.433686268000031, 27.53853689400006 ], [ 85.431287893000047, 27.540772582000045 ], [ 85.427890518000083, 27.540139707000037 ], [ 85.425919143000044, 27.540854832000036 ], [ 85.422839080000074, 27.544613520000041 ], [ 85.418586206000043, 27.546452832000057 ], [ 85.418076330000076, 27.54799220700005 ], [ 85.414116268000043, 27.547861082000054 ], [ 85.41279839300006, 27.54477008200007 ], [ 85.408576518000075, 27.545679270000051 ], [ 85.40590301800006, 27.544948270000077 ], [ 85.404120143000057, 27.547168270000043 ], [ 85.403006081000058, 27.550879520000024 ], [ 85.401235393000036, 27.554119207000042 ], [ 85.39952751800007, 27.554840332000026 ], [ 85.398582206000071, 27.556302770000059 ], [ 85.396341955000082, 27.556911894000052 ], [ 85.39221783000005, 27.560247207000032 ], [ 85.389832456000079, 27.561462332000076 ], [ 85.389176206000059, 27.562777457000038 ], [ 85.391800268000054, 27.56513364400007 ], [ 85.39512908100005, 27.565750019000063 ], [ 85.39840020500003, 27.568307145000063 ], [ 85.399149830000056, 27.570122644000037 ], [ 85.401178768000079, 27.570544332000054 ], [ 85.403625830000067, 27.572486957000024 ], [ 85.404115705000038, 27.574124457000039 ], [ 85.403759893000085, 27.576709020000067 ], [ 85.405196706000083, 27.579374769000026 ], [ 85.404896330000042, 27.581236832000059 ], [ 85.407014331000084, 27.583661020000079 ], [ 85.408056893000037, 27.586980457000038 ], [ 85.406476581000049, 27.58835014400006 ], [ 85.408125518000077, 27.591158082000049 ], [ 85.405712581000046, 27.593619145000048 ], [ 85.406678644000067, 27.595748144000027 ], [ 85.406639580000046, 27.599827645000062 ], [ 85.40505945600006, 27.601134019000028 ], [ 85.406206706000035, 27.602124145000062 ], [ 85.410757268000054, 27.602285520000066 ], [ 85.413849643000049, 27.602894769000045 ], [ 85.41558264300005, 27.604519582000023 ], [ 85.415407893000065, 27.60688570700006 ], [ 85.417421768000054, 27.605782269000031 ], [ 85.419327893000059, 27.606250082000031 ], [ 85.419544205000079, 27.604560332000062 ], [ 85.418489080000086, 27.601349394000067 ], [ 85.417252518000055, 27.599178145000053 ], [ 85.418193956000039, 27.597255332000032 ], [ 85.420838830000037, 27.595811457000025 ], [ 85.423537643000031, 27.592571145000079 ], [ 85.426459831000045, 27.592757707000032 ], [ 85.429659206000053, 27.594592832000046 ], [ 85.43113826900003, 27.596896895000043 ], [ 85.43059751800007, 27.598301207000077 ], [ 85.428111331000082, 27.600212894000038 ], [ 85.429185143000041, 27.60280089400004 ], [ 85.432361143000037, 27.601252020000061 ], [ 85.435161643000072, 27.601168957000027 ], [ 85.434993893000069, 27.603498957000056 ], [ 85.437957393000033, 27.606247832000065 ], [ 85.437933268000052, 27.608043894000048 ], [ 85.436763518000078, 27.609617207000042 ], [ 85.433037330000047, 27.612832332000039 ], [ 85.431521831000055, 27.615392832000055 ], [ 85.429390143000035, 27.614837269000077 ], [ 85.423705268000049, 27.616556207000031 ], [ 85.422366143000033, 27.618383832000063 ], [ 85.422741331000054, 27.61992314400004 ], [ 85.424729206000052, 27.61988470700004 ], [ 85.428073269000038, 27.621294207000062 ], [ 85.430810143000031, 27.624505707000026 ], [ 85.436226831000056, 27.622690019000061 ], [ 85.438512956000068, 27.623036332000027 ], [ 85.440407143000073, 27.62464102000007 ], [ 85.442380331000038, 27.628403957000046 ], [ 85.44548495600003, 27.62923801900007 ], [ 85.449739581000074, 27.629689894000023 ], [ 85.452119830000072, 27.63297689500007 ], [ 85.45631301800006, 27.636851770000078 ], [ 85.457788268000058, 27.633330332000071 ], [ 85.460000706000073, 27.630394457000023 ], [ 85.461766455000031, 27.628733457000067 ], [ 85.461678206000045, 27.62752514400006 ], [ 85.462788080000053, 27.62507914400004 ], [ 85.465012518000037, 27.625109832000078 ], [ 85.466918081000074, 27.626253770000062 ], [ 85.469275518000074, 27.629696457000023 ], [ 85.47001539300004, 27.631414457000062 ], [ 85.471661268000048, 27.63240995700005 ], [ 85.472164956000086, 27.634074082000041 ], [ 85.475147268000057, 27.635547207000059 ], [ 85.479912206000051, 27.641644145000043 ], [ 85.479262831000085, 27.644554644000038 ], [ 85.480686080000055, 27.645168894000051 ], [ 85.481628018000038, 27.642923144000065 ], [ 85.483882768000058, 27.642312394000044 ], [ 85.485838206000039, 27.645377707000023 ], [ 85.488399643000037, 27.647626582000044 ], [ 85.494920081000032, 27.65146614400004 ], [ 85.496012643000086, 27.652812457000039 ], [ 85.493718268000066, 27.655923520000044 ], [ 85.493988893000051, 27.65793745700006 ], [ 85.494583331000058, 27.660099145000061 ], [ 85.496864268000081, 27.662179394000077 ], [ 85.497187893000046, 27.66594120700006 ], [ 85.49970533000004, 27.67011020700005 ], [ 85.499601205000033, 27.673434457000042 ], [ 85.502038706000064, 27.676312832000065 ], [ 85.503062768000063, 27.678153519000034 ], [ 85.505574519000049, 27.686437707000039 ], [ 85.505955143000051, 27.689431082000056 ], [ 85.508282830000041, 27.692477020000069 ], [ 85.509416331000068, 27.692764457000067 ], [ 85.512755581000079, 27.691532457000051 ], [ 85.516156893000073, 27.691776520000076 ], [ 85.518016331000069, 27.69247989400003 ], [ 85.522443018000047, 27.692737082000065 ], [ 85.52357408000006, 27.694055395000078 ], [ 85.523956144000067, 27.695778582000059 ], [ 85.522817893000081, 27.69852108200007 ], [ 85.524521768000056, 27.702769269000044 ], [ 85.523511081000038, 27.705914707000034 ], [ 85.523485956000059, 27.708748082000056 ], [ 85.522417331000042, 27.710166957000069 ], [ 85.523723830000051, 27.712610645000041 ], [ 85.523468643000058, 27.714523270000029 ], [ 85.521760081000082, 27.718274832000077 ], [ 85.524928455000065, 27.721288895000043 ], [ 85.52741608000008, 27.725376207000068 ], [ 85.527462277000041, 27.727080013000034 ], [ 85.526157456000078, 27.728000082000051 ], [ 85.525711580000063, 27.729953582000064 ], [ 85.526936584000055, 27.732094079000035 ], [ 85.527458768000031, 27.736304894000057 ], [ 85.528876333000085, 27.738388716000031 ], [ 85.53200914100006, 27.741156323000041 ], [ 85.534802648000039, 27.745650595000029 ], [ 85.537915937000037, 27.749146560000042 ], [ 85.539448893000042, 27.750261457000079 ], [ 85.539257961000033, 27.752028152000037 ], [ 85.540822906000074, 27.754672953000068 ], [ 85.54325626800005, 27.754265457000031 ], [ 85.546769768000047, 27.756145583000034 ], [ 85.549144034000051, 27.755581710000058 ], [ 85.552298393000058, 27.756677332000038 ], [ 85.551752455000042, 27.754262207000068 ], [ 85.556382019000068, 27.748905144000048 ], [ 85.559358269000086, 27.748130769000056 ], [ 85.564671268000041, 27.748305582000057 ], [ 85.566403206000075, 27.746620207000035 ], [ 85.569164706000038, 27.745656145000055 ], [ 85.569548268000062, 27.744586269000024 ], [ 85.572290206000048, 27.744558207000068 ], [ 85.574862644000063, 27.745543520000069 ], [ 85.57512408000008, 27.747718832000032 ], [ 85.576239956000052, 27.748783895000031 ], [ 85.578874331000065, 27.748526707000053 ], [ 85.580847018000043, 27.749379457000032 ], [ 85.584637831000066, 27.749368645000061 ], [ 85.586411331000079, 27.748046707000071 ], [ 85.589665768000032, 27.748079957000073 ], [ 85.591462456000045, 27.747466519000056 ], [ 85.592550519000042, 27.746051770000065 ], [ 85.596228393000047, 27.744306894000033 ], [ 85.599868080000078, 27.744321207000041 ], [ 85.603171019000058, 27.746285894000039 ], [ 85.605896643000051, 27.748537769000052 ], [ 85.612007643000084, 27.744265332000055 ], [ 85.613308769000071, 27.742620207000073 ], [ 85.614221081000039, 27.739809207000064 ], [ 85.614128706000031, 27.737592832000075 ], [ 85.615592768000056, 27.733156270000052 ], [ 85.618092644000058, 27.731489207000038 ], [ 85.624360143000047, 27.729913770000053 ], [ 85.62543445600005, 27.730068832000029 ], [ 85.627988143000039, 27.728393082000025 ], [ 85.632809706000046, 27.726593082000079 ], [ 85.636502268000072, 27.72371464500003 ], [ 85.638330893000045, 27.72142464500007 ], [ 85.641714143000058, 27.720670520000056 ], [ 85.644482331000063, 27.718728082000041 ], [ 85.646453394000048, 27.718045707000044 ], [ 85.651258769000037, 27.719843332000039 ], [ 85.655085018000079, 27.720451395000055 ], [ 85.656969268000068, 27.719919207000032 ], [ 85.65852114300003, 27.717283332000079 ], [ 85.65846414300006, 27.715676457000029 ], [ 85.660268143000053, 27.713997332000076 ], [ 85.665024956000082, 27.711983457000031 ], [ 85.667418956000063, 27.712410395000063 ], [ 85.670195706000072, 27.709571832000051 ], [ 85.672494956000037, 27.708147707000023 ], [ 85.673310143000037, 27.705145895000044 ], [ 85.678051081000035, 27.701396457000044 ], [ 85.681506144000082, 27.700529207000045 ], [ 85.682350330000077, 27.699366270000041 ], [ 85.681978019000042, 27.694694832000039 ], [ 85.684441268000057, 27.691832645000034 ], [ 85.682829581000078, 27.689509332000057 ], [ 85.683589206000079, 27.685105769000074 ], [ 85.686165643000038, 27.684333895000066 ], [ 85.688859581000031, 27.685151269000073 ], [ 85.69087126800008, 27.682422394000071 ], [ 85.690816143000063, 27.681120082000064 ], [ 85.68903608100004, 27.678276269000037 ], [ 85.690531706000058, 27.675831269000071 ], [ 85.691931643000032, 27.67476601900006 ], [ 85.694588268000075, 27.674759519000077 ], [ 85.695270893000043, 27.672099207000031 ], [ 85.696855081000081, 27.669138270000076 ], [ 85.695287643000086, 27.666583082000045 ], [ 85.696034393000048, 27.663718082000059 ], [ 85.697287144000086, 27.662118957000075 ], [ 85.699845456000048, 27.660678769000071 ], [ 85.701935144000061, 27.658471519000045 ], [ 85.70299439300004, 27.656396770000072 ], [ 85.706513768000036, 27.654396832000032 ], [ 85.70857926900004, 27.652040395000029 ], [ 85.707806019000031, 27.648522582000055 ], [ 85.707991893000042, 27.645697394000024 ], [ 85.709257455000056, 27.644806707000043 ], [ 85.709841081000036, 27.647618769000076 ], [ 85.710281580000071, 27.653369332000068 ], [ 85.712048268000046, 27.654696582000042 ], [ 85.714490393000062, 27.657634207000058 ], [ 85.715687269000057, 27.661765020000075 ], [ 85.717634081000085, 27.661300207000068 ], [ 85.72063601900004, 27.663381019000042 ], [ 85.721823143000051, 27.66529620700004 ], [ 85.72329439300006, 27.665878332000034 ], [ 85.725161893000063, 27.664171832000079 ], [ 85.724963143000082, 27.661209894000024 ], [ 85.727009768000073, 27.662101832000076 ], [ 85.72714583100003, 27.664812770000026 ], [ 85.728029893000041, 27.667284582000036 ], [ 85.732208144000083, 27.668705895000073 ], [ 85.733926893000046, 27.670438457000046 ], [ 85.733897143000036, 27.674724957000024 ], [ 85.737453456000082, 27.676487895000037 ], [ 85.739771393000069, 27.675028957000052 ], [ 85.741963393000049, 27.676508644000023 ], [ 85.746580456000061, 27.676807644000064 ], [ 85.74860770600003, 27.677498332000027 ], [ 85.75014995600003, 27.675684769000043 ], [ 85.752569956000059, 27.67579239500003 ], [ 85.752668080000035, 27.67356858200003 ], [ 85.754233518000035, 27.672989332000043 ], [ 85.755400393000059, 27.674606207000068 ], [ 85.756683768000073, 27.674572582000053 ], [ 85.761394081000049, 27.673256582000079 ], [ 85.762615580000045, 27.671347457000024 ], [ 85.765240831000085, 27.671736395000039 ], [ 85.768994644000031, 27.671289270000045 ], [ 85.769911893000085, 27.670537082000067 ], [ 85.771309331000054, 27.667472019000058 ], [ 85.775322269000071, 27.667096957000069 ], [ 85.780254081000066, 27.668611457000054 ], [ 85.783065144000034, 27.668151082000065 ], [ 85.789567956000042, 27.665331394000077 ], [ 85.792993331000048, 27.665313895000054 ], [ 85.794473581000034, 27.66473789500003 ], [ 85.796996768000042, 27.665971395000042 ], [ 85.803212893000079, 27.666187707000063 ], [ 85.804868018000036, 27.665719145000025 ], [ 85.809025456000086, 27.667140269000072 ], [ 85.812158456000077, 27.668624644000033 ], [ 85.814904143000035, 27.668781270000068 ], [ 85.818259956000077, 27.665353457000037 ], [ 85.819518893000065, 27.664554207000037 ], [ 85.822261705000074, 27.660644957000045 ], [ 85.822629206000045, 27.658757395000066 ], [ 85.824190206000083, 27.655379582000023 ], [ 85.821596768000063, 27.653304395000077 ], [ 85.818207956000037, 27.647799707000047 ], [ 85.81811226800005, 27.646154145000025 ], [ 85.819706456000063, 27.643810020000046 ], [ 85.821084831000064, 27.642738707000035 ], [ 85.82233276900007, 27.642934332000038 ], [ 85.825390269000081, 27.642161582000028 ], [ 85.828229768000085, 27.639936145000036 ], [ 85.830033956000079, 27.637471832000074 ], [ 85.833644518000085, 27.635264145000065 ], [ 85.836169893000033, 27.632586832000072 ], [ 85.838557456000046, 27.630950832000053 ], [ 85.84096170600003, 27.628507144000025 ], [ 85.842815206000068, 27.62757270700007 ], [ 85.844557269000063, 27.625838645000044 ], [ 85.852474581000081, 27.627037019000056 ], [ 85.854223081000043, 27.628136707000067 ], [ 85.858897581000065, 27.632299645000046 ], [ 85.86013951800004, 27.632303082000078 ], [ 85.862077706000036, 27.630026645000044 ], [ 85.864808019000066, 27.629719644000033 ], [ 85.867143769000052, 27.62781414400007 ], [ 85.86952139300007, 27.62851495700005 ], [ 85.870655519000081, 27.625225582000041 ], [ 85.873369644000036, 27.623117770000079 ], [ 85.874642143000074, 27.620129519000045 ], [ 85.877202331000035, 27.619866082000044 ], [ 85.87712814300005, 27.617606894000062 ], [ 85.87776001800006, 27.615978520000056 ], [ 85.880947769000045, 27.616579582000043 ], [ 85.882604831000037, 27.616189082000062 ], [ 85.88331308100004, 27.614290520000054 ], [ 85.87893383100004, 27.612610395000047 ], [ 85.876922456000045, 27.612630270000068 ], [ 85.875786581000057, 27.610628769000073 ], [ 85.873538831000076, 27.608661144000052 ], [ 85.871224643000062, 27.603358207000042 ], [ 85.870288893000065, 27.602236020000078 ], [ 85.868396456000085, 27.59803301900007 ], [ 85.865501644000062, 27.594588957000042 ], [ 85.861241894000045, 27.59259789400005 ], [ 85.859534893000045, 27.592762144000062 ], [ 85.858726456000056, 27.591595770000026 ], [ 85.854989769000042, 27.591201769000065 ], [ 85.853004519000081, 27.588076269000055 ], [ 85.853218831000049, 27.586767145000067 ], [ 85.849819893000074, 27.584906957000044 ], [ 85.847914956000068, 27.580362894000075 ], [ 85.849067519000073, 27.578989395000065 ], [ 85.844916893000061, 27.577727520000053 ], [ 85.843774706000033, 27.576840395000033 ], [ 85.84199433100008, 27.577348957000027 ], [ 85.840097394000054, 27.575638707000053 ], [ 85.838301956000066, 27.575686894000057 ], [ 85.835554831000081, 27.576719769000078 ], [ 85.833872519000067, 27.576304082000036 ], [ 85.831616206000035, 27.574026644000071 ], [ 85.830811581000034, 27.575581144000068 ], [ 85.828695956000047, 27.574988019000045 ], [ 85.829229144000067, 27.57297995700003 ], [ 85.827025644000059, 27.571007457000064 ], [ 85.826692581000032, 27.569980269000041 ], [ 85.825563831000068, 27.566868457000055 ], [ 85.825717331000078, 27.565024145000052 ], [ 85.827145456000039, 27.561613519000048 ], [ 85.828062894000084, 27.555685082000025 ], [ 85.830481081000073, 27.548566707000077 ], [ 85.830881956000042, 27.546446957000057 ], [ 85.829097518000083, 27.541590020000058 ], [ 85.827270456000065, 27.53933870700007 ], [ 85.827175081000064, 27.536427332000073 ], [ 85.825038956000071, 27.532575957000063 ], [ 85.822612706000086, 27.53030370700003 ], [ 85.821554956000057, 27.528031707000025 ], [ 85.821813894000059, 27.525495644000046 ], [ 85.818344831000047, 27.524015457000075 ], [ 85.820268831000078, 27.522700582000027 ], [ 85.821219893000034, 27.520411832000036 ], [ 85.821212768000066, 27.517575644000033 ], [ 85.819280456000058, 27.516018270000075 ], [ 85.817202269000063, 27.515231207000056 ], [ 85.814123393000045, 27.511331019000067 ], [ 85.810514393000062, 27.509513269000024 ], [ 85.808716081000057, 27.510750081000026 ], [ 85.807261081000036, 27.510712769000065 ], [ 85.807029831000079, 27.507576894000067 ], [ 85.805749394000031, 27.50634751900003 ], [ 85.802826831000061, 27.505891457000075 ], [ 85.802104144000054, 27.502117332000068 ], [ 85.800110644000085, 27.500035706000062 ], [ 85.801232019000054, 27.498768331000065 ], [ 85.804198706000079, 27.49740408200006 ], [ 85.804779268000061, 27.495775457000036 ], [ 85.804986706000079, 27.491623520000076 ], [ 85.806241831000079, 27.489375770000038 ], [ 85.808355581000058, 27.487778457000047 ], [ 85.810636394000085, 27.484395520000078 ], [ 85.810821456000042, 27.482531144000063 ], [ 85.809462956000061, 27.479324707000046 ], [ 85.812262956000041, 27.475682207000034 ], [ 85.815394018000063, 27.47455820700003 ], [ 85.816485330000035, 27.47292264400005 ], [ 85.815776206000066, 27.46752639400006 ], [ 85.817043768000076, 27.464010644000041 ], [ 85.815933706000067, 27.462818957000025 ], [ 85.813824706000048, 27.463182332000031 ], [ 85.811710331000086, 27.462029457000028 ], [ 85.811675831000059, 27.459202019000031 ], [ 85.811582893000036, 27.454866894000077 ], [ 85.817941331000043, 27.451514081000028 ], [ 85.820041644000071, 27.452278707000062 ], [ 85.823827206000033, 27.450740332000066 ], [ 85.819865081000046, 27.447419394000065 ], [ 85.817431269000053, 27.446214270000041 ], [ 85.811901456000044, 27.444551769000043 ], [ 85.809898144000044, 27.441396207000025 ], [ 85.805409268000062, 27.438422394000042 ], [ 85.801138393000031, 27.438638394000066 ], [ 85.798389456000052, 27.440070019000075 ], [ 85.797401518000072, 27.441473895000058 ], [ 85.793286331000047, 27.44314408200006 ], [ 85.791743581000048, 27.440883394000025 ], [ 85.791211894000071, 27.439028706000045 ], [ 85.788532081000085, 27.437906707000025 ], [ 85.788335581000069, 27.435635144000059 ], [ 85.786868455000047, 27.432605770000066 ], [ 85.78730970600003, 27.428733395000052 ], [ 85.786060893000069, 27.426969394000025 ], [ 85.785584206000067, 27.424657082000067 ], [ 85.78684770600006, 27.422129769000037 ], [ 85.786340893000045, 27.42098820700005 ], [ 85.78426995600006, 27.419465269000057 ], [ 85.781740206000052, 27.418486519000055 ], [ 85.780137455000045, 27.414634582000076 ], [ 85.781159831000082, 27.412825019000024 ], [ 85.778905143000031, 27.410124831000076 ], [ 85.77822476800003, 27.404318019000073 ], [ 85.775797393000062, 27.397922832000063 ], [ 85.773137519000045, 27.399196769000071 ], [ 85.769878956000071, 27.399928457000044 ], [ 85.767569331000061, 27.399727582000025 ], [ 85.765819706000059, 27.40031226900004 ], [ 85.763755894000042, 27.399944269000059 ], [ 85.760622769000065, 27.400304519000031 ], [ 85.756813394000062, 27.403377457000033 ], [ 85.748610143000064, 27.406392894000078 ], [ 85.746274206000066, 27.408088957000075 ], [ 85.740307831000052, 27.408829394000065 ], [ 85.736683268000036, 27.407612082000071 ], [ 85.732189831000085, 27.409703395000065 ], [ 85.730258081000045, 27.411623957000074 ], [ 85.727715206000084, 27.410745644000031 ], [ 85.723719394000057, 27.410018706000074 ], [ 85.718097206000039, 27.407225832000051 ], [ 85.716016893000074, 27.405532582000035 ] ] ] } },
{ "type": "Feature", "properties": { "DISTRICT": "KATHMANDU", "STATE_CODE": 3, "PR_NAME": "Bagmati Province" }, "geometry": { "type": "Polygon", "coordinates": [ [ [ 85.291969768000058, 27.635073519000059 ], [ 85.294742455000062, 27.634260269000038 ], [ 85.295768643000031, 27.628470394000033 ], [ 85.297219393000034, 27.626947457000028 ], [ 85.29501158100004, 27.625535457000069 ], [ 85.29528020500004, 27.620921333000069 ], [ 85.293970893000051, 27.618738332000078 ], [ 85.294574018000048, 27.615743270000053 ], [ 85.295945393000068, 27.612765895000052 ], [ 85.295334102000083, 27.611833066000031 ], [ 85.292785638000055, 27.612229090000028 ], [ 85.292684619000056, 27.611122249000061 ], [ 85.296082330000047, 27.608157520000077 ], [ 85.296565583000074, 27.606122395000057 ], [ 85.296219268000073, 27.603007707000074 ], [ 85.293526518000078, 27.601286582000057 ], [ 85.294102465000037, 27.597497592000025 ], [ 85.29363014300003, 27.597066582000025 ], [ 85.28999708200007, 27.597756895000032 ], [ 85.288804581000079, 27.596319520000065 ], [ 85.288147955000056, 27.593819020000069 ], [ 85.28679826900003, 27.595079208000072 ], [ 85.284378924000066, 27.59597242500007 ], [ 85.282182018000071, 27.595171583000024 ], [ 85.283980516000042, 27.59151571700005 ], [ 85.281972706000033, 27.589641332000042 ], [ 85.282496393000031, 27.587856395000074 ], [ 85.285902073000045, 27.587509024000042 ], [ 85.287130079000065, 27.585327213000028 ], [ 85.28334245700006, 27.585055457000067 ], [ 85.281683331000067, 27.582945457000051 ], [ 85.279465207000044, 27.582677082000032 ], [ 85.278196955000055, 27.581183895000038 ], [ 85.275308206000034, 27.578976832000023 ], [ 85.273812706000058, 27.576159082000061 ], [ 85.27165857600005, 27.574730342000066 ], [ 85.269286322000085, 27.570846589000041 ], [ 85.268171454000083, 27.570177839000053 ], [ 85.265300871000079, 27.570612249000078 ], [ 85.26306214300007, 27.573604020000062 ], [ 85.26201175500006, 27.577067768000063 ], [ 85.258351080000068, 27.57752064500005 ], [ 85.255273878000082, 27.578662512000051 ], [ 85.253896018000034, 27.577919644000076 ], [ 85.250399518000052, 27.578174582000031 ], [ 85.244873257000052, 27.577899331000026 ], [ 85.241987018000032, 27.580853707000074 ], [ 85.241000592000034, 27.584048267000071 ], [ 85.241457578000052, 27.589659840000024 ], [ 85.242084206000072, 27.59110720700005 ], [ 85.243564081000045, 27.591863332000059 ], [ 85.245231356000033, 27.594413706000068 ], [ 85.24386577100006, 27.597839565000072 ], [ 85.240038654000045, 27.601009896000051 ], [ 85.239725070000077, 27.602061830000025 ], [ 85.240371569000047, 27.608474928000078 ], [ 85.239364327000033, 27.611247758000047 ], [ 85.239936447000048, 27.613766145000056 ], [ 85.237777509000068, 27.619754213000078 ], [ 85.234560319000082, 27.621317077000072 ], [ 85.233674697000083, 27.623098323000079 ], [ 85.230437081000048, 27.624776332000067 ], [ 85.227164046000041, 27.624390357000038 ], [ 85.224893468000062, 27.625939960000039 ], [ 85.224174489000063, 27.628484539000056 ], [ 85.224746810000056, 27.631311005000043 ], [ 85.226106519000041, 27.632898581000063 ], [ 85.227714633000062, 27.636191973000052 ], [ 85.228576359000044, 27.640022112000054 ], [ 85.230179907000036, 27.642724328000043 ], [ 85.233299376000048, 27.64560033500004 ], [ 85.233789523000041, 27.647622014000035 ], [ 85.235439634000045, 27.649540844000057 ], [ 85.233606143000031, 27.651998394000032 ], [ 85.230078393000042, 27.654376145000072 ], [ 85.228501830000084, 27.654775957000027 ], [ 85.22597783100008, 27.654019895000033 ], [ 85.223721893000061, 27.654229332000057 ], [ 85.222315581000032, 27.656565644000068 ], [ 85.218049455000084, 27.658597644000054 ], [ 85.215331831000071, 27.660439957000051 ], [ 85.21210301800005, 27.664757270000052 ], [ 85.207450392000055, 27.666088520000073 ], [ 85.205770518000065, 27.669458020000036 ], [ 85.200096018000067, 27.672151520000057 ], [ 85.195730080000033, 27.675528457000041 ], [ 85.192402893000065, 27.67738008200007 ], [ 85.191104705000043, 27.679609145000029 ], [ 85.190925142000083, 27.681158394000079 ], [ 85.194059393000032, 27.685095519000072 ], [ 85.194375955000055, 27.689729269000054 ], [ 85.195074892000036, 27.691936582000039 ], [ 85.196806643000059, 27.694074020000073 ], [ 85.195217705000061, 27.69725539500007 ], [ 85.197600893000072, 27.70112001900003 ], [ 85.199273580000067, 27.706939957000031 ], [ 85.198773268000082, 27.709056082000075 ], [ 85.202266080000072, 27.70801952000005 ], [ 85.200971581000033, 27.710131270000034 ], [ 85.202844018000064, 27.711942519000047 ], [ 85.201047580000079, 27.713657019000038 ], [ 85.200489080000068, 27.716247457000065 ], [ 85.202363143000071, 27.716811020000023 ], [ 85.203135205000081, 27.718895769000028 ], [ 85.204331768000031, 27.719805894000046 ], [ 85.207524143000057, 27.718164895000029 ], [ 85.209392768000043, 27.720125020000069 ], [ 85.209853518000045, 27.722471895000069 ], [ 85.213388893000058, 27.72112558200007 ], [ 85.21760776800005, 27.721176519000039 ], [ 85.219639268000037, 27.72197314400006 ], [ 85.220968455000047, 27.724646207000035 ], [ 85.222577518000037, 27.726601644000027 ], [ 85.223841955000069, 27.727953207000041 ], [ 85.22241195600003, 27.731819332000043 ], [ 85.220161080000082, 27.733885583000074 ], [ 85.21780814300007, 27.734418457000061 ], [ 85.21588739200007, 27.736876519000077 ], [ 85.222190830000045, 27.735410832000071 ], [ 85.225388706000047, 27.737304832000063 ], [ 85.227775143000031, 27.737725957000066 ], [ 85.229537205000042, 27.738935394000066 ], [ 85.234087893000037, 27.740747082000041 ], [ 85.237170830000082, 27.740859457000056 ], [ 85.238172893000069, 27.743749645000037 ], [ 85.23971801700003, 27.745048832000066 ], [ 85.241793456000039, 27.744468519000065 ], [ 85.247204643000032, 27.744142269000065 ], [ 85.248913517000062, 27.744334395000067 ], [ 85.251857892000032, 27.746568457000023 ], [ 85.253337331000068, 27.748698457000046 ], [ 85.254796393000049, 27.747825583000065 ], [ 85.255044643000076, 27.746259832000078 ], [ 85.257400330000053, 27.744636582000055 ], [ 85.259110830000054, 27.745029332000058 ], [ 85.265538393000043, 27.74492783200003 ], [ 85.269416206000074, 27.745454020000068 ], [ 85.271040018000065, 27.747871270000076 ], [ 85.271302143000071, 27.750131770000053 ], [ 85.270824642000036, 27.754438582000034 ], [ 85.271495581000067, 27.75690064500003 ], [ 85.27248626800008, 27.758130207000079 ], [ 85.272404830000085, 27.759410082000045 ], [ 85.27029433000007, 27.763264894000031 ], [ 85.267700518000083, 27.76372189500006 ], [ 85.265265956000064, 27.766221395000059 ], [ 85.265809955000066, 27.768131894000078 ], [ 85.26543201800007, 27.770382457000039 ], [ 85.262855143000081, 27.771222770000065 ], [ 85.260082580000073, 27.771491707000052 ], [ 85.259042455000042, 27.773188832000073 ], [ 85.257247268000071, 27.772812520000059 ], [ 85.253819268000086, 27.774763645000064 ], [ 85.25487070500003, 27.775426457000037 ], [ 85.257708143000059, 27.779355645000066 ], [ 85.25969051800007, 27.779955770000072 ], [ 85.261375643000065, 27.778419832000054 ], [ 85.262948831000074, 27.778457269000057 ], [ 85.26948920600006, 27.781028020000065 ], [ 85.274615393000033, 27.786413582000023 ], [ 85.278391080000063, 27.790814207000039 ], [ 85.281016643000044, 27.793174582000063 ], [ 85.282284705000052, 27.794430770000076 ], [ 85.286548893000031, 27.800789457000064 ], [ 85.28892645600007, 27.802251770000055 ], [ 85.293164205000039, 27.804222332000052 ], [ 85.294011331000036, 27.80553208200007 ], [ 85.293989643000032, 27.808735833000071 ], [ 85.296941455000081, 27.81003252000005 ], [ 85.299723518000064, 27.811982707000027 ], [ 85.302257455000074, 27.812536394000063 ], [ 85.305047393000052, 27.810996207000073 ], [ 85.30867476800006, 27.810366270000031 ], [ 85.312425205000068, 27.813168832000031 ], [ 85.320170956000084, 27.813329645000067 ], [ 85.326467643000058, 27.814469520000046 ], [ 85.330733143000032, 27.814618019000079 ], [ 85.334530080000036, 27.814940082000078 ], [ 85.338714393000032, 27.813329395000039 ], [ 85.341502081000044, 27.812785645000076 ], [ 85.346630081000058, 27.80859808200006 ], [ 85.349358331000076, 27.808645894000051 ], [ 85.355557830000066, 27.809927520000031 ], [ 85.359213581000063, 27.811351269000056 ], [ 85.36396626800007, 27.813792894000073 ], [ 85.367178393000074, 27.811791582000069 ], [ 85.372337143000038, 27.809378332000051 ], [ 85.375105705000067, 27.808897270000045 ], [ 85.38398126800007, 27.811838520000038 ], [ 85.387884331000066, 27.812029457000051 ], [ 85.390128768000068, 27.814572019000025 ], [ 85.394028268000056, 27.817009832000053 ], [ 85.396793393000053, 27.81501464400003 ], [ 85.399553769000079, 27.81399176900004 ], [ 85.404431955000064, 27.813093957000035 ], [ 85.406991831000084, 27.811342020000041 ], [ 85.40933489300005, 27.811575333000064 ], [ 85.413695955000037, 27.809741707000057 ], [ 85.415962393000086, 27.809939582000027 ], [ 85.422977580000065, 27.809307957000044 ], [ 85.431352018000041, 27.811621833000061 ], [ 85.433331205000059, 27.812972957000056 ], [ 85.438460143000043, 27.810821520000047 ], [ 85.441835455000046, 27.813220582000042 ], [ 85.44556014300008, 27.813443332000077 ], [ 85.449591455000075, 27.814969019000046 ], [ 85.450862081000082, 27.817401207000046 ], [ 85.452419956000085, 27.816674145000036 ], [ 85.452680643000065, 27.81385814500004 ], [ 85.453605518000074, 27.811141207000048 ], [ 85.455510580000066, 27.808820082000068 ], [ 85.458798768000065, 27.808047582000029 ], [ 85.460707581000065, 27.80521195700004 ], [ 85.464135393000049, 27.804552957000055 ], [ 85.465911080000069, 27.802819582000041 ], [ 85.46852464300008, 27.798462520000044 ], [ 85.470225456000037, 27.796551582000063 ], [ 85.470452143000045, 27.79129726900004 ], [ 85.470155581000085, 27.789899395000077 ], [ 85.470909205000055, 27.787317270000074 ], [ 85.470081830000083, 27.783517957000072 ], [ 85.473108768000031, 27.780929644000025 ], [ 85.473803643000053, 27.778898582000068 ], [ 85.476744018000034, 27.777567770000076 ], [ 85.479156200000034, 27.778451133000033 ], [ 85.481695574000071, 27.78020758200006 ], [ 85.48554895500007, 27.780541520000043 ], [ 85.490748896000071, 27.779508699000075 ], [ 85.495444956000085, 27.784017332000076 ], [ 85.500000018000037, 27.786165270000026 ], [ 85.503267018000031, 27.784686958000066 ], [ 85.506106693000049, 27.784494337000069 ], [ 85.508156007000082, 27.78593776200006 ], [ 85.511535817000038, 27.785956185000032 ], [ 85.513969638000049, 27.786706528000025 ], [ 85.517973080000047, 27.786584832000074 ], [ 85.520488580000062, 27.787915769000051 ], [ 85.526056455000059, 27.789387520000048 ], [ 85.53163801900007, 27.789826020000078 ], [ 85.533363080000072, 27.791834145000053 ], [ 85.535769456000082, 27.791658832000053 ], [ 85.53965164300007, 27.78805195700005 ], [ 85.540761459000066, 27.787908025000036 ], [ 85.54273039800006, 27.785907407000025 ], [ 85.544018893000043, 27.78599545700007 ], [ 85.549357143000066, 27.783563207000043 ], [ 85.549630705000084, 27.782544082000072 ], [ 85.553492081000059, 27.780755020000072 ], [ 85.55684095600003, 27.776614019000078 ], [ 85.557231019000085, 27.774107145000073 ], [ 85.56121489800006, 27.768716144000052 ], [ 85.561863266000046, 27.766983455000059 ], [ 85.565823511000076, 27.765310029000034 ], [ 85.568028768000033, 27.763954457000068 ], [ 85.568058201000042, 27.760451139000054 ], [ 85.567295519000083, 27.759209208000073 ], [ 85.566464893000045, 27.754830645000027 ], [ 85.565338590000067, 27.754805397000041 ], [ 85.562434019000079, 27.757274895000023 ], [ 85.560337205000053, 27.756316832000039 ], [ 85.552298393000058, 27.756677332000038 ], [ 85.549144034000051, 27.755581710000058 ], [ 85.546769768000047, 27.756145583000034 ], [ 85.54325626800005, 27.754265457000031 ], [ 85.540822906000074, 27.754672953000068 ], [ 85.539257961000033, 27.752028152000037 ], [ 85.539448893000042, 27.750261457000079 ], [ 85.537915937000037, 27.749146560000042 ], [ 85.534802648000039, 27.745650595000029 ], [ 85.53200914100006, 27.741156323000041 ], [ 85.528876333000085, 27.738388716000031 ], [ 85.527458768000031, 27.736304894000057 ], [ 85.526936584000055, 27.732094079000035 ], [ 85.525711580000063, 27.729953582000064 ], [ 85.526157456000078, 27.728000082000051 ], [ 85.527462277000041, 27.727080013000034 ], [ 85.52741608000008, 27.725376207000068 ], [ 85.526069153000037, 27.726602698000079 ], [ 85.522281702000043, 27.728428023000049 ], [ 85.514514464000058, 27.727627449000067 ], [ 85.511710712000081, 27.725684207000029 ], [ 85.507453206000037, 27.725103645000047 ], [ 85.50591227700005, 27.72380563400003 ], [ 85.502275331000078, 27.722974457000078 ], [ 85.500000143000079, 27.723628832000031 ], [ 85.499109518000068, 27.72234583200003 ], [ 85.494543518000057, 27.720443770000031 ], [ 85.489941156000043, 27.719771455000057 ], [ 85.489017269000044, 27.718617270000038 ], [ 85.486724518000074, 27.718271958000059 ], [ 85.48254389300007, 27.718686770000033 ], [ 85.478606205000062, 27.717237644000079 ], [ 85.47731320500003, 27.715496270000074 ], [ 85.474878517000036, 27.716742771000042 ], [ 85.472068268000044, 27.717307395000034 ], [ 85.471912387000032, 27.719244703000072 ], [ 85.470950018000053, 27.720353644000056 ], [ 85.467273480000074, 27.720338507000065 ], [ 85.466135143000031, 27.718861582000045 ], [ 85.464740018000043, 27.718519895000043 ], [ 85.461336955000036, 27.720550213000024 ], [ 85.458626768000045, 27.719597457000077 ], [ 85.455007321000039, 27.72205176500006 ], [ 85.453711268000063, 27.721537457000068 ], [ 85.450610275000031, 27.724288526000066 ], [ 85.447991218000084, 27.725270030000047 ], [ 85.44580858300003, 27.724309466000079 ], [ 85.442668956000034, 27.726124520000042 ], [ 85.438920980000034, 27.727526182000076 ], [ 85.437466956000037, 27.726609519000078 ], [ 85.435751768000046, 27.726656707000075 ], [ 85.433328080000081, 27.725506395000025 ], [ 85.430446506000067, 27.72511208700007 ], [ 85.429369455000085, 27.723692957000026 ], [ 85.42654833000006, 27.723067644000025 ], [ 85.424931205000064, 27.723783769000079 ], [ 85.423117956000056, 27.723159457000065 ], [ 85.42243226800008, 27.719703457000037 ], [ 85.419492331000072, 27.719634395000071 ], [ 85.418174393000072, 27.720250270000065 ], [ 85.417547268000078, 27.716502645000048 ], [ 85.416338331000077, 27.716043457000069 ], [ 85.414204080000047, 27.717400895000026 ], [ 85.412249581000083, 27.715785207000067 ], [ 85.414512019000085, 27.713217220000047 ], [ 85.413320456000065, 27.711244082000064 ], [ 85.410245529000065, 27.71150327600003 ], [ 85.408156491000057, 27.709618181000053 ], [ 85.405798643000082, 27.708216332000063 ], [ 85.404594768000038, 27.705464832000075 ], [ 85.403125831000068, 27.70467883200007 ], [ 85.400774143000035, 27.704734207000058 ], [ 85.398911268000063, 27.703417458000047 ], [ 85.398430143000041, 27.701615207000032 ], [ 85.397111706000032, 27.700847832000079 ], [ 85.395916831000079, 27.70221358200007 ], [ 85.394002830000034, 27.702801457000078 ], [ 85.391575080000052, 27.702205457000048 ], [ 85.39052339300008, 27.700776645000076 ], [ 85.39200758100003, 27.697637019000069 ], [ 85.391497081000068, 27.696604270000023 ], [ 85.387515768000071, 27.696416457000055 ], [ 85.386938643000065, 27.69533020700004 ], [ 85.387343143000066, 27.692941519000044 ], [ 85.385558705000051, 27.692587144000072 ], [ 85.383016018000035, 27.694013582000025 ], [ 85.380254580000042, 27.692964957000072 ], [ 85.37914664300007, 27.694406394000055 ], [ 85.377796018000083, 27.694334082000069 ], [ 85.378071331000058, 27.690773519000061 ], [ 85.376630643000055, 27.690490020000027 ], [ 85.375182893000044, 27.692070145000059 ], [ 85.373257893000073, 27.691112394000072 ], [ 85.372332706000066, 27.688930895000055 ], [ 85.370172955000044, 27.688453644000049 ], [ 85.36757483100007, 27.686148769000056 ], [ 85.36448051800005, 27.683986395000034 ], [ 85.363525581000033, 27.682247269000072 ], [ 85.361803143000031, 27.681355020000069 ], [ 85.359782456000062, 27.682622520000052 ], [ 85.358750331000067, 27.681551957000067 ], [ 85.357202143000052, 27.678248394000036 ], [ 85.358441893000077, 27.676237395000044 ], [ 85.355738080000037, 27.671591395000064 ], [ 85.355351143000064, 27.669343582000067 ], [ 85.354286955000077, 27.667713769000045 ], [ 85.351268268000069, 27.66839077000003 ], [ 85.345907830000044, 27.671481957000026 ], [ 85.342245393000042, 27.674448145000042 ], [ 85.336857393000059, 27.677767207000045 ], [ 85.333347268000068, 27.679432145000078 ], [ 85.331852018000063, 27.681055207000043 ], [ 85.330436518000056, 27.684134832000041 ], [ 85.327572205000081, 27.686368769000069 ], [ 85.323777580000069, 27.686590144000036 ], [ 85.321046956000032, 27.687464457000033 ], [ 85.315985018000049, 27.690867519000051 ], [ 85.310417518000065, 27.693088457000044 ], [ 85.309059643000069, 27.693254707000051 ], [ 85.305279956000049, 27.691733644000067 ], [ 85.30411626800003, 27.68947270700005 ], [ 85.302855456000032, 27.685425770000052 ], [ 85.301949143000058, 27.684396457000048 ], [ 85.301637705000076, 27.678968895000025 ], [ 85.300027018000037, 27.676450269000043 ], [ 85.295381768000084, 27.674106957000049 ], [ 85.293924268000069, 27.672626895000064 ], [ 85.294330393000052, 27.670371519000071 ], [ 85.295714893000081, 27.668883019000077 ], [ 85.299279143000035, 27.668292395000037 ], [ 85.299959331000082, 27.666560082000046 ], [ 85.298628018000045, 27.664341207000064 ], [ 85.299260705000052, 27.660892457000045 ], [ 85.296538956000063, 27.659261895000043 ], [ 85.295649956000034, 27.655482144000075 ], [ 85.290753893000044, 27.651866082000026 ], [ 85.289105955000082, 27.648382144000038 ], [ 85.289890205000063, 27.644877832000077 ], [ 85.288552330000073, 27.644055457000036 ], [ 85.286187393000034, 27.644991207000032 ], [ 85.284758396000086, 27.644395269000029 ], [ 85.28564558000005, 27.641124644000058 ], [ 85.289394628000082, 27.636807646000079 ], [ 85.291969768000058, 27.635073519000059 ] ] ] } },
{ "type": "Feature", "properties": { "DISTRICT": "LALITPUR", "STATE_CODE": 3, "PR_NAME": "Bagmati Province" }, "geometry": { "type": "Polygon", "coordinates": [ [ [ 85.41279839300006, 27.54477008200007 ], [ 85.414116268000043, 27.547861082000054 ], [ 85.418076330000076, 27.54799220700005 ], [ 85.418586206000043, 27.546452832000057 ], [ 85.422839080000074, 27.544613520000041 ], [ 85.425919143000044, 27.540854832000036 ], [ 85.427890518000083, 27.540139707000037 ], [ 85.431287893000047, 27.540772582000045 ], [ 85.433686268000031, 27.53853689400006 ], [ 85.436859705000074, 27.539081707000037 ], [ 85.439209830000038, 27.541313457000058 ], [ 85.440009581000083, 27.538444457000026 ], [ 85.441365893000068, 27.535650832000044 ], [ 85.442741643000033, 27.531882457000052 ], [ 85.441216455000074, 27.528857019000043 ], [ 85.44103351800004, 27.527442144000076 ], [ 85.443631331000063, 27.520655894000072 ], [ 85.443507768000075, 27.51787758200004 ], [ 85.445035706000056, 27.515271707000068 ], [ 85.44302226800005, 27.511511394000024 ], [ 85.442538393000063, 27.507004207000023 ], [ 85.44158995600003, 27.503936645000067 ], [ 85.441867893000051, 27.500459395000064 ], [ 85.441145143000085, 27.494553582000037 ], [ 85.441496769000082, 27.491639582000062 ], [ 85.441260643000078, 27.488027707000072 ], [ 85.442996893000043, 27.485609207000039 ], [ 85.442979768000043, 27.482935894000036 ], [ 85.44513283100008, 27.481210145000034 ], [ 85.445670393000057, 27.479900519000068 ], [ 85.444216830000073, 27.478428832000077 ], [ 85.443912706000049, 27.476250332000063 ], [ 85.442520706000039, 27.474933644000032 ], [ 85.439666518000081, 27.473320770000043 ], [ 85.438002955000059, 27.470080082000038 ], [ 85.434826331000068, 27.467676331000064 ], [ 85.431039768000062, 27.463807582000072 ], [ 85.427886081000054, 27.463354894000076 ], [ 85.424332643000071, 27.460618519000036 ], [ 85.423149893000073, 27.457844269000077 ], [ 85.420839330000035, 27.459070394000037 ], [ 85.419805705000044, 27.458442457000046 ], [ 85.418467330000055, 27.455696832000058 ], [ 85.415535830000067, 27.454844457000036 ], [ 85.414490706000038, 27.453657082000063 ], [ 85.414206268000044, 27.451735457000041 ], [ 85.412486393000052, 27.450096894000069 ], [ 85.410426143000052, 27.449562769000067 ], [ 85.408954080000058, 27.447220019000042 ], [ 85.410075518000042, 27.446606269000029 ], [ 85.411189580000041, 27.444034270000031 ], [ 85.412648643000068, 27.443617894000056 ], [ 85.419671956000059, 27.444843769000045 ], [ 85.420534143000054, 27.443248895000067 ], [ 85.419403580000051, 27.44200151900003 ], [ 85.417806644000052, 27.441708644000073 ], [ 85.415397268000049, 27.439233332000072 ], [ 85.413515456000084, 27.438264269000058 ], [ 85.414133206000031, 27.437179582000056 ], [ 85.416653393000047, 27.437050207000027 ], [ 85.417450580000036, 27.434377581000035 ], [ 85.415612518000046, 27.434500019000041 ], [ 85.413386831000082, 27.433678832000055 ], [ 85.412724831000048, 27.432575520000057 ], [ 85.414627393000046, 27.428885457000035 ], [ 85.414677768000047, 27.427332707000062 ], [ 85.416005518000077, 27.425918145000026 ], [ 85.415796330000035, 27.424532770000042 ], [ 85.414143580000029, 27.423911019000059 ], [ 85.412880956000038, 27.421800769000072 ], [ 85.41289120600004, 27.420074707000026 ], [ 85.41169564300003, 27.416666519000046 ], [ 85.414762705000044, 27.413815207000027 ], [ 85.416806143000031, 27.414157707000072 ], [ 85.419545956000036, 27.412020332000054 ], [ 85.420863705000045, 27.40939651900004 ], [ 85.42091470500003, 27.407997207000051 ], [ 85.417420956000058, 27.407457457000078 ], [ 85.416243018000046, 27.404597332000037 ], [ 85.413622768000039, 27.406239332000041 ], [ 85.411741393000057, 27.406303519000062 ], [ 85.410290831000054, 27.405203644000039 ], [ 85.409498205000034, 27.403350332000059 ], [ 85.406336643000031, 27.405327082000042 ], [ 85.401071580000064, 27.403992519000042 ], [ 85.399161018000086, 27.40564964500004 ], [ 85.398790831000042, 27.409175269000059 ], [ 85.397199330000035, 27.410838206000051 ], [ 85.395117581000079, 27.410398832000055 ], [ 85.391809205000072, 27.408405832000028 ], [ 85.390351581000061, 27.407691644000067 ], [ 85.387128956000083, 27.407753082000056 ], [ 85.386002081000072, 27.408617082000035 ], [ 85.386751768000067, 27.410547707000035 ], [ 85.386298518000046, 27.412921145000041 ], [ 85.381767768000032, 27.415398332000052 ], [ 85.379586456000084, 27.417836269000077 ], [ 85.377451955000083, 27.417895707000071 ], [ 85.374182768000082, 27.418862082000032 ], [ 85.371180956000046, 27.421890082000061 ], [ 85.371024456000043, 27.424059769000053 ], [ 85.367961581000031, 27.424651707000066 ], [ 85.359554580000065, 27.428549144000044 ], [ 85.358213518000071, 27.428738207000038 ], [ 85.354387206000069, 27.429628269000034 ], [ 85.351870706000057, 27.431038019000027 ], [ 85.348864955000067, 27.428562769000052 ], [ 85.347210206000057, 27.430460395000068 ], [ 85.342904518000068, 27.432652144000031 ], [ 85.341094955000074, 27.432678582000051 ], [ 85.338011206000033, 27.431740331000071 ], [ 85.33624820600005, 27.433167332000039 ], [ 85.335209330000055, 27.435832832000074 ], [ 85.332279830000061, 27.437733520000052 ], [ 85.327628018000041, 27.438156894000031 ], [ 85.325396517000058, 27.437648019000051 ], [ 85.320041081000056, 27.435735957000077 ], [ 85.317440456000043, 27.436132832000055 ], [ 85.316808206000076, 27.43783320700004 ], [ 85.318454206000069, 27.440252082000029 ], [ 85.31555508100007, 27.44464745700003 ], [ 85.312472581000065, 27.446012207000024 ], [ 85.307427706000055, 27.445152644000075 ], [ 85.304102580000063, 27.446059269000045 ], [ 85.300514018000058, 27.449253707000025 ], [ 85.299170143000083, 27.450902019000068 ], [ 85.295359581000071, 27.452275520000057 ], [ 85.292609018000064, 27.451617394000039 ], [ 85.288848705000078, 27.451722207000046 ], [ 85.283372768000049, 27.45121539400003 ], [ 85.277535393000051, 27.452909332000047 ], [ 85.274825518000057, 27.454136769000058 ], [ 85.270493080000051, 27.452772957000036 ], [ 85.265473643000064, 27.454916957000023 ], [ 85.263794518000054, 27.456554394000079 ], [ 85.260500143000058, 27.458558519000064 ], [ 85.260841330000062, 27.461201894000055 ], [ 85.258357456000056, 27.465991832000043 ], [ 85.259600455000054, 27.467702019000058 ], [ 85.259189706000086, 27.468666895000069 ], [ 85.25670333000005, 27.470636519000038 ], [ 85.256357643000058, 27.471715832000029 ], [ 85.253852205000044, 27.473859269000059 ], [ 85.249500706000049, 27.476738957000066 ], [ 85.249200768000037, 27.479020457000047 ], [ 85.24985339300008, 27.482935894000036 ], [ 85.248160581000036, 27.48538108200006 ], [ 85.246640893000063, 27.486574707000045 ], [ 85.249344518000044, 27.490582332000031 ], [ 85.250000143000079, 27.496325269000067 ], [ 85.246301392000078, 27.497540707000041 ], [ 85.24492033000007, 27.499998832000074 ], [ 85.23944726700006, 27.500000269000054 ], [ 85.236243705000049, 27.504685644000062 ], [ 85.238153705000059, 27.507865707000065 ], [ 85.23895245500006, 27.510153144000071 ], [ 85.240279018000081, 27.511332645000039 ], [ 85.243460205000076, 27.512143520000052 ], [ 85.243447143000083, 27.514298332000067 ], [ 85.242626268000038, 27.51702670700007 ], [ 85.245429142000035, 27.519176582000057 ], [ 85.249964831000057, 27.519727020000062 ], [ 85.252501455000072, 27.520915769000055 ], [ 85.25309401700008, 27.528313082000068 ], [ 85.250257830000066, 27.528011457000048 ], [ 85.247919143000047, 27.528341582000053 ], [ 85.248081456000079, 27.531507832000045 ], [ 85.247040018000064, 27.532462519000035 ], [ 85.242777705000037, 27.533312957000078 ], [ 85.240769893000049, 27.532631457000036 ], [ 85.238388205000035, 27.533710832000054 ], [ 85.233800643000052, 27.536939644000029 ], [ 85.235729393000042, 27.539090707000071 ], [ 85.238027893000037, 27.542998332000025 ], [ 85.240103643000054, 27.544920207000075 ], [ 85.241970393000031, 27.547721519000049 ], [ 85.246597768000072, 27.547833519000051 ], [ 85.249599081000042, 27.550816332000068 ], [ 85.248460143000045, 27.553303895000056 ], [ 85.249554893000038, 27.554692895000073 ], [ 85.250532081000074, 27.557984895000061 ], [ 85.25322645500006, 27.561004270000069 ], [ 85.252423518000057, 27.563978395000049 ], [ 85.254051144000073, 27.565513707000036 ], [ 85.256298894000054, 27.56907626900005 ], [ 85.260421206000046, 27.571272520000036 ], [ 85.262934081000083, 27.569877957000074 ], [ 85.265300871000079, 27.570612249000078 ], [ 85.268171454000083, 27.570177839000053 ], [ 85.269286322000085, 27.570846589000041 ], [ 85.27165857600005, 27.574730342000066 ], [ 85.273812706000058, 27.576159082000061 ], [ 85.275308206000034, 27.578976832000023 ], [ 85.278196955000055, 27.581183895000038 ], [ 85.279465207000044, 27.582677082000032 ], [ 85.281683331000067, 27.582945457000051 ], [ 85.28334245700006, 27.585055457000067 ], [ 85.287130079000065, 27.585327213000028 ], [ 85.285902073000045, 27.587509024000042 ], [ 85.282496393000031, 27.587856395000074 ], [ 85.281972706000033, 27.589641332000042 ], [ 85.283980516000042, 27.59151571700005 ], [ 85.282182018000071, 27.595171583000024 ], [ 85.284378924000066, 27.59597242500007 ], [ 85.28679826900003, 27.595079208000072 ], [ 85.288147955000056, 27.593819020000069 ], [ 85.288804581000079, 27.596319520000065 ], [ 85.28999708200007, 27.597756895000032 ], [ 85.29363014300003, 27.597066582000025 ], [ 85.294102465000037, 27.597497592000025 ], [ 85.293526518000078, 27.601286582000057 ], [ 85.296219268000073, 27.603007707000074 ], [ 85.296565583000074, 27.606122395000057 ], [ 85.296082330000047, 27.608157520000077 ], [ 85.292684619000056, 27.611122249000061 ], [ 85.292785638000055, 27.612229090000028 ], [ 85.295334102000083, 27.611833066000031 ], [ 85.295945393000068, 27.612765895000052 ], [ 85.294574018000048, 27.615743270000053 ], [ 85.293970893000051, 27.618738332000078 ], [ 85.29528020500004, 27.620921333000069 ], [ 85.29501158100004, 27.625535457000069 ], [ 85.297219393000034, 27.626947457000028 ], [ 85.295768643000031, 27.628470394000033 ], [ 85.294742455000062, 27.634260269000038 ], [ 85.291969768000058, 27.635073519000059 ], [ 85.289394628000082, 27.636807646000079 ], [ 85.28564558000005, 27.641124644000058 ], [ 85.284758396000086, 27.644395269000029 ], [ 85.286187393000034, 27.644991207000032 ], [ 85.288552330000073, 27.644055457000036 ], [ 85.289890205000063, 27.644877832000077 ], [ 85.289105955000082, 27.648382144000038 ], [ 85.290753893000044, 27.651866082000026 ], [ 85.295649956000034, 27.655482144000075 ], [ 85.296538956000063, 27.659261895000043 ], [ 85.299260705000052, 27.660892457000045 ], [ 85.298628018000045, 27.664341207000064 ], [ 85.299959331000082, 27.666560082000046 ], [ 85.299279143000035, 27.668292395000037 ], [ 85.295714893000081, 27.668883019000077 ], [ 85.294330393000052, 27.670371519000071 ], [ 85.293924268000069, 27.672626895000064 ], [ 85.295381768000084, 27.674106957000049 ], [ 85.300027018000037, 27.676450269000043 ], [ 85.301637705000076, 27.678968895000025 ], [ 85.301949143000058, 27.684396457000048 ], [ 85.302855456000032, 27.685425770000052 ], [ 85.30411626800003, 27.68947270700005 ], [ 85.305279956000049, 27.691733644000067 ], [ 85.309059643000069, 27.693254707000051 ], [ 85.310417518000065, 27.693088457000044 ], [ 85.315985018000049, 27.690867519000051 ], [ 85.321046956000032, 27.687464457000033 ], [ 85.323777580000069, 27.686590144000036 ], [ 85.327572205000081, 27.686368769000069 ], [ 85.330436518000056, 27.684134832000041 ], [ 85.331852018000063, 27.681055207000043 ], [ 85.333347268000068, 27.679432145000078 ], [ 85.336857393000059, 27.677767207000045 ], [ 85.342245393000042, 27.674448145000042 ], [ 85.345907830000044, 27.671481957000026 ], [ 85.351268268000069, 27.66839077000003 ], [ 85.354286955000077, 27.667713769000045 ], [ 85.358368268000049, 27.667572332000077 ], [ 85.361713081000062, 27.668933770000024 ], [ 85.363281455000049, 27.66886420700007 ], [ 85.365646143000049, 27.666395332000036 ], [ 85.365322143000071, 27.663255769000045 ], [ 85.36404458100003, 27.662717832000055 ], [ 85.367381081000076, 27.660061082000027 ], [ 85.369392580000067, 27.659468207000032 ], [ 85.371278893000067, 27.660722019000048 ], [ 85.372205643000086, 27.65965245700005 ], [ 85.372042768000085, 27.654268769000055 ], [ 85.373420956000075, 27.653187957000057 ], [ 85.374945393000075, 27.653572145000055 ], [ 85.376667768000061, 27.65134633200006 ], [ 85.381086830000072, 27.650769957000023 ], [ 85.386887330000036, 27.64872895700006 ], [ 85.387512205000064, 27.645893457000057 ], [ 85.389581706000058, 27.643553519000079 ], [ 85.391601330000071, 27.644938894000063 ], [ 85.393510893000041, 27.639085457000078 ], [ 85.395550581000066, 27.635360332000062 ], [ 85.398661205000053, 27.632693894000056 ], [ 85.400144143000034, 27.631975019000038 ], [ 85.406926080000062, 27.63185677000007 ], [ 85.408012768000049, 27.629627957000025 ], [ 85.409774955000046, 27.628962582000042 ], [ 85.411004956000056, 27.627443019000054 ], [ 85.414974706000066, 27.624907332000078 ], [ 85.416190018000066, 27.622796770000036 ], [ 85.420143768000059, 27.620021957000063 ], [ 85.422741331000054, 27.61992314400004 ], [ 85.422366143000033, 27.618383832000063 ], [ 85.423705268000049, 27.616556207000031 ], [ 85.429390143000035, 27.614837269000077 ], [ 85.431521831000055, 27.615392832000055 ], [ 85.433037330000047, 27.612832332000039 ], [ 85.436763518000078, 27.609617207000042 ], [ 85.437933268000052, 27.608043894000048 ], [ 85.437957393000033, 27.606247832000065 ], [ 85.434993893000069, 27.603498957000056 ], [ 85.435161643000072, 27.601168957000027 ], [ 85.432361143000037, 27.601252020000061 ], [ 85.429185143000041, 27.60280089400004 ], [ 85.428111331000082, 27.600212894000038 ], [ 85.43059751800007, 27.598301207000077 ], [ 85.43113826900003, 27.596896895000043 ], [ 85.429659206000053, 27.594592832000046 ], [ 85.426459831000045, 27.592757707000032 ], [ 85.423537643000031, 27.592571145000079 ], [ 85.420838830000037, 27.595811457000025 ], [ 85.418193956000039, 27.597255332000032 ], [ 85.417252518000055, 27.599178145000053 ], [ 85.418489080000086, 27.601349394000067 ], [ 85.419544205000079, 27.604560332000062 ], [ 85.419327893000059, 27.606250082000031 ], [ 85.417421768000054, 27.605782269000031 ], [ 85.415407893000065, 27.60688570700006 ], [ 85.41558264300005, 27.604519582000023 ], [ 85.413849643000049, 27.602894769000045 ], [ 85.410757268000054, 27.602285520000066 ], [ 85.406206706000035, 27.602124145000062 ], [ 85.40505945600006, 27.601134019000028 ], [ 85.406639580000046, 27.599827645000062 ], [ 85.406678644000067, 27.595748144000027 ], [ 85.405712581000046, 27.593619145000048 ], [ 85.408125518000077, 27.591158082000049 ], [ 85.406476581000049, 27.58835014400006 ], [ 85.408056893000037, 27.586980457000038 ], [ 85.407014331000084, 27.583661020000079 ], [ 85.404896330000042, 27.581236832000059 ], [ 85.405196706000083, 27.579374769000026 ], [ 85.403759893000085, 27.576709020000067 ], [ 85.404115705000038, 27.574124457000039 ], [ 85.403625830000067, 27.572486957000024 ], [ 85.401178768000079, 27.570544332000054 ], [ 85.399149830000056, 27.570122644000037 ], [ 85.39840020500003, 27.568307145000063 ], [ 85.39512908100005, 27.565750019000063 ], [ 85.391800268000054, 27.56513364400007 ], [ 85.389176206000059, 27.562777457000038 ], [ 85.389832456000079, 27.561462332000076 ], [ 85.39221783000005, 27.560247207000032 ], [ 85.396341955000082, 27.556911894000052 ], [ 85.398582206000071, 27.556302770000059 ], [ 85.39952751800007, 27.554840332000026 ], [ 85.401235393000036, 27.554119207000042 ], [ 85.403006081000058, 27.550879520000024 ], [ 85.404120143000057, 27.547168270000043 ], [ 85.40590301800006, 27.544948270000077 ], [ 85.408576518000075, 27.545679270000051 ], [ 85.41279839300006, 27.54477008200007 ] ] ] } },
{ "type": "Feature", "properties": { "DISTRICT": "MAKAWANPUR", "STATE_CODE": 3, "PR_NAME": "Bagmati Province" }, "geometry": { "type": "Polygon", "coordinates": [ [ [ 85.119010517000049, 27.31762614400003 ], [ 85.114301205000061, 27.318467019000025 ], [ 85.112128643000062, 27.318089456000052 ], [ 85.110531018000074, 27.318745206000074 ], [ 85.107980830000031, 27.318812832000049 ], [ 85.106132205000051, 27.319957956000053 ], [ 85.10544451700008, 27.323025207000057 ], [ 85.101554330000056, 27.326706707000028 ], [ 85.101085518000048, 27.328355269000042 ], [ 85.097113080000042, 27.332186207000063 ], [ 85.09603233100006, 27.335917645000052 ], [ 85.094968643000072, 27.337776207000047 ], [ 85.094119956000043, 27.341666019000058 ], [ 85.095239080000056, 27.343056144000059 ], [ 85.095310017000031, 27.348339957000064 ], [ 85.094385143000068, 27.352327331000026 ], [ 85.092843205000065, 27.353113332000078 ], [ 85.093552518000081, 27.356307269000069 ], [ 85.090278643000033, 27.357928144000027 ], [ 85.089273518000084, 27.360643581000033 ], [ 85.087327893000065, 27.361455207000063 ], [ 85.079368643000066, 27.363245332000076 ], [ 85.07655526700006, 27.363129394000055 ], [ 85.072737018000055, 27.364092957000025 ], [ 85.068814892000034, 27.360636957000054 ], [ 85.068448142000079, 27.361916894000046 ], [ 85.066545143000042, 27.361859206000076 ], [ 85.06554783100006, 27.360770269000056 ], [ 85.062997455000072, 27.360868645000039 ], [ 85.061724705000074, 27.361823769000068 ], [ 85.061792268000033, 27.363407207000023 ], [ 85.059560830000066, 27.364222894000079 ], [ 85.05897058000005, 27.365398394000067 ], [ 85.055475080000065, 27.364319270000067 ], [ 85.054583581000031, 27.362920332000044 ], [ 85.052249018000055, 27.362992082000062 ], [ 85.050946893000059, 27.361659331000055 ], [ 85.049002080000037, 27.362050769000064 ], [ 85.046987517000048, 27.361343894000072 ], [ 85.046247643000072, 27.360063332000038 ], [ 85.045247705000065, 27.358809582000049 ], [ 85.042190206000043, 27.359060269000054 ], [ 85.040821705000042, 27.357971581000072 ], [ 85.037823142000036, 27.357156831000054 ], [ 85.035527330000036, 27.358527645000038 ], [ 85.034801268000081, 27.360144082000033 ], [ 85.033372893000035, 27.360296832000074 ], [ 85.031504580000046, 27.359065145000045 ], [ 85.026766456000075, 27.358418644000039 ], [ 85.023707892000061, 27.356911270000069 ], [ 85.023325268000065, 27.355492582000068 ], [ 85.024305955000045, 27.353520082000045 ], [ 85.023698956000032, 27.351814207000075 ], [ 85.020885330000056, 27.353357832000029 ], [ 85.018206830000054, 27.353587269000059 ], [ 85.01540626700006, 27.355121644000064 ], [ 85.012119767000058, 27.35422270600003 ], [ 85.010874955000077, 27.354475394000076 ], [ 85.006656955000039, 27.352633082000068 ], [ 85.003118893000078, 27.355490270000075 ], [ 85.00348970500005, 27.358010207000063 ], [ 85.002412143000072, 27.360565394000048 ], [ 85.002841643000068, 27.361814644000049 ], [ 85.001720206000073, 27.36329614400006 ], [ 85.001424642000075, 27.365137082000047 ], [ 84.999674768000034, 27.364468269000042 ], [ 84.998347580000086, 27.365344207000078 ], [ 84.996661581000069, 27.365033582000024 ], [ 84.995322205000036, 27.363425269000061 ], [ 84.993144705000077, 27.363323519000062 ], [ 84.989926767000043, 27.361403644000063 ], [ 84.985610580000071, 27.362174269000036 ], [ 84.982389768000075, 27.361267332000068 ], [ 84.979925518000073, 27.357877519000056 ], [ 84.979697705000035, 27.355909269000051 ], [ 84.977796892000072, 27.356076019000056 ], [ 84.973683581000046, 27.354881832000046 ], [ 84.971672331000036, 27.35600370700007 ], [ 84.969706330000065, 27.356667207000044 ], [ 84.967778205000059, 27.358287206000057 ], [ 84.966917580000086, 27.35994701900006 ], [ 84.967096642000058, 27.362813644000028 ], [ 84.966389267000068, 27.363423269000066 ], [ 84.964089705000049, 27.362367394000046 ], [ 84.959921080000072, 27.359167144000025 ], [ 84.95889808000004, 27.358935082000073 ], [ 84.957499081000037, 27.36097314500006 ], [ 84.95860083000008, 27.36323333200005 ], [ 84.956577018000075, 27.36609020700007 ], [ 84.953984955000067, 27.366728456000033 ], [ 84.95249420500005, 27.365156894000052 ], [ 84.952268642000035, 27.363017144000025 ], [ 84.95135414300006, 27.361809394000034 ], [ 84.949559518000058, 27.361266582000042 ], [ 84.945420330000047, 27.363255457000037 ], [ 84.943175143000076, 27.362923144000035 ], [ 84.943077518000052, 27.365500644000065 ], [ 84.939354205000086, 27.365446769000073 ], [ 84.938066768000056, 27.366224831000068 ], [ 84.935015643000042, 27.364358957000036 ], [ 84.933919331000084, 27.365329769000027 ], [ 84.931099205000066, 27.364400832000058 ], [ 84.928319143000067, 27.364026894000062 ], [ 84.925536892000082, 27.368560331000026 ], [ 84.923601331000043, 27.370520457000055 ], [ 84.921288268000069, 27.370853894000049 ], [ 84.91961264300005, 27.372166894000031 ], [ 84.916340580000053, 27.372533644000043 ], [ 84.91400314200007, 27.37491364400006 ], [ 84.912882018000062, 27.375054144000046 ], [ 84.911159393000048, 27.376739644000054 ], [ 84.908624830000065, 27.377132957000072 ], [ 84.904648831000031, 27.374421770000026 ], [ 84.903006892000064, 27.374703207000039 ], [ 84.90084151700006, 27.377296269000055 ], [ 84.89967239300006, 27.380557519000035 ], [ 84.899473392000061, 27.384405956000023 ], [ 84.895611080000037, 27.387100144000044 ], [ 84.893334955000057, 27.387209456000051 ], [ 84.892376830000046, 27.388941769000041 ], [ 84.890611830000068, 27.388959832000069 ], [ 84.884847080000043, 27.387556894000056 ], [ 84.883127455000078, 27.388991581000028 ], [ 84.880714580000074, 27.392987145000063 ], [ 84.880221892000066, 27.39485858200004 ], [ 84.880953392000038, 27.395842207000044 ], [ 84.879169642000079, 27.397259270000063 ], [ 84.873998018000066, 27.398823832000062 ], [ 84.870293268000069, 27.397251707000066 ], [ 84.866281330000049, 27.396721644000024 ], [ 84.864912580000066, 27.397643957000071 ], [ 84.863048393000042, 27.397278707000055 ], [ 84.862002830000051, 27.398074894000047 ], [ 84.85832276800005, 27.398600769000041 ], [ 84.853857580000067, 27.398479269000063 ], [ 84.852624580000054, 27.402437769000073 ], [ 84.853467268000031, 27.403527019000023 ], [ 84.851123893000079, 27.406048207000026 ], [ 84.849503518000063, 27.408567207000033 ], [ 84.84790139200004, 27.408836457000064 ], [ 84.846312330000046, 27.411756832000037 ], [ 84.843295518000048, 27.411630707000029 ], [ 84.843221768000035, 27.41357395600005 ], [ 84.842151392000062, 27.41463639400007 ], [ 84.84018870500006, 27.414057082000056 ], [ 84.838130456000044, 27.416242394000051 ], [ 84.83588420600006, 27.417469831000062 ], [ 84.832370893000075, 27.415976769000054 ], [ 84.827796892000038, 27.419316457000036 ], [ 84.824634704000061, 27.418712394000067 ], [ 84.821399767000059, 27.419194082000047 ], [ 84.817657643000075, 27.418731019000063 ], [ 84.815436705000081, 27.416559706000044 ], [ 84.812685892000047, 27.415736395000067 ], [ 84.810802330000058, 27.423471081000059 ], [ 84.811419955000076, 27.424248207000062 ], [ 84.808369580000033, 27.425728082000035 ], [ 84.79959845500008, 27.432489270000076 ], [ 84.799729080000077, 27.434650207000061 ], [ 84.795957768000051, 27.436686769000062 ], [ 84.793420142000059, 27.437357832000032 ], [ 84.788389393000045, 27.436596645000066 ], [ 84.78681333000003, 27.435091519000025 ], [ 84.782218642000032, 27.43481951900003 ], [ 84.781737580000083, 27.435993269000051 ], [ 84.777306517000056, 27.437423832000036 ], [ 84.776831517000062, 27.438387707000061 ], [ 84.77372620400007, 27.438186144000042 ], [ 84.772455955000055, 27.438635457000032 ], [ 84.770800205000057, 27.436936457000058 ], [ 84.767092768000055, 27.437694770000064 ], [ 84.766106955000055, 27.437136082000052 ], [ 84.760076080000033, 27.437191706000078 ], [ 84.757655267000075, 27.435456144000057 ], [ 84.753882143000055, 27.436977145000071 ], [ 84.751294017000077, 27.437318270000048 ], [ 84.745490080000081, 27.441801395000027 ], [ 84.743956704000084, 27.441796082000053 ], [ 84.741791892000037, 27.440214519000051 ], [ 84.740295768000067, 27.442095332000065 ], [ 84.736672893000048, 27.441841520000025 ], [ 84.736178080000059, 27.443791457000032 ], [ 84.73004489300007, 27.443920770000034 ], [ 84.727401330000077, 27.443562270000029 ], [ 84.726418018000061, 27.440652082000042 ], [ 84.723861955000075, 27.438763206000033 ], [ 84.722778080000069, 27.436995269000079 ], [ 84.722912268000073, 27.435466957000074 ], [ 84.721297330000084, 27.433893519000037 ], [ 84.721591892000049, 27.431351269000061 ], [ 84.720671517000085, 27.430994956000063 ], [ 84.717092768000043, 27.43143989400005 ], [ 84.715480205000063, 27.432274082000049 ], [ 84.712059955000086, 27.431420582000044 ], [ 84.710788018000073, 27.432230394000044 ], [ 84.707081893000066, 27.432752395000023 ], [ 84.704791330000035, 27.431870457000059 ], [ 84.696006330000046, 27.431984519000025 ], [ 84.692767079000078, 27.432255644000065 ], [ 84.688067705000037, 27.431464457000061 ], [ 84.686178955000059, 27.430196519000049 ], [ 84.680027142000085, 27.429148081000051 ], [ 84.67286308000007, 27.428810519000024 ], [ 84.666942955000081, 27.429249645000027 ], [ 84.668035642000063, 27.43273745700003 ], [ 84.668964642000049, 27.437390332000064 ], [ 84.668339017000051, 27.439762582000071 ], [ 84.669931580000082, 27.444430332000024 ], [ 84.673489830000051, 27.445611332000055 ], [ 84.674706892000074, 27.445373020000034 ], [ 84.677108704000034, 27.446236894000037 ], [ 84.680480768000052, 27.448373207000031 ], [ 84.682917080000038, 27.448149082000043 ], [ 84.683316580000053, 27.450284019000037 ], [ 84.685243705000062, 27.450538520000066 ], [ 84.688129892000063, 27.453518644000042 ], [ 84.687510643000053, 27.456750645000056 ], [ 84.691171705000045, 27.457280832000038 ], [ 84.694182079000086, 27.459226707000028 ], [ 84.693752893000067, 27.461286769000026 ], [ 84.69213626700008, 27.462269582000033 ], [ 84.689070643000036, 27.461508582000079 ], [ 84.688851705000047, 27.46322451900005 ], [ 84.69128151700005, 27.464543770000034 ], [ 84.695169518000057, 27.468443894000075 ], [ 84.694695768000031, 27.470352957000046 ], [ 84.692953267000064, 27.471546269000044 ], [ 84.693027767000046, 27.472651582000026 ], [ 84.694942329000071, 27.473763457000075 ], [ 84.697064142000045, 27.474131957000054 ], [ 84.698917643000073, 27.475587082000061 ], [ 84.696693830000072, 27.477908832000026 ], [ 84.697804768000083, 27.479940832000068 ], [ 84.696413330000041, 27.482084645000043 ], [ 84.696109393000086, 27.483839394000029 ], [ 84.694607517000065, 27.485622707000061 ], [ 84.695451955000067, 27.490959457000031 ], [ 84.693752955000036, 27.494311957000036 ], [ 84.693365893000077, 27.496243144000061 ], [ 84.691357392000043, 27.50000108200004 ], [ 84.689316893000068, 27.502188645000047 ], [ 84.688372705000063, 27.503980457000068 ], [ 84.683969580000053, 27.50882189500004 ], [ 84.682834205000063, 27.513069582000071 ], [ 84.683288830000038, 27.518042770000079 ], [ 84.681293704000041, 27.523869645000048 ], [ 84.681179017000034, 27.526009269000042 ], [ 84.682125642000074, 27.529391519000058 ], [ 84.684001580000086, 27.532297645000028 ], [ 84.684214829000041, 27.534137832000056 ], [ 84.683513205000054, 27.536722582000039 ], [ 84.684311080000043, 27.538228207000031 ], [ 84.685472517000051, 27.544269707000069 ], [ 84.684008705000053, 27.545612707000032 ], [ 84.683412642000064, 27.549110832000054 ], [ 84.682242142000064, 27.550707394000028 ], [ 84.683723330000078, 27.554001269000025 ], [ 84.685887642000068, 27.55465620700005 ], [ 84.688717393000047, 27.558778207000046 ], [ 84.68983908000007, 27.561929457000076 ], [ 84.692785643000036, 27.563841707000051 ], [ 84.697104267000043, 27.56288145700006 ], [ 84.698558643000069, 27.561039644000061 ], [ 84.705847518000041, 27.558270332000063 ], [ 84.710683704000076, 27.560678144000065 ], [ 84.715409893000071, 27.565218519000041 ], [ 84.717043643000068, 27.566376644000059 ], [ 84.720709267000075, 27.570419207000043 ], [ 84.722709080000072, 27.573513644000059 ], [ 84.724505580000084, 27.575246145000051 ], [ 84.729126330000042, 27.578678832000037 ], [ 84.730652393000071, 27.579205582000043 ], [ 84.733133705000057, 27.581812269000068 ], [ 84.735633455000084, 27.587728769000023 ], [ 84.735244517000069, 27.588938020000057 ], [ 84.736303330000055, 27.591434707000076 ], [ 84.735676580000074, 27.592773832000034 ], [ 84.735303455000064, 27.596248332000073 ], [ 84.737481392000063, 27.59735826900004 ], [ 84.740125268000043, 27.603711644000043 ], [ 84.738355642000045, 27.604515395000078 ], [ 84.738605767000081, 27.605831770000066 ], [ 84.737605767000048, 27.608648582000058 ], [ 84.737706705000051, 27.610954082000035 ], [ 84.736094392000041, 27.612372832000062 ], [ 84.73715539300008, 27.615713520000043 ], [ 84.736254455000051, 27.616805832000068 ], [ 84.73377183000008, 27.616877645000045 ], [ 84.733014455000045, 27.620225582000046 ], [ 84.734182143000055, 27.622575082000026 ], [ 84.733831018000046, 27.623962332000076 ], [ 84.732061455000064, 27.625291707000031 ], [ 84.728334330000052, 27.626272519000054 ], [ 84.725213955000072, 27.626115145000028 ], [ 84.725515705000078, 27.628654207000068 ], [ 84.724939954000035, 27.631342332000031 ], [ 84.722106643000075, 27.63286439500007 ], [ 84.720728455000085, 27.634227644000077 ], [ 84.719529830000056, 27.63719420700005 ], [ 84.720067392000033, 27.63949070700005 ], [ 84.723161580000067, 27.643123144000072 ], [ 84.723463393000031, 27.645474957000033 ], [ 84.725592642000038, 27.646752269000046 ], [ 84.72867864300008, 27.64612683200005 ], [ 84.732015705000038, 27.646021270000062 ], [ 84.732111768000038, 27.647509957000068 ], [ 84.72978945400007, 27.649038520000033 ], [ 84.729696518000083, 27.649934770000073 ], [ 84.732864142000039, 27.652519645000041 ], [ 84.733696143000031, 27.655579394000029 ], [ 84.737368205000053, 27.656640707000065 ], [ 84.739856517000078, 27.655761019000067 ], [ 84.741991580000047, 27.656236957000033 ], [ 84.747663142000079, 27.655615332000025 ], [ 84.748373267000034, 27.654952644000048 ], [ 84.748175955000079, 27.652679332000048 ], [ 84.74500964300006, 27.649963894000052 ], [ 84.74569170500007, 27.647315769000045 ], [ 84.748188955000046, 27.647888957000077 ], [ 84.748994455000059, 27.648870644000056 ], [ 84.751244830000076, 27.648811082000066 ], [ 84.754533580000043, 27.649589707000075 ], [ 84.75428164200008, 27.651001332000078 ], [ 84.755800517000068, 27.652161832000047 ], [ 84.756038142000079, 27.654292832000067 ], [ 84.760712080000076, 27.65353170700007 ], [ 84.765055767000035, 27.655484332000071 ], [ 84.767073018000076, 27.655414519000033 ], [ 84.769719330000044, 27.656514519000041 ], [ 84.772537955000075, 27.661386082000035 ], [ 84.772360330000083, 27.664417394000054 ], [ 84.773013955000067, 27.666275207000069 ], [ 84.772269018000031, 27.667922019000059 ], [ 84.775023330000067, 27.66765620700005 ], [ 84.777774767000039, 27.668243207000046 ], [ 84.77878770500007, 27.669920770000033 ], [ 84.782065143000068, 27.671402769000053 ], [ 84.783443643000055, 27.673671644000024 ], [ 84.784261705000063, 27.677405769000075 ], [ 84.785604080000041, 27.679929832000028 ], [ 84.788334705000068, 27.682597082000029 ], [ 84.790602580000041, 27.683290394000039 ], [ 84.794371080000076, 27.68670977000005 ], [ 84.797539517000075, 27.685739395000041 ], [ 84.799333768000054, 27.683251582000025 ], [ 84.799118080000085, 27.679119207000042 ], [ 84.79976726700005, 27.674559894000026 ], [ 84.800896330000057, 27.671933770000066 ], [ 84.802296893000062, 27.671187832000044 ], [ 84.803207267000062, 27.672908644000074 ], [ 84.806173330000036, 27.674644645000058 ], [ 84.808782205000057, 27.675365020000072 ], [ 84.810814267000069, 27.67870602000005 ], [ 84.815510330000052, 27.680246645000068 ], [ 84.817009705000032, 27.682054145000052 ], [ 84.820049643000061, 27.682589019000034 ], [ 84.822302768000043, 27.685517894000043 ], [ 84.825153330000035, 27.686726145000023 ], [ 84.826068330000055, 27.688647582000044 ], [ 84.828316080000036, 27.689753332000066 ], [ 84.830115767000052, 27.691829644000052 ], [ 84.831884143000082, 27.692195832000039 ], [ 84.836099517000036, 27.690753457000028 ], [ 84.838527018000036, 27.690716332000079 ], [ 84.843957080000052, 27.688454019000062 ], [ 84.848379580000085, 27.687041582000063 ], [ 84.85281264300005, 27.686346520000029 ], [ 84.857698017000075, 27.684030707000034 ], [ 84.861213330000055, 27.682682145000058 ], [ 84.865672581000069, 27.680041582000058 ], [ 84.867929705000051, 27.679576145000055 ], [ 84.87212570500003, 27.677164894000043 ], [ 84.874936705000039, 27.674723895000056 ], [ 84.878070955000055, 27.670565957000065 ], [ 84.880840830000068, 27.668716270000061 ], [ 84.882042518000048, 27.668525832000057 ], [ 84.884405142000048, 27.669785582000031 ], [ 84.886163142000044, 27.671877332000065 ], [ 84.887943393000057, 27.672479582000051 ], [ 84.889867643000059, 27.674506957000062 ], [ 84.892643580000083, 27.67996514500004 ], [ 84.895470580000051, 27.683726270000079 ], [ 84.897709768000084, 27.685246019000033 ], [ 84.899416267000049, 27.688806707000026 ], [ 84.901175705000071, 27.690460457000029 ], [ 84.90254451800007, 27.693998457000077 ], [ 84.904256955000051, 27.695167394000066 ], [ 84.907865080000079, 27.696881082000061 ], [ 84.909457080000038, 27.698332707000077 ], [ 84.911563705000049, 27.697795394000025 ], [ 84.914254080000035, 27.695986144000074 ], [ 84.917224705000081, 27.694802269000036 ], [ 84.921773830000063, 27.693919145000052 ], [ 84.923377017000064, 27.691336332000049 ], [ 84.924190143000033, 27.688632332000054 ], [ 84.926737518000039, 27.688319770000078 ], [ 84.93162695500007, 27.686515770000028 ], [ 84.936386643000048, 27.687027457000056 ], [ 84.938625705000049, 27.686166207000042 ], [ 84.94163964300003, 27.686479645000077 ], [ 84.943821892000074, 27.686166895000042 ], [ 84.946382705000076, 27.686760957000047 ], [ 84.949132705000068, 27.685424457000067 ], [ 84.950940330000037, 27.683922894000034 ], [ 84.953700268000034, 27.683233894000068 ], [ 84.958213393000051, 27.685278457000038 ], [ 84.960811267000054, 27.685903519000078 ], [ 84.960880768000038, 27.688849707000031 ], [ 84.964159455000072, 27.689418082000032 ], [ 84.966946330000042, 27.691052520000028 ], [ 84.969858893000037, 27.691054707000035 ], [ 84.973984893000079, 27.692329895000057 ], [ 84.97871714300004, 27.695347020000042 ], [ 84.97909358000004, 27.699960707000059 ], [ 84.981689393000067, 27.702787520000072 ], [ 84.984768831000054, 27.703623020000066 ], [ 84.987172518000079, 27.703174957000044 ], [ 84.991344080000033, 27.704580145000023 ], [ 84.991328643000031, 27.706448395000052 ], [ 84.993645830000048, 27.707704332000048 ], [ 85.000612018000083, 27.706040957000027 ], [ 85.004838206000045, 27.705493645000047 ], [ 85.007854893000058, 27.705753770000058 ], [ 85.013026143000047, 27.707487207000042 ], [ 85.016217268000048, 27.706929082000045 ], [ 85.019654143000082, 27.704040582000061 ], [ 85.024239956000031, 27.703681832000029 ], [ 85.026022143000034, 27.701367269000059 ], [ 85.031054643000061, 27.699743770000055 ], [ 85.032263205000049, 27.697916207000048 ], [ 85.034754517000067, 27.697920207000038 ], [ 85.035127517000035, 27.699907394000036 ], [ 85.037239018000037, 27.701295020000032 ], [ 85.040962705000084, 27.702869019000048 ], [ 85.04187414200004, 27.704206832000068 ], [ 85.044056893000061, 27.70234933200004 ], [ 85.043805080000084, 27.697328832000039 ], [ 85.042626080000048, 27.694968645000074 ], [ 85.043423831000041, 27.691560207000066 ], [ 85.044880643000056, 27.689956270000039 ], [ 85.054191767000077, 27.698881395000058 ], [ 85.056308580000064, 27.699679769000056 ], [ 85.060216268000033, 27.696922082000071 ], [ 85.059649205000085, 27.695103395000046 ], [ 85.060482517000082, 27.694377270000075 ], [ 85.063335393000045, 27.694299019000027 ], [ 85.067001142000038, 27.696610520000036 ], [ 85.066911455000081, 27.69905245700005 ], [ 85.068102955000086, 27.703090957000029 ], [ 85.072002143000077, 27.703442145000054 ], [ 85.074381455000037, 27.705005332000042 ], [ 85.075796393000076, 27.707173832000024 ], [ 85.078774580000072, 27.708847394000031 ], [ 85.080505205000065, 27.708303645000058 ], [ 85.080986580000058, 27.706923582000059 ], [ 85.082719517000044, 27.706359519000046 ], [ 85.085639642000046, 27.706900707000045 ], [ 85.08832045500003, 27.710462520000078 ], [ 85.090480205000063, 27.711961770000073 ], [ 85.094802080000079, 27.71163658200004 ], [ 85.097144330000049, 27.711031457000047 ], [ 85.102854205000085, 27.708052957000064 ], [ 85.103622643000051, 27.705880895000064 ], [ 85.105505393000044, 27.703909707000037 ], [ 85.109708518000048, 27.701522832000023 ], [ 85.111839392000036, 27.700919144000068 ], [ 85.117685143000074, 27.696129520000056 ], [ 85.119155705000082, 27.693861457000025 ], [ 85.120004643000073, 27.692539207000038 ], [ 85.120969455000079, 27.68748189400003 ], [ 85.12247564300003, 27.683322832000044 ], [ 85.124631580000084, 27.68310002000004 ], [ 85.126636955000038, 27.682100020000064 ], [ 85.13155920500003, 27.680699394000044 ], [ 85.133438642000044, 27.68076977000004 ], [ 85.135505831000046, 27.675897457000076 ], [ 85.13675033100003, 27.674495144000048 ], [ 85.141231393000055, 27.673483644000044 ], [ 85.14377064200005, 27.671098207000057 ], [ 85.147821642000054, 27.670171269000036 ], [ 85.152756081000064, 27.669651957000042 ], [ 85.154583580000065, 27.671252207000066 ], [ 85.158728205000045, 27.672607395000057 ], [ 85.162339143000054, 27.670767707000039 ], [ 85.164438393000069, 27.670671082000069 ], [ 85.168234455000061, 27.673204457000054 ], [ 85.170737018000068, 27.675509457000032 ], [ 85.17522195500004, 27.678977645000032 ], [ 85.177172143000064, 27.679793645000075 ], [ 85.183866205000072, 27.680135895000035 ], [ 85.190925142000083, 27.681158394000079 ], [ 85.191104705000043, 27.679609145000029 ], [ 85.192402893000065, 27.67738008200007 ], [ 85.195730080000033, 27.675528457000041 ], [ 85.200096018000067, 27.672151520000057 ], [ 85.205770518000065, 27.669458020000036 ], [ 85.207450392000055, 27.666088520000073 ], [ 85.21210301800005, 27.664757270000052 ], [ 85.215331831000071, 27.660439957000051 ], [ 85.218049455000084, 27.658597644000054 ], [ 85.222315581000032, 27.656565644000068 ], [ 85.223721893000061, 27.654229332000057 ], [ 85.22597783100008, 27.654019895000033 ], [ 85.228501830000084, 27.654775957000027 ], [ 85.230078393000042, 27.654376145000072 ], [ 85.233606143000031, 27.651998394000032 ], [ 85.235439634000045, 27.649540844000057 ], [ 85.233789523000041, 27.647622014000035 ], [ 85.233299376000048, 27.64560033500004 ], [ 85.230179907000036, 27.642724328000043 ], [ 85.228576359000044, 27.640022112000054 ], [ 85.227714633000062, 27.636191973000052 ], [ 85.226106519000041, 27.632898581000063 ], [ 85.224746810000056, 27.631311005000043 ], [ 85.224174489000063, 27.628484539000056 ], [ 85.224893468000062, 27.625939960000039 ], [ 85.227164046000041, 27.624390357000038 ], [ 85.230437081000048, 27.624776332000067 ], [ 85.233674697000083, 27.623098323000079 ], [ 85.234560319000082, 27.621317077000072 ], [ 85.237777509000068, 27.619754213000078 ], [ 85.239936447000048, 27.613766145000056 ], [ 85.239364327000033, 27.611247758000047 ], [ 85.240371569000047, 27.608474928000078 ], [ 85.239725070000077, 27.602061830000025 ], [ 85.240038654000045, 27.601009896000051 ], [ 85.24386577100006, 27.597839565000072 ], [ 85.245231356000033, 27.594413706000068 ], [ 85.243564081000045, 27.591863332000059 ], [ 85.242084206000072, 27.59110720700005 ], [ 85.241457578000052, 27.589659840000024 ], [ 85.241000592000034, 27.584048267000071 ], [ 85.241987018000032, 27.580853707000074 ], [ 85.244873257000052, 27.577899331000026 ], [ 85.250399518000052, 27.578174582000031 ], [ 85.253896018000034, 27.577919644000076 ], [ 85.255273878000082, 27.578662512000051 ], [ 85.258351080000068, 27.57752064500005 ], [ 85.26201175500006, 27.577067768000063 ], [ 85.26306214300007, 27.573604020000062 ], [ 85.265300871000079, 27.570612249000078 ], [ 85.262934081000083, 27.569877957000074 ], [ 85.260421206000046, 27.571272520000036 ], [ 85.256298894000054, 27.56907626900005 ], [ 85.254051144000073, 27.565513707000036 ], [ 85.252423518000057, 27.563978395000049 ], [ 85.25322645500006, 27.561004270000069 ], [ 85.250532081000074, 27.557984895000061 ], [ 85.249554893000038, 27.554692895000073 ], [ 85.248460143000045, 27.553303895000056 ], [ 85.249599081000042, 27.550816332000068 ], [ 85.246597768000072, 27.547833519000051 ], [ 85.241970393000031, 27.547721519000049 ], [ 85.240103643000054, 27.544920207000075 ], [ 85.238027893000037, 27.542998332000025 ], [ 85.235729393000042, 27.539090707000071 ], [ 85.233800643000052, 27.536939644000029 ], [ 85.238388205000035, 27.533710832000054 ], [ 85.240769893000049, 27.532631457000036 ], [ 85.242777705000037, 27.533312957000078 ], [ 85.247040018000064, 27.532462519000035 ], [ 85.248081456000079, 27.531507832000045 ], [ 85.247919143000047, 27.528341582000053 ], [ 85.250257830000066, 27.528011457000048 ], [ 85.25309401700008, 27.528313082000068 ], [ 85.252501455000072, 27.520915769000055 ], [ 85.249964831000057, 27.519727020000062 ], [ 85.245429142000035, 27.519176582000057 ], [ 85.242626268000038, 27.51702670700007 ], [ 85.243447143000083, 27.514298332000067 ], [ 85.243460205000076, 27.512143520000052 ], [ 85.240279018000081, 27.511332645000039 ], [ 85.23895245500006, 27.510153144000071 ], [ 85.238153705000059, 27.507865707000065 ], [ 85.236243705000049, 27.504685644000062 ], [ 85.23944726700006, 27.500000269000054 ], [ 85.24492033000007, 27.499998832000074 ], [ 85.246301392000078, 27.497540707000041 ], [ 85.250000143000079, 27.496325269000067 ], [ 85.249344518000044, 27.490582332000031 ], [ 85.246640893000063, 27.486574707000045 ], [ 85.248160581000036, 27.48538108200006 ], [ 85.24985339300008, 27.482935894000036 ], [ 85.249200768000037, 27.479020457000047 ], [ 85.249500706000049, 27.476738957000066 ], [ 85.253852205000044, 27.473859269000059 ], [ 85.256357643000058, 27.471715832000029 ], [ 85.25670333000005, 27.470636519000038 ], [ 85.259189706000086, 27.468666895000069 ], [ 85.259600455000054, 27.467702019000058 ], [ 85.258357456000056, 27.465991832000043 ], [ 85.260841330000062, 27.461201894000055 ], [ 85.260500143000058, 27.458558519000064 ], [ 85.263794518000054, 27.456554394000079 ], [ 85.265473643000064, 27.454916957000023 ], [ 85.270493080000051, 27.452772957000036 ], [ 85.274825518000057, 27.454136769000058 ], [ 85.277535393000051, 27.452909332000047 ], [ 85.283372768000049, 27.45121539400003 ], [ 85.288848705000078, 27.451722207000046 ], [ 85.292609018000064, 27.451617394000039 ], [ 85.295359581000071, 27.452275520000057 ], [ 85.299170143000083, 27.450902019000068 ], [ 85.300514018000058, 27.449253707000025 ], [ 85.304102580000063, 27.446059269000045 ], [ 85.307427706000055, 27.445152644000075 ], [ 85.312472581000065, 27.446012207000024 ], [ 85.31555508100007, 27.44464745700003 ], [ 85.318454206000069, 27.440252082000029 ], [ 85.316808206000076, 27.43783320700004 ], [ 85.317440456000043, 27.436132832000055 ], [ 85.320041081000056, 27.435735957000077 ], [ 85.325396517000058, 27.437648019000051 ], [ 85.327628018000041, 27.438156894000031 ], [ 85.332279830000061, 27.437733520000052 ], [ 85.335209330000055, 27.435832832000074 ], [ 85.33624820600005, 27.433167332000039 ], [ 85.338011206000033, 27.431740331000071 ], [ 85.341094955000074, 27.432678582000051 ], [ 85.342904518000068, 27.432652144000031 ], [ 85.347210206000057, 27.430460395000068 ], [ 85.348864955000067, 27.428562769000052 ], [ 85.351870706000057, 27.431038019000027 ], [ 85.354387206000069, 27.429628269000034 ], [ 85.358213518000071, 27.428738207000038 ], [ 85.359554580000065, 27.428549144000044 ], [ 85.367961581000031, 27.424651707000066 ], [ 85.371024456000043, 27.424059769000053 ], [ 85.371180956000046, 27.421890082000061 ], [ 85.374182768000082, 27.418862082000032 ], [ 85.377451955000083, 27.417895707000071 ], [ 85.379586456000084, 27.417836269000077 ], [ 85.381767768000032, 27.415398332000052 ], [ 85.386298518000046, 27.412921145000041 ], [ 85.386751768000067, 27.410547707000035 ], [ 85.386002081000072, 27.408617082000035 ], [ 85.387128956000083, 27.407753082000056 ], [ 85.390351581000061, 27.407691644000067 ], [ 85.391809205000072, 27.408405832000028 ], [ 85.395117581000079, 27.410398832000055 ], [ 85.397199330000035, 27.410838206000051 ], [ 85.398790831000042, 27.409175269000059 ], [ 85.399161018000086, 27.40564964500004 ], [ 85.401071580000064, 27.403992519000042 ], [ 85.406336643000031, 27.405327082000042 ], [ 85.409498205000034, 27.403350332000059 ], [ 85.410290831000054, 27.405203644000039 ], [ 85.411741393000057, 27.406303519000062 ], [ 85.413622768000039, 27.406239332000041 ], [ 85.416243018000046, 27.404597332000037 ], [ 85.417420956000058, 27.407457457000078 ], [ 85.42091470500003, 27.407997207000051 ], [ 85.421769393000034, 27.406036957000026 ], [ 85.421416205000071, 27.403576832000056 ], [ 85.423036955000043, 27.402761582000039 ], [ 85.424860018000061, 27.404462206000062 ], [ 85.429735268000059, 27.405391394000048 ], [ 85.42998626800005, 27.407658582000067 ], [ 85.431481768000083, 27.40967826900004 ], [ 85.434014768000054, 27.410202707000053 ], [ 85.435401893000062, 27.409306332000028 ], [ 85.436043081000037, 27.407323332000033 ], [ 85.434730331000083, 27.404730957000027 ], [ 85.435086580000075, 27.403051019000031 ], [ 85.442468018000056, 27.402737957000056 ], [ 85.445372893000069, 27.401832519000038 ], [ 85.447085456000082, 27.398667394000029 ], [ 85.449276956000062, 27.396086207000053 ], [ 85.448670830000083, 27.392396957000074 ], [ 85.450026706000074, 27.387922456000069 ], [ 85.452638081000032, 27.38770351900007 ], [ 85.45543058100003, 27.392103206000058 ], [ 85.458226268000033, 27.394318894000037 ], [ 85.461273830000039, 27.394679519000078 ], [ 85.463175643000056, 27.390576019000036 ], [ 85.463497706000055, 27.387441144000036 ], [ 85.464814580000052, 27.385760019000031 ], [ 85.466248581000059, 27.385632145000045 ], [ 85.468448706000061, 27.387682394000024 ], [ 85.47125126800006, 27.388496644000043 ], [ 85.472287080000058, 27.387982581000074 ], [ 85.47321633100006, 27.384238894000077 ], [ 85.474694268000064, 27.382950831000073 ], [ 85.475241205000032, 27.378074081000079 ], [ 85.477069393000079, 27.376333269000042 ], [ 85.480134518000057, 27.377810144000023 ], [ 85.481200393000051, 27.375768395000023 ], [ 85.479864518000056, 27.373808395000026 ], [ 85.477547205000064, 27.372680082000045 ], [ 85.47487695600006, 27.372667707000062 ], [ 85.474874893000049, 27.369845332000068 ], [ 85.474874080000063, 27.366260332000024 ], [ 85.471825018000061, 27.360995082000045 ], [ 85.469416955000042, 27.357900207000057 ], [ 85.466256455000064, 27.355699832000028 ], [ 85.462954643000046, 27.354660644000035 ], [ 85.457566455000062, 27.354784582000036 ], [ 85.455282581000063, 27.35394208200006 ], [ 85.452093456000057, 27.351895082000055 ], [ 85.449580768000033, 27.349387519000061 ], [ 85.44907801800008, 27.347601394000037 ], [ 85.449586456000077, 27.345610644000033 ], [ 85.450012643000036, 27.340644957000052 ], [ 85.448557643000072, 27.336393644000054 ], [ 85.447731393000083, 27.336142769000048 ], [ 85.441056143000083, 27.336308831000053 ], [ 85.433908956000039, 27.33298908200004 ], [ 85.428275581000037, 27.332685769000079 ], [ 85.425282830000071, 27.330096957000023 ], [ 85.422303206000038, 27.325208832000044 ], [ 85.421407018000082, 27.321946519000051 ], [ 85.420416894000084, 27.320866832000036 ], [ 85.423736955000038, 27.316817081000067 ], [ 85.424964705000036, 27.312673457000074 ], [ 85.42553739300007, 27.30832220700006 ], [ 85.426491643000077, 27.304037019000077 ], [ 85.429002018000062, 27.301847707000036 ], [ 85.433587893000038, 27.300905081000053 ], [ 85.434068643000046, 27.299941269000044 ], [ 85.433788268000058, 27.296203394000031 ], [ 85.432661830000086, 27.294087332000061 ], [ 85.432777893000036, 27.291908957000032 ], [ 85.435491268000078, 27.287380019000068 ], [ 85.440022581000051, 27.28347539400005 ], [ 85.442286018000061, 27.282908332000034 ], [ 85.445625893000056, 27.284721645000047 ], [ 85.450386393000031, 27.284261706000052 ], [ 85.452580018000049, 27.283178582000062 ], [ 85.453752956000073, 27.281284769000024 ], [ 85.455338580000046, 27.28049214400005 ], [ 85.459065206000048, 27.280884269000069 ], [ 85.462221706000037, 27.279576519000045 ], [ 85.464713268000082, 27.277068644000053 ], [ 85.468977830000085, 27.275126519000025 ], [ 85.470741206000071, 27.272693894000042 ], [ 85.472212955000032, 27.272046707000072 ], [ 85.473225768000077, 27.270395832000077 ], [ 85.475937206000083, 27.268979707000028 ], [ 85.478133956000079, 27.26965139400005 ], [ 85.481326330000059, 27.269195769000078 ], [ 85.482860206000055, 27.267909269000029 ], [ 85.48485895500005, 27.263420894000035 ], [ 85.484936768000068, 27.258968644000049 ], [ 85.487712018000082, 27.253513144000067 ], [ 85.48977489300006, 27.251690769000049 ], [ 85.490985581000075, 27.249857144000032 ], [ 85.491051144000039, 27.24748752000005 ], [ 85.49014264300007, 27.244667894000031 ], [ 85.490143018000083, 27.242274144000078 ], [ 85.489445018000083, 27.239337269000032 ], [ 85.48992370600007, 27.23675789400005 ], [ 85.490862768000056, 27.235396457000036 ], [ 85.489541643000052, 27.22896464400003 ], [ 85.489481956000077, 27.226898644000073 ], [ 85.49029614300008, 27.224351769000066 ], [ 85.489950643000043, 27.221388581000042 ], [ 85.490592581000044, 27.21989045600003 ], [ 85.495796143000064, 27.220559206000075 ], [ 85.49873726800007, 27.220532269000046 ], [ 85.503903956000045, 27.222934019000036 ], [ 85.506020831000058, 27.222038332000068 ], [ 85.506728455000029, 27.21858489400006 ], [ 85.504712081000037, 27.214937769000073 ], [ 85.503694768000059, 27.211348582000028 ], [ 85.503716643000075, 27.207890144000032 ], [ 85.506257581000057, 27.204029831000071 ], [ 85.507645518000061, 27.202679644000057 ], [ 85.510840956000038, 27.200978644000031 ], [ 85.512426330000039, 27.198743831000058 ], [ 85.512218330000053, 27.197207394000031 ], [ 85.51030976900006, 27.196713331000069 ], [ 85.507425393000062, 27.194126394000023 ], [ 85.506098456000075, 27.193751269000074 ], [ 85.500418643000046, 27.195123269000078 ], [ 85.496398706000036, 27.197467644000028 ], [ 85.491301956000086, 27.198440207000033 ], [ 85.489415205000057, 27.193841894000059 ], [ 85.489356456000053, 27.192554207000057 ], [ 85.490579893000074, 27.191061144000059 ], [ 85.493340018000083, 27.189242644000046 ], [ 85.494757519000075, 27.18702995700005 ], [ 85.493932206000068, 27.185685144000047 ], [ 85.491235581000069, 27.183683269000028 ], [ 85.488170768000032, 27.182732144000056 ], [ 85.484738206000031, 27.183770269000036 ], [ 85.482734143000073, 27.180280832000051 ], [ 85.484578206000037, 27.178262331000042 ], [ 85.485289205000072, 27.175231519000079 ], [ 85.490099893000036, 27.175776144000054 ], [ 85.492185081000059, 27.171191957000076 ], [ 85.493256331000055, 27.170975269000053 ], [ 85.49672139300003, 27.173350081000024 ], [ 85.497446956000033, 27.173369519000062 ], [ 85.49631776800004, 27.169613706000064 ], [ 85.491311894000034, 27.165610394000055 ], [ 85.488462893000076, 27.164106457000059 ], [ 85.482465518000083, 27.162624519000076 ], [ 85.476332331000037, 27.162362019000057 ], [ 85.474837081000032, 27.161542956000062 ], [ 85.470977643000083, 27.162986831000069 ], [ 85.469749893000085, 27.165355144000046 ], [ 85.465446830000076, 27.166311706000045 ], [ 85.459470956000075, 27.165837019000037 ], [ 85.458075018000045, 27.167415081000058 ], [ 85.455180643000062, 27.168119769000043 ], [ 85.454552580000041, 27.169782331000079 ], [ 85.45476026800003, 27.175294332000078 ], [ 85.455639018000056, 27.177108206000071 ], [ 85.453779080000061, 27.179395019000026 ], [ 85.451739580000037, 27.180151644000034 ], [ 85.452308081000069, 27.183818832000043 ], [ 85.450359455000068, 27.186481019000041 ], [ 85.446150456000055, 27.187178832000029 ], [ 85.443500206000067, 27.186608207000063 ], [ 85.438351581000063, 27.187180081000065 ], [ 85.436215080000068, 27.189934269000048 ], [ 85.433082455000033, 27.190367894000076 ], [ 85.430297456000062, 27.191398144000061 ], [ 85.428884706000076, 27.192800082000076 ], [ 85.426546206000069, 27.192650206000053 ], [ 85.424264206000032, 27.190931582000076 ], [ 85.420532268000045, 27.189827831000059 ], [ 85.418189581000036, 27.191128519000074 ], [ 85.415799206000031, 27.194155769000076 ], [ 85.411530956000036, 27.196696394000071 ], [ 85.408025956000074, 27.196790269000076 ], [ 85.405764893000082, 27.196075207000035 ], [ 85.40450308100003, 27.196566207000046 ], [ 85.40107451800003, 27.196467394000024 ], [ 85.398712018000083, 27.198386207000055 ], [ 85.398377393000032, 27.200790207000068 ], [ 85.399521330000084, 27.205904894000071 ], [ 85.398763705000079, 27.207223332000069 ], [ 85.395415018000051, 27.210119894000059 ], [ 85.394153207000045, 27.208751644000074 ], [ 85.391564019000043, 27.209413583000071 ], [ 85.389426268000079, 27.207717832000071 ], [ 85.386085581000032, 27.207250083000076 ], [ 85.383194206000042, 27.208684270000049 ], [ 85.378840206000064, 27.211797894000028 ], [ 85.375062268000079, 27.209748020000063 ], [ 85.371623519000082, 27.211683707000077 ], [ 85.370166643000061, 27.211467832000039 ], [ 85.364803331000076, 27.212474582000027 ], [ 85.361585519000073, 27.210802333000061 ], [ 85.360712644000046, 27.213006207000035 ], [ 85.359017956000059, 27.212905333000037 ], [ 85.355967768000085, 27.215486708000071 ], [ 85.352605830000073, 27.219278145000033 ], [ 85.351105706000055, 27.221817333000047 ], [ 85.349971832000051, 27.221972644000061 ], [ 85.343392456000061, 27.220438458000046 ], [ 85.341248206000046, 27.219317394000029 ], [ 85.339128643000038, 27.220149895000077 ], [ 85.335057206000045, 27.222713519000024 ], [ 85.333589769000071, 27.222630458000026 ], [ 85.325438955000038, 27.225106207000067 ], [ 85.323201019000066, 27.226465333000078 ], [ 85.319651456000031, 27.226934270000072 ], [ 85.31805014300005, 27.227599145000056 ], [ 85.31455270500004, 27.230253770000047 ], [ 85.31211201800005, 27.230215770000029 ], [ 85.30963364400003, 27.231538582000042 ], [ 85.306276894000064, 27.22962958200003 ], [ 85.302951268000072, 27.230161394000049 ], [ 85.300352332000045, 27.230844395000076 ], [ 85.29851414400008, 27.231930957000031 ], [ 85.295264018000069, 27.232624395000073 ], [ 85.290121332000069, 27.230742708000037 ], [ 85.282866394000052, 27.230922208000038 ], [ 85.281771955000067, 27.228477456000064 ], [ 85.276040705000071, 27.229344207000054 ], [ 85.272592643000053, 27.228506895000066 ], [ 85.271574705000035, 27.227776082000048 ], [ 85.269609519000085, 27.225984395000069 ], [ 85.266081831000065, 27.226857894000034 ], [ 85.263055455000085, 27.22668664400004 ], [ 85.262173393000069, 27.22809127000005 ], [ 85.26002520600008, 27.228922895000039 ], [ 85.259219331000054, 27.230374144000052 ], [ 85.260326330000055, 27.233915583000055 ], [ 85.256504331000031, 27.236928269000032 ], [ 85.253786769000044, 27.24271520800005 ], [ 85.253752018000057, 27.244682957000066 ], [ 85.251269956000044, 27.246108582000033 ], [ 85.247797081000044, 27.246304332000079 ], [ 85.245196769000074, 27.248398770000051 ], [ 85.241184143000055, 27.248303520000036 ], [ 85.238903143000073, 27.247391833000052 ], [ 85.235442894000073, 27.245134520000079 ], [ 85.234026268000036, 27.243100582000068 ], [ 85.23109370700007, 27.244098832000077 ], [ 85.228952580000055, 27.244293644000038 ], [ 85.226941643000032, 27.245200270000055 ], [ 85.222584769000036, 27.243686019000052 ], [ 85.21944695600007, 27.244392582000046 ], [ 85.217422705000047, 27.24651758300007 ], [ 85.211402019000047, 27.244924957000023 ], [ 85.209887768000044, 27.245612645000051 ], [ 85.208964894000076, 27.248050707000061 ], [ 85.204679081000052, 27.249958144000061 ], [ 85.20197014300004, 27.249020207000058 ], [ 85.200576955000031, 27.246234395000045 ], [ 85.199299893000045, 27.245326956000042 ], [ 85.195125519000044, 27.244796332000078 ], [ 85.191993581000077, 27.245894770000064 ], [ 85.18437020600004, 27.247044770000059 ], [ 85.18136508200007, 27.24816445700003 ], [ 85.17957608200004, 27.249386708000031 ], [ 85.181698955000059, 27.251325020000024 ], [ 85.183182019000071, 27.254293081000071 ], [ 85.17939933100007, 27.253997831000049 ], [ 85.177656518000049, 27.253389770000069 ], [ 85.173172205000071, 27.254494707000049 ], [ 85.172330830000078, 27.255156081000052 ], [ 85.170520955000086, 27.259539457000074 ], [ 85.16713076800005, 27.260210832000041 ], [ 85.163661705000038, 27.261805581000033 ], [ 85.160295581000071, 27.261402582000073 ], [ 85.158213892000049, 27.261844019000023 ], [ 85.157074456000032, 27.263728456000024 ], [ 85.154013142000053, 27.265461769000069 ], [ 85.153534455000056, 27.268069519000051 ], [ 85.151180018000048, 27.269377331000044 ], [ 85.147780830000045, 27.272227894000025 ], [ 85.147020393000048, 27.277913332000026 ], [ 85.14644564200006, 27.279795331000059 ], [ 85.14700133100007, 27.282694582000033 ], [ 85.144755830000065, 27.284567769000034 ], [ 85.142393580000032, 27.284966082000039 ], [ 85.140974955000047, 27.286272832000066 ], [ 85.139676267000084, 27.289185081000028 ], [ 85.134404205000067, 27.291737020000028 ], [ 85.128853205000041, 27.292336957000032 ], [ 85.129336267000042, 27.295334020000041 ], [ 85.127291018000051, 27.301332082000044 ], [ 85.123495143000071, 27.301565706000076 ], [ 85.122577831000058, 27.304036957000051 ], [ 85.122819205000042, 27.305747582000038 ], [ 85.121273017000078, 27.308984332000023 ], [ 85.121235517000059, 27.314106457000037 ], [ 85.120074455000065, 27.316216457000053 ], [ 85.119010517000049, 27.31762614400003 ] ] ] } },
{ "type": "Feature", "properties": { "DISTRICT": "NUWAKOT", "STATE_CODE": 3, "PR_NAME": "Bagmati Province" }, "geometry": { "type": "Polygon", "coordinates": [ [ [ 85.278391080000063, 27.790814207000039 ], [ 85.274615393000033, 27.786413582000023 ], [ 85.26948920600006, 27.781028020000065 ], [ 85.262948831000074, 27.778457269000057 ], [ 85.261375643000065, 27.778419832000054 ], [ 85.25969051800007, 27.779955770000072 ], [ 85.257708143000059, 27.779355645000066 ], [ 85.25487070500003, 27.775426457000037 ], [ 85.252612955000075, 27.775248395000062 ], [ 85.25146245600007, 27.773688520000064 ], [ 85.248115205000033, 27.772897520000072 ], [ 85.247946267000032, 27.774597957000026 ], [ 85.244132956000044, 27.774864707000063 ], [ 85.24285870600005, 27.773285582000028 ], [ 85.240971642000034, 27.774584020000077 ], [ 85.235272143000032, 27.774165832000051 ], [ 85.234833393000031, 27.772937894000052 ], [ 85.232888768000066, 27.773586957000077 ], [ 85.228640268000049, 27.77237939500003 ], [ 85.226270455000076, 27.772664395000049 ], [ 85.225653393000073, 27.774016832000029 ], [ 85.223251330000039, 27.775276707000046 ], [ 85.219456955000055, 27.773958832000062 ], [ 85.216314393000062, 27.774045207000029 ], [ 85.214922643000079, 27.773382832000038 ], [ 85.213437393000049, 27.77143527000004 ], [ 85.21234914300004, 27.772572895000053 ], [ 85.210646642000086, 27.770816708000041 ], [ 85.208811705000073, 27.773361957000077 ], [ 85.208039455000062, 27.773088895000058 ], [ 85.207514330000038, 27.769869457000027 ], [ 85.204483955000057, 27.773282395000024 ], [ 85.203325956000072, 27.770801770000048 ], [ 85.19987870600005, 27.768950020000034 ], [ 85.199541830000044, 27.770268269000042 ], [ 85.19415508000003, 27.770461582000053 ], [ 85.192789706000042, 27.769300082000029 ], [ 85.190981830000055, 27.769187144000057 ], [ 85.188243518000036, 27.771396958000025 ], [ 85.181873830000086, 27.771724582000047 ], [ 85.179968892000034, 27.770788707000065 ], [ 85.179308955000067, 27.76787033200003 ], [ 85.177810580000084, 27.767167832000041 ], [ 85.176232705000075, 27.767977770000073 ], [ 85.174267518000079, 27.766618269000048 ], [ 85.170978268000056, 27.766494957000077 ], [ 85.168583018000049, 27.767316145000052 ], [ 85.166166143000055, 27.766048269000066 ], [ 85.161774018000074, 27.765370082000061 ], [ 85.157275456000036, 27.766741207000052 ], [ 85.153785643000049, 27.765937832000077 ], [ 85.15151301800006, 27.763596895000035 ], [ 85.149775580000039, 27.763539083000069 ], [ 85.146611768000071, 27.764483582000025 ], [ 85.145648331000075, 27.764223145000074 ], [ 85.141836268000077, 27.765639957000076 ], [ 85.139307580000036, 27.763160894000066 ], [ 85.137069643000075, 27.76162258200003 ], [ 85.134276893000049, 27.762214082000071 ], [ 85.13295376800005, 27.763894519000075 ], [ 85.129983518000074, 27.76050970700004 ], [ 85.126528393000058, 27.760885395000059 ], [ 85.12632095500004, 27.762477707000073 ], [ 85.124809705000075, 27.762523832000056 ], [ 85.122203830000046, 27.766942332000042 ], [ 85.119277017000059, 27.767595520000043 ], [ 85.117910768000058, 27.768495519000055 ], [ 85.116681893000077, 27.771422707000056 ], [ 85.11741414200003, 27.772461457000077 ], [ 85.11655014300004, 27.774113207000028 ], [ 85.11453745600005, 27.772696707000023 ], [ 85.11346495500004, 27.775241332000064 ], [ 85.111960955000086, 27.775395582000044 ], [ 85.110953455000072, 27.774162770000032 ], [ 85.10806001800006, 27.774070957000049 ], [ 85.104251143000056, 27.776143270000034 ], [ 85.102050331000044, 27.778200395000056 ], [ 85.100055018000035, 27.778252457000065 ], [ 85.099006456000041, 27.779366332000052 ], [ 85.098635455000078, 27.781005020000066 ], [ 85.096862956000052, 27.78184264500004 ], [ 85.095589831000041, 27.783526832000064 ], [ 85.090311580000048, 27.787453769000024 ], [ 85.088256080000065, 27.787275894000061 ], [ 85.084822892000034, 27.788494207000042 ], [ 85.083837455000037, 27.789666144000023 ], [ 85.082358705000047, 27.789379895000025 ], [ 85.079428642000039, 27.79101152000004 ], [ 85.07644670600007, 27.791894395000043 ], [ 85.072453893000045, 27.791370395000058 ], [ 85.069768642000042, 27.792508020000071 ], [ 85.067084580000085, 27.792210645000068 ], [ 85.06235158000004, 27.793650520000028 ], [ 85.058839143000057, 27.795450833000075 ], [ 85.058281330000057, 27.796729895000055 ], [ 85.05615464300007, 27.796552145000078 ], [ 85.054637393000064, 27.797281207000026 ], [ 85.054141392000076, 27.79879214500005 ], [ 85.05223901800008, 27.799381957000037 ], [ 85.051467330000037, 27.800601707000055 ], [ 85.048808393000058, 27.801413832000037 ], [ 85.047653892000085, 27.80512052000006 ], [ 85.049205018000066, 27.806383519000065 ], [ 85.050812705000055, 27.80956608200006 ], [ 85.049573455000086, 27.810396769000079 ], [ 85.049321330000055, 27.812810582000054 ], [ 85.046756143000039, 27.811724520000041 ], [ 85.043757268000036, 27.812245832000031 ], [ 85.043239018000065, 27.815173770000058 ], [ 85.041964018000044, 27.815524082000024 ], [ 85.039746892000039, 27.814478145000066 ], [ 85.037030768000079, 27.815132582000047 ], [ 85.034394893000069, 27.814809395000054 ], [ 85.031319705000044, 27.815134707000027 ], [ 85.030381893000083, 27.816060020000066 ], [ 85.028726518000042, 27.814831395000056 ], [ 85.02493301800007, 27.814397083000074 ], [ 85.023099830000035, 27.813548832000038 ], [ 85.022239893000062, 27.812233020000065 ], [ 85.020123392000073, 27.811668832000066 ], [ 85.020170331000031, 27.810039457000073 ], [ 85.014761017000069, 27.80924452000005 ], [ 85.014242955000043, 27.811454957000024 ], [ 85.015115393000031, 27.813307644000076 ], [ 85.017605331000084, 27.816082520000066 ], [ 85.017826956000079, 27.81970889400003 ], [ 85.018833955000048, 27.821217645000047 ], [ 85.019918330000053, 27.824627832000033 ], [ 85.018986768000048, 27.826511894000078 ], [ 85.02297151700003, 27.829844207000065 ], [ 85.025137955000048, 27.832770207000067 ], [ 85.022626268000067, 27.834095207000075 ], [ 85.019606642000042, 27.833499332000031 ], [ 85.017630205000046, 27.832151145000068 ], [ 85.015405955000062, 27.832945958000039 ], [ 85.014523517000043, 27.834466332000034 ], [ 85.014866768000047, 27.835961957000052 ], [ 85.013360830000067, 27.837588457000038 ], [ 85.009903706000046, 27.839014895000048 ], [ 85.008211206000055, 27.841612894000036 ], [ 85.009848705000081, 27.844182082000032 ], [ 85.009565893000058, 27.845846957000049 ], [ 85.007538330000045, 27.847840458000064 ], [ 85.008617893000064, 27.850384395000049 ], [ 85.006916080000053, 27.850692395000067 ], [ 85.006552143000079, 27.85203070700004 ], [ 85.003111080000053, 27.852301707000038 ], [ 85.003431767000052, 27.853838082000038 ], [ 85.000635018000082, 27.855516707000049 ], [ 84.999299455000084, 27.855075145000058 ], [ 84.994541393000077, 27.854795957000078 ], [ 84.993890518000057, 27.857056832000069 ], [ 84.991450830000076, 27.858452957000054 ], [ 84.993693393000058, 27.859517520000054 ], [ 84.992545767000081, 27.862364145000072 ], [ 84.993954142000064, 27.868134394000037 ], [ 84.996295580000037, 27.870064644000024 ], [ 84.994734893000043, 27.872025270000051 ], [ 84.997053392000055, 27.874903270000061 ], [ 84.99593658100008, 27.878004582000074 ], [ 84.993903580000051, 27.881999208000025 ], [ 84.991574018000051, 27.883624645000054 ], [ 84.991149080000071, 27.885480020000045 ], [ 84.993779331000042, 27.887162332000059 ], [ 84.994403455000054, 27.888349083000037 ], [ 84.994932955000081, 27.896399957000028 ], [ 84.99858520500004, 27.897961894000048 ], [ 84.999999580000065, 27.899248957000054 ], [ 85.000471643000083, 27.902738145000058 ], [ 85.001500017000069, 27.903953520000073 ], [ 85.003768580000042, 27.90902926900003 ], [ 85.005923143000075, 27.912059395000028 ], [ 85.007325392000041, 27.91584858300007 ], [ 85.009766705000061, 27.919036769000058 ], [ 85.011748705000059, 27.924421332000065 ], [ 85.012832268000068, 27.928187957000034 ], [ 85.011853142000064, 27.932023895000043 ], [ 85.010947705000035, 27.933754269000076 ], [ 85.010855455000069, 27.935645645000079 ], [ 85.013276518000055, 27.940268770000046 ], [ 85.018316455000047, 27.943448958000033 ], [ 85.018357768000044, 27.946433582000054 ], [ 85.017785581000055, 27.950309458000049 ], [ 85.015785767000068, 27.951987020000047 ], [ 85.012713205000068, 27.950764208000066 ], [ 85.01083720500003, 27.948424832000057 ], [ 85.010101955000039, 27.948797958000057 ], [ 85.010263143000032, 27.950962708000077 ], [ 85.012159330000031, 27.953358395000066 ], [ 85.013930205000065, 27.957016145000068 ], [ 85.01495764200007, 27.957180082000036 ], [ 85.017049330000077, 27.959314770000049 ], [ 85.01730837000008, 27.961677240000029 ], [ 85.021084955000049, 27.965502895000043 ], [ 85.022026143000062, 27.968162707000033 ], [ 85.023918392000041, 27.967992958000025 ], [ 85.02730895500008, 27.969321395000065 ], [ 85.028683393000051, 27.969279520000043 ], [ 85.03090164300005, 27.971719895000035 ], [ 85.030950893000067, 27.975566333000074 ], [ 85.032662455000036, 27.981956395000054 ], [ 85.032308205000049, 27.985456207000027 ], [ 85.033899456000086, 27.988399833000074 ], [ 85.03368964200007, 27.990923770000052 ], [ 85.031750642000077, 27.995364895000023 ], [ 85.029171518000055, 27.995129333000079 ], [ 85.024892143000045, 27.996329957000057 ], [ 85.021401892000085, 27.996581520000063 ], [ 85.019259892000036, 27.997344207000026 ], [ 85.014601206000066, 27.997967520000032 ], [ 85.013279018000048, 27.998604520000072 ], [ 85.006462205000048, 27.999584208000044 ], [ 85.00536220500004, 28.000000520000071 ], [ 85.004345830000034, 28.002855270000055 ], [ 85.002777205000029, 28.003942895000023 ], [ 85.00224139200003, 28.00784545700003 ], [ 85.000193892000084, 28.009390083000028 ], [ 84.999406580000084, 28.010920958000042 ], [ 84.996838893000074, 28.012994958000036 ], [ 84.994508518000032, 28.013578145000054 ], [ 84.992671955000048, 28.015621958000054 ], [ 84.992370581000046, 28.018523333000076 ], [ 84.993066455000076, 28.020860207000055 ], [ 84.990674143000035, 28.025534208000067 ], [ 84.991532642000038, 28.028485832000058 ], [ 84.993351955000037, 28.027588208000054 ], [ 84.993847518000052, 28.026104645000032 ], [ 84.997823330000074, 28.024774020000052 ], [ 85.001791830000059, 28.025196395000023 ], [ 85.00943320600004, 28.026442270000075 ], [ 85.014864393000039, 28.025973583000052 ], [ 85.017097143000058, 28.026347395000073 ], [ 85.023376205000034, 28.029375895000044 ], [ 85.026080893000085, 28.02983183200007 ], [ 85.027895142000034, 28.029432457000041 ], [ 85.030629268000041, 28.030770145000076 ], [ 85.035606955000048, 28.032063833000052 ], [ 85.037669581000046, 28.034960957000067 ], [ 85.042565268000033, 28.036022583000033 ], [ 85.043844893000085, 28.036807145000068 ], [ 85.048669706000055, 28.042076770000051 ], [ 85.056852517000038, 28.05022189500005 ], [ 85.05872770600007, 28.05407445700007 ], [ 85.059130205000031, 28.055763520000028 ], [ 85.06185914200006, 28.060162145000049 ], [ 85.062796768000055, 28.063428520000059 ], [ 85.06446808000004, 28.066743333000034 ], [ 85.067582143000038, 28.065979145000028 ], [ 85.071201831000053, 28.066066020000051 ], [ 85.077258456000038, 28.067449020000026 ], [ 85.082874767000078, 28.066759645000047 ], [ 85.086086518000059, 28.06795027000004 ], [ 85.092180705000033, 28.072010270000078 ], [ 85.099881330000073, 28.072722645000056 ], [ 85.103647955000042, 28.074224270000059 ], [ 85.107531393000045, 28.076494270000069 ], [ 85.111930205000078, 28.076246582000067 ], [ 85.116708705000065, 28.076498833000073 ], [ 85.118404393000048, 28.07824252000006 ], [ 85.119431580000082, 28.081316020000031 ], [ 85.120951018000085, 28.08328670800006 ], [ 85.124711557000069, 28.091032670000061 ], [ 85.126461831000086, 28.089256332000048 ], [ 85.12867701700003, 28.088096520000079 ], [ 85.131901517000074, 28.085725895000053 ], [ 85.138005080000084, 28.083850208000058 ], [ 85.141344018000041, 28.085349832000077 ], [ 85.148686830000031, 28.087050582000074 ], [ 85.153456518000041, 28.087915270000053 ], [ 85.154624330000047, 28.087623395000037 ], [ 85.157848268000066, 28.088162520000026 ], [ 85.161750143000063, 28.086563833000071 ], [ 85.164469330000031, 28.086177582000062 ], [ 85.172132893000082, 28.08317489500007 ], [ 85.172678456000085, 28.081117207000034 ], [ 85.168867831000057, 28.076899269000023 ], [ 85.165616830000033, 28.075593583000057 ], [ 85.163581768000086, 28.073465332000069 ], [ 85.160845206000033, 28.072319832000062 ], [ 85.159879268000054, 28.07066302000004 ], [ 85.156936706000067, 28.068864957000073 ], [ 85.154448893000051, 28.065391208000051 ], [ 85.151606643000036, 28.062599457000033 ], [ 85.147591393000084, 28.057651645000078 ], [ 85.144859705000044, 28.053257020000046 ], [ 85.140107331000081, 28.048757269000077 ], [ 85.138065456000049, 28.044255270000065 ], [ 85.135593768000035, 28.039788332000057 ], [ 85.135276955000052, 28.037947708000047 ], [ 85.138359267000055, 28.033091895000041 ], [ 85.14080983000008, 28.030255957000065 ], [ 85.142506455000046, 28.028940082000076 ], [ 85.147007267000049, 28.027050333000034 ], [ 85.150615393000066, 28.027365332000045 ], [ 85.154711330000055, 28.02669245800007 ], [ 85.158842393000043, 28.026515582000059 ], [ 85.16339139300004, 28.024241333000077 ], [ 85.168296955000073, 28.024039520000031 ], [ 85.171686580000085, 28.021558208000044 ], [ 85.175520393000056, 28.021074333000058 ], [ 85.178155330000038, 28.020228332000045 ], [ 85.179953205000061, 28.020788207000066 ], [ 85.184525518000044, 28.019776457000034 ], [ 85.188752768000086, 28.01918495700005 ], [ 85.189669080000044, 28.018470894000075 ], [ 85.187195830000064, 28.014232770000035 ], [ 85.186024393000082, 28.009403645000077 ], [ 85.186220080000055, 28.005280020000043 ], [ 85.186887143000035, 28.003988269000047 ], [ 85.186221892000049, 28.002489208000043 ], [ 85.188270017000036, 27.996339457000033 ], [ 85.184658080000077, 27.993088020000073 ], [ 85.185117580000053, 27.990367707000075 ], [ 85.18465920500006, 27.989123957000061 ], [ 85.182570643000076, 27.987849270000027 ], [ 85.182906143000082, 27.98470814500007 ], [ 85.182533268000043, 27.98169045700007 ], [ 85.183739956000068, 27.979315644000053 ], [ 85.185020580000071, 27.974291582000035 ], [ 85.186475080000037, 27.972740395000073 ], [ 85.190169080000032, 27.975824145000047 ], [ 85.191645643000072, 27.97606408300004 ], [ 85.196862518000046, 27.975723208000034 ], [ 85.200258080000083, 27.975120582000045 ], [ 85.206823392000047, 27.974981958000058 ], [ 85.212829268000064, 27.973801082000023 ], [ 85.215657331000045, 27.972677395000062 ], [ 85.218675206000057, 27.973821583000074 ], [ 85.220466768000051, 27.975109707000058 ], [ 85.222571955000035, 27.975199269000029 ], [ 85.224650456000063, 27.973764020000033 ], [ 85.229306643000029, 27.974480519000053 ], [ 85.231071455000063, 27.974243645000058 ], [ 85.234696080000049, 27.972913958000049 ], [ 85.236349768000082, 27.972964520000062 ], [ 85.238591580000048, 27.974279957000078 ], [ 85.247073330000035, 27.972689458000048 ], [ 85.250274330000082, 27.972437082000056 ], [ 85.252354768000032, 27.971594707000065 ], [ 85.255776893000075, 27.971292770000048 ], [ 85.257071518000032, 27.974017582000045 ], [ 85.258146392000072, 27.973960332000047 ], [ 85.259167830000081, 27.97142870700003 ], [ 85.26186258000007, 27.971956770000077 ], [ 85.26679964300007, 27.969134207000025 ], [ 85.268241705000037, 27.967990583000073 ], [ 85.271255456000063, 27.966685833000042 ], [ 85.273132456000042, 27.967313770000032 ], [ 85.278553081000041, 27.964919457000065 ], [ 85.282009018000053, 27.968045769000071 ], [ 85.283044206000056, 27.972633958000074 ], [ 85.286801393000076, 27.977397457000052 ], [ 85.288869018000071, 27.979016019000028 ], [ 85.292175643000064, 27.982933082000045 ], [ 85.295316080000077, 27.982224457000029 ], [ 85.297651643000052, 27.982856708000043 ], [ 85.300760268000033, 27.982624270000031 ], [ 85.306911830000047, 27.986098957000024 ], [ 85.311601206000034, 27.987480082000047 ], [ 85.316244893000032, 27.988020082000048 ], [ 85.321262768000054, 27.989178895000066 ], [ 85.324441018000073, 27.988658770000029 ], [ 85.326673081000081, 27.986992644000054 ], [ 85.331879393000065, 27.988325270000075 ], [ 85.334273268000061, 27.990161020000073 ], [ 85.335724893000076, 27.992766144000029 ], [ 85.337844956000083, 27.998347270000068 ], [ 85.33892326800003, 28.002090769000063 ], [ 85.34019220600004, 28.004341207000039 ], [ 85.34430070600007, 28.009724520000077 ], [ 85.346889956000041, 28.011165583000036 ], [ 85.351382330000035, 28.011047020000035 ], [ 85.357237956000063, 28.011496957000077 ], [ 85.361166643000047, 28.012895145000073 ], [ 85.365911206000078, 28.015841770000065 ], [ 85.369498518000057, 28.017116833000046 ], [ 85.371482893000064, 28.018581520000055 ], [ 85.373378018000039, 28.021574332000057 ], [ 85.375165268000046, 28.022422770000048 ], [ 85.377426580000076, 28.021865395000077 ], [ 85.379643330000079, 28.022799707000047 ], [ 85.382504830000073, 28.025241270000038 ], [ 85.392102956000031, 28.030317332000038 ], [ 85.393509018000032, 28.032292833000042 ], [ 85.394140768000057, 28.035586957000078 ], [ 85.397566893000032, 28.037796832000026 ], [ 85.399671331000036, 28.036694770000054 ], [ 85.40139795500005, 28.03665458200004 ], [ 85.406294893000052, 28.04015320700006 ], [ 85.404885956000044, 28.043901270000049 ], [ 85.40615101800006, 28.04907927000005 ], [ 85.406607205000057, 28.053895645000068 ], [ 85.407348393000063, 28.055056583000066 ], [ 85.410707706000039, 28.058065458000044 ], [ 85.412146955000082, 28.060383270000045 ], [ 85.414562581000041, 28.061806770000032 ], [ 85.417845268000065, 28.061612708000041 ], [ 85.420699956000078, 28.059814520000032 ], [ 85.422771455000031, 28.059673520000047 ], [ 85.426865706000058, 28.060995895000076 ], [ 85.428588393000041, 28.062410520000071 ], [ 85.429918956000051, 28.065419582000061 ], [ 85.430024705000051, 28.067597707000061 ], [ 85.427986268000041, 28.072315895000031 ], [ 85.430249580000066, 28.075644644000079 ], [ 85.43483870600005, 28.080322958000068 ], [ 85.438092706000077, 28.080893458000048 ], [ 85.440206393000039, 28.082123333000027 ], [ 85.444072893000055, 28.082364708000057 ], [ 85.444671518000064, 28.078340582000067 ], [ 85.446581080000044, 28.076441270000032 ], [ 85.45177301800004, 28.074157582000055 ], [ 85.453853330000072, 28.073711395000032 ], [ 85.458352456000057, 28.071565645000078 ], [ 85.461478518000035, 28.070684207000056 ], [ 85.464624393000065, 28.069154957000023 ], [ 85.468358268000031, 28.066687770000044 ], [ 85.472500456000034, 28.063543707000065 ], [ 85.475493831000051, 28.059953957000062 ], [ 85.478279268000051, 28.057539458000065 ], [ 85.480732831000068, 28.056109832000061 ], [ 85.484123831000034, 28.050776332000055 ], [ 85.484631643000057, 28.04682520800003 ], [ 85.486305643000037, 28.044156395000073 ], [ 85.489933393000058, 28.042296583000052 ], [ 85.494896018000077, 28.039016644000071 ], [ 85.496708455000032, 28.037420019000024 ], [ 85.498112018000086, 28.035128520000058 ], [ 85.499411268000074, 28.029212832000042 ], [ 85.49920301800006, 28.026160582000045 ], [ 85.499237393000044, 28.019376645000079 ], [ 85.496098393000068, 28.012295707000078 ], [ 85.494990018000067, 28.007737207000048 ], [ 85.496490081000047, 28.002243520000036 ], [ 85.493646018000049, 28.000000458000045 ], [ 85.492598206000082, 27.996961832000068 ], [ 85.489510643000074, 27.992289395000057 ], [ 85.489672893000034, 27.990688208000051 ], [ 85.491807580000057, 27.985505707000073 ], [ 85.491811830000074, 27.982674520000046 ], [ 85.493104955000035, 27.980291707000049 ], [ 85.49348476800003, 27.977704520000032 ], [ 85.494645393000042, 27.975853333000032 ], [ 85.494042019000062, 27.974068645000045 ], [ 85.494268143000056, 27.971990769000058 ], [ 85.492511143000058, 27.970987895000064 ], [ 85.487584893000076, 27.971145082000078 ], [ 85.485305393000033, 27.969373895000047 ], [ 85.48374095500003, 27.966557332000036 ], [ 85.482957706000036, 27.963120895000031 ], [ 85.480759893000084, 27.959171833000028 ], [ 85.483558581000068, 27.955965332000062 ], [ 85.483675456000071, 27.954057770000077 ], [ 85.484695143000067, 27.952546583000071 ], [ 85.484332205000044, 27.947325707000061 ], [ 85.48514745600005, 27.944754145000047 ], [ 85.484443206000037, 27.943367582000064 ], [ 85.484119143000044, 27.939917208000054 ], [ 85.484654893000084, 27.939060895000068 ], [ 85.485153393000076, 27.933717957000056 ], [ 85.489168018000044, 27.92666758200005 ], [ 85.489661456000078, 27.924492020000059 ], [ 85.489815268000086, 27.919592644000033 ], [ 85.488615768000045, 27.917367707000039 ], [ 85.486236768000083, 27.914731394000057 ], [ 85.486517893000041, 27.911705332000054 ], [ 85.483895831000041, 27.907948082000075 ], [ 85.481699393000042, 27.903407895000043 ], [ 85.481182893000039, 27.897464457000069 ], [ 85.479069393000032, 27.894285958000069 ], [ 85.478573956000048, 27.892202207000025 ], [ 85.478783330000056, 27.889768020000076 ], [ 85.478276768000057, 27.886635395000042 ], [ 85.476583643000083, 27.882786832000079 ], [ 85.475140831000033, 27.882039708000036 ], [ 85.473513643000047, 27.882391020000057 ], [ 85.470662831000084, 27.881489769000041 ], [ 85.470423769000035, 27.879437082000038 ], [ 85.471742143000085, 27.877983708000045 ], [ 85.472278518000053, 27.875031645000035 ], [ 85.471467456000084, 27.873580707000031 ], [ 85.471718143000032, 27.870433207000076 ], [ 85.472529705000056, 27.86924689500006 ], [ 85.47137033100006, 27.867759019000061 ], [ 85.468161456000075, 27.867619520000062 ], [ 85.467674393000038, 27.865524395000023 ], [ 85.463150331000065, 27.863005145000045 ], [ 85.463233893000051, 27.860247457000071 ], [ 85.462379893000048, 27.858185457000047 ], [ 85.458023643000047, 27.854800207000039 ], [ 85.455669330000035, 27.851711832000035 ], [ 85.45378751800007, 27.850648707000062 ], [ 85.453911955000081, 27.849318645000039 ], [ 85.455437955000036, 27.848122707000073 ], [ 85.457015393000063, 27.845838770000057 ], [ 85.455204705000085, 27.839773457000035 ], [ 85.454981081000085, 27.836380519000045 ], [ 85.454162393000047, 27.834365520000063 ], [ 85.451383643000042, 27.830570833000024 ], [ 85.450519205000035, 27.825395582000056 ], [ 85.450383205000037, 27.823373394000043 ], [ 85.45142889300007, 27.821289083000067 ], [ 85.450862081000082, 27.817401207000046 ], [ 85.449591455000075, 27.814969019000046 ], [ 85.44556014300008, 27.813443332000077 ], [ 85.441835455000046, 27.813220582000042 ], [ 85.438460143000043, 27.810821520000047 ], [ 85.433331205000059, 27.812972957000056 ], [ 85.431352018000041, 27.811621833000061 ], [ 85.422977580000065, 27.809307957000044 ], [ 85.415962393000086, 27.809939582000027 ], [ 85.413695955000037, 27.809741707000057 ], [ 85.40933489300005, 27.811575333000064 ], [ 85.406991831000084, 27.811342020000041 ], [ 85.404431955000064, 27.813093957000035 ], [ 85.399553769000079, 27.81399176900004 ], [ 85.396793393000053, 27.81501464400003 ], [ 85.394028268000056, 27.817009832000053 ], [ 85.390128768000068, 27.814572019000025 ], [ 85.387884331000066, 27.812029457000051 ], [ 85.38398126800007, 27.811838520000038 ], [ 85.375105705000067, 27.808897270000045 ], [ 85.372337143000038, 27.809378332000051 ], [ 85.367178393000074, 27.811791582000069 ], [ 85.36396626800007, 27.813792894000073 ], [ 85.359213581000063, 27.811351269000056 ], [ 85.355557830000066, 27.809927520000031 ], [ 85.349358331000076, 27.808645894000051 ], [ 85.346630081000058, 27.80859808200006 ], [ 85.341502081000044, 27.812785645000076 ], [ 85.338714393000032, 27.813329395000039 ], [ 85.334530080000036, 27.814940082000078 ], [ 85.330733143000032, 27.814618019000079 ], [ 85.326467643000058, 27.814469520000046 ], [ 85.320170956000084, 27.813329645000067 ], [ 85.312425205000068, 27.813168832000031 ], [ 85.30867476800006, 27.810366270000031 ], [ 85.305047393000052, 27.810996207000073 ], [ 85.302257455000074, 27.812536394000063 ], [ 85.299723518000064, 27.811982707000027 ], [ 85.296941455000081, 27.81003252000005 ], [ 85.293989643000032, 27.808735833000071 ], [ 85.294011331000036, 27.80553208200007 ], [ 85.293164205000039, 27.804222332000052 ], [ 85.28892645600007, 27.802251770000055 ], [ 85.286548893000031, 27.800789457000064 ], [ 85.282284705000052, 27.794430770000076 ], [ 85.281016643000044, 27.793174582000063 ], [ 85.278391080000063, 27.790814207000039 ] ] ] } },
{ "type": "Feature", "properties": { "DISTRICT": "RAMECHHAP", "STATE_CODE": 3, "PR_NAME": "Bagmati Province" }, "geometry": { "type": "Polygon", "coordinates": [ [ [ 86.226173019000043, 27.378243332000068 ], [ 86.226128269000071, 27.374865144000069 ], [ 86.227084644000058, 27.370283082000071 ], [ 86.22443626900008, 27.367251519000035 ], [ 86.22162183100005, 27.362305520000064 ], [ 86.221834519000083, 27.36072045700007 ], [ 86.224210893000077, 27.36007476900005 ], [ 86.222321706000059, 27.356133519000025 ], [ 86.219489519000035, 27.352545769000074 ], [ 86.220775206000042, 27.350472457000023 ], [ 86.219704269000033, 27.344301894000068 ], [ 86.218983706000074, 27.342154207000078 ], [ 86.220241394000084, 27.340180082000074 ], [ 86.219387769000036, 27.338487457000042 ], [ 86.220245581000086, 27.336109456000031 ], [ 86.218060582000078, 27.333579019000069 ], [ 86.219002081000042, 27.331330082000079 ], [ 86.219463832000031, 27.328268394000077 ], [ 86.224327143000039, 27.327462769000078 ], [ 86.224298456000042, 27.32627351900004 ], [ 86.221727144000056, 27.324038894000068 ], [ 86.221336894000046, 27.322809207000034 ], [ 86.223530581000034, 27.320898894000038 ], [ 86.230780706000075, 27.319869394000023 ], [ 86.231403519000082, 27.319398957000033 ], [ 86.231166519000055, 27.315945270000043 ], [ 86.231883831000061, 27.314728395000031 ], [ 86.233789768000065, 27.314064270000074 ], [ 86.233791957000051, 27.312227457000063 ], [ 86.235482332000061, 27.310108895000042 ], [ 86.236049519000062, 27.307438082000033 ], [ 86.238833269000054, 27.306460394000055 ], [ 86.239852018000079, 27.305152707000047 ], [ 86.240351144000044, 27.302806395000061 ], [ 86.23779601800004, 27.297627456000043 ], [ 86.238169706000065, 27.295106707000059 ], [ 86.240311332000033, 27.291022894000037 ], [ 86.242545331000031, 27.289730706000057 ], [ 86.242525644000068, 27.288026957000056 ], [ 86.23792583200003, 27.286205832000064 ], [ 86.23583633100003, 27.284702894000077 ], [ 86.23391833200003, 27.281540144000076 ], [ 86.231332769000062, 27.280490207000071 ], [ 86.229222393000043, 27.277418832000023 ], [ 86.225800643000071, 27.276743269000065 ], [ 86.225411644000076, 27.274019832000079 ], [ 86.221784956000079, 27.272745081000039 ], [ 86.221199206000051, 27.270404144000054 ], [ 86.218211957000051, 27.267587207000076 ], [ 86.216558581000072, 27.266952894000042 ], [ 86.213729206000039, 27.263527457000066 ], [ 86.213491957000031, 27.260633332000054 ], [ 86.210762894000084, 27.259218894000071 ], [ 86.20906233200003, 27.257379332000028 ], [ 86.206637957000055, 27.253653707000069 ], [ 86.207676269000046, 27.252729956000053 ], [ 86.207478769000033, 27.250086457000066 ], [ 86.205937019000032, 27.249955895000028 ], [ 86.199682456000062, 27.252102394000076 ], [ 86.195424894000041, 27.254291519000049 ], [ 86.193368331000045, 27.254861832000074 ], [ 86.187898331000042, 27.252560207000045 ], [ 86.18312958100006, 27.251893894000034 ], [ 86.180052081000042, 27.252239207000059 ], [ 86.177094206000049, 27.253142457000024 ], [ 86.167689394000035, 27.252863457000046 ], [ 86.164372331000038, 27.251979519000031 ], [ 86.160329206000085, 27.25242464400003 ], [ 86.158482518000085, 27.251675707000061 ], [ 86.15673883200003, 27.248907769000027 ], [ 86.155770519000043, 27.245986581000068 ], [ 86.153056018000086, 27.241874707000079 ], [ 86.150681019000046, 27.242453769000065 ], [ 86.148565456000085, 27.243975332000048 ], [ 86.144852894000053, 27.247730019000073 ], [ 86.143238206000035, 27.248645332000024 ], [ 86.138368394000054, 27.25005733100005 ], [ 86.13466733100006, 27.254545144000076 ], [ 86.133736519000081, 27.256712332000063 ], [ 86.131917206000082, 27.258508519000031 ], [ 86.131270457000085, 27.260589519000064 ], [ 86.131901519000053, 27.262761831000034 ], [ 86.129873019000058, 27.264538581000068 ], [ 86.126831707000065, 27.265557582000042 ], [ 86.124830207000059, 27.266842581000049 ], [ 86.11971195600006, 27.268410269000071 ], [ 86.11682314400008, 27.270244644000059 ], [ 86.116255957000078, 27.271511394000072 ], [ 86.114021081000033, 27.272307270000056 ], [ 86.111985081000057, 27.271073707000028 ], [ 86.109702581000079, 27.268134831000054 ], [ 86.108184143000074, 27.267644582000059 ], [ 86.098259956000049, 27.267427520000069 ], [ 86.094486894000056, 27.268059769000047 ], [ 86.090706081000064, 27.270700207000061 ], [ 86.087896331000081, 27.271825831000058 ], [ 86.084141081000041, 27.275118269000075 ], [ 86.08050933100003, 27.274999707000063 ], [ 86.078723644000036, 27.276292144000024 ], [ 86.077805894000051, 27.279663957000025 ], [ 86.078457144000083, 27.284449644000063 ], [ 86.077662331000056, 27.290358519000051 ], [ 86.076557081000033, 27.291267269000059 ], [ 86.070806706000042, 27.290841144000069 ], [ 86.065765456000065, 27.291100894000067 ], [ 86.062531457000034, 27.289874332000068 ], [ 86.061380831000065, 27.287041582000029 ], [ 86.057731768000053, 27.287772894000057 ], [ 86.055079206000073, 27.290647769000032 ], [ 86.054236206000041, 27.292438144000073 ], [ 86.051628643000072, 27.295236519000071 ], [ 86.048927331000073, 27.297000707000052 ], [ 86.04476001900008, 27.296929457000033 ], [ 86.041178143000081, 27.297988019000059 ], [ 86.040139268000075, 27.298994019000077 ], [ 86.038202518000048, 27.302807582000071 ], [ 86.034416957000076, 27.307923832000029 ], [ 86.032888206000052, 27.309143019000032 ], [ 86.030136581000079, 27.309548144000075 ], [ 86.027479081000081, 27.30810589500004 ], [ 86.023832144000039, 27.308669394000049 ], [ 86.023219956000048, 27.309671457000036 ], [ 86.023875331000056, 27.311855707000063 ], [ 86.02542289400003, 27.313306081000064 ], [ 86.024539706000041, 27.315211082000076 ], [ 86.023220206000076, 27.315874269000062 ], [ 86.02058239400003, 27.320346081000025 ], [ 86.017030956000042, 27.322464706000062 ], [ 86.013314456000046, 27.325407957000039 ], [ 86.01002989300008, 27.329116769000052 ], [ 86.002256768000052, 27.33531389500007 ], [ 85.99890133100007, 27.337600394000049 ], [ 85.994520831000045, 27.337920957000051 ], [ 85.988716393000061, 27.334984144000032 ], [ 85.985529768000049, 27.335730456000078 ], [ 85.984163269000078, 27.338489082000024 ], [ 85.983891582000069, 27.340434394000056 ], [ 85.984460144000082, 27.344102831000043 ], [ 85.985439644000053, 27.347086144000059 ], [ 85.985024643000031, 27.351205519000075 ], [ 85.982108893000031, 27.352601269000047 ], [ 85.980898019000051, 27.35457801900003 ], [ 85.981824519000043, 27.356414707000056 ], [ 85.981530019000047, 27.358702769000047 ], [ 85.980340581000064, 27.360641332000057 ], [ 85.979513706000034, 27.365617331000067 ], [ 85.979714081000054, 27.370291707000035 ], [ 85.978937269000085, 27.371317207000061 ], [ 85.972501019000049, 27.374868895000077 ], [ 85.97155314400004, 27.376718894000078 ], [ 85.969881581000038, 27.382126332000041 ], [ 85.968287456000041, 27.384212957000045 ], [ 85.963637394000045, 27.387156832000073 ], [ 85.960743268000044, 27.388610957000026 ], [ 85.958027893000065, 27.388994644000036 ], [ 85.956493269000077, 27.388540957000032 ], [ 85.955242081000051, 27.387085206000052 ], [ 85.95503276900007, 27.383563769000034 ], [ 85.954116457000055, 27.381014020000066 ], [ 85.950454394000076, 27.38128658100004 ], [ 85.94822933100005, 27.379988207000054 ], [ 85.945110769000053, 27.381929957000068 ], [ 85.943925018000073, 27.384646644000043 ], [ 85.94148795600006, 27.386534831000063 ], [ 85.937444206000066, 27.387941331000036 ], [ 85.935700643000075, 27.390355895000027 ], [ 85.936146268000073, 27.392683332000047 ], [ 85.935892894000062, 27.395190395000043 ], [ 85.933170769000071, 27.396613707000029 ], [ 85.930719018000048, 27.396766394000053 ], [ 85.92923595600007, 27.398404394000067 ], [ 85.928245643000082, 27.402986206000037 ], [ 85.926928643000053, 27.40467508100005 ], [ 85.923244018000048, 27.406659269000045 ], [ 85.920222581000075, 27.408752394000032 ], [ 85.917381831000057, 27.408448269000075 ], [ 85.912493331000064, 27.409222519000025 ], [ 85.908535768000036, 27.41119752000003 ], [ 85.906187956000053, 27.411765769000056 ], [ 85.902904018000072, 27.414251207000063 ], [ 85.898471081000082, 27.415996519000032 ], [ 85.89705426900008, 27.415572394000037 ], [ 85.894923956000071, 27.413330832000042 ], [ 85.893149894000032, 27.413524332000065 ], [ 85.891127769000036, 27.415584082000066 ], [ 85.88815758100003, 27.419642082000053 ], [ 85.884368331000076, 27.418406895000032 ], [ 85.88082533100004, 27.416413270000078 ], [ 85.875978518000068, 27.419140457000026 ], [ 85.873174144000075, 27.419291644000054 ], [ 85.869307456000058, 27.41887901900003 ], [ 85.864454894000062, 27.422770019000041 ], [ 85.859133893000035, 27.424450394000075 ], [ 85.85550545600006, 27.424492832000055 ], [ 85.854138768000041, 27.425007332000064 ], [ 85.851005268000051, 27.427619144000062 ], [ 85.847649894000085, 27.428209644000049 ], [ 85.842741581000041, 27.433130582000047 ], [ 85.840620268000066, 27.434389957000064 ], [ 85.837564394000083, 27.43478645700003 ], [ 85.83385958100007, 27.436262707000026 ], [ 85.832085268000071, 27.437581270000067 ], [ 85.83095583100004, 27.440872769000066 ], [ 85.829318706000038, 27.442359457000066 ], [ 85.831352081000034, 27.445032145000027 ], [ 85.831199768000033, 27.447839832000057 ], [ 85.829756643000053, 27.448610644000041 ], [ 85.826518019000048, 27.448700832000043 ], [ 85.823827206000033, 27.450740332000066 ], [ 85.820041644000071, 27.452278707000062 ], [ 85.817941331000043, 27.451514081000028 ], [ 85.811582893000036, 27.454866894000077 ], [ 85.811675831000059, 27.459202019000031 ], [ 85.811710331000086, 27.462029457000028 ], [ 85.813824706000048, 27.463182332000031 ], [ 85.815933706000067, 27.462818957000025 ], [ 85.817043768000076, 27.464010644000041 ], [ 85.815776206000066, 27.46752639400006 ], [ 85.816485330000035, 27.47292264400005 ], [ 85.815394018000063, 27.47455820700003 ], [ 85.812262956000041, 27.475682207000034 ], [ 85.809462956000061, 27.479324707000046 ], [ 85.810821456000042, 27.482531144000063 ], [ 85.810636394000085, 27.484395520000078 ], [ 85.808355581000058, 27.487778457000047 ], [ 85.806241831000079, 27.489375770000038 ], [ 85.804986706000079, 27.491623520000076 ], [ 85.804779268000061, 27.495775457000036 ], [ 85.804198706000079, 27.49740408200006 ], [ 85.801232019000054, 27.498768331000065 ], [ 85.800110644000085, 27.500035706000062 ], [ 85.802104144000054, 27.502117332000068 ], [ 85.802826831000061, 27.505891457000075 ], [ 85.805749394000031, 27.50634751900003 ], [ 85.807029831000079, 27.507576894000067 ], [ 85.807261081000036, 27.510712769000065 ], [ 85.808716081000057, 27.510750081000026 ], [ 85.810514393000062, 27.509513269000024 ], [ 85.814123393000045, 27.511331019000067 ], [ 85.817202269000063, 27.515231207000056 ], [ 85.819280456000058, 27.516018270000075 ], [ 85.821212768000066, 27.517575644000033 ], [ 85.821219893000034, 27.520411832000036 ], [ 85.820268831000078, 27.522700582000027 ], [ 85.818344831000047, 27.524015457000075 ], [ 85.821813894000059, 27.525495644000046 ], [ 85.821554956000057, 27.528031707000025 ], [ 85.822612706000086, 27.53030370700003 ], [ 85.825038956000071, 27.532575957000063 ], [ 85.827175081000064, 27.536427332000073 ], [ 85.827270456000065, 27.53933870700007 ], [ 85.829097518000083, 27.541590020000058 ], [ 85.830881956000042, 27.546446957000057 ], [ 85.830481081000073, 27.548566707000077 ], [ 85.828062894000084, 27.555685082000025 ], [ 85.827145456000039, 27.561613519000048 ], [ 85.825717331000078, 27.565024145000052 ], [ 85.825563831000068, 27.566868457000055 ], [ 85.826692581000032, 27.569980269000041 ], [ 85.827025644000059, 27.571007457000064 ], [ 85.829229144000067, 27.57297995700003 ], [ 85.828695956000047, 27.574988019000045 ], [ 85.830811581000034, 27.575581144000068 ], [ 85.831616206000035, 27.574026644000071 ], [ 85.833872519000067, 27.576304082000036 ], [ 85.835554831000081, 27.576719769000078 ], [ 85.838301956000066, 27.575686894000057 ], [ 85.840097394000054, 27.575638707000053 ], [ 85.84199433100008, 27.577348957000027 ], [ 85.843774706000033, 27.576840395000033 ], [ 85.844916893000061, 27.577727520000053 ], [ 85.849067519000073, 27.578989395000065 ], [ 85.847914956000068, 27.580362894000075 ], [ 85.849819893000074, 27.584906957000044 ], [ 85.853218831000049, 27.586767145000067 ], [ 85.853004519000081, 27.588076269000055 ], [ 85.854989769000042, 27.591201769000065 ], [ 85.858726456000056, 27.591595770000026 ], [ 85.859534893000045, 27.592762144000062 ], [ 85.861241894000045, 27.59259789400005 ], [ 85.865501644000062, 27.594588957000042 ], [ 85.868396456000085, 27.59803301900007 ], [ 85.870288893000065, 27.602236020000078 ], [ 85.871224643000062, 27.603358207000042 ], [ 85.873538831000076, 27.608661144000052 ], [ 85.875786581000057, 27.610628769000073 ], [ 85.876922456000045, 27.612630270000068 ], [ 85.87893383100004, 27.612610395000047 ], [ 85.88331308100004, 27.614290520000054 ], [ 85.884634018000042, 27.612796207000031 ], [ 85.88503933100003, 27.610791395000035 ], [ 85.887382768000066, 27.610458270000038 ], [ 85.887857143000076, 27.611863207000056 ], [ 85.893515019000063, 27.611935457000072 ], [ 85.896226269000067, 27.611016207000034 ], [ 85.899075956000047, 27.609134582000024 ], [ 85.902142393000076, 27.608588019000024 ], [ 85.904214018000062, 27.60903083200003 ], [ 85.906904331000078, 27.607497457000079 ], [ 85.908055893000039, 27.60608508200005 ], [ 85.910644956000056, 27.605360895000047 ], [ 85.911502269000039, 27.604108645000053 ], [ 85.915389706000042, 27.603771332000065 ], [ 85.917395081000052, 27.604827082000043 ], [ 85.919402706000085, 27.603468770000063 ], [ 85.921111268000061, 27.603382707000037 ], [ 85.922389644000077, 27.600700894000056 ], [ 85.923601831000042, 27.59986195700003 ], [ 85.92804695600006, 27.598472645000072 ], [ 85.929185768000082, 27.599246332000064 ], [ 85.932891706000078, 27.595001457000023 ], [ 85.936224268000046, 27.594869082000059 ], [ 85.938631581000038, 27.592692207000027 ], [ 85.943193644000075, 27.593485082000029 ], [ 85.944005956000069, 27.590971019000051 ], [ 85.945755893000069, 27.590844394000044 ], [ 85.948488019000081, 27.589425644000073 ], [ 85.949835457000063, 27.59004051900007 ], [ 85.954584331000035, 27.58879476900006 ], [ 85.954881019000084, 27.58621583200005 ], [ 85.956209393000051, 27.585030020000033 ], [ 85.957865581000078, 27.58218370700007 ], [ 85.961280956000053, 27.580747207000059 ], [ 85.962095956000041, 27.579573269000036 ], [ 85.963965644000041, 27.579214894000074 ], [ 85.964090331000079, 27.577868894000062 ], [ 85.967066081000041, 27.57609958200004 ], [ 85.968482644000062, 27.572531582000067 ], [ 85.971306393000077, 27.570077394000066 ], [ 85.97435564400007, 27.566733520000071 ], [ 85.976198581000062, 27.565607707000026 ], [ 85.979447081000046, 27.560609082000042 ], [ 85.981972331000065, 27.558199832000071 ], [ 85.983358456000076, 27.556244707000076 ], [ 85.98463389300008, 27.554789707000054 ], [ 85.988009519000059, 27.552242144000047 ], [ 85.990491519000045, 27.551059832000078 ], [ 85.994410394000056, 27.548150519000046 ], [ 85.996448956000052, 27.545292957000072 ], [ 85.999999956000067, 27.545715707000056 ], [ 86.001283394000041, 27.543024081000056 ], [ 86.002927581000051, 27.540953332000072 ], [ 86.001054706000048, 27.538886644000058 ], [ 86.001192081000056, 27.536780207000049 ], [ 85.998316518000081, 27.532630457000039 ], [ 85.99877970600005, 27.53119883200003 ], [ 85.996901519000062, 27.528836457000068 ], [ 85.994362581000075, 27.524691269000073 ], [ 85.994002394000063, 27.522940019000032 ], [ 85.992443144000049, 27.522369145000027 ], [ 85.99011426800007, 27.519331082000065 ], [ 85.990105143000051, 27.511704645000066 ], [ 85.989400956000054, 27.50988320700003 ], [ 85.990429081000059, 27.507478644000059 ], [ 85.992872143000056, 27.507676832000072 ], [ 85.996235206000051, 27.507274707000079 ], [ 85.996224519000066, 27.504515207000054 ], [ 85.997938332000047, 27.50339258200006 ], [ 86.001294706000067, 27.506446957000037 ], [ 86.002645394000069, 27.503922769000042 ], [ 86.002981706000071, 27.502093081000055 ], [ 86.00477595600006, 27.502778270000078 ], [ 86.007606331000034, 27.501970457000027 ], [ 86.008540268000047, 27.502978895000069 ], [ 86.010402457000055, 27.502755270000023 ], [ 86.011400331000061, 27.50088958200007 ], [ 86.013148894000039, 27.50092008200005 ], [ 86.018541269000082, 27.501926144000038 ], [ 86.020399831000077, 27.501756520000072 ], [ 86.023343269000065, 27.500556519000042 ], [ 86.027380894000032, 27.501823519000027 ], [ 86.034158956000056, 27.502676270000052 ], [ 86.03701314400007, 27.501974019000045 ], [ 86.041187456000046, 27.500202269000056 ], [ 86.042644018000033, 27.498996145000035 ], [ 86.045405894000055, 27.499369332000072 ], [ 86.046841956000037, 27.497680144000071 ], [ 86.050246644000083, 27.49808026900007 ], [ 86.056898644000057, 27.499472519000051 ], [ 86.057986831000051, 27.500795332000052 ], [ 86.05999339400006, 27.498911332000034 ], [ 86.061195831000077, 27.500505644000043 ], [ 86.062590144000069, 27.496986145000051 ], [ 86.064713893000032, 27.496932707000042 ], [ 86.064907769000058, 27.498619519000044 ], [ 86.06660114400006, 27.498676019000072 ], [ 86.067161268000064, 27.501757457000053 ], [ 86.070128018000048, 27.501339582000071 ], [ 86.071035643000073, 27.500000832000069 ], [ 86.074909519000073, 27.500414769000031 ], [ 86.076347144000067, 27.501705895000043 ], [ 86.078926706000061, 27.497291519000044 ], [ 86.080393144000084, 27.496561144000054 ], [ 86.082763894000038, 27.497197269000026 ], [ 86.085662893000062, 27.49626870700007 ], [ 86.090914643000076, 27.497704394000039 ], [ 86.09587483100006, 27.499999769000055 ], [ 86.098471019000044, 27.497875332000035 ], [ 86.100952144000075, 27.498141832000044 ], [ 86.103546707000078, 27.495617895000066 ], [ 86.106415393000077, 27.491335707000076 ], [ 86.109183144000042, 27.488584894000041 ], [ 86.109307331000082, 27.486825707000037 ], [ 86.111616019000053, 27.485026331000029 ], [ 86.112825457000042, 27.481784770000047 ], [ 86.116065582000033, 27.481024769000044 ], [ 86.117450769000072, 27.479485644000079 ], [ 86.117510956000046, 27.477726082000061 ], [ 86.114907582000058, 27.474724332000051 ], [ 86.116328894000048, 27.473835332000078 ], [ 86.11878633200007, 27.474275145000036 ], [ 86.12011814300007, 27.476005145000045 ], [ 86.124990143000048, 27.477892894000036 ], [ 86.125415894000071, 27.479723206000074 ], [ 86.126673956000047, 27.481121019000057 ], [ 86.128208706000066, 27.484952957000075 ], [ 86.130555331000039, 27.486560644000065 ], [ 86.131770331000041, 27.489702332000036 ], [ 86.134416581000039, 27.489948957000024 ], [ 86.135569644000043, 27.492226082000059 ], [ 86.137983268000085, 27.493484332000037 ], [ 86.13994845600007, 27.495353457000078 ], [ 86.144347768000046, 27.495937894000065 ], [ 86.144391081000038, 27.49831189400004 ], [ 86.145482894000054, 27.502122894000024 ], [ 86.144577019000053, 27.505635019000067 ], [ 86.14515739400008, 27.509659457000055 ], [ 86.146849018000069, 27.51152458200005 ], [ 86.150127394000037, 27.513652144000048 ], [ 86.150061081000047, 27.515371019000042 ], [ 86.152156206000086, 27.514846832000046 ], [ 86.152279331000045, 27.517027207000069 ], [ 86.154069956000058, 27.521323020000068 ], [ 86.15495539300008, 27.524392457000033 ], [ 86.154376206000052, 27.527274895000062 ], [ 86.15568458100006, 27.527880832000051 ], [ 86.154621331000044, 27.530633894000061 ], [ 86.156827956000086, 27.532908207000048 ], [ 86.156469519000041, 27.535017957000036 ], [ 86.157737332000067, 27.536729207000064 ], [ 86.160700768000083, 27.53862220700006 ], [ 86.161094706000085, 27.541492457000061 ], [ 86.163321457000052, 27.541704395000068 ], [ 86.166212956000038, 27.546029207000061 ], [ 86.16985151800003, 27.547995957000069 ], [ 86.172491956000044, 27.550696831000039 ], [ 86.174804269000049, 27.550365332000069 ], [ 86.176522581000086, 27.552756020000061 ], [ 86.178008956000042, 27.553315332000068 ], [ 86.178835769000045, 27.555075707000071 ], [ 86.182912206000083, 27.556491895000079 ], [ 86.186750706000055, 27.558854394000036 ], [ 86.188711769000065, 27.561896082000032 ], [ 86.190702893000037, 27.564865832000066 ], [ 86.190712331000043, 27.566296395000052 ], [ 86.192596519000062, 27.567846207000059 ], [ 86.19338951900005, 27.570382457000051 ], [ 86.195551082000065, 27.572579207000047 ], [ 86.197711894000065, 27.573379145000047 ], [ 86.201019393000081, 27.576764707000052 ], [ 86.202955394000071, 27.577680644000054 ], [ 86.20518983200003, 27.580137145000037 ], [ 86.207523207000065, 27.580696457000045 ], [ 86.210671956000056, 27.580730207000045 ], [ 86.212648019000085, 27.581989207000049 ], [ 86.21785058100005, 27.58153352000005 ], [ 86.22065920700004, 27.583259645000055 ], [ 86.22246064400008, 27.582552207000049 ], [ 86.22415058100006, 27.582931707000057 ], [ 86.225703519000035, 27.584377707000044 ], [ 86.227980581000054, 27.585006332000034 ], [ 86.231399019000037, 27.584650769000064 ], [ 86.234047581000084, 27.585484457000064 ], [ 86.238109269000063, 27.586100207000072 ], [ 86.241249957000036, 27.588985207000064 ], [ 86.243191644000035, 27.589151582000056 ], [ 86.249785081000084, 27.590895394000029 ], [ 86.250910956000041, 27.592740457000048 ], [ 86.255889144000037, 27.593496082000058 ], [ 86.260917706000043, 27.594978269000023 ], [ 86.261712082000031, 27.597189270000058 ], [ 86.264334394000059, 27.598006457000054 ], [ 86.26915589400005, 27.596044082000049 ], [ 86.271285706000072, 27.594836770000029 ], [ 86.273832269000081, 27.596571770000025 ], [ 86.277404081000043, 27.598029957000051 ], [ 86.281286019000049, 27.600439644000062 ], [ 86.282771269000079, 27.603105394000067 ], [ 86.284410394000076, 27.604122457000074 ], [ 86.288636394000036, 27.602587269000026 ], [ 86.291213581000079, 27.603135207000037 ], [ 86.294714082000041, 27.60589451900006 ], [ 86.297272957000075, 27.608739332000027 ], [ 86.301016018000041, 27.610116582000046 ], [ 86.301599206000049, 27.612522582000054 ], [ 86.302777518000084, 27.614500582000062 ], [ 86.305012331000057, 27.615168394000079 ], [ 86.30545476900005, 27.616465769000058 ], [ 86.304532581000046, 27.618428707000078 ], [ 86.30555933200003, 27.622326145000045 ], [ 86.306786956000053, 27.624956457000053 ], [ 86.308351144000085, 27.62700858200003 ], [ 86.307824019000066, 27.629846769000039 ], [ 86.308153144000073, 27.63260120700005 ], [ 86.30930989400008, 27.63661202000003 ], [ 86.312003081000057, 27.64003258200006 ], [ 86.31344633100008, 27.64277445700003 ], [ 86.314078331000076, 27.645756020000078 ], [ 86.317525394000086, 27.647483332000036 ], [ 86.320332269000062, 27.649446707000038 ], [ 86.322932269000034, 27.652101645000073 ], [ 86.324629394000056, 27.654497082000034 ], [ 86.328508206000038, 27.656452019000028 ], [ 86.33254420600008, 27.661083519000044 ], [ 86.334731394000073, 27.665045019000047 ], [ 86.335441082000045, 27.667182957000023 ], [ 86.33503270600005, 27.668909394000025 ], [ 86.335918456000059, 27.671276082000077 ], [ 86.335590456000034, 27.672542582000062 ], [ 86.338414769000053, 27.675615832000062 ], [ 86.340591519000043, 27.681914644000074 ], [ 86.343280019000076, 27.684339582000064 ], [ 86.347375519000082, 27.686060207000025 ], [ 86.350540832000036, 27.688861707000058 ], [ 86.351381957000058, 27.691036270000041 ], [ 86.354287894000038, 27.693687644000079 ], [ 86.357076644000074, 27.693698270000027 ], [ 86.360573206000083, 27.691940957000043 ], [ 86.365891456000043, 27.691850332000058 ], [ 86.369500519000042, 27.692311332000031 ], [ 86.371508207000034, 27.691600644000061 ], [ 86.373188332000041, 27.692197145000023 ], [ 86.378163457000085, 27.692109019000043 ], [ 86.380713957000069, 27.693690894000042 ], [ 86.38081476900004, 27.694916582000076 ], [ 86.384498519000033, 27.70135014400006 ], [ 86.386740144000044, 27.702170145000025 ], [ 86.389129207000053, 27.704443895000054 ], [ 86.392801956000085, 27.706398332000049 ], [ 86.394977582000081, 27.70874989400005 ], [ 86.397356582000043, 27.710217894000039 ], [ 86.399010456000042, 27.712039270000048 ], [ 86.402815394000072, 27.714221832000078 ], [ 86.406260144000044, 27.715105395000023 ], [ 86.408981894000078, 27.716493395000043 ], [ 86.411456957000041, 27.718728770000041 ], [ 86.412389331000043, 27.717798582000057 ], [ 86.415345957000056, 27.717423019000023 ], [ 86.417395707000082, 27.716637394000031 ], [ 86.421509707000041, 27.716210144000058 ], [ 86.422826519000068, 27.715202520000048 ], [ 86.425789269000063, 27.718655832000024 ], [ 86.427771894000045, 27.722657832000039 ], [ 86.428670519000036, 27.729081020000024 ], [ 86.429930144000082, 27.733549332000052 ], [ 86.429332706000082, 27.73711645700007 ], [ 86.425433582000039, 27.740909144000057 ], [ 86.41957345700007, 27.742425770000068 ], [ 86.412936082000044, 27.747014332000049 ], [ 86.413478706000035, 27.749764895000055 ], [ 86.41500951900008, 27.751165832000027 ], [ 86.413719207000042, 27.755354957000065 ], [ 86.412714769000047, 27.760492958000043 ], [ 86.41570964400006, 27.765158332000055 ], [ 86.416236144000038, 27.767933645000028 ], [ 86.414263769000058, 27.76995376900004 ], [ 86.415520081000068, 27.774641020000047 ], [ 86.41856583200007, 27.777835394000078 ], [ 86.421847394000054, 27.783113269000069 ], [ 86.424544081000079, 27.785450770000068 ], [ 86.424589831000048, 27.786224957000059 ], [ 86.417252144000031, 27.788274582000042 ], [ 86.414722519000065, 27.78993358200006 ], [ 86.414589394000075, 27.791036395000049 ], [ 86.417337332000045, 27.791752083000063 ], [ 86.419850207000081, 27.793960270000071 ], [ 86.420337581000069, 27.796378895000032 ], [ 86.419789144000049, 27.799668645000054 ], [ 86.418893081000078, 27.800978082000029 ], [ 86.421423144000073, 27.802863707000029 ], [ 86.422465394000085, 27.808892582000055 ], [ 86.422122707000085, 27.813270707000072 ], [ 86.425903081000058, 27.814601957000036 ], [ 86.429637519000039, 27.814486582000029 ], [ 86.432248082000058, 27.81507270700007 ], [ 86.434241831000065, 27.819550707000076 ], [ 86.43805745700007, 27.823171957000056 ], [ 86.440577144000031, 27.826490020000051 ], [ 86.441085831000066, 27.828089582000075 ], [ 86.445743144000062, 27.830439270000056 ], [ 86.452384144000064, 27.832259520000036 ], [ 86.455619019000039, 27.828668894000032 ], [ 86.457353332000082, 27.823736520000068 ], [ 86.460938144000067, 27.822753270000078 ], [ 86.463768144000085, 27.822926708000068 ], [ 86.467196082000044, 27.823702645000026 ], [ 86.471927394000033, 27.825735770000051 ], [ 86.476141769000037, 27.82114658200004 ], [ 86.48087595700008, 27.820907207000062 ], [ 86.481564269000046, 27.820126832000028 ], [ 86.482833394000068, 27.813409894000074 ], [ 86.482575394000037, 27.811287895000078 ], [ 86.487828644000047, 27.809520457000076 ], [ 86.489077895000037, 27.808620270000063 ], [ 86.496760831000074, 27.811247832000049 ], [ 86.500000144000069, 27.813502457000027 ], [ 86.502526769000042, 27.813170832000026 ], [ 86.50344533100008, 27.810886207000067 ], [ 86.505687582000064, 27.808707770000069 ], [ 86.507770581000045, 27.808311269000058 ], [ 86.513077144000079, 27.806143707000047 ], [ 86.515498832000048, 27.806118395000055 ], [ 86.518446707000066, 27.806902645000037 ], [ 86.522948206000081, 27.807119082000042 ], [ 86.52495970700005, 27.805645832000039 ], [ 86.527154831000075, 27.80548639400007 ], [ 86.534338269000045, 27.806754020000028 ], [ 86.540541456000085, 27.807178707000048 ], [ 86.543147144000045, 27.808365207000065 ], [ 86.544839394000064, 27.810900207000032 ], [ 86.548792706000086, 27.81119295700006 ], [ 86.550623707000057, 27.810734082000067 ], [ 86.555369331000065, 27.808484020000037 ], [ 86.563153519000082, 27.805952395000077 ], [ 86.564589832000081, 27.806189332000031 ], [ 86.567765644000076, 27.804283645000055 ], [ 86.569499144000076, 27.803736207000043 ], [ 86.568558706000033, 27.802050020000024 ], [ 86.568046582000079, 27.799347520000026 ], [ 86.571231269000066, 27.795115395000039 ], [ 86.571248019000052, 27.790846332000058 ], [ 86.57001633200008, 27.788462020000054 ], [ 86.568585332000055, 27.787004457000023 ], [ 86.568015019000086, 27.782530519000034 ], [ 86.568612081000083, 27.780237582000041 ], [ 86.568302269000071, 27.775967520000052 ], [ 86.56633326900004, 27.770211957000072 ], [ 86.568486644000075, 27.762346207000064 ], [ 86.572776581000085, 27.759078707000072 ], [ 86.57517845700005, 27.754322832000071 ], [ 86.571597644000065, 27.751640144000078 ], [ 86.565301644000044, 27.74907077000006 ], [ 86.565690707000044, 27.744660707000037 ], [ 86.562600332000045, 27.741160332000049 ], [ 86.560672831000034, 27.738162207000073 ], [ 86.559952269000064, 27.735079895000069 ], [ 86.559052645000065, 27.733578832000035 ], [ 86.558685770000068, 27.731172270000059 ], [ 86.559311581000031, 27.728308645000027 ], [ 86.55678183100008, 27.723740332000034 ], [ 86.555961456000034, 27.719301582000071 ], [ 86.553735706000055, 27.717274957000029 ], [ 86.553906457000039, 27.713495957000077 ], [ 86.553374394000059, 27.710599270000046 ], [ 86.551200707000078, 27.709398582000063 ], [ 86.550322269000048, 27.707746332000056 ], [ 86.547115769000072, 27.704946957000061 ], [ 86.54405620600005, 27.703208457000073 ], [ 86.542666144000066, 27.70133558200007 ], [ 86.541524581000033, 27.696342832000028 ], [ 86.543193019000057, 27.692530520000048 ], [ 86.541606957000056, 27.689600894000023 ], [ 86.541225519000079, 27.687526020000064 ], [ 86.541396707000047, 27.682882832000075 ], [ 86.539014082000051, 27.678332770000054 ], [ 86.541219769000065, 27.674709457000063 ], [ 86.540443269000036, 27.67002933200007 ], [ 86.53789189400004, 27.66807577000003 ], [ 86.536320645000046, 27.66384652000005 ], [ 86.534974269000031, 27.662276020000036 ], [ 86.53173858100007, 27.661669457000073 ], [ 86.529916207000042, 27.660523770000054 ], [ 86.529591207000067, 27.659270395000078 ], [ 86.531064082000057, 27.656700770000043 ], [ 86.53111283100003, 27.654579894000051 ], [ 86.529353269000069, 27.652843207000046 ], [ 86.528625207000061, 27.650130769000043 ], [ 86.524539144000073, 27.649081144000036 ], [ 86.521609144000081, 27.647211770000069 ], [ 86.518554644000062, 27.646632520000026 ], [ 86.516383207000047, 27.647960769000065 ], [ 86.515402206000033, 27.646962269000028 ], [ 86.515099332000034, 27.644255770000029 ], [ 86.513790956000037, 27.64215052000003 ], [ 86.509365394000042, 27.639914519000058 ], [ 86.50839183100004, 27.634734832000049 ], [ 86.506636206000053, 27.63334089500006 ], [ 86.506867769000053, 27.631342520000032 ], [ 86.506357581000032, 27.629088769000077 ], [ 86.502896082000063, 27.62445520700004 ], [ 86.502266956000085, 27.62008439400006 ], [ 86.500000144000069, 27.618575832000033 ], [ 86.497880769000062, 27.618556894000051 ], [ 86.494900269000084, 27.613462269000024 ], [ 86.491748081000082, 27.615025769000056 ], [ 86.48701333200006, 27.616876707000074 ], [ 86.482767769000077, 27.616768394000076 ], [ 86.47902270700007, 27.615547207000077 ], [ 86.475307582000084, 27.616695270000037 ], [ 86.472094019000053, 27.616845519000037 ], [ 86.469638269000086, 27.61587720700004 ], [ 86.46603758100008, 27.615800207000063 ], [ 86.461271831000033, 27.614852144000054 ], [ 86.457146081000076, 27.613707832000046 ], [ 86.449808956000084, 27.612631957000076 ], [ 86.44877264400003, 27.611914832000025 ], [ 86.444007144000068, 27.610968394000054 ], [ 86.439505582000038, 27.610629957000071 ], [ 86.437185644000067, 27.610002270000052 ], [ 86.43261883100007, 27.603961269000024 ], [ 86.427068081000073, 27.60172039400004 ], [ 86.422271644000034, 27.597977394000054 ], [ 86.421587394000085, 27.59431008200005 ], [ 86.420351831000062, 27.591105332000041 ], [ 86.415845457000046, 27.586519395000039 ], [ 86.413316331000033, 27.586468145000026 ], [ 86.410203581000076, 27.584200769000063 ], [ 86.408149894000076, 27.584528269000032 ], [ 86.405013644000064, 27.583946207000054 ], [ 86.403457957000057, 27.582851957000059 ], [ 86.400630707000062, 27.583031582000046 ], [ 86.395114268000043, 27.576811519000046 ], [ 86.39213783200006, 27.575196457000061 ], [ 86.390131082000039, 27.572155020000025 ], [ 86.387681394000083, 27.571604957000034 ], [ 86.384208519000083, 27.571524144000023 ], [ 86.382658269000046, 27.570887707000054 ], [ 86.378679269000031, 27.567789957000059 ], [ 86.377536269000075, 27.565275707000069 ], [ 86.374024706000057, 27.561789520000048 ], [ 86.371623081000052, 27.557908894000036 ], [ 86.371131769000044, 27.55615345700005 ], [ 86.373051769000085, 27.551658269000029 ], [ 86.371345207000047, 27.548577332000036 ], [ 86.367207269000062, 27.546396895000044 ], [ 86.364731769000059, 27.543359707000036 ], [ 86.363135394000039, 27.542341519000047 ], [ 86.360919082000066, 27.539492770000038 ], [ 86.360330268000041, 27.536590519000072 ], [ 86.360775831000069, 27.534291019000079 ], [ 86.35982070700004, 27.533113270000058 ], [ 86.360035707000065, 27.529323457000032 ], [ 86.357985519000067, 27.525976707000041 ], [ 86.357327707000081, 27.524567894000029 ], [ 86.352608582000073, 27.523884894000048 ], [ 86.350372019000076, 27.523026082000058 ], [ 86.348917956000037, 27.523231332000023 ], [ 86.343760394000071, 27.521596020000061 ], [ 86.340656769000077, 27.519789707000029 ], [ 86.336797832000059, 27.515425520000065 ], [ 86.335694019000073, 27.512374019000049 ], [ 86.335589019000054, 27.510577395000041 ], [ 86.333180581000079, 27.509643019000066 ], [ 86.328413394000052, 27.504297145000066 ], [ 86.32739433100005, 27.500000457000056 ], [ 86.326369394000039, 27.499081644000057 ], [ 86.322597331000054, 27.498916707000035 ], [ 86.321107081000036, 27.497846645000038 ], [ 86.317924957000059, 27.492156145000024 ], [ 86.315288957000064, 27.491387269000029 ], [ 86.314675707000049, 27.489644582000039 ], [ 86.313205581000034, 27.489186019000044 ], [ 86.312468956000032, 27.487598395000077 ], [ 86.308826519000036, 27.484829707000074 ], [ 86.307768206000048, 27.482561270000076 ], [ 86.30536151900003, 27.482244644000048 ], [ 86.299658394000062, 27.479262394000045 ], [ 86.297765894000065, 27.47896858200005 ], [ 86.297247144000039, 27.477492519000066 ], [ 86.295322332000069, 27.47620564500005 ], [ 86.294311519000075, 27.472750395000048 ], [ 86.294532457000059, 27.470334894000075 ], [ 86.291553269000076, 27.468196457000033 ], [ 86.287509207000085, 27.466201456000078 ], [ 86.284363707000068, 27.46551964400004 ], [ 86.279130957000064, 27.463861269000063 ], [ 86.277149331000032, 27.462151894000044 ], [ 86.27495364400005, 27.461750144000064 ], [ 86.273624832000053, 27.46036902000003 ], [ 86.269983394000064, 27.458935269000051 ], [ 86.26531320600003, 27.454810707000036 ], [ 86.262119019000068, 27.44869245700005 ], [ 86.259395706000078, 27.445205332000057 ], [ 86.258890081000061, 27.442806331000043 ], [ 86.257080707000057, 27.439791082000056 ], [ 86.258262956000067, 27.439301019000027 ], [ 86.258922769000037, 27.437217270000076 ], [ 86.258219331000078, 27.435322645000042 ], [ 86.253626832000066, 27.432227144000024 ], [ 86.254353957000035, 27.428266457000063 ], [ 86.25032920600006, 27.42419908200003 ], [ 86.250832456000069, 27.42123902000003 ], [ 86.249790394000058, 27.41913495700004 ], [ 86.247078769000041, 27.419670957000051 ], [ 86.244942206000076, 27.419174269000052 ], [ 86.243594831000053, 27.417910145000064 ], [ 86.242676519000042, 27.415287645000035 ], [ 86.23992514400004, 27.412413769000068 ], [ 86.239949644000035, 27.409843832000035 ], [ 86.236813269000038, 27.407563457000037 ], [ 86.238459331000058, 27.406223144000023 ], [ 86.23882283100005, 27.404690644000027 ], [ 86.23782058200004, 27.403408082000055 ], [ 86.234748957000079, 27.402082582000048 ], [ 86.232958206000035, 27.399076145000038 ], [ 86.230078581000043, 27.397598144000028 ], [ 86.230143394000038, 27.395646644000067 ], [ 86.228948519000085, 27.392776644000037 ], [ 86.229864643000042, 27.391001394000057 ], [ 86.229288269000051, 27.388401019000071 ], [ 86.227284144000066, 27.386769832000027 ], [ 86.228178644000081, 27.38482295700004 ], [ 86.226792644000056, 27.382831832000079 ], [ 86.224469269000053, 27.382193894000068 ], [ 86.226173019000043, 27.378243332000068 ] ] ] } },
{ "type": "Feature", "properties": { "DISTRICT": "RASUWA", "STATE_CODE": 3, "PR_NAME": "Bagmati Province" }, "geometry": { "type": "Polygon", "coordinates": [ [ [ 85.394140768000057, 28.035586957000078 ], [ 85.393509018000032, 28.032292833000042 ], [ 85.392102956000031, 28.030317332000038 ], [ 85.382504830000073, 28.025241270000038 ], [ 85.379643330000079, 28.022799707000047 ], [ 85.377426580000076, 28.021865395000077 ], [ 85.375165268000046, 28.022422770000048 ], [ 85.373378018000039, 28.021574332000057 ], [ 85.371482893000064, 28.018581520000055 ], [ 85.369498518000057, 28.017116833000046 ], [ 85.365911206000078, 28.015841770000065 ], [ 85.361166643000047, 28.012895145000073 ], [ 85.357237956000063, 28.011496957000077 ], [ 85.351382330000035, 28.011047020000035 ], [ 85.346889956000041, 28.011165583000036 ], [ 85.34430070600007, 28.009724520000077 ], [ 85.34019220600004, 28.004341207000039 ], [ 85.33892326800003, 28.002090769000063 ], [ 85.337844956000083, 27.998347270000068 ], [ 85.335724893000076, 27.992766144000029 ], [ 85.334273268000061, 27.990161020000073 ], [ 85.331879393000065, 27.988325270000075 ], [ 85.326673081000081, 27.986992644000054 ], [ 85.324441018000073, 27.988658770000029 ], [ 85.321262768000054, 27.989178895000066 ], [ 85.316244893000032, 27.988020082000048 ], [ 85.311601206000034, 27.987480082000047 ], [ 85.306911830000047, 27.986098957000024 ], [ 85.300760268000033, 27.982624270000031 ], [ 85.297651643000052, 27.982856708000043 ], [ 85.295316080000077, 27.982224457000029 ], [ 85.292175643000064, 27.982933082000045 ], [ 85.288869018000071, 27.979016019000028 ], [ 85.286801393000076, 27.977397457000052 ], [ 85.283044206000056, 27.972633958000074 ], [ 85.282009018000053, 27.968045769000071 ], [ 85.278553081000041, 27.964919457000065 ], [ 85.273132456000042, 27.967313770000032 ], [ 85.271255456000063, 27.966685833000042 ], [ 85.268241705000037, 27.967990583000073 ], [ 85.26679964300007, 27.969134207000025 ], [ 85.26186258000007, 27.971956770000077 ], [ 85.259167830000081, 27.97142870700003 ], [ 85.258146392000072, 27.973960332000047 ], [ 85.257071518000032, 27.974017582000045 ], [ 85.255776893000075, 27.971292770000048 ], [ 85.252354768000032, 27.971594707000065 ], [ 85.250274330000082, 27.972437082000056 ], [ 85.247073330000035, 27.972689458000048 ], [ 85.238591580000048, 27.974279957000078 ], [ 85.236349768000082, 27.972964520000062 ], [ 85.234696080000049, 27.972913958000049 ], [ 85.231071455000063, 27.974243645000058 ], [ 85.229306643000029, 27.974480519000053 ], [ 85.224650456000063, 27.973764020000033 ], [ 85.222571955000035, 27.975199269000029 ], [ 85.220466768000051, 27.975109707000058 ], [ 85.218675206000057, 27.973821583000074 ], [ 85.215657331000045, 27.972677395000062 ], [ 85.212829268000064, 27.973801082000023 ], [ 85.206823392000047, 27.974981958000058 ], [ 85.200258080000083, 27.975120582000045 ], [ 85.196862518000046, 27.975723208000034 ], [ 85.191645643000072, 27.97606408300004 ], [ 85.190169080000032, 27.975824145000047 ], [ 85.186475080000037, 27.972740395000073 ], [ 85.185020580000071, 27.974291582000035 ], [ 85.183739956000068, 27.979315644000053 ], [ 85.182533268000043, 27.98169045700007 ], [ 85.182906143000082, 27.98470814500007 ], [ 85.182570643000076, 27.987849270000027 ], [ 85.18465920500006, 27.989123957000061 ], [ 85.185117580000053, 27.990367707000075 ], [ 85.184658080000077, 27.993088020000073 ], [ 85.188270017000036, 27.996339457000033 ], [ 85.186221892000049, 28.002489208000043 ], [ 85.186887143000035, 28.003988269000047 ], [ 85.186220080000055, 28.005280020000043 ], [ 85.186024393000082, 28.009403645000077 ], [ 85.187195830000064, 28.014232770000035 ], [ 85.189669080000044, 28.018470894000075 ], [ 85.188752768000086, 28.01918495700005 ], [ 85.184525518000044, 28.019776457000034 ], [ 85.179953205000061, 28.020788207000066 ], [ 85.178155330000038, 28.020228332000045 ], [ 85.175520393000056, 28.021074333000058 ], [ 85.171686580000085, 28.021558208000044 ], [ 85.168296955000073, 28.024039520000031 ], [ 85.16339139300004, 28.024241333000077 ], [ 85.158842393000043, 28.026515582000059 ], [ 85.154711330000055, 28.02669245800007 ], [ 85.150615393000066, 28.027365332000045 ], [ 85.147007267000049, 28.027050333000034 ], [ 85.142506455000046, 28.028940082000076 ], [ 85.14080983000008, 28.030255957000065 ], [ 85.138359267000055, 28.033091895000041 ], [ 85.135276955000052, 28.037947708000047 ], [ 85.135593768000035, 28.039788332000057 ], [ 85.138065456000049, 28.044255270000065 ], [ 85.140107331000081, 28.048757269000077 ], [ 85.144859705000044, 28.053257020000046 ], [ 85.147591393000084, 28.057651645000078 ], [ 85.151606643000036, 28.062599457000033 ], [ 85.154448893000051, 28.065391208000051 ], [ 85.156936706000067, 28.068864957000073 ], [ 85.159879268000054, 28.07066302000004 ], [ 85.160845206000033, 28.072319832000062 ], [ 85.163581768000086, 28.073465332000069 ], [ 85.165616830000033, 28.075593583000057 ], [ 85.168867831000057, 28.076899269000023 ], [ 85.172678456000085, 28.081117207000034 ], [ 85.172132893000082, 28.08317489500007 ], [ 85.164469330000031, 28.086177582000062 ], [ 85.161750143000063, 28.086563833000071 ], [ 85.157848268000066, 28.088162520000026 ], [ 85.154624330000047, 28.087623395000037 ], [ 85.153456518000041, 28.087915270000053 ], [ 85.148686830000031, 28.087050582000074 ], [ 85.141344018000041, 28.085349832000077 ], [ 85.138005080000084, 28.083850208000058 ], [ 85.131901517000074, 28.085725895000053 ], [ 85.12867701700003, 28.088096520000079 ], [ 85.126461831000086, 28.089256332000048 ], [ 85.124711557000069, 28.091032670000061 ], [ 85.125334705000057, 28.095406645000025 ], [ 85.124970705000067, 28.099538270000039 ], [ 85.126045831000056, 28.102539082000078 ], [ 85.126347955000085, 28.105338645000074 ], [ 85.128947830000072, 28.107286832000057 ], [ 85.137156767000079, 28.108771270000034 ], [ 85.140073330000064, 28.109726145000025 ], [ 85.143957580000063, 28.111762519000024 ], [ 85.148858456000085, 28.114805708000063 ], [ 85.15187820500006, 28.11705895800003 ], [ 85.157385643000055, 28.125235958000076 ], [ 85.160048705000065, 28.128290770000035 ], [ 85.160255143000086, 28.131506083000033 ], [ 85.158368955000071, 28.133665333000067 ], [ 85.156685705000029, 28.139270082000053 ], [ 85.158442581000031, 28.142465645000073 ], [ 85.164715830000034, 28.148661708000077 ], [ 85.166666518000056, 28.150100270000053 ], [ 85.171597705000067, 28.15471020800004 ], [ 85.173201267000081, 28.156794582000032 ], [ 85.174494768000045, 28.159450145000051 ], [ 85.176432768000041, 28.162190395000039 ], [ 85.180139955000072, 28.164795770000069 ], [ 85.184891580000055, 28.166803333000075 ], [ 85.190392018000068, 28.167786645000035 ], [ 85.19625558000007, 28.167586645000029 ], [ 85.198006768000084, 28.168638395000073 ], [ 85.201828205000083, 28.175418145000037 ], [ 85.20267208000007, 28.17955964500004 ], [ 85.201149206000082, 28.183521020000057 ], [ 85.201337143000046, 28.185360208000077 ], [ 85.202852456000073, 28.187826332000043 ], [ 85.203646830000082, 28.19242614500007 ], [ 85.204830080000079, 28.194046895000042 ], [ 85.20607276800007, 28.197503457000039 ], [ 85.205725518000065, 28.200599520000026 ], [ 85.206626330000063, 28.203824458000042 ], [ 85.20502951800006, 28.206942770000069 ], [ 85.204167393000034, 28.209840333000045 ], [ 85.201887143000079, 28.212493145000053 ], [ 85.193234956000083, 28.217520895000064 ], [ 85.190837455000064, 28.219290207000029 ], [ 85.189746893000063, 28.223103332000051 ], [ 85.191025581000076, 28.22407583200004 ], [ 85.190380581000056, 28.226899208000077 ], [ 85.190663955000048, 28.228160145000061 ], [ 85.193176706000031, 28.23032427000004 ], [ 85.195406330000083, 28.234203207000064 ], [ 85.194774581000047, 28.239124583000034 ], [ 85.197022080000067, 28.244760770000028 ], [ 85.20437439300008, 28.249375083000075 ], [ 85.20481858100004, 28.250016458000061 ], [ 85.202674518000038, 28.256426583000064 ], [ 85.200660268000036, 28.258977833000074 ], [ 85.197360518000039, 28.261082270000031 ], [ 85.194821268000055, 28.26427645800004 ], [ 85.190763831000083, 28.265417333000073 ], [ 85.18979145600008, 28.266195083000071 ], [ 85.188455330000068, 28.268988395000065 ], [ 85.187013081000032, 28.273136145000024 ], [ 85.186556205000045, 28.275829333000047 ], [ 85.184751893000055, 28.277730957000074 ], [ 85.182856455000035, 28.280729832000077 ], [ 85.182209768000064, 28.284762396000076 ], [ 85.181360893000033, 28.286543020000067 ], [ 85.181884268000033, 28.288929832000065 ], [ 85.181556456000067, 28.291269895000028 ], [ 85.179446643000063, 28.295084958000075 ], [ 85.181495206000079, 28.300438833000044 ], [ 85.181155831000069, 28.302138270000057 ], [ 85.179523330000052, 28.305680770000038 ], [ 85.17596095600004, 28.311423708000063 ], [ 85.173572893000085, 28.314268770000069 ], [ 85.169722955000054, 28.320460707000052 ], [ 85.16588314300003, 28.325470270000039 ], [ 85.16208395600006, 28.331724832000077 ], [ 85.169071017000078, 28.331425895000052 ], [ 85.171259518000056, 28.330220520000069 ], [ 85.172438017000047, 28.328698895000059 ], [ 85.176393955000037, 28.327717270000051 ], [ 85.177856580000082, 28.32670752000007 ], [ 85.181911893000063, 28.325503833000027 ], [ 85.184493768000038, 28.324324145000048 ], [ 85.187792080000065, 28.327683957000033 ], [ 85.19274245500003, 28.331410520000077 ], [ 85.195841768000037, 28.333007708000025 ], [ 85.19779339300004, 28.336674583000047 ], [ 85.200571956000033, 28.339154333000067 ], [ 85.202508456000032, 28.340260771000032 ], [ 85.204701142000033, 28.340469271000075 ], [ 85.206297393000057, 28.339843770000073 ], [ 85.212500205000083, 28.336077708000062 ], [ 85.217645393000055, 28.331842520000066 ], [ 85.221161706000032, 28.330633458000079 ], [ 85.227856643000052, 28.325912583000047 ], [ 85.230873892000034, 28.324892770000076 ], [ 85.233558518000052, 28.322287707000044 ], [ 85.238616830000069, 28.320917583000039 ], [ 85.243708143000049, 28.317624958000067 ], [ 85.246366956000031, 28.313943770000037 ], [ 85.247032643000068, 28.311126770000044 ], [ 85.248259831000041, 28.308428708000065 ], [ 85.249362455000039, 28.303040395000039 ], [ 85.250139643000068, 28.302131083000063 ], [ 85.254836143000034, 28.298816646000034 ], [ 85.256363205000071, 28.296555645000069 ], [ 85.257030830000076, 28.294266457000049 ], [ 85.261186581000061, 28.294844083000044 ], [ 85.266140768000071, 28.296496895000075 ], [ 85.268643392000058, 28.297913020000067 ], [ 85.271257455000068, 28.297920270000077 ], [ 85.272729143000049, 28.297195895000073 ], [ 85.275581831000068, 28.294241082000042 ], [ 85.275932331000035, 28.291406583000025 ], [ 85.275089455000057, 28.289715707000028 ], [ 85.275166080000076, 28.287585333000038 ], [ 85.28919908000006, 28.28778520700007 ], [ 85.295192143000065, 28.287356270000032 ], [ 85.297179768000035, 28.289376833000063 ], [ 85.300996206000036, 28.290610582000056 ], [ 85.305410518000031, 28.289713458000051 ], [ 85.308186393000085, 28.29118939500006 ], [ 85.30986639300005, 28.290965708000044 ], [ 85.313506205000067, 28.291758708000032 ], [ 85.319404080000083, 28.293673520000027 ], [ 85.325164518000065, 28.29583983200007 ], [ 85.327649330000042, 28.298944646000052 ], [ 85.333849143000066, 28.300030270000036 ], [ 85.338490268000044, 28.302328770000031 ], [ 85.34207570500007, 28.303728332000048 ], [ 85.344678393000038, 28.302516083000057 ], [ 85.348913768000045, 28.302226145000077 ], [ 85.350462830000083, 28.301506958000061 ], [ 85.350447580000036, 28.292887270000051 ], [ 85.349413393000077, 28.291216833000078 ], [ 85.350529830000085, 28.288295645000062 ], [ 85.35493170500007, 28.286512708000032 ], [ 85.357941643000061, 28.286760333000075 ], [ 85.362259268000059, 28.285681832000023 ], [ 85.36624495500007, 28.285450270000069 ], [ 85.370364143000074, 28.285905333000073 ], [ 85.373098456000037, 28.28533870800004 ], [ 85.377830893000066, 28.282588458000077 ], [ 85.379724706000047, 28.278459020000071 ], [ 85.382878705000053, 28.28020708300005 ], [ 85.383955018000051, 28.281506833000037 ], [ 85.388792456000033, 28.284532520000027 ], [ 85.38974995500007, 28.286289208000028 ], [ 85.392576580000082, 28.287970332000043 ], [ 85.394232706000082, 28.288325708000059 ], [ 85.396549518000086, 28.291555020000033 ], [ 85.399027081000042, 28.29395702000005 ], [ 85.399984830000051, 28.298098020000054 ], [ 85.402791455000056, 28.299434020000035 ], [ 85.404383518000031, 28.300811833000068 ], [ 85.407963706000032, 28.302911270000038 ], [ 85.41106695600007, 28.305459957000039 ], [ 85.411597706000066, 28.306708770000057 ], [ 85.414647518000038, 28.308718771000031 ], [ 85.415688580000051, 28.312017332000039 ], [ 85.416393955000046, 28.31585627000004 ], [ 85.416240955000035, 28.318452145000037 ], [ 85.415382830000055, 28.323051770000063 ], [ 85.415781393000032, 28.324895208000044 ], [ 85.417662581000059, 28.326930770000047 ], [ 85.420675018000054, 28.327231020000056 ], [ 85.423738643000036, 28.329073707000077 ], [ 85.426883768000039, 28.329992832000073 ], [ 85.432511269000031, 28.330071520000047 ], [ 85.434693706000076, 28.331262207000066 ], [ 85.437123769000038, 28.333456395000042 ], [ 85.439648581000085, 28.334589333000054 ], [ 85.442429831000084, 28.33512614600005 ], [ 85.448310769000045, 28.335449582000024 ], [ 85.449567080000065, 28.335021145000042 ], [ 85.454682018000085, 28.335174271000028 ], [ 85.46028464300008, 28.336824332000049 ], [ 85.467625144000067, 28.335642457000063 ], [ 85.470756643000072, 28.334381520000079 ], [ 85.480974330000038, 28.332755082000062 ], [ 85.485856581000064, 28.33300427000006 ], [ 85.489055706000045, 28.331081270000027 ], [ 85.493060769000067, 28.331008146000045 ], [ 85.498828331000084, 28.332172083000046 ], [ 85.500227455000072, 28.333429270000067 ], [ 85.502508455000054, 28.33313645800007 ], [ 85.508815581000079, 28.333807833000037 ], [ 85.51398845500006, 28.331752833000053 ], [ 85.520719893000035, 28.33070708300005 ], [ 85.525284643000077, 28.328816521000078 ], [ 85.528342205000058, 28.328145708000079 ], [ 85.532738143000074, 28.325463458000058 ], [ 85.537598206000041, 28.323013895000031 ], [ 85.541111268000066, 28.319821083000079 ], [ 85.54548808100003, 28.31891358200005 ], [ 85.54711745600008, 28.317836895000028 ], [ 85.549564831000055, 28.315228083000079 ], [ 85.553981330000056, 28.314221458000077 ], [ 85.560160393000046, 28.31114208300005 ], [ 85.564524143000085, 28.309561583000061 ], [ 85.568118393000077, 28.310131708000029 ], [ 85.570335268000065, 28.309390208000025 ], [ 85.572734831000048, 28.309302520000074 ], [ 85.578218456000059, 28.310153770000056 ], [ 85.580752330000053, 28.309002645000078 ], [ 85.582730955000045, 28.306126645000063 ], [ 85.590350705000048, 28.30818395700004 ], [ 85.595396580000056, 28.308265270000049 ], [ 85.602899456000046, 28.304153083000074 ], [ 85.598934518000078, 28.298822396000048 ], [ 85.599185393000084, 28.292298645000074 ], [ 85.600775893000048, 28.289001020000057 ], [ 85.601122330000067, 28.284700332000057 ], [ 85.600922768000032, 28.281179082000051 ], [ 85.601271643000075, 28.279050832000053 ], [ 85.603644643000052, 28.272399895000035 ], [ 85.60399695600006, 28.26988364500005 ], [ 85.605066331000046, 28.267679270000031 ], [ 85.605920019000052, 28.26444170700006 ], [ 85.607717831000059, 28.262815520000061 ], [ 85.608596144000046, 28.260909208000044 ], [ 85.609167330000048, 28.257298770000034 ], [ 85.610988019000047, 28.256667583000024 ], [ 85.613932080000041, 28.258342021000033 ], [ 85.62154345600004, 28.262028520000058 ], [ 85.623054143000047, 28.263185207000049 ], [ 85.629263393000031, 28.266929333000064 ], [ 85.632793769000045, 28.270903520000047 ], [ 85.639130206000061, 28.275018395000075 ], [ 85.640415268000083, 28.277251020000051 ], [ 85.643490519000068, 28.280897895000066 ], [ 85.64686770600008, 28.287940520000063 ], [ 85.647416768000085, 28.289590520000047 ], [ 85.651274268000066, 28.292394457000057 ], [ 85.654708019000054, 28.29612577000006 ], [ 85.663031893000039, 28.302761020000048 ], [ 85.663945956000077, 28.304624395000076 ], [ 85.662033331000032, 28.308305333000078 ], [ 85.658314518000054, 28.312259520000055 ], [ 85.655987706000076, 28.316261145000055 ], [ 85.657026268000038, 28.320038770000053 ], [ 85.660392830000035, 28.325118395000061 ], [ 85.663648956000031, 28.32603464500005 ], [ 85.664869831000033, 28.32879427000006 ], [ 85.666704456000048, 28.331537395000055 ], [ 85.666709705000073, 28.335458208000034 ], [ 85.66803708100008, 28.338324895000028 ], [ 85.668077518000075, 28.343058208000059 ], [ 85.668635394000034, 28.345509083000024 ], [ 85.66788964300008, 28.347252395000055 ], [ 85.668791393000049, 28.348438833000046 ], [ 85.67199445500006, 28.349322770000072 ], [ 85.678510956000082, 28.350495958000067 ], [ 85.683837581000034, 28.349482708000039 ], [ 85.686078394000049, 28.347113020000052 ], [ 85.68850545600003, 28.34674833300005 ], [ 85.688232643000049, 28.349055833000079 ], [ 85.687660393000044, 28.359529083000041 ], [ 85.687308268000038, 28.362963708000052 ], [ 85.686270705000084, 28.37751789500004 ], [ 85.686655268000038, 28.382536520000031 ], [ 85.691732706000039, 28.38393439500004 ], [ 85.694928644000072, 28.384384645000068 ], [ 85.697635018000085, 28.385527208000042 ], [ 85.703244830000074, 28.384418896000057 ], [ 85.706031143000075, 28.385126645000071 ], [ 85.709759831000042, 28.385200395000027 ], [ 85.713797706000037, 28.386080020000065 ], [ 85.714764269000057, 28.38295789600005 ], [ 85.71609270600004, 28.381420583000079 ], [ 85.71857689400008, 28.37692764600007 ], [ 85.721960581000076, 28.373889082000062 ], [ 85.726641269000083, 28.373163583000064 ], [ 85.725640894000037, 28.371868395000035 ], [ 85.722613331000048, 28.369489333000047 ], [ 85.72122083000005, 28.367136895000044 ], [ 85.722878205000086, 28.362225458000069 ], [ 85.722251769000081, 28.359268833000044 ], [ 85.724999144000037, 28.353059083000062 ], [ 85.727433893000068, 28.352109583000072 ], [ 85.729062393000049, 28.349331895000034 ], [ 85.728934581000033, 28.348288457000024 ], [ 85.730274393000059, 28.345530645000053 ], [ 85.730482581000047, 28.34289764500005 ], [ 85.733742456000073, 28.340290708000055 ], [ 85.734584518000077, 28.339143457000034 ], [ 85.734267644000056, 28.336160458000052 ], [ 85.731131330000039, 28.332995520000054 ], [ 85.729882706000069, 28.330114332000051 ], [ 85.73040633100004, 28.327838458000031 ], [ 85.734416205000059, 28.325881457000037 ], [ 85.738214894000066, 28.323428270000079 ], [ 85.738383456000065, 28.321291207000058 ], [ 85.739562831000057, 28.319059708000054 ], [ 85.739017956000055, 28.312543957000059 ], [ 85.739972705000071, 28.309211707000031 ], [ 85.738387269000043, 28.306715458000042 ], [ 85.73859520600007, 28.303322207000065 ], [ 85.737922580000031, 28.301217895000036 ], [ 85.738339456000062, 28.298446957000067 ], [ 85.735224269000071, 28.294334832000061 ], [ 85.735501768000063, 28.290772958000048 ], [ 85.737900956000033, 28.288063270000066 ], [ 85.739055581000059, 28.285919395000064 ], [ 85.74053970600005, 28.284527645000026 ], [ 85.741758644000072, 28.275909770000055 ], [ 85.74497801900003, 28.272205770000028 ], [ 85.745423269000071, 28.269434958000033 ], [ 85.744805080000049, 28.267198145000066 ], [ 85.74469601900006, 28.264140270000041 ], [ 85.745288268000081, 28.261303207000026 ], [ 85.745347956000046, 28.256694770000024 ], [ 85.747935206000079, 28.253531020000025 ], [ 85.750711081000077, 28.248888583000053 ], [ 85.750402455000085, 28.244601645000046 ], [ 85.75062876800007, 28.240075895000075 ], [ 85.751881768000032, 28.237181645000078 ], [ 85.756060331000072, 28.235229958000048 ], [ 85.757400706000055, 28.233577208000042 ], [ 85.759339581000063, 28.228733145000035 ], [ 85.761022393000076, 28.22771739500007 ], [ 85.766276081000058, 28.227144520000024 ], [ 85.770176581000044, 28.222451082000077 ], [ 85.774488643000041, 28.219665270000064 ], [ 85.777876581000044, 28.216088207000041 ], [ 85.778264269000033, 28.214471832000072 ], [ 85.776967831000036, 28.211096583000028 ], [ 85.778697768000086, 28.208384457000079 ], [ 85.781271081000057, 28.207933645000026 ], [ 85.784221393000053, 28.208343457000069 ], [ 85.786647144000085, 28.205285520000075 ], [ 85.790255268000067, 28.204042832000027 ], [ 85.793287643000042, 28.203575520000072 ], [ 85.796893018000048, 28.200207457000033 ], [ 85.80151664400006, 28.197998770000027 ], [ 85.802336644000036, 28.196196582000027 ], [ 85.802451018000056, 28.194735708000053 ], [ 85.801508393000063, 28.190350770000066 ], [ 85.799776456000075, 28.188587145000042 ], [ 85.796003456000051, 28.18797870800006 ], [ 85.796022581000045, 28.18437152000007 ], [ 85.793245768000077, 28.182675332000031 ], [ 85.789657269000031, 28.181362270000079 ], [ 85.782655706000071, 28.177920645000029 ], [ 85.781518206000044, 28.174693458000036 ], [ 85.780756331000077, 28.174133833000042 ], [ 85.777401206000036, 28.175344833000054 ], [ 85.773952644000076, 28.174919207000073 ], [ 85.768955144000074, 28.176191832000029 ], [ 85.764986893000071, 28.175404895000042 ], [ 85.761524394000048, 28.175558582000065 ], [ 85.757212644000049, 28.174567457000023 ], [ 85.752007018000086, 28.175059332000046 ], [ 85.749949893000064, 28.174420145000056 ], [ 85.746399519000079, 28.171770707000064 ], [ 85.744870518000084, 28.171294207000074 ], [ 85.740045518000045, 28.171820708000041 ], [ 85.739028331000043, 28.171148083000048 ], [ 85.73281251800006, 28.170330395000065 ], [ 85.729995643000052, 28.169478645000027 ], [ 85.726836268000056, 28.170114832000024 ], [ 85.725996581000061, 28.173193208000043 ], [ 85.725167518000035, 28.173677270000042 ], [ 85.721555706000061, 28.173864708000053 ], [ 85.718333269000084, 28.172307270000033 ], [ 85.715560581000034, 28.170424645000026 ], [ 85.714810768000063, 28.168432332000066 ], [ 85.715666706000036, 28.165667707000068 ], [ 85.715585893000082, 28.162389020000035 ], [ 85.712290456000062, 28.16167445800005 ], [ 85.709577081000077, 28.161910645000034 ], [ 85.705707831000041, 28.163800770000023 ], [ 85.704162331000077, 28.163021333000074 ], [ 85.701032143000077, 28.159167833000026 ], [ 85.695786768000062, 28.157735020000075 ], [ 85.690865206000069, 28.155847208000068 ], [ 85.685718831000031, 28.155786645000035 ], [ 85.684460268000066, 28.15668370800006 ], [ 85.683731331000047, 28.15748439500004 ], [ 85.679593393000061, 28.158008520000067 ], [ 85.676370893000069, 28.157163020000041 ], [ 85.671922518000031, 28.155152770000029 ], [ 85.666964206000046, 28.153633708000029 ], [ 85.664600144000076, 28.154064145000063 ], [ 85.660979393000048, 28.153715208000051 ], [ 85.654911269000081, 28.151783332000036 ], [ 85.653169644000059, 28.15093827000004 ], [ 85.651847893000081, 28.147410458000024 ], [ 85.650762268000051, 28.146068833000072 ], [ 85.643892144000063, 28.144559332000028 ], [ 85.639884830000085, 28.141117645000065 ], [ 85.637631893000048, 28.13786245700004 ], [ 85.637969331000079, 28.13517895800004 ], [ 85.636134393000077, 28.133092020000049 ], [ 85.635110268000062, 28.130440083000053 ], [ 85.63372508100008, 28.129643457000043 ], [ 85.63168551900003, 28.12983289500005 ], [ 85.629502269000056, 28.129062145000034 ], [ 85.627901519000034, 28.12933483300003 ], [ 85.623030644000039, 28.131598395000026 ], [ 85.618807955000079, 28.132516895000037 ], [ 85.617251643000031, 28.133904458000075 ], [ 85.616747706000069, 28.13549658200003 ], [ 85.616605643000071, 28.139643770000077 ], [ 85.617937268000048, 28.143196832000058 ], [ 85.616107268000064, 28.146068270000058 ], [ 85.61531276900007, 28.150274332000038 ], [ 85.613731081000083, 28.151368270000034 ], [ 85.609546205000072, 28.152492207000023 ], [ 85.607357268000044, 28.15531020700007 ], [ 85.60391564300005, 28.157896520000065 ], [ 85.601113956000063, 28.157723582000074 ], [ 85.599084643000083, 28.156250020000073 ], [ 85.596239894000064, 28.155677208000043 ], [ 85.591337768000074, 28.153546895000034 ], [ 85.589817456000048, 28.153892208000059 ], [ 85.586262831000056, 28.153230708000024 ], [ 85.581233018000034, 28.157049895000057 ], [ 85.578215706000037, 28.156535833000078 ], [ 85.573915893000049, 28.160822583000026 ], [ 85.571927705000064, 28.161643208000044 ], [ 85.569929581000054, 28.161604332000024 ], [ 85.566232331000037, 28.162772582000059 ], [ 85.563372581000067, 28.164423270000043 ], [ 85.560266143000035, 28.166809020000073 ], [ 85.556815768000035, 28.168085707000046 ], [ 85.554481831000032, 28.167760957000041 ], [ 85.549740768000049, 28.168369645000041 ], [ 85.546225206000031, 28.167630708000047 ], [ 85.542160956000032, 28.167321332000029 ], [ 85.53525245600008, 28.167254332000027 ], [ 85.534593144000041, 28.163491208000039 ], [ 85.532739581000044, 28.160694395000064 ], [ 85.529125768000085, 28.15718602000004 ], [ 85.526554643000054, 28.157036582000046 ], [ 85.52297614400004, 28.155012833000058 ], [ 85.51687795600003, 28.154085207000037 ], [ 85.512316706000036, 28.152767957000037 ], [ 85.509644768000044, 28.152671270000042 ], [ 85.505568394000079, 28.151913957000033 ], [ 85.50385508100004, 28.150194333000059 ], [ 85.500546518000078, 28.145012457000064 ], [ 85.497487518000071, 28.141548520000072 ], [ 85.492617768000059, 28.138493145000041 ], [ 85.493226768000056, 28.133455833000028 ], [ 85.495576268000036, 28.127770207000026 ], [ 85.497201081000071, 28.124975458000051 ], [ 85.49762258100003, 28.122114895000038 ], [ 85.495761830000049, 28.117673020000041 ], [ 85.493739456000071, 28.114412770000058 ], [ 85.491511518000038, 28.112411208000026 ], [ 85.491524268000035, 28.105562145000079 ], [ 85.489172956000061, 28.104935770000054 ], [ 85.483304206000071, 28.105452770000056 ], [ 85.475739893000082, 28.104972645000032 ], [ 85.473281643000064, 28.103539520000027 ], [ 85.460727518000056, 28.093418395000072 ], [ 85.457928331000062, 28.091900582000051 ], [ 85.453798268000071, 28.091806832000032 ], [ 85.449009268000054, 28.090625770000031 ], [ 85.446896643000059, 28.089161395000076 ], [ 85.446283893000043, 28.086390833000053 ], [ 85.444072893000055, 28.082364708000057 ], [ 85.440206393000039, 28.082123333000027 ], [ 85.438092706000077, 28.080893458000048 ], [ 85.43483870600005, 28.080322958000068 ], [ 85.430249580000066, 28.075644644000079 ], [ 85.427986268000041, 28.072315895000031 ], [ 85.430024705000051, 28.067597707000061 ], [ 85.429918956000051, 28.065419582000061 ], [ 85.428588393000041, 28.062410520000071 ], [ 85.426865706000058, 28.060995895000076 ], [ 85.422771455000031, 28.059673520000047 ], [ 85.420699956000078, 28.059814520000032 ], [ 85.417845268000065, 28.061612708000041 ], [ 85.414562581000041, 28.061806770000032 ], [ 85.412146955000082, 28.060383270000045 ], [ 85.410707706000039, 28.058065458000044 ], [ 85.407348393000063, 28.055056583000066 ], [ 85.406607205000057, 28.053895645000068 ], [ 85.40615101800006, 28.04907927000005 ], [ 85.404885956000044, 28.043901270000049 ], [ 85.406294893000052, 28.04015320700006 ], [ 85.40139795500005, 28.03665458200004 ], [ 85.399671331000036, 28.036694770000054 ], [ 85.397566893000032, 28.037796832000026 ], [ 85.394140768000057, 28.035586957000078 ] ] ] } },
{ "type": "Feature", "properties": { "DISTRICT": "SINDHULI", "STATE_CODE": 3, "PR_NAME": "Bagmati Province" }, "geometry": { "type": "Polygon", "coordinates": [ [ [ 86.316933082000048, 27.102415582000049 ], [ 86.32003626900007, 27.101606956000069 ], [ 86.324327769000035, 27.099795331000053 ], [ 86.325452082000083, 27.098792081000056 ], [ 86.327304582000068, 27.098868644000049 ], [ 86.330201644000056, 27.100220644000046 ], [ 86.334303644000045, 27.099499957000035 ], [ 86.336436269000046, 27.100561581000079 ], [ 86.342775894000056, 27.106025206000027 ], [ 86.346427082000048, 27.105347207000023 ], [ 86.350505206000037, 27.105898644000035 ], [ 86.352101206000043, 27.104619769000067 ], [ 86.357279331000086, 27.103959832000044 ], [ 86.358536706000052, 27.102234769000063 ], [ 86.358204206000039, 27.100240706000079 ], [ 86.360242332000041, 27.098889332000056 ], [ 86.362379457000031, 27.099530831000038 ], [ 86.364813893000075, 27.098702457000059 ], [ 86.362358457000084, 27.096563394000043 ], [ 86.361740457000053, 27.095215644000064 ], [ 86.359401019000074, 27.093864582000037 ], [ 86.361156332000064, 27.091514456000027 ], [ 86.360244581000075, 27.089894582000056 ], [ 86.360652581000068, 27.08369764400004 ], [ 86.359032893000062, 27.081171956000048 ], [ 86.357755269000052, 27.081364706000045 ], [ 86.356762582000044, 27.075344081000026 ], [ 86.353858269000057, 27.073507394000046 ], [ 86.353592456000058, 27.070022081000047 ], [ 86.352604644000053, 27.069299957000055 ], [ 86.350633081000069, 27.070441707000043 ], [ 86.349301019000052, 27.070022582000036 ], [ 86.348142394000035, 27.067959269000028 ], [ 86.34926095700007, 27.064243332000046 ], [ 86.353187019000075, 27.064507394000032 ], [ 86.35271489400003, 27.063428832000056 ], [ 86.353533457000083, 27.061297894000063 ], [ 86.358419019000053, 27.058932769000023 ], [ 86.360784207000052, 27.057280456000058 ], [ 86.363273519000074, 27.054502581000065 ], [ 86.365864331000068, 27.053367956000045 ], [ 86.366605894000031, 27.049514769000041 ], [ 86.366409144000045, 27.045837894000044 ], [ 86.366878457000041, 27.044391207000047 ], [ 86.366492144000063, 27.041936644000032 ], [ 86.369166144000076, 27.037424144000056 ], [ 86.371029394000061, 27.036644956000032 ], [ 86.373322831000053, 27.036790582000037 ], [ 86.376015644000063, 27.035807394000074 ], [ 86.377601269000081, 27.034458207000057 ], [ 86.379780894000078, 27.034903331000066 ], [ 86.381539457000031, 27.034304019000047 ], [ 86.384657769000057, 27.032027332000041 ], [ 86.381745269000078, 27.031109582000056 ], [ 86.38186733100008, 27.028718144000038 ], [ 86.380106957000066, 27.027652082000031 ], [ 86.376466582000035, 27.022603769000057 ], [ 86.377815207000083, 27.020504331000041 ], [ 86.376419144000067, 27.019329207000055 ], [ 86.374365082000054, 27.015321394000068 ], [ 86.376380957000038, 27.013066956000046 ], [ 86.376015831000075, 27.011488019000069 ], [ 86.374582519000057, 27.010466144000077 ], [ 86.376433581000072, 27.008319331000052 ], [ 86.375476207000077, 27.003244457000051 ], [ 86.369036269000048, 27.000000144000069 ], [ 86.369982081000046, 26.998397644000079 ], [ 86.370551082000077, 26.995121331000064 ], [ 86.36905826900005, 26.990242644000034 ], [ 86.368760144000078, 26.983805519000043 ], [ 86.366938019000031, 26.978573206000078 ], [ 86.363934082000071, 26.974477519000061 ], [ 86.360513268000034, 26.971537456000078 ], [ 86.357229707000045, 26.966133706000051 ], [ 86.35535051800008, 26.964267956000072 ], [ 86.352628456000048, 26.963585269000077 ], [ 86.348489394000069, 26.963360832000035 ], [ 86.344997769000031, 26.964245082000048 ], [ 86.339599831000044, 26.963472956000032 ], [ 86.335420769000052, 26.964434956000048 ], [ 86.332956081000077, 26.963588394000055 ], [ 86.328345519000038, 26.96378539400007 ], [ 86.323934456000075, 26.963617644000067 ], [ 86.322034019000057, 26.962976643000047 ], [ 86.318885894000061, 26.963358644000039 ], [ 86.314099332000069, 26.962204894000024 ], [ 86.310195831000044, 26.960078144000079 ], [ 86.304581769000038, 26.955338831000063 ], [ 86.301867707000042, 26.954122644000051 ], [ 86.299323706000052, 26.952237019000052 ], [ 86.295115519000035, 26.950370144000033 ], [ 86.292446957000038, 26.949747519000027 ], [ 86.285831768000037, 26.948849956000061 ], [ 86.283574394000084, 26.946836894000057 ], [ 86.283419332000051, 26.942943457000069 ], [ 86.281928769000046, 26.940239269000074 ], [ 86.282088269000042, 26.937177831000042 ], [ 86.280830019000064, 26.934537956000042 ], [ 86.278731519000075, 26.932893519000061 ], [ 86.272202144000062, 26.93071401800006 ], [ 86.266864081000051, 26.927874581000026 ], [ 86.264026019000084, 26.925404644000025 ], [ 86.262240207000048, 26.922637769000062 ], [ 86.26204139400005, 26.918798207000066 ], [ 86.259812394000051, 26.92065726900006 ], [ 86.259187268000062, 26.922942207000062 ], [ 86.259632956000075, 26.924332331000073 ], [ 86.259339456000077, 26.926912332000029 ], [ 86.260283518000051, 26.92802983100006 ], [ 86.257599457000083, 26.932237831000066 ], [ 86.254967331000046, 26.933417706000057 ], [ 86.253228894000074, 26.935272394000037 ], [ 86.250176706000047, 26.936267206000025 ], [ 86.246880832000045, 26.937978206000025 ], [ 86.24543314400006, 26.939340207000043 ], [ 86.243205706000083, 26.940048144000059 ], [ 86.242136519000042, 26.941940206000027 ], [ 86.239524894000056, 26.943932269000072 ], [ 86.237636082000051, 26.946697644000039 ], [ 86.237513269000033, 26.94890620700005 ], [ 86.236539956000058, 26.950128519000032 ], [ 86.234939332000067, 26.950178519000076 ], [ 86.231068581000045, 26.948893769000051 ], [ 86.227934456000071, 26.949865018000025 ], [ 86.227178519000063, 26.951733894000029 ], [ 86.225442894000082, 26.952198206000048 ], [ 86.224721894000083, 26.953875394000079 ], [ 86.222853894000082, 26.954722644000071 ], [ 86.221368206000079, 26.956217331000062 ], [ 86.218633643000032, 26.960011332000079 ], [ 86.217019019000077, 26.960516832000053 ], [ 86.21604951900008, 26.962560456000062 ], [ 86.211717956000086, 26.965754144000073 ], [ 86.206724019000035, 26.967714207000029 ], [ 86.20451808200005, 26.969416769000077 ], [ 86.201552456000059, 26.969867082000064 ], [ 86.196665331000077, 26.973878581000065 ], [ 86.194786269000076, 26.974923956000055 ], [ 86.194697019000046, 26.976798644000041 ], [ 86.193617581000069, 26.978324644000054 ], [ 86.189860019000037, 26.976996582000027 ], [ 86.189363269000069, 26.978124269000034 ], [ 86.190430456000058, 26.98038920700003 ], [ 86.189710956000056, 26.982203832000039 ], [ 86.188196081000058, 26.981955956000036 ], [ 86.183363581000037, 26.984110143000066 ], [ 86.181229518000066, 26.98410676900005 ], [ 86.178736019000041, 26.986335269000051 ], [ 86.176599831000033, 26.986571019000053 ], [ 86.172119769000062, 26.988828394000052 ], [ 86.169537644000059, 26.988472456000068 ], [ 86.165895331000058, 26.991312269000048 ], [ 86.156256519000067, 26.993649081000058 ], [ 86.149732082000071, 26.996960831000024 ], [ 86.147107144000074, 26.997463956000047 ], [ 86.144568393000043, 26.998849894000045 ], [ 86.142722144000061, 26.998971831000063 ], [ 86.139020207000044, 27.001535206000028 ], [ 86.134057831000064, 27.003558269000052 ], [ 86.128439956000079, 27.006603769000037 ], [ 86.122569643000077, 27.008627519000072 ], [ 86.117339644000083, 27.011219206000078 ], [ 86.114186706000055, 27.011993706000055 ], [ 86.108229394000034, 27.015074644000038 ], [ 86.103415081000037, 27.016161019000037 ], [ 86.102068269000085, 27.017048269000043 ], [ 86.099261331000037, 27.017140956000048 ], [ 86.097215769000059, 27.017813831000069 ], [ 86.094835019000072, 27.017816581000034 ], [ 86.092703644000039, 27.018585893000079 ], [ 86.089045706000036, 27.018866894000041 ], [ 86.085438018000048, 27.018153019000067 ], [ 86.082291893000047, 27.018055831000027 ], [ 86.080157894000081, 27.018696269000031 ], [ 86.074667956000042, 27.018439206000039 ], [ 86.07130126900006, 27.018843519000029 ], [ 86.065515769000058, 27.018297519000043 ], [ 86.063386019000063, 27.018380394000076 ], [ 86.058108956000069, 27.017869081000072 ], [ 86.052907273000073, 27.018581083000072 ], [ 86.051116706000073, 27.018819519000033 ], [ 86.050910894000083, 27.020557957000051 ], [ 86.049119456000085, 27.020890957000063 ], [ 86.048020206000047, 27.019888519000062 ], [ 86.044469144000061, 27.019252956000059 ], [ 86.039868893000062, 27.019530769000028 ], [ 86.032669956000063, 27.020465331000025 ], [ 86.02986608100008, 27.019893206000063 ], [ 86.027630644000055, 27.020071831000052 ], [ 86.023937519000071, 27.019015082000067 ], [ 86.017631393000045, 27.019835457000056 ], [ 86.014791144000071, 27.018360206000068 ], [ 86.013309019000076, 27.02005570700004 ], [ 86.011607956000034, 27.019831644000078 ], [ 86.007569893000039, 27.021719019000045 ], [ 86.005216019000045, 27.020668894000039 ], [ 86.003255894000063, 27.02090326900003 ], [ 86.000643581000077, 27.022838894000074 ], [ 85.99722876900006, 27.024010519000058 ], [ 85.993991831000073, 27.02451770600004 ], [ 85.991309706000038, 27.02651583200003 ], [ 85.989345831000037, 27.028848519000064 ], [ 85.98819164400004, 27.032723581000027 ], [ 85.985410394000041, 27.034271769000043 ], [ 85.984808456000053, 27.036537457000065 ], [ 85.979902894000077, 27.041400769000063 ], [ 85.977190393000058, 27.044905644000039 ], [ 85.976251769000044, 27.047426081000026 ], [ 85.973978456000054, 27.04954639400006 ], [ 85.972132206000083, 27.05357645600003 ], [ 85.972942081000042, 27.055489082000065 ], [ 85.971760643000039, 27.058495081000046 ], [ 85.972012644000074, 27.060712769000077 ], [ 85.970133206000071, 27.065169081000079 ], [ 85.968456394000043, 27.066720456000041 ], [ 85.96910570600005, 27.069552581000039 ], [ 85.968368957000052, 27.072661144000051 ], [ 85.967657019000058, 27.073533582000039 ], [ 85.965536206000081, 27.072904269000048 ], [ 85.964113956000062, 27.076389019000032 ], [ 85.964508956000032, 27.079144832000054 ], [ 85.957924081000044, 27.083920394000074 ], [ 85.955696019000072, 27.08321339400004 ], [ 85.952542706000031, 27.083605144000046 ], [ 85.953392519000033, 27.086190581000039 ], [ 85.952803456000083, 27.087864956000033 ], [ 85.950398331000031, 27.08789895700005 ], [ 85.948695957000041, 27.090327707000029 ], [ 85.946448831000055, 27.091757207000057 ], [ 85.945531018000054, 27.094498644000055 ], [ 85.943113956000047, 27.098273644000074 ], [ 85.939338519000046, 27.106370519000052 ], [ 85.938216768000075, 27.109879831000057 ], [ 85.938488644000074, 27.112499332000027 ], [ 85.940536893000058, 27.118650019000029 ], [ 85.940448081000056, 27.121115644000042 ], [ 85.932288081000081, 27.12503414400004 ], [ 85.923672269000065, 27.127012707000063 ], [ 85.922079643000075, 27.128523519000055 ], [ 85.918297456000062, 27.128900644000055 ], [ 85.916235706000066, 27.129527769000049 ], [ 85.914387144000045, 27.131900769000026 ], [ 85.911370268000042, 27.132376082000064 ], [ 85.907910143000038, 27.133531580000067 ], [ 85.904205269000045, 27.135104769000066 ], [ 85.902563831000066, 27.13683164400004 ], [ 85.900383893000082, 27.137074082000026 ], [ 85.897655332000056, 27.138799144000075 ], [ 85.89536789400006, 27.140800581000065 ], [ 85.893188519000034, 27.141006832000073 ], [ 85.889644019000059, 27.144877894000047 ], [ 85.885206269000037, 27.146088207000048 ], [ 85.883208768000031, 27.143233832000078 ], [ 85.877061143000049, 27.139378269000076 ], [ 85.876122768000073, 27.137655894000034 ], [ 85.873461519000045, 27.136057332000064 ], [ 85.870611331000077, 27.133281644000078 ], [ 85.86631714400005, 27.127915207000058 ], [ 85.864289519000067, 27.12710233200005 ], [ 85.861543706000077, 27.13003145700003 ], [ 85.86032745600005, 27.132614144000058 ], [ 85.85712251800004, 27.133826832000068 ], [ 85.855978394000033, 27.137610519000077 ], [ 85.851248081000051, 27.139862082000036 ], [ 85.847847331000082, 27.140619457000071 ], [ 85.843523581000056, 27.143991019000055 ], [ 85.840651394000076, 27.144445706000056 ], [ 85.837876706000031, 27.146927332000075 ], [ 85.836888581000039, 27.149055894000071 ], [ 85.838768394000056, 27.149944644000072 ], [ 85.839949706000084, 27.151542957000061 ], [ 85.842062893000048, 27.152277832000038 ], [ 85.84291408100006, 27.155563456000039 ], [ 85.845794081000065, 27.159716270000047 ], [ 85.84339645600005, 27.161201581000057 ], [ 85.837597206000055, 27.163755206000076 ], [ 85.832994331000066, 27.166860082000028 ], [ 85.829806518000055, 27.167280332000075 ], [ 85.82764233100005, 27.168117394000035 ], [ 85.824890144000051, 27.166772144000049 ], [ 85.822332893000066, 27.163474456000074 ], [ 85.819388206000042, 27.162247082000079 ], [ 85.81816595600003, 27.160991269000078 ], [ 85.816505206000045, 27.160769707000043 ], [ 85.813767081000037, 27.161437019000061 ], [ 85.81155414400007, 27.16131451900003 ], [ 85.80799995600006, 27.163725707000026 ], [ 85.805878331000031, 27.164407144000052 ], [ 85.800793580000061, 27.167078144000072 ], [ 85.798581956000078, 27.167088582000076 ], [ 85.794998643000042, 27.168910332000053 ], [ 85.792351518000032, 27.170821207000074 ], [ 85.790897331000053, 27.173168832000044 ], [ 85.785734269000045, 27.175080457000035 ], [ 85.784262769000065, 27.174727082000061 ], [ 85.782969269000034, 27.175674706000052 ], [ 85.778952956000069, 27.177041019000058 ], [ 85.777853144000062, 27.178294957000048 ], [ 85.776148268000043, 27.178056706000064 ], [ 85.772478018000072, 27.180380207000042 ], [ 85.770720393000033, 27.182077394000032 ], [ 85.765440331000036, 27.182209269000055 ], [ 85.762295831000074, 27.183415769000078 ], [ 85.761385518000054, 27.184362144000033 ], [ 85.756282143000078, 27.185621144000038 ], [ 85.753556143000083, 27.185560832000078 ], [ 85.751090206000072, 27.18636245600004 ], [ 85.749844331000077, 27.188041332000068 ], [ 85.746952831000044, 27.187210019000076 ], [ 85.743979268000032, 27.187711394000075 ], [ 85.740065830000049, 27.190169456000035 ], [ 85.73560658100007, 27.190418081000075 ], [ 85.731906518000073, 27.191932519000034 ], [ 85.727812706000066, 27.19457595700004 ], [ 85.725946393000072, 27.194931269000051 ], [ 85.724575518000051, 27.194108769000024 ], [ 85.723143081000046, 27.190740644000073 ], [ 85.720114206000062, 27.187921957000071 ], [ 85.716842143000065, 27.187488206000069 ], [ 85.707299143000057, 27.184663644000068 ], [ 85.705013394000048, 27.184561331000054 ], [ 85.70205283100006, 27.185788456000068 ], [ 85.70064820500005, 27.185752894000075 ], [ 85.697180268000068, 27.183787081000048 ], [ 85.696026331000041, 27.180739394000057 ], [ 85.694550081000045, 27.179841206000049 ], [ 85.692416643000058, 27.177454394000051 ], [ 85.690265018000048, 27.176229582000076 ], [ 85.688277644000038, 27.176143269000079 ], [ 85.687948706000043, 27.174226894000071 ], [ 85.684004143000038, 27.169041081000046 ], [ 85.679819706000046, 27.166878582000038 ], [ 85.675706456000057, 27.166878207000025 ], [ 85.673362206000036, 27.166156582000042 ], [ 85.671900706000031, 27.163726269000051 ], [ 85.667877644000043, 27.161447644000077 ], [ 85.66747226800004, 27.159602706000044 ], [ 85.664728831000048, 27.155856019000055 ], [ 85.660060893000036, 27.15536251900005 ], [ 85.65834833100007, 27.154766269000049 ], [ 85.658615768000061, 27.152309519000028 ], [ 85.65615170600006, 27.15265376900004 ], [ 85.654431394000085, 27.150949519000051 ], [ 85.652807081000049, 27.150311206000026 ], [ 85.650215081000056, 27.145349581000062 ], [ 85.647124081000072, 27.143043207000062 ], [ 85.646083831000055, 27.142879831000073 ], [ 85.643724581000072, 27.141816894000044 ], [ 85.642647206000049, 27.142609707000076 ], [ 85.640937018000045, 27.141866644000061 ], [ 85.635737956000071, 27.141040019000059 ], [ 85.633455393000077, 27.137619894000068 ], [ 85.63060358000007, 27.137134081000056 ], [ 85.627227643000083, 27.138827144000061 ], [ 85.625082644000031, 27.140367456000035 ], [ 85.622685206000085, 27.13861339400006 ], [ 85.621033706000048, 27.139784019000047 ], [ 85.616510455000082, 27.140445707000026 ], [ 85.615061581000077, 27.141410644000075 ], [ 85.609943394000084, 27.139263957000026 ], [ 85.606855394000036, 27.139422894000063 ], [ 85.605309706000071, 27.141451706000055 ], [ 85.602646330000084, 27.143225706000067 ], [ 85.59908633100008, 27.142341894000026 ], [ 85.596960143000047, 27.140326207000044 ], [ 85.594651893000048, 27.140799331000039 ], [ 85.591334956000082, 27.142618519000052 ], [ 85.587808018000032, 27.143201269000031 ], [ 85.585803456000065, 27.14240720600003 ], [ 85.582980206000059, 27.143637707000039 ], [ 85.580853019000074, 27.143146957000056 ], [ 85.577545268000051, 27.139462894000076 ], [ 85.573227518000067, 27.136806331000059 ], [ 85.571523331000037, 27.14091789400004 ], [ 85.571287955000059, 27.143115331000047 ], [ 85.56826976900004, 27.143152269000041 ], [ 85.564286580000044, 27.14434570700007 ], [ 85.562579956000036, 27.143493456000044 ], [ 85.559953643000085, 27.144190769000033 ], [ 85.556896581000046, 27.146420144000047 ], [ 85.553308768000079, 27.146031207000078 ], [ 85.552035519000071, 27.145406644000047 ], [ 85.551611831000059, 27.142033769000079 ], [ 85.553995956000051, 27.140406769000037 ], [ 85.548955893000084, 27.140458581000075 ], [ 85.549434831000042, 27.142137644000059 ], [ 85.546942768000065, 27.144399644000032 ], [ 85.544401081000046, 27.144549269000038 ], [ 85.544278580000082, 27.146095769000055 ], [ 85.539808705000041, 27.148296519000041 ], [ 85.536947268000063, 27.147815519000062 ], [ 85.535235580000062, 27.145789581000031 ], [ 85.534619081000073, 27.142272519000073 ], [ 85.533055206000085, 27.140694894000035 ], [ 85.53036039300008, 27.140093644000046 ], [ 85.523493206000069, 27.140551769000069 ], [ 85.518226518000063, 27.142350832000034 ], [ 85.514859455000078, 27.141665519000071 ], [ 85.511912518000031, 27.143112082000073 ], [ 85.506517956000039, 27.143526332000079 ], [ 85.503298580000035, 27.143239332000064 ], [ 85.497965831000045, 27.146233269000049 ], [ 85.495932143000061, 27.149296394000032 ], [ 85.493484706000061, 27.153778457000044 ], [ 85.491780893000055, 27.15430195600004 ], [ 85.494390330000044, 27.160467394000023 ], [ 85.495408018000035, 27.161875707000036 ], [ 85.497887143000071, 27.162927706000062 ], [ 85.504945581000072, 27.162247207000064 ], [ 85.506220643000063, 27.163149769000029 ], [ 85.506003643000042, 27.165144144000067 ], [ 85.503047268000046, 27.166249769000046 ], [ 85.501930268000081, 27.168124019000061 ], [ 85.504419456000051, 27.170043519000046 ], [ 85.505650081000056, 27.172278956000071 ], [ 85.505402518000039, 27.173343519000071 ], [ 85.503205518000073, 27.175472456000023 ], [ 85.500000019000083, 27.173723519000077 ], [ 85.497446956000033, 27.173369519000062 ], [ 85.49672139300003, 27.173350081000024 ], [ 85.493256331000055, 27.170975269000053 ], [ 85.492185081000059, 27.171191957000076 ], [ 85.490099893000036, 27.175776144000054 ], [ 85.485289205000072, 27.175231519000079 ], [ 85.484578206000037, 27.178262331000042 ], [ 85.482734143000073, 27.180280832000051 ], [ 85.484738206000031, 27.183770269000036 ], [ 85.488170768000032, 27.182732144000056 ], [ 85.491235581000069, 27.183683269000028 ], [ 85.493932206000068, 27.185685144000047 ], [ 85.494757519000075, 27.18702995700005 ], [ 85.493340018000083, 27.189242644000046 ], [ 85.490579893000074, 27.191061144000059 ], [ 85.489356456000053, 27.192554207000057 ], [ 85.489415205000057, 27.193841894000059 ], [ 85.491301956000086, 27.198440207000033 ], [ 85.496398706000036, 27.197467644000028 ], [ 85.500418643000046, 27.195123269000078 ], [ 85.506098456000075, 27.193751269000074 ], [ 85.507425393000062, 27.194126394000023 ], [ 85.51030976900006, 27.196713331000069 ], [ 85.512218330000053, 27.197207394000031 ], [ 85.512426330000039, 27.198743831000058 ], [ 85.510840956000038, 27.200978644000031 ], [ 85.507645518000061, 27.202679644000057 ], [ 85.506257581000057, 27.204029831000071 ], [ 85.503716643000075, 27.207890144000032 ], [ 85.503694768000059, 27.211348582000028 ], [ 85.504712081000037, 27.214937769000073 ], [ 85.506728455000029, 27.21858489400006 ], [ 85.506020831000058, 27.222038332000068 ], [ 85.503903956000045, 27.222934019000036 ], [ 85.49873726800007, 27.220532269000046 ], [ 85.495796143000064, 27.220559206000075 ], [ 85.490592581000044, 27.21989045600003 ], [ 85.489950643000043, 27.221388581000042 ], [ 85.49029614300008, 27.224351769000066 ], [ 85.489481956000077, 27.226898644000073 ], [ 85.489541643000052, 27.22896464400003 ], [ 85.490862768000056, 27.235396457000036 ], [ 85.48992370600007, 27.23675789400005 ], [ 85.489445018000083, 27.239337269000032 ], [ 85.490143018000083, 27.242274144000078 ], [ 85.49014264300007, 27.244667894000031 ], [ 85.491051144000039, 27.24748752000005 ], [ 85.490985581000075, 27.249857144000032 ], [ 85.48977489300006, 27.251690769000049 ], [ 85.487712018000082, 27.253513144000067 ], [ 85.484936768000068, 27.258968644000049 ], [ 85.48485895500005, 27.263420894000035 ], [ 85.482860206000055, 27.267909269000029 ], [ 85.481326330000059, 27.269195769000078 ], [ 85.478133956000079, 27.26965139400005 ], [ 85.475937206000083, 27.268979707000028 ], [ 85.473225768000077, 27.270395832000077 ], [ 85.472212955000032, 27.272046707000072 ], [ 85.470741206000071, 27.272693894000042 ], [ 85.468977830000085, 27.275126519000025 ], [ 85.464713268000082, 27.277068644000053 ], [ 85.462221706000037, 27.279576519000045 ], [ 85.459065206000048, 27.280884269000069 ], [ 85.455338580000046, 27.28049214400005 ], [ 85.453752956000073, 27.281284769000024 ], [ 85.452580018000049, 27.283178582000062 ], [ 85.450386393000031, 27.284261706000052 ], [ 85.445625893000056, 27.284721645000047 ], [ 85.442286018000061, 27.282908332000034 ], [ 85.440022581000051, 27.28347539400005 ], [ 85.435491268000078, 27.287380019000068 ], [ 85.432777893000036, 27.291908957000032 ], [ 85.432661830000086, 27.294087332000061 ], [ 85.433788268000058, 27.296203394000031 ], [ 85.434068643000046, 27.299941269000044 ], [ 85.433587893000038, 27.300905081000053 ], [ 85.429002018000062, 27.301847707000036 ], [ 85.426491643000077, 27.304037019000077 ], [ 85.42553739300007, 27.30832220700006 ], [ 85.424964705000036, 27.312673457000074 ], [ 85.423736955000038, 27.316817081000067 ], [ 85.420416894000084, 27.320866832000036 ], [ 85.421407018000082, 27.321946519000051 ], [ 85.422303206000038, 27.325208832000044 ], [ 85.425282830000071, 27.330096957000023 ], [ 85.428275581000037, 27.332685769000079 ], [ 85.433908956000039, 27.33298908200004 ], [ 85.441056143000083, 27.336308831000053 ], [ 85.447731393000083, 27.336142769000048 ], [ 85.448557643000072, 27.336393644000054 ], [ 85.450012643000036, 27.340644957000052 ], [ 85.449586456000077, 27.345610644000033 ], [ 85.44907801800008, 27.347601394000037 ], [ 85.449580768000033, 27.349387519000061 ], [ 85.452093456000057, 27.351895082000055 ], [ 85.455282581000063, 27.35394208200006 ], [ 85.457566455000062, 27.354784582000036 ], [ 85.462954643000046, 27.354660644000035 ], [ 85.466256455000064, 27.355699832000028 ], [ 85.469416955000042, 27.357900207000057 ], [ 85.471825018000061, 27.360995082000045 ], [ 85.474874080000063, 27.366260332000024 ], [ 85.474874893000049, 27.369845332000068 ], [ 85.47608776800007, 27.370734956000035 ], [ 85.481113768000057, 27.371304394000049 ], [ 85.483575393000081, 27.372589019000031 ], [ 85.486199018000036, 27.374927832000026 ], [ 85.489495643000055, 27.376183144000038 ], [ 85.493951706000075, 27.374328394000031 ], [ 85.495836143000076, 27.376137894000067 ], [ 85.498292206000031, 27.375024081000049 ], [ 85.49861426800004, 27.372712644000046 ], [ 85.499999894000041, 27.371608019000064 ], [ 85.503390206000063, 27.372592019000024 ], [ 85.505453081000041, 27.369746582000062 ], [ 85.507712018000063, 27.367936519000068 ], [ 85.508026581000081, 27.364481269000066 ], [ 85.51165745600008, 27.365505957000039 ], [ 85.512141581000037, 27.36350989400006 ], [ 85.510048331000064, 27.361384894000025 ], [ 85.508318706000068, 27.358875645000069 ], [ 85.506356268000047, 27.357652145000031 ], [ 85.506610455000043, 27.35607783100005 ], [ 85.511871831000065, 27.352763332000052 ], [ 85.513597956000069, 27.352219957000045 ], [ 85.516536955000049, 27.350062770000079 ], [ 85.522291643000074, 27.349374769000065 ], [ 85.525532831000078, 27.34973164400003 ], [ 85.527101143000039, 27.351799019000055 ], [ 85.529696268000066, 27.354014832000075 ], [ 85.535477143000037, 27.35643101900007 ], [ 85.538225581000063, 27.354217207000033 ], [ 85.541152768000075, 27.353938707000054 ], [ 85.542513394000082, 27.352206644000034 ], [ 85.542563643000051, 27.348850019000054 ], [ 85.54903033100004, 27.347414831000037 ], [ 85.551223081000046, 27.34562358200003 ], [ 85.552346018000037, 27.34328208200003 ], [ 85.554078580000066, 27.343527895000079 ], [ 85.555219643000044, 27.34584320600004 ], [ 85.557761580000033, 27.345149769000045 ], [ 85.557623831000058, 27.342332644000066 ], [ 85.559370143000081, 27.340297582000062 ], [ 85.561333018000084, 27.339067895000028 ], [ 85.564306643000066, 27.339617395000062 ], [ 85.565465768000081, 27.340958207000028 ], [ 85.565109831000086, 27.343142957000055 ], [ 85.56686764300008, 27.34448095700003 ], [ 85.568850080000061, 27.34282945700005 ], [ 85.567474643000082, 27.340741956000045 ], [ 85.570104705000062, 27.340872645000047 ], [ 85.572988768000073, 27.340234331000033 ], [ 85.57622170500008, 27.34153076900003 ], [ 85.579622394000069, 27.341811332000077 ], [ 85.580422518000034, 27.344377895000036 ], [ 85.583479143000034, 27.344181144000061 ], [ 85.585463205000053, 27.343486019000068 ], [ 85.588175644000046, 27.343305956000052 ], [ 85.589313268000069, 27.344874144000073 ], [ 85.593988768000031, 27.344133894000038 ], [ 85.595884331000036, 27.343363332000024 ], [ 85.59960176800007, 27.344411394000076 ], [ 85.601242581000065, 27.343929206000041 ], [ 85.601877205000051, 27.342836832000046 ], [ 85.608368518000077, 27.343819956000061 ], [ 85.610992018000047, 27.343681332000074 ], [ 85.613547456000049, 27.34266214400003 ], [ 85.616371831000038, 27.344244644000071 ], [ 85.620024706000038, 27.345120082000051 ], [ 85.625204518000032, 27.344552957000076 ], [ 85.631584831000055, 27.347323082000059 ], [ 85.633868394000046, 27.347449207000068 ], [ 85.634267519000048, 27.349027957000033 ], [ 85.635933643000044, 27.349030707000054 ], [ 85.637159206000035, 27.350985269000034 ], [ 85.635577080000076, 27.352246832000048 ], [ 85.637224643000081, 27.353305269000032 ], [ 85.639197519000049, 27.35289133200007 ], [ 85.640652393000039, 27.35156758200003 ], [ 85.641580144000045, 27.348514895000051 ], [ 85.644080643000052, 27.349527457000079 ], [ 85.644357769000067, 27.348192207000068 ], [ 85.641621456000053, 27.345950019000043 ], [ 85.64278433100003, 27.345257394000043 ], [ 85.64482270600007, 27.345805144000053 ], [ 85.645914893000054, 27.344193520000033 ], [ 85.644000643000084, 27.342557207000027 ], [ 85.647766330000081, 27.340448081000034 ], [ 85.652313081000045, 27.334828894000054 ], [ 85.652739018000034, 27.333531206000032 ], [ 85.659073706000072, 27.334774394000078 ], [ 85.663277768000057, 27.334566519000077 ], [ 85.664689081000063, 27.337018957000055 ], [ 85.666632956000058, 27.33815889400006 ], [ 85.669772393000073, 27.338353519000066 ], [ 85.671221331000083, 27.340000832000044 ], [ 85.674598518000039, 27.341404707000038 ], [ 85.673809831000085, 27.342602020000072 ], [ 85.674961019000079, 27.344167519000052 ], [ 85.677181269000073, 27.343028832000073 ], [ 85.680725393000046, 27.344704895000064 ], [ 85.682090519000042, 27.344914082000059 ], [ 85.683715893000056, 27.342158769000037 ], [ 85.686526706000052, 27.341526394000027 ], [ 85.688220394000041, 27.338505457000053 ], [ 85.689755456000057, 27.337414269000078 ], [ 85.69481458100006, 27.337903894000078 ], [ 85.697247581000056, 27.339562332000071 ], [ 85.701675206000061, 27.340808395000067 ], [ 85.702746956000055, 27.343399519000059 ], [ 85.705957643000033, 27.34458220700003 ], [ 85.706507268000053, 27.347782144000064 ], [ 85.707873330000041, 27.350721145000023 ], [ 85.706587144000082, 27.353687456000046 ], [ 85.706801518000077, 27.356442082000058 ], [ 85.705117893000079, 27.358831644000077 ], [ 85.703120455000033, 27.359383894000075 ], [ 85.698664830000041, 27.362600457000042 ], [ 85.697572081000033, 27.364117707000048 ], [ 85.699857394000048, 27.368461957000079 ], [ 85.698869205000051, 27.370113332000074 ], [ 85.698914581000054, 27.372715206000066 ], [ 85.700437144000034, 27.373839457000031 ], [ 85.700231581000082, 27.37756033200003 ], [ 85.701441393000039, 27.379202831000043 ], [ 85.70155926800004, 27.380961519000039 ], [ 85.702835268000058, 27.383674144000054 ], [ 85.70283289300005, 27.384991770000056 ], [ 85.704870019000055, 27.388176144000056 ], [ 85.706626331000052, 27.38914008200004 ], [ 85.707740643000079, 27.391354707000062 ], [ 85.709618331000058, 27.393732144000069 ], [ 85.713908831000083, 27.397004894000077 ], [ 85.714839768000047, 27.400988957000038 ], [ 85.714903581000044, 27.403396957000041 ], [ 85.716016893000074, 27.405532582000035 ], [ 85.718097206000039, 27.407225832000051 ], [ 85.723719394000057, 27.410018706000074 ], [ 85.727715206000084, 27.410745644000031 ], [ 85.730258081000045, 27.411623957000074 ], [ 85.732189831000085, 27.409703395000065 ], [ 85.736683268000036, 27.407612082000071 ], [ 85.740307831000052, 27.408829394000065 ], [ 85.746274206000066, 27.408088957000075 ], [ 85.748610143000064, 27.406392894000078 ], [ 85.756813394000062, 27.403377457000033 ], [ 85.760622769000065, 27.400304519000031 ], [ 85.763755894000042, 27.399944269000059 ], [ 85.765819706000059, 27.40031226900004 ], [ 85.767569331000061, 27.399727582000025 ], [ 85.769878956000071, 27.399928457000044 ], [ 85.773137519000045, 27.399196769000071 ], [ 85.775797393000062, 27.397922832000063 ], [ 85.77822476800003, 27.404318019000073 ], [ 85.778905143000031, 27.410124831000076 ], [ 85.781159831000082, 27.412825019000024 ], [ 85.780137455000045, 27.414634582000076 ], [ 85.781740206000052, 27.418486519000055 ], [ 85.78426995600006, 27.419465269000057 ], [ 85.786340893000045, 27.42098820700005 ], [ 85.78684770600006, 27.422129769000037 ], [ 85.785584206000067, 27.424657082000067 ], [ 85.786060893000069, 27.426969394000025 ], [ 85.78730970600003, 27.428733395000052 ], [ 85.786868455000047, 27.432605770000066 ], [ 85.788335581000069, 27.435635144000059 ], [ 85.788532081000085, 27.437906707000025 ], [ 85.791211894000071, 27.439028706000045 ], [ 85.791743581000048, 27.440883394000025 ], [ 85.793286331000047, 27.44314408200006 ], [ 85.797401518000072, 27.441473895000058 ], [ 85.798389456000052, 27.440070019000075 ], [ 85.801138393000031, 27.438638394000066 ], [ 85.805409268000062, 27.438422394000042 ], [ 85.809898144000044, 27.441396207000025 ], [ 85.811901456000044, 27.444551769000043 ], [ 85.817431269000053, 27.446214270000041 ], [ 85.819865081000046, 27.447419394000065 ], [ 85.823827206000033, 27.450740332000066 ], [ 85.826518019000048, 27.448700832000043 ], [ 85.829756643000053, 27.448610644000041 ], [ 85.831199768000033, 27.447839832000057 ], [ 85.831352081000034, 27.445032145000027 ], [ 85.829318706000038, 27.442359457000066 ], [ 85.83095583100004, 27.440872769000066 ], [ 85.832085268000071, 27.437581270000067 ], [ 85.83385958100007, 27.436262707000026 ], [ 85.837564394000083, 27.43478645700003 ], [ 85.840620268000066, 27.434389957000064 ], [ 85.842741581000041, 27.433130582000047 ], [ 85.847649894000085, 27.428209644000049 ], [ 85.851005268000051, 27.427619144000062 ], [ 85.854138768000041, 27.425007332000064 ], [ 85.85550545600006, 27.424492832000055 ], [ 85.859133893000035, 27.424450394000075 ], [ 85.864454894000062, 27.422770019000041 ], [ 85.869307456000058, 27.41887901900003 ], [ 85.873174144000075, 27.419291644000054 ], [ 85.875978518000068, 27.419140457000026 ], [ 85.88082533100004, 27.416413270000078 ], [ 85.884368331000076, 27.418406895000032 ], [ 85.88815758100003, 27.419642082000053 ], [ 85.891127769000036, 27.415584082000066 ], [ 85.893149894000032, 27.413524332000065 ], [ 85.894923956000071, 27.413330832000042 ], [ 85.89705426900008, 27.415572394000037 ], [ 85.898471081000082, 27.415996519000032 ], [ 85.902904018000072, 27.414251207000063 ], [ 85.906187956000053, 27.411765769000056 ], [ 85.908535768000036, 27.41119752000003 ], [ 85.912493331000064, 27.409222519000025 ], [ 85.917381831000057, 27.408448269000075 ], [ 85.920222581000075, 27.408752394000032 ], [ 85.923244018000048, 27.406659269000045 ], [ 85.926928643000053, 27.40467508100005 ], [ 85.928245643000082, 27.402986206000037 ], [ 85.92923595600007, 27.398404394000067 ], [ 85.930719018000048, 27.396766394000053 ], [ 85.933170769000071, 27.396613707000029 ], [ 85.935892894000062, 27.395190395000043 ], [ 85.936146268000073, 27.392683332000047 ], [ 85.935700643000075, 27.390355895000027 ], [ 85.937444206000066, 27.387941331000036 ], [ 85.94148795600006, 27.386534831000063 ], [ 85.943925018000073, 27.384646644000043 ], [ 85.945110769000053, 27.381929957000068 ], [ 85.94822933100005, 27.379988207000054 ], [ 85.950454394000076, 27.38128658100004 ], [ 85.954116457000055, 27.381014020000066 ], [ 85.95503276900007, 27.383563769000034 ], [ 85.955242081000051, 27.387085206000052 ], [ 85.956493269000077, 27.388540957000032 ], [ 85.958027893000065, 27.388994644000036 ], [ 85.960743268000044, 27.388610957000026 ], [ 85.963637394000045, 27.387156832000073 ], [ 85.968287456000041, 27.384212957000045 ], [ 85.969881581000038, 27.382126332000041 ], [ 85.97155314400004, 27.376718894000078 ], [ 85.972501019000049, 27.374868895000077 ], [ 85.978937269000085, 27.371317207000061 ], [ 85.979714081000054, 27.370291707000035 ], [ 85.979513706000034, 27.365617331000067 ], [ 85.980340581000064, 27.360641332000057 ], [ 85.981530019000047, 27.358702769000047 ], [ 85.981824519000043, 27.356414707000056 ], [ 85.980898019000051, 27.35457801900003 ], [ 85.982108893000031, 27.352601269000047 ], [ 85.985024643000031, 27.351205519000075 ], [ 85.985439644000053, 27.347086144000059 ], [ 85.984460144000082, 27.344102831000043 ], [ 85.983891582000069, 27.340434394000056 ], [ 85.984163269000078, 27.338489082000024 ], [ 85.985529768000049, 27.335730456000078 ], [ 85.988716393000061, 27.334984144000032 ], [ 85.994520831000045, 27.337920957000051 ], [ 85.99890133100007, 27.337600394000049 ], [ 86.002256768000052, 27.33531389500007 ], [ 86.01002989300008, 27.329116769000052 ], [ 86.013314456000046, 27.325407957000039 ], [ 86.017030956000042, 27.322464706000062 ], [ 86.02058239400003, 27.320346081000025 ], [ 86.023220206000076, 27.315874269000062 ], [ 86.024539706000041, 27.315211082000076 ], [ 86.02542289400003, 27.313306081000064 ], [ 86.023875331000056, 27.311855707000063 ], [ 86.023219956000048, 27.309671457000036 ], [ 86.023832144000039, 27.308669394000049 ], [ 86.027479081000081, 27.30810589500004 ], [ 86.030136581000079, 27.309548144000075 ], [ 86.032888206000052, 27.309143019000032 ], [ 86.034416957000076, 27.307923832000029 ], [ 86.038202518000048, 27.302807582000071 ], [ 86.040139268000075, 27.298994019000077 ], [ 86.041178143000081, 27.297988019000059 ], [ 86.04476001900008, 27.296929457000033 ], [ 86.048927331000073, 27.297000707000052 ], [ 86.051628643000072, 27.295236519000071 ], [ 86.054236206000041, 27.292438144000073 ], [ 86.055079206000073, 27.290647769000032 ], [ 86.057731768000053, 27.287772894000057 ], [ 86.061380831000065, 27.287041582000029 ], [ 86.062531457000034, 27.289874332000068 ], [ 86.065765456000065, 27.291100894000067 ], [ 86.070806706000042, 27.290841144000069 ], [ 86.076557081000033, 27.291267269000059 ], [ 86.077662331000056, 27.290358519000051 ], [ 86.078457144000083, 27.284449644000063 ], [ 86.077805894000051, 27.279663957000025 ], [ 86.078723644000036, 27.276292144000024 ], [ 86.08050933100003, 27.274999707000063 ], [ 86.084141081000041, 27.275118269000075 ], [ 86.087896331000081, 27.271825831000058 ], [ 86.090706081000064, 27.270700207000061 ], [ 86.094486894000056, 27.268059769000047 ], [ 86.098259956000049, 27.267427520000069 ], [ 86.108184143000074, 27.267644582000059 ], [ 86.109702581000079, 27.268134831000054 ], [ 86.111985081000057, 27.271073707000028 ], [ 86.114021081000033, 27.272307270000056 ], [ 86.116255957000078, 27.271511394000072 ], [ 86.11682314400008, 27.270244644000059 ], [ 86.11971195600006, 27.268410269000071 ], [ 86.124830207000059, 27.266842581000049 ], [ 86.126831707000065, 27.265557582000042 ], [ 86.129873019000058, 27.264538581000068 ], [ 86.131901519000053, 27.262761831000034 ], [ 86.131270457000085, 27.260589519000064 ], [ 86.131917206000082, 27.258508519000031 ], [ 86.133736519000081, 27.256712332000063 ], [ 86.13466733100006, 27.254545144000076 ], [ 86.138368394000054, 27.25005733100005 ], [ 86.143238206000035, 27.248645332000024 ], [ 86.144852894000053, 27.247730019000073 ], [ 86.148565456000085, 27.243975332000048 ], [ 86.150681019000046, 27.242453769000065 ], [ 86.153056018000086, 27.241874707000079 ], [ 86.155770519000043, 27.245986581000068 ], [ 86.15673883200003, 27.248907769000027 ], [ 86.158482518000085, 27.251675707000061 ], [ 86.160329206000085, 27.25242464400003 ], [ 86.164372331000038, 27.251979519000031 ], [ 86.167689394000035, 27.252863457000046 ], [ 86.177094206000049, 27.253142457000024 ], [ 86.180052081000042, 27.252239207000059 ], [ 86.18312958100006, 27.251893894000034 ], [ 86.187898331000042, 27.252560207000045 ], [ 86.193368331000045, 27.254861832000074 ], [ 86.195424894000041, 27.254291519000049 ], [ 86.199682456000062, 27.252102394000076 ], [ 86.205937019000032, 27.249955895000028 ], [ 86.209613207000075, 27.247413332000065 ], [ 86.213481706000039, 27.245496832000072 ], [ 86.21630570700006, 27.244849269000042 ], [ 86.220774206000044, 27.241446519000078 ], [ 86.225870331000067, 27.23874220700003 ], [ 86.231523893000031, 27.237080956000057 ], [ 86.233371831000056, 27.237452144000031 ], [ 86.236434706000068, 27.239084519000073 ], [ 86.241395456000078, 27.240630145000068 ], [ 86.242446519000055, 27.241486519000034 ], [ 86.242924769000069, 27.243524457000035 ], [ 86.24429239400007, 27.245878582000046 ], [ 86.246508019000032, 27.247212832000059 ], [ 86.250729831000058, 27.247912519000067 ], [ 86.253419831000031, 27.249639519000027 ], [ 86.255167957000083, 27.250021144000073 ], [ 86.255468769000061, 27.251390145000073 ], [ 86.257956144000048, 27.253048331000059 ], [ 86.259088956000085, 27.255085207000036 ], [ 86.259421831000054, 27.257487894000064 ], [ 86.261326456000063, 27.258280956000078 ], [ 86.263939893000043, 27.257180019000032 ], [ 86.266988456000036, 27.260355082000046 ], [ 86.268667832000062, 27.260770019000063 ], [ 86.269443206000062, 27.259639082000035 ], [ 86.268671144000052, 27.254185581000058 ], [ 86.271003394000047, 27.252324894000026 ], [ 86.274748206000083, 27.251884019000045 ], [ 86.279487956000082, 27.249888894000037 ], [ 86.281607643000086, 27.246790331000057 ], [ 86.284131456000068, 27.245456081000043 ], [ 86.286039581000068, 27.245948769000051 ], [ 86.287677644000041, 27.246133082000028 ], [ 86.290253894000045, 27.245376707000048 ], [ 86.293620457000031, 27.242868706000024 ], [ 86.296643582000058, 27.238628081000059 ], [ 86.297942206000073, 27.237923832000035 ], [ 86.30571683200003, 27.237346582000043 ], [ 86.308484332000035, 27.23689545700006 ], [ 86.310029894000081, 27.235637144000066 ], [ 86.310673018000045, 27.233638769000038 ], [ 86.313997269000083, 27.232179331000054 ], [ 86.316955394000047, 27.231807957000058 ], [ 86.318253019000053, 27.231121519000055 ], [ 86.321388519000038, 27.231421020000028 ], [ 86.325268519000076, 27.230909519000079 ], [ 86.328090019000058, 27.229941456000063 ], [ 86.330657268000039, 27.229849956000066 ], [ 86.33403308100003, 27.230807019000054 ], [ 86.340993457000081, 27.229542457000036 ], [ 86.343358394000063, 27.228705082000033 ], [ 86.344202768000059, 27.227152082000032 ], [ 86.343831707000049, 27.224616207000054 ], [ 86.345443644000056, 27.221141956000054 ], [ 86.345449831000053, 27.218786144000035 ], [ 86.342526144000033, 27.213846456000056 ], [ 86.342372581000063, 27.20985620700003 ], [ 86.343653832000086, 27.208614331000035 ], [ 86.345024269000078, 27.204044519000036 ], [ 86.347305394000045, 27.201787331000048 ], [ 86.353697081000064, 27.200503644000037 ], [ 86.357642207000083, 27.201246082000068 ], [ 86.361163332000046, 27.200828957000056 ], [ 86.367555707000065, 27.195866457000079 ], [ 86.371116206000067, 27.192231394000032 ], [ 86.373675706000085, 27.192294769000057 ], [ 86.376844706000043, 27.193540957000039 ], [ 86.379056581000043, 27.193722269000034 ], [ 86.381401394000079, 27.192972144000066 ], [ 86.382434332000059, 27.19186645700006 ], [ 86.386100082000041, 27.182770644000072 ], [ 86.388856019000059, 27.180268831000035 ], [ 86.392242081000063, 27.179615644000023 ], [ 86.386660456000072, 27.174947332000045 ], [ 86.387251394000032, 27.173641144000044 ], [ 86.385401269000056, 27.172721394000064 ], [ 86.385330269000065, 27.171459644000038 ], [ 86.383565332000046, 27.169795582000063 ], [ 86.383312519000071, 27.168165269000042 ], [ 86.381907956000077, 27.167333206000023 ], [ 86.380516769000053, 27.165232957000057 ], [ 86.381476331000044, 27.16366208200003 ], [ 86.379770144000076, 27.161379956000076 ], [ 86.37757739400007, 27.160533082000029 ], [ 86.37601733200006, 27.158375644000046 ], [ 86.376099269000065, 27.154643644000032 ], [ 86.37283676800007, 27.150738831000069 ], [ 86.373324144000037, 27.149962456000026 ], [ 86.376599082000041, 27.148106394000024 ], [ 86.375870143000043, 27.146731144000057 ], [ 86.373479019000058, 27.147020644000065 ], [ 86.372204894000049, 27.145870832000071 ], [ 86.371004894000066, 27.143383269000026 ], [ 86.370559706000051, 27.140565082000023 ], [ 86.369199394000077, 27.140349082000057 ], [ 86.365901644000076, 27.141803269000036 ], [ 86.362681894000048, 27.139051456000061 ], [ 86.361228582000081, 27.139178019000042 ], [ 86.360105019000059, 27.141587394000055 ], [ 86.35793951900007, 27.142965269000058 ], [ 86.355142082000043, 27.143067581000025 ], [ 86.352681644000086, 27.14242895700005 ], [ 86.350970457000074, 27.143526769000061 ], [ 86.347211132000041, 27.143669810000063 ], [ 86.346044832000075, 27.147015082000053 ], [ 86.34513183100006, 27.146825706000072 ], [ 86.343561831000045, 27.144616082000027 ], [ 86.343394831000069, 27.140822019000041 ], [ 86.33880608100003, 27.136337019000052 ], [ 86.34003939400003, 27.134693269000024 ], [ 86.336708331000068, 27.130268332000071 ], [ 86.337564332000056, 27.127431269000056 ], [ 86.336933393000038, 27.124876144000041 ], [ 86.335975519000044, 27.123562831000072 ], [ 86.336047706000045, 27.121744394000075 ], [ 86.334523956000055, 27.12118883100004 ], [ 86.333104207000076, 27.11686301900005 ], [ 86.331398707000062, 27.115602519000049 ], [ 86.330910768000081, 27.114160519000052 ], [ 86.329086269000072, 27.112362394000058 ], [ 86.328811894000069, 27.110905582000044 ], [ 86.326872457000036, 27.109621331000028 ], [ 86.315605394000045, 27.110555269000031 ], [ 86.314263894000078, 27.109201582000026 ], [ 86.309808769000085, 27.109288081000045 ], [ 86.308797582000068, 27.108570019000069 ], [ 86.313561894000031, 27.10264739400003 ], [ 86.316933082000048, 27.102415582000049 ] ] ] } },
{ "type": "Feature", "properties": { "DISTRICT": "SINDHUPALCHOK", "STATE_CODE": 3, "PR_NAME": "Bagmati Province" }, "geometry": { "type": "Polygon", "coordinates": [ [ [ 85.733926893000046, 27.670438457000046 ], [ 85.732208144000083, 27.668705895000073 ], [ 85.728029893000041, 27.667284582000036 ], [ 85.72714583100003, 27.664812770000026 ], [ 85.727009768000073, 27.662101832000076 ], [ 85.724963143000082, 27.661209894000024 ], [ 85.725161893000063, 27.664171832000079 ], [ 85.72329439300006, 27.665878332000034 ], [ 85.721823143000051, 27.66529620700004 ], [ 85.72063601900004, 27.663381019000042 ], [ 85.717634081000085, 27.661300207000068 ], [ 85.715687269000057, 27.661765020000075 ], [ 85.714490393000062, 27.657634207000058 ], [ 85.712048268000046, 27.654696582000042 ], [ 85.710281580000071, 27.653369332000068 ], [ 85.709841081000036, 27.647618769000076 ], [ 85.709257455000056, 27.644806707000043 ], [ 85.707991893000042, 27.645697394000024 ], [ 85.707806019000031, 27.648522582000055 ], [ 85.70857926900004, 27.652040395000029 ], [ 85.706513768000036, 27.654396832000032 ], [ 85.70299439300004, 27.656396770000072 ], [ 85.701935144000061, 27.658471519000045 ], [ 85.699845456000048, 27.660678769000071 ], [ 85.697287144000086, 27.662118957000075 ], [ 85.696034393000048, 27.663718082000059 ], [ 85.695287643000086, 27.666583082000045 ], [ 85.696855081000081, 27.669138270000076 ], [ 85.695270893000043, 27.672099207000031 ], [ 85.694588268000075, 27.674759519000077 ], [ 85.691931643000032, 27.67476601900006 ], [ 85.690531706000058, 27.675831269000071 ], [ 85.68903608100004, 27.678276269000037 ], [ 85.690816143000063, 27.681120082000064 ], [ 85.69087126800008, 27.682422394000071 ], [ 85.688859581000031, 27.685151269000073 ], [ 85.686165643000038, 27.684333895000066 ], [ 85.683589206000079, 27.685105769000074 ], [ 85.682829581000078, 27.689509332000057 ], [ 85.684441268000057, 27.691832645000034 ], [ 85.681978019000042, 27.694694832000039 ], [ 85.682350330000077, 27.699366270000041 ], [ 85.681506144000082, 27.700529207000045 ], [ 85.678051081000035, 27.701396457000044 ], [ 85.673310143000037, 27.705145895000044 ], [ 85.672494956000037, 27.708147707000023 ], [ 85.670195706000072, 27.709571832000051 ], [ 85.667418956000063, 27.712410395000063 ], [ 85.665024956000082, 27.711983457000031 ], [ 85.660268143000053, 27.713997332000076 ], [ 85.65846414300006, 27.715676457000029 ], [ 85.65852114300003, 27.717283332000079 ], [ 85.656969268000068, 27.719919207000032 ], [ 85.655085018000079, 27.720451395000055 ], [ 85.651258769000037, 27.719843332000039 ], [ 85.646453394000048, 27.718045707000044 ], [ 85.644482331000063, 27.718728082000041 ], [ 85.641714143000058, 27.720670520000056 ], [ 85.638330893000045, 27.72142464500007 ], [ 85.636502268000072, 27.72371464500003 ], [ 85.632809706000046, 27.726593082000079 ], [ 85.627988143000039, 27.728393082000025 ], [ 85.62543445600005, 27.730068832000029 ], [ 85.624360143000047, 27.729913770000053 ], [ 85.618092644000058, 27.731489207000038 ], [ 85.615592768000056, 27.733156270000052 ], [ 85.614128706000031, 27.737592832000075 ], [ 85.614221081000039, 27.739809207000064 ], [ 85.613308769000071, 27.742620207000073 ], [ 85.612007643000084, 27.744265332000055 ], [ 85.605896643000051, 27.748537769000052 ], [ 85.603171019000058, 27.746285894000039 ], [ 85.599868080000078, 27.744321207000041 ], [ 85.596228393000047, 27.744306894000033 ], [ 85.592550519000042, 27.746051770000065 ], [ 85.591462456000045, 27.747466519000056 ], [ 85.589665768000032, 27.748079957000073 ], [ 85.586411331000079, 27.748046707000071 ], [ 85.584637831000066, 27.749368645000061 ], [ 85.580847018000043, 27.749379457000032 ], [ 85.578874331000065, 27.748526707000053 ], [ 85.576239956000052, 27.748783895000031 ], [ 85.57512408000008, 27.747718832000032 ], [ 85.574862644000063, 27.745543520000069 ], [ 85.572290206000048, 27.744558207000068 ], [ 85.569548268000062, 27.744586269000024 ], [ 85.569164706000038, 27.745656145000055 ], [ 85.566403206000075, 27.746620207000035 ], [ 85.564671268000041, 27.748305582000057 ], [ 85.559358269000086, 27.748130769000056 ], [ 85.556382019000068, 27.748905144000048 ], [ 85.551752455000042, 27.754262207000068 ], [ 85.552298393000058, 27.756677332000038 ], [ 85.560337205000053, 27.756316832000039 ], [ 85.562434019000079, 27.757274895000023 ], [ 85.565338590000067, 27.754805397000041 ], [ 85.566464893000045, 27.754830645000027 ], [ 85.567295519000083, 27.759209208000073 ], [ 85.568058201000042, 27.760451139000054 ], [ 85.568028768000033, 27.763954457000068 ], [ 85.565823511000076, 27.765310029000034 ], [ 85.561863266000046, 27.766983455000059 ], [ 85.56121489800006, 27.768716144000052 ], [ 85.557231019000085, 27.774107145000073 ], [ 85.55684095600003, 27.776614019000078 ], [ 85.553492081000059, 27.780755020000072 ], [ 85.549630705000084, 27.782544082000072 ], [ 85.549357143000066, 27.783563207000043 ], [ 85.544018893000043, 27.78599545700007 ], [ 85.54273039800006, 27.785907407000025 ], [ 85.540761459000066, 27.787908025000036 ], [ 85.53965164300007, 27.78805195700005 ], [ 85.535769456000082, 27.791658832000053 ], [ 85.533363080000072, 27.791834145000053 ], [ 85.53163801900007, 27.789826020000078 ], [ 85.526056455000059, 27.789387520000048 ], [ 85.520488580000062, 27.787915769000051 ], [ 85.517973080000047, 27.786584832000074 ], [ 85.513969638000049, 27.786706528000025 ], [ 85.511535817000038, 27.785956185000032 ], [ 85.508156007000082, 27.78593776200006 ], [ 85.506106693000049, 27.784494337000069 ], [ 85.503267018000031, 27.784686958000066 ], [ 85.500000018000037, 27.786165270000026 ], [ 85.495444956000085, 27.784017332000076 ], [ 85.490748896000071, 27.779508699000075 ], [ 85.48554895500007, 27.780541520000043 ], [ 85.481695574000071, 27.78020758200006 ], [ 85.479156200000034, 27.778451133000033 ], [ 85.476744018000034, 27.777567770000076 ], [ 85.473803643000053, 27.778898582000068 ], [ 85.473108768000031, 27.780929644000025 ], [ 85.470081830000083, 27.783517957000072 ], [ 85.470909205000055, 27.787317270000074 ], [ 85.470155581000085, 27.789899395000077 ], [ 85.470452143000045, 27.79129726900004 ], [ 85.470225456000037, 27.796551582000063 ], [ 85.46852464300008, 27.798462520000044 ], [ 85.465911080000069, 27.802819582000041 ], [ 85.464135393000049, 27.804552957000055 ], [ 85.460707581000065, 27.80521195700004 ], [ 85.458798768000065, 27.808047582000029 ], [ 85.455510580000066, 27.808820082000068 ], [ 85.453605518000074, 27.811141207000048 ], [ 85.452680643000065, 27.81385814500004 ], [ 85.452419956000085, 27.816674145000036 ], [ 85.450862081000082, 27.817401207000046 ], [ 85.45142889300007, 27.821289083000067 ], [ 85.450383205000037, 27.823373394000043 ], [ 85.450519205000035, 27.825395582000056 ], [ 85.451383643000042, 27.830570833000024 ], [ 85.454162393000047, 27.834365520000063 ], [ 85.454981081000085, 27.836380519000045 ], [ 85.455204705000085, 27.839773457000035 ], [ 85.457015393000063, 27.845838770000057 ], [ 85.455437955000036, 27.848122707000073 ], [ 85.453911955000081, 27.849318645000039 ], [ 85.45378751800007, 27.850648707000062 ], [ 85.455669330000035, 27.851711832000035 ], [ 85.458023643000047, 27.854800207000039 ], [ 85.462379893000048, 27.858185457000047 ], [ 85.463233893000051, 27.860247457000071 ], [ 85.463150331000065, 27.863005145000045 ], [ 85.467674393000038, 27.865524395000023 ], [ 85.468161456000075, 27.867619520000062 ], [ 85.47137033100006, 27.867759019000061 ], [ 85.472529705000056, 27.86924689500006 ], [ 85.471718143000032, 27.870433207000076 ], [ 85.471467456000084, 27.873580707000031 ], [ 85.472278518000053, 27.875031645000035 ], [ 85.471742143000085, 27.877983708000045 ], [ 85.470423769000035, 27.879437082000038 ], [ 85.470662831000084, 27.881489769000041 ], [ 85.473513643000047, 27.882391020000057 ], [ 85.475140831000033, 27.882039708000036 ], [ 85.476583643000083, 27.882786832000079 ], [ 85.478276768000057, 27.886635395000042 ], [ 85.478783330000056, 27.889768020000076 ], [ 85.478573956000048, 27.892202207000025 ], [ 85.479069393000032, 27.894285958000069 ], [ 85.481182893000039, 27.897464457000069 ], [ 85.481699393000042, 27.903407895000043 ], [ 85.483895831000041, 27.907948082000075 ], [ 85.486517893000041, 27.911705332000054 ], [ 85.486236768000083, 27.914731394000057 ], [ 85.488615768000045, 27.917367707000039 ], [ 85.489815268000086, 27.919592644000033 ], [ 85.489661456000078, 27.924492020000059 ], [ 85.489168018000044, 27.92666758200005 ], [ 85.485153393000076, 27.933717957000056 ], [ 85.484654893000084, 27.939060895000068 ], [ 85.484119143000044, 27.939917208000054 ], [ 85.484443206000037, 27.943367582000064 ], [ 85.48514745600005, 27.944754145000047 ], [ 85.484332205000044, 27.947325707000061 ], [ 85.484695143000067, 27.952546583000071 ], [ 85.483675456000071, 27.954057770000077 ], [ 85.483558581000068, 27.955965332000062 ], [ 85.480759893000084, 27.959171833000028 ], [ 85.482957706000036, 27.963120895000031 ], [ 85.48374095500003, 27.966557332000036 ], [ 85.485305393000033, 27.969373895000047 ], [ 85.487584893000076, 27.971145082000078 ], [ 85.492511143000058, 27.970987895000064 ], [ 85.494268143000056, 27.971990769000058 ], [ 85.494042019000062, 27.974068645000045 ], [ 85.494645393000042, 27.975853333000032 ], [ 85.49348476800003, 27.977704520000032 ], [ 85.493104955000035, 27.980291707000049 ], [ 85.491811830000074, 27.982674520000046 ], [ 85.491807580000057, 27.985505707000073 ], [ 85.489672893000034, 27.990688208000051 ], [ 85.489510643000074, 27.992289395000057 ], [ 85.492598206000082, 27.996961832000068 ], [ 85.493646018000049, 28.000000458000045 ], [ 85.496490081000047, 28.002243520000036 ], [ 85.494990018000067, 28.007737207000048 ], [ 85.496098393000068, 28.012295707000078 ], [ 85.499237393000044, 28.019376645000079 ], [ 85.49920301800006, 28.026160582000045 ], [ 85.499411268000074, 28.029212832000042 ], [ 85.498112018000086, 28.035128520000058 ], [ 85.496708455000032, 28.037420019000024 ], [ 85.494896018000077, 28.039016644000071 ], [ 85.489933393000058, 28.042296583000052 ], [ 85.486305643000037, 28.044156395000073 ], [ 85.484631643000057, 28.04682520800003 ], [ 85.484123831000034, 28.050776332000055 ], [ 85.480732831000068, 28.056109832000061 ], [ 85.478279268000051, 28.057539458000065 ], [ 85.475493831000051, 28.059953957000062 ], [ 85.472500456000034, 28.063543707000065 ], [ 85.468358268000031, 28.066687770000044 ], [ 85.464624393000065, 28.069154957000023 ], [ 85.461478518000035, 28.070684207000056 ], [ 85.458352456000057, 28.071565645000078 ], [ 85.453853330000072, 28.073711395000032 ], [ 85.45177301800004, 28.074157582000055 ], [ 85.446581080000044, 28.076441270000032 ], [ 85.444671518000064, 28.078340582000067 ], [ 85.444072893000055, 28.082364708000057 ], [ 85.446283893000043, 28.086390833000053 ], [ 85.446896643000059, 28.089161395000076 ], [ 85.449009268000054, 28.090625770000031 ], [ 85.453798268000071, 28.091806832000032 ], [ 85.457928331000062, 28.091900582000051 ], [ 85.460727518000056, 28.093418395000072 ], [ 85.473281643000064, 28.103539520000027 ], [ 85.475739893000082, 28.104972645000032 ], [ 85.483304206000071, 28.105452770000056 ], [ 85.489172956000061, 28.104935770000054 ], [ 85.491524268000035, 28.105562145000079 ], [ 85.491511518000038, 28.112411208000026 ], [ 85.493739456000071, 28.114412770000058 ], [ 85.495761830000049, 28.117673020000041 ], [ 85.49762258100003, 28.122114895000038 ], [ 85.497201081000071, 28.124975458000051 ], [ 85.495576268000036, 28.127770207000026 ], [ 85.493226768000056, 28.133455833000028 ], [ 85.492617768000059, 28.138493145000041 ], [ 85.497487518000071, 28.141548520000072 ], [ 85.500546518000078, 28.145012457000064 ], [ 85.50385508100004, 28.150194333000059 ], [ 85.505568394000079, 28.151913957000033 ], [ 85.509644768000044, 28.152671270000042 ], [ 85.512316706000036, 28.152767957000037 ], [ 85.51687795600003, 28.154085207000037 ], [ 85.52297614400004, 28.155012833000058 ], [ 85.526554643000054, 28.157036582000046 ], [ 85.529125768000085, 28.15718602000004 ], [ 85.532739581000044, 28.160694395000064 ], [ 85.534593144000041, 28.163491208000039 ], [ 85.53525245600008, 28.167254332000027 ], [ 85.542160956000032, 28.167321332000029 ], [ 85.546225206000031, 28.167630708000047 ], [ 85.549740768000049, 28.168369645000041 ], [ 85.554481831000032, 28.167760957000041 ], [ 85.556815768000035, 28.168085707000046 ], [ 85.560266143000035, 28.166809020000073 ], [ 85.563372581000067, 28.164423270000043 ], [ 85.566232331000037, 28.162772582000059 ], [ 85.569929581000054, 28.161604332000024 ], [ 85.571927705000064, 28.161643208000044 ], [ 85.573915893000049, 28.160822583000026 ], [ 85.578215706000037, 28.156535833000078 ], [ 85.581233018000034, 28.157049895000057 ], [ 85.586262831000056, 28.153230708000024 ], [ 85.589817456000048, 28.153892208000059 ], [ 85.591337768000074, 28.153546895000034 ], [ 85.596239894000064, 28.155677208000043 ], [ 85.599084643000083, 28.156250020000073 ], [ 85.601113956000063, 28.157723582000074 ], [ 85.60391564300005, 28.157896520000065 ], [ 85.607357268000044, 28.15531020700007 ], [ 85.609546205000072, 28.152492207000023 ], [ 85.613731081000083, 28.151368270000034 ], [ 85.61531276900007, 28.150274332000038 ], [ 85.616107268000064, 28.146068270000058 ], [ 85.617937268000048, 28.143196832000058 ], [ 85.616605643000071, 28.139643770000077 ], [ 85.616747706000069, 28.13549658200003 ], [ 85.617251643000031, 28.133904458000075 ], [ 85.618807955000079, 28.132516895000037 ], [ 85.623030644000039, 28.131598395000026 ], [ 85.627901519000034, 28.12933483300003 ], [ 85.629502269000056, 28.129062145000034 ], [ 85.63168551900003, 28.12983289500005 ], [ 85.63372508100008, 28.129643457000043 ], [ 85.635110268000062, 28.130440083000053 ], [ 85.636134393000077, 28.133092020000049 ], [ 85.637969331000079, 28.13517895800004 ], [ 85.637631893000048, 28.13786245700004 ], [ 85.639884830000085, 28.141117645000065 ], [ 85.643892144000063, 28.144559332000028 ], [ 85.650762268000051, 28.146068833000072 ], [ 85.651847893000081, 28.147410458000024 ], [ 85.653169644000059, 28.15093827000004 ], [ 85.654911269000081, 28.151783332000036 ], [ 85.660979393000048, 28.153715208000051 ], [ 85.664600144000076, 28.154064145000063 ], [ 85.666964206000046, 28.153633708000029 ], [ 85.671922518000031, 28.155152770000029 ], [ 85.676370893000069, 28.157163020000041 ], [ 85.679593393000061, 28.158008520000067 ], [ 85.683731331000047, 28.15748439500004 ], [ 85.684460268000066, 28.15668370800006 ], [ 85.685718831000031, 28.155786645000035 ], [ 85.690865206000069, 28.155847208000068 ], [ 85.695786768000062, 28.157735020000075 ], [ 85.701032143000077, 28.159167833000026 ], [ 85.704162331000077, 28.163021333000074 ], [ 85.705707831000041, 28.163800770000023 ], [ 85.709577081000077, 28.161910645000034 ], [ 85.712290456000062, 28.16167445800005 ], [ 85.715585893000082, 28.162389020000035 ], [ 85.715666706000036, 28.165667707000068 ], [ 85.714810768000063, 28.168432332000066 ], [ 85.715560581000034, 28.170424645000026 ], [ 85.718333269000084, 28.172307270000033 ], [ 85.721555706000061, 28.173864708000053 ], [ 85.725167518000035, 28.173677270000042 ], [ 85.725996581000061, 28.173193208000043 ], [ 85.726836268000056, 28.170114832000024 ], [ 85.729995643000052, 28.169478645000027 ], [ 85.73281251800006, 28.170330395000065 ], [ 85.739028331000043, 28.171148083000048 ], [ 85.740045518000045, 28.171820708000041 ], [ 85.744870518000084, 28.171294207000074 ], [ 85.746399519000079, 28.171770707000064 ], [ 85.749949893000064, 28.174420145000056 ], [ 85.752007018000086, 28.175059332000046 ], [ 85.757212644000049, 28.174567457000023 ], [ 85.761524394000048, 28.175558582000065 ], [ 85.764986893000071, 28.175404895000042 ], [ 85.768955144000074, 28.176191832000029 ], [ 85.773952644000076, 28.174919207000073 ], [ 85.777401206000036, 28.175344833000054 ], [ 85.780756331000077, 28.174133833000042 ], [ 85.781518206000044, 28.174693458000036 ], [ 85.782655706000071, 28.177920645000029 ], [ 85.789657269000031, 28.181362270000079 ], [ 85.793245768000077, 28.182675332000031 ], [ 85.796022581000045, 28.18437152000007 ], [ 85.796003456000051, 28.18797870800006 ], [ 85.799776456000075, 28.188587145000042 ], [ 85.801508393000063, 28.190350770000066 ], [ 85.802451018000056, 28.194735708000053 ], [ 85.802336644000036, 28.196196582000027 ], [ 85.806637831000046, 28.198000645000036 ], [ 85.809625268000048, 28.198180082000079 ], [ 85.812840143000074, 28.201740958000073 ], [ 85.814988956000036, 28.203036458000042 ], [ 85.818016143000079, 28.203146145000062 ], [ 85.818940518000034, 28.202373520000037 ], [ 85.818883268000036, 28.199268707000044 ], [ 85.819720206000056, 28.195181270000035 ], [ 85.820388018000074, 28.193731770000056 ], [ 85.824116206000042, 28.189890333000051 ], [ 85.832129081000062, 28.184510583000076 ], [ 85.836212893000038, 28.184696520000045 ], [ 85.843985081000085, 28.183819332000041 ], [ 85.845609331000048, 28.183196833000068 ], [ 85.850848830000075, 28.183949332000054 ], [ 85.851463206000062, 28.18120433200005 ], [ 85.851678831000072, 28.174780957000053 ], [ 85.852245956000047, 28.171085708000078 ], [ 85.853636393000045, 28.16696877000004 ], [ 85.856146393000074, 28.163402645000076 ], [ 85.858755831000053, 28.16139395700003 ], [ 85.861665206000055, 28.161106833000076 ], [ 85.862152706000074, 28.158040395000057 ], [ 85.862059894000083, 28.154206520000059 ], [ 85.863156893000053, 28.152261895000038 ], [ 85.865438956000048, 28.150094707000051 ], [ 85.871143206000056, 28.147506707000048 ], [ 85.872595519000072, 28.146550832000059 ], [ 85.874284331000069, 28.144218395000053 ], [ 85.874687581000046, 28.142712395000046 ], [ 85.87361351900006, 28.140880645000038 ], [ 85.871643268000071, 28.135161083000071 ], [ 85.87158776900003, 28.132956457000034 ], [ 85.872755081000037, 28.131104770000036 ], [ 85.871749956000031, 28.128955458000064 ], [ 85.872460081000042, 28.123539957000048 ], [ 85.874725893000061, 28.121171645000061 ], [ 85.879888831000073, 28.117640270000038 ], [ 85.88222851900008, 28.11698933200006 ], [ 85.888493143000062, 28.117159833000073 ], [ 85.891200644000037, 28.116396645000066 ], [ 85.892346768000039, 28.113793333000046 ], [ 85.896670206000067, 28.112106770000025 ], [ 85.900385269000083, 28.108844895000061 ], [ 85.902083831000084, 28.103495833000068 ], [ 85.90140445600008, 28.097811833000037 ], [ 85.904068893000044, 28.091590458000042 ], [ 85.905363394000062, 28.089786895000032 ], [ 85.905424144000051, 28.088059207000072 ], [ 85.903114268000081, 28.084949895000079 ], [ 85.903650581000079, 28.082271645000048 ], [ 85.903316894000056, 28.078747207000049 ], [ 85.902163769000083, 28.076730083000029 ], [ 85.89886651900008, 28.074531020000052 ], [ 85.898614081000062, 28.070075458000076 ], [ 85.899455018000083, 28.066082083000026 ], [ 85.901735393000081, 28.06363895800007 ], [ 85.903115894000052, 28.061411895000049 ], [ 85.902343518000066, 28.057351457000038 ], [ 85.902562831000068, 28.054758707000076 ], [ 85.903703956000072, 28.053215645000023 ], [ 85.911673331000031, 28.050325770000029 ], [ 85.915442893000034, 28.050053270000035 ], [ 85.917238268000062, 28.049140145000024 ], [ 85.92129433100007, 28.044100332000028 ], [ 85.923095518000082, 28.042399770000031 ], [ 85.926083018000043, 28.038738958000067 ], [ 85.927305956000055, 28.036388582000029 ], [ 85.930676581000057, 28.031363395000028 ], [ 85.933627956000066, 28.029669395000042 ], [ 85.935316081000053, 28.027139832000046 ], [ 85.938175081000054, 28.023926645000074 ], [ 85.940404768000064, 28.024487582000063 ], [ 85.944228519000035, 28.022858770000028 ], [ 85.948013643000081, 28.020349582000051 ], [ 85.952580144000081, 28.016289583000059 ], [ 85.956195206000075, 28.014300082000034 ], [ 85.958678331000044, 28.01219814500007 ], [ 85.960409893000076, 28.009361707000039 ], [ 85.963296206000052, 28.00707995700003 ], [ 85.96676751800004, 28.001916957000049 ], [ 85.969412706000071, 28.000197333000074 ], [ 85.97630995600008, 28.00099558200003 ], [ 85.97686595600004, 27.999553583000079 ], [ 85.979483081000069, 27.99647077000003 ], [ 85.979432831000054, 27.993611832000056 ], [ 85.980984956000043, 27.991080582000052 ], [ 85.980645143000061, 27.987651020000044 ], [ 85.978049956000064, 27.984258833000069 ], [ 85.974972831000059, 27.981447270000047 ], [ 85.973738894000064, 27.980842457000051 ], [ 85.971212831000059, 27.977270145000034 ], [ 85.96793451800005, 27.974479519000056 ], [ 85.965735893000044, 27.971205144000066 ], [ 85.963177207000058, 27.968909333000056 ], [ 85.962111331000074, 27.967328770000051 ], [ 85.960329269000056, 27.961031895000076 ], [ 85.960827581000046, 27.958752395000033 ], [ 85.959724081000047, 27.955666645000065 ], [ 85.958184268000082, 27.954743519000033 ], [ 85.956283269000039, 27.950523645000033 ], [ 85.955310519000079, 27.947510958000066 ], [ 85.954036956000039, 27.945306082000059 ], [ 85.95061583100005, 27.941825833000053 ], [ 85.951103268000054, 27.940787207000028 ], [ 85.954586832000075, 27.93906064500004 ], [ 85.956636393000053, 27.938965583000027 ], [ 85.959285331000046, 27.937198832000036 ], [ 85.962708956000085, 27.935645332000036 ], [ 85.963391081000054, 27.934716395000066 ], [ 85.969935081000074, 27.932301770000038 ], [ 85.975188143000082, 27.928284395000048 ], [ 85.976795393000032, 27.925907020000068 ], [ 85.979845331000035, 27.924819582000055 ], [ 85.984857706000071, 27.920935332000056 ], [ 85.990731893000032, 27.917445332000057 ], [ 85.994501956000079, 27.915771708000079 ], [ 85.999999894000041, 27.91432489500005 ], [ 86.001652081000032, 27.911749020000059 ], [ 86.003763581000044, 27.910893395000073 ], [ 86.005354956000076, 27.911092145000055 ], [ 86.010068143000069, 27.913359769000067 ], [ 86.012676706000036, 27.912976895000043 ], [ 86.014326706000077, 27.914592832000039 ], [ 86.016106956000044, 27.914869519000035 ], [ 86.018329269000048, 27.912572769000064 ], [ 86.023617081000054, 27.908282958000029 ], [ 86.025541456000042, 27.907385082000076 ], [ 86.028397394000081, 27.907930957000076 ], [ 86.03044170700008, 27.907645332000072 ], [ 86.035880081000073, 27.905438457000059 ], [ 86.041998144000047, 27.903899457000023 ], [ 86.045977706000031, 27.906106645000079 ], [ 86.050195956000039, 27.906113207000033 ], [ 86.052812331000041, 27.903893083000071 ], [ 86.058002456000054, 27.903897082000071 ], [ 86.060205331000077, 27.902213145000076 ], [ 86.062842393000039, 27.901901707000036 ], [ 86.06736383100008, 27.899529519000055 ], [ 86.067313269000067, 27.899019269000064 ], [ 86.061377019000076, 27.896521894000045 ], [ 86.058654831000069, 27.895057082000051 ], [ 86.056154894000031, 27.892240020000031 ], [ 86.054999956000074, 27.890131582000038 ], [ 86.052103144000057, 27.888006645000075 ], [ 86.049904456000036, 27.88540583200006 ], [ 86.050951394000037, 27.881539144000044 ], [ 86.049391081000067, 27.878365145000032 ], [ 86.047732332000066, 27.876697645000036 ], [ 86.046602706000044, 27.874417770000036 ], [ 86.046285831000034, 27.871500582000067 ], [ 86.044834956000045, 27.867566957000065 ], [ 86.041249643000072, 27.865978458000029 ], [ 86.036420769000074, 27.865425895000044 ], [ 86.032804832000068, 27.862523895000038 ], [ 86.031028581000044, 27.859025582000072 ], [ 86.030181644000038, 27.854563583000072 ], [ 86.028196206000075, 27.851032144000044 ], [ 86.027739206000035, 27.846660832000055 ], [ 86.026057706000074, 27.844970332000059 ], [ 86.020594518000053, 27.843011644000057 ], [ 86.014656519000084, 27.839623395000046 ], [ 86.01286645600004, 27.839265395000041 ], [ 86.010223331000077, 27.836448770000061 ], [ 86.009148018000076, 27.833902770000066 ], [ 86.006354894000083, 27.832219832000078 ], [ 86.005002644000058, 27.829376332000038 ], [ 86.009025081000061, 27.824700957000061 ], [ 86.011103769000044, 27.820135707000077 ], [ 86.013267706000079, 27.817987457000072 ], [ 86.015174893000051, 27.817455082000038 ], [ 86.016353769000034, 27.814943270000072 ], [ 86.018305768000062, 27.812592645000052 ], [ 86.020692082000039, 27.810861019000072 ], [ 86.022257081000078, 27.808717394000041 ], [ 86.023524268000074, 27.802302833000056 ], [ 86.024912768000036, 27.800496332000023 ], [ 86.023920394000072, 27.792109645000039 ], [ 86.024843643000054, 27.789476333000039 ], [ 86.028125894000084, 27.786038395000048 ], [ 86.027942831000075, 27.783550707000074 ], [ 86.02691733100005, 27.781869332000042 ], [ 86.024402019000036, 27.775319770000067 ], [ 86.022133456000063, 27.772201332000066 ], [ 86.02407958100008, 27.768311770000025 ], [ 86.025628831000063, 27.766001082000059 ], [ 86.030327144000069, 27.763073895000048 ], [ 86.033309832000043, 27.759516332000032 ], [ 86.03643833700005, 27.756361131000062 ], [ 86.034802518000049, 27.750000832000069 ], [ 86.03425145600005, 27.746797582000056 ], [ 86.033163018000039, 27.744626270000026 ], [ 86.032925456000044, 27.742521770000053 ], [ 86.030386706000058, 27.739209832000029 ], [ 86.02815345700003, 27.740748707000023 ], [ 86.025788519000059, 27.740371082000024 ], [ 86.020908206000058, 27.742689895000069 ], [ 86.01835926900003, 27.74303283200004 ], [ 86.014612769000053, 27.744452457000023 ], [ 86.01290276900005, 27.744248519000053 ], [ 86.00695551900003, 27.74496858200007 ], [ 86.004158269000072, 27.743141207000065 ], [ 86.001816706000056, 27.743027270000027 ], [ 85.996272519000058, 27.741098707000049 ], [ 85.991996268000037, 27.73999589500005 ], [ 85.989636956000084, 27.738606894000043 ], [ 85.981002643000068, 27.735251645000062 ], [ 85.97958458100004, 27.73510127000003 ], [ 85.976858206000031, 27.738054957000031 ], [ 85.973794643000076, 27.739904894000063 ], [ 85.968852706000064, 27.741923582000027 ], [ 85.966936831000055, 27.742247770000063 ], [ 85.96337201800003, 27.741927770000075 ], [ 85.963571706000039, 27.736403770000038 ], [ 85.962535206000041, 27.73486170700005 ], [ 85.959501393000039, 27.732494707000058 ], [ 85.957942518000038, 27.731964020000078 ], [ 85.955581768000059, 27.72923202000004 ], [ 85.954815081000049, 27.726800769000079 ], [ 85.955208893000076, 27.724491082000043 ], [ 85.954190956000048, 27.722220395000079 ], [ 85.950936081000066, 27.719628145000058 ], [ 85.94754114400007, 27.715430582000067 ], [ 85.943329831000085, 27.712442895000038 ], [ 85.940991581000048, 27.711664582000026 ], [ 85.939091831000042, 27.709915020000039 ], [ 85.938362644000051, 27.707326020000039 ], [ 85.938713018000044, 27.705016082000043 ], [ 85.93883939300008, 27.702404332000071 ], [ 85.93994314300005, 27.69957439500007 ], [ 85.941161519000048, 27.698888832000023 ], [ 85.94111626800003, 27.692446894000057 ], [ 85.936533331000078, 27.68728333200005 ], [ 85.938162581000086, 27.680985144000033 ], [ 85.940513018000047, 27.677047895000044 ], [ 85.940360518000034, 27.675056707000067 ], [ 85.941536456000051, 27.671841519000054 ], [ 85.941481268000075, 27.668928269000048 ], [ 85.936689768000065, 27.667720582000072 ], [ 85.93472808100006, 27.66666314400004 ], [ 85.933249956000054, 27.664709144000028 ], [ 85.930041456000083, 27.664761145000057 ], [ 85.92845451800008, 27.663386082000045 ], [ 85.920575144000054, 27.663259520000054 ], [ 85.918376956000031, 27.659025457000041 ], [ 85.918171831000052, 27.655504145000066 ], [ 85.91731358100003, 27.652920770000037 ], [ 85.917570019000038, 27.647850769000058 ], [ 85.916941394000048, 27.645720457000039 ], [ 85.912619394000046, 27.643387520000033 ], [ 85.911857769000051, 27.641145582000036 ], [ 85.912953893000065, 27.636819894000041 ], [ 85.908861706000039, 27.633674145000043 ], [ 85.907699269000034, 27.633513832000062 ], [ 85.906217582000068, 27.631523457000071 ], [ 85.903257081000049, 27.630148582000061 ], [ 85.900628831000063, 27.629723894000051 ], [ 85.89958589400004, 27.628025707000063 ], [ 85.896539706000056, 27.626654520000045 ], [ 85.893457518000048, 27.624209019000034 ], [ 85.891648518000068, 27.620117520000065 ], [ 85.890076768000085, 27.617975082000044 ], [ 85.88882114300003, 27.61758820700004 ], [ 85.886722956000085, 27.613810270000045 ], [ 85.887857143000076, 27.611863207000056 ], [ 85.887382768000066, 27.610458270000038 ], [ 85.88503933100003, 27.610791395000035 ], [ 85.884634018000042, 27.612796207000031 ], [ 85.88331308100004, 27.614290520000054 ], [ 85.882604831000037, 27.616189082000062 ], [ 85.880947769000045, 27.616579582000043 ], [ 85.87776001800006, 27.615978520000056 ], [ 85.87712814300005, 27.617606894000062 ], [ 85.877202331000035, 27.619866082000044 ], [ 85.874642143000074, 27.620129519000045 ], [ 85.873369644000036, 27.623117770000079 ], [ 85.870655519000081, 27.625225582000041 ], [ 85.86952139300007, 27.62851495700005 ], [ 85.867143769000052, 27.62781414400007 ], [ 85.864808019000066, 27.629719644000033 ], [ 85.862077706000036, 27.630026645000044 ], [ 85.86013951800004, 27.632303082000078 ], [ 85.858897581000065, 27.632299645000046 ], [ 85.854223081000043, 27.628136707000067 ], [ 85.852474581000081, 27.627037019000056 ], [ 85.844557269000063, 27.625838645000044 ], [ 85.842815206000068, 27.62757270700007 ], [ 85.84096170600003, 27.628507144000025 ], [ 85.838557456000046, 27.630950832000053 ], [ 85.836169893000033, 27.632586832000072 ], [ 85.833644518000085, 27.635264145000065 ], [ 85.830033956000079, 27.637471832000074 ], [ 85.828229768000085, 27.639936145000036 ], [ 85.825390269000081, 27.642161582000028 ], [ 85.82233276900007, 27.642934332000038 ], [ 85.821084831000064, 27.642738707000035 ], [ 85.819706456000063, 27.643810020000046 ], [ 85.81811226800005, 27.646154145000025 ], [ 85.818207956000037, 27.647799707000047 ], [ 85.821596768000063, 27.653304395000077 ], [ 85.824190206000083, 27.655379582000023 ], [ 85.822629206000045, 27.658757395000066 ], [ 85.822261705000074, 27.660644957000045 ], [ 85.819518893000065, 27.664554207000037 ], [ 85.818259956000077, 27.665353457000037 ], [ 85.814904143000035, 27.668781270000068 ], [ 85.812158456000077, 27.668624644000033 ], [ 85.809025456000086, 27.667140269000072 ], [ 85.804868018000036, 27.665719145000025 ], [ 85.803212893000079, 27.666187707000063 ], [ 85.796996768000042, 27.665971395000042 ], [ 85.794473581000034, 27.66473789500003 ], [ 85.792993331000048, 27.665313895000054 ], [ 85.789567956000042, 27.665331394000077 ], [ 85.783065144000034, 27.668151082000065 ], [ 85.780254081000066, 27.668611457000054 ], [ 85.775322269000071, 27.667096957000069 ], [ 85.771309331000054, 27.667472019000058 ], [ 85.769911893000085, 27.670537082000067 ], [ 85.768994644000031, 27.671289270000045 ], [ 85.765240831000085, 27.671736395000039 ], [ 85.762615580000045, 27.671347457000024 ], [ 85.761394081000049, 27.673256582000079 ], [ 85.756683768000073, 27.674572582000053 ], [ 85.755400393000059, 27.674606207000068 ], [ 85.754233518000035, 27.672989332000043 ], [ 85.752668080000035, 27.67356858200003 ], [ 85.752569956000059, 27.67579239500003 ], [ 85.75014995600003, 27.675684769000043 ], [ 85.74860770600003, 27.677498332000027 ], [ 85.746580456000061, 27.676807644000064 ], [ 85.741963393000049, 27.676508644000023 ], [ 85.739771393000069, 27.675028957000052 ], [ 85.737453456000082, 27.676487895000037 ], [ 85.733897143000036, 27.674724957000024 ], [ 85.733926893000046, 27.670438457000046 ] ] ] } }
]
}
