{
"type": "FeatureCollection",
"name": "lumbini",
"crs": { "type": "name", "properties": { "name": "urn:ogc:def:crs:OGC:1.3:CRS84" } },
"features": [
{ "type": "Feature", "properties": { "DISTRICT": "ARGHAKHANCHI", "STATE_CODE": 5, "PR_NAME": "Lumbini Province" }, "geometry": { "type": "Polygon", "coordinates": [ [ [ 83.241085704000056, 27.816927521000025 ], [ 83.24273357900006, 27.815898645000061 ], [ 83.243230704000041, 27.814525020000076 ], [ 83.244912641000042, 27.81397464500003 ], [ 83.245478204000051, 27.811225082000078 ], [ 83.247040391000041, 27.811323833000074 ], [ 83.248174892000065, 27.81024695800005 ], [ 83.247878267000033, 27.808920896000075 ], [ 83.249623641000085, 27.80839114500003 ], [ 83.249233204000063, 27.805205270000044 ], [ 83.251262642000086, 27.804372520000072 ], [ 83.250411141000086, 27.800647208000044 ], [ 83.247999954000079, 27.797836270000062 ], [ 83.247320517000048, 27.795264895000059 ], [ 83.247245642000053, 27.79015389500006 ], [ 83.249086704000035, 27.789742019000073 ], [ 83.251965017000032, 27.790323957000055 ], [ 83.25485739100003, 27.789868020000029 ], [ 83.257702954000081, 27.788594958000033 ], [ 83.260437891000038, 27.784825770000054 ], [ 83.260559017000048, 27.782057895000037 ], [ 83.25986051600006, 27.780964333000043 ], [ 83.259016329000076, 27.775206145000027 ], [ 83.26010589100008, 27.77310239600007 ], [ 83.259782391000044, 27.77179645700005 ], [ 83.257758766000052, 27.77028064600006 ], [ 83.257831641000053, 27.766930332000072 ], [ 83.256696203000047, 27.765992395000069 ], [ 83.255313079000075, 27.762726894000025 ], [ 83.253410391000045, 27.760622644000023 ], [ 83.249429579000036, 27.758592957000076 ], [ 83.250890704000085, 27.756405519000054 ], [ 83.250785766000035, 27.754732895000075 ], [ 83.248076579000042, 27.751044957000033 ], [ 83.246418266000035, 27.752128020000043 ], [ 83.243777704000081, 27.752436269000043 ], [ 83.242365704000065, 27.750634707000074 ], [ 83.239521829000068, 27.750185895000072 ], [ 83.237823891000062, 27.752085395000051 ], [ 83.234823891000076, 27.756628895000063 ], [ 83.231961203000083, 27.758079645000066 ], [ 83.228663391000055, 27.762499457000047 ], [ 83.225431454000045, 27.762641645000031 ], [ 83.22383351600007, 27.761416520000068 ], [ 83.221609328000056, 27.761681520000025 ], [ 83.216732579000052, 27.759318644000075 ], [ 83.214327954000055, 27.759140270000046 ], [ 83.212468829000045, 27.758728145000077 ], [ 83.204380765000053, 27.760058207000043 ], [ 83.199622391000048, 27.758873270000038 ], [ 83.196527891000073, 27.757402207000041 ], [ 83.193160828000032, 27.756441769000048 ], [ 83.189990828000077, 27.75462264500004 ], [ 83.18749620400007, 27.753951457000028 ], [ 83.183922703000064, 27.756342395000047 ], [ 83.181778015000077, 27.756923144000041 ], [ 83.180186204000051, 27.758420957000055 ], [ 83.177369578000082, 27.757012082000074 ], [ 83.17601957800008, 27.756886707000035 ], [ 83.171418078000045, 27.757698582000046 ], [ 83.165562265000062, 27.758040145000052 ], [ 83.162028703000033, 27.759070207000036 ], [ 83.157648891000065, 27.758199770000033 ], [ 83.154179641000042, 27.759230019000029 ], [ 83.149518329000045, 27.759869332000051 ], [ 83.143764453000074, 27.761189832000071 ], [ 83.139649204000079, 27.76373645700005 ], [ 83.138761766000073, 27.764656019000029 ], [ 83.136853204000033, 27.764589957000055 ], [ 83.133711953000045, 27.766871707000064 ], [ 83.13009814000003, 27.76847358200007 ], [ 83.128892828000062, 27.767886082000075 ], [ 83.12739682800003, 27.765622582000049 ], [ 83.12497726600003, 27.764738645000023 ], [ 83.123442203000081, 27.761667145000047 ], [ 83.121528828000066, 27.765172582000048 ], [ 83.118183329000033, 27.766432832000078 ], [ 83.116370891000031, 27.766042207000055 ], [ 83.11289564100008, 27.769372832000045 ], [ 83.110453391000078, 27.770277707000048 ], [ 83.108695953000051, 27.768856207000056 ], [ 83.105675079000036, 27.768313207000062 ], [ 83.101985266000042, 27.769076770000026 ], [ 83.100585140000078, 27.772686707000048 ], [ 83.098152453000068, 27.775170832000072 ], [ 83.097269579000056, 27.778599145000044 ], [ 83.095396515000061, 27.78280383200007 ], [ 83.091722266000033, 27.782425520000061 ], [ 83.09152589100006, 27.780452270000069 ], [ 83.092574204000073, 27.777632019000066 ], [ 83.091670953000062, 27.776529520000054 ], [ 83.092559515000062, 27.775201895000066 ], [ 83.091857079000079, 27.773755519000076 ], [ 83.09207839000004, 27.771234457000048 ], [ 83.091137078000031, 27.770991395000067 ], [ 83.089400828000066, 27.772803019000037 ], [ 83.089151829000059, 27.77444620700004 ], [ 83.087182578000068, 27.773882707000041 ], [ 83.084903766000082, 27.769542332000071 ], [ 83.079415828000037, 27.767378207000036 ], [ 83.076823766000075, 27.764662457000043 ], [ 83.074785640000073, 27.764326207000067 ], [ 83.071601953000084, 27.765259270000058 ], [ 83.068715391000069, 27.764317020000078 ], [ 83.069541578000042, 27.762874020000027 ], [ 83.068527453000058, 27.759873144000039 ], [ 83.068729766000047, 27.758421457000054 ], [ 83.065396203000034, 27.758279457000071 ], [ 83.062197078000054, 27.759956707000072 ], [ 83.063722953000081, 27.763193520000073 ], [ 83.061072515000035, 27.764344269000048 ], [ 83.05953945400006, 27.763537394000025 ], [ 83.057996766000031, 27.761121707000029 ], [ 83.056827516000055, 27.760416582000062 ], [ 83.054583828000034, 27.756515957000033 ], [ 83.053740266000034, 27.757748895000077 ], [ 83.053106454000044, 27.762333770000055 ], [ 83.051231266000059, 27.763476144000037 ], [ 83.052005453000049, 27.76453970700004 ], [ 83.051161266000065, 27.766826207000065 ], [ 83.051882141000078, 27.76838570700005 ], [ 83.050415828000041, 27.769533082000066 ], [ 83.048788516000059, 27.773224457000026 ], [ 83.038464516000033, 27.779930832000048 ], [ 83.034942641000043, 27.783593020000069 ], [ 83.034660516000031, 27.787783145000049 ], [ 83.03534582900005, 27.792311769000037 ], [ 83.032875516000047, 27.795611145000066 ], [ 83.028358078000053, 27.796948957000041 ], [ 83.02544239000008, 27.797406769000077 ], [ 83.023974515000077, 27.798693769000067 ], [ 83.022434328000031, 27.802883957000063 ], [ 83.022219891000077, 27.805569645000048 ], [ 83.022836453000082, 27.807884394000041 ], [ 83.021284829000081, 27.80911208200007 ], [ 83.01837176500004, 27.809490707000066 ], [ 83.018388454000046, 27.811230457000079 ], [ 83.02168851600004, 27.816768145000026 ], [ 83.022039078000034, 27.818747083000062 ], [ 83.020558140000048, 27.819824082000025 ], [ 83.019729578000067, 27.817446895000046 ], [ 83.018445141000029, 27.81681277000007 ], [ 83.013804203000063, 27.812605707000046 ], [ 83.012665453000068, 27.81102045800003 ], [ 83.010675828000046, 27.805469395000046 ], [ 83.008059265000043, 27.802725082000052 ], [ 83.006126703000064, 27.798437895000063 ], [ 83.00090614100003, 27.794803770000044 ], [ 82.999027141000056, 27.792944582000075 ], [ 82.993245578000085, 27.792081332000066 ], [ 82.985064640000076, 27.79434539500005 ], [ 82.983050578000075, 27.792967895000061 ], [ 82.975271828000075, 27.794198645000051 ], [ 82.970027203000029, 27.792842019000034 ], [ 82.965116141000067, 27.795011895000073 ], [ 82.962630141000034, 27.795430957000065 ], [ 82.960002391000046, 27.79277595700006 ], [ 82.957690453000055, 27.792203520000044 ], [ 82.954932765000081, 27.790197207000062 ], [ 82.951479891000076, 27.791700770000034 ], [ 82.946858078000048, 27.790000519000046 ], [ 82.943966704000047, 27.78990170700007 ], [ 82.940800391000039, 27.78784689400004 ], [ 82.939087391000044, 27.787729957000067 ], [ 82.936540640000032, 27.785111207000057 ], [ 82.934415578000085, 27.785013645000049 ], [ 82.931844203000082, 27.784156769000049 ], [ 82.930602453000063, 27.78446983200007 ], [ 82.927218953000079, 27.787392394000051 ], [ 82.923302704000037, 27.786333145000071 ], [ 82.921177454000031, 27.784590520000052 ], [ 82.919251891000044, 27.785611082000059 ], [ 82.916078203000041, 27.788959270000078 ], [ 82.913560203000031, 27.787969332000046 ], [ 82.911991891000071, 27.788042707000045 ], [ 82.908959579000054, 27.788257957000042 ], [ 82.905774078000036, 27.79024533200004 ], [ 82.904031016000033, 27.792781020000064 ], [ 82.900858578000054, 27.793482270000027 ], [ 82.897431453000081, 27.793421145000025 ], [ 82.893646266000076, 27.791547583000067 ], [ 82.890627203000065, 27.791257144000042 ], [ 82.885118016000035, 27.792489770000032 ], [ 82.881712140000047, 27.792505145000064 ], [ 82.87918120300003, 27.793531520000045 ], [ 82.874516140000082, 27.792227832000037 ], [ 82.866888891000031, 27.792693457000041 ], [ 82.864668141000038, 27.790782270000079 ], [ 82.861628203000066, 27.790319645000068 ], [ 82.856090953000034, 27.792110395000066 ], [ 82.850800578000076, 27.792066457000033 ], [ 82.846133703000078, 27.793135394000046 ], [ 82.844107328000064, 27.790365895000036 ], [ 82.842574828000068, 27.79013870700004 ], [ 82.839830453000047, 27.790964020000047 ], [ 82.835649391000061, 27.790931207000028 ], [ 82.832419266000045, 27.792781020000064 ], [ 82.828584078000063, 27.792044582000074 ], [ 82.823864266000044, 27.793299519000072 ], [ 82.819518578000043, 27.795229832000075 ], [ 82.817463015000044, 27.795510082000078 ], [ 82.815696328000058, 27.793651644000079 ], [ 82.81390420300005, 27.793473895000034 ], [ 82.809183015000031, 27.794807269000046 ], [ 82.806233515000031, 27.794842707000043 ], [ 82.802061015000049, 27.793813895000028 ], [ 82.800170391000051, 27.794494644000054 ], [ 82.799501453000062, 27.796320832000049 ], [ 82.800739453000062, 27.801994520000051 ], [ 82.796752828000081, 27.805553832000044 ], [ 82.792736391000062, 27.805480457000044 ], [ 82.790188390000083, 27.804456458000061 ], [ 82.788540203000082, 27.801897082000039 ], [ 82.79013389000005, 27.795492395000053 ], [ 82.789447641000038, 27.794281519000037 ], [ 82.786535641000057, 27.796142082000074 ], [ 82.784232203000045, 27.79868033200006 ], [ 82.781373516000031, 27.802587582000058 ], [ 82.775339516000031, 27.804621144000066 ], [ 82.773054890000083, 27.807310457000028 ], [ 82.771928328000058, 27.809671645000037 ], [ 82.769478328000048, 27.810638020000056 ], [ 82.764954578000072, 27.810331457000075 ], [ 82.76143726500004, 27.811227207000059 ], [ 82.758775140000068, 27.813432332000048 ], [ 82.759009953000032, 27.817495457000064 ], [ 82.757656015000066, 27.819373957000039 ], [ 82.754693640000085, 27.821616895000034 ], [ 82.750422203000085, 27.822902644000067 ], [ 82.750684890000059, 27.827884269000037 ], [ 82.754163515000073, 27.829458894000027 ], [ 82.754656578000038, 27.832064645000059 ], [ 82.756037766000077, 27.833990332000042 ], [ 82.760741703000065, 27.836893394000072 ], [ 82.76508657800008, 27.837934020000034 ], [ 82.772929203000047, 27.841022707000036 ], [ 82.77663539100007, 27.841921957000068 ], [ 82.781633078000084, 27.842128582000043 ], [ 82.783074203000069, 27.842946770000026 ], [ 82.785689203000061, 27.846681145000048 ], [ 82.791187828000034, 27.850348207000025 ], [ 82.791289641000049, 27.852183332000038 ], [ 82.792282329000045, 27.854488770000046 ], [ 82.795015391000049, 27.856238645000076 ], [ 82.797640078000086, 27.856629270000042 ], [ 82.805099453000082, 27.855351707000068 ], [ 82.80714689000007, 27.855716770000072 ], [ 82.809579891000055, 27.857596957000055 ], [ 82.808745203000058, 27.859232207000048 ], [ 82.801020453000035, 27.860988207000048 ], [ 82.797762453000075, 27.861526145000028 ], [ 82.795954641000037, 27.862329332000058 ], [ 82.794023265000078, 27.864279833000069 ], [ 82.795200203000036, 27.86572502000007 ], [ 82.799872015000062, 27.866521520000049 ], [ 82.804345266000041, 27.86823670800004 ], [ 82.807376391000048, 27.867308582000078 ], [ 82.809561641000073, 27.867194332000054 ], [ 82.810964890000037, 27.867930707000028 ], [ 82.811946391000049, 27.869827519000069 ], [ 82.811219766000079, 27.871384770000077 ], [ 82.807446891000041, 27.871735707000028 ], [ 82.805796828000041, 27.873476707000066 ], [ 82.807685328000048, 27.875898082000049 ], [ 82.807159203000083, 27.877574395000067 ], [ 82.808113203000062, 27.879811645000075 ], [ 82.810161391000065, 27.880587395000077 ], [ 82.81487220300005, 27.884923645000072 ], [ 82.815229078000073, 27.887306957000078 ], [ 82.816567828000075, 27.88976189400006 ], [ 82.819627640000078, 27.893082020000065 ], [ 82.820753016000083, 27.895332020000069 ], [ 82.822505640000031, 27.89673227000003 ], [ 82.822569453000085, 27.900017707000075 ], [ 82.825208453000073, 27.902334708000069 ], [ 82.826237453000033, 27.90549752000004 ], [ 82.830451578000066, 27.906352333000029 ], [ 82.833601453000085, 27.905821770000045 ], [ 82.835955828000067, 27.906532082000069 ], [ 82.837573016000078, 27.906234394000023 ], [ 82.840761203000056, 27.904253270000027 ], [ 82.844441890000041, 27.903778832000057 ], [ 82.849157765000029, 27.901108644000033 ], [ 82.85127489100006, 27.901381269000069 ], [ 82.85332132800005, 27.90332733200006 ], [ 82.856576140000072, 27.904638082000076 ], [ 82.861326329000065, 27.903459145000056 ], [ 82.863373015000036, 27.903609145000075 ], [ 82.864762203000055, 27.906106832000035 ], [ 82.864607141000079, 27.90770070800005 ], [ 82.868744516000049, 27.909440333000077 ], [ 82.870395078000058, 27.909101957000075 ], [ 82.873638890000052, 27.905660770000054 ], [ 82.876051766000046, 27.90202326900004 ], [ 82.87800876600005, 27.901055520000057 ], [ 82.879809266000052, 27.901282270000024 ], [ 82.881856766000055, 27.903701708000028 ], [ 82.88192626600005, 27.905308645000048 ], [ 82.88376339000007, 27.906776520000051 ], [ 82.888874828000041, 27.906292145000066 ], [ 82.890049265000073, 27.90649789500003 ], [ 82.891510140000037, 27.90826039500007 ], [ 82.892640328000084, 27.912001208000049 ], [ 82.895094703000041, 27.913638583000079 ], [ 82.897275641000078, 27.913949333000062 ], [ 82.900776391000079, 27.911680520000061 ], [ 82.902941078000083, 27.908340644000077 ], [ 82.905380953000076, 27.908621707000066 ], [ 82.908619266000073, 27.907643520000079 ], [ 82.912894766000079, 27.904746458000034 ], [ 82.917715203000057, 27.903985770000077 ], [ 82.920130641000071, 27.904934270000069 ], [ 82.921374828000069, 27.907933395000043 ], [ 82.924068953000074, 27.910666395000078 ], [ 82.927277640000057, 27.912841520000029 ], [ 82.928072516000043, 27.914621083000043 ], [ 82.927879078000046, 27.917559333000042 ], [ 82.929535265000084, 27.919289207000077 ], [ 82.931137453000076, 27.923098770000024 ], [ 82.932786266000051, 27.923853832000077 ], [ 82.939714391000052, 27.925446020000038 ], [ 82.943269765000082, 27.927571582000041 ], [ 82.944693766000057, 27.930763708000029 ], [ 82.949433704000057, 27.930671332000031 ], [ 82.951718453000069, 27.929914895000024 ], [ 82.954954453000084, 27.929661958000054 ], [ 82.95650620300006, 27.927758270000027 ], [ 82.958879453000065, 27.927595707000023 ], [ 82.962815516000035, 27.926445457000057 ], [ 82.964272578000077, 27.92849370700003 ], [ 82.966352765000067, 27.928094207000072 ], [ 82.970705516000066, 27.92609402000005 ], [ 82.972967266000069, 27.927918082000076 ], [ 82.975415203000068, 27.928080707000049 ], [ 82.978992016000063, 27.926257207000049 ], [ 82.985857703000079, 27.929971957000078 ], [ 82.987221265000073, 27.929458583000041 ], [ 82.98923420300008, 27.925570145000052 ], [ 82.992722890000039, 27.925916082000072 ], [ 82.992958203000057, 27.928762894000045 ], [ 82.994111141000076, 27.929967082000076 ], [ 82.996419765000041, 27.930613395000023 ], [ 82.999999828000057, 27.932412832000068 ], [ 83.001362078000056, 27.931833832000052 ], [ 83.004011641000034, 27.929073395000046 ], [ 83.005501016000039, 27.931491519000076 ], [ 83.006621016000054, 27.931770332000042 ], [ 83.008706953000058, 27.926869144000079 ], [ 83.010930578000057, 27.924439333000066 ], [ 83.010924765000084, 27.922216957000046 ], [ 83.011672641000075, 27.920218832000046 ], [ 83.013949016000083, 27.920314145000077 ], [ 83.015687516000071, 27.922023145000026 ], [ 83.016648703000044, 27.923354457000073 ], [ 83.017867391000038, 27.928132770000047 ], [ 83.01512107800005, 27.931716332000065 ], [ 83.015046766000069, 27.932636332000072 ], [ 83.017838829000084, 27.936173708000069 ], [ 83.017509266000047, 27.937288145000025 ], [ 83.014789329000052, 27.941273458000069 ], [ 83.014881953000042, 27.941808833000039 ], [ 83.019605078000041, 27.946977645000061 ], [ 83.017277891000049, 27.948010207000038 ], [ 83.016481328000054, 27.949588333000065 ], [ 83.019346704000043, 27.952090645000055 ], [ 83.018062828000041, 27.954170708000049 ], [ 83.018568016000074, 27.956789207000043 ], [ 83.012359641000046, 27.963486332000059 ], [ 83.011383953000063, 27.966193520000047 ], [ 83.009259516000043, 27.96803058200004 ], [ 83.005425328000058, 27.968828645000031 ], [ 83.00395401600008, 27.969684458000074 ], [ 83.001169829000048, 27.97552802000007 ], [ 83.001747953000063, 27.977131833000044 ], [ 83.000000016000058, 27.978468333000023 ], [ 82.996173953000039, 27.975945145000026 ], [ 82.992738641000074, 27.976001269000051 ], [ 82.990140516000054, 27.977545769000074 ], [ 82.988717515000076, 27.98058564400003 ], [ 82.986625141000047, 27.981538145000059 ], [ 82.983886391000055, 27.981321645000037 ], [ 82.982556891000058, 27.982974582000054 ], [ 82.979743203000055, 27.984029957000075 ], [ 82.977742641000077, 27.984130145000051 ], [ 82.977019140000039, 27.986290707000023 ], [ 82.978472141000054, 27.988677270000039 ], [ 82.976745891000064, 27.991274833000034 ], [ 82.97087139100006, 27.993351770000061 ], [ 82.969509140000071, 27.992833958000062 ], [ 82.968974891000073, 27.990208270000039 ], [ 82.967661765000059, 27.98807533300004 ], [ 82.966213828000036, 27.987852395000061 ], [ 82.965744203000042, 27.989719145000038 ], [ 82.961784640000076, 27.992051582000045 ], [ 82.959002203000068, 27.991929020000043 ], [ 82.955278953000061, 27.992798770000036 ], [ 82.95433607800004, 27.993944458000044 ], [ 82.95622232900007, 27.996061520000069 ], [ 82.956285515000047, 27.997483394000028 ], [ 82.962153141000044, 27.998825082000053 ], [ 82.965344204000075, 28.000394645000029 ], [ 82.967590078000057, 28.003628770000034 ], [ 82.970264453000084, 28.002685457000041 ], [ 82.970281829000044, 28.006002145000025 ], [ 82.973751891000063, 28.005570082000077 ], [ 82.975557578000064, 28.006535645000042 ], [ 82.973895141000071, 28.012378020000028 ], [ 82.973948078000035, 28.014302895000071 ], [ 82.976522328000044, 28.014599582000073 ], [ 82.976237578000053, 28.017519207000078 ], [ 82.978263828000081, 28.019646020000039 ], [ 82.977480891000084, 28.021517270000061 ], [ 82.978603704000079, 28.023037333000048 ], [ 82.97736201500004, 28.027269645000047 ], [ 82.97642726600003, 28.028911957000048 ], [ 82.97646289000005, 28.031500019000077 ], [ 82.974476266000067, 28.032881770000074 ], [ 82.974482828000077, 28.034100145000025 ], [ 82.972339641000076, 28.038242270000069 ], [ 82.967140391000044, 28.040459333000058 ], [ 82.965295079000043, 28.040201832000037 ], [ 82.96281095300003, 28.040862145000062 ], [ 82.963735641000085, 28.046868207000045 ], [ 82.966489078000052, 28.052827145000037 ], [ 82.969040266000036, 28.053099019000058 ], [ 82.970700641000064, 28.054311770000027 ], [ 82.973276078000083, 28.057180520000031 ], [ 82.974561640000047, 28.05950045700007 ], [ 82.977063704000045, 28.061357833000045 ], [ 82.977231266000047, 28.065517145000058 ], [ 82.979981953000049, 28.068727833000025 ], [ 82.985212391000061, 28.071428833000027 ], [ 82.987075891000075, 28.073671707000074 ], [ 82.989113016000033, 28.078374957000051 ], [ 82.990431016000059, 28.07956914500005 ], [ 82.993979578000051, 28.086307208000051 ], [ 82.994966453000075, 28.089434707000066 ], [ 82.995643141000073, 28.091014457000028 ], [ 82.997469453000065, 28.091537707000043 ], [ 82.998971766000068, 28.09452452000005 ], [ 83.00105751600006, 28.094652520000068 ], [ 83.003908203000037, 28.095699770000067 ], [ 83.004541390000043, 28.098082395000063 ], [ 83.003684579000037, 28.105203270000061 ], [ 83.002551141000083, 28.107011270000044 ], [ 83.002088641000057, 28.108117895000078 ], [ 83.004476578000038, 28.11381620800006 ], [ 83.005889953000064, 28.111838833000036 ], [ 83.011711203000061, 28.11121083200004 ], [ 83.01453157900005, 28.107772458000056 ], [ 83.01838414100007, 28.107312770000078 ], [ 83.021527391000063, 28.105444583000065 ], [ 83.023348016000057, 28.105134895000049 ], [ 83.026910703000055, 28.102123458000051 ], [ 83.029036641000062, 28.09950333200004 ], [ 83.032419516000061, 28.098994770000047 ], [ 83.036119891000055, 28.100575270000036 ], [ 83.040729829000043, 28.104781520000074 ], [ 83.042053266000039, 28.105002832000025 ], [ 83.042482390000032, 28.103130958000065 ], [ 83.044458141000064, 28.100949520000029 ], [ 83.047031266000033, 28.100759832000051 ], [ 83.052768453000056, 28.106679145000044 ], [ 83.052725391000081, 28.108513083000048 ], [ 83.050235641000086, 28.110691145000033 ], [ 83.052990954000052, 28.111441145000072 ], [ 83.05481945300005, 28.110844644000053 ], [ 83.057581829000071, 28.107330520000062 ], [ 83.058961891000081, 28.106577395000045 ], [ 83.062561765000055, 28.10683670800006 ], [ 83.064936328000044, 28.109533207000027 ], [ 83.067410703000064, 28.108825895000052 ], [ 83.070580453000048, 28.109330145000058 ], [ 83.072353891000034, 28.107950145000075 ], [ 83.068562765000081, 28.105336582000064 ], [ 83.068156829000031, 28.103095708000069 ], [ 83.068508266000038, 28.098204520000024 ], [ 83.069195828000034, 28.096183145000055 ], [ 83.073444141000039, 28.091934207000065 ], [ 83.076394016000052, 28.090695145000041 ], [ 83.080059203000076, 28.09300077000006 ], [ 83.085201078000068, 28.095225895000056 ], [ 83.087199578000082, 28.096430458000043 ], [ 83.088658391000081, 28.096063332000028 ], [ 83.092283641000051, 28.097206457000027 ], [ 83.096682078000072, 28.095969770000067 ], [ 83.100719015000038, 28.094437270000071 ], [ 83.101102265000065, 28.092490458000043 ], [ 83.098965328000077, 28.090136770000072 ], [ 83.098295141000051, 28.086533770000074 ], [ 83.098938579000048, 28.084243457000071 ], [ 83.098386578000031, 28.081983645000037 ], [ 83.102377641000032, 28.079173770000068 ], [ 83.104264141000044, 28.07704952000006 ], [ 83.112221016000035, 28.081426333000024 ], [ 83.116829203000066, 28.081029645000058 ], [ 83.122195515000044, 28.083015645000046 ], [ 83.124789329000066, 28.08471533200003 ], [ 83.12764076600007, 28.083984458000032 ], [ 83.128462954000042, 28.078342458000066 ], [ 83.128549765000059, 28.075231707000057 ], [ 83.127261891000046, 28.073815645000025 ], [ 83.126272641000071, 28.070639394000068 ], [ 83.127316453000049, 28.069150145000037 ], [ 83.129345641000043, 28.067858895000029 ], [ 83.133525453000061, 28.06612558300003 ], [ 83.13660782900007, 28.06555389500005 ], [ 83.137291454000035, 28.06388183200005 ], [ 83.139555266000059, 28.062041458000067 ], [ 83.150143954000043, 28.060803270000065 ], [ 83.152342453000074, 28.059591770000054 ], [ 83.15817826600005, 28.061089708000054 ], [ 83.160337328000082, 28.065391957000031 ], [ 83.164190328000075, 28.068104895000033 ], [ 83.166299953000077, 28.068850957000052 ], [ 83.169529203000081, 28.072776082000075 ], [ 83.171540641000036, 28.073864333000074 ], [ 83.173213703000044, 28.078831395000066 ], [ 83.176977266000051, 28.080146832000025 ], [ 83.180860016000054, 28.084129707000045 ], [ 83.181393078000042, 28.085464020000074 ], [ 83.185885828000039, 28.087467208000078 ], [ 83.186643641000046, 28.085569708000037 ], [ 83.188385954000069, 28.083594582000046 ], [ 83.190510891000031, 28.083634207000046 ], [ 83.194943579000039, 28.082746520000057 ], [ 83.196969329000069, 28.079960645000028 ], [ 83.197543579000069, 28.076886583000032 ], [ 83.197184579000066, 28.074109332000035 ], [ 83.202909391000048, 28.072455020000064 ], [ 83.204168766000066, 28.069439020000061 ], [ 83.207353266000041, 28.066664207000031 ], [ 83.211369891000061, 28.066642270000045 ], [ 83.213072578000038, 28.065810395000028 ], [ 83.213421204000042, 28.064352645000042 ], [ 83.216715578000048, 28.060835957000052 ], [ 83.217210016000081, 28.059514395000065 ], [ 83.220874391000052, 28.059099770000046 ], [ 83.22163895400007, 28.058052708000048 ], [ 83.222434453000062, 28.054108832000054 ], [ 83.225732454000081, 28.053073770000026 ], [ 83.228822516000037, 28.051173395000035 ], [ 83.231683329000077, 28.048409708000065 ], [ 83.232639266000035, 28.044791582000073 ], [ 83.23458170300006, 28.040553895000073 ], [ 83.235350829000083, 28.038056020000056 ], [ 83.235669828000084, 28.034213145000024 ], [ 83.234950641000069, 28.032571145000077 ], [ 83.235850266000057, 28.03066958200003 ], [ 83.235359579000033, 28.02926345700007 ], [ 83.234866453000052, 28.023356145000037 ], [ 83.235708203000058, 28.020594645000074 ], [ 83.238058641000066, 28.017868645000078 ], [ 83.239419454000085, 28.01724445800005 ], [ 83.238848141000062, 28.01573858200004 ], [ 83.240189954000073, 28.01383045700004 ], [ 83.240317891000075, 28.01040395800004 ], [ 83.241609328000038, 28.009664269000041 ], [ 83.241849141000046, 28.007810957000061 ], [ 83.243731641000068, 28.008459832000028 ], [ 83.246027266000056, 28.008102395000037 ], [ 83.245398579000039, 28.006481207000036 ], [ 83.246701079000047, 28.000051270000029 ], [ 83.248013953000054, 27.997549520000064 ], [ 83.250615766000067, 27.997004207000032 ], [ 83.254114766000043, 27.995080520000045 ], [ 83.253413078000051, 27.990298020000068 ], [ 83.254202391000035, 27.987152520000052 ], [ 83.255632828000046, 27.98599377000005 ], [ 83.260267828000053, 27.986961895000036 ], [ 83.261237766000079, 27.987862832000076 ], [ 83.264882078000085, 27.988773583000068 ], [ 83.265601203000074, 27.985837520000075 ], [ 83.267128204000073, 27.985139457000059 ], [ 83.268710016000057, 27.983081145000028 ], [ 83.270571016000076, 27.982829270000025 ], [ 83.272212641000067, 27.980085332000044 ], [ 83.275966204000042, 27.975635457000067 ], [ 83.279461016000084, 27.972064082000031 ], [ 83.279704016000039, 27.970057270000041 ], [ 83.282159266000065, 27.967536333000055 ], [ 83.286873829000058, 27.96787445700005 ], [ 83.28841770400004, 27.967349957000067 ], [ 83.290261016000045, 27.96780620800007 ], [ 83.291748641000083, 27.966933957000037 ], [ 83.294812016000037, 27.966875208000033 ], [ 83.298979204000034, 27.968157770000062 ], [ 83.303049328000043, 27.967352644000073 ], [ 83.303337828000053, 27.964175019000038 ], [ 83.302992329000062, 27.962833020000062 ], [ 83.300982516000033, 27.959618895000062 ], [ 83.30260964100006, 27.957373145000076 ], [ 83.304665828000054, 27.956111020000037 ], [ 83.304589141000065, 27.954808645000071 ], [ 83.302893141000084, 27.952708582000071 ], [ 83.300071203000073, 27.951735332000055 ], [ 83.299220266000077, 27.950361458000032 ], [ 83.295063078000055, 27.950240957000062 ], [ 83.294666266000036, 27.949717707000048 ], [ 83.295217953000076, 27.945555395000042 ], [ 83.292854766000062, 27.943442707000031 ], [ 83.287849141000038, 27.94366958300003 ], [ 83.285965766000061, 27.942218083000057 ], [ 83.285266828000033, 27.940806520000024 ], [ 83.284965766000084, 27.937183645000061 ], [ 83.281512391000035, 27.935604333000072 ], [ 83.280603141000086, 27.931278769000073 ], [ 83.281835766000086, 27.927514957000028 ], [ 83.283821078000074, 27.925600644000042 ], [ 83.289342579000049, 27.924483020000025 ], [ 83.293416766000064, 27.924429582000073 ], [ 83.295857579000085, 27.925089645000071 ], [ 83.298811766000085, 27.926810457000045 ], [ 83.301668204000066, 27.926312770000038 ], [ 83.304180891000044, 27.926666207000039 ], [ 83.307056954000075, 27.928061582000055 ], [ 83.30988870300007, 27.927696708000042 ], [ 83.310964203000083, 27.925955707000071 ], [ 83.310406891000071, 27.924012520000076 ], [ 83.310817766000071, 27.918506958000023 ], [ 83.309074204000069, 27.916616458000078 ], [ 83.308627017000049, 27.914579020000076 ], [ 83.299477454000055, 27.91063170700005 ], [ 83.300314517000061, 27.908045645000072 ], [ 83.303206516000046, 27.906034208000051 ], [ 83.308767704000047, 27.905931333000069 ], [ 83.311477079000042, 27.903650270000071 ], [ 83.313057767000032, 27.901546207000024 ], [ 83.313433642000064, 27.898283208000066 ], [ 83.31218189100008, 27.892099208000047 ], [ 83.310915641000065, 27.889428207000037 ], [ 83.315519954000081, 27.886289958000077 ], [ 83.317462642000066, 27.885681457000032 ], [ 83.320069767000064, 27.882521958000041 ], [ 83.322462579000046, 27.881956082000045 ], [ 83.322090141000047, 27.879774646000044 ], [ 83.322736517000067, 27.878329269000062 ], [ 83.325608517000035, 27.877348333000043 ], [ 83.328373455000076, 27.877666457000032 ], [ 83.33003001600008, 27.878793646000076 ], [ 83.332505017000074, 27.877122395000072 ], [ 83.331862017000049, 27.874423020000052 ], [ 83.329368954000074, 27.873208270000077 ], [ 83.330350141000054, 27.871031207000044 ], [ 83.328593517000058, 27.869463520000068 ], [ 83.325817892000032, 27.865882770000042 ], [ 83.323921329000029, 27.864998021000076 ], [ 83.319216579000056, 27.859922957000038 ], [ 83.314689704000045, 27.85962752000006 ], [ 83.312595830000078, 27.857712770000035 ], [ 83.309345954000037, 27.856891082000061 ], [ 83.305697955000085, 27.858091207000029 ], [ 83.30531376600004, 27.855336520000037 ], [ 83.306778829000052, 27.853710332000048 ], [ 83.311975455000038, 27.851173144000029 ], [ 83.306375578000029, 27.848313395000048 ], [ 83.303701767000064, 27.846427208000023 ], [ 83.302509891000057, 27.844783082000049 ], [ 83.300378830000056, 27.844097645000033 ], [ 83.299542016000032, 27.842974333000029 ], [ 83.299033516000065, 27.840331832000061 ], [ 83.295274454000037, 27.83841508200004 ], [ 83.294616078000047, 27.835767332000046 ], [ 83.292806392000045, 27.833941769000035 ], [ 83.294106142000032, 27.830927145000032 ], [ 83.292271830000061, 27.828108645000043 ], [ 83.289404454000078, 27.826683707000029 ], [ 83.288006329000041, 27.826926957000069 ], [ 83.286632767000071, 27.825872958000048 ], [ 83.284277016000033, 27.825736646000053 ], [ 83.282309266000084, 27.826638021000065 ], [ 83.279578017000063, 27.827106584000035 ], [ 83.276509203000046, 27.826138394000054 ], [ 83.271662203000062, 27.827505083000062 ], [ 83.267448892000061, 27.827042833000064 ], [ 83.261961641000084, 27.828247770000075 ], [ 83.26039189200003, 27.829701457000056 ], [ 83.254639829000041, 27.830153395000025 ], [ 83.251930142000049, 27.831801645000041 ], [ 83.250153141000055, 27.831699520000029 ], [ 83.247324830000082, 27.829378146000067 ], [ 83.243093891000058, 27.827572520000047 ], [ 83.241297829000075, 27.827355020000027 ], [ 83.237257829000043, 27.824760645000026 ], [ 83.233014578000052, 27.823087770000029 ], [ 83.23583020500007, 27.822042895000038 ], [ 83.241085704000056, 27.816927521000025 ] ] ] } },
{ "type": "Feature", "properties": { "DISTRICT": "BANKE", "STATE_CODE": 5, "PR_NAME": "Lumbini Province" }, "geometry": { "type": "Polygon", "coordinates": [ [ [ 81.961195202000056, 27.916275207000069 ], [ 81.952820890000055, 27.910088145000032 ], [ 81.949618577000081, 27.903389019000031 ], [ 81.939982702000066, 27.893622395000023 ], [ 81.93991976500007, 27.887804020000033 ], [ 81.931900015000053, 27.882522519000076 ], [ 81.92709939000008, 27.87535970700003 ], [ 81.927715702000057, 27.873110582000038 ], [ 81.927956453000036, 27.86784295700005 ], [ 81.92802501500006, 27.859647770000038 ], [ 81.922106328000041, 27.858130645000074 ], [ 81.918166577000079, 27.856819020000046 ], [ 81.916056452000078, 27.856688645000077 ], [ 81.909080952000068, 27.855049333000068 ], [ 81.907455827000035, 27.855080332000057 ], [ 81.904003264000039, 27.853629707000039 ], [ 81.901436639000053, 27.853702832000067 ], [ 81.899685202000057, 27.85465064400006 ], [ 81.894720327000073, 27.855908082000042 ], [ 81.887346889000071, 27.856869520000032 ], [ 81.884784452000076, 27.858720270000049 ], [ 81.882813014000078, 27.860903457000063 ], [ 81.879826890000061, 27.865480145000049 ], [ 81.875446702000033, 27.869287270000029 ], [ 81.871013140000059, 27.872325208000063 ], [ 81.86788576400005, 27.87481777000005 ], [ 81.863651577000041, 27.877037457000029 ], [ 81.857163764000063, 27.881213645000059 ], [ 81.849441890000037, 27.88708708200005 ], [ 81.842889952000064, 27.89035602000007 ], [ 81.841056577000074, 27.891603645000032 ], [ 81.83734026500008, 27.895105457000057 ], [ 81.835430577000068, 27.897436457000026 ], [ 81.832775452000078, 27.898864958000047 ], [ 81.827315077000037, 27.900461457000063 ], [ 81.826247640000076, 27.901778708000052 ], [ 81.822998952000034, 27.903336957000079 ], [ 81.817642327000044, 27.903747895000038 ], [ 81.81543595200003, 27.904442332000031 ], [ 81.811115639000036, 27.903080269000043 ], [ 81.807202765000056, 27.903128020000054 ], [ 81.806555702000082, 27.903813207000042 ], [ 81.777823764000061, 27.926649458000043 ], [ 81.769672015000083, 27.932981208000058 ], [ 81.758898577000082, 27.941574207000031 ], [ 81.740508765000072, 27.956128082000077 ], [ 81.727008702000035, 27.966680457000052 ], [ 81.700165390000052, 27.988089582000043 ], [ 81.69511964000003, 27.989360582000074 ], [ 81.664873702000079, 27.991858957000034 ], [ 81.645295701000066, 27.993709895000052 ], [ 81.642521264000038, 27.995451145000061 ], [ 81.641096139000069, 27.997014645000036 ], [ 81.637882952000041, 27.997340958000052 ], [ 81.629815577000045, 28.001480082000057 ], [ 81.628599014000031, 28.001571394000052 ], [ 81.625921389000041, 28.001452770000071 ], [ 81.621077639000077, 28.008503082000061 ], [ 81.618905889000075, 28.010297582000078 ], [ 81.615317014000084, 28.011604270000078 ], [ 81.600388389000045, 28.019829019000042 ], [ 81.588895576000084, 28.024483833000033 ], [ 81.577226640000049, 28.030995395000048 ], [ 81.561009765000051, 28.042111645000034 ], [ 81.549113264000084, 28.04909777000006 ], [ 81.539514201000031, 28.053449895000028 ], [ 81.518250889000058, 28.06323608200006 ], [ 81.506713889000082, 28.068759707000027 ], [ 81.50826657600004, 28.070597332000034 ], [ 81.506176327000048, 28.071584270000074 ], [ 81.504395139000053, 28.074066020000032 ], [ 81.506973764000065, 28.076166145000059 ], [ 81.509157764000065, 28.074262770000075 ], [ 81.512342826000065, 28.073623645000055 ], [ 81.515262514000085, 28.074000833000071 ], [ 81.520016639000062, 28.076144395000028 ], [ 81.521484389000079, 28.080992145000039 ], [ 81.522781952000059, 28.082835082000031 ], [ 81.526388827000062, 28.083213895000029 ], [ 81.525578639000059, 28.085983207000027 ], [ 81.520988077000084, 28.088451020000036 ], [ 81.518728890000034, 28.088881520000029 ], [ 81.516980201000081, 28.090442707000079 ], [ 81.513539639000044, 28.090830145000041 ], [ 81.511922389000063, 28.091720645000066 ], [ 81.513792514000045, 28.095592208000028 ], [ 81.513163139000085, 28.096603145000074 ], [ 81.51013032600008, 28.097047645000032 ], [ 81.507665264000082, 28.099735020000026 ], [ 81.507640139000046, 28.100479645000064 ], [ 81.505211264000081, 28.104256645000078 ], [ 81.506429577000063, 28.105484082000032 ], [ 81.50804757700007, 28.104458270000066 ], [ 81.511074951000069, 28.104968208000059 ], [ 81.512740514000029, 28.106983645000071 ], [ 81.512690139000085, 28.108303707000061 ], [ 81.50979307700004, 28.111292832000061 ], [ 81.508165202000043, 28.114155332000053 ], [ 81.503725577000068, 28.116200083000024 ], [ 81.502871577000064, 28.119007770000053 ], [ 81.50758120200004, 28.122144707000075 ], [ 81.50453701400005, 28.124522769000066 ], [ 81.500805764000063, 28.126149707000025 ], [ 81.500456327000052, 28.127082770000072 ], [ 81.502557139000032, 28.128108457000053 ], [ 81.505604514000083, 28.126933020000024 ], [ 81.506162514000039, 28.127731957000037 ], [ 81.505421202000036, 28.130304582000065 ], [ 81.505921952000051, 28.133827020000069 ], [ 81.504156202000047, 28.135340770000028 ], [ 81.502560952000067, 28.137663770000074 ], [ 81.501700077000066, 28.141383020000035 ], [ 81.50052832700004, 28.143945895000058 ], [ 81.501992452000081, 28.14689627000007 ], [ 81.505109452000056, 28.147812145000046 ], [ 81.506287452000038, 28.148759958000028 ], [ 81.507516201000044, 28.151686270000027 ], [ 81.509145265000029, 28.151914895000061 ], [ 81.512427452000054, 28.148576958000035 ], [ 81.513829076000036, 28.148492707000059 ], [ 81.515226514000062, 28.150060082000039 ], [ 81.515983014000085, 28.152144333000024 ], [ 81.51584345100008, 28.153958832000058 ], [ 81.516751139000064, 28.15598383300005 ], [ 81.518344951000074, 28.156647895000049 ], [ 81.52042988900007, 28.155960832000062 ], [ 81.52257945100007, 28.156004582000037 ], [ 81.524181139000063, 28.157126582000046 ], [ 81.524625202000038, 28.159561645000053 ], [ 81.522597702000041, 28.161205207000023 ], [ 81.519465139000033, 28.16020627000006 ], [ 81.518889264000052, 28.162223333000043 ], [ 81.520675014000062, 28.164398333000065 ], [ 81.521759139000039, 28.164822895000043 ], [ 81.523215076000042, 28.165787520000038 ], [ 81.524411764000035, 28.168395708000048 ], [ 81.520870889000037, 28.17211633200003 ], [ 81.525619077000044, 28.173952708000058 ], [ 81.519855452000058, 28.176309958000047 ], [ 81.520189889000051, 28.179110895000065 ], [ 81.522386451000045, 28.179824645000053 ], [ 81.525574452000058, 28.179676958000073 ], [ 81.529168139000035, 28.180457395000076 ], [ 81.532135451000045, 28.184592895000037 ], [ 81.532186077000063, 28.188385458000027 ], [ 81.531497139000066, 28.190037457000074 ], [ 81.529492015000073, 28.191798332000076 ], [ 81.529841952000083, 28.194849708000049 ], [ 81.532859139000038, 28.197130332000029 ], [ 81.53571038900003, 28.197532083000056 ], [ 81.538693327000033, 28.198662020000029 ], [ 81.541024951000054, 28.202461395000057 ], [ 81.543789889000038, 28.203740958000026 ], [ 81.546290764000048, 28.20281502000006 ], [ 81.550060826000049, 28.203560270000025 ], [ 81.551617702000044, 28.203303520000077 ], [ 81.554060452000044, 28.204577458000074 ], [ 81.558654140000044, 28.205950895000058 ], [ 81.560721576000049, 28.205935583000041 ], [ 81.563359202000072, 28.207174770000051 ], [ 81.563834451000048, 28.208792833000075 ], [ 81.56329738900007, 28.210448833000044 ], [ 81.563797640000075, 28.211974270000042 ], [ 81.564252514000032, 28.214436207000062 ], [ 81.565762389000042, 28.213468770000077 ], [ 81.568084389000035, 28.213630645000023 ], [ 81.570867139000029, 28.215160082000068 ], [ 81.575705889000062, 28.219009207000056 ], [ 81.578252827000085, 28.222484395000038 ], [ 81.579991389000043, 28.222824458000048 ], [ 81.579838890000076, 28.225598020000064 ], [ 81.577922452000053, 28.226404832000071 ], [ 81.577197326000032, 28.227883458000065 ], [ 81.579573826000058, 28.229479832000038 ], [ 81.583816889000047, 28.227835145000029 ], [ 81.584986389000051, 28.228450520000024 ], [ 81.583962264000036, 28.230785583000056 ], [ 81.584009889000072, 28.232396333000054 ], [ 81.585562952000032, 28.235009145000049 ], [ 81.588045702000045, 28.236528208000038 ], [ 81.59123201400007, 28.240167333000045 ], [ 81.592366265000067, 28.239555458000041 ], [ 81.59109520100003, 28.237769520000029 ], [ 81.590796139000076, 28.23585077000007 ], [ 81.59290526400008, 28.234968520000052 ], [ 81.596301827000048, 28.237920645000031 ], [ 81.59788526400007, 28.234714457000052 ], [ 81.59927213900005, 28.234318020000046 ], [ 81.603083515000037, 28.236128832000077 ], [ 81.607228451000083, 28.235647958000072 ], [ 81.610977202000072, 28.237379832000045 ], [ 81.612519702000043, 28.240470708000032 ], [ 81.612476327000081, 28.244146270000044 ], [ 81.613055639000038, 28.246972958000072 ], [ 81.615902451000068, 28.249532270000032 ], [ 81.618918202000032, 28.248571020000043 ], [ 81.622612639000067, 28.248962645000063 ], [ 81.623999514000047, 28.250513082000055 ], [ 81.624348452000049, 28.253552833000072 ], [ 81.625055577000069, 28.25475670700007 ], [ 81.63222113900008, 28.258766895000065 ], [ 81.634160765000047, 28.25850970700003 ], [ 81.636232702000029, 28.260264395000036 ], [ 81.639427826000031, 28.26167545800007 ], [ 81.642191452000077, 28.262086645000068 ], [ 81.644006077000085, 28.263817583000048 ], [ 81.644624514000043, 28.266332645000034 ], [ 81.646158451000076, 28.267027083000073 ], [ 81.648756389000084, 28.265943082000035 ], [ 81.649427389000039, 28.267961457000069 ], [ 81.647825827000077, 28.269769457000052 ], [ 81.648045702000047, 28.271780957000033 ], [ 81.64605995200003, 28.274355645000071 ], [ 81.648329765000085, 28.277032020000036 ], [ 81.647321702000056, 28.277975395000055 ], [ 81.642831389000037, 28.279866958000071 ], [ 81.647835389000079, 28.282410957000025 ], [ 81.648615952000057, 28.285353770000029 ], [ 81.651563389000046, 28.28853902000003 ], [ 81.651418264000085, 28.29045295800006 ], [ 81.652311327000064, 28.292057395000029 ], [ 81.655204889000061, 28.29368377000003 ], [ 81.660669389000077, 28.290354395000065 ], [ 81.662872640000046, 28.287722020000047 ], [ 81.663913327000046, 28.287225020000051 ], [ 81.670433076000052, 28.304437270000051 ], [ 81.672950264000065, 28.307533895000063 ], [ 81.674199014000067, 28.310688645000027 ], [ 81.674282514000083, 28.314128896000057 ], [ 81.676745702000062, 28.317798770000024 ], [ 81.678571452000085, 28.322243395000044 ], [ 81.681797576000065, 28.324445145000027 ], [ 81.682567264000056, 28.322394895000059 ], [ 81.681959139000071, 28.319293521000077 ], [ 81.680189015000053, 28.317490707000047 ], [ 81.679828640000039, 28.313947958000028 ], [ 81.683021890000077, 28.315432395000073 ], [ 81.682975389000035, 28.316732208000076 ], [ 81.684599640000044, 28.320629395000026 ], [ 81.687060202000055, 28.324709833000043 ], [ 81.685775764000084, 28.326697207000052 ], [ 81.687120327000059, 28.329501582000034 ], [ 81.68623132700003, 28.33222027000005 ], [ 81.683757202000038, 28.33113389500005 ], [ 81.68311163900006, 28.333454208000035 ], [ 81.682202139000083, 28.333803958000033 ], [ 81.677752577000035, 28.332632645000047 ], [ 81.676097327000036, 28.334901520000074 ], [ 81.675418452000031, 28.337535583000033 ], [ 81.677454764000061, 28.335934895000037 ], [ 81.680934701000069, 28.336080020000054 ], [ 81.685680890000071, 28.337543082000025 ], [ 81.687612639000065, 28.337743145000047 ], [ 81.691185265000058, 28.336360145000071 ], [ 81.698963640000045, 28.334289957000067 ], [ 81.701601389000075, 28.334632895000027 ], [ 81.70492951500006, 28.333706520000078 ], [ 81.708178577000069, 28.330104645000063 ], [ 81.710404640000036, 28.32943202000007 ], [ 81.712905702000057, 28.324394520000055 ], [ 81.716561077000051, 28.323190833000069 ], [ 81.718813139000076, 28.319959458000028 ], [ 81.720766327000035, 28.318940645000055 ], [ 81.723655701000041, 28.319590957000059 ], [ 81.726663890000054, 28.316145645000063 ], [ 81.728281327000047, 28.315823395000052 ], [ 81.734790265000072, 28.31589002000004 ], [ 81.73837338900006, 28.315004332000058 ], [ 81.740451264000058, 28.314174082000079 ], [ 81.745566452000048, 28.312907582000037 ], [ 81.746872764000045, 28.313135083000077 ], [ 81.749852640000086, 28.312335895000047 ], [ 81.750940076000063, 28.310349020000046 ], [ 81.755585640000049, 28.307345207000026 ], [ 81.758151702000077, 28.307624333000035 ], [ 81.763014202000079, 28.309079520000068 ], [ 81.766018577000068, 28.305500207000023 ], [ 81.769233390000068, 28.300640458000032 ], [ 81.772714639000071, 28.299707020000028 ], [ 81.775574015000075, 28.297310582000023 ], [ 81.778243015000044, 28.297839145000069 ], [ 81.780398889000082, 28.29677545800007 ], [ 81.782070765000071, 28.295073771000034 ], [ 81.787033015000077, 28.295476208000025 ], [ 81.788950827000065, 28.294560395000076 ], [ 81.789825015000076, 28.293251332000068 ], [ 81.791039640000065, 28.288165708000065 ], [ 81.792484827000067, 28.286352395000051 ], [ 81.792698765000068, 28.283835520000025 ], [ 81.794029202000047, 28.281163270000036 ], [ 81.793230015000063, 28.27779270700006 ], [ 81.795095202000084, 28.273867457000051 ], [ 81.799898514000063, 28.27351002000006 ], [ 81.801935577000052, 28.275905395000052 ], [ 81.806237577000047, 28.280211895000036 ], [ 81.807642264000037, 28.282362708000051 ], [ 81.810961577000057, 28.282724333000033 ], [ 81.813407827000049, 28.281304208000051 ], [ 81.816322514000035, 28.278651645000025 ], [ 81.81907282700007, 28.278359957000077 ], [ 81.823882014000048, 28.276679520000073 ], [ 81.828040890000068, 28.276859708000075 ], [ 81.830744390000064, 28.27538583300003 ], [ 81.832951389000073, 28.274133770000049 ], [ 81.834580515000084, 28.274135082000043 ], [ 81.839856014000077, 28.272426457000051 ], [ 81.843543515000079, 28.272318020000057 ], [ 81.84563257700006, 28.271657582000046 ], [ 81.846932514000059, 28.269253520000063 ], [ 81.848657452000054, 28.268493770000077 ], [ 81.852109952000035, 28.265613708000046 ], [ 81.855688889000078, 28.260318770000026 ], [ 81.860336827000083, 28.256580520000057 ], [ 81.863299952000034, 28.254957708000063 ], [ 81.866664515000082, 28.248702708000053 ], [ 81.866176202000077, 28.245427645000063 ], [ 81.865365327000063, 28.243212708000044 ], [ 81.862371139000061, 28.238802833000079 ], [ 81.865555890000053, 28.238259270000071 ], [ 81.870007015000056, 28.238684520000049 ], [ 81.873761014000081, 28.239612645000079 ], [ 81.878481702000045, 28.239034145000062 ], [ 81.88041970200004, 28.241034145000071 ], [ 81.88470095200006, 28.243389020000052 ], [ 81.888892515000066, 28.24020777000004 ], [ 81.890438827000082, 28.236741270000039 ], [ 81.894207889000086, 28.235647270000072 ], [ 81.897981765000054, 28.233312270000056 ], [ 81.902506889000051, 28.233153895000044 ], [ 81.905499702000043, 28.232188832000077 ], [ 81.90664332700004, 28.232526458000052 ], [ 81.911114015000067, 28.232119895000039 ], [ 81.914943264000044, 28.228870332000042 ], [ 81.917390514000033, 28.227642395000032 ], [ 81.920690264000029, 28.226708770000073 ], [ 81.923113520000072, 28.226878989000056 ], [ 81.924270629000034, 28.223835009000027 ], [ 81.922721863000049, 28.220226306000029 ], [ 81.92770385700004, 28.217189807000068 ], [ 81.929595947000053, 28.213258760000031 ], [ 81.928512573000035, 28.209331530000043 ], [ 81.933191587000067, 28.207494508000025 ], [ 81.936443827000062, 28.207918832000075 ], [ 81.939819335000038, 28.206203478000077 ], [ 81.940734863000046, 28.204275148000079 ], [ 81.940338135000047, 28.201625841000066 ], [ 81.945045471000071, 28.199508685000069 ], [ 81.947669983000083, 28.199417132000065 ], [ 81.948928833000082, 28.198732393000057 ], [ 81.950845552000033, 28.195746611000061 ], [ 81.954353332000039, 28.193801897000071 ], [ 81.956436157000041, 28.19445421100005 ], [ 81.961463928000057, 28.194086092000077 ], [ 81.962585449000073, 28.195009249000066 ], [ 81.964500427000075, 28.19426347600006 ], [ 81.966018677000079, 28.191726702000039 ], [ 81.964924515000064, 28.188070083000071 ], [ 81.965409265000062, 28.186117395000053 ], [ 81.967079162000061, 28.184354800000051 ], [ 81.970634461000031, 28.182380694000074 ], [ 81.972549438000044, 28.182195681000053 ], [ 81.975021362000064, 28.184814470000049 ], [ 81.977645874000075, 28.184009570000057 ], [ 81.98055267400008, 28.181903857000066 ], [ 81.980651856000065, 28.179456729000037 ], [ 81.982330322000053, 28.177660006000053 ], [ 81.985656739000035, 28.177454012000055 ], [ 81.98789215100004, 28.175586718000034 ], [ 81.988403321000078, 28.172985095000058 ], [ 81.991050720000032, 28.170257586000048 ], [ 81.995834350000052, 28.166667956000026 ], [ 81.998123168000063, 28.165384310000036 ], [ 82.0, 28.163507479000032 ], [ 82.001136779000035, 28.16125108600005 ], [ 82.004398202000061, 28.157901645000038 ], [ 82.007789327000069, 28.152547770000069 ], [ 82.009429931000057, 28.150939959000027 ], [ 82.011583702000053, 28.147484145000078 ], [ 82.013976640000067, 28.144736583000054 ], [ 82.016350015000057, 28.140060083000037 ], [ 82.017824327000085, 28.138774457000068 ], [ 82.02037245300005, 28.132018707000043 ], [ 82.020462765000048, 28.128121708000037 ], [ 82.020012390000034, 28.125043207000033 ], [ 82.020794140000078, 28.12394770800006 ], [ 82.020369078000044, 28.121051707000049 ], [ 82.01896964000008, 28.119322645000068 ], [ 82.018296452000072, 28.11601802000007 ], [ 82.020053827000083, 28.110863145000053 ], [ 82.019324202000064, 28.108113832000072 ], [ 82.021093765000046, 28.10513839500004 ], [ 82.021366264000051, 28.100928645000067 ], [ 82.022848890000034, 28.09917589500003 ], [ 82.024826202000042, 28.098272208000026 ], [ 82.033921827000086, 28.096308832000034 ], [ 82.038769703000071, 28.094900457000051 ], [ 82.04296357700008, 28.095721457000025 ], [ 82.045817577000037, 28.095063520000053 ], [ 82.052048202000037, 28.089817770000025 ], [ 82.053677265000033, 28.090037645000052 ], [ 82.055665202000057, 28.091432458000043 ], [ 82.058056640000075, 28.090326582000046 ], [ 82.060155578000035, 28.087934645000075 ], [ 82.064509077000082, 28.086576582000077 ], [ 82.067799703000048, 28.084703270000034 ], [ 82.073325952000062, 28.08374870800003 ], [ 82.076535702000058, 28.080747708000047 ], [ 82.079084078000051, 28.079342457000052 ], [ 82.080963390000079, 28.07985558300004 ], [ 82.084772953000083, 28.078729083000042 ], [ 82.08707307800006, 28.076883457000065 ], [ 82.090155390000064, 28.079322645000047 ], [ 82.092749389000062, 28.07780845700006 ], [ 82.095833327000037, 28.077386833000048 ], [ 82.09757189000004, 28.076562958000068 ], [ 82.101362577000032, 28.073486833000061 ], [ 82.104222015000062, 28.072527583000067 ], [ 82.107049078000045, 28.072998957000038 ], [ 82.109293640000033, 28.072601770000063 ], [ 82.11229613900008, 28.070102520000034 ], [ 82.115839140000048, 28.069333770000071 ], [ 82.11864913900007, 28.06767295800006 ], [ 82.120378640000069, 28.067230208000069 ], [ 82.12498501400006, 28.062957832000052 ], [ 82.127045578000036, 28.063238707000039 ], [ 82.131717952000031, 28.060996082000031 ], [ 82.135435327000039, 28.057567708000079 ], [ 82.139057015000049, 28.056357770000034 ], [ 82.141977828000051, 28.055803332000039 ], [ 82.145664139000075, 28.054536270000028 ], [ 82.148908265000046, 28.052993083000047 ], [ 82.153538078000054, 28.049829582000029 ], [ 82.157837389000065, 28.047943333000035 ], [ 82.164279952000072, 28.045844895000073 ], [ 82.166983203000029, 28.045492582000065 ], [ 82.17217757700007, 28.045989833000078 ], [ 82.174776765000047, 28.046592520000047 ], [ 82.17621557800004, 28.045549208000068 ], [ 82.178115827000056, 28.042164520000028 ], [ 82.180608640000059, 28.040891020000061 ], [ 82.181591952000076, 28.039075457000024 ], [ 82.182089702000042, 28.035989395000058 ], [ 82.185117828000045, 28.033752332000063 ], [ 82.191050328000074, 28.032850457000052 ], [ 82.193345202000046, 28.030791082000064 ], [ 82.194696202000046, 28.027873520000071 ], [ 82.196019203000048, 28.023521207000044 ], [ 82.19501251500003, 28.017957520000039 ], [ 82.194191327000055, 28.016398957000035 ], [ 82.191523828000072, 28.014037395000059 ], [ 82.191121703000078, 28.011972082000057 ], [ 82.191711703000067, 28.005986082000049 ], [ 82.192587953000043, 28.00331852000005 ], [ 82.192185889000029, 28.002187207000077 ], [ 82.189562640000076, 27.999764395000057 ], [ 82.187795578000078, 27.994915457000047 ], [ 82.187998389000086, 27.991622145000065 ], [ 82.189228952000065, 27.989799770000047 ], [ 82.189000515000032, 27.988037520000034 ], [ 82.190889889000061, 27.985634207000032 ], [ 82.192149078000057, 27.982557270000029 ], [ 82.192027078000081, 27.981112145000054 ], [ 82.194114014000036, 27.979762957000048 ], [ 82.194492140000079, 27.975960395000072 ], [ 82.195047578000072, 27.972343520000038 ], [ 82.191816765000056, 27.969957582000063 ], [ 82.191992890000051, 27.967598395000039 ], [ 82.193527077000056, 27.965746395000053 ], [ 82.194139265000047, 27.963823395000077 ], [ 82.19348382700008, 27.960722457000031 ], [ 82.194228577000047, 27.95924277000006 ], [ 82.193407827000044, 27.95686964500004 ], [ 82.194524140000055, 27.954233895000073 ], [ 82.192643452000084, 27.953095019000045 ], [ 82.189558078000061, 27.952444957000068 ], [ 82.187788265000052, 27.952609145000054 ], [ 82.184694703000048, 27.951670145000037 ], [ 82.181929515000036, 27.952061708000031 ], [ 82.17897376500008, 27.951581707000059 ], [ 82.176006827000037, 27.952177832000075 ], [ 82.169570265000061, 27.955303270000059 ], [ 82.164702765000072, 27.956384582000055 ], [ 82.15861564000005, 27.960104458000046 ], [ 82.152031453000063, 27.961741270000061 ], [ 82.148943140000085, 27.961895645000027 ], [ 82.144143453000083, 27.958860582000057 ], [ 82.143145702000083, 27.958580082000026 ], [ 82.138544952000075, 27.961034520000055 ], [ 82.135155515000065, 27.962032644000033 ], [ 82.133943577000082, 27.958464457000048 ], [ 82.132293140000058, 27.95815308300007 ], [ 82.129796577000036, 27.954608958000051 ], [ 82.128323953000063, 27.953677957000025 ], [ 82.12498426500008, 27.949971395000034 ], [ 82.121387327000036, 27.948635769000077 ], [ 82.119277328000067, 27.948835707000057 ], [ 82.117564640000069, 27.949925833000066 ], [ 82.115625953000063, 27.950106270000049 ], [ 82.116134140000042, 27.952513957000065 ], [ 82.111707077000062, 27.950318457000037 ], [ 82.108834452000053, 27.95066877000005 ], [ 82.104710828000066, 27.948499895000054 ], [ 82.101885702000061, 27.948899332000053 ], [ 82.099002827000049, 27.949989520000031 ], [ 82.097103765000043, 27.953467895000074 ], [ 82.097062765000032, 27.955128707000028 ], [ 82.092897764000043, 27.953131332000055 ], [ 82.09194989000008, 27.950846582000054 ], [ 82.089883265000083, 27.94980483300003 ], [ 82.087058077000052, 27.950334832000067 ], [ 82.085659765000059, 27.951455894000048 ], [ 82.080744640000034, 27.952428582000039 ], [ 82.076922640000078, 27.952438270000073 ], [ 82.072833702000082, 27.951662457000054 ], [ 82.070978452000077, 27.952137208000067 ], [ 82.069147515000054, 27.950242707000029 ], [ 82.068690139000068, 27.946636395000041 ], [ 82.067962014000045, 27.945186832000047 ], [ 82.068238390000033, 27.943519645000038 ], [ 82.066676077000068, 27.942311145000076 ], [ 82.067385014000081, 27.939088394000066 ], [ 82.068796828000075, 27.938623957000061 ], [ 82.069264390000058, 27.934827708000057 ], [ 82.070753140000079, 27.931416082000055 ], [ 82.069812952000063, 27.929201082000077 ], [ 82.067306827000039, 27.927963832000046 ], [ 82.067845827000042, 27.92698045700007 ], [ 82.067068265000046, 27.925140958000043 ], [ 82.069797827000059, 27.924894145000053 ], [ 82.069235390000074, 27.92213926900007 ], [ 82.064550327000063, 27.921593457000029 ], [ 82.046992140000043, 27.924363207000056 ], [ 82.027423952000049, 27.924964082000031 ], [ 81.999999765000041, 27.928193708000038 ], [ 81.993062015000078, 27.929085520000058 ], [ 81.979615202000048, 27.928392145000032 ], [ 81.970098515000075, 27.928829520000079 ], [ 81.963593890000084, 27.923033832000044 ], [ 81.961195202000056, 27.916275207000069 ] ] ] } },
{ "type": "Feature", "properties": { "DISTRICT": "BARDIYA", "STATE_CODE": 5, "PR_NAME": "Lumbini Province" }, "geometry": { "type": "Polygon", "coordinates": [ [ [ 81.563834451000048, 28.208792833000075 ], [ 81.563359202000072, 28.207174770000051 ], [ 81.560721576000049, 28.205935583000041 ], [ 81.558654140000044, 28.205950895000058 ], [ 81.554060452000044, 28.204577458000074 ], [ 81.551617702000044, 28.203303520000077 ], [ 81.550060826000049, 28.203560270000025 ], [ 81.546290764000048, 28.20281502000006 ], [ 81.543789889000038, 28.203740958000026 ], [ 81.541024951000054, 28.202461395000057 ], [ 81.538693327000033, 28.198662020000029 ], [ 81.53571038900003, 28.197532083000056 ], [ 81.532859139000038, 28.197130332000029 ], [ 81.529841952000083, 28.194849708000049 ], [ 81.529492015000073, 28.191798332000076 ], [ 81.531497139000066, 28.190037457000074 ], [ 81.532186077000063, 28.188385458000027 ], [ 81.532135451000045, 28.184592895000037 ], [ 81.529168139000035, 28.180457395000076 ], [ 81.525574452000058, 28.179676958000073 ], [ 81.522386451000045, 28.179824645000053 ], [ 81.520189889000051, 28.179110895000065 ], [ 81.519855452000058, 28.176309958000047 ], [ 81.525619077000044, 28.173952708000058 ], [ 81.520870889000037, 28.17211633200003 ], [ 81.524411764000035, 28.168395708000048 ], [ 81.523215076000042, 28.165787520000038 ], [ 81.521759139000039, 28.164822895000043 ], [ 81.520675014000062, 28.164398333000065 ], [ 81.518889264000052, 28.162223333000043 ], [ 81.519465139000033, 28.16020627000006 ], [ 81.522597702000041, 28.161205207000023 ], [ 81.524625202000038, 28.159561645000053 ], [ 81.524181139000063, 28.157126582000046 ], [ 81.52257945100007, 28.156004582000037 ], [ 81.52042988900007, 28.155960832000062 ], [ 81.518344951000074, 28.156647895000049 ], [ 81.516751139000064, 28.15598383300005 ], [ 81.51584345100008, 28.153958832000058 ], [ 81.515983014000085, 28.152144333000024 ], [ 81.515226514000062, 28.150060082000039 ], [ 81.513829076000036, 28.148492707000059 ], [ 81.512427452000054, 28.148576958000035 ], [ 81.509145265000029, 28.151914895000061 ], [ 81.507516201000044, 28.151686270000027 ], [ 81.506287452000038, 28.148759958000028 ], [ 81.505109452000056, 28.147812145000046 ], [ 81.501992452000081, 28.14689627000007 ], [ 81.50052832700004, 28.143945895000058 ], [ 81.501700077000066, 28.141383020000035 ], [ 81.502560952000067, 28.137663770000074 ], [ 81.504156202000047, 28.135340770000028 ], [ 81.505921952000051, 28.133827020000069 ], [ 81.505421202000036, 28.130304582000065 ], [ 81.506162514000039, 28.127731957000037 ], [ 81.505604514000083, 28.126933020000024 ], [ 81.502557139000032, 28.128108457000053 ], [ 81.500456327000052, 28.127082770000072 ], [ 81.500805764000063, 28.126149707000025 ], [ 81.50453701400005, 28.124522769000066 ], [ 81.50758120200004, 28.122144707000075 ], [ 81.502871577000064, 28.119007770000053 ], [ 81.503725577000068, 28.116200083000024 ], [ 81.508165202000043, 28.114155332000053 ], [ 81.50979307700004, 28.111292832000061 ], [ 81.512690139000085, 28.108303707000061 ], [ 81.512740514000029, 28.106983645000071 ], [ 81.511074951000069, 28.104968208000059 ], [ 81.50804757700007, 28.104458270000066 ], [ 81.506429577000063, 28.105484082000032 ], [ 81.505211264000081, 28.104256645000078 ], [ 81.507640139000046, 28.100479645000064 ], [ 81.507665264000082, 28.099735020000026 ], [ 81.51013032600008, 28.097047645000032 ], [ 81.513163139000085, 28.096603145000074 ], [ 81.513792514000045, 28.095592208000028 ], [ 81.511922389000063, 28.091720645000066 ], [ 81.513539639000044, 28.090830145000041 ], [ 81.516980201000081, 28.090442707000079 ], [ 81.518728890000034, 28.088881520000029 ], [ 81.520988077000084, 28.088451020000036 ], [ 81.525578639000059, 28.085983207000027 ], [ 81.526388827000062, 28.083213895000029 ], [ 81.522781952000059, 28.082835082000031 ], [ 81.521484389000079, 28.080992145000039 ], [ 81.520016639000062, 28.076144395000028 ], [ 81.515262514000085, 28.074000833000071 ], [ 81.512342826000065, 28.073623645000055 ], [ 81.509157764000065, 28.074262770000075 ], [ 81.506973764000065, 28.076166145000059 ], [ 81.504395139000053, 28.074066020000032 ], [ 81.506176327000048, 28.071584270000074 ], [ 81.50826657600004, 28.070597332000034 ], [ 81.506713889000082, 28.068759707000027 ], [ 81.497804202000054, 28.072898707000036 ], [ 81.489888639000071, 28.076794520000078 ], [ 81.480210951000061, 28.082440083000051 ], [ 81.480249951000076, 28.091192145000036 ], [ 81.481579327000077, 28.109998145000077 ], [ 81.485846139000046, 28.118153083000038 ], [ 81.482741139000041, 28.120402270000056 ], [ 81.47447063900006, 28.125507832000039 ], [ 81.46947001400008, 28.127108895000049 ], [ 81.459732701000064, 28.134404894000056 ], [ 81.451742202000048, 28.140785145000052 ], [ 81.451925139000082, 28.150558770000032 ], [ 81.447769702000073, 28.15587464500004 ], [ 81.448839889000055, 28.157784457000048 ], [ 81.448743702000058, 28.160201270000073 ], [ 81.447668451000084, 28.161224582000045 ], [ 81.430793952000045, 28.168965833000073 ], [ 81.428304451000031, 28.17057333200006 ], [ 81.422910639000065, 28.172126645000048 ], [ 81.418101701000069, 28.173835833000055 ], [ 81.412441889000036, 28.174505083000042 ], [ 81.405763139000044, 28.174062520000064 ], [ 81.391722577000053, 28.173679207000077 ], [ 81.384133077000058, 28.175205645000062 ], [ 81.37695057600007, 28.176872708000076 ], [ 81.375226889000032, 28.174932520000027 ], [ 81.375911639000037, 28.173394082000073 ], [ 81.374270514000045, 28.172854833000031 ], [ 81.373479764000081, 28.171361082000033 ], [ 81.371173826000074, 28.169979708000028 ], [ 81.368688452000072, 28.165259520000063 ], [ 81.368770139000048, 28.162720958000023 ], [ 81.370203639000067, 28.160891770000035 ], [ 81.373286514000085, 28.159881645000041 ], [ 81.378914451000071, 28.158616207000023 ], [ 81.380155701000035, 28.155411083000047 ], [ 81.379264326000055, 28.154599020000035 ], [ 81.379636201000039, 28.152662145000079 ], [ 81.37840888900007, 28.151503520000063 ], [ 81.378489451000064, 28.149632832000066 ], [ 81.376927139000031, 28.148565395000048 ], [ 81.375196826000035, 28.145136082000079 ], [ 81.373080451000078, 28.142292145000056 ], [ 81.368838014000062, 28.141306332000056 ], [ 81.366442764000055, 28.141509083000074 ], [ 81.350881202000039, 28.139965895000046 ], [ 81.343931639000061, 28.139475833000063 ], [ 81.336228951000066, 28.140099645000078 ], [ 81.322497139000063, 28.13372927000006 ], [ 81.319805889000065, 28.133458020000035 ], [ 81.317217139000036, 28.136877833000028 ], [ 81.320135201000085, 28.145138145000033 ], [ 81.329692639000029, 28.148186270000053 ], [ 81.321949389000054, 28.160163083000043 ], [ 81.312423951000085, 28.155480770000054 ], [ 81.311517139000046, 28.160595583000031 ], [ 81.31024732700007, 28.161496457000055 ], [ 81.30582570100006, 28.162454020000041 ], [ 81.303747639000051, 28.164306582000052 ], [ 81.303997202000062, 28.167704020000031 ], [ 81.306229701000063, 28.168416520000051 ], [ 81.309601702000066, 28.16783808200006 ], [ 81.316035139000064, 28.167577458000039 ], [ 81.32302601300006, 28.168736707000051 ], [ 81.32652932600007, 28.174953458000061 ], [ 81.320135014000073, 28.182287895000059 ], [ 81.321511764000036, 28.193683520000036 ], [ 81.322372201000064, 28.197169707000057 ], [ 81.315869264000071, 28.204689270000074 ], [ 81.301383764000036, 28.219760020000024 ], [ 81.293684201000076, 28.222788833000038 ], [ 81.287866889000043, 28.228444208000042 ], [ 81.282235264000064, 28.234701333000032 ], [ 81.264014014000054, 28.254529708000064 ], [ 81.253775701000052, 28.266040270000076 ], [ 81.240668764000077, 28.28142239500005 ], [ 81.23449645200003, 28.288899083000047 ], [ 81.235209201000032, 28.298164333000045 ], [ 81.236337639000055, 28.324567333000061 ], [ 81.230834514000037, 28.332189333000031 ], [ 81.221332201000052, 28.34479714500003 ], [ 81.215167139000073, 28.358195583000054 ], [ 81.212421389000042, 28.360501208000073 ], [ 81.194925326000032, 28.363846270000067 ], [ 81.177018513000064, 28.367259520000061 ], [ 81.168049701000029, 28.368857083000023 ], [ 81.150375700000041, 28.371240020000073 ], [ 81.140346263000083, 28.372891020000054 ], [ 81.112375263000047, 28.378006957000025 ], [ 81.091114013000038, 28.382025395000028 ], [ 81.081575263000047, 28.384867583000073 ], [ 81.069078764000039, 28.39437552000004 ], [ 81.069272826000031, 28.396568457000058 ], [ 81.068807452000044, 28.399495020000074 ], [ 81.066248139000038, 28.403108520000046 ], [ 81.061590951000085, 28.406788333000065 ], [ 81.060892952000074, 28.408390583000028 ], [ 81.063065513000083, 28.414129458000048 ], [ 81.064576326000065, 28.416157082000041 ], [ 81.06624757600008, 28.420718395000051 ], [ 81.067298576000042, 28.422396520000063 ], [ 81.071508139000059, 28.427017395000064 ], [ 81.077973701000076, 28.432304645000045 ], [ 81.086689076000084, 28.437213458000031 ], [ 81.087563514000067, 28.438291333000052 ], [ 81.08936888900007, 28.444278208000071 ], [ 81.089552264000076, 28.44608983300003 ], [ 81.091025952000052, 28.449879270000054 ], [ 81.09078157600004, 28.453326958000048 ], [ 81.092336576000037, 28.456843333000052 ], [ 81.094292951000057, 28.458741708000048 ], [ 81.097203139000044, 28.459691771000053 ], [ 81.100617951000061, 28.459283207000055 ], [ 81.10950770200003, 28.460842145000072 ], [ 81.112190701000031, 28.462579520000077 ], [ 81.113387326000066, 28.466578770000069 ], [ 81.113665326000046, 28.468967895000048 ], [ 81.116538201000083, 28.472451270000079 ], [ 81.118191764000073, 28.473480958000039 ], [ 81.122776639000051, 28.475225458000068 ], [ 81.124542202000043, 28.476949833000049 ], [ 81.131655826000042, 28.482098582000049 ], [ 81.134356701000058, 28.484629645000041 ], [ 81.136737638000056, 28.487718270000073 ], [ 81.140404639000053, 28.491353770000046 ], [ 81.144158701000038, 28.493822645000023 ], [ 81.148201264000079, 28.495311896000032 ], [ 81.149841826000056, 28.496864645000073 ], [ 81.149013826000044, 28.498110957000051 ], [ 81.152976889000058, 28.501055395000037 ], [ 81.154478514000061, 28.501762145000043 ], [ 81.157004327000038, 28.501833708000049 ], [ 81.159078327000032, 28.500969458000043 ], [ 81.161880763000056, 28.501338333000035 ], [ 81.163616514000068, 28.505803583000045 ], [ 81.164493077000031, 28.513304395000034 ], [ 81.165571638000074, 28.515908958000068 ], [ 81.168962639000085, 28.519850833000078 ], [ 81.16969251300003, 28.521569145000058 ], [ 81.169159576000084, 28.523198833000038 ], [ 81.177848826000059, 28.531499521000057 ], [ 81.186215202000085, 28.540743145000079 ], [ 81.190999451000039, 28.545422583000061 ], [ 81.19444251300007, 28.548152208000033 ], [ 81.199693513000057, 28.552995332000023 ], [ 81.206314514000042, 28.558393521000028 ], [ 81.21276857600003, 28.562386020000076 ], [ 81.220751764000056, 28.566838208000036 ], [ 81.227228077000063, 28.571782083000073 ], [ 81.23081826400005, 28.575234708000039 ], [ 81.233444951000081, 28.576872708000053 ], [ 81.242149889000075, 28.585622646000047 ], [ 81.24610126400006, 28.590493458000026 ], [ 81.250056389000065, 28.593834270000059 ], [ 81.251764639000044, 28.595940646000031 ], [ 81.255331139000077, 28.601865458000077 ], [ 81.258818514000041, 28.608225645000061 ], [ 81.262310889000048, 28.613053895000064 ], [ 81.26464788800007, 28.614590270000065 ], [ 81.266759576000084, 28.615226895000035 ], [ 81.270518264000032, 28.617746333000071 ], [ 81.271320514000081, 28.619730145000062 ], [ 81.271547514000076, 28.623233520000042 ], [ 81.272324576000074, 28.625600896000037 ], [ 81.272431827000048, 28.629508333000047 ], [ 81.274178326000083, 28.631438333000062 ], [ 81.278853639000033, 28.635523708000051 ], [ 81.283402764000073, 28.638907458000062 ], [ 81.28804251400004, 28.645384020000051 ], [ 81.289420201000041, 28.649065395000036 ], [ 81.289751638000041, 28.653789083000049 ], [ 81.289162888000078, 28.663417270000025 ], [ 81.288163764000046, 28.665912396000067 ], [ 81.287165639000079, 28.669966521000049 ], [ 81.287065014000063, 28.673202020000076 ], [ 81.288707514000066, 28.673196271000052 ], [ 81.292775326000083, 28.67460664500004 ], [ 81.295918327000038, 28.673268708000023 ], [ 81.298898326000085, 28.673120021000045 ], [ 81.302519326000038, 28.673687333000032 ], [ 81.303694202000031, 28.672798021000062 ], [ 81.30332338900007, 28.671075146000078 ], [ 81.305356764000067, 28.670689333000041 ], [ 81.306051826000044, 28.672418208000067 ], [ 81.309307826000065, 28.672828146000029 ], [ 81.310312889000045, 28.671632395000074 ], [ 81.313820514000042, 28.670629333000079 ], [ 81.316345702000035, 28.670709208000062 ], [ 81.320113764000041, 28.669574520000026 ], [ 81.322854326000083, 28.667514958000027 ], [ 81.323509452000053, 28.663432083000032 ], [ 81.322610952000048, 28.661132958000053 ], [ 81.319807077000064, 28.657669645000055 ], [ 81.318309576000047, 28.654965833000063 ], [ 81.318042451000053, 28.652270395000073 ], [ 81.31593395200008, 28.651756395000064 ], [ 81.314173639000046, 28.652676520000057 ], [ 81.311971639000035, 28.651014333000035 ], [ 81.312628763000077, 28.647048770000026 ], [ 81.315417138000043, 28.645086208000066 ], [ 81.316491889000076, 28.643779708000068 ], [ 81.317915139000036, 28.640583896000066 ], [ 81.31712701400005, 28.639599833000034 ], [ 81.317543326000077, 28.637293083000031 ], [ 81.318679013000065, 28.636290958000075 ], [ 81.32218313900006, 28.636036770000032 ], [ 81.32608138900008, 28.635039208000023 ], [ 81.328386514000044, 28.633702521000032 ], [ 81.329398389000062, 28.632204271000035 ], [ 81.33875695100005, 28.629236958000035 ], [ 81.341652639000074, 28.628751396000041 ], [ 81.342471514000067, 28.627136146000055 ], [ 81.34389982700003, 28.626787333000038 ], [ 81.348338514000034, 28.62448377100003 ], [ 81.352028077000057, 28.624571271000036 ], [ 81.355091139000081, 28.62349839500007 ], [ 81.358518139000068, 28.623268271000029 ], [ 81.360686139000052, 28.623907708000047 ], [ 81.364264952000042, 28.62395239600005 ], [ 81.368112889000031, 28.622335583000051 ], [ 81.371716826000068, 28.619002458000068 ], [ 81.372266014000047, 28.617581833000031 ], [ 81.375660452000034, 28.616532395000036 ], [ 81.378074827000034, 28.614743333000035 ], [ 81.378309389000037, 28.613844770000071 ], [ 81.381089201000066, 28.612210270000048 ], [ 81.38444101400006, 28.611806020000074 ], [ 81.388063639000052, 28.610146458000031 ], [ 81.389666952000084, 28.610561458000063 ], [ 81.393493889000069, 28.609381770000027 ], [ 81.396113201000048, 28.607993395000051 ], [ 81.402581014000077, 28.606823708000036 ], [ 81.403028326000083, 28.605958271000077 ], [ 81.402120514000046, 28.603212958000029 ], [ 81.406546014000071, 28.599411708000048 ], [ 81.408691514000054, 28.598238896000055 ], [ 81.411642076000078, 28.595527082000046 ], [ 81.415628389000062, 28.594957645000079 ], [ 81.418567014000075, 28.595458520000079 ], [ 81.421002764000036, 28.593722770000056 ], [ 81.422129014000063, 28.590253833000077 ], [ 81.426687264000066, 28.587024583000073 ], [ 81.424581514000067, 28.582550520000041 ], [ 81.423509764000073, 28.581410021000067 ], [ 81.425463076000085, 28.579781708000041 ], [ 81.42608132600003, 28.57765445800004 ], [ 81.427920577000066, 28.57802545800007 ], [ 81.431902577000074, 28.57763383300005 ], [ 81.433612139000047, 28.575230083000065 ], [ 81.434610577000058, 28.57188552100007 ], [ 81.435076077000076, 28.567935833000035 ], [ 81.43421651400007, 28.566014083000027 ], [ 81.435110764000058, 28.563482082000064 ], [ 81.436407389000067, 28.561997895000047 ], [ 81.440693139000075, 28.558778145000076 ], [ 81.444047201000046, 28.557999958000039 ], [ 81.445420702000035, 28.555710083000065 ], [ 81.447112951000065, 28.55418839500004 ], [ 81.450520952000034, 28.553662645000031 ], [ 81.454930827000055, 28.552163458000052 ], [ 81.457601514000032, 28.553275770000027 ], [ 81.461481764000041, 28.55413352000005 ], [ 81.465302202000032, 28.554312270000025 ], [ 81.468149451000045, 28.553127021000023 ], [ 81.469174326000029, 28.550438645000042 ], [ 81.470858452000073, 28.548325583000064 ], [ 81.474087702000077, 28.548472270000048 ], [ 81.474883514000055, 28.54715870800004 ], [ 81.475991264000072, 28.541909270000076 ], [ 81.477864951000072, 28.539682646000074 ], [ 81.480528951000053, 28.538917458000071 ], [ 81.485320327000068, 28.539356145000056 ], [ 81.48789176400004, 28.539037833000066 ], [ 81.490413889000081, 28.536752270000079 ], [ 81.490361326000084, 28.535342395000043 ], [ 81.493413514000054, 28.532109583000079 ], [ 81.497235264000039, 28.533404208000036 ], [ 81.499113951000083, 28.533451457000069 ], [ 81.502858514000081, 28.530299333000073 ], [ 81.505048764000037, 28.529005208000058 ], [ 81.507531702000051, 28.528395833000047 ], [ 81.510440951000078, 28.525348145000066 ], [ 81.513266264000038, 28.524656145000051 ], [ 81.514432452000051, 28.522670833000063 ], [ 81.513491139000052, 28.520713833000059 ], [ 81.516820952000046, 28.514925395000034 ], [ 81.51797470200006, 28.513454582000065 ], [ 81.521811890000038, 28.511734270000034 ], [ 81.525676389000068, 28.511428332000037 ], [ 81.531101264000085, 28.509530083000072 ], [ 81.53348251500006, 28.508117458000072 ], [ 81.536819202000061, 28.505006645000037 ], [ 81.54116257700008, 28.499998833000063 ], [ 81.541421077000052, 28.497847645000036 ], [ 81.540481514000078, 28.495787021000069 ], [ 81.540800514000068, 28.494477208000035 ], [ 81.544223639000052, 28.495018583000046 ], [ 81.548384702000078, 28.49453477000003 ], [ 81.550301826000066, 28.493626833000064 ], [ 81.554804326000067, 28.493249896000066 ], [ 81.557210389000034, 28.494886958000052 ], [ 81.559108576000085, 28.494876958000077 ], [ 81.561270139000044, 28.491910208000036 ], [ 81.565121765000072, 28.490188645000046 ], [ 81.569648014000052, 28.485467895000056 ], [ 81.572629389000042, 28.484388270000068 ], [ 81.57456895200005, 28.482981270000039 ], [ 81.57501282700008, 28.480777395000075 ], [ 81.576792451000074, 28.478141457000049 ], [ 81.580263202000083, 28.476714333000075 ], [ 81.58290670100007, 28.474510021000071 ], [ 81.58446370200005, 28.473932583000078 ], [ 81.588081077000083, 28.470672645000036 ], [ 81.589174264000064, 28.468892271000072 ], [ 81.592095389000065, 28.469606083000031 ], [ 81.594175577000044, 28.468895395000061 ], [ 81.597814077000066, 28.465156770000078 ], [ 81.602021702000059, 28.462660958000072 ], [ 81.604620827000076, 28.458064958000023 ], [ 81.609901827000044, 28.453400458000033 ], [ 81.613586202000079, 28.454367645000048 ], [ 81.615676077000046, 28.45299102000007 ], [ 81.618418077000058, 28.449612333000061 ], [ 81.623364515000048, 28.445641520000038 ], [ 81.628061015000071, 28.444356520000042 ], [ 81.629172639000046, 28.443254895000052 ], [ 81.629931889000034, 28.440974895000068 ], [ 81.633373952000056, 28.436232332000031 ], [ 81.636277827000072, 28.43427170700005 ], [ 81.641598889000079, 28.432119207000028 ], [ 81.645688577000044, 28.429401583000072 ], [ 81.647505076000073, 28.427071333000072 ], [ 81.648523952000062, 28.424740396000061 ], [ 81.650161139000033, 28.422636582000052 ], [ 81.658065639000085, 28.418379645000073 ], [ 81.660624202000065, 28.415109396000048 ], [ 81.668482952000033, 28.41457239500005 ], [ 81.671567389000074, 28.41321933200004 ], [ 81.673835327000063, 28.415015333000042 ], [ 81.674725514000045, 28.417463333000057 ], [ 81.676082827000073, 28.417497207000054 ], [ 81.680585390000033, 28.414918582000041 ], [ 81.685172077000061, 28.411175208000031 ], [ 81.688796952000075, 28.411055396000052 ], [ 81.690090327000064, 28.410401333000038 ], [ 81.693629390000069, 28.405733457000053 ], [ 81.693607076000035, 28.404470145000062 ], [ 81.69391720200008, 28.402911833000076 ], [ 81.698060702000078, 28.398852145000035 ], [ 81.700113889000079, 28.398043021000035 ], [ 81.702104702000042, 28.39648945700003 ], [ 81.70377351500008, 28.39360883300003 ], [ 81.706655202000036, 28.391845395000075 ], [ 81.710129076000044, 28.391091833000075 ], [ 81.712906327000042, 28.388618145000066 ], [ 81.71699170200003, 28.385681770000076 ], [ 81.717964077000033, 28.384311645000025 ], [ 81.721660702000065, 28.382602270000064 ], [ 81.723568451000062, 28.382235708000053 ], [ 81.72621539000005, 28.38299545700005 ], [ 81.731353764000062, 28.378661020000038 ], [ 81.73473570200008, 28.377343333000056 ], [ 81.736545639000042, 28.377335833000075 ], [ 81.741748639000036, 28.376335208000057 ], [ 81.743820389000064, 28.375554583000053 ], [ 81.748627265000039, 28.375476333000051 ], [ 81.754038077000075, 28.374230458000056 ], [ 81.756605014000058, 28.371350957000061 ], [ 81.760631702000069, 28.369837270000062 ], [ 81.764664640000035, 28.370994645000053 ], [ 81.768498077000061, 28.370030020000058 ], [ 81.767142202000059, 28.365234333000046 ], [ 81.764165577000085, 28.362042833000032 ], [ 81.761855702000048, 28.358978396000055 ], [ 81.761258577000035, 28.355985582000073 ], [ 81.759593515000063, 28.352829520000057 ], [ 81.756892577000031, 28.350310895000064 ], [ 81.753441452000061, 28.343572832000063 ], [ 81.753002327000047, 28.341425145000073 ], [ 81.753059514000086, 28.337598395000043 ], [ 81.753878514000064, 28.334313457000064 ], [ 81.752926702000082, 28.330785645000049 ], [ 81.751073390000045, 28.328505770000049 ], [ 81.748133827000061, 28.326202645000023 ], [ 81.747839327000065, 28.323569020000036 ], [ 81.745304826000051, 28.318905895000057 ], [ 81.745316140000057, 28.317134770000052 ], [ 81.746872764000045, 28.313135083000077 ], [ 81.745566452000048, 28.312907582000037 ], [ 81.740451264000058, 28.314174082000079 ], [ 81.73837338900006, 28.315004332000058 ], [ 81.734790265000072, 28.31589002000004 ], [ 81.728281327000047, 28.315823395000052 ], [ 81.726663890000054, 28.316145645000063 ], [ 81.723655701000041, 28.319590957000059 ], [ 81.720766327000035, 28.318940645000055 ], [ 81.718813139000076, 28.319959458000028 ], [ 81.716561077000051, 28.323190833000069 ], [ 81.712905702000057, 28.324394520000055 ], [ 81.710404640000036, 28.32943202000007 ], [ 81.708178577000069, 28.330104645000063 ], [ 81.70492951500006, 28.333706520000078 ], [ 81.701601389000075, 28.334632895000027 ], [ 81.698963640000045, 28.334289957000067 ], [ 81.691185265000058, 28.336360145000071 ], [ 81.687612639000065, 28.337743145000047 ], [ 81.685680890000071, 28.337543082000025 ], [ 81.680934701000069, 28.336080020000054 ], [ 81.677454764000061, 28.335934895000037 ], [ 81.675418452000031, 28.337535583000033 ], [ 81.676097327000036, 28.334901520000074 ], [ 81.677752577000035, 28.332632645000047 ], [ 81.682202139000083, 28.333803958000033 ], [ 81.68311163900006, 28.333454208000035 ], [ 81.683757202000038, 28.33113389500005 ], [ 81.68623132700003, 28.33222027000005 ], [ 81.687120327000059, 28.329501582000034 ], [ 81.685775764000084, 28.326697207000052 ], [ 81.687060202000055, 28.324709833000043 ], [ 81.684599640000044, 28.320629395000026 ], [ 81.682975389000035, 28.316732208000076 ], [ 81.683021890000077, 28.315432395000073 ], [ 81.679828640000039, 28.313947958000028 ], [ 81.680189015000053, 28.317490707000047 ], [ 81.681959139000071, 28.319293521000077 ], [ 81.682567264000056, 28.322394895000059 ], [ 81.681797576000065, 28.324445145000027 ], [ 81.678571452000085, 28.322243395000044 ], [ 81.676745702000062, 28.317798770000024 ], [ 81.674282514000083, 28.314128896000057 ], [ 81.674199014000067, 28.310688645000027 ], [ 81.672950264000065, 28.307533895000063 ], [ 81.670433076000052, 28.304437270000051 ], [ 81.663913327000046, 28.287225020000051 ], [ 81.662872640000046, 28.287722020000047 ], [ 81.660669389000077, 28.290354395000065 ], [ 81.655204889000061, 28.29368377000003 ], [ 81.652311327000064, 28.292057395000029 ], [ 81.651418264000085, 28.29045295800006 ], [ 81.651563389000046, 28.28853902000003 ], [ 81.648615952000057, 28.285353770000029 ], [ 81.647835389000079, 28.282410957000025 ], [ 81.642831389000037, 28.279866958000071 ], [ 81.647321702000056, 28.277975395000055 ], [ 81.648329765000085, 28.277032020000036 ], [ 81.64605995200003, 28.274355645000071 ], [ 81.648045702000047, 28.271780957000033 ], [ 81.647825827000077, 28.269769457000052 ], [ 81.649427389000039, 28.267961457000069 ], [ 81.648756389000084, 28.265943082000035 ], [ 81.646158451000076, 28.267027083000073 ], [ 81.644624514000043, 28.266332645000034 ], [ 81.644006077000085, 28.263817583000048 ], [ 81.642191452000077, 28.262086645000068 ], [ 81.639427826000031, 28.26167545800007 ], [ 81.636232702000029, 28.260264395000036 ], [ 81.634160765000047, 28.25850970700003 ], [ 81.63222113900008, 28.258766895000065 ], [ 81.625055577000069, 28.25475670700007 ], [ 81.624348452000049, 28.253552833000072 ], [ 81.623999514000047, 28.250513082000055 ], [ 81.622612639000067, 28.248962645000063 ], [ 81.618918202000032, 28.248571020000043 ], [ 81.615902451000068, 28.249532270000032 ], [ 81.613055639000038, 28.246972958000072 ], [ 81.612476327000081, 28.244146270000044 ], [ 81.612519702000043, 28.240470708000032 ], [ 81.610977202000072, 28.237379832000045 ], [ 81.607228451000083, 28.235647958000072 ], [ 81.603083515000037, 28.236128832000077 ], [ 81.59927213900005, 28.234318020000046 ], [ 81.59788526400007, 28.234714457000052 ], [ 81.596301827000048, 28.237920645000031 ], [ 81.59290526400008, 28.234968520000052 ], [ 81.590796139000076, 28.23585077000007 ], [ 81.59109520100003, 28.237769520000029 ], [ 81.592366265000067, 28.239555458000041 ], [ 81.59123201400007, 28.240167333000045 ], [ 81.588045702000045, 28.236528208000038 ], [ 81.585562952000032, 28.235009145000049 ], [ 81.584009889000072, 28.232396333000054 ], [ 81.583962264000036, 28.230785583000056 ], [ 81.584986389000051, 28.228450520000024 ], [ 81.583816889000047, 28.227835145000029 ], [ 81.579573826000058, 28.229479832000038 ], [ 81.577197326000032, 28.227883458000065 ], [ 81.577922452000053, 28.226404832000071 ], [ 81.579838890000076, 28.225598020000064 ], [ 81.579991389000043, 28.222824458000048 ], [ 81.578252827000085, 28.222484395000038 ], [ 81.575705889000062, 28.219009207000056 ], [ 81.570867139000029, 28.215160082000068 ], [ 81.568084389000035, 28.213630645000023 ], [ 81.565762389000042, 28.213468770000077 ], [ 81.564252514000032, 28.214436207000062 ], [ 81.563797640000075, 28.211974270000042 ], [ 81.56329738900007, 28.210448833000044 ], [ 81.563834451000048, 28.208792833000075 ] ] ] } },
{ "type": "Feature", "properties": { "DISTRICT": "DANG", "STATE_CODE": 5, "PR_NAME": "Lumbini Province" }, "geometry": { "type": "Polygon", "coordinates": [ [ [ 82.757656015000066, 27.819373957000039 ], [ 82.759009953000032, 27.817495457000064 ], [ 82.758775140000068, 27.813432332000048 ], [ 82.76143726500004, 27.811227207000059 ], [ 82.764954578000072, 27.810331457000075 ], [ 82.769478328000048, 27.810638020000056 ], [ 82.771928328000058, 27.809671645000037 ], [ 82.773054890000083, 27.807310457000028 ], [ 82.775339516000031, 27.804621144000066 ], [ 82.781373516000031, 27.802587582000058 ], [ 82.784232203000045, 27.79868033200006 ], [ 82.786535641000057, 27.796142082000074 ], [ 82.789447641000038, 27.794281519000037 ], [ 82.79013389000005, 27.795492395000053 ], [ 82.788540203000082, 27.801897082000039 ], [ 82.790188390000083, 27.804456458000061 ], [ 82.792736391000062, 27.805480457000044 ], [ 82.796752828000081, 27.805553832000044 ], [ 82.800739453000062, 27.801994520000051 ], [ 82.799501453000062, 27.796320832000049 ], [ 82.800170391000051, 27.794494644000054 ], [ 82.802061015000049, 27.793813895000028 ], [ 82.806233515000031, 27.794842707000043 ], [ 82.807302453000034, 27.79340576900006 ], [ 82.807655016000069, 27.791346645000033 ], [ 82.806070703000046, 27.790295145000073 ], [ 82.805430453000042, 27.787566457000025 ], [ 82.805772579000063, 27.785624582000025 ], [ 82.807244078000053, 27.781989082000052 ], [ 82.806099141000061, 27.777505207000047 ], [ 82.804223516000036, 27.775677332000043 ], [ 82.801383766000072, 27.775758832000065 ], [ 82.799796203000085, 27.773671582000077 ], [ 82.794475891000047, 27.772693520000075 ], [ 82.792181078000056, 27.771870270000079 ], [ 82.787705453000058, 27.772022895000077 ], [ 82.785735578000072, 27.769812582000043 ], [ 82.784678391000057, 27.776553707000062 ], [ 82.783557641000073, 27.777310957000054 ], [ 82.779961515000082, 27.776855082000054 ], [ 82.774356891000082, 27.777340207000066 ], [ 82.771964891000039, 27.776876769000069 ], [ 82.767240078000043, 27.776755770000079 ], [ 82.765595828000073, 27.777077207000048 ], [ 82.760892578000039, 27.776956208000058 ], [ 82.75821639000003, 27.777288645000056 ], [ 82.751779203000069, 27.776948644000072 ], [ 82.749874266000063, 27.777357832000064 ], [ 82.748089703000062, 27.776718957000071 ], [ 82.74413751600008, 27.776635770000041 ], [ 82.737545828000066, 27.775959770000043 ], [ 82.733418828000083, 27.774793958000032 ], [ 82.733375328000079, 27.774170832000038 ], [ 82.733887828000036, 27.771093707000034 ], [ 82.733091516000059, 27.766705020000074 ], [ 82.728000203000079, 27.764521708000075 ], [ 82.727417453000044, 27.763058894000039 ], [ 82.725805828000034, 27.761780582000029 ], [ 82.725735578000069, 27.758804145000056 ], [ 82.723764641000059, 27.757874395000044 ], [ 82.720102515000065, 27.758666332000075 ], [ 82.71728857800008, 27.757421957000076 ], [ 82.714047953000033, 27.75771227000007 ], [ 82.712123765000058, 27.759666207000066 ], [ 82.708337766000056, 27.759448145000079 ], [ 82.705051265000066, 27.75822839500006 ], [ 82.701596890000076, 27.758577269000057 ], [ 82.698060328000054, 27.756504520000078 ], [ 82.698529703000077, 27.754970269000069 ], [ 82.701079328000048, 27.753141957000025 ], [ 82.701538765000066, 27.750996207000071 ], [ 82.703690640000048, 27.749843207000026 ], [ 82.703763141000081, 27.747682519000023 ], [ 82.702840640000034, 27.745117707000077 ], [ 82.705379265000033, 27.742639457000053 ], [ 82.705811390000065, 27.738796832000048 ], [ 82.70816357800004, 27.735443645000032 ], [ 82.70784151600003, 27.731474332000062 ], [ 82.708595578000086, 27.728943270000059 ], [ 82.70814757800008, 27.726484394000067 ], [ 82.710094391000041, 27.724666082000056 ], [ 82.70996057800005, 27.721707020000053 ], [ 82.707197016000066, 27.716469582000059 ], [ 82.703908640000066, 27.716181645000063 ], [ 82.701403203000041, 27.721663144000047 ], [ 82.69723395300008, 27.71820589500004 ], [ 82.691206266000052, 27.71494533200007 ], [ 82.682636453000043, 27.713580332000049 ], [ 82.673611891000064, 27.714071707000073 ], [ 82.668454641000039, 27.715484145000062 ], [ 82.66615807800008, 27.721912207000059 ], [ 82.657181390000062, 27.713130395000064 ], [ 82.640463328000067, 27.708935582000038 ], [ 82.629768015000082, 27.711336645000074 ], [ 82.629485078000073, 27.709005519000073 ], [ 82.624866016000055, 27.70467089400006 ], [ 82.620934515000044, 27.702238082000065 ], [ 82.606982390000042, 27.705784832000063 ], [ 82.602036953000038, 27.704047457000058 ], [ 82.59938526600007, 27.700390645000027 ], [ 82.595623140000043, 27.696758582000029 ], [ 82.593106078000062, 27.696690207000074 ], [ 82.586867578000067, 27.698427020000054 ], [ 82.578677390000053, 27.695687769000074 ], [ 82.563836765000076, 27.691611394000063 ], [ 82.556470390000072, 27.688326645000075 ], [ 82.551412140000082, 27.68865964400004 ], [ 82.545428953000055, 27.686902645000032 ], [ 82.543084327000031, 27.685553707000054 ], [ 82.540858828000069, 27.687432082000043 ], [ 82.532893452000053, 27.686395895000032 ], [ 82.528784703000042, 27.687699207000037 ], [ 82.525456765000058, 27.688133082000036 ], [ 82.51837576500003, 27.690236832000039 ], [ 82.502237265000076, 27.684838207000041 ], [ 82.494414765000045, 27.68402164400004 ], [ 82.491994702000056, 27.681058520000079 ], [ 82.485936077000076, 27.680618269000036 ], [ 82.483671328000071, 27.682467644000042 ], [ 82.475148765000085, 27.676329769000063 ], [ 82.467326390000039, 27.676866332000031 ], [ 82.450666202000036, 27.678544270000032 ], [ 82.438984203000075, 27.684917707000068 ], [ 82.429213640000057, 27.688109644000065 ], [ 82.414799390000042, 27.698060270000042 ], [ 82.403702828000064, 27.702622207000047 ], [ 82.394883203000063, 27.709687144000043 ], [ 82.384080328000039, 27.720401394000078 ], [ 82.375710765000065, 27.733028707000074 ], [ 82.37488232700008, 27.733896457000071 ], [ 82.369085140000038, 27.742504520000068 ], [ 82.338504390000082, 27.754655082000056 ], [ 82.30999139000005, 27.770136583000067 ], [ 82.30580670300003, 27.772461582000062 ], [ 82.290151703000049, 27.783859832000076 ], [ 82.280410578000044, 27.790818082000044 ], [ 82.258508578000033, 27.807060332000049 ], [ 82.254677140000069, 27.809989770000072 ], [ 82.249964953000074, 27.812584207000043 ], [ 82.232391515000074, 27.820640832000038 ], [ 82.22985301500006, 27.823334707000072 ], [ 82.218860952000057, 27.834266145000072 ], [ 82.21043432700003, 27.842812083000069 ], [ 82.195789015000059, 27.848058957000035 ], [ 82.178966640000056, 27.854584082000031 ], [ 82.156330515000036, 27.865896207000048 ], [ 82.15577257700005, 27.865955020000058 ], [ 82.15202895200008, 27.857900332000042 ], [ 82.149950765000085, 27.857992082000067 ], [ 82.141329952000035, 27.859787394000023 ], [ 82.125245515000074, 27.864892145000056 ], [ 82.124122140000054, 27.865693207000049 ], [ 82.11593920200005, 27.877552645000037 ], [ 82.102797078000037, 27.885992645000044 ], [ 82.093292577000057, 27.894526708000058 ], [ 82.091978328000039, 27.899272770000039 ], [ 82.082443389000048, 27.908977395000079 ], [ 82.072933327000044, 27.922469207000063 ], [ 82.069235390000074, 27.92213926900007 ], [ 82.069797827000059, 27.924894145000053 ], [ 82.067068265000046, 27.925140958000043 ], [ 82.067845827000042, 27.92698045700007 ], [ 82.067306827000039, 27.927963832000046 ], [ 82.069812952000063, 27.929201082000077 ], [ 82.070753140000079, 27.931416082000055 ], [ 82.069264390000058, 27.934827708000057 ], [ 82.068796828000075, 27.938623957000061 ], [ 82.067385014000081, 27.939088394000066 ], [ 82.066676077000068, 27.942311145000076 ], [ 82.068238390000033, 27.943519645000038 ], [ 82.067962014000045, 27.945186832000047 ], [ 82.068690139000068, 27.946636395000041 ], [ 82.069147515000054, 27.950242707000029 ], [ 82.070978452000077, 27.952137208000067 ], [ 82.072833702000082, 27.951662457000054 ], [ 82.076922640000078, 27.952438270000073 ], [ 82.080744640000034, 27.952428582000039 ], [ 82.085659765000059, 27.951455894000048 ], [ 82.087058077000052, 27.950334832000067 ], [ 82.089883265000083, 27.94980483300003 ], [ 82.09194989000008, 27.950846582000054 ], [ 82.092897764000043, 27.953131332000055 ], [ 82.097062765000032, 27.955128707000028 ], [ 82.097103765000043, 27.953467895000074 ], [ 82.099002827000049, 27.949989520000031 ], [ 82.101885702000061, 27.948899332000053 ], [ 82.104710828000066, 27.948499895000054 ], [ 82.108834452000053, 27.95066877000005 ], [ 82.111707077000062, 27.950318457000037 ], [ 82.116134140000042, 27.952513957000065 ], [ 82.115625953000063, 27.950106270000049 ], [ 82.117564640000069, 27.949925833000066 ], [ 82.119277328000067, 27.948835707000057 ], [ 82.121387327000036, 27.948635769000077 ], [ 82.12498426500008, 27.949971395000034 ], [ 82.128323953000063, 27.953677957000025 ], [ 82.129796577000036, 27.954608958000051 ], [ 82.132293140000058, 27.95815308300007 ], [ 82.133943577000082, 27.958464457000048 ], [ 82.135155515000065, 27.962032644000033 ], [ 82.138544952000075, 27.961034520000055 ], [ 82.143145702000083, 27.958580082000026 ], [ 82.144143453000083, 27.958860582000057 ], [ 82.148943140000085, 27.961895645000027 ], [ 82.152031453000063, 27.961741270000061 ], [ 82.15861564000005, 27.960104458000046 ], [ 82.164702765000072, 27.956384582000055 ], [ 82.169570265000061, 27.955303270000059 ], [ 82.176006827000037, 27.952177832000075 ], [ 82.17897376500008, 27.951581707000059 ], [ 82.181929515000036, 27.952061708000031 ], [ 82.184694703000048, 27.951670145000037 ], [ 82.187788265000052, 27.952609145000054 ], [ 82.189558078000061, 27.952444957000068 ], [ 82.192643452000084, 27.953095019000045 ], [ 82.194524140000055, 27.954233895000073 ], [ 82.193407827000044, 27.95686964500004 ], [ 82.194228577000047, 27.95924277000006 ], [ 82.19348382700008, 27.960722457000031 ], [ 82.194139265000047, 27.963823395000077 ], [ 82.193527077000056, 27.965746395000053 ], [ 82.191992890000051, 27.967598395000039 ], [ 82.191816765000056, 27.969957582000063 ], [ 82.195047578000072, 27.972343520000038 ], [ 82.194492140000079, 27.975960395000072 ], [ 82.194114014000036, 27.979762957000048 ], [ 82.192027078000081, 27.981112145000054 ], [ 82.192149078000057, 27.982557270000029 ], [ 82.190889889000061, 27.985634207000032 ], [ 82.189000515000032, 27.988037520000034 ], [ 82.189228952000065, 27.989799770000047 ], [ 82.187998389000086, 27.991622145000065 ], [ 82.187795578000078, 27.994915457000047 ], [ 82.189562640000076, 27.999764395000057 ], [ 82.192185889000029, 28.002187207000077 ], [ 82.192587953000043, 28.00331852000005 ], [ 82.191711703000067, 28.005986082000049 ], [ 82.191121703000078, 28.011972082000057 ], [ 82.191523828000072, 28.014037395000059 ], [ 82.194191327000055, 28.016398957000035 ], [ 82.19501251500003, 28.017957520000039 ], [ 82.196019203000048, 28.023521207000044 ], [ 82.194696202000046, 28.027873520000071 ], [ 82.193345202000046, 28.030791082000064 ], [ 82.191050328000074, 28.032850457000052 ], [ 82.185117828000045, 28.033752332000063 ], [ 82.182089702000042, 28.035989395000058 ], [ 82.181591952000076, 28.039075457000024 ], [ 82.180608640000059, 28.040891020000061 ], [ 82.178115827000056, 28.042164520000028 ], [ 82.17621557800004, 28.045549208000068 ], [ 82.174776765000047, 28.046592520000047 ], [ 82.17217757700007, 28.045989833000078 ], [ 82.166983203000029, 28.045492582000065 ], [ 82.164279952000072, 28.045844895000073 ], [ 82.157837389000065, 28.047943333000035 ], [ 82.153538078000054, 28.049829582000029 ], [ 82.148908265000046, 28.052993083000047 ], [ 82.145664139000075, 28.054536270000028 ], [ 82.141977828000051, 28.055803332000039 ], [ 82.139057015000049, 28.056357770000034 ], [ 82.135435327000039, 28.057567708000079 ], [ 82.131717952000031, 28.060996082000031 ], [ 82.127045578000036, 28.063238707000039 ], [ 82.12498501400006, 28.062957832000052 ], [ 82.120378640000069, 28.067230208000069 ], [ 82.11864913900007, 28.06767295800006 ], [ 82.115839140000048, 28.069333770000071 ], [ 82.11229613900008, 28.070102520000034 ], [ 82.109293640000033, 28.072601770000063 ], [ 82.107049078000045, 28.072998957000038 ], [ 82.104222015000062, 28.072527583000067 ], [ 82.101362577000032, 28.073486833000061 ], [ 82.09757189000004, 28.076562958000068 ], [ 82.095833327000037, 28.077386833000048 ], [ 82.092749389000062, 28.07780845700006 ], [ 82.090155390000064, 28.079322645000047 ], [ 82.08707307800006, 28.076883457000065 ], [ 82.084772953000083, 28.078729083000042 ], [ 82.080963390000079, 28.07985558300004 ], [ 82.079084078000051, 28.079342457000052 ], [ 82.076535702000058, 28.080747708000047 ], [ 82.073325952000062, 28.08374870800003 ], [ 82.067799703000048, 28.084703270000034 ], [ 82.064509077000082, 28.086576582000077 ], [ 82.060155578000035, 28.087934645000075 ], [ 82.058056640000075, 28.090326582000046 ], [ 82.055665202000057, 28.091432458000043 ], [ 82.053677265000033, 28.090037645000052 ], [ 82.052048202000037, 28.089817770000025 ], [ 82.045817577000037, 28.095063520000053 ], [ 82.04296357700008, 28.095721457000025 ], [ 82.038769703000071, 28.094900457000051 ], [ 82.033921827000086, 28.096308832000034 ], [ 82.024826202000042, 28.098272208000026 ], [ 82.022848890000034, 28.09917589500003 ], [ 82.021366264000051, 28.100928645000067 ], [ 82.021093765000046, 28.10513839500004 ], [ 82.019324202000064, 28.108113832000072 ], [ 82.020053827000083, 28.110863145000053 ], [ 82.018296452000072, 28.11601802000007 ], [ 82.01896964000008, 28.119322645000068 ], [ 82.020369078000044, 28.121051707000049 ], [ 82.020794140000078, 28.12394770800006 ], [ 82.020012390000034, 28.125043207000033 ], [ 82.020462765000048, 28.128121708000037 ], [ 82.02037245300005, 28.132018707000043 ], [ 82.017824327000085, 28.138774457000068 ], [ 82.016350015000057, 28.140060083000037 ], [ 82.013976640000067, 28.144736583000054 ], [ 82.011583702000053, 28.147484145000078 ], [ 82.009429931000057, 28.150939959000027 ], [ 82.007789327000069, 28.152547770000069 ], [ 82.004398202000061, 28.157901645000038 ], [ 82.001136779000035, 28.16125108600005 ], [ 82.0, 28.163507479000032 ], [ 81.998123168000063, 28.165384310000036 ], [ 81.995834350000052, 28.166667956000026 ], [ 81.991050720000032, 28.170257586000048 ], [ 81.988403321000078, 28.172985095000058 ], [ 81.98789215100004, 28.175586718000034 ], [ 81.985656739000035, 28.177454012000055 ], [ 81.982330322000053, 28.177660006000053 ], [ 81.980651856000065, 28.179456729000037 ], [ 81.98055267400008, 28.181903857000066 ], [ 81.977645874000075, 28.184009570000057 ], [ 81.975021362000064, 28.184814470000049 ], [ 81.972549438000044, 28.182195681000053 ], [ 81.970634461000031, 28.182380694000074 ], [ 81.967079162000061, 28.184354800000051 ], [ 81.965409265000062, 28.186117395000053 ], [ 81.964924515000064, 28.188070083000071 ], [ 81.966018677000079, 28.191726702000039 ], [ 81.964500427000075, 28.19426347600006 ], [ 81.962585449000073, 28.195009249000066 ], [ 81.961463928000057, 28.194086092000077 ], [ 81.956436157000041, 28.19445421100005 ], [ 81.954353332000039, 28.193801897000071 ], [ 81.950845552000033, 28.195746611000061 ], [ 81.948928833000082, 28.198732393000057 ], [ 81.947669983000083, 28.199417132000065 ], [ 81.945045471000071, 28.199508685000069 ], [ 81.940338135000047, 28.201625841000066 ], [ 81.940734863000046, 28.204275148000079 ], [ 81.939819335000038, 28.206203478000077 ], [ 81.936443827000062, 28.207918832000075 ], [ 81.933191587000067, 28.207494508000025 ], [ 81.928512573000035, 28.209331530000043 ], [ 81.929595947000053, 28.213258760000031 ], [ 81.92770385700004, 28.217189807000068 ], [ 81.922721863000049, 28.220226306000029 ], [ 81.924270629000034, 28.223835009000027 ], [ 81.923113520000072, 28.226878989000056 ], [ 81.925026890000083, 28.229542520000052 ], [ 81.928010140000083, 28.231841583000062 ], [ 81.929448265000076, 28.232436457000063 ], [ 81.932391515000063, 28.232389395000041 ], [ 81.934066702000052, 28.231825207000043 ], [ 81.936424639000052, 28.232503958000052 ], [ 81.940163390000066, 28.231869145000076 ], [ 81.943129515000066, 28.23405520700004 ], [ 81.946690139000054, 28.237572707000027 ], [ 81.949073265000038, 28.238122458000078 ], [ 81.953620452000052, 28.241080208000028 ], [ 81.954931702000067, 28.243347457000027 ], [ 81.955065640000043, 28.247236020000059 ], [ 81.954251764000048, 28.24889102000003 ], [ 81.951493890000052, 28.251649083000075 ], [ 81.949457452000047, 28.254600707000066 ], [ 81.942161515000066, 28.259580770000071 ], [ 81.940298703000053, 28.263850895000076 ], [ 81.937351514000056, 28.26602570700004 ], [ 81.934174452000036, 28.269325645000038 ], [ 81.936622702000079, 28.274987520000025 ], [ 81.937992702000031, 28.276607021000075 ], [ 81.938449390000073, 28.279132958000048 ], [ 81.940925639000056, 28.279813082000032 ], [ 81.944500453000046, 28.281649707000042 ], [ 81.94557407700006, 28.283018457000026 ], [ 81.947555014000045, 28.282373020000023 ], [ 81.949843952000037, 28.28266839500003 ], [ 81.952733202000047, 28.281560958000057 ], [ 81.955741828000043, 28.281045770000048 ], [ 81.957236327000032, 28.278508520000059 ], [ 81.959253514000068, 28.27679777000003 ], [ 81.961774952000042, 28.275548145000073 ], [ 81.963200827000037, 28.270089770000027 ], [ 81.963553952000041, 28.266355645000033 ], [ 81.965878452000084, 28.26540970800005 ], [ 81.968236577000084, 28.262063020000028 ], [ 81.968633139000076, 28.258502333000024 ], [ 81.970967452000082, 28.257332895000047 ], [ 81.97219920200007, 28.255406458000039 ], [ 81.97456601500005, 28.256140895000044 ], [ 81.977270764000082, 28.258578520000071 ], [ 81.981366577000074, 28.259794458000044 ], [ 81.981758952000064, 28.258047708000049 ], [ 81.98296726500007, 28.257549458000028 ], [ 81.984143952000068, 28.259011958000031 ], [ 81.985887390000073, 28.258577457000058 ], [ 81.985623764000081, 28.254992208000033 ], [ 81.987234140000055, 28.253471207000075 ], [ 81.98607682800008, 28.250788082000042 ], [ 81.983185139000057, 28.250673520000078 ], [ 81.980476077000048, 28.249707082000043 ], [ 81.978247264000061, 28.244958145000055 ], [ 81.975901389000057, 28.242795520000072 ], [ 81.970772702000033, 28.243917208000028 ], [ 81.96741776500005, 28.242352707000066 ], [ 81.965116702000046, 28.241883895000058 ], [ 81.966546077000032, 28.235741708000035 ], [ 81.971874202000038, 28.228057958000079 ], [ 81.973902202000033, 28.223109458000067 ], [ 81.974637890000054, 28.222350645000063 ], [ 81.980283265000082, 28.221022083000037 ], [ 81.985221702000047, 28.222058270000048 ], [ 81.991141577000064, 28.220262520000063 ], [ 81.994564640000078, 28.220492583000066 ], [ 81.998542764000035, 28.217821708000031 ], [ 82.001515390000066, 28.215101707000031 ], [ 82.004137140000068, 28.210895145000052 ], [ 82.008934765000049, 28.207949457000041 ], [ 82.011022077000064, 28.205788520000056 ], [ 82.015741140000046, 28.204280333000042 ], [ 82.018830327000046, 28.200904770000079 ], [ 82.020752203000029, 28.201686895000023 ], [ 82.025370328000065, 28.201438020000069 ], [ 82.028314702000046, 28.204727895000076 ], [ 82.028765577000058, 28.208322957000064 ], [ 82.032763140000043, 28.213964645000033 ], [ 82.034234764000075, 28.214894333000075 ], [ 82.038356702000044, 28.214772895000067 ], [ 82.037537077000081, 28.217138958000078 ], [ 82.03994070300007, 28.219085770000049 ], [ 82.04219226500004, 28.223386832000074 ], [ 82.044269952000036, 28.230303832000061 ], [ 82.047722515000032, 28.231554395000046 ], [ 82.048792639000055, 28.234181270000079 ], [ 82.05075426500008, 28.235937333000038 ], [ 82.053952453000079, 28.240894083000057 ], [ 82.056136889000072, 28.241980395000041 ], [ 82.063645327000074, 28.240525707000074 ], [ 82.068779452000058, 28.237579832000051 ], [ 82.070486827000082, 28.236923520000062 ], [ 82.071368702000029, 28.239071145000025 ], [ 82.075752077000061, 28.241877145000046 ], [ 82.079681077000032, 28.244889582000042 ], [ 82.083110703000045, 28.248451832000057 ], [ 82.087880515000052, 28.24834627000007 ], [ 82.093282640000041, 28.249038645000041 ], [ 82.094415140000081, 28.250035770000068 ], [ 82.094134077000035, 28.251766208000049 ], [ 82.095534327000053, 28.254586332000031 ], [ 82.102564327000039, 28.258863645000076 ], [ 82.105836578000037, 28.258291270000029 ], [ 82.107783764000033, 28.258828208000068 ], [ 82.110177702000044, 28.258150020000073 ], [ 82.113471140000058, 28.254409770000052 ], [ 82.115679890000081, 28.253099083000052 ], [ 82.117358327000034, 28.25285070800004 ], [ 82.119654952000076, 28.251408395000055 ], [ 82.124918702000059, 28.253876145000049 ], [ 82.12867751400006, 28.254111332000036 ], [ 82.130535265000049, 28.253473333000045 ], [ 82.135092265000083, 28.25106895700003 ], [ 82.136170952000043, 28.248871645000065 ], [ 82.139891765000073, 28.245005395000078 ], [ 82.144713015000036, 28.240974208000068 ], [ 82.144429764000051, 28.239025145000028 ], [ 82.145655140000031, 28.236988895000025 ], [ 82.148839202000033, 28.237435957000059 ], [ 82.150225265000074, 28.238938145000077 ], [ 82.15411170200008, 28.237996207000037 ], [ 82.154736202000038, 28.240330395000058 ], [ 82.155827703000057, 28.241086020000068 ], [ 82.161019015000079, 28.241127708000079 ], [ 82.162672828000041, 28.241637083000057 ], [ 82.165881202000037, 28.246460270000057 ], [ 82.170263952000084, 28.251237145000061 ], [ 82.171955265000065, 28.251423395000074 ], [ 82.173354827000082, 28.251260270000046 ], [ 82.177668140000037, 28.248863333000031 ], [ 82.181932264000068, 28.249699645000078 ], [ 82.184251390000043, 28.249641208000071 ], [ 82.188770453000075, 28.248358895000024 ], [ 82.191863327000078, 28.248230457000034 ], [ 82.195222390000083, 28.247014395000065 ], [ 82.200347140000076, 28.242850082000075 ], [ 82.204466765000063, 28.24358995800003 ], [ 82.20917332700003, 28.245881083000029 ], [ 82.214196578000042, 28.246811145000038 ], [ 82.218755827000052, 28.249401083000066 ], [ 82.224689265000052, 28.24785008200007 ], [ 82.226965515000074, 28.246108333000052 ], [ 82.229205390000061, 28.243644957000072 ], [ 82.235030577000032, 28.239824957000053 ], [ 82.239576140000054, 28.239332645000047 ], [ 82.245852453000055, 28.237779833000047 ], [ 82.247348890000069, 28.238853582000047 ], [ 82.249849765000079, 28.239437645000066 ], [ 82.252135890000034, 28.238918145000071 ], [ 82.258553390000031, 28.239860833000023 ], [ 82.259851139000034, 28.243365958000027 ], [ 82.26224170200004, 28.243763520000073 ], [ 82.266203202000042, 28.24342914500005 ], [ 82.269822953000073, 28.244895770000028 ], [ 82.272580140000059, 28.245483770000078 ], [ 82.275338265000073, 28.246626645000049 ], [ 82.277344140000082, 28.248347270000068 ], [ 82.280444203000059, 28.247821958000031 ], [ 82.283373139000048, 28.248121582000067 ], [ 82.285954452000055, 28.246928770000068 ], [ 82.289133453000034, 28.245563270000048 ], [ 82.293997078000075, 28.246681395000053 ], [ 82.296875140000054, 28.245444958000064 ], [ 82.299885890000041, 28.245030582000027 ], [ 82.301740953000035, 28.24584539500006 ], [ 82.303215390000048, 28.243697207000025 ], [ 82.303032390000055, 28.236811457000044 ], [ 82.303597890000049, 28.233613896000065 ], [ 82.304473703000042, 28.232213582000043 ], [ 82.307395640000038, 28.231226833000051 ], [ 82.311872703000063, 28.23155170800004 ], [ 82.313708077000058, 28.228639770000029 ], [ 82.314816952000058, 28.223043333000078 ], [ 82.321772140000064, 28.224765270000034 ], [ 82.323919390000071, 28.22430008300006 ], [ 82.329385890000083, 28.225147145000051 ], [ 82.330951015000039, 28.22426564500006 ], [ 82.334389390000069, 28.224139645000037 ], [ 82.339434140000037, 28.223388770000042 ], [ 82.341467140000077, 28.221985957000072 ], [ 82.342122390000043, 28.220206333000078 ], [ 82.345335953000074, 28.218363208000028 ], [ 82.347949077000067, 28.216225958000052 ], [ 82.34849020300004, 28.212570457000027 ], [ 82.348242015000039, 28.210249207000061 ], [ 82.34902882800003, 28.208515770000076 ], [ 82.35128101500004, 28.207060958000056 ], [ 82.355921265000063, 28.206060833000038 ], [ 82.356799953000063, 28.205411395000056 ], [ 82.358441953000067, 28.201993145000074 ], [ 82.360242578000054, 28.200540458000035 ], [ 82.361245516000054, 28.198554332000072 ], [ 82.364956703000075, 28.196624582000027 ], [ 82.365400640000075, 28.194892208000056 ], [ 82.367392640000048, 28.193141895000053 ], [ 82.367279077000035, 28.191618020000078 ], [ 82.369012203000068, 28.189696708000042 ], [ 82.371868140000061, 28.189070270000059 ], [ 82.37845339100005, 28.18538783200006 ], [ 82.380554140000072, 28.184455270000058 ], [ 82.388968015000046, 28.188394770000059 ], [ 82.391899202000047, 28.188477770000077 ], [ 82.394378327000084, 28.18919020800007 ], [ 82.396448953000061, 28.184918957000036 ], [ 82.398573953000039, 28.183020333000059 ], [ 82.398199390000059, 28.180118520000065 ], [ 82.395733703000076, 28.17606495800004 ], [ 82.395590390000052, 28.174288707000073 ], [ 82.396693328000083, 28.171146207000049 ], [ 82.39869182700005, 28.168750333000048 ], [ 82.401881703000072, 28.168018394000057 ], [ 82.405044702000055, 28.164112519000071 ], [ 82.410858328000074, 28.160806456000046 ], [ 82.415823576000037, 28.159453581000037 ], [ 82.420247639000081, 28.156549520000056 ], [ 82.424131015000057, 28.155076645000065 ], [ 82.427325264000046, 28.154382457000054 ], [ 82.429678015000036, 28.15496476800007 ], [ 82.432658576000051, 28.153902644000027 ], [ 82.439041390000057, 28.148920082000075 ], [ 82.447546888000034, 28.147431832000052 ], [ 82.449666326000056, 28.147513208000078 ], [ 82.456672014000048, 28.146326707000071 ], [ 82.459783139000081, 28.144655832000069 ], [ 82.461324577000084, 28.144395770000074 ], [ 82.466237328000034, 28.141494019000049 ], [ 82.468675577000056, 28.141731895000078 ], [ 82.471698764000053, 28.140255645000025 ], [ 82.47518601400003, 28.140155020000066 ], [ 82.477036327000064, 28.142661644000043 ], [ 82.479382515000054, 28.144159082000044 ], [ 82.481650890000083, 28.143787143000054 ], [ 82.483846451000034, 28.139890020000053 ], [ 82.483237703000043, 28.136760957000035 ], [ 82.484126202000084, 28.133735207000029 ], [ 82.486490201000038, 28.130352770000059 ], [ 82.48847538900003, 28.131199769000034 ], [ 82.488877265000042, 28.132422519000045 ], [ 82.491395577000048, 28.133538956000052 ], [ 82.492734889000076, 28.135699082000031 ], [ 82.494528765000041, 28.13618258300005 ], [ 82.497035640000036, 28.134765583000046 ], [ 82.497350015000052, 28.136596207000025 ], [ 82.499817389000043, 28.140077082000062 ], [ 82.502936327000043, 28.14211270800007 ], [ 82.503183077000074, 28.145257833000073 ], [ 82.504223016000083, 28.148377832000051 ], [ 82.505904139000052, 28.149751957000035 ], [ 82.509153765000065, 28.149990395000032 ], [ 82.512415265000072, 28.148812144000033 ], [ 82.513521952000076, 28.149103895000053 ], [ 82.518053702000032, 28.148564207000049 ], [ 82.521664827000052, 28.146891019000066 ], [ 82.521553015000052, 28.145418957000061 ], [ 82.520179265000081, 28.142845956000031 ], [ 82.517769766000072, 28.139677457000062 ], [ 82.518472077000069, 28.138945083000067 ], [ 82.522368578000055, 28.138984894000032 ], [ 82.524197701000048, 28.138600832000066 ], [ 82.52599764100006, 28.136722956000028 ], [ 82.52917782600008, 28.13533364400007 ], [ 82.532913327000074, 28.135653457000046 ], [ 82.535676953000063, 28.133677581000029 ], [ 82.540000640000073, 28.132494144000077 ], [ 82.540829827000039, 28.131821707000029 ], [ 82.54403026600005, 28.131406832000039 ], [ 82.546498701000075, 28.133745332000046 ], [ 82.548133516000064, 28.134333394000066 ], [ 82.550292702000036, 28.133688519000032 ], [ 82.554128203000062, 28.135258519000047 ], [ 82.555740516000071, 28.13672383200003 ], [ 82.559137265000061, 28.136094082000056 ], [ 82.563802515000077, 28.133476581000025 ], [ 82.563298390000057, 28.132207957000048 ], [ 82.56109701400004, 28.131205769000076 ], [ 82.562830826000038, 28.129437270000039 ], [ 82.562632703000077, 28.127907956000058 ], [ 82.563653890000069, 28.125513832000024 ], [ 82.565034578000052, 28.124858270000061 ], [ 82.564006139000071, 28.122738207000054 ], [ 82.566886265000051, 28.120979394000074 ], [ 82.566609765000067, 28.118666457000074 ], [ 82.568587515000047, 28.116968019000069 ], [ 82.569147889000078, 28.115322583000079 ], [ 82.571768702000043, 28.114578394000034 ], [ 82.573123078000037, 28.113279520000049 ], [ 82.576430515000084, 28.113185332000057 ], [ 82.579913202000057, 28.109688645000062 ], [ 82.583176453000078, 28.110627019000049 ], [ 82.584505265000075, 28.110169270000029 ], [ 82.585577828000055, 28.108391332000053 ], [ 82.587441390000038, 28.107990956000037 ], [ 82.588235764000046, 28.106059020000032 ], [ 82.589885515000049, 28.105200706000062 ], [ 82.590658702000042, 28.102887269000064 ], [ 82.593399953000073, 28.102924457000029 ], [ 82.596913328000085, 28.101302333000035 ], [ 82.597835014000054, 28.10034620700003 ], [ 82.599016766000034, 28.095988456000043 ], [ 82.599019202000079, 28.093082894000077 ], [ 82.599897577000036, 28.092566145000035 ], [ 82.602338140000086, 28.093561082000065 ], [ 82.609919078000075, 28.092661270000065 ], [ 82.612660891000075, 28.091324207000071 ], [ 82.614419266000084, 28.087845208000033 ], [ 82.61799682700007, 28.085647895000079 ], [ 82.620718516000068, 28.082627457000058 ], [ 82.62177089100004, 28.07980002000005 ], [ 82.624193453000032, 28.076530582000032 ], [ 82.626692453000032, 28.074868207000065 ], [ 82.627417140000034, 28.072258457000032 ], [ 82.626717203000055, 28.070473770000035 ], [ 82.628678390000061, 28.069559394000066 ], [ 82.630739141000049, 28.070495894000032 ], [ 82.634830828000077, 28.070155395000029 ], [ 82.638140390000046, 28.069177583000055 ], [ 82.641740641000069, 28.068832020000059 ], [ 82.644938141000068, 28.066801645000055 ], [ 82.650121891000083, 28.065000520000069 ], [ 82.650416202000031, 28.063913770000056 ], [ 82.652652828000043, 28.063170958000057 ], [ 82.655474328000082, 28.063352082000051 ], [ 82.658286453000073, 28.059885020000024 ], [ 82.662332202000073, 28.059753083000032 ], [ 82.664236828000071, 28.058282645000077 ], [ 82.666478203000054, 28.05862927000004 ], [ 82.669745453000075, 28.056813333000036 ], [ 82.671697766000079, 28.058305395000048 ], [ 82.674987140000042, 28.05503664500003 ], [ 82.676434578000055, 28.054385083000057 ], [ 82.67922057800007, 28.05464427000004 ], [ 82.681571890000043, 28.053353895000043 ], [ 82.685613953000029, 28.052066083000057 ], [ 82.687104890000057, 28.050997457000051 ], [ 82.689179952000075, 28.051154895000025 ], [ 82.691756516000055, 28.050595145000045 ], [ 82.692892703000041, 28.052191958000037 ], [ 82.697781203000034, 28.051715020000074 ], [ 82.701878453000063, 28.052852520000044 ], [ 82.706522578000033, 28.053058832000033 ], [ 82.711960390000058, 28.051305020000029 ], [ 82.713727203000076, 28.050369520000061 ], [ 82.715807140000038, 28.048333832000026 ], [ 82.720262390000073, 28.046520895000072 ], [ 82.718261890000065, 28.045563770000058 ], [ 82.714760891000083, 28.043022333000067 ], [ 82.714182453000035, 28.041415144000041 ], [ 82.712059453000052, 28.040188270000044 ], [ 82.710024453000074, 28.035934582000039 ], [ 82.70540201600005, 28.035624957000039 ], [ 82.703471766000064, 28.034300457000029 ], [ 82.702675203000069, 28.03168045700005 ], [ 82.700524766000058, 28.02932514400004 ], [ 82.698433578000049, 28.025885207000044 ], [ 82.698629890000063, 28.022803082000053 ], [ 82.696852516000035, 28.021290457000077 ], [ 82.696847078000076, 28.018813269000077 ], [ 82.698045328000035, 28.017477770000028 ], [ 82.69744189100004, 28.016287645000034 ], [ 82.698728828000071, 28.013335457000039 ], [ 82.702107827000077, 28.009457645000055 ], [ 82.704329453000071, 28.008458895000047 ], [ 82.707110266000029, 28.005870332000029 ], [ 82.714568328000041, 28.002650957000071 ], [ 82.718597077000084, 28.002569020000067 ], [ 82.723364141000047, 28.001868832000071 ], [ 82.731725328000039, 27.993993645000046 ], [ 82.733837578000077, 27.992573769000046 ], [ 82.737210828000059, 27.99115189500003 ], [ 82.742467390000058, 27.990410395000026 ], [ 82.743554203000031, 27.989319395000052 ], [ 82.743780703000084, 27.986474332000057 ], [ 82.746314828000038, 27.983300645000043 ], [ 82.747078328000043, 27.981313208000074 ], [ 82.746914516000061, 27.976659707000067 ], [ 82.748429203000057, 27.974482832000035 ], [ 82.750803328000075, 27.976006957000038 ], [ 82.756204828000079, 27.976683083000069 ], [ 82.758951391000039, 27.977547145000074 ], [ 82.760597078000046, 27.976950582000029 ], [ 82.762521390000074, 27.977295020000042 ], [ 82.76462676500006, 27.976725145000046 ], [ 82.761968828000079, 27.972579395000025 ], [ 82.761508765000031, 27.969301707000056 ], [ 82.764768516000061, 27.968493957000078 ], [ 82.767581078000035, 27.968289083000059 ], [ 82.768188203000079, 27.967495832000054 ], [ 82.768126703000064, 27.96264701900003 ], [ 82.765413391000038, 27.960565144000043 ], [ 82.76374145300008, 27.957466020000027 ], [ 82.76225220300006, 27.955875645000049 ], [ 82.760155828000052, 27.954694895000046 ], [ 82.755141078000065, 27.946972208000034 ], [ 82.753549203000034, 27.945218332000024 ], [ 82.753566641000077, 27.943255707000048 ], [ 82.755660140000032, 27.942365457000051 ], [ 82.757337578000033, 27.944911957000045 ], [ 82.759313515000031, 27.943693395000025 ], [ 82.764217766000058, 27.94235683200003 ], [ 82.766359265000062, 27.941119395000044 ], [ 82.767162266000071, 27.93807858200006 ], [ 82.769271515000071, 27.935609020000072 ], [ 82.771649890000049, 27.934161520000032 ], [ 82.772979078000049, 27.931272082000078 ], [ 82.777632265000079, 27.925745332000076 ], [ 82.775034516000062, 27.923696269000061 ], [ 82.772226703000058, 27.922319895000044 ], [ 82.771262515000046, 27.921268957000052 ], [ 82.773437640000054, 27.917737269000042 ], [ 82.772695641000041, 27.905929019000041 ], [ 82.774059140000077, 27.902633708000053 ], [ 82.776453766000031, 27.899579895000045 ], [ 82.776253015000066, 27.895386270000074 ], [ 82.776241515000038, 27.893504582000048 ], [ 82.777687265000054, 27.892696145000059 ], [ 82.77924882800005, 27.893756832000065 ], [ 82.779766453000036, 27.896626707000053 ], [ 82.782048390000057, 27.897093582000025 ], [ 82.784879641000032, 27.891261707000069 ], [ 82.789000703000056, 27.892177832000073 ], [ 82.789602891000072, 27.889469020000035 ], [ 82.79166695300006, 27.88881708200006 ], [ 82.793030953000084, 27.883319644000039 ], [ 82.79300226600003, 27.880778958000064 ], [ 82.796311453000044, 27.880404020000071 ], [ 82.799272203000044, 27.881918895000069 ], [ 82.802414266000085, 27.878153645000054 ], [ 82.805204141000047, 27.878613333000033 ], [ 82.807159203000083, 27.877574395000067 ], [ 82.807685328000048, 27.875898082000049 ], [ 82.805796828000041, 27.873476707000066 ], [ 82.807446891000041, 27.871735707000028 ], [ 82.811219766000079, 27.871384770000077 ], [ 82.811946391000049, 27.869827519000069 ], [ 82.810964890000037, 27.867930707000028 ], [ 82.809561641000073, 27.867194332000054 ], [ 82.807376391000048, 27.867308582000078 ], [ 82.804345266000041, 27.86823670800004 ], [ 82.799872015000062, 27.866521520000049 ], [ 82.795200203000036, 27.86572502000007 ], [ 82.794023265000078, 27.864279833000069 ], [ 82.795954641000037, 27.862329332000058 ], [ 82.797762453000075, 27.861526145000028 ], [ 82.801020453000035, 27.860988207000048 ], [ 82.808745203000058, 27.859232207000048 ], [ 82.809579891000055, 27.857596957000055 ], [ 82.80714689000007, 27.855716770000072 ], [ 82.805099453000082, 27.855351707000068 ], [ 82.797640078000086, 27.856629270000042 ], [ 82.795015391000049, 27.856238645000076 ], [ 82.792282329000045, 27.854488770000046 ], [ 82.791289641000049, 27.852183332000038 ], [ 82.791187828000034, 27.850348207000025 ], [ 82.785689203000061, 27.846681145000048 ], [ 82.783074203000069, 27.842946770000026 ], [ 82.781633078000084, 27.842128582000043 ], [ 82.77663539100007, 27.841921957000068 ], [ 82.772929203000047, 27.841022707000036 ], [ 82.76508657800008, 27.837934020000034 ], [ 82.760741703000065, 27.836893394000072 ], [ 82.756037766000077, 27.833990332000042 ], [ 82.754656578000038, 27.832064645000059 ], [ 82.754163515000073, 27.829458894000027 ], [ 82.750684890000059, 27.827884269000037 ], [ 82.750422203000085, 27.822902644000067 ], [ 82.754693640000085, 27.821616895000034 ], [ 82.757656015000066, 27.819373957000039 ] ] ] } },
{ "type": "Feature", "properties": { "DISTRICT": "GULMI", "STATE_CODE": 5, "PR_NAME": "Lumbini Province" }, "geometry": { "type": "Polygon", "coordinates": [ [ [ 83.261237766000079, 27.987862832000076 ], [ 83.260267828000053, 27.986961895000036 ], [ 83.255632828000046, 27.98599377000005 ], [ 83.254202391000035, 27.987152520000052 ], [ 83.253413078000051, 27.990298020000068 ], [ 83.254114766000043, 27.995080520000045 ], [ 83.250615766000067, 27.997004207000032 ], [ 83.248013953000054, 27.997549520000064 ], [ 83.246701079000047, 28.000051270000029 ], [ 83.245398579000039, 28.006481207000036 ], [ 83.246027266000056, 28.008102395000037 ], [ 83.243731641000068, 28.008459832000028 ], [ 83.241849141000046, 28.007810957000061 ], [ 83.241609328000038, 28.009664269000041 ], [ 83.240317891000075, 28.01040395800004 ], [ 83.240189954000073, 28.01383045700004 ], [ 83.238848141000062, 28.01573858200004 ], [ 83.239419454000085, 28.01724445800005 ], [ 83.238058641000066, 28.017868645000078 ], [ 83.235708203000058, 28.020594645000074 ], [ 83.234866453000052, 28.023356145000037 ], [ 83.235359579000033, 28.02926345700007 ], [ 83.235850266000057, 28.03066958200003 ], [ 83.234950641000069, 28.032571145000077 ], [ 83.235669828000084, 28.034213145000024 ], [ 83.235350829000083, 28.038056020000056 ], [ 83.23458170300006, 28.040553895000073 ], [ 83.232639266000035, 28.044791582000073 ], [ 83.231683329000077, 28.048409708000065 ], [ 83.228822516000037, 28.051173395000035 ], [ 83.225732454000081, 28.053073770000026 ], [ 83.222434453000062, 28.054108832000054 ], [ 83.22163895400007, 28.058052708000048 ], [ 83.220874391000052, 28.059099770000046 ], [ 83.217210016000081, 28.059514395000065 ], [ 83.216715578000048, 28.060835957000052 ], [ 83.213421204000042, 28.064352645000042 ], [ 83.213072578000038, 28.065810395000028 ], [ 83.211369891000061, 28.066642270000045 ], [ 83.207353266000041, 28.066664207000031 ], [ 83.204168766000066, 28.069439020000061 ], [ 83.202909391000048, 28.072455020000064 ], [ 83.197184579000066, 28.074109332000035 ], [ 83.197543579000069, 28.076886583000032 ], [ 83.196969329000069, 28.079960645000028 ], [ 83.194943579000039, 28.082746520000057 ], [ 83.190510891000031, 28.083634207000046 ], [ 83.188385954000069, 28.083594582000046 ], [ 83.186643641000046, 28.085569708000037 ], [ 83.185885828000039, 28.087467208000078 ], [ 83.181393078000042, 28.085464020000074 ], [ 83.180860016000054, 28.084129707000045 ], [ 83.176977266000051, 28.080146832000025 ], [ 83.173213703000044, 28.078831395000066 ], [ 83.171540641000036, 28.073864333000074 ], [ 83.169529203000081, 28.072776082000075 ], [ 83.166299953000077, 28.068850957000052 ], [ 83.164190328000075, 28.068104895000033 ], [ 83.160337328000082, 28.065391957000031 ], [ 83.15817826600005, 28.061089708000054 ], [ 83.152342453000074, 28.059591770000054 ], [ 83.150143954000043, 28.060803270000065 ], [ 83.139555266000059, 28.062041458000067 ], [ 83.137291454000035, 28.06388183200005 ], [ 83.13660782900007, 28.06555389500005 ], [ 83.133525453000061, 28.06612558300003 ], [ 83.129345641000043, 28.067858895000029 ], [ 83.127316453000049, 28.069150145000037 ], [ 83.126272641000071, 28.070639394000068 ], [ 83.127261891000046, 28.073815645000025 ], [ 83.128549765000059, 28.075231707000057 ], [ 83.128462954000042, 28.078342458000066 ], [ 83.12764076600007, 28.083984458000032 ], [ 83.124789329000066, 28.08471533200003 ], [ 83.122195515000044, 28.083015645000046 ], [ 83.116829203000066, 28.081029645000058 ], [ 83.112221016000035, 28.081426333000024 ], [ 83.104264141000044, 28.07704952000006 ], [ 83.102377641000032, 28.079173770000068 ], [ 83.098386578000031, 28.081983645000037 ], [ 83.098938579000048, 28.084243457000071 ], [ 83.098295141000051, 28.086533770000074 ], [ 83.098965328000077, 28.090136770000072 ], [ 83.101102265000065, 28.092490458000043 ], [ 83.100719015000038, 28.094437270000071 ], [ 83.096682078000072, 28.095969770000067 ], [ 83.092283641000051, 28.097206457000027 ], [ 83.088658391000081, 28.096063332000028 ], [ 83.087199578000082, 28.096430458000043 ], [ 83.085201078000068, 28.095225895000056 ], [ 83.080059203000076, 28.09300077000006 ], [ 83.076394016000052, 28.090695145000041 ], [ 83.073444141000039, 28.091934207000065 ], [ 83.069195828000034, 28.096183145000055 ], [ 83.068508266000038, 28.098204520000024 ], [ 83.068156829000031, 28.103095708000069 ], [ 83.068562765000081, 28.105336582000064 ], [ 83.072353891000034, 28.107950145000075 ], [ 83.070580453000048, 28.109330145000058 ], [ 83.067410703000064, 28.108825895000052 ], [ 83.064936328000044, 28.109533207000027 ], [ 83.062561765000055, 28.10683670800006 ], [ 83.058961891000081, 28.106577395000045 ], [ 83.057581829000071, 28.107330520000062 ], [ 83.05481945300005, 28.110844644000053 ], [ 83.052990954000052, 28.111441145000072 ], [ 83.055048078000084, 28.11346558200006 ], [ 83.055951204000053, 28.115310582000063 ], [ 83.054938015000062, 28.119813645000079 ], [ 83.05552326600008, 28.121272895000061 ], [ 83.057679140000062, 28.122323333000054 ], [ 83.061079266000036, 28.126516020000054 ], [ 83.060495828000057, 28.129503707000026 ], [ 83.058920516000057, 28.131419645000051 ], [ 83.054967891000047, 28.134501395000029 ], [ 83.053535704000069, 28.139303895000069 ], [ 83.051481703000036, 28.140232770000068 ], [ 83.052945203000036, 28.142408770000031 ], [ 83.054640953000046, 28.142352832000029 ], [ 83.057625016000031, 28.140979083000047 ], [ 83.058827579000081, 28.144603957000072 ], [ 83.057482578000077, 28.144536020000032 ], [ 83.055237703000046, 28.147663395000052 ], [ 83.055321078000077, 28.149841145000039 ], [ 83.052826265000078, 28.150399270000037 ], [ 83.050652954000043, 28.152450833000046 ], [ 83.04625664100007, 28.153746832000024 ], [ 83.044013703000076, 28.154981145000079 ], [ 83.040463453000029, 28.155942270000025 ], [ 83.038877765000052, 28.157551082000055 ], [ 83.038819828000044, 28.159944457000051 ], [ 83.040098141000044, 28.162042583000073 ], [ 83.041519204000053, 28.162844457000062 ], [ 83.043589953000037, 28.165888895000023 ], [ 83.043801453000071, 28.168699270000047 ], [ 83.040944203000038, 28.167691083000079 ], [ 83.036742203000074, 28.168135395000036 ], [ 83.034836953000081, 28.169507270000054 ], [ 83.033004953000045, 28.171644395000044 ], [ 83.03143539000007, 28.174744457000031 ], [ 83.035129391000055, 28.175436207000075 ], [ 83.035848203000057, 28.17750783300005 ], [ 83.035649828000032, 28.180750770000031 ], [ 83.037213328000064, 28.183651832000066 ], [ 83.03810551600003, 28.185609708000072 ], [ 83.039240828000061, 28.19138883200003 ], [ 83.038406953000049, 28.194110645000023 ], [ 83.037063328000045, 28.196558082000024 ], [ 83.037613891000035, 28.201299770000048 ], [ 83.036336579000078, 28.20357864500005 ], [ 83.036066141000049, 28.205904958000076 ], [ 83.033237390000068, 28.211356083000055 ], [ 83.031721203000075, 28.216306520000046 ], [ 83.030322266000042, 28.217991020000056 ], [ 83.02942876600008, 28.22021595700005 ], [ 83.028652703000034, 28.224375270000053 ], [ 83.02902920300005, 28.227531958000043 ], [ 83.030312141000081, 28.231579520000025 ], [ 83.029081516000076, 28.235999520000064 ], [ 83.026447765000057, 28.235874770000066 ], [ 83.026987641000062, 28.238211395000064 ], [ 83.03091551600005, 28.240436770000031 ], [ 83.033046953000053, 28.241148958000053 ], [ 83.038764641000057, 28.240124395000066 ], [ 83.041030766000063, 28.240456208000069 ], [ 83.044806829000038, 28.242989145000024 ], [ 83.048218641000062, 28.242918207000059 ], [ 83.052953015000071, 28.243501582000079 ], [ 83.056978703000084, 28.242760020000048 ], [ 83.061255578000043, 28.242421708000052 ], [ 83.065153516000066, 28.24160233300006 ], [ 83.072706953000079, 28.238991583000029 ], [ 83.078175016000046, 28.233803395000052 ], [ 83.079809516000068, 28.233591020000063 ], [ 83.081131016000086, 28.235567270000047 ], [ 83.082387766000068, 28.238973457000043 ], [ 83.084575766000057, 28.243096520000051 ], [ 83.087078953000059, 28.246138707000057 ], [ 83.090487641000038, 28.247639207000077 ], [ 83.09123739000006, 28.25027033300006 ], [ 83.093028516000061, 28.253217458000051 ], [ 83.094219016000068, 28.254278957000054 ], [ 83.095534766000071, 28.256846083000028 ], [ 83.097770953000065, 28.255838833000041 ], [ 83.099572141000067, 28.25603570800007 ], [ 83.103034079000054, 28.255496707000077 ], [ 83.105194266000069, 28.253516458000036 ], [ 83.107703828000069, 28.252093395000031 ], [ 83.113497954000081, 28.251833333000036 ], [ 83.115660516000048, 28.253081458000054 ], [ 83.118466391000084, 28.253954645000078 ], [ 83.12061514100003, 28.256389332000026 ], [ 83.124893704000044, 28.25671008300003 ], [ 83.12635332900004, 28.257628645000068 ], [ 83.127971703000071, 28.256533457000046 ], [ 83.128404891000059, 28.253404707000072 ], [ 83.129736515000047, 28.250624582000057 ], [ 83.132788515000072, 28.249980707000077 ], [ 83.137068641000042, 28.251345708000031 ], [ 83.140283766000039, 28.254384645000073 ], [ 83.141978141000038, 28.257145520000051 ], [ 83.144004203000065, 28.258667583000033 ], [ 83.147233141000072, 28.262699145000056 ], [ 83.149990016000061, 28.264112958000055 ], [ 83.150598328000058, 28.265853957000047 ], [ 83.154536703000076, 28.267487020000033 ], [ 83.15736657900004, 28.270617958000059 ], [ 83.158609766000041, 28.270359395000071 ], [ 83.161375828000075, 28.267838208000057 ], [ 83.16343620300006, 28.267183083000077 ], [ 83.164892766000037, 28.26316477000006 ], [ 83.167649141000084, 28.26160002000006 ], [ 83.169617328000072, 28.257950270000038 ], [ 83.171026640000036, 28.258304020000026 ], [ 83.175552641000081, 28.261435833000064 ], [ 83.176560579000068, 28.263201707000064 ], [ 83.17988364100006, 28.264776208000058 ], [ 83.183326453000063, 28.269042895000041 ], [ 83.186161329000072, 28.270251020000046 ], [ 83.187406204000069, 28.270012520000023 ], [ 83.188180016000047, 28.267824145000077 ], [ 83.190052454000067, 28.266980146000037 ], [ 83.191058329000043, 28.265097708000042 ], [ 83.195212516000083, 28.263184207000052 ], [ 83.197163829000033, 28.260984582000049 ], [ 83.200081391000083, 28.258583145000046 ], [ 83.203112453000074, 28.25764877000006 ], [ 83.205680954000059, 28.255815958000028 ], [ 83.20698245300008, 28.254262208000057 ], [ 83.207453766000071, 28.252205082000046 ], [ 83.211154203000035, 28.250518582000041 ], [ 83.213907078000034, 28.24859639500005 ], [ 83.217064828000048, 28.248576145000072 ], [ 83.21779489000005, 28.247655270000052 ], [ 83.217779329000052, 28.243675333000056 ], [ 83.222036641000045, 28.240667333000033 ], [ 83.223879141000054, 28.23713783200003 ], [ 83.225759766000067, 28.235668458000077 ], [ 83.228073641000037, 28.234966332000056 ], [ 83.227897078000069, 28.232373020000068 ], [ 83.230270516000076, 28.230949208000027 ], [ 83.233228328000052, 28.228129770000066 ], [ 83.235300328000051, 28.225558083000067 ], [ 83.235762828000077, 28.221689083000058 ], [ 83.239086266000072, 28.220954020000079 ], [ 83.241854579000062, 28.219604395000033 ], [ 83.244115890000046, 28.219709395000052 ], [ 83.246204391000049, 28.217074457000024 ], [ 83.249309141000083, 28.216762082000059 ], [ 83.253789704000042, 28.214020582000046 ], [ 83.255900266000083, 28.211047083000039 ], [ 83.255964891000076, 28.20851827000007 ], [ 83.257515703000081, 28.205710958000054 ], [ 83.260545704000037, 28.203863708000029 ], [ 83.260981703000084, 28.200364457000035 ], [ 83.262927704000049, 28.19935739500005 ], [ 83.266286703000048, 28.199540145000071 ], [ 83.268943016000037, 28.198611270000072 ], [ 83.272804078000036, 28.195026458000029 ], [ 83.272677766000072, 28.191772332000028 ], [ 83.274718203000077, 28.189655582000057 ], [ 83.275876953000079, 28.187382957000068 ], [ 83.278278391000072, 28.188805770000045 ], [ 83.280050579000033, 28.190879520000067 ], [ 83.28210639100007, 28.189583957000025 ], [ 83.283863328000052, 28.190001582000036 ], [ 83.286408703000063, 28.190287832000024 ], [ 83.289472454000077, 28.192478770000037 ], [ 83.292571329000054, 28.192833208000025 ], [ 83.299426079000057, 28.192683395000074 ], [ 83.303523891000054, 28.195605895000028 ], [ 83.308294954000075, 28.197723833000055 ], [ 83.309848454000075, 28.197481208000056 ], [ 83.311493766000069, 28.196034208000071 ], [ 83.312665266000067, 28.193996020000043 ], [ 83.316027766000047, 28.192864458000031 ], [ 83.318514829000037, 28.190221270000052 ], [ 83.320600328000069, 28.190651270000046 ], [ 83.323035954000034, 28.189785707000055 ], [ 83.326992766000046, 28.190337707000026 ], [ 83.329387453000038, 28.189031833000058 ], [ 83.332874078000032, 28.18893152000004 ], [ 83.337990516000048, 28.190120582000077 ], [ 83.340164766000044, 28.189900958000067 ], [ 83.343171891000054, 28.191176645000041 ], [ 83.347078454000041, 28.193485395000039 ], [ 83.349640266000051, 28.193305770000052 ], [ 83.350367329000051, 28.194358395000052 ], [ 83.352475828000081, 28.194445082000072 ], [ 83.35474332800004, 28.197646083000052 ], [ 83.357533703000058, 28.197316270000044 ], [ 83.357460828000058, 28.195980270000064 ], [ 83.360434953000038, 28.194730708000066 ], [ 83.364664703000074, 28.192011333000039 ], [ 83.36519026600007, 28.189581583000063 ], [ 83.366410079000048, 28.188492957000051 ], [ 83.366210453000065, 28.186244895000073 ], [ 83.371164953000061, 28.183325520000039 ], [ 83.372364641000047, 28.181323020000036 ], [ 83.371964266000077, 28.177760832000047 ], [ 83.372617079000065, 28.176243145000058 ], [ 83.374862516000064, 28.175876582000058 ], [ 83.378140891000044, 28.173511207000047 ], [ 83.380143141000076, 28.170706770000038 ], [ 83.386412079000081, 28.163639082000032 ], [ 83.391935642000078, 28.167357207000066 ], [ 83.393148016000055, 28.164239958000053 ], [ 83.395765828000037, 28.160244457000033 ], [ 83.396787079000035, 28.155749958000058 ], [ 83.400568391000036, 28.152479145000029 ], [ 83.402427204000048, 28.15032814500006 ], [ 83.406098266000072, 28.148703770000054 ], [ 83.408140141000047, 28.148313270000074 ], [ 83.409286892000068, 28.14536927000006 ], [ 83.413254079000069, 28.143919770000025 ], [ 83.413532203000045, 28.140484770000057 ], [ 83.415619391000064, 28.137630395000031 ], [ 83.420535516000029, 28.136444207000068 ], [ 83.422185329000058, 28.130853395000031 ], [ 83.422173453000084, 28.128026270000078 ], [ 83.425717828000074, 28.125672082000051 ], [ 83.428614266000068, 28.125830832000076 ], [ 83.431488391000073, 28.127212333000045 ], [ 83.43323932900006, 28.128938832000074 ], [ 83.435634079000067, 28.129530832000057 ], [ 83.437873641000067, 28.129219645000035 ], [ 83.440764829000045, 28.13084920700004 ], [ 83.44414495400008, 28.128071957000031 ], [ 83.445626454000035, 28.125744957000052 ], [ 83.447255516000041, 28.124914458000035 ], [ 83.453155892000041, 28.126260332000072 ], [ 83.455440703000079, 28.129236395000078 ], [ 83.458161391000033, 28.131604958000025 ], [ 83.460460266000041, 28.132329270000071 ], [ 83.463244391000046, 28.130122332000042 ], [ 83.464623079000035, 28.129784770000072 ], [ 83.467671392000057, 28.13059983200003 ], [ 83.46890839100007, 28.131958395000026 ], [ 83.473504453000032, 28.131522645000075 ], [ 83.475720891000037, 28.132153832000029 ], [ 83.480266578000055, 28.129962270000078 ], [ 83.479644829000051, 28.126146895000034 ], [ 83.47811645400003, 28.121484082000052 ], [ 83.47611545400008, 28.118931332000045 ], [ 83.479852141000038, 28.11727595800005 ], [ 83.482414266000035, 28.117549645000054 ], [ 83.485801579000054, 28.116213083000048 ], [ 83.487682454000037, 28.113230583000075 ], [ 83.491083828000058, 28.11327033200007 ], [ 83.494984454000075, 28.115035582000075 ], [ 83.496564766000063, 28.11620339500007 ], [ 83.501098642000045, 28.117066082000065 ], [ 83.502372579000053, 28.119378895000068 ], [ 83.506661766000036, 28.123209770000074 ], [ 83.507836079000072, 28.125795145000041 ], [ 83.512368141000081, 28.126826707000077 ], [ 83.514617642000076, 28.125225957000055 ], [ 83.517748703000052, 28.122116520000077 ], [ 83.52177570300006, 28.12016995700003 ], [ 83.523454641000058, 28.119853145000036 ], [ 83.526782516000083, 28.120724332000066 ], [ 83.531590016000052, 28.118331082000054 ], [ 83.534264329000052, 28.116460707000044 ], [ 83.539603954000086, 28.119732332000069 ], [ 83.546320579000053, 28.120709082000076 ], [ 83.551158016000045, 28.119344270000056 ], [ 83.553050516000042, 28.118053020000048 ], [ 83.555987328000072, 28.117234457000052 ], [ 83.556574454000042, 28.115636707000078 ], [ 83.556182767000053, 28.113491957000065 ], [ 83.557147891000056, 28.106624645000068 ], [ 83.562382642000046, 28.104349020000029 ], [ 83.567068453000047, 28.100591395000038 ], [ 83.567245516000071, 28.099102770000059 ], [ 83.565903203000062, 28.097537208000062 ], [ 83.56422789100003, 28.094339207000075 ], [ 83.564866141000039, 28.092380520000063 ], [ 83.566263391000064, 28.091101145000039 ], [ 83.56918857900007, 28.089555770000061 ], [ 83.571322642000041, 28.088993833000075 ], [ 83.574669641000071, 28.088907207000034 ], [ 83.577668079000034, 28.086885833000053 ], [ 83.57774226600003, 28.083043582000073 ], [ 83.578703267000037, 28.081108332000042 ], [ 83.582704766000063, 28.077262270000062 ], [ 83.581564703000083, 28.076367582000046 ], [ 83.577328141000066, 28.074854145000074 ], [ 83.573624079000069, 28.072448770000051 ], [ 83.571288516000038, 28.068113895000067 ], [ 83.570648203000076, 28.065848833000075 ], [ 83.568619329000057, 28.064384895000046 ], [ 83.565247516000056, 28.064663020000069 ], [ 83.562944454000046, 28.064037520000056 ], [ 83.563201391000064, 28.063009458000067 ], [ 83.566049516000078, 28.057903395000039 ], [ 83.563694954000084, 28.052663582000037 ], [ 83.563743079000062, 28.049333395000076 ], [ 83.561188329000061, 28.043438583000068 ], [ 83.562400766000053, 28.041811082000038 ], [ 83.565717203000077, 28.040982270000029 ], [ 83.565974641000082, 28.038943395000047 ], [ 83.563941266000086, 28.036852082000053 ], [ 83.563583079000068, 28.035567145000073 ], [ 83.566659829000059, 28.033913958000028 ], [ 83.572472829000048, 28.032533270000044 ], [ 83.575947016000043, 28.032336457000042 ], [ 83.579963016000079, 28.033885332000068 ], [ 83.581199641000069, 28.033140020000076 ], [ 83.582705578000059, 28.029784895000034 ], [ 83.586320329000046, 28.025874395000073 ], [ 83.590167141000052, 28.026167957000041 ], [ 83.592607703000056, 28.025139520000039 ], [ 83.593178266000052, 28.021407020000026 ], [ 83.596899267000083, 28.021564583000043 ], [ 83.59883489200007, 28.020108207000078 ], [ 83.600847017000035, 28.014967395000042 ], [ 83.603481267000063, 28.013867145000063 ], [ 83.605302829000038, 28.013761895000073 ], [ 83.606947641000033, 28.011862208000025 ], [ 83.607299954000041, 28.007287332000033 ], [ 83.607031454000037, 28.00579289500007 ], [ 83.605139767000082, 28.002078082000025 ], [ 83.606128328000068, 27.999998270000049 ], [ 83.605347642000083, 27.997094395000033 ], [ 83.603262204000032, 27.994904269000074 ], [ 83.598626829000068, 27.991179145000046 ], [ 83.595430141000065, 27.989256395000041 ], [ 83.592535079000072, 27.988521332000062 ], [ 83.586983079000049, 27.98770152000003 ], [ 83.586015829000075, 27.986888582000063 ], [ 83.586452267000084, 27.983011270000077 ], [ 83.587439204000077, 27.979652270000031 ], [ 83.587242891000074, 27.978726582000036 ], [ 83.582127454000045, 27.979530207000039 ], [ 83.580677079000054, 27.978047895000032 ], [ 83.581104204000042, 27.976052332000052 ], [ 83.578841892000071, 27.974143333000029 ], [ 83.574857204000068, 27.975708207000025 ], [ 83.570531703000086, 27.975773770000046 ], [ 83.562478079000073, 27.973695145000079 ], [ 83.558171766000044, 27.97404014500006 ], [ 83.556352704000062, 27.976281583000059 ], [ 83.551994578000063, 27.976619457000027 ], [ 83.549924142000066, 27.974153270000045 ], [ 83.548264767000035, 27.971183019000023 ], [ 83.54698514200004, 27.970725270000059 ], [ 83.543170329000077, 27.971233894000079 ], [ 83.541804766000041, 27.969850707000035 ], [ 83.538519892000068, 27.968501770000046 ], [ 83.536425704000067, 27.968359332000034 ], [ 83.533050704000061, 27.964584332000072 ], [ 83.531330704000084, 27.96468683300003 ], [ 83.528548516000058, 27.966229645000055 ], [ 83.524758641000062, 27.963768520000031 ], [ 83.52368520400006, 27.963769332000027 ], [ 83.521113142000047, 27.965337582000075 ], [ 83.515995954000061, 27.966993832000071 ], [ 83.513884078000046, 27.967121770000062 ], [ 83.511301954000032, 27.968340082000054 ], [ 83.510580016000063, 27.969919145000063 ], [ 83.506230329000061, 27.973387457000058 ], [ 83.503682391000041, 27.975966269000025 ], [ 83.502160141000047, 27.976820457000031 ], [ 83.495128391000037, 27.977974895000045 ], [ 83.49184101600008, 27.979330083000036 ], [ 83.490001266000036, 27.980925270000057 ], [ 83.487370766000083, 27.981887957000026 ], [ 83.484899516000041, 27.981495145000054 ], [ 83.482971016000079, 27.980280770000036 ], [ 83.480291641000065, 27.975128520000055 ], [ 83.477480204000074, 27.974366520000046 ], [ 83.47590057900004, 27.972465208000074 ], [ 83.468151142000067, 27.963365082000053 ], [ 83.466107704000081, 27.960065207000071 ], [ 83.464401079000083, 27.954568895000023 ], [ 83.462134641000034, 27.952531644000032 ], [ 83.45793851600007, 27.949642895000068 ], [ 83.451906954000037, 27.947913208000045 ], [ 83.449122766000073, 27.94621664500005 ], [ 83.446118204000072, 27.945207269000036 ], [ 83.444926767000084, 27.942921332000026 ], [ 83.447396891000039, 27.939966457000025 ], [ 83.44725414100003, 27.938625645000059 ], [ 83.442712328000084, 27.935265707000042 ], [ 83.440214454000056, 27.935596271000065 ], [ 83.43881951700007, 27.934992707000049 ], [ 83.435717642000043, 27.935548582000024 ], [ 83.435267016000068, 27.938974145000032 ], [ 83.434338016000083, 27.939581771000064 ], [ 83.429453205000073, 27.939685707000024 ], [ 83.426844705000065, 27.936931208000033 ], [ 83.426878455000065, 27.934864520000076 ], [ 83.424368767000033, 27.933642457000076 ], [ 83.421366767000052, 27.930651520000026 ], [ 83.420407453000053, 27.930457957000044 ], [ 83.414852017000044, 27.931208395000056 ], [ 83.412724329000071, 27.930793145000052 ], [ 83.411362392000058, 27.931877145000044 ], [ 83.407088704000046, 27.934051958000055 ], [ 83.40213745300008, 27.934441207000077 ], [ 83.400927955000043, 27.935162458000036 ], [ 83.400680892000082, 27.940235896000047 ], [ 83.399615829000084, 27.941970833000028 ], [ 83.39713245400003, 27.943354395000028 ], [ 83.395186267000042, 27.944873396000048 ], [ 83.394935079000049, 27.947151145000078 ], [ 83.393570580000073, 27.948521520000043 ], [ 83.390098016000081, 27.949762957000075 ], [ 83.388857642000062, 27.951918957000032 ], [ 83.387671266000041, 27.952371708000044 ], [ 83.38522357800008, 27.95484502000005 ], [ 83.381275205000065, 27.956427020000035 ], [ 83.379012954000075, 27.956816208000077 ], [ 83.379861830000038, 27.958679270000061 ], [ 83.376510078000081, 27.957833771000026 ], [ 83.373519828000042, 27.957660020000048 ], [ 83.371974829000067, 27.956942208000044 ], [ 83.368226955000068, 27.954217520000043 ], [ 83.365136641000049, 27.952914958000065 ], [ 83.36293339100007, 27.951483271000029 ], [ 83.358375954000053, 27.952087145000064 ], [ 83.35662607900008, 27.954082583000059 ], [ 83.355276642000035, 27.952927770000031 ], [ 83.349574767000036, 27.950182145000042 ], [ 83.347055830000045, 27.949312833000079 ], [ 83.34658926700007, 27.946415770000044 ], [ 83.344667580000078, 27.94316658300005 ], [ 83.344620642000052, 27.939838395000038 ], [ 83.345316017000073, 27.938702208000052 ], [ 83.348706767000067, 27.93650933300006 ], [ 83.34821614100008, 27.931105457000058 ], [ 83.347036079000077, 27.927467208000053 ], [ 83.346183267000072, 27.926265020000073 ], [ 83.343601579000051, 27.926216646000057 ], [ 83.341357578000043, 27.925562896000031 ], [ 83.340194828000051, 27.922766270000068 ], [ 83.337451330000079, 27.922139395000045 ], [ 83.336063141000068, 27.922534332000055 ], [ 83.329897079000034, 27.920846082000025 ], [ 83.327251768000053, 27.920623396000053 ], [ 83.323862767000037, 27.921782333000067 ], [ 83.32231033000005, 27.921828833000063 ], [ 83.31954926700007, 27.923766895000028 ], [ 83.315295204000051, 27.925063520000037 ], [ 83.310964203000083, 27.925955707000071 ], [ 83.30988870300007, 27.927696708000042 ], [ 83.307056954000075, 27.928061582000055 ], [ 83.304180891000044, 27.926666207000039 ], [ 83.301668204000066, 27.926312770000038 ], [ 83.298811766000085, 27.926810457000045 ], [ 83.295857579000085, 27.925089645000071 ], [ 83.293416766000064, 27.924429582000073 ], [ 83.289342579000049, 27.924483020000025 ], [ 83.283821078000074, 27.925600644000042 ], [ 83.281835766000086, 27.927514957000028 ], [ 83.280603141000086, 27.931278769000073 ], [ 83.281512391000035, 27.935604333000072 ], [ 83.284965766000084, 27.937183645000061 ], [ 83.285266828000033, 27.940806520000024 ], [ 83.285965766000061, 27.942218083000057 ], [ 83.287849141000038, 27.94366958300003 ], [ 83.292854766000062, 27.943442707000031 ], [ 83.295217953000076, 27.945555395000042 ], [ 83.294666266000036, 27.949717707000048 ], [ 83.295063078000055, 27.950240957000062 ], [ 83.299220266000077, 27.950361458000032 ], [ 83.300071203000073, 27.951735332000055 ], [ 83.302893141000084, 27.952708582000071 ], [ 83.304589141000065, 27.954808645000071 ], [ 83.304665828000054, 27.956111020000037 ], [ 83.30260964100006, 27.957373145000076 ], [ 83.300982516000033, 27.959618895000062 ], [ 83.302992329000062, 27.962833020000062 ], [ 83.303337828000053, 27.964175019000038 ], [ 83.303049328000043, 27.967352644000073 ], [ 83.298979204000034, 27.968157770000062 ], [ 83.294812016000037, 27.966875208000033 ], [ 83.291748641000083, 27.966933957000037 ], [ 83.290261016000045, 27.96780620800007 ], [ 83.28841770400004, 27.967349957000067 ], [ 83.286873829000058, 27.96787445700005 ], [ 83.282159266000065, 27.967536333000055 ], [ 83.279704016000039, 27.970057270000041 ], [ 83.279461016000084, 27.972064082000031 ], [ 83.275966204000042, 27.975635457000067 ], [ 83.272212641000067, 27.980085332000044 ], [ 83.270571016000076, 27.982829270000025 ], [ 83.268710016000057, 27.983081145000028 ], [ 83.267128204000073, 27.985139457000059 ], [ 83.265601203000074, 27.985837520000075 ], [ 83.264882078000085, 27.988773583000068 ], [ 83.261237766000079, 27.987862832000076 ] ] ] } },
{ "type": "Feature", "properties": { "DISTRICT": "KAPILBASTU", "STATE_CODE": 5, "PR_NAME": "Lumbini Province" }, "geometry": { "type": "Polygon", "coordinates": [ [ [ 83.054400390000069, 27.449924020000026 ], [ 83.036135828000056, 27.448690957000053 ], [ 83.021858641000051, 27.453636707000044 ], [ 83.000793766000072, 27.45789833200007 ], [ 82.988219516000072, 27.460664082000051 ], [ 82.968604016000086, 27.464085269000066 ], [ 82.96284582800007, 27.465824957000052 ], [ 82.956204328000069, 27.467760957000053 ], [ 82.946740891000047, 27.476866019000056 ], [ 82.941547641000057, 27.491156457000045 ], [ 82.931422891000068, 27.50099558200003 ], [ 82.927130704000035, 27.501152082000033 ], [ 82.915293953000059, 27.501161832000037 ], [ 82.899972516000048, 27.49994952000003 ], [ 82.894835141000044, 27.499640269000054 ], [ 82.881785016000038, 27.498480082000071 ], [ 82.872335015000033, 27.498428644000057 ], [ 82.86093345300003, 27.498750957000027 ], [ 82.851048516000048, 27.499314957000024 ], [ 82.834938515000033, 27.501886207000041 ], [ 82.822945204000064, 27.499671207000063 ], [ 82.803903640000044, 27.496345519000045 ], [ 82.787280765000048, 27.500016957000071 ], [ 82.767784516000063, 27.500757207000049 ], [ 82.737749141000052, 27.502362832000074 ], [ 82.737142078000034, 27.502761207000049 ], [ 82.736946766000074, 27.505985769000063 ], [ 82.737278203000074, 27.508427769000036 ], [ 82.739140140000075, 27.510502332000044 ], [ 82.739243141000031, 27.513921394000079 ], [ 82.738150641000061, 27.515215520000027 ], [ 82.73873689100003, 27.517871957000068 ], [ 82.740682703000061, 27.518566457000077 ], [ 82.744106578000071, 27.518026582000061 ], [ 82.744235390000085, 27.521139019000032 ], [ 82.745491640000068, 27.520442019000029 ], [ 82.748387015000048, 27.520817769000075 ], [ 82.749306765000085, 27.519578395000053 ], [ 82.751434516000074, 27.522654644000056 ], [ 82.75045676600007, 27.526562644000023 ], [ 82.749174328000038, 27.526050207000026 ], [ 82.746194953000042, 27.530165769000064 ], [ 82.745007015000056, 27.533726645000058 ], [ 82.746014453000043, 27.535445957000036 ], [ 82.743757641000059, 27.537034207000033 ], [ 82.744248578000054, 27.538825582000072 ], [ 82.743567078000069, 27.539933957000073 ], [ 82.742663453000034, 27.544648019000078 ], [ 82.739868265000041, 27.546290082000041 ], [ 82.740252828000052, 27.548003770000037 ], [ 82.742749891000074, 27.549258207000037 ], [ 82.740194578000057, 27.550633957000059 ], [ 82.743011953000064, 27.55206508200007 ], [ 82.742950891000078, 27.553370832000041 ], [ 82.744550891000074, 27.554229145000079 ], [ 82.748544515000049, 27.554495270000075 ], [ 82.748741328000051, 27.555780832000039 ], [ 82.746061765000036, 27.558362582000029 ], [ 82.745494327000074, 27.560505394000074 ], [ 82.747682078000082, 27.562345831000073 ], [ 82.749896015000047, 27.56260045700003 ], [ 82.752396953000073, 27.563899957000046 ], [ 82.753400328000055, 27.565479269000036 ], [ 82.75298626600005, 27.567230832000064 ], [ 82.750503078000065, 27.569719707000047 ], [ 82.749752141000045, 27.571105020000061 ], [ 82.751081891000069, 27.573720644000048 ], [ 82.750688015000037, 27.575549082000066 ], [ 82.753001390000065, 27.576975520000076 ], [ 82.752808703000085, 27.579647394000062 ], [ 82.754382578000047, 27.58468601900006 ], [ 82.757252203000064, 27.586094769000056 ], [ 82.75778689100008, 27.587575145000073 ], [ 82.756757077000032, 27.589156519000028 ], [ 82.751721953000072, 27.593644020000056 ], [ 82.746881140000085, 27.59514589500003 ], [ 82.746631702000059, 27.59606420700004 ], [ 82.747363203000077, 27.600134207000053 ], [ 82.745604828000069, 27.601706644000046 ], [ 82.744366515000081, 27.604299082000068 ], [ 82.737994515000082, 27.60789402000006 ], [ 82.736856891000059, 27.609472019000066 ], [ 82.738222328000063, 27.611248707000072 ], [ 82.736523453000075, 27.614527332000023 ], [ 82.73714545200005, 27.615893519000053 ], [ 82.735250765000046, 27.617963207000059 ], [ 82.736029515000041, 27.620289645000071 ], [ 82.738057640000079, 27.620752582000023 ], [ 82.737151453000081, 27.622601145000033 ], [ 82.73317845300005, 27.623268832000065 ], [ 82.733631328000058, 27.624500332000025 ], [ 82.736719890000074, 27.624226207000049 ], [ 82.738531328000079, 27.626275457000077 ], [ 82.735895016000086, 27.627781145000029 ], [ 82.73581295300005, 27.628969394000023 ], [ 82.739216578000082, 27.630557145000068 ], [ 82.740177266000046, 27.632194832000039 ], [ 82.73860232800007, 27.632927332000065 ], [ 82.737059828000042, 27.635765082000034 ], [ 82.739442953000037, 27.636862957000062 ], [ 82.73978926500007, 27.639471957000069 ], [ 82.737934203000066, 27.643132645000037 ], [ 82.735285891000046, 27.642587332000062 ], [ 82.734587203000046, 27.646278832000064 ], [ 82.73297920300007, 27.644993957000054 ], [ 82.730504890000077, 27.645043457000043 ], [ 82.730632577000051, 27.647720457000048 ], [ 82.732802141000036, 27.647742582000035 ], [ 82.733373516000086, 27.648623207000071 ], [ 82.732335640000031, 27.650628457000039 ], [ 82.732612453000058, 27.652081707000036 ], [ 82.730773328000055, 27.654569207000065 ], [ 82.729158141000084, 27.655271894000066 ], [ 82.727544265000063, 27.658232957000052 ], [ 82.725877765000064, 27.658953144000066 ], [ 82.722883953000064, 27.657179332000055 ], [ 82.721423516000073, 27.657610332000047 ], [ 82.721139015000062, 27.659493832000067 ], [ 82.721773703000054, 27.661647520000031 ], [ 82.718385265000052, 27.661907270000029 ], [ 82.715079890000084, 27.662921269000037 ], [ 82.713704578000034, 27.664912019000042 ], [ 82.717374703000075, 27.666667457000074 ], [ 82.717386015000045, 27.668871832000036 ], [ 82.715489578000074, 27.669542395000065 ], [ 82.715172266000081, 27.67074870700003 ], [ 82.71793976500004, 27.672367207000036 ], [ 82.718240016000038, 27.675059332000046 ], [ 82.716231328000049, 27.677001332000032 ], [ 82.717212953000057, 27.679537269000036 ], [ 82.716782140000078, 27.680862144000059 ], [ 82.720247953000069, 27.687272332000077 ], [ 82.717656015000045, 27.691641082000046 ], [ 82.712760953000043, 27.694418082000027 ], [ 82.709056141000076, 27.699067332000027 ], [ 82.707207641000082, 27.705622207000033 ], [ 82.707996077000075, 27.713176395000062 ], [ 82.709608328000058, 27.717223082000032 ], [ 82.70996057800005, 27.721707020000053 ], [ 82.710094391000041, 27.724666082000056 ], [ 82.70814757800008, 27.726484394000067 ], [ 82.708595578000086, 27.728943270000059 ], [ 82.70784151600003, 27.731474332000062 ], [ 82.70816357800004, 27.735443645000032 ], [ 82.705811390000065, 27.738796832000048 ], [ 82.705379265000033, 27.742639457000053 ], [ 82.702840640000034, 27.745117707000077 ], [ 82.703763141000081, 27.747682519000023 ], [ 82.703690640000048, 27.749843207000026 ], [ 82.701538765000066, 27.750996207000071 ], [ 82.701079328000048, 27.753141957000025 ], [ 82.698529703000077, 27.754970269000069 ], [ 82.698060328000054, 27.756504520000078 ], [ 82.701596890000076, 27.758577269000057 ], [ 82.705051265000066, 27.75822839500006 ], [ 82.708337766000056, 27.759448145000079 ], [ 82.712123765000058, 27.759666207000066 ], [ 82.714047953000033, 27.75771227000007 ], [ 82.71728857800008, 27.757421957000076 ], [ 82.720102515000065, 27.758666332000075 ], [ 82.723764641000059, 27.757874395000044 ], [ 82.725735578000069, 27.758804145000056 ], [ 82.725805828000034, 27.761780582000029 ], [ 82.727417453000044, 27.763058894000039 ], [ 82.728000203000079, 27.764521708000075 ], [ 82.733091516000059, 27.766705020000074 ], [ 82.733887828000036, 27.771093707000034 ], [ 82.733375328000079, 27.774170832000038 ], [ 82.733418828000083, 27.774793958000032 ], [ 82.737545828000066, 27.775959770000043 ], [ 82.74413751600008, 27.776635770000041 ], [ 82.748089703000062, 27.776718957000071 ], [ 82.749874266000063, 27.777357832000064 ], [ 82.751779203000069, 27.776948644000072 ], [ 82.75821639000003, 27.777288645000056 ], [ 82.760892578000039, 27.776956208000058 ], [ 82.765595828000073, 27.777077207000048 ], [ 82.767240078000043, 27.776755770000079 ], [ 82.771964891000039, 27.776876769000069 ], [ 82.774356891000082, 27.777340207000066 ], [ 82.779961515000082, 27.776855082000054 ], [ 82.783557641000073, 27.777310957000054 ], [ 82.784678391000057, 27.776553707000062 ], [ 82.785735578000072, 27.769812582000043 ], [ 82.787705453000058, 27.772022895000077 ], [ 82.792181078000056, 27.771870270000079 ], [ 82.794475891000047, 27.772693520000075 ], [ 82.799796203000085, 27.773671582000077 ], [ 82.801383766000072, 27.775758832000065 ], [ 82.804223516000036, 27.775677332000043 ], [ 82.806099141000061, 27.777505207000047 ], [ 82.807244078000053, 27.781989082000052 ], [ 82.805772579000063, 27.785624582000025 ], [ 82.805430453000042, 27.787566457000025 ], [ 82.806070703000046, 27.790295145000073 ], [ 82.807655016000069, 27.791346645000033 ], [ 82.807302453000034, 27.79340576900006 ], [ 82.806233515000031, 27.794842707000043 ], [ 82.809183015000031, 27.794807269000046 ], [ 82.81390420300005, 27.793473895000034 ], [ 82.815696328000058, 27.793651644000079 ], [ 82.817463015000044, 27.795510082000078 ], [ 82.819518578000043, 27.795229832000075 ], [ 82.823864266000044, 27.793299519000072 ], [ 82.828584078000063, 27.792044582000074 ], [ 82.832419266000045, 27.792781020000064 ], [ 82.835649391000061, 27.790931207000028 ], [ 82.839830453000047, 27.790964020000047 ], [ 82.842574828000068, 27.79013870700004 ], [ 82.844107328000064, 27.790365895000036 ], [ 82.846133703000078, 27.793135394000046 ], [ 82.850800578000076, 27.792066457000033 ], [ 82.856090953000034, 27.792110395000066 ], [ 82.861628203000066, 27.790319645000068 ], [ 82.864668141000038, 27.790782270000079 ], [ 82.866888891000031, 27.792693457000041 ], [ 82.874516140000082, 27.792227832000037 ], [ 82.87918120300003, 27.793531520000045 ], [ 82.881712140000047, 27.792505145000064 ], [ 82.885118016000035, 27.792489770000032 ], [ 82.890627203000065, 27.791257144000042 ], [ 82.893646266000076, 27.791547583000067 ], [ 82.897431453000081, 27.793421145000025 ], [ 82.900858578000054, 27.793482270000027 ], [ 82.904031016000033, 27.792781020000064 ], [ 82.905774078000036, 27.79024533200004 ], [ 82.908959579000054, 27.788257957000042 ], [ 82.911991891000071, 27.788042707000045 ], [ 82.913560203000031, 27.787969332000046 ], [ 82.916078203000041, 27.788959270000078 ], [ 82.919251891000044, 27.785611082000059 ], [ 82.921177454000031, 27.784590520000052 ], [ 82.923302704000037, 27.786333145000071 ], [ 82.927218953000079, 27.787392394000051 ], [ 82.930602453000063, 27.78446983200007 ], [ 82.931844203000082, 27.784156769000049 ], [ 82.934415578000085, 27.785013645000049 ], [ 82.936540640000032, 27.785111207000057 ], [ 82.939087391000044, 27.787729957000067 ], [ 82.940800391000039, 27.78784689400004 ], [ 82.943966704000047, 27.78990170700007 ], [ 82.946858078000048, 27.790000519000046 ], [ 82.951479891000076, 27.791700770000034 ], [ 82.954932765000081, 27.790197207000062 ], [ 82.957690453000055, 27.792203520000044 ], [ 82.960002391000046, 27.79277595700006 ], [ 82.962630141000034, 27.795430957000065 ], [ 82.965116141000067, 27.795011895000073 ], [ 82.970027203000029, 27.792842019000034 ], [ 82.975271828000075, 27.794198645000051 ], [ 82.983050578000075, 27.792967895000061 ], [ 82.985064640000076, 27.79434539500005 ], [ 82.993245578000085, 27.792081332000066 ], [ 82.999027141000056, 27.792944582000075 ], [ 83.00090614100003, 27.794803770000044 ], [ 83.006126703000064, 27.798437895000063 ], [ 83.008059265000043, 27.802725082000052 ], [ 83.010675828000046, 27.805469395000046 ], [ 83.012665453000068, 27.81102045800003 ], [ 83.013804203000063, 27.812605707000046 ], [ 83.018445141000029, 27.81681277000007 ], [ 83.019729578000067, 27.817446895000046 ], [ 83.020558140000048, 27.819824082000025 ], [ 83.022039078000034, 27.818747083000062 ], [ 83.02168851600004, 27.816768145000026 ], [ 83.018388454000046, 27.811230457000079 ], [ 83.01837176500004, 27.809490707000066 ], [ 83.021284829000081, 27.80911208200007 ], [ 83.022836453000082, 27.807884394000041 ], [ 83.022219891000077, 27.805569645000048 ], [ 83.022434328000031, 27.802883957000063 ], [ 83.023974515000077, 27.798693769000067 ], [ 83.02544239000008, 27.797406769000077 ], [ 83.028358078000053, 27.796948957000041 ], [ 83.032875516000047, 27.795611145000066 ], [ 83.03534582900005, 27.792311769000037 ], [ 83.034660516000031, 27.787783145000049 ], [ 83.034942641000043, 27.783593020000069 ], [ 83.038464516000033, 27.779930832000048 ], [ 83.048788516000059, 27.773224457000026 ], [ 83.050415828000041, 27.769533082000066 ], [ 83.051882141000078, 27.76838570700005 ], [ 83.051161266000065, 27.766826207000065 ], [ 83.052005453000049, 27.76453970700004 ], [ 83.051231266000059, 27.763476144000037 ], [ 83.053106454000044, 27.762333770000055 ], [ 83.053740266000034, 27.757748895000077 ], [ 83.054583828000034, 27.756515957000033 ], [ 83.056827516000055, 27.760416582000062 ], [ 83.057996766000031, 27.761121707000029 ], [ 83.05953945400006, 27.763537394000025 ], [ 83.061072515000035, 27.764344269000048 ], [ 83.063722953000081, 27.763193520000073 ], [ 83.062197078000054, 27.759956707000072 ], [ 83.065396203000034, 27.758279457000071 ], [ 83.068729766000047, 27.758421457000054 ], [ 83.068527453000058, 27.759873144000039 ], [ 83.069541578000042, 27.762874020000027 ], [ 83.068715391000069, 27.764317020000078 ], [ 83.071601953000084, 27.765259270000058 ], [ 83.074785640000073, 27.764326207000067 ], [ 83.076823766000075, 27.764662457000043 ], [ 83.079415828000037, 27.767378207000036 ], [ 83.084903766000082, 27.769542332000071 ], [ 83.087182578000068, 27.773882707000041 ], [ 83.089151829000059, 27.77444620700004 ], [ 83.089400828000066, 27.772803019000037 ], [ 83.091137078000031, 27.770991395000067 ], [ 83.09207839000004, 27.771234457000048 ], [ 83.091857079000079, 27.773755519000076 ], [ 83.092559515000062, 27.775201895000066 ], [ 83.091670953000062, 27.776529520000054 ], [ 83.092574204000073, 27.777632019000066 ], [ 83.09152589100006, 27.780452270000069 ], [ 83.091722266000033, 27.782425520000061 ], [ 83.095396515000061, 27.78280383200007 ], [ 83.097269579000056, 27.778599145000044 ], [ 83.098152453000068, 27.775170832000072 ], [ 83.100585140000078, 27.772686707000048 ], [ 83.101985266000042, 27.769076770000026 ], [ 83.105675079000036, 27.768313207000062 ], [ 83.108695953000051, 27.768856207000056 ], [ 83.110453391000078, 27.770277707000048 ], [ 83.11289564100008, 27.769372832000045 ], [ 83.116370891000031, 27.766042207000055 ], [ 83.118183329000033, 27.766432832000078 ], [ 83.121528828000066, 27.765172582000048 ], [ 83.123442203000081, 27.761667145000047 ], [ 83.12497726600003, 27.764738645000023 ], [ 83.12739682800003, 27.765622582000049 ], [ 83.128892828000062, 27.767886082000075 ], [ 83.13009814000003, 27.76847358200007 ], [ 83.133711953000045, 27.766871707000064 ], [ 83.136853204000033, 27.764589957000055 ], [ 83.138761766000073, 27.764656019000029 ], [ 83.139649204000079, 27.76373645700005 ], [ 83.143764453000074, 27.761189832000071 ], [ 83.149518329000045, 27.759869332000051 ], [ 83.154179641000042, 27.759230019000029 ], [ 83.157648891000065, 27.758199770000033 ], [ 83.162028703000033, 27.759070207000036 ], [ 83.165562265000062, 27.758040145000052 ], [ 83.171418078000045, 27.757698582000046 ], [ 83.17601957800008, 27.756886707000035 ], [ 83.177369578000082, 27.757012082000074 ], [ 83.180186204000051, 27.758420957000055 ], [ 83.181778015000077, 27.756923144000041 ], [ 83.183922703000064, 27.756342395000047 ], [ 83.18749620400007, 27.753951457000028 ], [ 83.189990828000077, 27.75462264500004 ], [ 83.193160828000032, 27.756441769000048 ], [ 83.196527891000073, 27.757402207000041 ], [ 83.199622391000048, 27.758873270000038 ], [ 83.204380765000053, 27.760058207000043 ], [ 83.212468829000045, 27.758728145000077 ], [ 83.214327954000055, 27.759140270000046 ], [ 83.213896766000062, 27.756358082000077 ], [ 83.212802203000081, 27.75346601900003 ], [ 83.21423739100004, 27.749455707000038 ], [ 83.215701266000053, 27.74873070700005 ], [ 83.215468453000085, 27.747197333000031 ], [ 83.217232891000037, 27.74508645700007 ], [ 83.21682826600005, 27.742841269000053 ], [ 83.218211579000069, 27.741217832000075 ], [ 83.21955814100005, 27.737987520000047 ], [ 83.219852390000085, 27.736105144000078 ], [ 83.218855828000073, 27.73352052000007 ], [ 83.220160454000052, 27.731664207000051 ], [ 83.219032953000067, 27.729839207000055 ], [ 83.217666204000068, 27.72951564400006 ], [ 83.217466078000029, 27.726912957000025 ], [ 83.218943704000083, 27.725732207000078 ], [ 83.219128516000069, 27.723903332000077 ], [ 83.220812641000066, 27.722992270000077 ], [ 83.221596954000063, 27.719844582000064 ], [ 83.22390620300007, 27.717479332000039 ], [ 83.224584203000063, 27.714290457000061 ], [ 83.224405079000064, 27.712414395000053 ], [ 83.223122141000033, 27.710049333000029 ], [ 83.224517516000049, 27.707317957000043 ], [ 83.22472207900006, 27.705547895000052 ], [ 83.223700016000066, 27.703802520000067 ], [ 83.227116329000069, 27.703205645000025 ], [ 83.226386328000046, 27.699634269000057 ], [ 83.229023016000042, 27.699209020000069 ], [ 83.228773329000035, 27.696813582000061 ], [ 83.227724766000051, 27.695239645000072 ], [ 83.231242079000083, 27.69483727000005 ], [ 83.230935454000075, 27.69360583200006 ], [ 83.229414641000062, 27.691999895000038 ], [ 83.22916626600005, 27.690274645000045 ], [ 83.230273641000053, 27.687803332000044 ], [ 83.230325641000036, 27.686122645000069 ], [ 83.229116704000035, 27.685651145000065 ], [ 83.229413329000067, 27.683746144000054 ], [ 83.228315579000082, 27.681118144000038 ], [ 83.230270016000077, 27.678152895000039 ], [ 83.229005703000041, 27.675964019000048 ], [ 83.229483704000074, 27.673042394000049 ], [ 83.228982016000032, 27.671214207000048 ], [ 83.230146828000045, 27.668334832000028 ], [ 83.229533641000046, 27.666645894000055 ], [ 83.228054016000044, 27.666533894000054 ], [ 83.227097578000041, 27.664816019000057 ], [ 83.227131641000085, 27.663047207000034 ], [ 83.225550266000084, 27.661388895000073 ], [ 83.226558141000055, 27.660099457000058 ], [ 83.225466891000053, 27.657884395000053 ], [ 83.22666864100006, 27.654524582000079 ], [ 83.226312391000079, 27.647397019000039 ], [ 83.224167828000077, 27.647249645000045 ], [ 83.222611891000042, 27.645478707000052 ], [ 83.224864516000082, 27.642869457000074 ], [ 83.22510789100005, 27.641275582000048 ], [ 83.223698454000044, 27.639622770000074 ], [ 83.225866266000082, 27.637658332000058 ], [ 83.226042453000048, 27.636158832000035 ], [ 83.227829954000072, 27.635345207000057 ], [ 83.228761641000062, 27.633730332000027 ], [ 83.228731266000068, 27.631958895000025 ], [ 83.230233266000084, 27.629977145000055 ], [ 83.230310329000076, 27.627524895000079 ], [ 83.232277329000055, 27.625782582000056 ], [ 83.232613641000057, 27.624649519000059 ], [ 83.231727891000048, 27.622742457000072 ], [ 83.23233820300004, 27.620415020000053 ], [ 83.231551516000081, 27.614665957000057 ], [ 83.232284953000033, 27.613884770000027 ], [ 83.233232641000086, 27.611755520000031 ], [ 83.232399391000058, 27.610232332000066 ], [ 83.233605078000039, 27.609462832000077 ], [ 83.233404329000052, 27.607647582000027 ], [ 83.231233141000075, 27.603578582000068 ], [ 83.229662578000045, 27.602969707000057 ], [ 83.226921704000063, 27.599267519000023 ], [ 83.226069141000039, 27.59699964400005 ], [ 83.22352789100006, 27.595832519000055 ], [ 83.222749891000035, 27.593244519000052 ], [ 83.221530329000075, 27.59173045700004 ], [ 83.221549641000081, 27.58769383200007 ], [ 83.220709141000043, 27.585732894000046 ], [ 83.218867829000033, 27.584867394000071 ], [ 83.216373891000046, 27.58500902000003 ], [ 83.215065766000066, 27.579062832000034 ], [ 83.213791703000084, 27.577995145000045 ], [ 83.213638203000073, 27.575467144000072 ], [ 83.210916203000068, 27.574070770000048 ], [ 83.20866845300003, 27.569973957000059 ], [ 83.211257641000032, 27.568860457000028 ], [ 83.210308203000068, 27.565089207000028 ], [ 83.210781016000055, 27.564031395000029 ], [ 83.208994204000078, 27.563129957000058 ], [ 83.208369828000059, 27.561614582000061 ], [ 83.206262516000038, 27.559648582000079 ], [ 83.20785907800007, 27.556309207000027 ], [ 83.21055657800008, 27.55593645700003 ], [ 83.211321829000042, 27.554027394000059 ], [ 83.212658641000075, 27.552825519000066 ], [ 83.212662954000052, 27.551158082000029 ], [ 83.214560703000075, 27.549878144000047 ], [ 83.216612766000083, 27.549544582000067 ], [ 83.216198641000062, 27.547615270000051 ], [ 83.21919951600006, 27.546639332000041 ], [ 83.218717453000068, 27.541731207000055 ], [ 83.220444266000072, 27.539439394000055 ], [ 83.222523454000054, 27.53796408200003 ], [ 83.222456953000062, 27.535955520000073 ], [ 83.223378579000041, 27.534439832000032 ], [ 83.226450516000057, 27.532825582000044 ], [ 83.22691407800005, 27.530968894000068 ], [ 83.22593945300008, 27.529634457000043 ], [ 83.227221453000084, 27.527195645000063 ], [ 83.229259703000082, 27.525144582000053 ], [ 83.22958370300006, 27.522517707000077 ], [ 83.230510766000066, 27.522416832000033 ], [ 83.232343454000045, 27.520147957000063 ], [ 83.232817141000055, 27.518043144000046 ], [ 83.234288329000037, 27.516203207000046 ], [ 83.233355953000057, 27.514889332000052 ], [ 83.233674829000051, 27.512377457000071 ], [ 83.23277557800003, 27.511810645000025 ], [ 83.231551954000054, 27.506666082000038 ], [ 83.229154391000066, 27.504459582000038 ], [ 83.230292516000077, 27.501861957000074 ], [ 83.231949329000031, 27.501232644000027 ], [ 83.229976641000064, 27.497074395000027 ], [ 83.229101141000058, 27.494386645000077 ], [ 83.226242329000058, 27.495031894000078 ], [ 83.226121641000077, 27.492255894000039 ], [ 83.22424182900005, 27.492572519000078 ], [ 83.22315732900006, 27.49131195700005 ], [ 83.224867266000047, 27.489403520000053 ], [ 83.223740641000063, 27.488636832000054 ], [ 83.224918204000062, 27.485601769000027 ], [ 83.221660016000044, 27.48244945700003 ], [ 83.223185766000086, 27.481354582000051 ], [ 83.221040266000045, 27.47980814400006 ], [ 83.223940266000056, 27.479201645000046 ], [ 83.224050704000035, 27.477065457000037 ], [ 83.222602953000035, 27.474225582000031 ], [ 83.223289266000052, 27.472681520000037 ], [ 83.226485641000068, 27.472162269000023 ], [ 83.225506578000079, 27.470942894000075 ], [ 83.226102453000067, 27.468479894000041 ], [ 83.228380015000084, 27.469417707000048 ], [ 83.229370204000077, 27.468822894000027 ], [ 83.228251641000043, 27.466833394000048 ], [ 83.228417141000079, 27.463896457000033 ], [ 83.227447703000053, 27.463040395000064 ], [ 83.227003203000038, 27.460443019000024 ], [ 83.225905329000057, 27.459581769000067 ], [ 83.225563578000049, 27.456587832000025 ], [ 83.224494766000078, 27.45456239400005 ], [ 83.221713391000037, 27.454005331000076 ], [ 83.219733204000079, 27.452608832000067 ], [ 83.221012141000074, 27.450716081000053 ], [ 83.219191828000078, 27.449250519000032 ], [ 83.219925454000077, 27.446352895000075 ], [ 83.219031141000073, 27.444908207000026 ], [ 83.219692766000037, 27.442405019000034 ], [ 83.222013891000074, 27.440475270000036 ], [ 83.223087704000079, 27.438100707000046 ], [ 83.226353079000035, 27.437872895000055 ], [ 83.229291891000059, 27.435242394000056 ], [ 83.231793578000065, 27.434486770000035 ], [ 83.233315891000075, 27.430575769000029 ], [ 83.232308016000047, 27.429401394000024 ], [ 83.230293078000045, 27.428812582000035 ], [ 83.225176953000073, 27.42485133200006 ], [ 83.225613078000038, 27.423689395000054 ], [ 83.224825141000053, 27.421135269000047 ], [ 83.220537016000037, 27.418218582000065 ], [ 83.219038453000053, 27.41767545700003 ], [ 83.212522453000076, 27.424141832000032 ], [ 83.207231953000075, 27.431614457000023 ], [ 83.20162870300004, 27.44000802000005 ], [ 83.198011516000065, 27.44589902000007 ], [ 83.18988020300003, 27.454236770000023 ], [ 83.180108953000058, 27.454865582000025 ], [ 83.176028390000056, 27.455619957000067 ], [ 83.170888141000034, 27.457098957000028 ], [ 83.166503703000046, 27.457460895000054 ], [ 83.157141453000065, 27.457050332000051 ], [ 83.149461328000029, 27.456374082000025 ], [ 83.124012891000064, 27.455061082000043 ], [ 83.11445195400006, 27.454296644000067 ], [ 83.078653078000059, 27.452629519000027 ], [ 83.076850079000053, 27.452610769000046 ], [ 83.071463641000037, 27.451383582000062 ], [ 83.070369078000056, 27.451152894000074 ], [ 83.054400390000069, 27.449924020000026 ] ] ] } },
{ "type": "Feature", "properties": { "DISTRICT": "NAWALPARASI_W", "STATE_CODE": 5, "PR_NAME": "Lumbini Province" }, "geometry": { "type": "Polygon", "coordinates": [ [ [ 83.878517329000033, 27.509348957000043 ], [ 83.880784329000051, 27.508759707000024 ], [ 83.882898329000056, 27.507495645000063 ], [ 83.884721579000086, 27.507384332000072 ], [ 83.887643954000055, 27.508429207000063 ], [ 83.888942392000047, 27.50828583200007 ], [ 83.893938329000036, 27.505602207000038 ], [ 83.896529017000034, 27.503476269000032 ], [ 83.899309329000062, 27.500032582000074 ], [ 83.899759829000061, 27.498584207000079 ], [ 83.896117454000034, 27.499402957000029 ], [ 83.892417892000083, 27.498569707000058 ], [ 83.890699579000056, 27.496650332000058 ], [ 83.888427142000069, 27.495353269000077 ], [ 83.885712205000061, 27.495942270000057 ], [ 83.88473489200004, 27.494289707000064 ], [ 83.882355454000049, 27.492297457000063 ], [ 83.876812142000063, 27.489467520000062 ], [ 83.877758079000046, 27.487225332000037 ], [ 83.88012451600008, 27.484731645000068 ], [ 83.882659704000048, 27.483716145000074 ], [ 83.884001829000056, 27.481810520000067 ], [ 83.887179829000047, 27.48077289400004 ], [ 83.887580267000033, 27.476754269000025 ], [ 83.888632767000047, 27.47240908200007 ], [ 83.887754704000031, 27.47031651900005 ], [ 83.887945954000031, 27.468251957000064 ], [ 83.885792517000084, 27.463795769000058 ], [ 83.891858142000046, 27.461458394000033 ], [ 83.890258454000048, 27.458492082000078 ], [ 83.889164829000038, 27.454885207000075 ], [ 83.889163142000029, 27.450214144000029 ], [ 83.889802266000061, 27.446313144000044 ], [ 83.891154391000043, 27.443294956000045 ], [ 83.894716892000076, 27.44095539500006 ], [ 83.897613579000051, 27.437561457000072 ], [ 83.893224267000051, 27.436802207000028 ], [ 83.882222266000042, 27.434297582000056 ], [ 83.878584079000063, 27.432886395000025 ], [ 83.871430267000051, 27.429454519000046 ], [ 83.869407704000082, 27.427022332000035 ], [ 83.869485017000045, 27.424461269000062 ], [ 83.87231132900007, 27.417924394000067 ], [ 83.873324954000054, 27.412764582000079 ], [ 83.877615954000078, 27.40570989400004 ], [ 83.877352329000075, 27.402911582000058 ], [ 83.876026516000081, 27.39659651900007 ], [ 83.874749267000084, 27.392560582000044 ], [ 83.875212954000062, 27.391877332000035 ], [ 83.880876767000075, 27.390986456000064 ], [ 83.887338392000061, 27.390730019000046 ], [ 83.892513454000039, 27.389867582000079 ], [ 83.898489829000084, 27.38935758100007 ], [ 83.907323642000051, 27.389532957000029 ], [ 83.908305204000044, 27.386049519000039 ], [ 83.908288891000041, 27.381707831000028 ], [ 83.905579454000076, 27.376263206000033 ], [ 83.903721954000048, 27.374637207000035 ], [ 83.899408705000042, 27.369954082000049 ], [ 83.894471955000085, 27.367775082000037 ], [ 83.892692642000043, 27.361369581000076 ], [ 83.889867579000054, 27.359072456000035 ], [ 83.88970970400004, 27.358063644000026 ], [ 83.886695579000047, 27.357614394000052 ], [ 83.88511126700007, 27.355979395000077 ], [ 83.878963517000045, 27.35331820600004 ], [ 83.873485267000035, 27.351578019000044 ], [ 83.868086829000049, 27.347493144000055 ], [ 83.864833704000034, 27.346452019000026 ], [ 83.834761266000044, 27.368258770000068 ], [ 83.832050829000082, 27.370099144000051 ], [ 83.814067892000082, 27.378339894000078 ], [ 83.792815954000048, 27.388051519000044 ], [ 83.767953454000065, 27.399644894000062 ], [ 83.747383079000031, 27.409082144000024 ], [ 83.737507516000051, 27.413865894000025 ], [ 83.710940454000081, 27.426041457000053 ], [ 83.696364516000074, 27.432859019000034 ], [ 83.680534141000066, 27.440010769000025 ], [ 83.650695766000069, 27.454044582000051 ], [ 83.635846704000073, 27.460902457000032 ], [ 83.616703328000085, 27.469378457000062 ], [ 83.616189328000075, 27.472346707000042 ], [ 83.614473329000077, 27.475255019000031 ], [ 83.614859392000085, 27.478640832000053 ], [ 83.613114642000085, 27.481587520000062 ], [ 83.613733892000084, 27.483421519000046 ], [ 83.612286766000068, 27.485807144000034 ], [ 83.612860829000056, 27.489608707000059 ], [ 83.610733892000042, 27.489733645000058 ], [ 83.608481766000068, 27.491356519000078 ], [ 83.607584578000058, 27.493718769000054 ], [ 83.605143704000056, 27.493957832000035 ], [ 83.60651314200004, 27.495611269000051 ], [ 83.604666266000038, 27.496824519000029 ], [ 83.602744079000047, 27.496724269000026 ], [ 83.601453891000062, 27.497754020000059 ], [ 83.599511267000082, 27.497258769000041 ], [ 83.597410767000042, 27.501546832000031 ], [ 83.598410704000059, 27.503986769000051 ], [ 83.597412392000081, 27.506572082000048 ], [ 83.596248266000032, 27.507108020000032 ], [ 83.596870391000039, 27.509470081000075 ], [ 83.598907954000083, 27.512102519000052 ], [ 83.599367017000077, 27.515522457000031 ], [ 83.599308329000053, 27.518351895000023 ], [ 83.595915266000077, 27.52124845700007 ], [ 83.59398789100004, 27.520283832000075 ], [ 83.591836578000084, 27.523763832000043 ], [ 83.592621829000052, 27.527909019000049 ], [ 83.59095964100004, 27.530316332000041 ], [ 83.589516392000064, 27.529671207000035 ], [ 83.588699017000067, 27.531902707000029 ], [ 83.59005770400006, 27.532493457000044 ], [ 83.591679954000085, 27.533784394000065 ], [ 83.593308516000036, 27.53329277000006 ], [ 83.593566141000053, 27.535170895000078 ], [ 83.591834267000081, 27.538187270000037 ], [ 83.592667766000034, 27.53981664500003 ], [ 83.59189432900007, 27.541023832000064 ], [ 83.59274514100008, 27.543296332000068 ], [ 83.594847954000045, 27.543728957000042 ], [ 83.598049641000046, 27.545859332000077 ], [ 83.598461891000056, 27.547893644000055 ], [ 83.595215579000069, 27.548064707000037 ], [ 83.592565954000065, 27.550166770000033 ], [ 83.592334329000039, 27.551450082000031 ], [ 83.593283328000041, 27.554063582000026 ], [ 83.595088329000077, 27.556011645000069 ], [ 83.594672204000062, 27.558503894000069 ], [ 83.596620392000034, 27.560432082000034 ], [ 83.597137266000061, 27.562694519000047 ], [ 83.596408642000085, 27.563660457000026 ], [ 83.596853516000067, 27.565509769000073 ], [ 83.598255141000038, 27.566355519000069 ], [ 83.59792857900004, 27.569373770000027 ], [ 83.597133391000057, 27.571463207000079 ], [ 83.597815204000085, 27.572681395000075 ], [ 83.596505704000037, 27.574742270000058 ], [ 83.592261141000051, 27.575623457000063 ], [ 83.591381204000072, 27.573637394000059 ], [ 83.588987516000032, 27.573230957000078 ], [ 83.582649641000046, 27.57468551900007 ], [ 83.582862079000051, 27.578781645000049 ], [ 83.582556267000029, 27.58304320700006 ], [ 83.584293266000032, 27.585063457000047 ], [ 83.584629641000049, 27.588397269000041 ], [ 83.583883266000043, 27.590182144000039 ], [ 83.582414891000042, 27.589620394000065 ], [ 83.581313829000067, 27.590939332000062 ], [ 83.582076766000057, 27.593380894000063 ], [ 83.577815079000061, 27.597014457000057 ], [ 83.576695704000031, 27.600170082000034 ], [ 83.575485704000073, 27.601563144000067 ], [ 83.576369392000061, 27.603359707000038 ], [ 83.575512892000063, 27.604280020000033 ], [ 83.573875267000062, 27.610676520000027 ], [ 83.575235517000067, 27.615534332000038 ], [ 83.576566954000043, 27.617621145000044 ], [ 83.578878141000075, 27.616991832000053 ], [ 83.581092892000072, 27.617910144000064 ], [ 83.583272329000067, 27.616359770000031 ], [ 83.584379266000042, 27.617888520000065 ], [ 83.583667391000063, 27.619079957000054 ], [ 83.587201766000078, 27.620593332000055 ], [ 83.589205141000036, 27.623455957000033 ], [ 83.588794704000065, 27.625666082000066 ], [ 83.591232266000077, 27.625154270000053 ], [ 83.595073641000056, 27.626365957000075 ], [ 83.59382632900008, 27.629593520000071 ], [ 83.594959829000061, 27.630873957000063 ], [ 83.596700266000084, 27.629796020000072 ], [ 83.598591829000043, 27.629733832000056 ], [ 83.600024704000077, 27.631094082000061 ], [ 83.597777829000051, 27.632775395000067 ], [ 83.597235579000085, 27.634084832000042 ], [ 83.59895326700007, 27.635186457000032 ], [ 83.601586892000057, 27.634541894000051 ], [ 83.602974078000045, 27.636037395000074 ], [ 83.602435329000059, 27.637175395000042 ], [ 83.600359641000068, 27.637846332000038 ], [ 83.599882017000084, 27.639137895000033 ], [ 83.601122641000075, 27.641510770000025 ], [ 83.600601954000069, 27.642820207000057 ], [ 83.601674329000048, 27.645016582000039 ], [ 83.605749016000061, 27.648525770000049 ], [ 83.611063017000049, 27.649208644000055 ], [ 83.61310751700006, 27.651154957000074 ], [ 83.616587078000066, 27.655436082000051 ], [ 83.619958016000055, 27.657690457000058 ], [ 83.621430829000076, 27.65950427000007 ], [ 83.625674892000063, 27.661440457000026 ], [ 83.628350391000083, 27.663537145000078 ], [ 83.631474329000071, 27.664197582000043 ], [ 83.632760516000076, 27.667531519000079 ], [ 83.631403454000065, 27.669533957000056 ], [ 83.633728204000079, 27.676972832000047 ], [ 83.635556954000037, 27.678211895000061 ], [ 83.633807017000038, 27.679100832000074 ], [ 83.634597578000069, 27.68023114500005 ], [ 83.63439264200008, 27.682015457000034 ], [ 83.635808204000057, 27.683679957000038 ], [ 83.634673703000033, 27.685053394000079 ], [ 83.635681766000062, 27.686450520000051 ], [ 83.635854953000035, 27.688305770000056 ], [ 83.634548892000055, 27.689432770000053 ], [ 83.635066141000038, 27.693103145000066 ], [ 83.637250454000082, 27.691863332000025 ], [ 83.638557517000038, 27.691979520000075 ], [ 83.641170268000053, 27.69079720700006 ], [ 83.649676579000072, 27.691360520000046 ], [ 83.651732892000041, 27.690749708000055 ], [ 83.655225080000037, 27.690887020000048 ], [ 83.65618733000008, 27.688899270000036 ], [ 83.658800205000034, 27.688194958000054 ], [ 83.65944133000005, 27.686648583000078 ], [ 83.659545329000082, 27.683760582000048 ], [ 83.663526580000052, 27.680667707000055 ], [ 83.66360026600006, 27.67980364500005 ], [ 83.66789301700004, 27.676404521000052 ], [ 83.669100954000044, 27.675915521000036 ], [ 83.671429267000065, 27.673420895000049 ], [ 83.674684330000048, 27.672255270000051 ], [ 83.67588201600006, 27.672551394000038 ], [ 83.677560580000033, 27.670492895000052 ], [ 83.680232266000075, 27.669630332000054 ], [ 83.686144205000062, 27.663711644000045 ], [ 83.688199266000083, 27.664052520000041 ], [ 83.691519392000032, 27.662791833000028 ], [ 83.692609705000052, 27.664755083000045 ], [ 83.695697642000084, 27.664854395000077 ], [ 83.697322641000085, 27.661933582000074 ], [ 83.701588454000046, 27.662193332000072 ], [ 83.70363732900006, 27.661344770000028 ], [ 83.70506664100003, 27.661968332000072 ], [ 83.706756641000084, 27.660658707000039 ], [ 83.707939704000069, 27.658711645000039 ], [ 83.710146516000066, 27.65893733200005 ], [ 83.711624142000062, 27.660826832000055 ], [ 83.714076953000074, 27.661955644000045 ], [ 83.716326954000067, 27.662145270000053 ], [ 83.717943641000033, 27.663229457000057 ], [ 83.719390704000034, 27.665865645000054 ], [ 83.720985954000071, 27.666951957000038 ], [ 83.722495891000051, 27.669703394000067 ], [ 83.727226579000046, 27.672267082000076 ], [ 83.729068704000042, 27.670804020000048 ], [ 83.730951579000077, 27.671200269000053 ], [ 83.733384517000047, 27.67052577000004 ], [ 83.735309141000073, 27.669087582000031 ], [ 83.742800891000059, 27.669501082000068 ], [ 83.744339579000041, 27.667793582000058 ], [ 83.746832079000058, 27.666633832000059 ], [ 83.748979891000033, 27.66656327000004 ], [ 83.752651829000058, 27.666921832000071 ], [ 83.75767039200008, 27.666784082000049 ], [ 83.760335017000045, 27.667230957000072 ], [ 83.760862079000049, 27.66409989400006 ], [ 83.762025079000068, 27.662380207000069 ], [ 83.765208204000032, 27.661038520000034 ], [ 83.767924079000068, 27.664326270000061 ], [ 83.770371891000082, 27.666376894000052 ], [ 83.777516641000034, 27.666014020000034 ], [ 83.780870954000079, 27.66653608200005 ], [ 83.786154016000069, 27.666731645000027 ], [ 83.788638454000079, 27.666205207000075 ], [ 83.795980016000044, 27.666166520000047 ], [ 83.801766767000061, 27.665319769000064 ], [ 83.808306766000044, 27.662675332000049 ], [ 83.810554204000084, 27.66209402000004 ], [ 83.813903829000083, 27.662175207000075 ], [ 83.813058329000057, 27.657514519000074 ], [ 83.812042641000062, 27.654970082000034 ], [ 83.814011142000084, 27.654392832000042 ], [ 83.81452951600005, 27.652755332000027 ], [ 83.812728079000067, 27.650929770000062 ], [ 83.812011141000085, 27.648209645000065 ], [ 83.808999516000085, 27.647607582000035 ], [ 83.810686266000062, 27.640962332000072 ], [ 83.812389830000086, 27.639752895000072 ], [ 83.811758392000058, 27.635033769000074 ], [ 83.806750642000054, 27.632416144000047 ], [ 83.804644641000039, 27.632151457000077 ], [ 83.803089767000074, 27.629231582000045 ], [ 83.804894329000035, 27.627444769000078 ], [ 83.80519257900005, 27.625141332000055 ], [ 83.807016392000037, 27.623162707000063 ], [ 83.807203892000075, 27.620617645000038 ], [ 83.804242829000032, 27.620342707000077 ], [ 83.800838016000057, 27.620804957000075 ], [ 83.799154079000061, 27.619696832000045 ], [ 83.799291829000083, 27.618467332000023 ], [ 83.801709767000034, 27.614005144000032 ], [ 83.802012329000036, 27.612324520000072 ], [ 83.799948892000032, 27.609785269000042 ], [ 83.796346891000042, 27.609527332000027 ], [ 83.793881017000047, 27.607391269000061 ], [ 83.79194276700008, 27.60645420700007 ], [ 83.792610642000056, 27.604866644000026 ], [ 83.797004079000033, 27.601170270000068 ], [ 83.79814039200005, 27.599312582000039 ], [ 83.800701454000034, 27.598454269000058 ], [ 83.803179955000076, 27.595955395000033 ], [ 83.804127704000052, 27.59642608200005 ], [ 83.808265204000065, 27.596718395000039 ], [ 83.810549767000055, 27.596031082000025 ], [ 83.812019829000064, 27.593408769000064 ], [ 83.810028517000035, 27.589667020000036 ], [ 83.810229704000051, 27.58850295700006 ], [ 83.816105204000053, 27.589086207000037 ], [ 83.818878829000084, 27.590017332000059 ], [ 83.82218195400003, 27.592298395000057 ], [ 83.825775392000082, 27.591851645000077 ], [ 83.829822017000083, 27.589816832000054 ], [ 83.833175704000041, 27.587119894000068 ], [ 83.835175204000052, 27.587772207000057 ], [ 83.838234142000033, 27.585555332000069 ], [ 83.843091704000074, 27.57396033200007 ], [ 83.843563392000078, 27.57214433200005 ], [ 83.84158820500005, 27.571722332000036 ], [ 83.833681329000058, 27.565473895000025 ], [ 83.833866516000057, 27.563118332000045 ], [ 83.835263891000068, 27.561226770000076 ], [ 83.834702329000038, 27.55958789400006 ], [ 83.836368204000053, 27.556320207000056 ], [ 83.837696142000084, 27.554636145000075 ], [ 83.839362829000038, 27.55133008200005 ], [ 83.839476642000079, 27.549260957000058 ], [ 83.838867392000054, 27.546031207000055 ], [ 83.840550266000037, 27.54563827000004 ], [ 83.841255454000077, 27.547548082000048 ], [ 83.843923079000035, 27.549049394000065 ], [ 83.844563391000065, 27.550997519000077 ], [ 83.84325070400007, 27.553850519000036 ], [ 83.843670454000062, 27.556042019000074 ], [ 83.845826017000036, 27.558341582000025 ], [ 83.847237954000036, 27.558519144000059 ], [ 83.849087267000073, 27.560161644000061 ], [ 83.852745954000056, 27.558804894000048 ], [ 83.854095141000073, 27.556202269000039 ], [ 83.855948142000045, 27.550452394000047 ], [ 83.857722329000069, 27.54798564400005 ], [ 83.859458266000047, 27.547143457000061 ], [ 83.860481829000037, 27.545578457000033 ], [ 83.86407951700005, 27.544925394000074 ], [ 83.86875451700007, 27.543167520000054 ], [ 83.871771767000041, 27.541644957000074 ], [ 83.873987329000045, 27.539900457000044 ], [ 83.877638641000033, 27.534637019000058 ], [ 83.880882829000086, 27.532180207000067 ], [ 83.882810642000038, 27.529349894000063 ], [ 83.88448876700005, 27.527681519000055 ], [ 83.884144829000036, 27.527022332000058 ], [ 83.884798829000033, 27.523125832000062 ], [ 83.883593141000063, 27.521238394000079 ], [ 83.880371829000069, 27.520148082000048 ], [ 83.878599142000041, 27.515793644000041 ], [ 83.877736017000075, 27.510404332000064 ], [ 83.878517329000033, 27.509348957000043 ] ] ] } },
{ "type": "Feature", "properties": { "DISTRICT": "PALPA", "STATE_CODE": 5, "PR_NAME": "Lumbini Province" }, "geometry": { "type": "Polygon", "coordinates": [ [ [ 83.760261016000072, 27.904478019000067 ], [ 83.758344016000081, 27.907306394000045 ], [ 83.758521454000061, 27.909188520000043 ], [ 83.764317695000045, 27.909776210000075 ], [ 83.768577157000038, 27.906786959000044 ], [ 83.771423262000042, 27.906353963000072 ], [ 83.777115074000051, 27.903143451000062 ], [ 83.78055818100006, 27.899759857000049 ], [ 83.783466942000075, 27.896122645000048 ], [ 83.786904273000061, 27.889780770000073 ], [ 83.789376323000056, 27.886501519000035 ], [ 83.791244635000055, 27.884778213000061 ], [ 83.79446665200004, 27.883269020000057 ], [ 83.798075145000041, 27.882841133000056 ], [ 83.800026704000061, 27.881815020000033 ], [ 83.806181398000035, 27.874718450000046 ], [ 83.809658829000057, 27.873006145000033 ], [ 83.812591266000084, 27.873603582000044 ], [ 83.818109767000067, 27.873974332000046 ], [ 83.819993262000082, 27.875154588000044 ], [ 83.822166204000041, 27.877321270000039 ], [ 83.823247391000052, 27.877516770000057 ], [ 83.825723646000085, 27.876283390000026 ], [ 83.830055454000046, 27.873235888000067 ], [ 83.83350176600004, 27.87144851100004 ], [ 83.841398642000058, 27.868506457000024 ], [ 83.844172454000045, 27.868006394000076 ], [ 83.847566891000042, 27.86830352000004 ], [ 83.849086508000084, 27.870175771000049 ], [ 83.84942746400003, 27.873328336000043 ], [ 83.848527091000051, 27.875522833000048 ], [ 83.846230454000079, 27.878081395000038 ], [ 83.846175006000067, 27.880730264000078 ], [ 83.848012575000041, 27.881661945000076 ], [ 83.852614947000063, 27.881276577000051 ], [ 83.853922017000059, 27.879427707000048 ], [ 83.852927957000077, 27.875613336000072 ], [ 83.85380176700005, 27.874244645000033 ], [ 83.85728664100003, 27.873264520000077 ], [ 83.859819900000048, 27.873242271000038 ], [ 83.862452267000037, 27.874183645000073 ], [ 83.863255079000055, 27.877176395000049 ], [ 83.862204021000082, 27.879217396000058 ], [ 83.862333836000062, 27.880986518000043 ], [ 83.864244085000053, 27.882816088000027 ], [ 83.872166642000082, 27.884479957000053 ], [ 83.875368576000085, 27.885421458000053 ], [ 83.879615142000034, 27.888175770000032 ], [ 83.882275954000079, 27.887395082000069 ], [ 83.882313079000085, 27.883579582000038 ], [ 83.883059954000032, 27.88215189500005 ], [ 83.886309392000044, 27.882353207000051 ], [ 83.890662141000064, 27.88513658200003 ], [ 83.894444642000053, 27.885929270000076 ], [ 83.90029820400008, 27.883022957000037 ], [ 83.909591080000041, 27.880887895000058 ], [ 83.912200079000058, 27.880068332000064 ], [ 83.915095204000067, 27.878237832000025 ], [ 83.915767579000033, 27.876927457000079 ], [ 83.912596392000069, 27.873949207000067 ], [ 83.913109704000078, 27.872291082000061 ], [ 83.915891892000047, 27.870918644000028 ], [ 83.921351016000074, 27.871578457000055 ], [ 83.922684079000078, 27.871245270000031 ], [ 83.926236954000046, 27.868196583000042 ], [ 83.927803329000085, 27.868095832000051 ], [ 83.931714204000059, 27.870902582000042 ], [ 83.934270267000045, 27.87228245700004 ], [ 83.93764057900006, 27.875506145000031 ], [ 83.938775891000034, 27.877390770000034 ], [ 83.941278454000042, 27.877890520000051 ], [ 83.94310945400008, 27.877160207000031 ], [ 83.944330017000084, 27.875806895000039 ], [ 83.947296579000067, 27.871227520000048 ], [ 83.950857829000086, 27.869211645000064 ], [ 83.953686767000079, 27.869291582000074 ], [ 83.956673204000083, 27.870560708000028 ], [ 83.960355579000066, 27.872829395000053 ], [ 83.964392641000074, 27.872106270000074 ], [ 83.968505204000053, 27.870241207000049 ], [ 83.970563579000043, 27.87009045700006 ], [ 83.972895579000067, 27.872347332000061 ], [ 83.975199891000045, 27.871246645000042 ], [ 83.975611141000059, 27.868904583000074 ], [ 83.977645079000069, 27.867036645000042 ], [ 83.98297595400004, 27.865394707000064 ], [ 83.986830642000029, 27.865548582000031 ], [ 83.991189517000066, 27.866607207000072 ], [ 83.996358579000059, 27.866050082000072 ], [ 83.998410204000038, 27.864506770000048 ], [ 83.999908579000078, 27.860591895000027 ], [ 83.999417642000083, 27.858430207000026 ], [ 84.000000016000058, 27.855885020000073 ], [ 84.002285580000034, 27.854571770000064 ], [ 84.004796516000056, 27.854984582000043 ], [ 84.009407956000075, 27.854424771000026 ], [ 84.018070955000042, 27.85126045800007 ], [ 84.020649954000078, 27.850732083000025 ], [ 84.023044017000075, 27.85089414600003 ], [ 84.024681829000031, 27.852347020000025 ], [ 84.023728705000053, 27.854465957000059 ], [ 84.021077518000084, 27.856174458000055 ], [ 84.017963455000086, 27.856901457000049 ], [ 84.017753329000072, 27.859203021000042 ], [ 84.019449080000072, 27.861129771000037 ], [ 84.022979329000066, 27.861691083000039 ], [ 84.024883393000039, 27.860943896000038 ], [ 84.029534954000042, 27.856457207000062 ], [ 84.03062183000003, 27.856231333000039 ], [ 84.029310705000057, 27.853496833000065 ], [ 84.027837580000039, 27.852396082000041 ], [ 84.026277454000081, 27.849666082000056 ], [ 84.024554329000068, 27.848271957000065 ], [ 84.02506801800007, 27.84665627000004 ], [ 84.02440314200004, 27.843330396000056 ], [ 84.022348205000071, 27.840665957000056 ], [ 84.024899768000068, 27.836563333000072 ], [ 84.027104955000084, 27.835055645000068 ], [ 84.027292017000036, 27.83195752000006 ], [ 84.028707767000071, 27.829459395000072 ], [ 84.027383454000073, 27.828417208000076 ], [ 84.028584392000084, 27.825934896000035 ], [ 84.027624766000031, 27.824057708000055 ], [ 84.027923955000063, 27.821593645000064 ], [ 84.026814518000037, 27.818049021000036 ], [ 84.024263456000085, 27.818841582000061 ], [ 84.021884017000048, 27.817129271000056 ], [ 84.02237920400006, 27.815396269000075 ], [ 84.020223017000035, 27.814184896000029 ], [ 84.017161517000034, 27.811502395000048 ], [ 84.016241518000072, 27.808936957000071 ], [ 84.015566955000054, 27.803589333000048 ], [ 84.014455205000047, 27.801026144000048 ], [ 84.010190393000073, 27.797608020000041 ], [ 84.00888989200007, 27.797312521000038 ], [ 84.00720164300003, 27.795442021000042 ], [ 84.00509476700006, 27.791881458000034 ], [ 84.002513518000058, 27.788542020000023 ], [ 84.001442706000034, 27.78431120700003 ], [ 84.002191142000072, 27.780585832000043 ], [ 84.002079454000068, 27.777429082000026 ], [ 84.001280518000044, 27.774500144000058 ], [ 84.000147454000057, 27.772661270000071 ], [ 83.996241330000032, 27.766277707000029 ], [ 83.995870267000043, 27.762042394000048 ], [ 83.994825830000082, 27.760374833000071 ], [ 83.995480705000034, 27.759203769000067 ], [ 83.994404704000033, 27.75564077000007 ], [ 83.99442601800007, 27.753402395000023 ], [ 83.996414079000033, 27.751303957000061 ], [ 83.995576455000048, 27.750636020000059 ], [ 83.989775829000052, 27.748266458000046 ], [ 83.987988392000034, 27.74786464500005 ], [ 83.983435080000049, 27.74904433200004 ], [ 83.981043330000034, 27.748798083000054 ], [ 83.978836018000038, 27.747353583000063 ], [ 83.974217518000046, 27.747822146000033 ], [ 83.973138142000039, 27.749595520000071 ], [ 83.970184392000078, 27.748784896000075 ], [ 83.96963032900004, 27.74720295700007 ], [ 83.966811580000069, 27.746908957000073 ], [ 83.965690517000041, 27.747899270000062 ], [ 83.96257864200004, 27.748115020000057 ], [ 83.961873456000035, 27.746587270000077 ], [ 83.959030642000073, 27.747116770000048 ], [ 83.954059643000051, 27.746449520000056 ], [ 83.949489393000079, 27.745254269000043 ], [ 83.948574893000057, 27.743570645000034 ], [ 83.947041205000062, 27.744014582000034 ], [ 83.943257704000075, 27.741555833000064 ], [ 83.939017767000053, 27.739335895000067 ], [ 83.936287705000041, 27.737457333000066 ], [ 83.933467955000083, 27.73629614500004 ], [ 83.93243626800006, 27.734910145000072 ], [ 83.930317954000031, 27.733977270000025 ], [ 83.927053267000076, 27.730464520000055 ], [ 83.926327704000073, 27.72666883200003 ], [ 83.923543018000032, 27.726561208000078 ], [ 83.920648205000077, 27.729371145000073 ], [ 83.91865851700004, 27.728460707000067 ], [ 83.917609954000056, 27.728358458000059 ], [ 83.915195393000033, 27.730891020000058 ], [ 83.91288632900006, 27.730605270000069 ], [ 83.908549142000084, 27.731403521000061 ], [ 83.910104767000064, 27.733205144000067 ], [ 83.909699455000066, 27.734558770000035 ], [ 83.906410017000042, 27.735477207000031 ], [ 83.905681830000049, 27.733272145000058 ], [ 83.906116205000046, 27.731670458000053 ], [ 83.904080892000081, 27.730125583000074 ], [ 83.900579204000053, 27.731691395000041 ], [ 83.898016080000048, 27.729864020000036 ], [ 83.895167642000047, 27.731100645000026 ], [ 83.890822704000072, 27.730018707000056 ], [ 83.889517205000061, 27.732039458000031 ], [ 83.886614455000085, 27.732948707000048 ], [ 83.885612267000056, 27.734861395000053 ], [ 83.882612892000054, 27.733274895000079 ], [ 83.880972391000057, 27.735017645000028 ], [ 83.878151579000075, 27.735333333000028 ], [ 83.877746391000073, 27.733117208000067 ], [ 83.872472454000047, 27.73390445800004 ], [ 83.871152392000056, 27.734489895000024 ], [ 83.868794704000038, 27.733772395000074 ], [ 83.864515829000084, 27.733720895000033 ], [ 83.861955393000073, 27.734262145000059 ], [ 83.853767079000079, 27.733078145000036 ], [ 83.847364954000057, 27.734878645000038 ], [ 83.845223955000051, 27.733226770000044 ], [ 83.843955392000055, 27.730944082000065 ], [ 83.846199142000046, 27.726878207000027 ], [ 83.846567955000069, 27.72332695700004 ], [ 83.846308518000058, 27.720912270000042 ], [ 83.846809330000042, 27.715526708000027 ], [ 83.850915330000078, 27.711422146000075 ], [ 83.848337392000076, 27.709302832000049 ], [ 83.844901518000086, 27.710628082000028 ], [ 83.840876954000066, 27.710697958000026 ], [ 83.83566182900006, 27.713803520000056 ], [ 83.833185893000064, 27.713387645000068 ], [ 83.830256641000062, 27.71399333200003 ], [ 83.827344392000043, 27.713912957000048 ], [ 83.825880080000047, 27.713306395000075 ], [ 83.824994391000075, 27.711813769000059 ], [ 83.823118954000051, 27.710491395000076 ], [ 83.817758018000063, 27.713305020000064 ], [ 83.812980954000068, 27.714119958000026 ], [ 83.811346829000058, 27.716114708000077 ], [ 83.806712580000067, 27.718100769000046 ], [ 83.803488767000033, 27.721131145000072 ], [ 83.798583205000057, 27.721925145000057 ], [ 83.794388329000071, 27.721679771000026 ], [ 83.790888142000085, 27.722737395000024 ], [ 83.788676705000057, 27.724509769000065 ], [ 83.78653926700008, 27.724217708000026 ], [ 83.784377830000039, 27.72486195700003 ], [ 83.779602018000048, 27.723708146000035 ], [ 83.778032704000054, 27.723847770000077 ], [ 83.775377454000079, 27.723658458000045 ], [ 83.770119267000041, 27.722090645000037 ], [ 83.765073204000032, 27.721448082000052 ], [ 83.761387579000029, 27.722136770000077 ], [ 83.758418204000066, 27.71998577100004 ], [ 83.75567514200003, 27.720732332000068 ], [ 83.753185204000033, 27.720795644000077 ], [ 83.750261955000042, 27.719353019000039 ], [ 83.747248267000032, 27.718945895000047 ], [ 83.743569143000059, 27.71572820800003 ], [ 83.741470579000065, 27.714848833000076 ], [ 83.737873891000049, 27.714677333000054 ], [ 83.734362517000079, 27.713989208000044 ], [ 83.731533954000042, 27.709382833000063 ], [ 83.725304767000068, 27.709839957000042 ], [ 83.72361389200006, 27.710488708000071 ], [ 83.72305814200007, 27.711922707000042 ], [ 83.72078883000006, 27.711827895000056 ], [ 83.717279455000039, 27.715092582000068 ], [ 83.715823704000059, 27.715457395000044 ], [ 83.712847768000074, 27.714900707000027 ], [ 83.711392330000081, 27.715741583000067 ], [ 83.708480830000042, 27.715128519000075 ], [ 83.703425330000073, 27.715891708000072 ], [ 83.702547954000067, 27.716616395000074 ], [ 83.699846517000083, 27.715717020000056 ], [ 83.696439517000044, 27.716097707000074 ], [ 83.69367857900005, 27.718580520000046 ], [ 83.689671891000046, 27.719246269000053 ], [ 83.685901830000034, 27.720505833000061 ], [ 83.684016204000045, 27.720733958000039 ], [ 83.680629079000084, 27.719889083000055 ], [ 83.679105579000066, 27.718416583000078 ], [ 83.684141704000069, 27.718324395000025 ], [ 83.684826954000073, 27.718001019000042 ], [ 83.687843017000034, 27.713682270000049 ], [ 83.68976689200008, 27.710184583000057 ], [ 83.691158017000078, 27.708944396000049 ], [ 83.692011642000068, 27.706306269000038 ], [ 83.69217945500003, 27.703840333000073 ], [ 83.691683830000045, 27.701718207000056 ], [ 83.69180745400007, 27.697990833000063 ], [ 83.693967455000063, 27.695240519000038 ], [ 83.696815579000031, 27.694019270000069 ], [ 83.699211392000052, 27.691420520000065 ], [ 83.702977204000035, 27.688116208000054 ], [ 83.704216018000068, 27.685384020000072 ], [ 83.706440641000086, 27.68316614500003 ], [ 83.706503268000063, 27.681904958000075 ], [ 83.703588266000054, 27.680948770000043 ], [ 83.704495267000084, 27.679833771000062 ], [ 83.702669580000077, 27.678304458000071 ], [ 83.70141114200004, 27.676054332000035 ], [ 83.70169495500005, 27.673985770000058 ], [ 83.700890580000078, 27.669780271000036 ], [ 83.699856643000032, 27.668430895000029 ], [ 83.699457955000071, 27.666069833000051 ], [ 83.698275767000041, 27.662899207000066 ], [ 83.697322641000085, 27.661933582000074 ], [ 83.695697642000084, 27.664854395000077 ], [ 83.692609705000052, 27.664755083000045 ], [ 83.691519392000032, 27.662791833000028 ], [ 83.688199266000083, 27.664052520000041 ], [ 83.686144205000062, 27.663711644000045 ], [ 83.680232266000075, 27.669630332000054 ], [ 83.677560580000033, 27.670492895000052 ], [ 83.67588201600006, 27.672551394000038 ], [ 83.674684330000048, 27.672255270000051 ], [ 83.671429267000065, 27.673420895000049 ], [ 83.669100954000044, 27.675915521000036 ], [ 83.66789301700004, 27.676404521000052 ], [ 83.66360026600006, 27.67980364500005 ], [ 83.663526580000052, 27.680667707000055 ], [ 83.659545329000082, 27.683760582000048 ], [ 83.65944133000005, 27.686648583000078 ], [ 83.658800205000034, 27.688194958000054 ], [ 83.65618733000008, 27.688899270000036 ], [ 83.655225080000037, 27.690887020000048 ], [ 83.651732892000041, 27.690749708000055 ], [ 83.649676579000072, 27.691360520000046 ], [ 83.641170268000053, 27.69079720700006 ], [ 83.638557517000038, 27.691979520000075 ], [ 83.637250454000082, 27.691863332000025 ], [ 83.635066141000038, 27.693103145000066 ], [ 83.633351205000054, 27.693579208000074 ], [ 83.629726955000081, 27.692734708000046 ], [ 83.625503393000031, 27.68850608200006 ], [ 83.623080142000049, 27.688368582000066 ], [ 83.621685329000059, 27.690643833000024 ], [ 83.619729329000052, 27.692545145000054 ], [ 83.614287455000067, 27.695898958000043 ], [ 83.613135266000086, 27.698127333000059 ], [ 83.612714142000073, 27.700278833000027 ], [ 83.61115582900004, 27.701657645000068 ], [ 83.606969392000053, 27.70273114500003 ], [ 83.604740453000034, 27.704344958000036 ], [ 83.599390580000033, 27.705642832000024 ], [ 83.598279768000054, 27.70470089500003 ], [ 83.594249080000054, 27.704745583000033 ], [ 83.590698392000036, 27.706082208000055 ], [ 83.588199266000061, 27.705797270000062 ], [ 83.586422329000072, 27.704954832000055 ], [ 83.584566891000065, 27.705429895000066 ], [ 83.58269851700004, 27.704794707000076 ], [ 83.580033642000046, 27.705098082000063 ], [ 83.577826204000075, 27.706693396000048 ], [ 83.573497892000034, 27.708277708000026 ], [ 83.569750204000059, 27.711348395000073 ], [ 83.569347954000079, 27.712732582000058 ], [ 83.565843455000049, 27.713170645000048 ], [ 83.562818704000051, 27.714077271000065 ], [ 83.559112955000046, 27.716382833000068 ], [ 83.555843705000029, 27.716825895000056 ], [ 83.553374954000049, 27.716215520000048 ], [ 83.549507579000078, 27.716586582000048 ], [ 83.54650601600008, 27.718984395000064 ], [ 83.544141204000084, 27.720039395000072 ], [ 83.541715141000054, 27.720214145000057 ], [ 83.538844579000056, 27.722501707000049 ], [ 83.535890517000041, 27.72391102000006 ], [ 83.533243579000043, 27.725844895000023 ], [ 83.53082476700007, 27.72418502000005 ], [ 83.528819517000045, 27.725385394000057 ], [ 83.525622080000062, 27.726290582000047 ], [ 83.523352829000032, 27.725418582000032 ], [ 83.519869455000048, 27.725821708000069 ], [ 83.519264330000055, 27.726765082000043 ], [ 83.515837516000033, 27.728968895000037 ], [ 83.511862079000082, 27.725513957000032 ], [ 83.508812767000052, 27.724950332000049 ], [ 83.504666891000056, 27.726045707000026 ], [ 83.502073517000042, 27.729089270000031 ], [ 83.501124455000081, 27.729297958000075 ], [ 83.496545642000058, 27.725964458000078 ], [ 83.49415207900006, 27.725721082000064 ], [ 83.491371080000079, 27.729228646000024 ], [ 83.488478767000061, 27.729818144000035 ], [ 83.486034392000079, 27.726049895000074 ], [ 83.484010517000058, 27.724429083000075 ], [ 83.477643955000076, 27.721298145000048 ], [ 83.473153017000072, 27.721001332000071 ], [ 83.470752829000048, 27.721623958000066 ], [ 83.466817829000036, 27.723881083000038 ], [ 83.465170704000059, 27.725668520000056 ], [ 83.460351330000037, 27.726202645000058 ], [ 83.457011517000069, 27.727963083000077 ], [ 83.454296954000085, 27.726494833000061 ], [ 83.451620580000053, 27.727030269000068 ], [ 83.449685079000062, 27.726596146000077 ], [ 83.446653329000071, 27.723745520000023 ], [ 83.444452329000057, 27.724181207000072 ], [ 83.444879767000032, 27.726082770000062 ], [ 83.444093017000057, 27.727776458000051 ], [ 83.440561267000078, 27.731992957000045 ], [ 83.438900579000062, 27.732290833000036 ], [ 83.436635455000044, 27.731464833000075 ], [ 83.435493766000036, 27.732252144000029 ], [ 83.434416203000069, 27.734912520000023 ], [ 83.435334517000058, 27.737495332000037 ], [ 83.434075767000081, 27.739198271000078 ], [ 83.431009329000062, 27.739192458000048 ], [ 83.428407893000042, 27.741208019000055 ], [ 83.425658392000059, 27.741327458000058 ], [ 83.424042891000056, 27.739696208000055 ], [ 83.420068204000074, 27.741730646000065 ], [ 83.416730954000059, 27.740893020000044 ], [ 83.415262891000054, 27.738745519000076 ], [ 83.413454392000062, 27.737738270000079 ], [ 83.410532016000047, 27.734880582000073 ], [ 83.407340017000081, 27.734792457000026 ], [ 83.405013453000038, 27.736912520000033 ], [ 83.401697641000055, 27.737891020000063 ], [ 83.399544516000049, 27.740550957000039 ], [ 83.398298891000081, 27.743618770000069 ], [ 83.396433205000051, 27.746036208000078 ], [ 83.393708641000046, 27.747874520000039 ], [ 83.390763330000084, 27.748673895000024 ], [ 83.388534579000066, 27.747425332000034 ], [ 83.387077518000069, 27.746791582000071 ], [ 83.386366516000066, 27.743266208000023 ], [ 83.385658017000083, 27.742692207000061 ], [ 83.378070204000039, 27.743188582000073 ], [ 83.377864704000046, 27.741134333000048 ], [ 83.375220454000043, 27.736523957000031 ], [ 83.375174078000043, 27.734817894000059 ], [ 83.37304851600004, 27.734891770000047 ], [ 83.368855391000068, 27.737016270000026 ], [ 83.367127079000056, 27.740968333000069 ], [ 83.364942829000086, 27.741784146000043 ], [ 83.363209578000067, 27.745298333000051 ], [ 83.360583141000063, 27.748907644000042 ], [ 83.360492204000082, 27.750854521000065 ], [ 83.359283893000054, 27.752162144000067 ], [ 83.356646141000056, 27.752416145000041 ], [ 83.355040455000051, 27.751427145000036 ], [ 83.349809079000067, 27.749529895000023 ], [ 83.348127766000061, 27.749752145000059 ], [ 83.348318954000035, 27.751235458000053 ], [ 83.34694601800004, 27.755565707000073 ], [ 83.344148328000074, 27.757944208000026 ], [ 83.342180330000076, 27.757831082000052 ], [ 83.338243330000068, 27.761663957000053 ], [ 83.336694267000041, 27.765147021000075 ], [ 83.332932516000085, 27.765792333000036 ], [ 83.33106695400005, 27.767218332000027 ], [ 83.329717329000061, 27.767236644000036 ], [ 83.326348392000057, 27.764124520000053 ], [ 83.325660516000084, 27.762654583000028 ], [ 83.321269954000059, 27.764643458000023 ], [ 83.31919189100006, 27.763150832000065 ], [ 83.31668514200004, 27.763192644000071 ], [ 83.315508016000081, 27.762351958000067 ], [ 83.31232414200008, 27.763638083000046 ], [ 83.309550079000076, 27.765438332000031 ], [ 83.307501453000043, 27.765725957000029 ], [ 83.303994642000077, 27.767700707000074 ], [ 83.302086392000035, 27.766400457000032 ], [ 83.300660453000035, 27.763480270000059 ], [ 83.298520579000069, 27.76054295800003 ], [ 83.296171642000047, 27.760115957000039 ], [ 83.293517829000052, 27.758689896000078 ], [ 83.285381517000076, 27.756084833000045 ], [ 83.281460328000037, 27.756784333000041 ], [ 83.274855391000074, 27.757074770000031 ], [ 83.269745455000077, 27.756682332000025 ], [ 83.266732392000051, 27.755982707000044 ], [ 83.261799453000037, 27.756994457000076 ], [ 83.261974642000041, 27.75998045800003 ], [ 83.258853704000046, 27.765602332000071 ], [ 83.257831641000053, 27.766930332000072 ], [ 83.257758766000052, 27.77028064600006 ], [ 83.259782391000044, 27.77179645700005 ], [ 83.26010589100008, 27.77310239600007 ], [ 83.259016329000076, 27.775206145000027 ], [ 83.25986051600006, 27.780964333000043 ], [ 83.260559017000048, 27.782057895000037 ], [ 83.260437891000038, 27.784825770000054 ], [ 83.257702954000081, 27.788594958000033 ], [ 83.25485739100003, 27.789868020000029 ], [ 83.251965017000032, 27.790323957000055 ], [ 83.249086704000035, 27.789742019000073 ], [ 83.247245642000053, 27.79015389500006 ], [ 83.247320517000048, 27.795264895000059 ], [ 83.247999954000079, 27.797836270000062 ], [ 83.250411141000086, 27.800647208000044 ], [ 83.251262642000086, 27.804372520000072 ], [ 83.249233204000063, 27.805205270000044 ], [ 83.249623641000085, 27.80839114500003 ], [ 83.247878267000033, 27.808920896000075 ], [ 83.248174892000065, 27.81024695800005 ], [ 83.247040391000041, 27.811323833000074 ], [ 83.245478204000051, 27.811225082000078 ], [ 83.244912641000042, 27.81397464500003 ], [ 83.243230704000041, 27.814525020000076 ], [ 83.24273357900006, 27.815898645000061 ], [ 83.241085704000056, 27.816927521000025 ], [ 83.23583020500007, 27.822042895000038 ], [ 83.233014578000052, 27.823087770000029 ], [ 83.237257829000043, 27.824760645000026 ], [ 83.241297829000075, 27.827355020000027 ], [ 83.243093891000058, 27.827572520000047 ], [ 83.247324830000082, 27.829378146000067 ], [ 83.250153141000055, 27.831699520000029 ], [ 83.251930142000049, 27.831801645000041 ], [ 83.254639829000041, 27.830153395000025 ], [ 83.26039189200003, 27.829701457000056 ], [ 83.261961641000084, 27.828247770000075 ], [ 83.267448892000061, 27.827042833000064 ], [ 83.271662203000062, 27.827505083000062 ], [ 83.276509203000046, 27.826138394000054 ], [ 83.279578017000063, 27.827106584000035 ], [ 83.282309266000084, 27.826638021000065 ], [ 83.284277016000033, 27.825736646000053 ], [ 83.286632767000071, 27.825872958000048 ], [ 83.288006329000041, 27.826926957000069 ], [ 83.289404454000078, 27.826683707000029 ], [ 83.292271830000061, 27.828108645000043 ], [ 83.294106142000032, 27.830927145000032 ], [ 83.292806392000045, 27.833941769000035 ], [ 83.294616078000047, 27.835767332000046 ], [ 83.295274454000037, 27.83841508200004 ], [ 83.299033516000065, 27.840331832000061 ], [ 83.299542016000032, 27.842974333000029 ], [ 83.300378830000056, 27.844097645000033 ], [ 83.302509891000057, 27.844783082000049 ], [ 83.303701767000064, 27.846427208000023 ], [ 83.306375578000029, 27.848313395000048 ], [ 83.311975455000038, 27.851173144000029 ], [ 83.306778829000052, 27.853710332000048 ], [ 83.30531376600004, 27.855336520000037 ], [ 83.305697955000085, 27.858091207000029 ], [ 83.309345954000037, 27.856891082000061 ], [ 83.312595830000078, 27.857712770000035 ], [ 83.314689704000045, 27.85962752000006 ], [ 83.319216579000056, 27.859922957000038 ], [ 83.323921329000029, 27.864998021000076 ], [ 83.325817892000032, 27.865882770000042 ], [ 83.328593517000058, 27.869463520000068 ], [ 83.330350141000054, 27.871031207000044 ], [ 83.329368954000074, 27.873208270000077 ], [ 83.331862017000049, 27.874423020000052 ], [ 83.332505017000074, 27.877122395000072 ], [ 83.33003001600008, 27.878793646000076 ], [ 83.328373455000076, 27.877666457000032 ], [ 83.325608517000035, 27.877348333000043 ], [ 83.322736517000067, 27.878329269000062 ], [ 83.322090141000047, 27.879774646000044 ], [ 83.322462579000046, 27.881956082000045 ], [ 83.320069767000064, 27.882521958000041 ], [ 83.317462642000066, 27.885681457000032 ], [ 83.315519954000081, 27.886289958000077 ], [ 83.310915641000065, 27.889428207000037 ], [ 83.31218189100008, 27.892099208000047 ], [ 83.313433642000064, 27.898283208000066 ], [ 83.313057767000032, 27.901546207000024 ], [ 83.311477079000042, 27.903650270000071 ], [ 83.308767704000047, 27.905931333000069 ], [ 83.303206516000046, 27.906034208000051 ], [ 83.300314517000061, 27.908045645000072 ], [ 83.299477454000055, 27.91063170700005 ], [ 83.308627017000049, 27.914579020000076 ], [ 83.309074204000069, 27.916616458000078 ], [ 83.310817766000071, 27.918506958000023 ], [ 83.310406891000071, 27.924012520000076 ], [ 83.310964203000083, 27.925955707000071 ], [ 83.315295204000051, 27.925063520000037 ], [ 83.31954926700007, 27.923766895000028 ], [ 83.32231033000005, 27.921828833000063 ], [ 83.323862767000037, 27.921782333000067 ], [ 83.327251768000053, 27.920623396000053 ], [ 83.329897079000034, 27.920846082000025 ], [ 83.336063141000068, 27.922534332000055 ], [ 83.337451330000079, 27.922139395000045 ], [ 83.340194828000051, 27.922766270000068 ], [ 83.341357578000043, 27.925562896000031 ], [ 83.343601579000051, 27.926216646000057 ], [ 83.346183267000072, 27.926265020000073 ], [ 83.347036079000077, 27.927467208000053 ], [ 83.34821614100008, 27.931105457000058 ], [ 83.348706767000067, 27.93650933300006 ], [ 83.345316017000073, 27.938702208000052 ], [ 83.344620642000052, 27.939838395000038 ], [ 83.344667580000078, 27.94316658300005 ], [ 83.34658926700007, 27.946415770000044 ], [ 83.347055830000045, 27.949312833000079 ], [ 83.349574767000036, 27.950182145000042 ], [ 83.355276642000035, 27.952927770000031 ], [ 83.35662607900008, 27.954082583000059 ], [ 83.358375954000053, 27.952087145000064 ], [ 83.36293339100007, 27.951483271000029 ], [ 83.365136641000049, 27.952914958000065 ], [ 83.368226955000068, 27.954217520000043 ], [ 83.371974829000067, 27.956942208000044 ], [ 83.373519828000042, 27.957660020000048 ], [ 83.376510078000081, 27.957833771000026 ], [ 83.379861830000038, 27.958679270000061 ], [ 83.379012954000075, 27.956816208000077 ], [ 83.381275205000065, 27.956427020000035 ], [ 83.38522357800008, 27.95484502000005 ], [ 83.387671266000041, 27.952371708000044 ], [ 83.388857642000062, 27.951918957000032 ], [ 83.390098016000081, 27.949762957000075 ], [ 83.393570580000073, 27.948521520000043 ], [ 83.394935079000049, 27.947151145000078 ], [ 83.395186267000042, 27.944873396000048 ], [ 83.39713245400003, 27.943354395000028 ], [ 83.399615829000084, 27.941970833000028 ], [ 83.400680892000082, 27.940235896000047 ], [ 83.400927955000043, 27.935162458000036 ], [ 83.40213745300008, 27.934441207000077 ], [ 83.407088704000046, 27.934051958000055 ], [ 83.411362392000058, 27.931877145000044 ], [ 83.412724329000071, 27.930793145000052 ], [ 83.414852017000044, 27.931208395000056 ], [ 83.420407453000053, 27.930457957000044 ], [ 83.421366767000052, 27.930651520000026 ], [ 83.424368767000033, 27.933642457000076 ], [ 83.426878455000065, 27.934864520000076 ], [ 83.426844705000065, 27.936931208000033 ], [ 83.429453205000073, 27.939685707000024 ], [ 83.434338016000083, 27.939581771000064 ], [ 83.435267016000068, 27.938974145000032 ], [ 83.435717642000043, 27.935548582000024 ], [ 83.43881951700007, 27.934992707000049 ], [ 83.440214454000056, 27.935596271000065 ], [ 83.442712328000084, 27.935265707000042 ], [ 83.442298205000043, 27.932545145000063 ], [ 83.444797392000055, 27.931946083000071 ], [ 83.450110517000041, 27.928474583000025 ], [ 83.452342892000047, 27.929367957000068 ], [ 83.454976142000078, 27.932661333000055 ], [ 83.46250926600004, 27.934223020000047 ], [ 83.467175954000083, 27.931077770000059 ], [ 83.469536080000069, 27.928487582000059 ], [ 83.472663142000044, 27.927048770000056 ], [ 83.475601954000069, 27.926374082000052 ], [ 83.479828141000041, 27.924560208000059 ], [ 83.483154768000077, 27.92369276900007 ], [ 83.485888142000078, 27.922525146000055 ], [ 83.488229704000048, 27.923542458000043 ], [ 83.491592205000075, 27.928489520000028 ], [ 83.494669455000064, 27.928963396000029 ], [ 83.497691830000065, 27.927293520000035 ], [ 83.50000020400006, 27.926789708000058 ], [ 83.503305453000053, 27.926914458000056 ], [ 83.507943517000058, 27.928372958000068 ], [ 83.510751705000075, 27.930914520000044 ], [ 83.511449954000057, 27.933340332000057 ], [ 83.50900426700008, 27.933259458000066 ], [ 83.505696704000059, 27.935289583000042 ], [ 83.505382330000032, 27.937871957000027 ], [ 83.508086204000051, 27.94013577000004 ], [ 83.511076391000074, 27.940557021000075 ], [ 83.516225829000064, 27.93873183200003 ], [ 83.518143141000053, 27.937443395000059 ], [ 83.521324829000037, 27.933323146000077 ], [ 83.524169330000063, 27.930869020000046 ], [ 83.52506664100008, 27.929089644000044 ], [ 83.523916893000035, 27.925721457000066 ], [ 83.52610214300006, 27.923946457000056 ], [ 83.52739032900007, 27.92476995800007 ], [ 83.529703641000083, 27.928090207000025 ], [ 83.530608830000062, 27.929902895000055 ], [ 83.532646142000033, 27.931949520000046 ], [ 83.532903204000036, 27.934937833000049 ], [ 83.532024767000053, 27.937809394000055 ], [ 83.533029329000044, 27.938992957000039 ], [ 83.537537330000077, 27.938010770000062 ], [ 83.53924601600005, 27.935462333000032 ], [ 83.538353766000057, 27.931084270000042 ], [ 83.538687329000084, 27.929562395000062 ], [ 83.540511454000068, 27.927607708000039 ], [ 83.542743205000079, 27.927630958000066 ], [ 83.547241205000034, 27.929076332000079 ], [ 83.550314329000059, 27.927928896000026 ], [ 83.554812955000045, 27.929378520000057 ], [ 83.56188889200007, 27.934687833000055 ], [ 83.566624267000066, 27.93408908300006 ], [ 83.569192705000034, 27.936452770000074 ], [ 83.569649266000056, 27.940188458000023 ], [ 83.571110516000033, 27.942108645000076 ], [ 83.573048204000031, 27.942852520000031 ], [ 83.575269143000071, 27.94140402000005 ], [ 83.578432268000086, 27.937047708000023 ], [ 83.578314829000078, 27.934899332000043 ], [ 83.575624080000068, 27.931851708000067 ], [ 83.576649892000034, 27.930054333000044 ], [ 83.578314079000052, 27.930524270000035 ], [ 83.581094080000071, 27.93002277100004 ], [ 83.587246141000037, 27.93042495800006 ], [ 83.590042392000043, 27.931013207000035 ], [ 83.594988016000059, 27.93100527100006 ], [ 83.597210204000078, 27.929527083000039 ], [ 83.599009829000067, 27.927548958000045 ], [ 83.601671017000058, 27.923484020000046 ], [ 83.605218329000081, 27.923410707000073 ], [ 83.612816205000058, 27.924989208000056 ], [ 83.615585642000042, 27.927307459000076 ], [ 83.616724329000078, 27.929501520000031 ], [ 83.618911641000068, 27.930432708000069 ], [ 83.621211767000034, 27.928992771000026 ], [ 83.62179001800007, 27.926726708000047 ], [ 83.62375983000004, 27.925919771000054 ], [ 83.626714891000063, 27.926117395000063 ], [ 83.628775454000049, 27.924593208000033 ], [ 83.623711267000033, 27.919125770000051 ], [ 83.623002017000033, 27.917801583000028 ], [ 83.624421767000058, 27.916230520000056 ], [ 83.629023455000038, 27.914458209000031 ], [ 83.634533017000081, 27.914590270000076 ], [ 83.635350517000063, 27.912261582000042 ], [ 83.633505330000048, 27.910027395000043 ], [ 83.634588016000066, 27.905226457000026 ], [ 83.634532454000066, 27.901814708000074 ], [ 83.63561332900008, 27.899685269000031 ], [ 83.638112142000068, 27.900292021000041 ], [ 83.642548767000051, 27.902104207000036 ], [ 83.643750330000046, 27.902062207000029 ], [ 83.644807955000033, 27.899989083000037 ], [ 83.64680170500003, 27.898351582000032 ], [ 83.648345579000079, 27.900329833000058 ], [ 83.651215016000037, 27.902198583000029 ], [ 83.657009267000035, 27.902296645000035 ], [ 83.659726579000051, 27.907495333000043 ], [ 83.665684143000078, 27.916016395000042 ], [ 83.667899393000084, 27.919600395000032 ], [ 83.672061767000059, 27.924114082000074 ], [ 83.675490454000055, 27.926554521000071 ], [ 83.677696204000085, 27.927311084000053 ], [ 83.681245954000076, 27.926346896000041 ], [ 83.683801455000037, 27.924249832000044 ], [ 83.684200829000076, 27.922750271000041 ], [ 83.681746204000035, 27.92078383300003 ], [ 83.681648329000041, 27.919693770000038 ], [ 83.683082705000061, 27.917201520000049 ], [ 83.685523767000063, 27.916157958000042 ], [ 83.688090329000033, 27.91795520900007 ], [ 83.689108580000038, 27.919656646000078 ], [ 83.689758705000031, 27.922708707000027 ], [ 83.692244954000046, 27.923549145000038 ], [ 83.694853892000083, 27.921569332000047 ], [ 83.697783455000035, 27.918087458000059 ], [ 83.700197392000064, 27.916817895000065 ], [ 83.702799953000067, 27.918204395000032 ], [ 83.705698642000073, 27.918120396000063 ], [ 83.708457643000031, 27.916885270000023 ], [ 83.711113079000086, 27.916279332000045 ], [ 83.713168766000081, 27.91642358200005 ], [ 83.715818142000046, 27.917573083000036 ], [ 83.719357079000076, 27.919906582000067 ], [ 83.721156017000055, 27.920025332000023 ], [ 83.722501329000067, 27.918701270000042 ], [ 83.724972517000083, 27.913891145000036 ], [ 83.729393268000081, 27.910786083000062 ], [ 83.735287516000085, 27.908633645000066 ], [ 83.736474329000032, 27.907611645000031 ], [ 83.73703308000006, 27.904469458000051 ], [ 83.744797205000054, 27.900005145000023 ], [ 83.748337704000051, 27.89966645800007 ], [ 83.749557079000056, 27.901218769000025 ], [ 83.748012266000046, 27.903233207000028 ], [ 83.744923267000047, 27.904060083000047 ], [ 83.744988454000065, 27.906068395000034 ], [ 83.746789142000068, 27.907766270000025 ], [ 83.752759705000074, 27.90689489600004 ], [ 83.757140080000056, 27.903459395000027 ], [ 83.759158641000056, 27.90292370800006 ], [ 83.760261016000072, 27.904478019000067 ] ] ] } },
{ "type": "Feature", "properties": { "DISTRICT": "PYUTHAN", "STATE_CODE": 5, "PR_NAME": "Lumbini Province" }, "geometry": { "type": "Polygon", "coordinates": [ [ [ 82.932786266000051, 27.923853832000077 ], [ 82.931137453000076, 27.923098770000024 ], [ 82.929535265000084, 27.919289207000077 ], [ 82.927879078000046, 27.917559333000042 ], [ 82.928072516000043, 27.914621083000043 ], [ 82.927277640000057, 27.912841520000029 ], [ 82.924068953000074, 27.910666395000078 ], [ 82.921374828000069, 27.907933395000043 ], [ 82.920130641000071, 27.904934270000069 ], [ 82.917715203000057, 27.903985770000077 ], [ 82.912894766000079, 27.904746458000034 ], [ 82.908619266000073, 27.907643520000079 ], [ 82.905380953000076, 27.908621707000066 ], [ 82.902941078000083, 27.908340644000077 ], [ 82.900776391000079, 27.911680520000061 ], [ 82.897275641000078, 27.913949333000062 ], [ 82.895094703000041, 27.913638583000079 ], [ 82.892640328000084, 27.912001208000049 ], [ 82.891510140000037, 27.90826039500007 ], [ 82.890049265000073, 27.90649789500003 ], [ 82.888874828000041, 27.906292145000066 ], [ 82.88376339000007, 27.906776520000051 ], [ 82.88192626600005, 27.905308645000048 ], [ 82.881856766000055, 27.903701708000028 ], [ 82.879809266000052, 27.901282270000024 ], [ 82.87800876600005, 27.901055520000057 ], [ 82.876051766000046, 27.90202326900004 ], [ 82.873638890000052, 27.905660770000054 ], [ 82.870395078000058, 27.909101957000075 ], [ 82.868744516000049, 27.909440333000077 ], [ 82.864607141000079, 27.90770070800005 ], [ 82.864762203000055, 27.906106832000035 ], [ 82.863373015000036, 27.903609145000075 ], [ 82.861326329000065, 27.903459145000056 ], [ 82.856576140000072, 27.904638082000076 ], [ 82.85332132800005, 27.90332733200006 ], [ 82.85127489100006, 27.901381269000069 ], [ 82.849157765000029, 27.901108644000033 ], [ 82.844441890000041, 27.903778832000057 ], [ 82.840761203000056, 27.904253270000027 ], [ 82.837573016000078, 27.906234394000023 ], [ 82.835955828000067, 27.906532082000069 ], [ 82.833601453000085, 27.905821770000045 ], [ 82.830451578000066, 27.906352333000029 ], [ 82.826237453000033, 27.90549752000004 ], [ 82.825208453000073, 27.902334708000069 ], [ 82.822569453000085, 27.900017707000075 ], [ 82.822505640000031, 27.89673227000003 ], [ 82.820753016000083, 27.895332020000069 ], [ 82.819627640000078, 27.893082020000065 ], [ 82.816567828000075, 27.88976189400006 ], [ 82.815229078000073, 27.887306957000078 ], [ 82.81487220300005, 27.884923645000072 ], [ 82.810161391000065, 27.880587395000077 ], [ 82.808113203000062, 27.879811645000075 ], [ 82.807159203000083, 27.877574395000067 ], [ 82.805204141000047, 27.878613333000033 ], [ 82.802414266000085, 27.878153645000054 ], [ 82.799272203000044, 27.881918895000069 ], [ 82.796311453000044, 27.880404020000071 ], [ 82.79300226600003, 27.880778958000064 ], [ 82.793030953000084, 27.883319644000039 ], [ 82.79166695300006, 27.88881708200006 ], [ 82.789602891000072, 27.889469020000035 ], [ 82.789000703000056, 27.892177832000073 ], [ 82.784879641000032, 27.891261707000069 ], [ 82.782048390000057, 27.897093582000025 ], [ 82.779766453000036, 27.896626707000053 ], [ 82.77924882800005, 27.893756832000065 ], [ 82.777687265000054, 27.892696145000059 ], [ 82.776241515000038, 27.893504582000048 ], [ 82.776253015000066, 27.895386270000074 ], [ 82.776453766000031, 27.899579895000045 ], [ 82.774059140000077, 27.902633708000053 ], [ 82.772695641000041, 27.905929019000041 ], [ 82.773437640000054, 27.917737269000042 ], [ 82.771262515000046, 27.921268957000052 ], [ 82.772226703000058, 27.922319895000044 ], [ 82.775034516000062, 27.923696269000061 ], [ 82.777632265000079, 27.925745332000076 ], [ 82.772979078000049, 27.931272082000078 ], [ 82.771649890000049, 27.934161520000032 ], [ 82.769271515000071, 27.935609020000072 ], [ 82.767162266000071, 27.93807858200006 ], [ 82.766359265000062, 27.941119395000044 ], [ 82.764217766000058, 27.94235683200003 ], [ 82.759313515000031, 27.943693395000025 ], [ 82.757337578000033, 27.944911957000045 ], [ 82.755660140000032, 27.942365457000051 ], [ 82.753566641000077, 27.943255707000048 ], [ 82.753549203000034, 27.945218332000024 ], [ 82.755141078000065, 27.946972208000034 ], [ 82.760155828000052, 27.954694895000046 ], [ 82.76225220300006, 27.955875645000049 ], [ 82.76374145300008, 27.957466020000027 ], [ 82.765413391000038, 27.960565144000043 ], [ 82.768126703000064, 27.96264701900003 ], [ 82.768188203000079, 27.967495832000054 ], [ 82.767581078000035, 27.968289083000059 ], [ 82.764768516000061, 27.968493957000078 ], [ 82.761508765000031, 27.969301707000056 ], [ 82.761968828000079, 27.972579395000025 ], [ 82.76462676500006, 27.976725145000046 ], [ 82.762521390000074, 27.977295020000042 ], [ 82.760597078000046, 27.976950582000029 ], [ 82.758951391000039, 27.977547145000074 ], [ 82.756204828000079, 27.976683083000069 ], [ 82.750803328000075, 27.976006957000038 ], [ 82.748429203000057, 27.974482832000035 ], [ 82.746914516000061, 27.976659707000067 ], [ 82.747078328000043, 27.981313208000074 ], [ 82.746314828000038, 27.983300645000043 ], [ 82.743780703000084, 27.986474332000057 ], [ 82.743554203000031, 27.989319395000052 ], [ 82.742467390000058, 27.990410395000026 ], [ 82.737210828000059, 27.99115189500003 ], [ 82.733837578000077, 27.992573769000046 ], [ 82.731725328000039, 27.993993645000046 ], [ 82.723364141000047, 28.001868832000071 ], [ 82.718597077000084, 28.002569020000067 ], [ 82.714568328000041, 28.002650957000071 ], [ 82.707110266000029, 28.005870332000029 ], [ 82.704329453000071, 28.008458895000047 ], [ 82.702107827000077, 28.009457645000055 ], [ 82.698728828000071, 28.013335457000039 ], [ 82.69744189100004, 28.016287645000034 ], [ 82.698045328000035, 28.017477770000028 ], [ 82.696847078000076, 28.018813269000077 ], [ 82.696852516000035, 28.021290457000077 ], [ 82.698629890000063, 28.022803082000053 ], [ 82.698433578000049, 28.025885207000044 ], [ 82.700524766000058, 28.02932514400004 ], [ 82.702675203000069, 28.03168045700005 ], [ 82.703471766000064, 28.034300457000029 ], [ 82.70540201600005, 28.035624957000039 ], [ 82.710024453000074, 28.035934582000039 ], [ 82.712059453000052, 28.040188270000044 ], [ 82.714182453000035, 28.041415144000041 ], [ 82.714760891000083, 28.043022333000067 ], [ 82.718261890000065, 28.045563770000058 ], [ 82.720262390000073, 28.046520895000072 ], [ 82.715807140000038, 28.048333832000026 ], [ 82.713727203000076, 28.050369520000061 ], [ 82.711960390000058, 28.051305020000029 ], [ 82.706522578000033, 28.053058832000033 ], [ 82.701878453000063, 28.052852520000044 ], [ 82.697781203000034, 28.051715020000074 ], [ 82.692892703000041, 28.052191958000037 ], [ 82.691756516000055, 28.050595145000045 ], [ 82.689179952000075, 28.051154895000025 ], [ 82.687104890000057, 28.050997457000051 ], [ 82.685613953000029, 28.052066083000057 ], [ 82.681571890000043, 28.053353895000043 ], [ 82.67922057800007, 28.05464427000004 ], [ 82.676434578000055, 28.054385083000057 ], [ 82.674987140000042, 28.05503664500003 ], [ 82.671697766000079, 28.058305395000048 ], [ 82.669745453000075, 28.056813333000036 ], [ 82.666478203000054, 28.05862927000004 ], [ 82.664236828000071, 28.058282645000077 ], [ 82.662332202000073, 28.059753083000032 ], [ 82.658286453000073, 28.059885020000024 ], [ 82.655474328000082, 28.063352082000051 ], [ 82.652652828000043, 28.063170958000057 ], [ 82.650416202000031, 28.063913770000056 ], [ 82.650121891000083, 28.065000520000069 ], [ 82.644938141000068, 28.066801645000055 ], [ 82.641740641000069, 28.068832020000059 ], [ 82.638140390000046, 28.069177583000055 ], [ 82.634830828000077, 28.070155395000029 ], [ 82.630739141000049, 28.070495894000032 ], [ 82.628678390000061, 28.069559394000066 ], [ 82.626717203000055, 28.070473770000035 ], [ 82.627417140000034, 28.072258457000032 ], [ 82.626692453000032, 28.074868207000065 ], [ 82.624193453000032, 28.076530582000032 ], [ 82.62177089100004, 28.07980002000005 ], [ 82.620718516000068, 28.082627457000058 ], [ 82.61799682700007, 28.085647895000079 ], [ 82.614419266000084, 28.087845208000033 ], [ 82.612660891000075, 28.091324207000071 ], [ 82.609919078000075, 28.092661270000065 ], [ 82.602338140000086, 28.093561082000065 ], [ 82.603983889000062, 28.096961769000075 ], [ 82.60638076400005, 28.09910226900007 ], [ 82.608479577000082, 28.102293207000059 ], [ 82.608631015000071, 28.105714768000041 ], [ 82.607945891000043, 28.109096270000066 ], [ 82.608890515000041, 28.112056645000052 ], [ 82.608570390000068, 28.116470581000044 ], [ 82.60930051400004, 28.119295645000079 ], [ 82.607307953000031, 28.123805394000044 ], [ 82.607160703000034, 28.126806518000024 ], [ 82.605983202000061, 28.12832183200004 ], [ 82.606196890000035, 28.130686020000041 ], [ 82.60247051500005, 28.131347395000034 ], [ 82.600985139000045, 28.133143769000071 ], [ 82.595107764000034, 28.136402145000034 ], [ 82.594107201000043, 28.137982333000025 ], [ 82.590366202000041, 28.139884020000068 ], [ 82.590437389000044, 28.142248957000049 ], [ 82.59196514100006, 28.14713520600003 ], [ 82.594524765000074, 28.148178957000027 ], [ 82.601877390000084, 28.148044395000056 ], [ 82.604746390000059, 28.150464895000027 ], [ 82.606163515000048, 28.150170270000046 ], [ 82.608943139000075, 28.151865706000024 ], [ 82.610526952000043, 28.154430957000045 ], [ 82.612334889000067, 28.158352082000079 ], [ 82.61232870200007, 28.160409457000071 ], [ 82.613341265000031, 28.162752332000025 ], [ 82.614297264000072, 28.167783768000049 ], [ 82.615439827000046, 28.169870768000067 ], [ 82.617339014000038, 28.170539645000076 ], [ 82.621278953000058, 28.174791270000071 ], [ 82.624140140000065, 28.174576394000042 ], [ 82.626759952000043, 28.176721020000059 ], [ 82.626535391000061, 28.178004644000055 ], [ 82.633259577000047, 28.179698457000029 ], [ 82.637572453000075, 28.180165582000029 ], [ 82.638650578000068, 28.180884708000065 ], [ 82.641869391000057, 28.181243770000037 ], [ 82.643322828000066, 28.183166708000044 ], [ 82.644759140000076, 28.18319445800006 ], [ 82.65054295300007, 28.185081208000042 ], [ 82.651737453000067, 28.18675333300007 ], [ 82.654463453000062, 28.187091520000024 ], [ 82.659834452000041, 28.190618332000042 ], [ 82.664253203000044, 28.190808208000078 ], [ 82.665269641000066, 28.189441958000032 ], [ 82.667107328000043, 28.188699645000042 ], [ 82.669672140000046, 28.189577333000045 ], [ 82.671880828000042, 28.191453208000041 ], [ 82.674407515000041, 28.190570770000079 ], [ 82.680607577000046, 28.191972958000065 ], [ 82.684244156000034, 28.19243812600007 ], [ 82.683645248000062, 28.188261032000071 ], [ 82.683885781000072, 28.186578503000078 ], [ 82.685574515000042, 28.185625206000054 ], [ 82.687175953000065, 28.186874457000044 ], [ 82.689231578000033, 28.192179895000038 ], [ 82.691213141000048, 28.194470645000024 ], [ 82.691988391000052, 28.198586209000041 ], [ 82.692602328000078, 28.199668145000032 ], [ 82.698321953000061, 28.203505958000051 ], [ 82.698602265000034, 28.205566083000065 ], [ 82.697172015000035, 28.206610520000027 ], [ 82.698109516000045, 28.20776545800004 ], [ 82.698413390000042, 28.210114520000047 ], [ 82.699301203000061, 28.210698270000023 ], [ 82.702945953000039, 28.209496708000074 ], [ 82.706754684000032, 28.207490921000044 ], [ 82.710959016000061, 28.208349582000039 ], [ 82.714244078000036, 28.209601020000036 ], [ 82.718976975000032, 28.209180832000072 ], [ 82.720777511000051, 28.208665848000066 ], [ 82.728044509000085, 28.207880020000061 ], [ 82.730325699000048, 28.206121445000065 ], [ 82.734430313000075, 28.207403183000054 ], [ 82.735261917000059, 28.206823349000047 ], [ 82.73711204500006, 28.200929641000073 ], [ 82.742807388000074, 28.200094223000065 ], [ 82.744264603000033, 28.197984696000049 ], [ 82.747963828000081, 28.196235645000058 ], [ 82.747262955000053, 28.193189621000045 ], [ 82.748240703000079, 28.19236008200005 ], [ 82.751111984000033, 28.192598343000043 ], [ 82.754476547000081, 28.190275192000058 ], [ 82.755826950000085, 28.188241959000038 ], [ 82.758197390000078, 28.182057333000046 ], [ 82.759997891000069, 28.179763520000051 ], [ 82.762975694000033, 28.180208206000032 ], [ 82.766405106000036, 28.179582596000046 ], [ 82.768047204000084, 28.180488145000027 ], [ 82.770294141000079, 28.180693333000079 ], [ 82.774713645000077, 28.179632170000048 ], [ 82.77825101600007, 28.179140270000062 ], [ 82.781991958000049, 28.177499771000043 ], [ 82.784708023000064, 28.177824021000049 ], [ 82.788540892000071, 28.177713392000044 ], [ 82.789964828000052, 28.17909764500007 ], [ 82.790566140000067, 28.181663582000056 ], [ 82.792256703000078, 28.184733145000052 ], [ 82.793939703000035, 28.186214395000036 ], [ 82.795016454000063, 28.188457333000031 ], [ 82.801251078000064, 28.186677958000075 ], [ 82.806680679000067, 28.186254501000064 ], [ 82.814140953000049, 28.186564582000074 ], [ 82.816150703000062, 28.187283645000036 ], [ 82.817196453000065, 28.187937895000061 ], [ 82.820486953000056, 28.192812270000047 ], [ 82.822401640000066, 28.194985520000046 ], [ 82.823769703000039, 28.195545458000026 ], [ 82.826987829000075, 28.198354770000037 ], [ 82.827408828000046, 28.19956314500007 ], [ 82.826612517000058, 28.203247207000061 ], [ 82.826703640000062, 28.20542727000003 ], [ 82.82497251500007, 28.207424833000061 ], [ 82.821283015000063, 28.210364270000071 ], [ 82.82086589000005, 28.211757145000036 ], [ 82.818452390000061, 28.213290770000071 ], [ 82.81945070300003, 28.214747707000072 ], [ 82.824246765000055, 28.216284770000073 ], [ 82.828200265000078, 28.218658208000079 ], [ 82.831324828000049, 28.219898707000027 ], [ 82.833178203000045, 28.221915645000024 ], [ 82.835634231000085, 28.223516464000056 ], [ 82.838555265000082, 28.226189207000061 ], [ 82.838755391000063, 28.228349895000065 ], [ 82.840776078000033, 28.230941207000058 ], [ 82.843881607000071, 28.231840133000048 ], [ 82.847952016000079, 28.232493082000076 ], [ 82.852350140000055, 28.232405957000026 ], [ 82.85428320300008, 28.235377645000028 ], [ 82.854799391000086, 28.238474957000051 ], [ 82.853197203000036, 28.243986520000078 ], [ 82.851933953000071, 28.246922333000043 ], [ 82.851899203000073, 28.249753332000068 ], [ 82.850321953000048, 28.254811645000075 ], [ 82.850720953000064, 28.255884395000066 ], [ 82.855242015000044, 28.256369020000079 ], [ 82.857869328000049, 28.257712957000024 ], [ 82.862846829000034, 28.25745895700004 ], [ 82.865942398000072, 28.259226206000051 ], [ 82.87125145300007, 28.263304145000063 ], [ 82.874507578000078, 28.263775396000028 ], [ 82.876408703000038, 28.265943333000052 ], [ 82.879460141000038, 28.267901770000037 ], [ 82.880948516000046, 28.267665833000024 ], [ 82.88532626500006, 28.270880395000063 ], [ 82.887551328000086, 28.273301207000031 ], [ 82.888892016000057, 28.275859145000027 ], [ 82.890714015000071, 28.276981707000061 ], [ 82.891075578000084, 28.279876895000029 ], [ 82.890977953000061, 28.28588389600003 ], [ 82.888755391000075, 28.290950958000053 ], [ 82.889697516000069, 28.293099583000071 ], [ 82.892149577000055, 28.295007894000037 ], [ 82.893752766000034, 28.295354707000058 ], [ 82.89625678200008, 28.294721596000045 ], [ 82.89862501600004, 28.297564395000052 ], [ 82.900861766000048, 28.298435207000068 ], [ 82.902274266000063, 28.299734770000043 ], [ 82.902134640000043, 28.30135795800004 ], [ 82.903280640000048, 28.304200770000023 ], [ 82.903901265000059, 28.307655270000055 ], [ 82.906056016000036, 28.310829321000028 ], [ 82.90914420200005, 28.312089770000057 ], [ 82.914239390000034, 28.315293331000078 ], [ 82.916446578000034, 28.317839895000077 ], [ 82.920087328000079, 28.31891102000003 ], [ 82.922341577000054, 28.321550458000047 ], [ 82.923492078000038, 28.324460708000061 ], [ 82.924543453000069, 28.329118707000077 ], [ 82.92703007800003, 28.333027707000042 ], [ 82.926691952000056, 28.336003019000032 ], [ 82.928210014000058, 28.340969207000057 ], [ 82.927130328000032, 28.343322770000043 ], [ 82.928434078000066, 28.344943831000023 ], [ 82.929290766000065, 28.348485770000025 ], [ 82.932671139000036, 28.350745707000044 ], [ 82.934406515000035, 28.351206020000063 ], [ 82.937802078000061, 28.35493914500006 ], [ 82.940778891000036, 28.359386394000069 ], [ 82.942867078000063, 28.361809832000063 ], [ 82.946809266000059, 28.361908020000044 ], [ 82.948545203000037, 28.362431269000069 ], [ 82.954082391000043, 28.360238082000023 ], [ 82.956694453000068, 28.360007707000079 ], [ 82.959246265000047, 28.359357145000047 ], [ 82.963235391000069, 28.35961089500006 ], [ 82.969329204000076, 28.357502583000041 ], [ 82.973859140000059, 28.358700833000057 ], [ 82.979345891000037, 28.359441395000033 ], [ 82.982034579000072, 28.359265208000068 ], [ 82.984893140000054, 28.356782333000069 ], [ 82.990953891000061, 28.353021333000072 ], [ 82.995453391000069, 28.351263270000061 ], [ 82.99911564100006, 28.345792146000065 ], [ 82.999722015000032, 28.34306902000003 ], [ 83.000856766000084, 28.342123082000057 ], [ 83.001159328000085, 28.340207583000051 ], [ 83.003047328000036, 28.336214645000041 ], [ 83.005322203000048, 28.332998270000076 ], [ 83.008619766000038, 28.332437957000025 ], [ 83.012249391000068, 28.333554020000065 ], [ 83.015598766000039, 28.332339583000078 ], [ 83.017590453000082, 28.330237708000027 ], [ 83.017914703000031, 28.328419520000068 ], [ 83.020198828000048, 28.325629208000066 ], [ 83.026016016000085, 28.32500308300007 ], [ 83.031417703000045, 28.323523270000067 ], [ 83.03576514100007, 28.321555145000048 ], [ 83.042023079000046, 28.322111333000066 ], [ 83.045458266000082, 28.324490832000038 ], [ 83.046723516000043, 28.324461270000029 ], [ 83.049938829000041, 28.32216214500005 ], [ 83.051864640000076, 28.31962164600003 ], [ 83.053229204000047, 28.31884602100007 ], [ 83.06061464000004, 28.31740577000005 ], [ 83.063169766000044, 28.317608333000067 ], [ 83.066396953000037, 28.314465145000042 ], [ 83.068871579000074, 28.313180271000078 ], [ 83.070802516000072, 28.311196708000068 ], [ 83.071080828000049, 28.309134333000031 ], [ 83.07073957800003, 28.303297770000029 ], [ 83.072300828000039, 28.300856020000026 ], [ 83.076970391000032, 28.298295395000025 ], [ 83.078053641000054, 28.297310020000054 ], [ 83.080454516000032, 28.293199770000058 ], [ 83.081097578000083, 28.29118939500006 ], [ 83.08298351600007, 28.291077957000027 ], [ 83.086778391000053, 28.28927145800003 ], [ 83.089309266000043, 28.285660520000079 ], [ 83.091720828000064, 28.280999645000065 ], [ 83.095172766000076, 28.277381208000065 ], [ 83.09796345400008, 28.277798958000062 ], [ 83.099375641000051, 28.275723645000028 ], [ 83.099190453000062, 28.272669895000035 ], [ 83.097432078000054, 28.268804833000047 ], [ 83.097513578000076, 28.264696958000059 ], [ 83.096862578000071, 28.260406020000062 ], [ 83.095534766000071, 28.256846083000028 ], [ 83.094219016000068, 28.254278957000054 ], [ 83.093028516000061, 28.253217458000051 ], [ 83.09123739000006, 28.25027033300006 ], [ 83.090487641000038, 28.247639207000077 ], [ 83.087078953000059, 28.246138707000057 ], [ 83.084575766000057, 28.243096520000051 ], [ 83.082387766000068, 28.238973457000043 ], [ 83.081131016000086, 28.235567270000047 ], [ 83.079809516000068, 28.233591020000063 ], [ 83.078175016000046, 28.233803395000052 ], [ 83.072706953000079, 28.238991583000029 ], [ 83.065153516000066, 28.24160233300006 ], [ 83.061255578000043, 28.242421708000052 ], [ 83.056978703000084, 28.242760020000048 ], [ 83.052953015000071, 28.243501582000079 ], [ 83.048218641000062, 28.242918207000059 ], [ 83.044806829000038, 28.242989145000024 ], [ 83.041030766000063, 28.240456208000069 ], [ 83.038764641000057, 28.240124395000066 ], [ 83.033046953000053, 28.241148958000053 ], [ 83.03091551600005, 28.240436770000031 ], [ 83.026987641000062, 28.238211395000064 ], [ 83.026447765000057, 28.235874770000066 ], [ 83.029081516000076, 28.235999520000064 ], [ 83.030312141000081, 28.231579520000025 ], [ 83.02902920300005, 28.227531958000043 ], [ 83.028652703000034, 28.224375270000053 ], [ 83.02942876600008, 28.22021595700005 ], [ 83.030322266000042, 28.217991020000056 ], [ 83.031721203000075, 28.216306520000046 ], [ 83.033237390000068, 28.211356083000055 ], [ 83.036066141000049, 28.205904958000076 ], [ 83.036336579000078, 28.20357864500005 ], [ 83.037613891000035, 28.201299770000048 ], [ 83.037063328000045, 28.196558082000024 ], [ 83.038406953000049, 28.194110645000023 ], [ 83.039240828000061, 28.19138883200003 ], [ 83.03810551600003, 28.185609708000072 ], [ 83.037213328000064, 28.183651832000066 ], [ 83.035649828000032, 28.180750770000031 ], [ 83.035848203000057, 28.17750783300005 ], [ 83.035129391000055, 28.175436207000075 ], [ 83.03143539000007, 28.174744457000031 ], [ 83.033004953000045, 28.171644395000044 ], [ 83.034836953000081, 28.169507270000054 ], [ 83.036742203000074, 28.168135395000036 ], [ 83.040944203000038, 28.167691083000079 ], [ 83.043801453000071, 28.168699270000047 ], [ 83.043589953000037, 28.165888895000023 ], [ 83.041519204000053, 28.162844457000062 ], [ 83.040098141000044, 28.162042583000073 ], [ 83.038819828000044, 28.159944457000051 ], [ 83.038877765000052, 28.157551082000055 ], [ 83.040463453000029, 28.155942270000025 ], [ 83.044013703000076, 28.154981145000079 ], [ 83.04625664100007, 28.153746832000024 ], [ 83.050652954000043, 28.152450833000046 ], [ 83.052826265000078, 28.150399270000037 ], [ 83.055321078000077, 28.149841145000039 ], [ 83.055237703000046, 28.147663395000052 ], [ 83.057482578000077, 28.144536020000032 ], [ 83.058827579000081, 28.144603957000072 ], [ 83.057625016000031, 28.140979083000047 ], [ 83.054640953000046, 28.142352832000029 ], [ 83.052945203000036, 28.142408770000031 ], [ 83.051481703000036, 28.140232770000068 ], [ 83.053535704000069, 28.139303895000069 ], [ 83.054967891000047, 28.134501395000029 ], [ 83.058920516000057, 28.131419645000051 ], [ 83.060495828000057, 28.129503707000026 ], [ 83.061079266000036, 28.126516020000054 ], [ 83.057679140000062, 28.122323333000054 ], [ 83.05552326600008, 28.121272895000061 ], [ 83.054938015000062, 28.119813645000079 ], [ 83.055951204000053, 28.115310582000063 ], [ 83.055048078000084, 28.11346558200006 ], [ 83.052990954000052, 28.111441145000072 ], [ 83.050235641000086, 28.110691145000033 ], [ 83.052725391000081, 28.108513083000048 ], [ 83.052768453000056, 28.106679145000044 ], [ 83.047031266000033, 28.100759832000051 ], [ 83.044458141000064, 28.100949520000029 ], [ 83.042482390000032, 28.103130958000065 ], [ 83.042053266000039, 28.105002832000025 ], [ 83.040729829000043, 28.104781520000074 ], [ 83.036119891000055, 28.100575270000036 ], [ 83.032419516000061, 28.098994770000047 ], [ 83.029036641000062, 28.09950333200004 ], [ 83.026910703000055, 28.102123458000051 ], [ 83.023348016000057, 28.105134895000049 ], [ 83.021527391000063, 28.105444583000065 ], [ 83.01838414100007, 28.107312770000078 ], [ 83.01453157900005, 28.107772458000056 ], [ 83.011711203000061, 28.11121083200004 ], [ 83.005889953000064, 28.111838833000036 ], [ 83.004476578000038, 28.11381620800006 ], [ 83.002088641000057, 28.108117895000078 ], [ 83.002551141000083, 28.107011270000044 ], [ 83.003684579000037, 28.105203270000061 ], [ 83.004541390000043, 28.098082395000063 ], [ 83.003908203000037, 28.095699770000067 ], [ 83.00105751600006, 28.094652520000068 ], [ 82.998971766000068, 28.09452452000005 ], [ 82.997469453000065, 28.091537707000043 ], [ 82.995643141000073, 28.091014457000028 ], [ 82.994966453000075, 28.089434707000066 ], [ 82.993979578000051, 28.086307208000051 ], [ 82.990431016000059, 28.07956914500005 ], [ 82.989113016000033, 28.078374957000051 ], [ 82.987075891000075, 28.073671707000074 ], [ 82.985212391000061, 28.071428833000027 ], [ 82.979981953000049, 28.068727833000025 ], [ 82.977231266000047, 28.065517145000058 ], [ 82.977063704000045, 28.061357833000045 ], [ 82.974561640000047, 28.05950045700007 ], [ 82.973276078000083, 28.057180520000031 ], [ 82.970700641000064, 28.054311770000027 ], [ 82.969040266000036, 28.053099019000058 ], [ 82.966489078000052, 28.052827145000037 ], [ 82.963735641000085, 28.046868207000045 ], [ 82.96281095300003, 28.040862145000062 ], [ 82.965295079000043, 28.040201832000037 ], [ 82.967140391000044, 28.040459333000058 ], [ 82.972339641000076, 28.038242270000069 ], [ 82.974482828000077, 28.034100145000025 ], [ 82.974476266000067, 28.032881770000074 ], [ 82.97646289000005, 28.031500019000077 ], [ 82.97642726600003, 28.028911957000048 ], [ 82.97736201500004, 28.027269645000047 ], [ 82.978603704000079, 28.023037333000048 ], [ 82.977480891000084, 28.021517270000061 ], [ 82.978263828000081, 28.019646020000039 ], [ 82.976237578000053, 28.017519207000078 ], [ 82.976522328000044, 28.014599582000073 ], [ 82.973948078000035, 28.014302895000071 ], [ 82.973895141000071, 28.012378020000028 ], [ 82.975557578000064, 28.006535645000042 ], [ 82.973751891000063, 28.005570082000077 ], [ 82.970281829000044, 28.006002145000025 ], [ 82.970264453000084, 28.002685457000041 ], [ 82.967590078000057, 28.003628770000034 ], [ 82.965344204000075, 28.000394645000029 ], [ 82.962153141000044, 27.998825082000053 ], [ 82.956285515000047, 27.997483394000028 ], [ 82.95622232900007, 27.996061520000069 ], [ 82.95433607800004, 27.993944458000044 ], [ 82.955278953000061, 27.992798770000036 ], [ 82.959002203000068, 27.991929020000043 ], [ 82.961784640000076, 27.992051582000045 ], [ 82.965744203000042, 27.989719145000038 ], [ 82.966213828000036, 27.987852395000061 ], [ 82.967661765000059, 27.98807533300004 ], [ 82.968974891000073, 27.990208270000039 ], [ 82.969509140000071, 27.992833958000062 ], [ 82.97087139100006, 27.993351770000061 ], [ 82.976745891000064, 27.991274833000034 ], [ 82.978472141000054, 27.988677270000039 ], [ 82.977019140000039, 27.986290707000023 ], [ 82.977742641000077, 27.984130145000051 ], [ 82.979743203000055, 27.984029957000075 ], [ 82.982556891000058, 27.982974582000054 ], [ 82.983886391000055, 27.981321645000037 ], [ 82.986625141000047, 27.981538145000059 ], [ 82.988717515000076, 27.98058564400003 ], [ 82.990140516000054, 27.977545769000074 ], [ 82.992738641000074, 27.976001269000051 ], [ 82.996173953000039, 27.975945145000026 ], [ 83.000000016000058, 27.978468333000023 ], [ 83.001747953000063, 27.977131833000044 ], [ 83.001169829000048, 27.97552802000007 ], [ 83.00395401600008, 27.969684458000074 ], [ 83.005425328000058, 27.968828645000031 ], [ 83.009259516000043, 27.96803058200004 ], [ 83.011383953000063, 27.966193520000047 ], [ 83.012359641000046, 27.963486332000059 ], [ 83.018568016000074, 27.956789207000043 ], [ 83.018062828000041, 27.954170708000049 ], [ 83.019346704000043, 27.952090645000055 ], [ 83.016481328000054, 27.949588333000065 ], [ 83.017277891000049, 27.948010207000038 ], [ 83.019605078000041, 27.946977645000061 ], [ 83.014881953000042, 27.941808833000039 ], [ 83.014789329000052, 27.941273458000069 ], [ 83.017509266000047, 27.937288145000025 ], [ 83.017838829000084, 27.936173708000069 ], [ 83.015046766000069, 27.932636332000072 ], [ 83.01512107800005, 27.931716332000065 ], [ 83.017867391000038, 27.928132770000047 ], [ 83.016648703000044, 27.923354457000073 ], [ 83.015687516000071, 27.922023145000026 ], [ 83.013949016000083, 27.920314145000077 ], [ 83.011672641000075, 27.920218832000046 ], [ 83.010924765000084, 27.922216957000046 ], [ 83.010930578000057, 27.924439333000066 ], [ 83.008706953000058, 27.926869144000079 ], [ 83.006621016000054, 27.931770332000042 ], [ 83.005501016000039, 27.931491519000076 ], [ 83.004011641000034, 27.929073395000046 ], [ 83.001362078000056, 27.931833832000052 ], [ 82.999999828000057, 27.932412832000068 ], [ 82.996419765000041, 27.930613395000023 ], [ 82.994111141000076, 27.929967082000076 ], [ 82.992958203000057, 27.928762894000045 ], [ 82.992722890000039, 27.925916082000072 ], [ 82.98923420300008, 27.925570145000052 ], [ 82.987221265000073, 27.929458583000041 ], [ 82.985857703000079, 27.929971957000078 ], [ 82.978992016000063, 27.926257207000049 ], [ 82.975415203000068, 27.928080707000049 ], [ 82.972967266000069, 27.927918082000076 ], [ 82.970705516000066, 27.92609402000005 ], [ 82.966352765000067, 27.928094207000072 ], [ 82.964272578000077, 27.92849370700003 ], [ 82.962815516000035, 27.926445457000057 ], [ 82.958879453000065, 27.927595707000023 ], [ 82.95650620300006, 27.927758270000027 ], [ 82.954954453000084, 27.929661958000054 ], [ 82.951718453000069, 27.929914895000024 ], [ 82.949433704000057, 27.930671332000031 ], [ 82.944693766000057, 27.930763708000029 ], [ 82.943269765000082, 27.927571582000041 ], [ 82.939714391000052, 27.925446020000038 ], [ 82.932786266000051, 27.923853832000077 ] ] ] } },
{ "type": "Feature", "properties": { "DISTRICT": "ROLPA", "STATE_CODE": 5, "PR_NAME": "Lumbini Province" }, "geometry": { "type": "Polygon", "coordinates": [ [ [ 82.626759952000043, 28.176721020000059 ], [ 82.624140140000065, 28.174576394000042 ], [ 82.621278953000058, 28.174791270000071 ], [ 82.617339014000038, 28.170539645000076 ], [ 82.615439827000046, 28.169870768000067 ], [ 82.614297264000072, 28.167783768000049 ], [ 82.613341265000031, 28.162752332000025 ], [ 82.61232870200007, 28.160409457000071 ], [ 82.612334889000067, 28.158352082000079 ], [ 82.610526952000043, 28.154430957000045 ], [ 82.608943139000075, 28.151865706000024 ], [ 82.606163515000048, 28.150170270000046 ], [ 82.604746390000059, 28.150464895000027 ], [ 82.601877390000084, 28.148044395000056 ], [ 82.594524765000074, 28.148178957000027 ], [ 82.59196514100006, 28.14713520600003 ], [ 82.590437389000044, 28.142248957000049 ], [ 82.590366202000041, 28.139884020000068 ], [ 82.594107201000043, 28.137982333000025 ], [ 82.595107764000034, 28.136402145000034 ], [ 82.600985139000045, 28.133143769000071 ], [ 82.60247051500005, 28.131347395000034 ], [ 82.606196890000035, 28.130686020000041 ], [ 82.605983202000061, 28.12832183200004 ], [ 82.607160703000034, 28.126806518000024 ], [ 82.607307953000031, 28.123805394000044 ], [ 82.60930051400004, 28.119295645000079 ], [ 82.608570390000068, 28.116470581000044 ], [ 82.608890515000041, 28.112056645000052 ], [ 82.607945891000043, 28.109096270000066 ], [ 82.608631015000071, 28.105714768000041 ], [ 82.608479577000082, 28.102293207000059 ], [ 82.60638076400005, 28.09910226900007 ], [ 82.603983889000062, 28.096961769000075 ], [ 82.602338140000086, 28.093561082000065 ], [ 82.599897577000036, 28.092566145000035 ], [ 82.599019202000079, 28.093082894000077 ], [ 82.599016766000034, 28.095988456000043 ], [ 82.597835014000054, 28.10034620700003 ], [ 82.596913328000085, 28.101302333000035 ], [ 82.593399953000073, 28.102924457000029 ], [ 82.590658702000042, 28.102887269000064 ], [ 82.589885515000049, 28.105200706000062 ], [ 82.588235764000046, 28.106059020000032 ], [ 82.587441390000038, 28.107990956000037 ], [ 82.585577828000055, 28.108391332000053 ], [ 82.584505265000075, 28.110169270000029 ], [ 82.583176453000078, 28.110627019000049 ], [ 82.579913202000057, 28.109688645000062 ], [ 82.576430515000084, 28.113185332000057 ], [ 82.573123078000037, 28.113279520000049 ], [ 82.571768702000043, 28.114578394000034 ], [ 82.569147889000078, 28.115322583000079 ], [ 82.568587515000047, 28.116968019000069 ], [ 82.566609765000067, 28.118666457000074 ], [ 82.566886265000051, 28.120979394000074 ], [ 82.564006139000071, 28.122738207000054 ], [ 82.565034578000052, 28.124858270000061 ], [ 82.563653890000069, 28.125513832000024 ], [ 82.562632703000077, 28.127907956000058 ], [ 82.562830826000038, 28.129437270000039 ], [ 82.56109701400004, 28.131205769000076 ], [ 82.563298390000057, 28.132207957000048 ], [ 82.563802515000077, 28.133476581000025 ], [ 82.559137265000061, 28.136094082000056 ], [ 82.555740516000071, 28.13672383200003 ], [ 82.554128203000062, 28.135258519000047 ], [ 82.550292702000036, 28.133688519000032 ], [ 82.548133516000064, 28.134333394000066 ], [ 82.546498701000075, 28.133745332000046 ], [ 82.54403026600005, 28.131406832000039 ], [ 82.540829827000039, 28.131821707000029 ], [ 82.540000640000073, 28.132494144000077 ], [ 82.535676953000063, 28.133677581000029 ], [ 82.532913327000074, 28.135653457000046 ], [ 82.52917782600008, 28.13533364400007 ], [ 82.52599764100006, 28.136722956000028 ], [ 82.524197701000048, 28.138600832000066 ], [ 82.522368578000055, 28.138984894000032 ], [ 82.518472077000069, 28.138945083000067 ], [ 82.517769766000072, 28.139677457000062 ], [ 82.520179265000081, 28.142845956000031 ], [ 82.521553015000052, 28.145418957000061 ], [ 82.521664827000052, 28.146891019000066 ], [ 82.518053702000032, 28.148564207000049 ], [ 82.513521952000076, 28.149103895000053 ], [ 82.512415265000072, 28.148812144000033 ], [ 82.509153765000065, 28.149990395000032 ], [ 82.505904139000052, 28.149751957000035 ], [ 82.504223016000083, 28.148377832000051 ], [ 82.503183077000074, 28.145257833000073 ], [ 82.502936327000043, 28.14211270800007 ], [ 82.499817389000043, 28.140077082000062 ], [ 82.497350015000052, 28.136596207000025 ], [ 82.497035640000036, 28.134765583000046 ], [ 82.494528765000041, 28.13618258300005 ], [ 82.492734889000076, 28.135699082000031 ], [ 82.491395577000048, 28.133538956000052 ], [ 82.488877265000042, 28.132422519000045 ], [ 82.48847538900003, 28.131199769000034 ], [ 82.486490201000038, 28.130352770000059 ], [ 82.484126202000084, 28.133735207000029 ], [ 82.483237703000043, 28.136760957000035 ], [ 82.483846451000034, 28.139890020000053 ], [ 82.481650890000083, 28.143787143000054 ], [ 82.479382515000054, 28.144159082000044 ], [ 82.477036327000064, 28.142661644000043 ], [ 82.47518601400003, 28.140155020000066 ], [ 82.471698764000053, 28.140255645000025 ], [ 82.468675577000056, 28.141731895000078 ], [ 82.466237328000034, 28.141494019000049 ], [ 82.461324577000084, 28.144395770000074 ], [ 82.459783139000081, 28.144655832000069 ], [ 82.456672014000048, 28.146326707000071 ], [ 82.449666326000056, 28.147513208000078 ], [ 82.447546888000034, 28.147431832000052 ], [ 82.439041390000057, 28.148920082000075 ], [ 82.432658576000051, 28.153902644000027 ], [ 82.429678015000036, 28.15496476800007 ], [ 82.427325264000046, 28.154382457000054 ], [ 82.424131015000057, 28.155076645000065 ], [ 82.420247639000081, 28.156549520000056 ], [ 82.415823576000037, 28.159453581000037 ], [ 82.410858328000074, 28.160806456000046 ], [ 82.405044702000055, 28.164112519000071 ], [ 82.401881703000072, 28.168018394000057 ], [ 82.39869182700005, 28.168750333000048 ], [ 82.40080245200005, 28.170571832000064 ], [ 82.400456265000059, 28.171599581000066 ], [ 82.402410201000066, 28.17530864500003 ], [ 82.402873701000033, 28.177219208000054 ], [ 82.401049765000039, 28.178853083000035 ], [ 82.40110951500003, 28.180016581000075 ], [ 82.403408764000062, 28.182905394000045 ], [ 82.405094202000043, 28.18421008100006 ], [ 82.404981077000059, 28.185928019000073 ], [ 82.403496640000071, 28.188172081000062 ], [ 82.402517952000039, 28.192441332000044 ], [ 82.403497328000071, 28.193629207000072 ], [ 82.403168015000062, 28.195861395000065 ], [ 82.403998139000066, 28.197125207000056 ], [ 82.403626202000055, 28.199206770000046 ], [ 82.404942202000029, 28.202037957000073 ], [ 82.404243015000077, 28.205726832000039 ], [ 82.406321702000071, 28.211408395000035 ], [ 82.405589766000048, 28.212936457000069 ], [ 82.407615702000044, 28.215503144000024 ], [ 82.408976326000072, 28.22093039400005 ], [ 82.416748577000078, 28.224545207000062 ], [ 82.419103453000048, 28.226955019000059 ], [ 82.419636388000072, 28.228923395000038 ], [ 82.421521390000066, 28.229842269000073 ], [ 82.424094265000065, 28.229617019000045 ], [ 82.426047140000037, 28.227920457000039 ], [ 82.426796078000052, 28.229124082000055 ], [ 82.429517514000054, 28.229912332000026 ], [ 82.430201640000064, 28.23098120700007 ], [ 82.430089266000039, 28.234781332000068 ], [ 82.428584078000085, 28.237815457000067 ], [ 82.42928626500003, 28.239608331000056 ], [ 82.43281251500008, 28.241843083000049 ], [ 82.434140015000082, 28.24186301900005 ], [ 82.436982889000035, 28.243371645000025 ], [ 82.438260390000039, 28.246063082000035 ], [ 82.439201202000049, 28.246502145000079 ], [ 82.438362703000053, 28.247665895000068 ], [ 82.435233577000076, 28.248808707000023 ], [ 82.431977389000053, 28.249454206000053 ], [ 82.430506951000041, 28.25138258100003 ], [ 82.428605640000058, 28.252192019000063 ], [ 82.426488389000042, 28.251083958000038 ], [ 82.423923327000068, 28.252565707000031 ], [ 82.420318076000058, 28.253751520000037 ], [ 82.41776976500006, 28.253089894000027 ], [ 82.415178764000075, 28.253723644000047 ], [ 82.41385370200004, 28.256410583000047 ], [ 82.412131515000056, 28.258115769000028 ], [ 82.409470203000069, 28.258937331000027 ], [ 82.40848795200003, 28.260440895000045 ], [ 82.405414452000059, 28.262139645000047 ], [ 82.405258577000041, 28.265017519000025 ], [ 82.402174452000054, 28.268496269000025 ], [ 82.401752764000037, 28.271516706000057 ], [ 82.400709452000058, 28.272165832000042 ], [ 82.397382702000073, 28.276946333000069 ], [ 82.397544014000061, 28.281882832000065 ], [ 82.397129703000076, 28.282798457000069 ], [ 82.393225078000057, 28.285170957000048 ], [ 82.388245889000075, 28.290730645000053 ], [ 82.385158015000059, 28.291898895000031 ], [ 82.384787077000055, 28.294059269000059 ], [ 82.383584078000069, 28.296131145000061 ], [ 82.384357764000072, 28.296926394000025 ], [ 82.382488265000063, 28.298612458000036 ], [ 82.378165640000077, 28.304517019000059 ], [ 82.377992826000082, 28.306587394000076 ], [ 82.379109765000067, 28.308200394000039 ], [ 82.379327953000029, 28.310591706000025 ], [ 82.378614828000082, 28.313948894000077 ], [ 82.376994452000076, 28.31620083200005 ], [ 82.37440276500007, 28.317566957000054 ], [ 82.370333889000051, 28.318850895000026 ], [ 82.365803639000035, 28.319002332000025 ], [ 82.366080451000073, 28.321661519000031 ], [ 82.368037202000039, 28.322708957000032 ], [ 82.369024702000047, 28.32476095800007 ], [ 82.368511889000047, 28.327222708000079 ], [ 82.36923345200006, 28.329809832000024 ], [ 82.366213765000055, 28.32968895700003 ], [ 82.365305076000084, 28.332454771000073 ], [ 82.366114452000033, 28.335232708000035 ], [ 82.364902641000072, 28.338967082000067 ], [ 82.365058078000061, 28.340707081000062 ], [ 82.367858890000036, 28.34381927000004 ], [ 82.372896076000075, 28.346026769000048 ], [ 82.374441764000039, 28.348134019000042 ], [ 82.378000076000035, 28.349541895000073 ], [ 82.381186576000061, 28.351618894000069 ], [ 82.381415952000054, 28.353234020000059 ], [ 82.380393327000036, 28.356483831000048 ], [ 82.37848101600008, 28.357651458000078 ], [ 82.378325890000042, 28.35887120600006 ], [ 82.380196390000037, 28.359939582000038 ], [ 82.38256264000006, 28.363590457000043 ], [ 82.384697140000071, 28.364556895000078 ], [ 82.385460890000047, 28.372692832000041 ], [ 82.384986703000038, 28.373498520000055 ], [ 82.379406515000085, 28.375720708000074 ], [ 82.377029203000063, 28.377199833000077 ], [ 82.37512470300004, 28.379450145000078 ], [ 82.373027952000029, 28.380935333000025 ], [ 82.370058515000039, 28.383945270000027 ], [ 82.368268203000071, 28.386911645000055 ], [ 82.365458077000085, 28.388189646000058 ], [ 82.364447640000037, 28.391910645000053 ], [ 82.364707703000079, 28.395282895000037 ], [ 82.365601077000065, 28.396857520000026 ], [ 82.367452015000083, 28.402422270000045 ], [ 82.366934515000082, 28.403747208000027 ], [ 82.364182640000081, 28.405331333000049 ], [ 82.362912015000063, 28.408019521000028 ], [ 82.358248702000083, 28.408589458000051 ], [ 82.355674890000046, 28.409794957000031 ], [ 82.354810453000084, 28.411344332000056 ], [ 82.355777328000045, 28.414783958000044 ], [ 82.353236578000065, 28.417802770000037 ], [ 82.352250265000066, 28.421760333000066 ], [ 82.353053078000073, 28.423796208000056 ], [ 82.359585953000078, 28.424337958000024 ], [ 82.36740664000007, 28.426098145000026 ], [ 82.36947507800005, 28.425513395000053 ], [ 82.371098077000056, 28.425952770000038 ], [ 82.37732907700007, 28.429386458000067 ], [ 82.378786087000037, 28.431177139000056 ], [ 82.378839493000044, 28.435773850000032 ], [ 82.377500534000035, 28.438444137000033 ], [ 82.377450943000042, 28.440355301000068 ], [ 82.375520706000032, 28.445905685000071 ], [ 82.375696577000042, 28.448185270000067 ], [ 82.381437301000062, 28.452974319000077 ], [ 82.38543807800005, 28.455916520000073 ], [ 82.388594328000067, 28.457564958000034 ], [ 82.393286765000084, 28.457999707000056 ], [ 82.397497953000084, 28.460316145000036 ], [ 82.398488998000062, 28.461866379000071 ], [ 82.397760391000077, 28.46653556800004 ], [ 82.398492327000042, 28.468803646000026 ], [ 82.402292252000052, 28.469697953000036 ], [ 82.403203964000056, 28.472505570000067 ], [ 82.405247993000046, 28.475537343000042 ], [ 82.407518387000039, 28.478075027000045 ], [ 82.408007578000081, 28.480523833000063 ], [ 82.407217026000069, 28.484327316000076 ], [ 82.407632828000033, 28.486471176000066 ], [ 82.408611015000076, 28.48751745800007 ], [ 82.411165237000034, 28.488382340000044 ], [ 82.413564682000072, 28.492544174000045 ], [ 82.413630140000066, 28.496360020000054 ], [ 82.411184311000056, 28.499486924000053 ], [ 82.411405563000073, 28.500001907000069 ], [ 82.409393453000064, 28.503597895000041 ], [ 82.410379577000072, 28.506790895000051 ], [ 82.412328890000083, 28.508092583000064 ], [ 82.412576675000082, 28.510183335000079 ], [ 82.413755417000061, 28.512845993000042 ], [ 82.416074753000032, 28.51321983400004 ], [ 82.417684828000063, 28.51661795800004 ], [ 82.418785078000042, 28.517386958000031 ], [ 82.41823387200003, 28.519498825000028 ], [ 82.418619640000031, 28.524343395000074 ], [ 82.420059105000064, 28.528634922000037 ], [ 82.422964703000048, 28.52707033300004 ], [ 82.424690515000066, 28.52700939500005 ], [ 82.426638016000084, 28.525901646000079 ], [ 82.429320953000058, 28.525535083000079 ], [ 82.43204382700003, 28.524443895000047 ], [ 82.434698105000052, 28.526025772000025 ], [ 82.43962026500003, 28.52561133200004 ], [ 82.443617015000029, 28.523633332000031 ], [ 82.446160828000075, 28.522773895000057 ], [ 82.449689203000048, 28.52298664500006 ], [ 82.461721140000066, 28.520872583000028 ], [ 82.465175672000044, 28.521333012000071 ], [ 82.46846645200003, 28.525410708000038 ], [ 82.471559524000043, 28.526453018000041 ], [ 82.474908765000066, 28.529200583000033 ], [ 82.476553516000081, 28.528855645000078 ], [ 82.481252891000054, 28.530182708000041 ], [ 82.482926328000076, 28.531211145000043 ], [ 82.48645607800006, 28.535316395000052 ], [ 82.492907328000058, 28.537979646000053 ], [ 82.494859695000059, 28.539949417000059 ], [ 82.495961958000066, 28.543806523000057 ], [ 82.493734360000076, 28.548334121000039 ], [ 82.493570328000033, 28.551282882000066 ], [ 82.494076550000045, 28.552494823000075 ], [ 82.496992203000048, 28.553702458000032 ], [ 82.50168470300008, 28.553877333000059 ], [ 82.50825689100003, 28.552093271000047 ], [ 82.510918952000054, 28.551109646000043 ], [ 82.51640892000006, 28.552782059000037 ], [ 82.518673952000086, 28.554467583000076 ], [ 82.522089203000064, 28.553652145000058 ], [ 82.523878097000079, 28.554292679000071 ], [ 82.524378265000053, 28.555910270000027 ], [ 82.528238891000058, 28.558070333000046 ], [ 82.530950078000046, 28.558120020000047 ], [ 82.533650890000047, 28.556087457000046 ], [ 82.536461891000044, 28.554552271000034 ], [ 82.537720577000073, 28.552467959000069 ], [ 82.537742578000064, 28.548398770000063 ], [ 82.537212515000078, 28.545652270000062 ], [ 82.537261516000058, 28.542221771000072 ], [ 82.542814203000034, 28.538110520000032 ], [ 82.544616703000031, 28.531705334000037 ], [ 82.545663891000061, 28.529925458000037 ], [ 82.546186447000082, 28.526372908000042 ], [ 82.54687195300005, 28.525489958000037 ], [ 82.550051703000065, 28.52427877100007 ], [ 82.554245016000039, 28.52363770900007 ], [ 82.560892703000036, 28.523313520000045 ], [ 82.563921703000062, 28.522138709000046 ], [ 82.566587453000068, 28.521614208000074 ], [ 82.568497203000049, 28.520515459000023 ], [ 82.570656515000053, 28.517506396000044 ], [ 82.575597702000039, 28.515920584000071 ], [ 82.578493141000081, 28.513938708000069 ], [ 82.582428265000033, 28.513580520000062 ], [ 82.586809703000085, 28.512647146000063 ], [ 82.590106203000062, 28.514337209000075 ], [ 82.593794765000041, 28.512563959000033 ], [ 82.596196078000048, 28.51093527200004 ], [ 82.599750891000042, 28.506755833000057 ], [ 82.602636337000035, 28.506849289000058 ], [ 82.607099443000038, 28.509649229000047 ], [ 82.613035202000049, 28.509546280000052 ], [ 82.61581489100007, 28.510610958000029 ], [ 82.617507578000072, 28.508970145000035 ], [ 82.619592828000066, 28.508605583000076 ], [ 82.624016015000052, 28.506579583000075 ], [ 82.625999390000061, 28.504167895000023 ], [ 82.62872245300008, 28.503326895000043 ], [ 82.629927265000049, 28.502041895000048 ], [ 82.63511085500005, 28.500642776000063 ], [ 82.636847765000084, 28.499275895000039 ], [ 82.639847828000086, 28.498053958000071 ], [ 82.642546328000037, 28.494846020000068 ], [ 82.646180765000054, 28.494543895000049 ], [ 82.648594266000032, 28.49389345700007 ], [ 82.655945265000071, 28.49365277000004 ], [ 82.659221953000042, 28.492660957000055 ], [ 82.660722703000033, 28.497119833000056 ], [ 82.661801141000069, 28.498804270000051 ], [ 82.66772689000004, 28.502196645000026 ], [ 82.669454702000053, 28.50195414600006 ], [ 82.670376202000057, 28.504686020000065 ], [ 82.672110891000045, 28.507752896000056 ], [ 82.674222766000071, 28.510194145000071 ], [ 82.677627390000055, 28.512636520000058 ], [ 82.682905077000044, 28.515180520000058 ], [ 82.683600391000084, 28.51731452000007 ], [ 82.687078515000053, 28.515566083000067 ], [ 82.688328703000082, 28.515544333000037 ], [ 82.684032391000073, 28.519732520000048 ], [ 82.687065641000061, 28.522509520000028 ], [ 82.689114141000061, 28.523697833000028 ], [ 82.692070265000041, 28.522241957000062 ], [ 82.694142516000056, 28.522056646000067 ], [ 82.696281891000069, 28.520457458000067 ], [ 82.696311516000037, 28.51748002100004 ], [ 82.692718203000084, 28.513407520000044 ], [ 82.692508765000071, 28.511833145000026 ], [ 82.696897328000034, 28.51223845800007 ], [ 82.69941089100007, 28.511427833000027 ], [ 82.704838953000035, 28.509045646000061 ], [ 82.707817078000062, 28.510053083000059 ], [ 82.712976266000055, 28.514126458000078 ], [ 82.715955453000049, 28.518594208000025 ], [ 82.720480953000049, 28.521973395000032 ], [ 82.723317828000063, 28.522162520000052 ], [ 82.725598578000074, 28.523433707000038 ], [ 82.727424328000041, 28.523534270000027 ], [ 82.732541453000067, 28.525689083000032 ], [ 82.737275453000052, 28.526464083000064 ], [ 82.739921140000035, 28.526310458000069 ], [ 82.744330078000075, 28.524882708000064 ], [ 82.744151015000057, 28.521725083000035 ], [ 82.744786078000061, 28.518676458000073 ], [ 82.743388765000077, 28.515160083000069 ], [ 82.744601953000085, 28.51223189500007 ], [ 82.747002828000063, 28.510144770000068 ], [ 82.750517453000043, 28.508904833000031 ], [ 82.753918953000039, 28.505597333000026 ], [ 82.755166828000085, 28.505062833000068 ], [ 82.759363203000078, 28.505969707000077 ], [ 82.765632891000052, 28.501632271000062 ], [ 82.769152765000058, 28.500667083000053 ], [ 82.774017078000043, 28.500090645000057 ], [ 82.778047265000055, 28.500095395000073 ], [ 82.782302453000057, 28.499136083000053 ], [ 82.785774390000086, 28.49911720800003 ], [ 82.790400328000032, 28.500722520000068 ], [ 82.792629828000031, 28.500471645000061 ], [ 82.795360328000072, 28.498294082000029 ], [ 82.797380953000072, 28.498214958000062 ], [ 82.80017020300005, 28.496673958000031 ], [ 82.802193265000085, 28.496405333000041 ], [ 82.803561890000083, 28.495061582000062 ], [ 82.807664141000032, 28.493299645000036 ], [ 82.811558078000076, 28.492855458000065 ], [ 82.812490765000064, 28.490113646000054 ], [ 82.814462766000076, 28.488603583000042 ], [ 82.816815516000077, 28.487631457000077 ], [ 82.819847640000035, 28.487389333000067 ], [ 82.822046890000081, 28.486700083000073 ], [ 82.826134828000079, 28.484213271000044 ], [ 82.82822320300005, 28.48381164500006 ], [ 82.830394140000067, 28.481768396000064 ], [ 82.831596516000047, 28.479849895000029 ], [ 82.834880203000068, 28.478102646000025 ], [ 82.837265891000072, 28.477874958000029 ], [ 82.843315265000058, 28.478348395000069 ], [ 82.845967328000086, 28.479307145000064 ], [ 82.849328140000068, 28.478248271000041 ], [ 82.85139139100005, 28.478055895000068 ], [ 82.853531016000034, 28.478743957000063 ], [ 82.855387891000078, 28.477766958000075 ], [ 82.857825391000063, 28.47824545800006 ], [ 82.859630890000062, 28.477800396000077 ], [ 82.863159391000067, 28.478382645000067 ], [ 82.865268703000083, 28.479374833000065 ], [ 82.869641641000044, 28.479257833000077 ], [ 82.871192578000034, 28.478621020000048 ], [ 82.873154640000052, 28.477644645000055 ], [ 82.876039953000031, 28.477366207000046 ], [ 82.879203390000043, 28.476291457000059 ], [ 82.881247827000038, 28.476209020000056 ], [ 82.880668141000058, 28.473253394000039 ], [ 82.88236226500004, 28.47054664500007 ], [ 82.882548890000066, 28.467947020000054 ], [ 82.884762015000035, 28.466072458000042 ], [ 82.884806514000047, 28.461136707000037 ], [ 82.887317953000036, 28.457389771000067 ], [ 82.88856239100005, 28.456513395000059 ], [ 82.888286828000048, 28.45231952000006 ], [ 82.89092970300004, 28.450376082000048 ], [ 82.892093516000045, 28.450241206000044 ], [ 82.895977078000044, 28.44757233200005 ], [ 82.901002639000069, 28.447807020000027 ], [ 82.902605702000074, 28.447222207000038 ], [ 82.904187578000062, 28.445621833000075 ], [ 82.908007766000082, 28.442893456000036 ], [ 82.909603078000032, 28.439630582000063 ], [ 82.912296015000038, 28.436308707000023 ], [ 82.916188452000085, 28.434194332000061 ], [ 82.915252265000049, 28.431712019000031 ], [ 82.915295952000065, 28.42964820800006 ], [ 82.914201141000035, 28.427545833000067 ], [ 82.916100890000052, 28.423100832000046 ], [ 82.91741720300007, 28.421899832000065 ], [ 82.920146890000069, 28.418066019000037 ], [ 82.920545952000055, 28.416523832000053 ], [ 82.92025420300007, 28.412390771000048 ], [ 82.921150890000035, 28.409022832000062 ], [ 82.92025026500005, 28.406082894000065 ], [ 82.917860139000084, 28.40330933100006 ], [ 82.919790828000032, 28.401756771000066 ], [ 82.924650016000044, 28.401113896000027 ], [ 82.929342764000069, 28.402075831000047 ], [ 82.93149457700008, 28.401197081000078 ], [ 82.935134515000072, 28.401144332000058 ], [ 82.937849640000081, 28.401975457000049 ], [ 82.93968213900007, 28.400938458000041 ], [ 82.940300578000063, 28.398369144000071 ], [ 82.943775952000067, 28.398757082000031 ], [ 82.945570703000044, 28.398292707000053 ], [ 82.944081077000078, 28.394619645000034 ], [ 82.944606015000033, 28.393234020000079 ], [ 82.947848703000034, 28.391461019000076 ], [ 82.949211891000061, 28.387112896000076 ], [ 82.952288704000068, 28.384054832000061 ], [ 82.950172829000053, 28.380503332000046 ], [ 82.950070765000078, 28.378266833000055 ], [ 82.951175016000036, 28.375938081000072 ], [ 82.953052265000053, 28.373849894000045 ], [ 82.956662202000075, 28.372142708000069 ], [ 82.958313328000031, 28.366808520000063 ], [ 82.958682328000066, 28.364286832000062 ], [ 82.957746703000055, 28.361364832000049 ], [ 82.956694453000068, 28.360007707000079 ], [ 82.954082391000043, 28.360238082000023 ], [ 82.948545203000037, 28.362431269000069 ], [ 82.946809266000059, 28.361908020000044 ], [ 82.942867078000063, 28.361809832000063 ], [ 82.940778891000036, 28.359386394000069 ], [ 82.937802078000061, 28.35493914500006 ], [ 82.934406515000035, 28.351206020000063 ], [ 82.932671139000036, 28.350745707000044 ], [ 82.929290766000065, 28.348485770000025 ], [ 82.928434078000066, 28.344943831000023 ], [ 82.927130328000032, 28.343322770000043 ], [ 82.928210014000058, 28.340969207000057 ], [ 82.926691952000056, 28.336003019000032 ], [ 82.92703007800003, 28.333027707000042 ], [ 82.924543453000069, 28.329118707000077 ], [ 82.923492078000038, 28.324460708000061 ], [ 82.922341577000054, 28.321550458000047 ], [ 82.920087328000079, 28.31891102000003 ], [ 82.916446578000034, 28.317839895000077 ], [ 82.914239390000034, 28.315293331000078 ], [ 82.90914420200005, 28.312089770000057 ], [ 82.906056016000036, 28.310829321000028 ], [ 82.903901265000059, 28.307655270000055 ], [ 82.903280640000048, 28.304200770000023 ], [ 82.902134640000043, 28.30135795800004 ], [ 82.902274266000063, 28.299734770000043 ], [ 82.900861766000048, 28.298435207000068 ], [ 82.89862501600004, 28.297564395000052 ], [ 82.89625678200008, 28.294721596000045 ], [ 82.893752766000034, 28.295354707000058 ], [ 82.892149577000055, 28.295007894000037 ], [ 82.889697516000069, 28.293099583000071 ], [ 82.888755391000075, 28.290950958000053 ], [ 82.890977953000061, 28.28588389600003 ], [ 82.891075578000084, 28.279876895000029 ], [ 82.890714015000071, 28.276981707000061 ], [ 82.888892016000057, 28.275859145000027 ], [ 82.887551328000086, 28.273301207000031 ], [ 82.88532626500006, 28.270880395000063 ], [ 82.880948516000046, 28.267665833000024 ], [ 82.879460141000038, 28.267901770000037 ], [ 82.876408703000038, 28.265943333000052 ], [ 82.874507578000078, 28.263775396000028 ], [ 82.87125145300007, 28.263304145000063 ], [ 82.865942398000072, 28.259226206000051 ], [ 82.862846829000034, 28.25745895700004 ], [ 82.857869328000049, 28.257712957000024 ], [ 82.855242015000044, 28.256369020000079 ], [ 82.850720953000064, 28.255884395000066 ], [ 82.850321953000048, 28.254811645000075 ], [ 82.851899203000073, 28.249753332000068 ], [ 82.851933953000071, 28.246922333000043 ], [ 82.853197203000036, 28.243986520000078 ], [ 82.854799391000086, 28.238474957000051 ], [ 82.85428320300008, 28.235377645000028 ], [ 82.852350140000055, 28.232405957000026 ], [ 82.847952016000079, 28.232493082000076 ], [ 82.843881607000071, 28.231840133000048 ], [ 82.840776078000033, 28.230941207000058 ], [ 82.838755391000063, 28.228349895000065 ], [ 82.838555265000082, 28.226189207000061 ], [ 82.835634231000085, 28.223516464000056 ], [ 82.833178203000045, 28.221915645000024 ], [ 82.831324828000049, 28.219898707000027 ], [ 82.828200265000078, 28.218658208000079 ], [ 82.824246765000055, 28.216284770000073 ], [ 82.81945070300003, 28.214747707000072 ], [ 82.818452390000061, 28.213290770000071 ], [ 82.82086589000005, 28.211757145000036 ], [ 82.821283015000063, 28.210364270000071 ], [ 82.82497251500007, 28.207424833000061 ], [ 82.826703640000062, 28.20542727000003 ], [ 82.826612517000058, 28.203247207000061 ], [ 82.827408828000046, 28.19956314500007 ], [ 82.826987829000075, 28.198354770000037 ], [ 82.823769703000039, 28.195545458000026 ], [ 82.822401640000066, 28.194985520000046 ], [ 82.820486953000056, 28.192812270000047 ], [ 82.817196453000065, 28.187937895000061 ], [ 82.816150703000062, 28.187283645000036 ], [ 82.814140953000049, 28.186564582000074 ], [ 82.806680679000067, 28.186254501000064 ], [ 82.801251078000064, 28.186677958000075 ], [ 82.795016454000063, 28.188457333000031 ], [ 82.793939703000035, 28.186214395000036 ], [ 82.792256703000078, 28.184733145000052 ], [ 82.790566140000067, 28.181663582000056 ], [ 82.789964828000052, 28.17909764500007 ], [ 82.788540892000071, 28.177713392000044 ], [ 82.784708023000064, 28.177824021000049 ], [ 82.781991958000049, 28.177499771000043 ], [ 82.77825101600007, 28.179140270000062 ], [ 82.774713645000077, 28.179632170000048 ], [ 82.770294141000079, 28.180693333000079 ], [ 82.768047204000084, 28.180488145000027 ], [ 82.766405106000036, 28.179582596000046 ], [ 82.762975694000033, 28.180208206000032 ], [ 82.759997891000069, 28.179763520000051 ], [ 82.758197390000078, 28.182057333000046 ], [ 82.755826950000085, 28.188241959000038 ], [ 82.754476547000081, 28.190275192000058 ], [ 82.751111984000033, 28.192598343000043 ], [ 82.748240703000079, 28.19236008200005 ], [ 82.747262955000053, 28.193189621000045 ], [ 82.747963828000081, 28.196235645000058 ], [ 82.744264603000033, 28.197984696000049 ], [ 82.742807388000074, 28.200094223000065 ], [ 82.73711204500006, 28.200929641000073 ], [ 82.735261917000059, 28.206823349000047 ], [ 82.734430313000075, 28.207403183000054 ], [ 82.730325699000048, 28.206121445000065 ], [ 82.728044509000085, 28.207880020000061 ], [ 82.720777511000051, 28.208665848000066 ], [ 82.718976975000032, 28.209180832000072 ], [ 82.714244078000036, 28.209601020000036 ], [ 82.710959016000061, 28.208349582000039 ], [ 82.706754684000032, 28.207490921000044 ], [ 82.702945953000039, 28.209496708000074 ], [ 82.699301203000061, 28.210698270000023 ], [ 82.698413390000042, 28.210114520000047 ], [ 82.698109516000045, 28.20776545800004 ], [ 82.697172015000035, 28.206610520000027 ], [ 82.698602265000034, 28.205566083000065 ], [ 82.698321953000061, 28.203505958000051 ], [ 82.692602328000078, 28.199668145000032 ], [ 82.691988391000052, 28.198586209000041 ], [ 82.691213141000048, 28.194470645000024 ], [ 82.689231578000033, 28.192179895000038 ], [ 82.687175953000065, 28.186874457000044 ], [ 82.685574515000042, 28.185625206000054 ], [ 82.683885781000072, 28.186578503000078 ], [ 82.683645248000062, 28.188261032000071 ], [ 82.684244156000034, 28.19243812600007 ], [ 82.680607577000046, 28.191972958000065 ], [ 82.674407515000041, 28.190570770000079 ], [ 82.671880828000042, 28.191453208000041 ], [ 82.669672140000046, 28.189577333000045 ], [ 82.667107328000043, 28.188699645000042 ], [ 82.665269641000066, 28.189441958000032 ], [ 82.664253203000044, 28.190808208000078 ], [ 82.659834452000041, 28.190618332000042 ], [ 82.654463453000062, 28.187091520000024 ], [ 82.651737453000067, 28.18675333300007 ], [ 82.65054295300007, 28.185081208000042 ], [ 82.644759140000076, 28.18319445800006 ], [ 82.643322828000066, 28.183166708000044 ], [ 82.641869391000057, 28.181243770000037 ], [ 82.638650578000068, 28.180884708000065 ], [ 82.637572453000075, 28.180165582000029 ], [ 82.633259577000047, 28.179698457000029 ], [ 82.626535391000061, 28.178004644000055 ], [ 82.626759952000043, 28.176721020000059 ] ] ] } },
{ "type": "Feature", "properties": { "DISTRICT": "RUKUM_E", "STATE_CODE": 5, "PR_NAME": "Lumbini Province" }, "geometry": { "type": "Polygon", "coordinates": [ [ [ 82.883367265000061, 28.511825583000075 ], [ 82.889029453000035, 28.50710970800003 ], [ 82.890334640000049, 28.506490958000029 ], [ 82.890676641000084, 28.504165583000031 ], [ 82.892018203000077, 28.500429333000056 ], [ 82.894349203000047, 28.49642364500005 ], [ 82.896271578000039, 28.494122395000034 ], [ 82.900730890000034, 28.489851895000072 ], [ 82.902707953000061, 28.488870707000046 ], [ 82.907621641000048, 28.483518458000049 ], [ 82.911367391000056, 28.482199458000025 ], [ 82.913526703000059, 28.48076158300006 ], [ 82.913756578000061, 28.478261583000062 ], [ 82.908471141000064, 28.47561808200004 ], [ 82.905901390000054, 28.475331208000057 ], [ 82.902459266000051, 28.475601270000027 ], [ 82.899692953000056, 28.47636177000004 ], [ 82.895691265000039, 28.478477020000071 ], [ 82.893444953000085, 28.478937020000046 ], [ 82.890782328000057, 28.478759645000025 ], [ 82.888722328000085, 28.479527895000047 ], [ 82.884962578000057, 28.478396208000049 ], [ 82.881247827000038, 28.476209020000056 ], [ 82.879203390000043, 28.476291457000059 ], [ 82.876039953000031, 28.477366207000046 ], [ 82.873154640000052, 28.477644645000055 ], [ 82.871192578000034, 28.478621020000048 ], [ 82.869641641000044, 28.479257833000077 ], [ 82.865268703000083, 28.479374833000065 ], [ 82.863159391000067, 28.478382645000067 ], [ 82.859630890000062, 28.477800396000077 ], [ 82.857825391000063, 28.47824545800006 ], [ 82.855387891000078, 28.477766958000075 ], [ 82.853531016000034, 28.478743957000063 ], [ 82.85139139100005, 28.478055895000068 ], [ 82.849328140000068, 28.478248271000041 ], [ 82.845967328000086, 28.479307145000064 ], [ 82.843315265000058, 28.478348395000069 ], [ 82.837265891000072, 28.477874958000029 ], [ 82.834880203000068, 28.478102646000025 ], [ 82.831596516000047, 28.479849895000029 ], [ 82.830394140000067, 28.481768396000064 ], [ 82.82822320300005, 28.48381164500006 ], [ 82.826134828000079, 28.484213271000044 ], [ 82.822046890000081, 28.486700083000073 ], [ 82.819847640000035, 28.487389333000067 ], [ 82.816815516000077, 28.487631457000077 ], [ 82.814462766000076, 28.488603583000042 ], [ 82.812490765000064, 28.490113646000054 ], [ 82.811558078000076, 28.492855458000065 ], [ 82.807664141000032, 28.493299645000036 ], [ 82.803561890000083, 28.495061582000062 ], [ 82.802193265000085, 28.496405333000041 ], [ 82.80017020300005, 28.496673958000031 ], [ 82.797380953000072, 28.498214958000062 ], [ 82.795360328000072, 28.498294082000029 ], [ 82.792629828000031, 28.500471645000061 ], [ 82.790400328000032, 28.500722520000068 ], [ 82.785774390000086, 28.49911720800003 ], [ 82.782302453000057, 28.499136083000053 ], [ 82.778047265000055, 28.500095395000073 ], [ 82.774017078000043, 28.500090645000057 ], [ 82.769152765000058, 28.500667083000053 ], [ 82.765632891000052, 28.501632271000062 ], [ 82.759363203000078, 28.505969707000077 ], [ 82.755166828000085, 28.505062833000068 ], [ 82.753918953000039, 28.505597333000026 ], [ 82.750517453000043, 28.508904833000031 ], [ 82.747002828000063, 28.510144770000068 ], [ 82.744601953000085, 28.51223189500007 ], [ 82.743388765000077, 28.515160083000069 ], [ 82.744786078000061, 28.518676458000073 ], [ 82.744151015000057, 28.521725083000035 ], [ 82.744330078000075, 28.524882708000064 ], [ 82.739921140000035, 28.526310458000069 ], [ 82.737275453000052, 28.526464083000064 ], [ 82.732541453000067, 28.525689083000032 ], [ 82.727424328000041, 28.523534270000027 ], [ 82.725598578000074, 28.523433707000038 ], [ 82.723317828000063, 28.522162520000052 ], [ 82.720480953000049, 28.521973395000032 ], [ 82.715955453000049, 28.518594208000025 ], [ 82.712976266000055, 28.514126458000078 ], [ 82.707817078000062, 28.510053083000059 ], [ 82.704838953000035, 28.509045646000061 ], [ 82.69941089100007, 28.511427833000027 ], [ 82.696897328000034, 28.51223845800007 ], [ 82.692508765000071, 28.511833145000026 ], [ 82.692718203000084, 28.513407520000044 ], [ 82.696311516000037, 28.51748002100004 ], [ 82.696281891000069, 28.520457458000067 ], [ 82.694142516000056, 28.522056646000067 ], [ 82.692070265000041, 28.522241957000062 ], [ 82.689114141000061, 28.523697833000028 ], [ 82.687065641000061, 28.522509520000028 ], [ 82.684032391000073, 28.519732520000048 ], [ 82.688328703000082, 28.515544333000037 ], [ 82.687078515000053, 28.515566083000067 ], [ 82.683600391000084, 28.51731452000007 ], [ 82.682905077000044, 28.515180520000058 ], [ 82.677627390000055, 28.512636520000058 ], [ 82.674222766000071, 28.510194145000071 ], [ 82.672110891000045, 28.507752896000056 ], [ 82.670376202000057, 28.504686020000065 ], [ 82.669454702000053, 28.50195414600006 ], [ 82.66772689000004, 28.502196645000026 ], [ 82.661801141000069, 28.498804270000051 ], [ 82.660722703000033, 28.497119833000056 ], [ 82.659221953000042, 28.492660957000055 ], [ 82.655945265000071, 28.49365277000004 ], [ 82.648594266000032, 28.49389345700007 ], [ 82.646180765000054, 28.494543895000049 ], [ 82.642546328000037, 28.494846020000068 ], [ 82.639847828000086, 28.498053958000071 ], [ 82.636847765000084, 28.499275895000039 ], [ 82.63511085500005, 28.500642776000063 ], [ 82.629927265000049, 28.502041895000048 ], [ 82.62872245300008, 28.503326895000043 ], [ 82.625999390000061, 28.504167895000023 ], [ 82.624016015000052, 28.506579583000075 ], [ 82.619592828000066, 28.508605583000076 ], [ 82.617507578000072, 28.508970145000035 ], [ 82.61581489100007, 28.510610958000029 ], [ 82.613035202000049, 28.509546280000052 ], [ 82.607099443000038, 28.509649229000047 ], [ 82.602636337000035, 28.506849289000058 ], [ 82.599750891000042, 28.506755833000057 ], [ 82.596196078000048, 28.51093527200004 ], [ 82.593794765000041, 28.512563959000033 ], [ 82.590106203000062, 28.514337209000075 ], [ 82.586809703000085, 28.512647146000063 ], [ 82.582428265000033, 28.513580520000062 ], [ 82.578493141000081, 28.513938708000069 ], [ 82.575597702000039, 28.515920584000071 ], [ 82.570656515000053, 28.517506396000044 ], [ 82.568497203000049, 28.520515459000023 ], [ 82.566587453000068, 28.521614208000074 ], [ 82.563921703000062, 28.522138709000046 ], [ 82.560892703000036, 28.523313520000045 ], [ 82.554245016000039, 28.52363770900007 ], [ 82.550051703000065, 28.52427877100007 ], [ 82.54687195300005, 28.525489958000037 ], [ 82.546186447000082, 28.526372908000042 ], [ 82.545663891000061, 28.529925458000037 ], [ 82.544616703000031, 28.531705334000037 ], [ 82.542814203000034, 28.538110520000032 ], [ 82.537261516000058, 28.542221771000072 ], [ 82.537212515000078, 28.545652270000062 ], [ 82.537742578000064, 28.548398770000063 ], [ 82.537720577000073, 28.552467959000069 ], [ 82.536461891000044, 28.554552271000034 ], [ 82.533650890000047, 28.556087457000046 ], [ 82.530950078000046, 28.558120020000047 ], [ 82.532020327000055, 28.56122877100006 ], [ 82.53216195300007, 28.563729647000059 ], [ 82.535167140000055, 28.566471396000054 ], [ 82.536237890000052, 28.56967714600006 ], [ 82.537470453000083, 28.570838582000079 ], [ 82.543804266000052, 28.571770708000031 ], [ 82.546093577000079, 28.572907333000046 ], [ 82.54904282800004, 28.576636146000055 ], [ 82.553257703000043, 28.579309146000071 ], [ 82.555854765000049, 28.581513646000076 ], [ 82.558795453000073, 28.579514708000033 ], [ 82.561984640000048, 28.579670333000024 ], [ 82.568760141000041, 28.577673458000049 ], [ 82.574538265000058, 28.578505770000049 ], [ 82.577021265000042, 28.579506396000056 ], [ 82.578895828000043, 28.583545833000073 ], [ 82.581918203000043, 28.585458770000059 ], [ 82.582894266000039, 28.587095396000052 ], [ 82.58233995300003, 28.588835583000048 ], [ 82.581049453000048, 28.589699646000042 ], [ 82.583105641000031, 28.591846083000064 ], [ 82.582394953000062, 28.598091708000027 ], [ 82.582918266000036, 28.599692021000067 ], [ 82.580598265000049, 28.602070208000043 ], [ 82.582215890000043, 28.608189020000054 ], [ 82.582511141000055, 28.612311146000025 ], [ 82.57965082700008, 28.614424208000059 ], [ 82.576730578000081, 28.611898770000039 ], [ 82.569929390000084, 28.609487895000029 ], [ 82.567279828000039, 28.610321646000045 ], [ 82.563138390000063, 28.609957458000054 ], [ 82.560899515000074, 28.61099845800004 ], [ 82.556339077000075, 28.614284020000071 ], [ 82.555328953000071, 28.615358270000058 ], [ 82.553173516000072, 28.615614958000037 ], [ 82.547791203000031, 28.618235021000032 ], [ 82.548165016000041, 28.620542145000059 ], [ 82.551244515000064, 28.625447521000069 ], [ 82.550277453000035, 28.626747833000024 ], [ 82.54849151500008, 28.627170833000037 ], [ 82.545972578000033, 28.626467083000023 ], [ 82.545052078000083, 28.62487145800003 ], [ 82.545216828000036, 28.622425708000037 ], [ 82.541978765000067, 28.620626895000044 ], [ 82.539333702000079, 28.622168395000074 ], [ 82.535848765000082, 28.623407583000073 ], [ 82.530037703000062, 28.624562770000068 ], [ 82.526377515000036, 28.624791458000061 ], [ 82.520304515000078, 28.624441020000063 ], [ 82.516852078000056, 28.62530339500006 ], [ 82.512637453000082, 28.627336958000058 ], [ 82.510377953000045, 28.627607646000058 ], [ 82.50797282800005, 28.630940020000025 ], [ 82.50100389000005, 28.633818083000051 ], [ 82.499585203000038, 28.634968771000047 ], [ 82.496220203000064, 28.636178958000073 ], [ 82.490967390000037, 28.63960245800007 ], [ 82.487703516000067, 28.640518083000075 ], [ 82.488647203000085, 28.641973895000035 ], [ 82.490485140000033, 28.646999833000052 ], [ 82.492753453000034, 28.651019333000079 ], [ 82.492933890000074, 28.653239270000029 ], [ 82.49135401500007, 28.655494396000051 ], [ 82.491823203000081, 28.659190833000025 ], [ 82.496201828000039, 28.662397583000029 ], [ 82.500379577000047, 28.661615333000043 ], [ 82.501715828000044, 28.662340708000045 ], [ 82.502687265000077, 28.664329708000025 ], [ 82.503291516000047, 28.667634270000065 ], [ 82.506515016000037, 28.66261927000005 ], [ 82.508020015000056, 28.661661396000056 ], [ 82.510407452000038, 28.661331271000051 ], [ 82.514729203000059, 28.659391458000073 ], [ 82.516880516000072, 28.659654146000037 ], [ 82.519161577000034, 28.661082208000039 ], [ 82.523440390000076, 28.659256645000028 ], [ 82.524535765000053, 28.657150458000046 ], [ 82.527007390000051, 28.654966708000075 ], [ 82.529760015000079, 28.654653770000039 ], [ 82.535691640000039, 28.649823020000042 ], [ 82.538251391000074, 28.650085270000034 ], [ 82.540678640000067, 28.647059396000031 ], [ 82.542743703000042, 28.646425208000039 ], [ 82.544186515000035, 28.646918958000072 ], [ 82.546553703000029, 28.646209020000072 ], [ 82.54956739000005, 28.646166896000068 ], [ 82.555614641000034, 28.64476527000005 ], [ 82.557724140000062, 28.644895958000063 ], [ 82.562591828000052, 28.646436521000055 ], [ 82.566309765000085, 28.650971708000043 ], [ 82.568728578000048, 28.653047770000057 ], [ 82.571662703000072, 28.65426302000003 ], [ 82.576738578000061, 28.658548271000029 ], [ 82.580719453000086, 28.664477646000023 ], [ 82.583048890000043, 28.665043395000055 ], [ 82.588609390000045, 28.663777333000041 ], [ 82.591210953000029, 28.664939083000036 ], [ 82.594353765000051, 28.667570396000031 ], [ 82.597381641000084, 28.667394270000045 ], [ 82.600026390000039, 28.668382583000039 ], [ 82.601749890000065, 28.670270458000061 ], [ 82.601349016000086, 28.672792770000058 ], [ 82.602928015000032, 28.676610083000071 ], [ 82.601677140000049, 28.68234039500004 ], [ 82.602112265000073, 28.684154020000051 ], [ 82.604180453000083, 28.686232708000034 ], [ 82.606073328000036, 28.687145395000073 ], [ 82.608329516000083, 28.687276895000025 ], [ 82.616604265000035, 28.688735520000023 ], [ 82.617810078000048, 28.689668208000057 ], [ 82.617836577000048, 28.691349020000075 ], [ 82.616747327000041, 28.693392896000034 ], [ 82.614348203000077, 28.695745958000032 ], [ 82.615518141000052, 28.698972396000045 ], [ 82.614988203000053, 28.701040146000025 ], [ 82.61617870300006, 28.703752396000027 ], [ 82.617295141000056, 28.709448396000028 ], [ 82.615118703000064, 28.712304458000062 ], [ 82.613168702000053, 28.713189083000032 ], [ 82.607656640000073, 28.714774646000023 ], [ 82.607066578000058, 28.71701308300004 ], [ 82.605120328000055, 28.727358270000025 ], [ 82.605092141000057, 28.730759708000051 ], [ 82.60358995200005, 28.734407521000037 ], [ 82.604305015000079, 28.73662102000003 ], [ 82.603324265000083, 28.742787145000079 ], [ 82.597506140000064, 28.743732958000066 ], [ 82.596447265000052, 28.742093333000071 ], [ 82.593836578000037, 28.740437521000047 ], [ 82.591960390000054, 28.739869896000073 ], [ 82.588361328000076, 28.739990208000052 ], [ 82.583556765000083, 28.741106208000076 ], [ 82.581311891000041, 28.741116520000048 ], [ 82.576864015000069, 28.740433645000053 ], [ 82.57481389000003, 28.740901521000069 ], [ 82.571774203000075, 28.743646271000046 ], [ 82.56963839000008, 28.744668083000079 ], [ 82.567931827000052, 28.743799583000055 ], [ 82.567332140000076, 28.747314458000062 ], [ 82.568436765000058, 28.749886395000033 ], [ 82.568925265000075, 28.753839145000029 ], [ 82.568456641000068, 28.757463646000076 ], [ 82.565614828000037, 28.758581708000065 ], [ 82.565177328000061, 28.760600458000056 ], [ 82.566792578000047, 28.763748521000025 ], [ 82.56598839000003, 28.765664146000063 ], [ 82.563827765000042, 28.767874333000066 ], [ 82.567851578000045, 28.766929083000036 ], [ 82.569253703000072, 28.768259021000063 ], [ 82.569503015000066, 28.770485833000066 ], [ 82.571672702000058, 28.771174208000048 ], [ 82.573593890000041, 28.77376152100004 ], [ 82.576467765000075, 28.775752083000043 ], [ 82.579055140000037, 28.776404145000072 ], [ 82.581321016000061, 28.779085271000042 ], [ 82.583357640000031, 28.780615708000028 ], [ 82.588208578000035, 28.781489833000023 ], [ 82.589695390000031, 28.783152083000061 ], [ 82.590100203000077, 28.784775896000042 ], [ 82.59146245200003, 28.785945083000058 ], [ 82.591193515000043, 28.789255895000053 ], [ 82.593567828000062, 28.791507083000056 ], [ 82.596661515000051, 28.79127539600006 ], [ 82.598141578000082, 28.791902083000025 ], [ 82.601210390000062, 28.794564083000068 ], [ 82.602210890000038, 28.795968458000061 ], [ 82.605038766000064, 28.797985021000045 ], [ 82.607273516000078, 28.801139083000066 ], [ 82.609393453000052, 28.802148958000032 ], [ 82.610102891000054, 28.803306708000036 ], [ 82.614395703000071, 28.80581408300003 ], [ 82.615183703000071, 28.807279395000023 ], [ 82.616669953000041, 28.807224708000035 ], [ 82.620972577000032, 28.808209395000063 ], [ 82.62200170300008, 28.811116333000029 ], [ 82.621030328000074, 28.814859895000041 ], [ 82.61907945300004, 28.819283771000073 ], [ 82.615856515000075, 28.824459270000034 ], [ 82.615593578000073, 28.826470958000073 ], [ 82.619589140000073, 28.828456333000076 ], [ 82.623001266000074, 28.832867333000024 ], [ 82.625567266000076, 28.835670334000042 ], [ 82.627967266000041, 28.839098646000025 ], [ 82.628365328000029, 28.841809645000069 ], [ 82.62643789100008, 28.844429208000065 ], [ 82.62664439100007, 28.846723145000055 ], [ 82.630304078000052, 28.850371833000054 ], [ 82.631838265000056, 28.853304020000053 ], [ 82.637575328000082, 28.85448327000006 ], [ 82.638678328000083, 28.855128270000023 ], [ 82.639890765000075, 28.859915896000075 ], [ 82.643879578000053, 28.864878083000065 ], [ 82.646106015000043, 28.867115583000043 ], [ 82.650509765000038, 28.869115520000037 ], [ 82.655669016000047, 28.867037645000039 ], [ 82.657995765000067, 28.866573583000047 ], [ 82.657627516000048, 28.864697646000025 ], [ 82.658521577000045, 28.862550020000072 ], [ 82.660384516000079, 28.860006021000061 ], [ 82.663663765000081, 28.857909146000054 ], [ 82.665230578000035, 28.855538083000056 ], [ 82.667476015000034, 28.853746646000047 ], [ 82.671351141000059, 28.852318646000072 ], [ 82.675565577000043, 28.85246614600004 ], [ 82.680399265000062, 28.854708396000035 ], [ 82.684200266000062, 28.857838146000063 ], [ 82.687364516000059, 28.861286583000037 ], [ 82.69441220300007, 28.862974583000039 ], [ 82.697599078000053, 28.864622834000045 ], [ 82.698909953000054, 28.862839833000066 ], [ 82.701811328000076, 28.86097520800007 ], [ 82.702158828000051, 28.859376958000041 ], [ 82.704145890000063, 28.857760646000031 ], [ 82.70660820300003, 28.854545021000035 ], [ 82.710075828000072, 28.853969145000065 ], [ 82.714041203000079, 28.851439958000071 ], [ 82.72110626500006, 28.849704771000063 ], [ 82.725659891000078, 28.84966664600006 ], [ 82.726454640000043, 28.847950771000058 ], [ 82.728342328000053, 28.846245145000069 ], [ 82.731102578000048, 28.847633646000077 ], [ 82.738043015000073, 28.847899520000055 ], [ 82.740251765000039, 28.845955396000079 ], [ 82.743714516000068, 28.845748583000045 ], [ 82.745099578000065, 28.844157583000026 ], [ 82.745641328000033, 28.840754146000052 ], [ 82.748393890000045, 28.83709377100007 ], [ 82.748595766000051, 28.83545102000005 ], [ 82.751343391000034, 28.830385208000052 ], [ 82.755019953000044, 28.827669395000044 ], [ 82.756681453000056, 28.825523646000079 ], [ 82.758742890000065, 28.821021958000074 ], [ 82.761360703000037, 28.819737645000032 ], [ 82.76207432800004, 28.816010833000064 ], [ 82.765523828000084, 28.813554271000044 ], [ 82.767764828000054, 28.808485646000065 ], [ 82.769402266000043, 28.809673583000063 ], [ 82.772969203000059, 28.814432021000073 ], [ 82.777420891000077, 28.817977958000029 ], [ 82.780212516000063, 28.819501083000034 ], [ 82.783412828000053, 28.82402127000006 ], [ 82.785106578000068, 28.823984646000042 ], [ 82.789275328000031, 28.821691895000072 ], [ 82.793847578000054, 28.821080896000069 ], [ 82.795293266000044, 28.819798958000035 ], [ 82.798757140000077, 28.821451708000041 ], [ 82.801289078000082, 28.82058095800005 ], [ 82.804684516000066, 28.82287602100007 ], [ 82.806241641000042, 28.823076958000058 ], [ 82.808496766000076, 28.825109083000029 ], [ 82.811186016000079, 28.82617502100004 ], [ 82.815904578000072, 28.828628021000043 ], [ 82.819059640000035, 28.831225020000034 ], [ 82.822206891000064, 28.829826895000053 ], [ 82.824753141000031, 28.830473958000027 ], [ 82.830832890000067, 28.830576395000037 ], [ 82.834726016000047, 28.83011833300003 ], [ 82.836830579000036, 28.831444833000035 ], [ 82.838675016000082, 28.831284771000071 ], [ 82.841708016000041, 28.829226458000051 ], [ 82.842814578000059, 28.827153833000068 ], [ 82.844745766000074, 28.82643495800005 ], [ 82.849050390000059, 28.826893583000071 ], [ 82.852918890000069, 28.829004145000056 ], [ 82.856536390000031, 28.832118646000026 ], [ 82.859512953000035, 28.832450584000071 ], [ 82.865922203000082, 28.831809833000079 ], [ 82.867509016000042, 28.833670708000056 ], [ 82.870179516000064, 28.833999895000034 ], [ 82.875111078000032, 28.831072395000035 ], [ 82.878798266000047, 28.830900084000064 ], [ 82.881519640000079, 28.830329271000039 ], [ 82.885947515000055, 28.826912271000026 ], [ 82.890076453000063, 28.825737146000051 ], [ 82.894308516000081, 28.826615583000034 ], [ 82.897595765000062, 28.824745333000067 ], [ 82.900056828000061, 28.825369958000067 ], [ 82.902365766000059, 28.828808646000027 ], [ 82.905716203000054, 28.829469771000049 ], [ 82.90682726600005, 28.832242271000041 ], [ 82.910723516000076, 28.831700709000074 ], [ 82.912260203000073, 28.830948395000064 ], [ 82.91952389100004, 28.831327083000076 ], [ 82.925854079000032, 28.828706645000068 ], [ 82.927979578000077, 28.827476083000079 ], [ 82.932164703000069, 28.826970146000065 ], [ 82.937751390000074, 28.827291708000075 ], [ 82.939217453000083, 28.827885271000071 ], [ 82.94297657900006, 28.827068770000039 ], [ 82.945429765000085, 28.827268458000049 ], [ 82.94888101600003, 28.828915145000053 ], [ 82.951610828000071, 28.827627958000051 ], [ 82.952842391000047, 28.823599521000062 ], [ 82.954633578000085, 28.823356146000037 ], [ 82.958613454000044, 28.820860333000041 ], [ 82.96185464000007, 28.819825021000042 ], [ 82.96771426600003, 28.820303146000072 ], [ 82.967837640000084, 28.816527708000024 ], [ 82.970123078000086, 28.815660833000038 ], [ 82.972014578000085, 28.81147702100003 ], [ 82.975710640000045, 28.809204083000054 ], [ 82.977062391000061, 28.807235896000066 ], [ 82.977681329000063, 28.803498083000079 ], [ 82.979890203000082, 28.801845396000033 ], [ 82.983382516000063, 28.800518208000028 ], [ 82.988860703000057, 28.802463333000048 ], [ 82.992691391000051, 28.801600895000036 ], [ 82.99713420300003, 28.803537958000049 ], [ 82.999343703000079, 28.803795708000052 ], [ 83.00167489100005, 28.802247395000052 ], [ 83.007679078000081, 28.799410833000024 ], [ 83.010572515000035, 28.799754646000054 ], [ 83.014296640000055, 28.798859208000067 ], [ 83.022135891000062, 28.792159708000042 ], [ 83.024778765000065, 28.790687646000038 ], [ 83.027454829000078, 28.792263583000079 ], [ 83.033880078000038, 28.793166958000029 ], [ 83.03805695300008, 28.792666646000043 ], [ 83.040536829000075, 28.791321646000029 ], [ 83.044468703000064, 28.788364958000045 ], [ 83.047588766000047, 28.786440146000075 ], [ 83.050064703000032, 28.78673727100005 ], [ 83.054423704000044, 28.785741395000059 ], [ 83.059938703000057, 28.785691958000029 ], [ 83.067241640000077, 28.783725771000036 ], [ 83.071060578000072, 28.780165145000069 ], [ 83.072719016000065, 28.782222645000047 ], [ 83.07763445300003, 28.785062708000055 ], [ 83.081240766000064, 28.786055083000065 ], [ 83.082460765000064, 28.781224395000038 ], [ 83.083738265000079, 28.779389958000024 ], [ 83.086870391000048, 28.777879333000044 ], [ 83.089349141000071, 28.775301770000056 ], [ 83.093332141000076, 28.771976208000069 ], [ 83.097123641000053, 28.767600208000033 ], [ 83.100184641000055, 28.766517458000067 ], [ 83.100772391000078, 28.764897083000051 ], [ 83.104317328000036, 28.759939458000076 ], [ 83.104701391000049, 28.756075270000053 ], [ 83.104517204000047, 28.75350902100007 ], [ 83.110061391000045, 28.749178083000061 ], [ 83.112707266000029, 28.74805845800006 ], [ 83.114533704000053, 28.746673958000031 ], [ 83.115422266000053, 28.743602646000056 ], [ 83.117013016000044, 28.743091896000067 ], [ 83.121398953000039, 28.744291333000035 ], [ 83.123405954000077, 28.745391771000072 ], [ 83.126992766000058, 28.74588645800003 ], [ 83.129665828000043, 28.745826958000066 ], [ 83.132172015000037, 28.746486083000036 ], [ 83.134349891000056, 28.747923520000029 ], [ 83.139752266000073, 28.747705333000056 ], [ 83.143513516000041, 28.746253833000026 ], [ 83.147412130000077, 28.747027464000041 ], [ 83.145668078000085, 28.745074083000077 ], [ 83.144497828000056, 28.740087645000074 ], [ 83.145109766000076, 28.736727895000058 ], [ 83.144637891000059, 28.734010958000056 ], [ 83.145570704000079, 28.732419646000039 ], [ 83.147660391000045, 28.731462708000038 ], [ 83.148077453000042, 28.730418583000073 ], [ 83.146239829000081, 28.726504083000066 ], [ 83.146393829000033, 28.72487177000005 ], [ 83.14787939100006, 28.722880021000037 ], [ 83.147350578000044, 28.720751583000037 ], [ 83.148863141000049, 28.717354520000072 ], [ 83.150719516000038, 28.714467271000046 ], [ 83.15247564100008, 28.712935145000074 ], [ 83.15308295400007, 28.710928895000052 ], [ 83.152310141000044, 28.709737395000047 ], [ 83.152634703000047, 28.707246520000069 ], [ 83.15196351600008, 28.704444896000041 ], [ 83.154515703000072, 28.700988895000023 ], [ 83.153073578000033, 28.69958564600006 ], [ 83.151907766000079, 28.695846895000045 ], [ 83.150628078000068, 28.694778583000073 ], [ 83.14593751600006, 28.693738396000072 ], [ 83.144383516000062, 28.689638395000031 ], [ 83.146142016000056, 28.687806395000052 ], [ 83.146355891000042, 28.685845020000045 ], [ 83.148264266000069, 28.681369833000076 ], [ 83.142875016000062, 28.677599833000045 ], [ 83.140334454000083, 28.674964521000049 ], [ 83.138268579000055, 28.674906270000065 ], [ 83.136817391000079, 28.673584020000078 ], [ 83.132598891000043, 28.674017333000052 ], [ 83.129493453000066, 28.673956771000064 ], [ 83.126567141000066, 28.675122333000047 ], [ 83.124703704000069, 28.676596958000061 ], [ 83.12214545300003, 28.675290021000023 ], [ 83.120916953000062, 28.673172645000079 ], [ 83.120434704000047, 28.670579645000032 ], [ 83.121181141000079, 28.668917333000024 ], [ 83.123587203000056, 28.667852270000026 ], [ 83.124009766000086, 28.666408896000064 ], [ 83.125934329000074, 28.665602396000054 ], [ 83.126986828000042, 28.663878833000069 ], [ 83.126099766000038, 28.660346958000048 ], [ 83.126401953000084, 28.658523833000061 ], [ 83.125166329000081, 28.653929396000024 ], [ 83.121067641000081, 28.649555520000035 ], [ 83.120671203000086, 28.647984958000052 ], [ 83.118640454000058, 28.645932395000045 ], [ 83.117117953000047, 28.642515895000031 ], [ 83.118110578000085, 28.637083146000066 ], [ 83.118056454000055, 28.633843145000071 ], [ 83.116763203000062, 28.630705645000035 ], [ 83.109383828000034, 28.632089895000036 ], [ 83.099189953000064, 28.635129083000038 ], [ 83.092301765000059, 28.633348208000029 ], [ 83.086281516000042, 28.630722395000078 ], [ 83.084363266000082, 28.626725333000024 ], [ 83.082848203000083, 28.625476583000079 ], [ 83.076760578000062, 28.623657458000025 ], [ 83.072370078000063, 28.623250771000073 ], [ 83.069225891000031, 28.623337521000053 ], [ 83.06588189100006, 28.621913521000067 ], [ 83.059490828000037, 28.619985583000073 ], [ 83.058635766000066, 28.620031520000055 ], [ 83.055563015000075, 28.622435333000055 ], [ 83.052970391000031, 28.625701958000036 ], [ 83.04956482800003, 28.62772433300006 ], [ 83.044784766000078, 28.62984295800004 ], [ 83.043079203000048, 28.629454146000057 ], [ 83.037499454000056, 28.625593020000053 ], [ 83.031730953000078, 28.625657958000033 ], [ 83.029528078000055, 28.626289645000043 ], [ 83.026720141000055, 28.62632364500007 ], [ 83.025201828000036, 28.625505145000034 ], [ 83.023516891000043, 28.622907583000028 ], [ 83.021087828000077, 28.621597458000053 ], [ 83.015623579000078, 28.621826333000058 ], [ 83.011946953000063, 28.623414833000027 ], [ 83.009688704000041, 28.623398395000038 ], [ 83.007804640000074, 28.622576958000025 ], [ 83.004743078000047, 28.623632895000071 ], [ 83.000000015000069, 28.623437770000066 ], [ 82.998601078000036, 28.625146521000033 ], [ 82.996492703000058, 28.625399396000034 ], [ 82.995756078000056, 28.626722708000045 ], [ 82.992325328000049, 28.625715895000042 ], [ 82.987818266000033, 28.629594145000056 ], [ 82.984891078000032, 28.630659645000037 ], [ 82.982902203000037, 28.629672396000046 ], [ 82.978925266000033, 28.628823583000042 ], [ 82.976509890000045, 28.626774958000055 ], [ 82.976486640000076, 28.626012271000036 ], [ 82.974061766000034, 28.620415021000042 ], [ 82.969025516000045, 28.615303083000072 ], [ 82.965036891000068, 28.613138521000053 ], [ 82.959287828000072, 28.611368708000043 ], [ 82.958443454000076, 28.610374146000026 ], [ 82.958949891000032, 28.607950583000047 ], [ 82.955965515000059, 28.602418583000031 ], [ 82.954764953000051, 28.599099833000025 ], [ 82.956597203000058, 28.592916832000071 ], [ 82.958430578000048, 28.591333707000047 ], [ 82.96133151600003, 28.587649396000074 ], [ 82.964244078000036, 28.581754208000063 ], [ 82.966004141000042, 28.581061520000048 ], [ 82.971777766000059, 28.577231895000068 ], [ 82.974594078000052, 28.575101021000023 ], [ 82.978386016000059, 28.574628770000061 ], [ 82.980376141000079, 28.575462645000073 ], [ 82.981447329000048, 28.574924770000052 ], [ 82.983822704000033, 28.571856395000054 ], [ 82.985215954000068, 28.570912521000025 ], [ 82.986894828000061, 28.571098770000049 ], [ 82.987663453000039, 28.569762208000043 ], [ 82.987542641000061, 28.563929582000071 ], [ 82.98463582800008, 28.559901270000069 ], [ 82.983581078000043, 28.557177145000026 ], [ 82.982155204000037, 28.550301458000035 ], [ 82.979132828000047, 28.547386583000048 ], [ 82.979316891000053, 28.546088521000058 ], [ 82.976907578000066, 28.543997145000048 ], [ 82.975767891000032, 28.54219958300007 ], [ 82.971776890000058, 28.544650958000034 ], [ 82.970189078000033, 28.546412145000033 ], [ 82.967733016000068, 28.547566645000074 ], [ 82.965937642000085, 28.549966834000031 ], [ 82.96342757900004, 28.550256771000079 ], [ 82.962009640000076, 28.551674020000064 ], [ 82.957640390000051, 28.551272771000072 ], [ 82.955667516000062, 28.553836208000064 ], [ 82.953474329000073, 28.555791021000061 ], [ 82.949672328000077, 28.556188145000078 ], [ 82.948468828000046, 28.557376583000064 ], [ 82.945014203000085, 28.558037958000057 ], [ 82.943120516000079, 28.559496333000027 ], [ 82.942568391000066, 28.56117727000003 ], [ 82.938079391000031, 28.562493521000079 ], [ 82.93597507800007, 28.564904457000068 ], [ 82.932521141000052, 28.565718833000062 ], [ 82.930366516000049, 28.566987770000026 ], [ 82.925742830000047, 28.567501708000066 ], [ 82.922410140000068, 28.566904520000037 ], [ 82.920587516000069, 28.565766583000027 ], [ 82.920103703000052, 28.564318896000032 ], [ 82.918188203000057, 28.564305895000075 ], [ 82.917587390000051, 28.562304583000071 ], [ 82.917712265000034, 28.55877952000003 ], [ 82.91561764100004, 28.555435271000079 ], [ 82.91677220300005, 28.552601957000036 ], [ 82.915293390000045, 28.548678396000071 ], [ 82.915354515000047, 28.546855958000037 ], [ 82.913793515000066, 28.542706083000041 ], [ 82.914377328000057, 28.53940577000003 ], [ 82.915462390000073, 28.537666020000074 ], [ 82.91396282900007, 28.535231146000058 ], [ 82.914450890000069, 28.532230020000043 ], [ 82.91345001600007, 28.530739895000067 ], [ 82.913618016000044, 28.529216208000037 ], [ 82.91601114100007, 28.527457645000027 ], [ 82.911570203000053, 28.524020145000065 ], [ 82.90970926600005, 28.523836021000079 ], [ 82.908357953000063, 28.522011333000023 ], [ 82.903712391000056, 28.518899083000065 ], [ 82.897075641000072, 28.515490708000073 ], [ 82.893179703000044, 28.514856708000025 ], [ 82.889675203000081, 28.514679208000075 ], [ 82.884574641000086, 28.515233083000055 ], [ 82.882713891000037, 28.51504852000005 ], [ 82.880122765000067, 28.51582127000006 ], [ 82.879292765000059, 28.515297833000034 ], [ 82.881272265000064, 28.512940896000032 ], [ 82.883367265000061, 28.511825583000075 ] ] ] } },
{ "type": "Feature", "properties": { "DISTRICT": "RUPANDEHI", "STATE_CODE": 5, "PR_NAME": "Lumbini Province" }, "geometry": { "type": "Polygon", "coordinates": [ [ [ 83.407612454000059, 27.418622207000055 ], [ 83.40938582900003, 27.414917895000031 ], [ 83.411426891000076, 27.414775270000064 ], [ 83.411641454000062, 27.412461020000023 ], [ 83.409131891000072, 27.412272145000031 ], [ 83.408092267000086, 27.410735582000029 ], [ 83.408633766000037, 27.409050019000063 ], [ 83.40758482800004, 27.405313332000048 ], [ 83.406291704000068, 27.403990020000037 ], [ 83.40552782900005, 27.401908582000033 ], [ 83.402311204000057, 27.39937208200007 ], [ 83.401959266000063, 27.398472457000025 ], [ 83.39955807900003, 27.397821332000035 ], [ 83.398069392000082, 27.395574207000038 ], [ 83.394665891000045, 27.395509832000073 ], [ 83.391122954000082, 27.391981082000029 ], [ 83.387605891000078, 27.390862269000024 ], [ 83.386662391000073, 27.389350769000032 ], [ 83.386896204000038, 27.386492832000044 ], [ 83.387536328000067, 27.385301956000035 ], [ 83.390097829000069, 27.383223645000044 ], [ 83.388495142000068, 27.380344144000048 ], [ 83.39027201600004, 27.376121019000038 ], [ 83.387446328000067, 27.37261783200006 ], [ 83.385350016000075, 27.371060707000026 ], [ 83.38284789100004, 27.370052269000041 ], [ 83.376824891000069, 27.369770519000042 ], [ 83.374849641000083, 27.36682595700006 ], [ 83.37441939100006, 27.36355889400005 ], [ 83.37569239100003, 27.36173683100003 ], [ 83.376175766000074, 27.35847158100006 ], [ 83.375200016000065, 27.356752331000052 ], [ 83.373925141000029, 27.357685269000058 ], [ 83.371733641000048, 27.357966519000058 ], [ 83.370669766000049, 27.355978269000047 ], [ 83.368119516000036, 27.355068706000054 ], [ 83.366613203000043, 27.355583144000036 ], [ 83.365676391000079, 27.354114394000078 ], [ 83.359827641000038, 27.349895144000072 ], [ 83.361284516000069, 27.34796577000003 ], [ 83.361505641000065, 27.343999832000065 ], [ 83.357580517000031, 27.34439026900003 ], [ 83.353183891000072, 27.342422644000067 ], [ 83.354776328000071, 27.340435269000068 ], [ 83.353235391000055, 27.339423957000065 ], [ 83.350994329000059, 27.33958283100003 ], [ 83.348797079000065, 27.338252519000037 ], [ 83.34674351700005, 27.338281332000065 ], [ 83.34455814100005, 27.334453081000049 ], [ 83.342440703000079, 27.334296456000061 ], [ 83.339593828000034, 27.332611019000069 ], [ 83.337019766000083, 27.333501395000042 ], [ 83.333773079000082, 27.332515644000068 ], [ 83.331354641000075, 27.334101707000059 ], [ 83.329036329000076, 27.333883019000041 ], [ 83.327360016000057, 27.334953519000067 ], [ 83.326545703000079, 27.336626207000052 ], [ 83.32372420400003, 27.336310207000054 ], [ 83.320241141000054, 27.33721620700004 ], [ 83.320651329000043, 27.335731145000068 ], [ 83.318603454000083, 27.334520707000024 ], [ 83.317525266000075, 27.332653894000032 ], [ 83.318238891000078, 27.331025894000049 ], [ 83.314231329000052, 27.331775769000046 ], [ 83.309605328000032, 27.333334769000032 ], [ 83.306790891000048, 27.331206520000023 ], [ 83.303618516000085, 27.333634519000043 ], [ 83.301916078000033, 27.334352581000076 ], [ 83.29674951700008, 27.333187144000078 ], [ 83.296388641000078, 27.334713019000048 ], [ 83.294757266000033, 27.335911957000064 ], [ 83.294598266000037, 27.336184207000031 ], [ 83.274812766000082, 27.35246264500006 ], [ 83.267644204000078, 27.365363832000071 ], [ 83.274292266000032, 27.383116269000027 ], [ 83.274300016000041, 27.383432206000066 ], [ 83.25915595400005, 27.394023395000033 ], [ 83.242180578000045, 27.40625695600005 ], [ 83.230016203000048, 27.410906269000066 ], [ 83.228176454000049, 27.411485019000054 ], [ 83.221817329000032, 27.415484207000077 ], [ 83.219038453000053, 27.41767545700003 ], [ 83.220537016000037, 27.418218582000065 ], [ 83.224825141000053, 27.421135269000047 ], [ 83.225613078000038, 27.423689395000054 ], [ 83.225176953000073, 27.42485133200006 ], [ 83.230293078000045, 27.428812582000035 ], [ 83.232308016000047, 27.429401394000024 ], [ 83.233315891000075, 27.430575769000029 ], [ 83.231793578000065, 27.434486770000035 ], [ 83.229291891000059, 27.435242394000056 ], [ 83.226353079000035, 27.437872895000055 ], [ 83.223087704000079, 27.438100707000046 ], [ 83.222013891000074, 27.440475270000036 ], [ 83.219692766000037, 27.442405019000034 ], [ 83.219031141000073, 27.444908207000026 ], [ 83.219925454000077, 27.446352895000075 ], [ 83.219191828000078, 27.449250519000032 ], [ 83.221012141000074, 27.450716081000053 ], [ 83.219733204000079, 27.452608832000067 ], [ 83.221713391000037, 27.454005331000076 ], [ 83.224494766000078, 27.45456239400005 ], [ 83.225563578000049, 27.456587832000025 ], [ 83.225905329000057, 27.459581769000067 ], [ 83.227003203000038, 27.460443019000024 ], [ 83.227447703000053, 27.463040395000064 ], [ 83.228417141000079, 27.463896457000033 ], [ 83.228251641000043, 27.466833394000048 ], [ 83.229370204000077, 27.468822894000027 ], [ 83.228380015000084, 27.469417707000048 ], [ 83.226102453000067, 27.468479894000041 ], [ 83.225506578000079, 27.470942894000075 ], [ 83.226485641000068, 27.472162269000023 ], [ 83.223289266000052, 27.472681520000037 ], [ 83.222602953000035, 27.474225582000031 ], [ 83.224050704000035, 27.477065457000037 ], [ 83.223940266000056, 27.479201645000046 ], [ 83.221040266000045, 27.47980814400006 ], [ 83.223185766000086, 27.481354582000051 ], [ 83.221660016000044, 27.48244945700003 ], [ 83.224918204000062, 27.485601769000027 ], [ 83.223740641000063, 27.488636832000054 ], [ 83.224867266000047, 27.489403520000053 ], [ 83.22315732900006, 27.49131195700005 ], [ 83.22424182900005, 27.492572519000078 ], [ 83.226121641000077, 27.492255894000039 ], [ 83.226242329000058, 27.495031894000078 ], [ 83.229101141000058, 27.494386645000077 ], [ 83.229976641000064, 27.497074395000027 ], [ 83.231949329000031, 27.501232644000027 ], [ 83.230292516000077, 27.501861957000074 ], [ 83.229154391000066, 27.504459582000038 ], [ 83.231551954000054, 27.506666082000038 ], [ 83.23277557800003, 27.511810645000025 ], [ 83.233674829000051, 27.512377457000071 ], [ 83.233355953000057, 27.514889332000052 ], [ 83.234288329000037, 27.516203207000046 ], [ 83.232817141000055, 27.518043144000046 ], [ 83.232343454000045, 27.520147957000063 ], [ 83.230510766000066, 27.522416832000033 ], [ 83.22958370300006, 27.522517707000077 ], [ 83.229259703000082, 27.525144582000053 ], [ 83.227221453000084, 27.527195645000063 ], [ 83.22593945300008, 27.529634457000043 ], [ 83.22691407800005, 27.530968894000068 ], [ 83.226450516000057, 27.532825582000044 ], [ 83.223378579000041, 27.534439832000032 ], [ 83.222456953000062, 27.535955520000073 ], [ 83.222523454000054, 27.53796408200003 ], [ 83.220444266000072, 27.539439394000055 ], [ 83.218717453000068, 27.541731207000055 ], [ 83.21919951600006, 27.546639332000041 ], [ 83.216198641000062, 27.547615270000051 ], [ 83.216612766000083, 27.549544582000067 ], [ 83.214560703000075, 27.549878144000047 ], [ 83.212662954000052, 27.551158082000029 ], [ 83.212658641000075, 27.552825519000066 ], [ 83.211321829000042, 27.554027394000059 ], [ 83.21055657800008, 27.55593645700003 ], [ 83.20785907800007, 27.556309207000027 ], [ 83.206262516000038, 27.559648582000079 ], [ 83.208369828000059, 27.561614582000061 ], [ 83.208994204000078, 27.563129957000058 ], [ 83.210781016000055, 27.564031395000029 ], [ 83.210308203000068, 27.565089207000028 ], [ 83.211257641000032, 27.568860457000028 ], [ 83.20866845300003, 27.569973957000059 ], [ 83.210916203000068, 27.574070770000048 ], [ 83.213638203000073, 27.575467144000072 ], [ 83.213791703000084, 27.577995145000045 ], [ 83.215065766000066, 27.579062832000034 ], [ 83.216373891000046, 27.58500902000003 ], [ 83.218867829000033, 27.584867394000071 ], [ 83.220709141000043, 27.585732894000046 ], [ 83.221549641000081, 27.58769383200007 ], [ 83.221530329000075, 27.59173045700004 ], [ 83.222749891000035, 27.593244519000052 ], [ 83.22352789100006, 27.595832519000055 ], [ 83.226069141000039, 27.59699964400005 ], [ 83.226921704000063, 27.599267519000023 ], [ 83.229662578000045, 27.602969707000057 ], [ 83.231233141000075, 27.603578582000068 ], [ 83.233404329000052, 27.607647582000027 ], [ 83.233605078000039, 27.609462832000077 ], [ 83.232399391000058, 27.610232332000066 ], [ 83.233232641000086, 27.611755520000031 ], [ 83.232284953000033, 27.613884770000027 ], [ 83.231551516000081, 27.614665957000057 ], [ 83.23233820300004, 27.620415020000053 ], [ 83.231727891000048, 27.622742457000072 ], [ 83.232613641000057, 27.624649519000059 ], [ 83.232277329000055, 27.625782582000056 ], [ 83.230310329000076, 27.627524895000079 ], [ 83.230233266000084, 27.629977145000055 ], [ 83.228731266000068, 27.631958895000025 ], [ 83.228761641000062, 27.633730332000027 ], [ 83.227829954000072, 27.635345207000057 ], [ 83.226042453000048, 27.636158832000035 ], [ 83.225866266000082, 27.637658332000058 ], [ 83.223698454000044, 27.639622770000074 ], [ 83.22510789100005, 27.641275582000048 ], [ 83.224864516000082, 27.642869457000074 ], [ 83.222611891000042, 27.645478707000052 ], [ 83.224167828000077, 27.647249645000045 ], [ 83.226312391000079, 27.647397019000039 ], [ 83.22666864100006, 27.654524582000079 ], [ 83.225466891000053, 27.657884395000053 ], [ 83.226558141000055, 27.660099457000058 ], [ 83.225550266000084, 27.661388895000073 ], [ 83.227131641000085, 27.663047207000034 ], [ 83.227097578000041, 27.664816019000057 ], [ 83.228054016000044, 27.666533894000054 ], [ 83.229533641000046, 27.666645894000055 ], [ 83.230146828000045, 27.668334832000028 ], [ 83.228982016000032, 27.671214207000048 ], [ 83.229483704000074, 27.673042394000049 ], [ 83.229005703000041, 27.675964019000048 ], [ 83.230270016000077, 27.678152895000039 ], [ 83.228315579000082, 27.681118144000038 ], [ 83.229413329000067, 27.683746144000054 ], [ 83.229116704000035, 27.685651145000065 ], [ 83.230325641000036, 27.686122645000069 ], [ 83.230273641000053, 27.687803332000044 ], [ 83.22916626600005, 27.690274645000045 ], [ 83.229414641000062, 27.691999895000038 ], [ 83.230935454000075, 27.69360583200006 ], [ 83.231242079000083, 27.69483727000005 ], [ 83.227724766000051, 27.695239645000072 ], [ 83.228773329000035, 27.696813582000061 ], [ 83.229023016000042, 27.699209020000069 ], [ 83.226386328000046, 27.699634269000057 ], [ 83.227116329000069, 27.703205645000025 ], [ 83.223700016000066, 27.703802520000067 ], [ 83.22472207900006, 27.705547895000052 ], [ 83.224517516000049, 27.707317957000043 ], [ 83.223122141000033, 27.710049333000029 ], [ 83.224405079000064, 27.712414395000053 ], [ 83.224584203000063, 27.714290457000061 ], [ 83.22390620300007, 27.717479332000039 ], [ 83.221596954000063, 27.719844582000064 ], [ 83.220812641000066, 27.722992270000077 ], [ 83.219128516000069, 27.723903332000077 ], [ 83.218943704000083, 27.725732207000078 ], [ 83.217466078000029, 27.726912957000025 ], [ 83.217666204000068, 27.72951564400006 ], [ 83.219032953000067, 27.729839207000055 ], [ 83.220160454000052, 27.731664207000051 ], [ 83.218855828000073, 27.73352052000007 ], [ 83.219852390000085, 27.736105144000078 ], [ 83.21955814100005, 27.737987520000047 ], [ 83.218211579000069, 27.741217832000075 ], [ 83.21682826600005, 27.742841269000053 ], [ 83.217232891000037, 27.74508645700007 ], [ 83.215468453000085, 27.747197333000031 ], [ 83.215701266000053, 27.74873070700005 ], [ 83.21423739100004, 27.749455707000038 ], [ 83.212802203000081, 27.75346601900003 ], [ 83.213896766000062, 27.756358082000077 ], [ 83.214327954000055, 27.759140270000046 ], [ 83.216732579000052, 27.759318644000075 ], [ 83.221609328000056, 27.761681520000025 ], [ 83.22383351600007, 27.761416520000068 ], [ 83.225431454000045, 27.762641645000031 ], [ 83.228663391000055, 27.762499457000047 ], [ 83.231961203000083, 27.758079645000066 ], [ 83.234823891000076, 27.756628895000063 ], [ 83.237823891000062, 27.752085395000051 ], [ 83.239521829000068, 27.750185895000072 ], [ 83.242365704000065, 27.750634707000074 ], [ 83.243777704000081, 27.752436269000043 ], [ 83.246418266000035, 27.752128020000043 ], [ 83.248076579000042, 27.751044957000033 ], [ 83.250785766000035, 27.754732895000075 ], [ 83.250890704000085, 27.756405519000054 ], [ 83.249429579000036, 27.758592957000076 ], [ 83.253410391000045, 27.760622644000023 ], [ 83.255313079000075, 27.762726894000025 ], [ 83.256696203000047, 27.765992395000069 ], [ 83.257831641000053, 27.766930332000072 ], [ 83.258853704000046, 27.765602332000071 ], [ 83.261974642000041, 27.75998045800003 ], [ 83.261799453000037, 27.756994457000076 ], [ 83.266732392000051, 27.755982707000044 ], [ 83.269745455000077, 27.756682332000025 ], [ 83.274855391000074, 27.757074770000031 ], [ 83.281460328000037, 27.756784333000041 ], [ 83.285381517000076, 27.756084833000045 ], [ 83.293517829000052, 27.758689896000078 ], [ 83.296171642000047, 27.760115957000039 ], [ 83.298520579000069, 27.76054295800003 ], [ 83.300660453000035, 27.763480270000059 ], [ 83.302086392000035, 27.766400457000032 ], [ 83.303994642000077, 27.767700707000074 ], [ 83.307501453000043, 27.765725957000029 ], [ 83.309550079000076, 27.765438332000031 ], [ 83.31232414200008, 27.763638083000046 ], [ 83.315508016000081, 27.762351958000067 ], [ 83.31668514200004, 27.763192644000071 ], [ 83.31919189100006, 27.763150832000065 ], [ 83.321269954000059, 27.764643458000023 ], [ 83.325660516000084, 27.762654583000028 ], [ 83.326348392000057, 27.764124520000053 ], [ 83.329717329000061, 27.767236644000036 ], [ 83.33106695400005, 27.767218332000027 ], [ 83.332932516000085, 27.765792333000036 ], [ 83.336694267000041, 27.765147021000075 ], [ 83.338243330000068, 27.761663957000053 ], [ 83.342180330000076, 27.757831082000052 ], [ 83.344148328000074, 27.757944208000026 ], [ 83.34694601800004, 27.755565707000073 ], [ 83.348318954000035, 27.751235458000053 ], [ 83.348127766000061, 27.749752145000059 ], [ 83.349809079000067, 27.749529895000023 ], [ 83.355040455000051, 27.751427145000036 ], [ 83.356646141000056, 27.752416145000041 ], [ 83.359283893000054, 27.752162144000067 ], [ 83.360492204000082, 27.750854521000065 ], [ 83.360583141000063, 27.748907644000042 ], [ 83.363209578000067, 27.745298333000051 ], [ 83.364942829000086, 27.741784146000043 ], [ 83.367127079000056, 27.740968333000069 ], [ 83.368855391000068, 27.737016270000026 ], [ 83.37304851600004, 27.734891770000047 ], [ 83.375174078000043, 27.734817894000059 ], [ 83.375220454000043, 27.736523957000031 ], [ 83.377864704000046, 27.741134333000048 ], [ 83.378070204000039, 27.743188582000073 ], [ 83.385658017000083, 27.742692207000061 ], [ 83.386366516000066, 27.743266208000023 ], [ 83.387077518000069, 27.746791582000071 ], [ 83.388534579000066, 27.747425332000034 ], [ 83.390763330000084, 27.748673895000024 ], [ 83.393708641000046, 27.747874520000039 ], [ 83.396433205000051, 27.746036208000078 ], [ 83.398298891000081, 27.743618770000069 ], [ 83.399544516000049, 27.740550957000039 ], [ 83.401697641000055, 27.737891020000063 ], [ 83.405013453000038, 27.736912520000033 ], [ 83.407340017000081, 27.734792457000026 ], [ 83.410532016000047, 27.734880582000073 ], [ 83.413454392000062, 27.737738270000079 ], [ 83.415262891000054, 27.738745519000076 ], [ 83.416730954000059, 27.740893020000044 ], [ 83.420068204000074, 27.741730646000065 ], [ 83.424042891000056, 27.739696208000055 ], [ 83.425658392000059, 27.741327458000058 ], [ 83.428407893000042, 27.741208019000055 ], [ 83.431009329000062, 27.739192458000048 ], [ 83.434075767000081, 27.739198271000078 ], [ 83.435334517000058, 27.737495332000037 ], [ 83.434416203000069, 27.734912520000023 ], [ 83.435493766000036, 27.732252144000029 ], [ 83.436635455000044, 27.731464833000075 ], [ 83.438900579000062, 27.732290833000036 ], [ 83.440561267000078, 27.731992957000045 ], [ 83.444093017000057, 27.727776458000051 ], [ 83.444879767000032, 27.726082770000062 ], [ 83.444452329000057, 27.724181207000072 ], [ 83.446653329000071, 27.723745520000023 ], [ 83.449685079000062, 27.726596146000077 ], [ 83.451620580000053, 27.727030269000068 ], [ 83.454296954000085, 27.726494833000061 ], [ 83.457011517000069, 27.727963083000077 ], [ 83.460351330000037, 27.726202645000058 ], [ 83.465170704000059, 27.725668520000056 ], [ 83.466817829000036, 27.723881083000038 ], [ 83.470752829000048, 27.721623958000066 ], [ 83.473153017000072, 27.721001332000071 ], [ 83.477643955000076, 27.721298145000048 ], [ 83.484010517000058, 27.724429083000075 ], [ 83.486034392000079, 27.726049895000074 ], [ 83.488478767000061, 27.729818144000035 ], [ 83.491371080000079, 27.729228646000024 ], [ 83.49415207900006, 27.725721082000064 ], [ 83.496545642000058, 27.725964458000078 ], [ 83.501124455000081, 27.729297958000075 ], [ 83.502073517000042, 27.729089270000031 ], [ 83.504666891000056, 27.726045707000026 ], [ 83.508812767000052, 27.724950332000049 ], [ 83.511862079000082, 27.725513957000032 ], [ 83.515837516000033, 27.728968895000037 ], [ 83.519264330000055, 27.726765082000043 ], [ 83.519869455000048, 27.725821708000069 ], [ 83.523352829000032, 27.725418582000032 ], [ 83.525622080000062, 27.726290582000047 ], [ 83.528819517000045, 27.725385394000057 ], [ 83.53082476700007, 27.72418502000005 ], [ 83.533243579000043, 27.725844895000023 ], [ 83.535890517000041, 27.72391102000006 ], [ 83.538844579000056, 27.722501707000049 ], [ 83.541715141000054, 27.720214145000057 ], [ 83.544141204000084, 27.720039395000072 ], [ 83.54650601600008, 27.718984395000064 ], [ 83.549507579000078, 27.716586582000048 ], [ 83.553374954000049, 27.716215520000048 ], [ 83.555843705000029, 27.716825895000056 ], [ 83.559112955000046, 27.716382833000068 ], [ 83.562818704000051, 27.714077271000065 ], [ 83.565843455000049, 27.713170645000048 ], [ 83.569347954000079, 27.712732582000058 ], [ 83.569750204000059, 27.711348395000073 ], [ 83.573497892000034, 27.708277708000026 ], [ 83.577826204000075, 27.706693396000048 ], [ 83.580033642000046, 27.705098082000063 ], [ 83.58269851700004, 27.704794707000076 ], [ 83.584566891000065, 27.705429895000066 ], [ 83.586422329000072, 27.704954832000055 ], [ 83.588199266000061, 27.705797270000062 ], [ 83.590698392000036, 27.706082208000055 ], [ 83.594249080000054, 27.704745583000033 ], [ 83.598279768000054, 27.70470089500003 ], [ 83.599390580000033, 27.705642832000024 ], [ 83.604740453000034, 27.704344958000036 ], [ 83.606969392000053, 27.70273114500003 ], [ 83.61115582900004, 27.701657645000068 ], [ 83.612714142000073, 27.700278833000027 ], [ 83.613135266000086, 27.698127333000059 ], [ 83.614287455000067, 27.695898958000043 ], [ 83.619729329000052, 27.692545145000054 ], [ 83.621685329000059, 27.690643833000024 ], [ 83.623080142000049, 27.688368582000066 ], [ 83.625503393000031, 27.68850608200006 ], [ 83.629726955000081, 27.692734708000046 ], [ 83.633351205000054, 27.693579208000074 ], [ 83.635066141000038, 27.693103145000066 ], [ 83.634548892000055, 27.689432770000053 ], [ 83.635854953000035, 27.688305770000056 ], [ 83.635681766000062, 27.686450520000051 ], [ 83.634673703000033, 27.685053394000079 ], [ 83.635808204000057, 27.683679957000038 ], [ 83.63439264200008, 27.682015457000034 ], [ 83.634597578000069, 27.68023114500005 ], [ 83.633807017000038, 27.679100832000074 ], [ 83.635556954000037, 27.678211895000061 ], [ 83.633728204000079, 27.676972832000047 ], [ 83.631403454000065, 27.669533957000056 ], [ 83.632760516000076, 27.667531519000079 ], [ 83.631474329000071, 27.664197582000043 ], [ 83.628350391000083, 27.663537145000078 ], [ 83.625674892000063, 27.661440457000026 ], [ 83.621430829000076, 27.65950427000007 ], [ 83.619958016000055, 27.657690457000058 ], [ 83.616587078000066, 27.655436082000051 ], [ 83.61310751700006, 27.651154957000074 ], [ 83.611063017000049, 27.649208644000055 ], [ 83.605749016000061, 27.648525770000049 ], [ 83.601674329000048, 27.645016582000039 ], [ 83.600601954000069, 27.642820207000057 ], [ 83.601122641000075, 27.641510770000025 ], [ 83.599882017000084, 27.639137895000033 ], [ 83.600359641000068, 27.637846332000038 ], [ 83.602435329000059, 27.637175395000042 ], [ 83.602974078000045, 27.636037395000074 ], [ 83.601586892000057, 27.634541894000051 ], [ 83.59895326700007, 27.635186457000032 ], [ 83.597235579000085, 27.634084832000042 ], [ 83.597777829000051, 27.632775395000067 ], [ 83.600024704000077, 27.631094082000061 ], [ 83.598591829000043, 27.629733832000056 ], [ 83.596700266000084, 27.629796020000072 ], [ 83.594959829000061, 27.630873957000063 ], [ 83.59382632900008, 27.629593520000071 ], [ 83.595073641000056, 27.626365957000075 ], [ 83.591232266000077, 27.625154270000053 ], [ 83.588794704000065, 27.625666082000066 ], [ 83.589205141000036, 27.623455957000033 ], [ 83.587201766000078, 27.620593332000055 ], [ 83.583667391000063, 27.619079957000054 ], [ 83.584379266000042, 27.617888520000065 ], [ 83.583272329000067, 27.616359770000031 ], [ 83.581092892000072, 27.617910144000064 ], [ 83.578878141000075, 27.616991832000053 ], [ 83.576566954000043, 27.617621145000044 ], [ 83.575235517000067, 27.615534332000038 ], [ 83.573875267000062, 27.610676520000027 ], [ 83.575512892000063, 27.604280020000033 ], [ 83.576369392000061, 27.603359707000038 ], [ 83.575485704000073, 27.601563144000067 ], [ 83.576695704000031, 27.600170082000034 ], [ 83.577815079000061, 27.597014457000057 ], [ 83.582076766000057, 27.593380894000063 ], [ 83.581313829000067, 27.590939332000062 ], [ 83.582414891000042, 27.589620394000065 ], [ 83.583883266000043, 27.590182144000039 ], [ 83.584629641000049, 27.588397269000041 ], [ 83.584293266000032, 27.585063457000047 ], [ 83.582556267000029, 27.58304320700006 ], [ 83.582862079000051, 27.578781645000049 ], [ 83.582649641000046, 27.57468551900007 ], [ 83.588987516000032, 27.573230957000078 ], [ 83.591381204000072, 27.573637394000059 ], [ 83.592261141000051, 27.575623457000063 ], [ 83.596505704000037, 27.574742270000058 ], [ 83.597815204000085, 27.572681395000075 ], [ 83.597133391000057, 27.571463207000079 ], [ 83.59792857900004, 27.569373770000027 ], [ 83.598255141000038, 27.566355519000069 ], [ 83.596853516000067, 27.565509769000073 ], [ 83.596408642000085, 27.563660457000026 ], [ 83.597137266000061, 27.562694519000047 ], [ 83.596620392000034, 27.560432082000034 ], [ 83.594672204000062, 27.558503894000069 ], [ 83.595088329000077, 27.556011645000069 ], [ 83.593283328000041, 27.554063582000026 ], [ 83.592334329000039, 27.551450082000031 ], [ 83.592565954000065, 27.550166770000033 ], [ 83.595215579000069, 27.548064707000037 ], [ 83.598461891000056, 27.547893644000055 ], [ 83.598049641000046, 27.545859332000077 ], [ 83.594847954000045, 27.543728957000042 ], [ 83.59274514100008, 27.543296332000068 ], [ 83.59189432900007, 27.541023832000064 ], [ 83.592667766000034, 27.53981664500003 ], [ 83.591834267000081, 27.538187270000037 ], [ 83.593566141000053, 27.535170895000078 ], [ 83.593308516000036, 27.53329277000006 ], [ 83.591679954000085, 27.533784394000065 ], [ 83.59005770400006, 27.532493457000044 ], [ 83.588699017000067, 27.531902707000029 ], [ 83.589516392000064, 27.529671207000035 ], [ 83.59095964100004, 27.530316332000041 ], [ 83.592621829000052, 27.527909019000049 ], [ 83.591836578000084, 27.523763832000043 ], [ 83.59398789100004, 27.520283832000075 ], [ 83.595915266000077, 27.52124845700007 ], [ 83.599308329000053, 27.518351895000023 ], [ 83.599367017000077, 27.515522457000031 ], [ 83.598907954000083, 27.512102519000052 ], [ 83.596870391000039, 27.509470081000075 ], [ 83.596248266000032, 27.507108020000032 ], [ 83.597412392000081, 27.506572082000048 ], [ 83.598410704000059, 27.503986769000051 ], [ 83.597410767000042, 27.501546832000031 ], [ 83.599511267000082, 27.497258769000041 ], [ 83.601453891000062, 27.497754020000059 ], [ 83.602744079000047, 27.496724269000026 ], [ 83.604666266000038, 27.496824519000029 ], [ 83.60651314200004, 27.495611269000051 ], [ 83.605143704000056, 27.493957832000035 ], [ 83.607584578000058, 27.493718769000054 ], [ 83.608481766000068, 27.491356519000078 ], [ 83.610733892000042, 27.489733645000058 ], [ 83.612860829000056, 27.489608707000059 ], [ 83.612286766000068, 27.485807144000034 ], [ 83.613733892000084, 27.483421519000046 ], [ 83.613114642000085, 27.481587520000062 ], [ 83.614859392000085, 27.478640832000053 ], [ 83.614473329000077, 27.475255019000031 ], [ 83.616189328000075, 27.472346707000042 ], [ 83.616703328000085, 27.469378457000062 ], [ 83.613021579000076, 27.469490144000076 ], [ 83.582253517000083, 27.470831832000044 ], [ 83.519476329000042, 27.47386745700004 ], [ 83.509635141000047, 27.474106207000034 ], [ 83.482127078000076, 27.475349207000079 ], [ 83.468446141000072, 27.475891082000032 ], [ 83.449358016000076, 27.476760144000025 ], [ 83.422899078000057, 27.478191957000035 ], [ 83.40865920400006, 27.478766207000035 ], [ 83.390846891000081, 27.479472332000057 ], [ 83.391976266000086, 27.478157270000054 ], [ 83.393930579000084, 27.477608456000041 ], [ 83.39387045400008, 27.475189269000055 ], [ 83.392109141000049, 27.474473082000031 ], [ 83.391007954000031, 27.472960894000039 ], [ 83.390659328000083, 27.470499894000056 ], [ 83.392686453000067, 27.470971332000033 ], [ 83.396111204000078, 27.469363832000056 ], [ 83.397808954000084, 27.469215457000075 ], [ 83.397559766000086, 27.466592457000047 ], [ 83.400029454000048, 27.465382269000031 ], [ 83.401446641000064, 27.465519269000026 ], [ 83.403091329000063, 27.467047145000038 ], [ 83.404634704000046, 27.466067707000036 ], [ 83.401839641000038, 27.463420144000054 ], [ 83.401964891000034, 27.459781020000037 ], [ 83.403924829000061, 27.457063582000046 ], [ 83.402362516000039, 27.453949769000076 ], [ 83.400749266000048, 27.448863520000032 ], [ 83.397460017000071, 27.446209270000054 ], [ 83.393647141000031, 27.446580831000063 ], [ 83.392035829000065, 27.444705457000055 ], [ 83.388286267000069, 27.443526957000074 ], [ 83.385968266000077, 27.442194457000028 ], [ 83.388421203000064, 27.439127394000025 ], [ 83.386279516000059, 27.436001831000056 ], [ 83.387424766000038, 27.434127270000033 ], [ 83.392258267000045, 27.430068644000073 ], [ 83.393837516000076, 27.429572332000077 ], [ 83.393663704000062, 27.427649082000073 ], [ 83.395273391000046, 27.424508270000047 ], [ 83.396797829000036, 27.423898895000036 ], [ 83.397841266000057, 27.422332895000068 ], [ 83.402249266000069, 27.421219020000024 ], [ 83.403794392000066, 27.419454331000054 ], [ 83.407612454000059, 27.418622207000055 ] ] ] } }
]
}
