{
"type": "FeatureCollection",
"name": "sudurpashchim",
"crs": { "type": "name", "properties": { "name": "urn:ogc:def:crs:OGC:1.3:CRS84" } },
"features": [
{ "type": "Feature", "properties": { "DISTRICT": "ACHHAM", "STATE_CODE": 7, "PR_NAME": "Sudurpashchim Province" }, "geometry": { "type": "Polygon", "coordinates": [ [ [ 81.293430826000076, 28.922625958000026 ], [ 81.291447452000057, 28.922246708000046 ], [ 81.288301889000081, 28.922815208000031 ], [ 81.285245451000037, 28.921547083000064 ], [ 81.283445202000053, 28.918681208000066 ], [ 81.277514326000073, 28.916182584000069 ], [ 81.275765701000068, 28.913088584000036 ], [ 81.274910076000083, 28.909275333000039 ], [ 81.273556389000078, 28.906634021000059 ], [ 81.269201389000045, 28.903143646000046 ], [ 81.264619326000059, 28.902270583000075 ], [ 81.262169327000038, 28.903466583000068 ], [ 81.257554889000062, 28.908125208000058 ], [ 81.256049701000052, 28.910724833000074 ], [ 81.253449701000079, 28.913640020000059 ], [ 81.250178014000085, 28.914776458000063 ], [ 81.245664701000067, 28.915084833000037 ], [ 81.243717014000083, 28.914585271000078 ], [ 81.242013076000035, 28.912918833000049 ], [ 81.24079151400008, 28.908465333000038 ], [ 81.239645639000059, 28.906477520000067 ], [ 81.238360389000036, 28.905899959000067 ], [ 81.234469202000071, 28.905778208000072 ], [ 81.219794389000072, 28.906177458000059 ], [ 81.211579264000079, 28.907891708000079 ], [ 81.209055014000057, 28.907600083000034 ], [ 81.205930889000058, 28.908017771000061 ], [ 81.202844139000035, 28.909678396000061 ], [ 81.200226889000078, 28.913398021000035 ], [ 81.195919576000051, 28.916210834000026 ], [ 81.189052201000038, 28.915530395000076 ], [ 81.18735913900008, 28.914808458000039 ], [ 81.185406264000051, 28.915021083000056 ], [ 81.178314701000033, 28.91848914600007 ], [ 81.174508701000036, 28.91929964600007 ], [ 81.170501763000061, 28.92136670800005 ], [ 81.165878514000042, 28.925798895000071 ], [ 81.162169076000055, 28.928147458000069 ], [ 81.159366451000039, 28.931546208000043 ], [ 81.157134451000047, 28.933613083000068 ], [ 81.152416702000039, 28.935563208000076 ], [ 81.14854957600005, 28.938157521000051 ], [ 81.146388139000067, 28.940916771000047 ], [ 81.144370389000073, 28.944977645000051 ], [ 81.143402764000029, 28.945668958000056 ], [ 81.13642326400003, 28.947083958000064 ], [ 81.133115639000039, 28.949783271000058 ], [ 81.131305639000061, 28.952298271000075 ], [ 81.129044576000069, 28.956564333000074 ], [ 81.125984326000037, 28.959807021000074 ], [ 81.122442576000083, 28.962544583000067 ], [ 81.118601201000047, 28.964485958000068 ], [ 81.114231952000068, 28.965708021000069 ], [ 81.10808245100003, 28.966006395000079 ], [ 81.105536764000078, 28.965588771000057 ], [ 81.103712763000033, 28.969811271000026 ], [ 81.104212327000084, 28.970968208000045 ], [ 81.107437326000081, 28.973460896000063 ], [ 81.106816701000071, 28.976897334000057 ], [ 81.107816264000064, 28.978017770000065 ], [ 81.110095576000049, 28.977661709000074 ], [ 81.11892313900006, 28.974022020000064 ], [ 81.121061701000031, 28.974333646000048 ], [ 81.126224326000056, 28.97815289600004 ], [ 81.13104476400008, 28.980417896000063 ], [ 81.133547014000044, 28.980823771000075 ], [ 81.136122201000035, 28.985752896000065 ], [ 81.136810763000085, 28.987893146000033 ], [ 81.138167139000075, 28.989272459000063 ], [ 81.14032482600004, 28.989687583000034 ], [ 81.143362514000046, 28.98948589500003 ], [ 81.144968076000055, 28.990370771000073 ], [ 81.147004701000071, 28.993387146000032 ], [ 81.148919014000057, 28.998066270000038 ], [ 81.148712139000054, 29.00099483300005 ], [ 81.149683201000073, 29.00323177100006 ], [ 81.151871639000035, 29.006029021000074 ], [ 81.15073282600008, 29.008083271000032 ], [ 81.149061701000051, 29.009427521000077 ], [ 81.148663076000048, 29.011760708000054 ], [ 81.147263577000047, 29.014232583000023 ], [ 81.146004638000079, 29.018795646000058 ], [ 81.14581032600006, 29.021160146000057 ], [ 81.146371452000039, 29.023411084000031 ], [ 81.146818139000061, 29.028398646000028 ], [ 81.14681863900006, 29.033740895000051 ], [ 81.146378326000047, 29.035334146000025 ], [ 81.144161577000034, 29.037398520000067 ], [ 81.140838139000039, 29.038762458000065 ], [ 81.138048638000043, 29.042553209000062 ], [ 81.13818438900006, 29.044168396000032 ], [ 81.137210138000057, 29.048866333000035 ], [ 81.133450263000043, 29.052315146000069 ], [ 81.13293651400005, 29.055113083000037 ], [ 81.133339264000085, 29.058814833000042 ], [ 81.13282520100006, 29.059674833000031 ], [ 81.124562264000076, 29.062845709000044 ], [ 81.123089951000054, 29.065294833000053 ], [ 81.122290452000072, 29.07029714600003 ], [ 81.121261326000081, 29.072213458000078 ], [ 81.122618139000053, 29.073746334000077 ], [ 81.124352889000079, 29.074532020000049 ], [ 81.126430764000077, 29.074202958000058 ], [ 81.129746951000072, 29.07830345800005 ], [ 81.130304702000046, 29.081213208000065 ], [ 81.128828076000048, 29.082857021000052 ], [ 81.119280076000052, 29.083955458000048 ], [ 81.117061576000083, 29.08505608400003 ], [ 81.115302951000047, 29.085165896000035 ], [ 81.113211451000041, 29.084175021000078 ], [ 81.111186201000066, 29.085311521000051 ], [ 81.110803764000082, 29.086757958000078 ], [ 81.110939076000079, 29.094087583000032 ], [ 81.11139776400006, 29.096677083000031 ], [ 81.110350701000073, 29.098130833000027 ], [ 81.107484514000078, 29.099313021000057 ], [ 81.103679701000033, 29.100712521000048 ], [ 81.10140738900003, 29.103202583000041 ], [ 81.100428014000045, 29.105290146000073 ], [ 81.098481764000041, 29.107229458000063 ], [ 81.094228827000052, 29.109337396000058 ], [ 81.087280888000066, 29.118172083000047 ], [ 81.083272764000071, 29.120854708000024 ], [ 81.080979888000059, 29.124079959000028 ], [ 81.076824576000035, 29.12586914600007 ], [ 81.074996513000031, 29.127751646000036 ], [ 81.073136389000069, 29.130780271000049 ], [ 81.074069389000044, 29.132871021000028 ], [ 81.072435389000077, 29.134638396000071 ], [ 81.068872201000033, 29.134626708000042 ], [ 81.067138951000061, 29.135135209000055 ], [ 81.066738951000048, 29.136437083000033 ], [ 81.068813952000085, 29.139797458000032 ], [ 81.069052826000075, 29.14200820800005 ], [ 81.068293014000062, 29.144305209000038 ], [ 81.067175638000037, 29.145571396000037 ], [ 81.063534264000054, 29.14647552100007 ], [ 81.061074076000068, 29.147909208000044 ], [ 81.058903701000077, 29.14794633300005 ], [ 81.057547014000079, 29.148989146000076 ], [ 81.057074201000034, 29.151493521000077 ], [ 81.060634014000073, 29.153470395000056 ], [ 81.06025538800003, 29.158742833000076 ], [ 81.059174764000034, 29.161254209000049 ], [ 81.054884014000038, 29.162014084000077 ], [ 81.052816826000083, 29.161572708000051 ], [ 81.051132514000074, 29.162464521000061 ], [ 81.050175639000031, 29.164382458000034 ], [ 81.050216702000057, 29.166214271000058 ], [ 81.051208139000039, 29.169243709000057 ], [ 81.050233576000039, 29.171220271000038 ], [ 81.048104576000071, 29.172937896000064 ], [ 81.046220763000065, 29.17369883300006 ], [ 81.044998514000042, 29.175388958000042 ], [ 81.045780514000057, 29.177369459000033 ], [ 81.045802951000042, 29.181572334000066 ], [ 81.047451326000044, 29.183182521000049 ], [ 81.045863077000035, 29.185220209000079 ], [ 81.042972139000085, 29.185435459000075 ], [ 81.041879201000086, 29.187010458000032 ], [ 81.039421077000043, 29.188885958000071 ], [ 81.037208889000055, 29.189306208000062 ], [ 81.035895326000059, 29.188381584000069 ], [ 81.034634263000044, 29.186216209000065 ], [ 81.032046889000071, 29.186086021000051 ], [ 81.028534451000041, 29.188963146000049 ], [ 81.028322764000052, 29.191620646000047 ], [ 81.029944888000045, 29.19298070800005 ], [ 81.028529014000071, 29.194770021000068 ], [ 81.029579514000034, 29.19546914600005 ], [ 81.031881952000049, 29.195351333000076 ], [ 81.03287195200005, 29.196528709000063 ], [ 81.037157077000074, 29.198972959000059 ], [ 81.038987013000053, 29.199396646000025 ], [ 81.044164389000059, 29.199602583000058 ], [ 81.046501076000084, 29.198379083000077 ], [ 81.047810388000073, 29.198750834000066 ], [ 81.049125014000083, 29.197554708000041 ], [ 81.054208763000076, 29.198946896000052 ], [ 81.058491014000083, 29.198586396000053 ], [ 81.06311038900003, 29.199236271000075 ], [ 81.06549263800008, 29.198222271000077 ], [ 81.073906701000055, 29.201764209000032 ], [ 81.076348139000061, 29.204208333000054 ], [ 81.076427514000045, 29.205525771000055 ], [ 81.081320076000054, 29.207280271000059 ], [ 81.083996201000048, 29.207542584000066 ], [ 81.086246264000067, 29.208723271000054 ], [ 81.088158388000068, 29.208931833000065 ], [ 81.090538264000031, 29.211804334000078 ], [ 81.092290951000052, 29.21481708400006 ], [ 81.101361451000059, 29.214740521000067 ], [ 81.10395726400003, 29.215760583000076 ], [ 81.106010076000075, 29.218484146000037 ], [ 81.10885401400003, 29.220246021000037 ], [ 81.111623764000058, 29.222847146000049 ], [ 81.115369077000082, 29.227734896000072 ], [ 81.115296951000062, 29.230250334000061 ], [ 81.116812326000058, 29.234289459000024 ], [ 81.116537826000069, 29.236349333000078 ], [ 81.114606826000056, 29.239626646000033 ], [ 81.11335557600006, 29.240327083000068 ], [ 81.111219888000051, 29.242997708000075 ], [ 81.10795463900007, 29.244274958000062 ], [ 81.104898701000081, 29.244956458000047 ], [ 81.102958388000047, 29.246140021000031 ], [ 81.099603327000068, 29.247225459000049 ], [ 81.098969139000076, 29.248489271000039 ], [ 81.099897389000034, 29.252314646000059 ], [ 81.099830389000033, 29.253914209000072 ], [ 81.101841952000029, 29.255902396000067 ], [ 81.101404639000066, 29.259194146000027 ], [ 81.101834951000058, 29.261535521000042 ], [ 81.105810014000042, 29.269642583000063 ], [ 81.10827507700003, 29.27313502100003 ], [ 81.113618201000065, 29.279553271000054 ], [ 81.113984889000051, 29.28069670900004 ], [ 81.113283639000031, 29.283896209000034 ], [ 81.115901014000031, 29.286935021000033 ], [ 81.117565263000074, 29.289568459000066 ], [ 81.119859576000067, 29.291862958000024 ], [ 81.120837576000042, 29.293808959000046 ], [ 81.120775202000061, 29.296570271000064 ], [ 81.122405076000064, 29.29931877100006 ], [ 81.125774264000086, 29.300994083000035 ], [ 81.130362326000068, 29.301409271000068 ], [ 81.137398577000056, 29.304833521000035 ], [ 81.136640764000049, 29.309292021000033 ], [ 81.137790326000072, 29.31524420900007 ], [ 81.137579451000079, 29.317820709000046 ], [ 81.13825263800004, 29.31924120900004 ], [ 81.137968263000062, 29.32217877100004 ], [ 81.139150951000033, 29.32393264600006 ], [ 81.140072452000084, 29.327114771000026 ], [ 81.141777201000082, 29.330018583000026 ], [ 81.142321326000058, 29.335089334000031 ], [ 81.143238952000047, 29.337181833000045 ], [ 81.143127076000042, 29.340046959000063 ], [ 81.144016826000041, 29.343820209000057 ], [ 81.144752264000033, 29.345148146000042 ], [ 81.14552713900008, 29.349359084000071 ], [ 81.146495451000078, 29.352313271000071 ], [ 81.14743138800003, 29.353356709000025 ], [ 81.149642451000034, 29.357532271000025 ], [ 81.149936076000074, 29.359580271000027 ], [ 81.152358701000082, 29.361253647000069 ], [ 81.155936764000046, 29.362463208000065 ], [ 81.154583889000037, 29.36451089600007 ], [ 81.155304827000066, 29.368399209000074 ], [ 81.154859452000039, 29.369198334000032 ], [ 81.155995451000081, 29.371428084000058 ], [ 81.15554476300008, 29.374002646000065 ], [ 81.154729639000038, 29.374892396000064 ], [ 81.156346764000034, 29.377577271000064 ], [ 81.156172826000045, 29.379639396000073 ], [ 81.154983451000078, 29.381560583000066 ], [ 81.157035388000054, 29.383198209000057 ], [ 81.16182113800005, 29.385498021000046 ], [ 81.164504826000041, 29.38500970900003 ], [ 81.16611713900005, 29.385470146000046 ], [ 81.169054451000079, 29.38531533400004 ], [ 81.171728514000051, 29.386627084000054 ], [ 81.173970264000047, 29.385821083000053 ], [ 81.17798076400004, 29.385407459000078 ], [ 81.179402951000043, 29.384410708000075 ], [ 81.180844138000054, 29.380754209000031 ], [ 81.18725420100003, 29.37659227100005 ], [ 81.187885513000083, 29.374809208000045 ], [ 81.190829139000073, 29.374089896000044 ], [ 81.193822702000034, 29.371712396000078 ], [ 81.198510514000077, 29.36937064600005 ], [ 81.200884951000035, 29.36765708300004 ], [ 81.200925764000033, 29.366432084000053 ], [ 81.203100139000071, 29.36498270800007 ], [ 81.20874770100005, 29.365138709000064 ], [ 81.210254514000042, 29.364448271000072 ], [ 81.211736639000037, 29.362571271000036 ], [ 81.214063576000058, 29.362159271000053 ], [ 81.21862113800006, 29.363302396000051 ], [ 81.221498264000047, 29.362453896000034 ], [ 81.224566201000073, 29.36217808300006 ], [ 81.227086764000035, 29.360558583000056 ], [ 81.228520452000055, 29.360630583000045 ], [ 81.230703701000039, 29.358226521000063 ], [ 81.237154389000068, 29.356836834000035 ], [ 81.238616139000044, 29.353109771000049 ], [ 81.240987389000054, 29.352902459000063 ], [ 81.243490951000069, 29.354222146000041 ], [ 81.245223076000059, 29.353036834000079 ], [ 81.247834264000062, 29.352772583000046 ], [ 81.250745764000044, 29.350707521000061 ], [ 81.251714264000043, 29.349476209000045 ], [ 81.253285388000052, 29.344429021000053 ], [ 81.258134701000074, 29.34065014600003 ], [ 81.260274889000073, 29.337043271000027 ], [ 81.259980951000045, 29.330555833000062 ], [ 81.257167327000047, 29.32786539600005 ], [ 81.254936388000033, 29.328059334000045 ], [ 81.255470451000065, 29.325694021000061 ], [ 81.256477263000079, 29.325502584000049 ], [ 81.259632639000074, 29.321097459000043 ], [ 81.261432952000064, 29.317161896000073 ], [ 81.261917077000078, 29.313682333000031 ], [ 81.265293952000036, 29.31178520800006 ], [ 81.266118701000039, 29.310712021000029 ], [ 81.266110639000033, 29.307605584000044 ], [ 81.269453326000075, 29.306274709000036 ], [ 81.270957076000059, 29.303575834000071 ], [ 81.269821139000044, 29.301786896000067 ], [ 81.271111702000042, 29.301698583000075 ], [ 81.272976951000032, 29.303594271000065 ], [ 81.276853327000083, 29.304590146000066 ], [ 81.278821139000058, 29.306742708000058 ], [ 81.28101726400007, 29.308346583000059 ], [ 81.285095764000062, 29.308572584000046 ], [ 81.28835938800006, 29.309201709000035 ], [ 81.293610326000078, 29.309625708000056 ], [ 81.296823452000069, 29.31033370800003 ], [ 81.296731764000072, 29.313783209000064 ], [ 81.297906639000075, 29.314831833000028 ], [ 81.300557326000046, 29.314803333000043 ], [ 81.30114670200004, 29.31587358400003 ], [ 81.300872951000031, 29.318209084000046 ], [ 81.303245576000052, 29.319006834000049 ], [ 81.303635576000033, 29.321406208000042 ], [ 81.304754889000037, 29.322531583000057 ], [ 81.305795264000039, 29.320271021000053 ], [ 81.308066514000075, 29.321359958000073 ], [ 81.310215139000036, 29.323177709000049 ], [ 81.310552764000079, 29.324801209000043 ], [ 81.314483451000058, 29.324252896000075 ], [ 81.318745577000072, 29.323085459000026 ], [ 81.319781764000084, 29.321842271000037 ], [ 81.319008264000047, 29.320623646000058 ], [ 81.319294451000076, 29.318899459000079 ], [ 81.321830576000082, 29.31823689600003 ], [ 81.322509514000046, 29.315783084000032 ], [ 81.324105577000068, 29.313983459000042 ], [ 81.328310827000053, 29.314911709000057 ], [ 81.331778701000076, 29.314063959000066 ], [ 81.33159020100004, 29.312505646000034 ], [ 81.333967389000065, 29.307759958000076 ], [ 81.333978889000036, 29.30496039600007 ], [ 81.335678452000082, 29.30303402100003 ], [ 81.33864845100004, 29.301603084000078 ], [ 81.34222726400003, 29.301785709000058 ], [ 81.341635826000072, 29.299034959000039 ], [ 81.343580139000039, 29.295921333000024 ], [ 81.345359764000079, 29.291698208000071 ], [ 81.350219576000029, 29.290826021000044 ], [ 81.350401265000073, 29.289203583000074 ], [ 81.352430389000062, 29.28656333400005 ], [ 81.354924702000062, 29.286191271000064 ], [ 81.35710126400005, 29.283988271000055 ], [ 81.359227326000052, 29.28542402100004 ], [ 81.360096389000034, 29.284099709000031 ], [ 81.366558202000078, 29.284118271000068 ], [ 81.36829732700005, 29.284528521000027 ], [ 81.370724639000059, 29.286294958000042 ], [ 81.373530201000051, 29.290695208000045 ], [ 81.375089514000081, 29.292035396000074 ], [ 81.379045764000068, 29.292739334000032 ], [ 81.381774326000084, 29.295307833000038 ], [ 81.384511326000052, 29.296667021000076 ], [ 81.383616327000084, 29.300446021000027 ], [ 81.383801014000085, 29.302685584000074 ], [ 81.388021701000071, 29.30122289600007 ], [ 81.389578014000051, 29.299988896000059 ], [ 81.391406701000051, 29.296615459000066 ], [ 81.394721077000042, 29.29296464600003 ], [ 81.396462327000052, 29.289704209000035 ], [ 81.397328451000078, 29.285733521000054 ], [ 81.398551639000061, 29.28446652100007 ], [ 81.403088515000036, 29.284789021000051 ], [ 81.406943389000048, 29.284138958000028 ], [ 81.412349014000085, 29.280837771000051 ], [ 81.415662139000062, 29.279415334000078 ], [ 81.416045015000066, 29.278482458000042 ], [ 81.418560576000061, 29.27679845800003 ], [ 81.419108202000075, 29.278418646000034 ], [ 81.422345264000057, 29.282160083000065 ], [ 81.428204139000059, 29.285277146000055 ], [ 81.431260764000058, 29.286514834000059 ], [ 81.434441264000043, 29.287068521000037 ], [ 81.43804545100005, 29.286481521000042 ], [ 81.444760827000039, 29.287381958000026 ], [ 81.449998639000057, 29.285085959000071 ], [ 81.453643389000035, 29.282080083000039 ], [ 81.457389577000072, 29.280070833000025 ], [ 81.45957926400007, 29.279894146000061 ], [ 81.460572326000033, 29.278848458000027 ], [ 81.466121201000078, 29.274671583000043 ], [ 81.468047889000047, 29.271865271000024 ], [ 81.469828389000043, 29.271845521000046 ], [ 81.475539014000049, 29.267065333000062 ], [ 81.477329702000077, 29.266643896000062 ], [ 81.479675889000077, 29.263955459000044 ], [ 81.481424639000068, 29.264477083000031 ], [ 81.484097514000041, 29.264002708000078 ], [ 81.486001889000079, 29.263014459000033 ], [ 81.488827202000039, 29.263342521000027 ], [ 81.492976639000062, 29.261637646000054 ], [ 81.494758327000056, 29.258700646000079 ], [ 81.496523889000059, 29.257112708000079 ], [ 81.496653077000076, 29.254567583000039 ], [ 81.495013326000048, 29.252213959000073 ], [ 81.496007202000044, 29.25000170900006 ], [ 81.496983451000062, 29.244800521000059 ], [ 81.498525827000037, 29.242462146000037 ], [ 81.499999702000082, 29.241391834000069 ], [ 81.499999889000037, 29.238795271000072 ], [ 81.496593014000041, 29.236265584000023 ], [ 81.495504140000037, 29.234354333000056 ], [ 81.494057265000038, 29.233394146000023 ], [ 81.492786202000048, 29.230883521000067 ], [ 81.489349827000069, 29.227875459000074 ], [ 81.488330639000083, 29.225422458000025 ], [ 81.487615701000038, 29.218508458000031 ], [ 81.488000452000051, 29.215184084000043 ], [ 81.487455577000048, 29.21075995800004 ], [ 81.485571952000043, 29.204353271000059 ], [ 81.484035576000053, 29.201218521000044 ], [ 81.484216076000052, 29.199002521000068 ], [ 81.485651390000044, 29.197346021000044 ], [ 81.486467077000043, 29.192707084000062 ], [ 81.48870363900005, 29.189676021000025 ], [ 81.491792640000085, 29.186565084000051 ], [ 81.492530577000082, 29.184971834000066 ], [ 81.491763952000042, 29.182709771000077 ], [ 81.49196720100008, 29.181260646000055 ], [ 81.488558452000063, 29.175852208000038 ], [ 81.489085139000053, 29.172949146000065 ], [ 81.490304826000056, 29.171309146000056 ], [ 81.49403751400007, 29.169222209000054 ], [ 81.497020514000042, 29.168807334000064 ], [ 81.496508827000071, 29.165441146000035 ], [ 81.497133764000068, 29.159909521000031 ], [ 81.498096076000081, 29.158383208000032 ], [ 81.49871470100004, 29.154771396000058 ], [ 81.500860577000083, 29.151686271000074 ], [ 81.509238452000034, 29.151460708000059 ], [ 81.510437826000043, 29.151819334000038 ], [ 81.514017265000064, 29.151307083000063 ], [ 81.515586264000035, 29.153105833000041 ], [ 81.517279952000081, 29.152724770000077 ], [ 81.520100951000074, 29.153557583000065 ], [ 81.522721951000051, 29.152703708000047 ], [ 81.526440765000075, 29.152686833000075 ], [ 81.528737202000059, 29.151457333000053 ], [ 81.535101327000064, 29.146514146000072 ], [ 81.534804889000043, 29.140880021000044 ], [ 81.536211764000029, 29.137634896000066 ], [ 81.539438014000041, 29.136302209000064 ], [ 81.541614577000075, 29.134229271000038 ], [ 81.546526889000063, 29.132384271000035 ], [ 81.552061139000045, 29.129288958000075 ], [ 81.554189701000041, 29.128510896000023 ], [ 81.563753640000073, 29.127415271000075 ], [ 81.56733138900006, 29.126091708000047 ], [ 81.562768701000039, 29.124895021000043 ], [ 81.561281014000031, 29.123825146000058 ], [ 81.55534588900008, 29.121090896000055 ], [ 81.551099577000059, 29.117968146000067 ], [ 81.549564265000072, 29.115389083000025 ], [ 81.545009951000054, 29.111987708000072 ], [ 81.542874451000046, 29.109914084000025 ], [ 81.537589577000062, 29.10635970800007 ], [ 81.53314176400005, 29.106169959000056 ], [ 81.530221452000035, 29.105139271000041 ], [ 81.526464326000053, 29.104738958000041 ], [ 81.52397501400003, 29.102822146000051 ], [ 81.522921452000048, 29.09970177100007 ], [ 81.520899576000033, 29.098493646000065 ], [ 81.519079139000041, 29.095967271000063 ], [ 81.516546764000054, 29.095388271000047 ], [ 81.513198202000069, 29.091563708000024 ], [ 81.511671952000086, 29.090667146000044 ], [ 81.507432577000031, 29.090405771000064 ], [ 81.504808077000064, 29.091162396000072 ], [ 81.501268951000043, 29.09070639600003 ], [ 81.499076702000082, 29.088975271000038 ], [ 81.495073451000053, 29.088245584000049 ], [ 81.488562577000039, 29.085426959000074 ], [ 81.48488201400005, 29.083076084000027 ], [ 81.480072077000045, 29.081268270000066 ], [ 81.473588077000045, 29.079506833000039 ], [ 81.470572014000084, 29.077464521000024 ], [ 81.470400515000051, 29.074902333000068 ], [ 81.469142702000056, 29.072488333000024 ], [ 81.469582702000082, 29.068699021000043 ], [ 81.46857357600004, 29.067019583000047 ], [ 81.466408889000036, 29.065621646000068 ], [ 81.46106007700007, 29.064631708000036 ], [ 81.457281826000042, 29.06196452100005 ], [ 81.45507770100005, 29.059702521000077 ], [ 81.448982639000064, 29.05617664500005 ], [ 81.445896014000084, 29.053725646000032 ], [ 81.444704889000036, 29.050801333000038 ], [ 81.444726639000066, 29.04688939600004 ], [ 81.440476076000039, 29.039300708000042 ], [ 81.435488326000041, 29.037873146000038 ], [ 81.434220826000058, 29.037119270000062 ], [ 81.431776889000048, 29.029416146000074 ], [ 81.429298264000067, 29.025816771000052 ], [ 81.427289951000034, 29.022928709000041 ], [ 81.420760452000081, 29.022437209000032 ], [ 81.417137639000032, 29.017086020000079 ], [ 81.416666827000086, 29.013771083000051 ], [ 81.41788632600003, 29.009232771000029 ], [ 81.420504326000071, 29.00610458400007 ], [ 81.420787451000081, 29.004242459000068 ], [ 81.419058889000041, 29.000559334000059 ], [ 81.415128577000075, 28.998148584000035 ], [ 81.412533327000062, 28.997953584000072 ], [ 81.412577889000033, 28.995925208000074 ], [ 81.416313389000038, 28.994909771000039 ], [ 81.417912951000062, 28.991441833000067 ], [ 81.420402577000061, 28.989681208000036 ], [ 81.422293452000076, 28.987227459000053 ], [ 81.423289639000075, 28.983447770000055 ], [ 81.426483201000053, 28.980698896000035 ], [ 81.427545139000074, 28.978755395000064 ], [ 81.427072577000047, 28.976458021000042 ], [ 81.42435976400003, 28.971219083000051 ], [ 81.424319452000077, 28.969037646000061 ], [ 81.426458827000033, 28.965687458000048 ], [ 81.428279076000081, 28.965546334000067 ], [ 81.430179389000045, 28.96414608300006 ], [ 81.430218514000046, 28.962596083000051 ], [ 81.43273451400006, 28.958425646000023 ], [ 81.433893889000046, 28.957325458000071 ], [ 81.436110014000064, 28.956652771000051 ], [ 81.438904014000059, 28.956614396000077 ], [ 81.440648452000062, 28.957544958000028 ], [ 81.443351389000043, 28.959913896000046 ], [ 81.444804452000085, 28.959715083000049 ], [ 81.446579326000062, 28.955767958000024 ], [ 81.446933577000038, 28.95089377100004 ], [ 81.446730264000053, 28.947602896000035 ], [ 81.44564488900005, 28.941668708000066 ], [ 81.446525639000072, 28.940260270000067 ], [ 81.451989577000063, 28.939569709000068 ], [ 81.453057514000079, 28.938907396000047 ], [ 81.456780889000072, 28.934802395000077 ], [ 81.457664452000074, 28.931022771000073 ], [ 81.461043827000083, 28.930704458000037 ], [ 81.463526951000063, 28.929116708000038 ], [ 81.468290577000062, 28.928825021000023 ], [ 81.471119076000036, 28.924393333000069 ], [ 81.472689827000067, 28.922571708000078 ], [ 81.475309576000029, 28.916856958000039 ], [ 81.479749077000065, 28.911882520000063 ], [ 81.482502889000045, 28.908960208000053 ], [ 81.484616514000038, 28.90335314500004 ], [ 81.487990202000049, 28.899020708000023 ], [ 81.493420889000049, 28.894127896000043 ], [ 81.499509764000038, 28.890274708000049 ], [ 81.504766827000083, 28.889172209000037 ], [ 81.510141264000083, 28.890086083000028 ], [ 81.511058639000055, 28.888954520000027 ], [ 81.511897826000052, 28.883805333000055 ], [ 81.514419201000067, 28.880071021000049 ], [ 81.516594577000035, 28.874966333000032 ], [ 81.51832863900006, 28.872917958000073 ], [ 81.521838077000041, 28.87147189600006 ], [ 81.523656951000078, 28.870136021000064 ], [ 81.524494514000082, 28.868373020000035 ], [ 81.525504514000033, 28.865982208000048 ], [ 81.527398514000083, 28.864323333000073 ], [ 81.528305765000084, 28.861777333000077 ], [ 81.529817139000045, 28.859244646000036 ], [ 81.533484264000037, 28.856306396000036 ], [ 81.535696577000067, 28.850937271000078 ], [ 81.537222827000051, 28.848616520000064 ], [ 81.538193014000058, 28.844806708000078 ], [ 81.539606452000044, 28.842617208000036 ], [ 81.53923407700006, 28.838851145000035 ], [ 81.539825452000059, 28.836028708000072 ], [ 81.54547313900008, 28.830108708000068 ], [ 81.545753327000057, 28.82818770800003 ], [ 81.548204202000079, 28.82408758300005 ], [ 81.550876327000083, 28.818502021000029 ], [ 81.553445140000065, 28.816066271000068 ], [ 81.55468845200005, 28.811170083000036 ], [ 81.553986701000042, 28.809489958000029 ], [ 81.55571063900004, 28.807071083000039 ], [ 81.55864020100006, 28.800074333000055 ], [ 81.558659639000041, 28.797475271000053 ], [ 81.562178077000056, 28.794947458000024 ], [ 81.563790514000061, 28.793192271000066 ], [ 81.567960515000038, 28.791254958000025 ], [ 81.576519577000056, 28.783288645000027 ], [ 81.581085201000064, 28.780658833000075 ], [ 81.581978326000069, 28.778931458000045 ], [ 81.583417576000045, 28.774575521000031 ], [ 81.582412577000071, 28.771820708000064 ], [ 81.583798389000037, 28.76500820800004 ], [ 81.583076327000072, 28.759132083000054 ], [ 81.58003082700003, 28.755429458000037 ], [ 81.577515264000056, 28.755077020000044 ], [ 81.574130014000048, 28.755420833000073 ], [ 81.566662327000074, 28.753755708000028 ], [ 81.56391620200003, 28.752510645000029 ], [ 81.55572513900006, 28.750020021000068 ], [ 81.54826657600006, 28.748987895000027 ], [ 81.542847202000075, 28.748317145000044 ], [ 81.53187863900007, 28.748976646000074 ], [ 81.524110452000059, 28.748170020000032 ], [ 81.521483389000082, 28.750039145000073 ], [ 81.522793264000029, 28.751644895000027 ], [ 81.530461889000037, 28.755109708000077 ], [ 81.533412014000078, 28.757142083000076 ], [ 81.53681713900005, 28.761002271000052 ], [ 81.536092389000032, 28.763852271000076 ], [ 81.533074139000064, 28.767483020000043 ], [ 81.53028951500005, 28.773682270000052 ], [ 81.528972014000033, 28.774948583000025 ], [ 81.526828827000031, 28.775751083000046 ], [ 81.521456514000079, 28.776295333000064 ], [ 81.518772889000047, 28.77773383300007 ], [ 81.517235202000052, 28.780349895000029 ], [ 81.517733014000044, 28.785990396000045 ], [ 81.517659576000085, 28.787976020000031 ], [ 81.520406326000057, 28.795976646000042 ], [ 81.52411726400004, 28.797954458000049 ], [ 81.524988264000058, 28.799645333000058 ], [ 81.523951452000063, 28.803466645000071 ], [ 81.521981701000072, 28.805520520000073 ], [ 81.519709639000041, 28.806934771000044 ], [ 81.514358514000037, 28.808092333000047 ], [ 81.511858202000042, 28.809229833000074 ], [ 81.509833014000037, 28.810994958000038 ], [ 81.506094764000068, 28.816143833000069 ], [ 81.502814577000038, 28.819233333000057 ], [ 81.500000076000049, 28.82118170800004 ], [ 81.497489639000037, 28.826208458000053 ], [ 81.496865514000035, 28.829793396000071 ], [ 81.495716952000066, 28.833143333000066 ], [ 81.492581015000042, 28.836996833000057 ], [ 81.492710264000038, 28.840357895000068 ], [ 81.489755451000065, 28.842322395000053 ], [ 81.484024202000057, 28.842640833000075 ], [ 81.481996077000076, 28.843755833000046 ], [ 81.479473577000078, 28.846456270000033 ], [ 81.476747076000038, 28.848564083000042 ], [ 81.474225576000038, 28.84984995800005 ], [ 81.467472514000065, 28.851574521000032 ], [ 81.465213264000056, 28.852514083000074 ], [ 81.464563827000063, 28.853856395000037 ], [ 81.465401702000065, 28.856274271000075 ], [ 81.468371827000055, 28.859532958000045 ], [ 81.469038327000078, 28.862571833000061 ], [ 81.467791889000068, 28.865664645000038 ], [ 81.467650389000084, 28.869410146000064 ], [ 81.463986576000082, 28.875067396000077 ], [ 81.463911014000075, 28.87897289600005 ], [ 81.464644451000083, 28.88119933300004 ], [ 81.466829327000085, 28.883131958000035 ], [ 81.468709826000065, 28.887321646000032 ], [ 81.468348201000083, 28.890993521000041 ], [ 81.46669988900004, 28.893582396000056 ], [ 81.465112201000068, 28.894562458000053 ], [ 81.45929101400003, 28.895220896000069 ], [ 81.457611764000035, 28.896526084000072 ], [ 81.454532576000076, 28.896940333000032 ], [ 81.443698264000034, 28.89981227100003 ], [ 81.441979827000068, 28.900562396000055 ], [ 81.437259951000044, 28.904598083000053 ], [ 81.436469639000052, 28.907653021000044 ], [ 81.433972014000062, 28.910350333000054 ], [ 81.43258245100003, 28.910702209000078 ], [ 81.427965577000066, 28.909092583000074 ], [ 81.421390452000082, 28.91045120800004 ], [ 81.419302014000039, 28.911409708000065 ], [ 81.417131639000047, 28.913857521000068 ], [ 81.415316389000054, 28.913901458000055 ], [ 81.410443889000078, 28.911473083000033 ], [ 81.408043577000058, 28.909923771000024 ], [ 81.405033202000084, 28.908906333000061 ], [ 81.402697514000067, 28.909269771000027 ], [ 81.397608639000055, 28.908790833000069 ], [ 81.395352639000066, 28.907874770000035 ], [ 81.393569139000078, 28.905276520000029 ], [ 81.39078720200007, 28.903209021000066 ], [ 81.390035264000062, 28.900964209000051 ], [ 81.388731326000084, 28.899524208000059 ], [ 81.385282576000066, 28.898545833000071 ], [ 81.381284576000041, 28.896341833000065 ], [ 81.377854701000047, 28.893626083000072 ], [ 81.371256264000067, 28.891408770000055 ], [ 81.362884889000043, 28.890709646000062 ], [ 81.359275264000075, 28.889771771000028 ], [ 81.35418013900005, 28.889773958000035 ], [ 81.349375827000074, 28.890109146000043 ], [ 81.344078702000047, 28.892608958000039 ], [ 81.340669889000083, 28.895622646000049 ], [ 81.338749139000072, 28.900595271000043 ], [ 81.338878951000083, 28.905244708000055 ], [ 81.338139327000079, 28.907040146000043 ], [ 81.335969514000055, 28.90823677000003 ], [ 81.332566701000076, 28.908748271000036 ], [ 81.330063764000045, 28.907800145000067 ], [ 81.325933139000085, 28.908010958000034 ], [ 81.323270201000071, 28.911877521000065 ], [ 81.322927014000072, 28.914086958000041 ], [ 81.317449139000075, 28.920344708000073 ], [ 81.313629576000039, 28.919722021000041 ], [ 81.311005389000059, 28.920280833000049 ], [ 81.304925264000076, 28.925298708000071 ], [ 81.303783826000085, 28.925668958000074 ], [ 81.299980077000043, 28.925219521000031 ], [ 81.298982576000071, 28.92457870800007 ], [ 81.293430826000076, 28.922625958000026 ] ] ] } },
{ "type": "Feature", "properties": { "DISTRICT": "BAITADI", "STATE_CODE": 7, "PR_NAME": "Sudurpashchim Province" }, "geometry": { "type": "Polygon", "coordinates": [ [ [ 80.367428889000053, 29.340449584000055 ], [ 80.369933826000079, 29.339080833000025 ], [ 80.373116389000074, 29.338836396000033 ], [ 80.373690138000029, 29.338008959000035 ], [ 80.371965451000051, 29.335860084000046 ], [ 80.368687138000041, 29.334991896000076 ], [ 80.368211389000066, 29.332654833000049 ], [ 80.36604376400004, 29.333585209000034 ], [ 80.364264388000038, 29.332696959000032 ], [ 80.363647701000048, 29.330952521000029 ], [ 80.364976826000031, 29.327723958000036 ], [ 80.362455888000056, 29.327190834000078 ], [ 80.359036076000052, 29.329777709000041 ], [ 80.356237639000085, 29.330957584000032 ], [ 80.355227514000035, 29.334219209000025 ], [ 80.352550951000069, 29.332329396000034 ], [ 80.352095014000042, 29.33064427100004 ], [ 80.352292764000083, 29.327854772000023 ], [ 80.348850514000048, 29.326798084000075 ], [ 80.345435701000042, 29.32708139600004 ], [ 80.344099576000076, 29.323867021000069 ], [ 80.341848201000062, 29.323334834000036 ], [ 80.337935389000052, 29.320678396000062 ], [ 80.335597576000055, 29.319800521000047 ], [ 80.334941389000051, 29.318270083000073 ], [ 80.337256701000058, 29.314812084000039 ], [ 80.335795076000068, 29.31221058400007 ], [ 80.328120451000075, 29.308506459000057 ], [ 80.327048388000037, 29.308413146000078 ], [ 80.322855263000065, 29.310004708000065 ], [ 80.318693513000085, 29.313347084000043 ], [ 80.318096014000048, 29.315622458000064 ], [ 80.315038888000061, 29.317943896000031 ], [ 80.311308201000031, 29.322077709000041 ], [ 80.308369326000047, 29.323183646000075 ], [ 80.304997076000063, 29.323127771000031 ], [ 80.301641076000067, 29.323940333000053 ], [ 80.299064076000036, 29.323676521000039 ], [ 80.29789201400007, 29.324209521000057 ], [ 80.292579576000037, 29.330653459000075 ], [ 80.292279389000043, 29.332603209000069 ], [ 80.292969951000032, 29.334749834000036 ], [ 80.291430452000043, 29.337446521000061 ], [ 80.287579889000085, 29.339550958000075 ], [ 80.285050888000058, 29.341815771000029 ], [ 80.281823013000064, 29.346242458000063 ], [ 80.280845826000075, 29.350408209000079 ], [ 80.281458513000075, 29.354196771000034 ], [ 80.281230138000069, 29.358483896000052 ], [ 80.280403013000068, 29.36006302100003 ], [ 80.273723576000066, 29.362925521000079 ], [ 80.272808452000049, 29.364504084000032 ], [ 80.27358188900007, 29.370456958000034 ], [ 80.273350014000073, 29.371105334000049 ], [ 80.272985764000055, 29.373659209000039 ], [ 80.275988076000033, 29.376544959000057 ], [ 80.280161388000067, 29.37807895800006 ], [ 80.279789638000068, 29.380438771000058 ], [ 80.276776701000074, 29.382854208000026 ], [ 80.274616764000029, 29.386181084000043 ], [ 80.274602951000077, 29.387859333000051 ], [ 80.277252639000039, 29.391489834000026 ], [ 80.275491701000078, 29.393880458000069 ], [ 80.273446138000054, 29.395186709000029 ], [ 80.270860826000046, 29.395529021000073 ], [ 80.265799452000067, 29.397193084000037 ], [ 80.262393263000035, 29.399721083000031 ], [ 80.259292013000049, 29.400901709000038 ], [ 80.256590326000037, 29.403404146000071 ], [ 80.254702576000057, 29.404503458000079 ], [ 80.249638889000039, 29.406338334000054 ], [ 80.246736701000032, 29.408162709000067 ], [ 80.244887264000056, 29.410500522000063 ], [ 80.243326952000075, 29.411585708000075 ], [ 80.244663013000036, 29.413474647000044 ], [ 80.246701826000049, 29.414550896000037 ], [ 80.247643201000074, 29.416087896000079 ], [ 80.245777201000067, 29.420306958000026 ], [ 80.24567045100008, 29.423457708000058 ], [ 80.248320764000084, 29.429793396000036 ], [ 80.24905407600005, 29.43239402200004 ], [ 80.248996202000058, 29.436848833000056 ], [ 80.246923951000042, 29.439586958000064 ], [ 80.244702951000079, 29.441121834000057 ], [ 80.244640201000038, 29.443767521000041 ], [ 80.245461014000057, 29.445477521000043 ], [ 80.247697577000054, 29.446728646000054 ], [ 80.253101639000079, 29.447000396000078 ], [ 80.257319014000075, 29.448045896000053 ], [ 80.259163639000064, 29.451627084000052 ], [ 80.260978639000029, 29.45168902100005 ], [ 80.263611888000071, 29.449986959000057 ], [ 80.268861764000064, 29.448612771000057 ], [ 80.271999264000044, 29.450666959000046 ], [ 80.275491951000049, 29.449463396000056 ], [ 80.276669514000048, 29.451008209000065 ], [ 80.274776139000039, 29.45321083400006 ], [ 80.271616264000045, 29.453816208000035 ], [ 80.270861701000058, 29.455034709000074 ], [ 80.272959638000032, 29.456871147000072 ], [ 80.277143139000032, 29.458414334000054 ], [ 80.280789577000064, 29.458506271000033 ], [ 80.282278514000041, 29.456766021000078 ], [ 80.280672451000044, 29.453919584000062 ], [ 80.281625764000069, 29.451229084000033 ], [ 80.283160826000085, 29.450930521000032 ], [ 80.287733076000052, 29.45165664600006 ], [ 80.289160826000057, 29.450204771000074 ], [ 80.29140688800004, 29.450746833000039 ], [ 80.29549176300003, 29.453701084000045 ], [ 80.29801720100005, 29.453179772000055 ], [ 80.298973763000049, 29.450782396000079 ], [ 80.301112014000068, 29.451086896000049 ], [ 80.304189076000057, 29.453092646000073 ], [ 80.304511951000052, 29.454459021000048 ], [ 80.30286613800007, 29.457114646000036 ], [ 80.298209951000047, 29.460417397000072 ], [ 80.296426951000058, 29.463484896000068 ], [ 80.293709202000059, 29.466522584000074 ], [ 80.292077888000051, 29.470060021000052 ], [ 80.289702451000039, 29.472030208000035 ], [ 80.288297638000074, 29.475040896000053 ], [ 80.288656639000067, 29.47739789600007 ], [ 80.290319389000047, 29.478207584000074 ], [ 80.293769514000076, 29.478228209000065 ], [ 80.294721201000073, 29.478878397000074 ], [ 80.298173076000069, 29.484159396000052 ], [ 80.297675763000029, 29.487856271000055 ], [ 80.299949326000046, 29.490245833000074 ], [ 80.302529451000055, 29.49057295800003 ], [ 80.30485113900005, 29.486966834000043 ], [ 80.307733763000044, 29.485601272000054 ], [ 80.310940576000064, 29.485462271000074 ], [ 80.314754889000085, 29.484514271000023 ], [ 80.315874514000029, 29.486487083000043 ], [ 80.316337639000039, 29.489857396000048 ], [ 80.316120326000032, 29.49260152100004 ], [ 80.314640263000058, 29.496140021000031 ], [ 80.314695639000035, 29.497581709000031 ], [ 80.316823889000034, 29.500001834000045 ], [ 80.323759013000085, 29.503026208000051 ], [ 80.330404577000081, 29.505333647000043 ], [ 80.332509014000038, 29.508127896000076 ], [ 80.333740202000058, 29.512749396000061 ], [ 80.337110014000075, 29.512660209000046 ], [ 80.340401264000036, 29.510468146000051 ], [ 80.342973576000077, 29.509957584000063 ], [ 80.347042014000067, 29.513663584000028 ], [ 80.348505013000079, 29.515825022000058 ], [ 80.351346951000039, 29.518906771000047 ], [ 80.351574827000036, 29.519884646000037 ], [ 80.350055826000073, 29.523529333000056 ], [ 80.350923826000042, 29.524932209000042 ], [ 80.356800701000054, 29.527478208000048 ], [ 80.359318138000049, 29.530867271000034 ], [ 80.359692389000031, 29.532524834000071 ], [ 80.358233326000061, 29.534561522000047 ], [ 80.355781764000085, 29.535316646000069 ], [ 80.353325264000034, 29.536838647000025 ], [ 80.350703389000046, 29.540216271000077 ], [ 80.348159327000076, 29.540984334000029 ], [ 80.345934077000038, 29.54000570900007 ], [ 80.343531638000059, 29.540316396000037 ], [ 80.343061138000053, 29.541660771000068 ], [ 80.347296077000067, 29.548354271000051 ], [ 80.34676376300007, 29.549793084000044 ], [ 80.344411452000031, 29.551784583000028 ], [ 80.344389076000084, 29.552914647000023 ], [ 80.351006639000047, 29.555342771000028 ], [ 80.358934952000084, 29.555058709000036 ], [ 80.361453202000064, 29.555986647000054 ], [ 80.365727826000068, 29.556611708000048 ], [ 80.365715389000059, 29.558603459000039 ], [ 80.364181638000048, 29.560224834000053 ], [ 80.364058139000065, 29.56273939700003 ], [ 80.365619327000047, 29.564120647000038 ], [ 80.368505201000062, 29.562923022000064 ], [ 80.37363076400004, 29.56290670900006 ], [ 80.377626576000068, 29.561265271000025 ], [ 80.380658264000033, 29.561466646000042 ], [ 80.380891701000053, 29.564118271000041 ], [ 80.380468076000056, 29.566299834000063 ], [ 80.38046120100006, 29.570337708000068 ], [ 80.38129095100004, 29.571746896000036 ], [ 80.385058389000051, 29.57124777100006 ], [ 80.389640389000078, 29.571753959000034 ], [ 80.391924576000065, 29.574602209000034 ], [ 80.392550827000036, 29.580296396000051 ], [ 80.39314938900003, 29.581609771000046 ], [ 80.398198514000057, 29.584657709000055 ], [ 80.399773201000073, 29.586943209000026 ], [ 80.40491426400007, 29.589569521000044 ], [ 80.409891264000066, 29.595923647000063 ], [ 80.410758639000051, 29.603288146000068 ], [ 80.410570263000068, 29.605001584000036 ], [ 80.41240988900006, 29.605485834000035 ], [ 80.416154826000081, 29.605509084000062 ], [ 80.41950982600008, 29.606854709000061 ], [ 80.418736951000085, 29.612874272000056 ], [ 80.419913076000057, 29.614248709000037 ], [ 80.422612326000035, 29.614398021000056 ], [ 80.427682701000037, 29.612071709000077 ], [ 80.429333514000064, 29.612378833000037 ], [ 80.430261889000064, 29.614110771000071 ], [ 80.430127951000031, 29.616862209000033 ], [ 80.430888326000058, 29.618230209000046 ], [ 80.434648452000033, 29.618562147000034 ], [ 80.438516701000083, 29.620234271000072 ], [ 80.439811263000081, 29.619637459000046 ], [ 80.441220888000032, 29.617358271000057 ], [ 80.443650951000052, 29.616547396000044 ], [ 80.446606889000066, 29.618111772000077 ], [ 80.451501639000071, 29.625314458000048 ], [ 80.457724638000059, 29.625049021000052 ], [ 80.460150014000078, 29.626202646000024 ], [ 80.461876201000052, 29.624359896000044 ], [ 80.465244202000065, 29.622435834000044 ], [ 80.466469201000052, 29.62220389600003 ], [ 80.468744077000053, 29.620435459000078 ], [ 80.473802138000053, 29.621766209000043 ], [ 80.477904452000075, 29.62157264700005 ], [ 80.481214076000072, 29.623144333000027 ], [ 80.488639638000052, 29.623721334000038 ], [ 80.49108332600008, 29.623620209000023 ], [ 80.496830638000063, 29.624154209000039 ], [ 80.499076263000063, 29.625525209000045 ], [ 80.499137764000068, 29.629019646000074 ], [ 80.500348826000049, 29.632204834000049 ], [ 80.503126513000041, 29.634254521000059 ], [ 80.50679182600004, 29.638121084000034 ], [ 80.506924826000045, 29.638850146000038 ], [ 80.507344639000053, 29.643453522000073 ], [ 80.508072389000063, 29.644751022000037 ], [ 80.512212514000055, 29.647211584000047 ], [ 80.513851951000049, 29.649448522000057 ], [ 80.516632389000051, 29.650615959000049 ], [ 80.519622388000073, 29.652925459000073 ], [ 80.521039764000079, 29.653715584000054 ], [ 80.524307389000057, 29.653815334000058 ], [ 80.529635889000076, 29.656721646000051 ], [ 80.534540013000083, 29.660842334000051 ], [ 80.539321451000035, 29.663854709000077 ], [ 80.541875889000039, 29.663730459000078 ], [ 80.544730077000054, 29.666311771000039 ], [ 80.547913764000043, 29.666363334000039 ], [ 80.550291951000077, 29.667997834000062 ], [ 80.552908701000035, 29.668036021000034 ], [ 80.555181139000069, 29.67119727100004 ], [ 80.556742389000078, 29.671554396000033 ], [ 80.559059327000057, 29.670574084000066 ], [ 80.560558889000049, 29.670777584000064 ], [ 80.561528764000059, 29.672878647000061 ], [ 80.57102595200007, 29.679248459000064 ], [ 80.571752826000079, 29.683139771000072 ], [ 80.573498827000037, 29.684778522000045 ], [ 80.574572139000054, 29.687112271000046 ], [ 80.57698382600006, 29.686666584000079 ], [ 80.579149888000074, 29.688108146000047 ], [ 80.584694451000075, 29.687994834000051 ], [ 80.587652701000081, 29.688301834000072 ], [ 80.592088639000053, 29.690487834000066 ], [ 80.59500188800007, 29.690850959000045 ], [ 80.599239014000034, 29.690629209000065 ], [ 80.603026701000033, 29.691754959000036 ], [ 80.60544507600008, 29.690180896000072 ], [ 80.606287201000043, 29.687984021000034 ], [ 80.608262764000074, 29.686634147000063 ], [ 80.610354826000048, 29.686696709000046 ], [ 80.613331763000076, 29.687961896000047 ], [ 80.621070889000066, 29.688065459000029 ], [ 80.625656889000084, 29.686813021000034 ], [ 80.629379014000051, 29.688001021000048 ], [ 80.634490763000031, 29.690571022000029 ], [ 80.640575826000031, 29.689678584000035 ], [ 80.644029702000068, 29.687231334000046 ], [ 80.645081576000052, 29.685761146000061 ], [ 80.647329576000061, 29.685015959000054 ], [ 80.648341451000078, 29.682663584000068 ], [ 80.649456576000034, 29.681822896000028 ], [ 80.653163514000084, 29.681155959000023 ], [ 80.658123076000038, 29.682192959000076 ], [ 80.66158482600008, 29.682330396000054 ], [ 80.667012389000035, 29.685664709000037 ], [ 80.669252826000047, 29.685670271000049 ], [ 80.672399201000076, 29.68728420900004 ], [ 80.676031889000058, 29.687236771000073 ], [ 80.67809657600003, 29.692290272000037 ], [ 80.681045389000076, 29.694688522000035 ], [ 80.684321139000076, 29.699686084000064 ], [ 80.685364763000052, 29.700509772000032 ], [ 80.687316138000085, 29.703995022000072 ], [ 80.690777576000073, 29.705205521000039 ], [ 80.695329701000048, 29.706055209000056 ], [ 80.697356139000078, 29.706095959000038 ], [ 80.702676827000062, 29.704768084000079 ], [ 80.705535576000045, 29.703260771000032 ], [ 80.705931326000041, 29.701903709000078 ], [ 80.70896657600008, 29.699634334000052 ], [ 80.710362701000065, 29.69925164600005 ], [ 80.712824701000045, 29.699981146000027 ], [ 80.717484076000062, 29.702416084000049 ], [ 80.721886076000033, 29.703183396000043 ], [ 80.724873201000037, 29.70316702100007 ], [ 80.730082076000031, 29.703956021000067 ], [ 80.732175452000035, 29.703824896000071 ], [ 80.737120014000084, 29.70581764700006 ], [ 80.73936720100005, 29.705149897000069 ], [ 80.744318201000056, 29.70440833400005 ], [ 80.748238764000064, 29.704835459000037 ], [ 80.753955264000069, 29.707627584000079 ], [ 80.756573702000082, 29.707864833000031 ], [ 80.760311764000051, 29.704293897000071 ], [ 80.76356832700003, 29.704117021000059 ], [ 80.764151139000035, 29.703091646000075 ], [ 80.767378514000029, 29.701703272000032 ], [ 80.773426827000037, 29.702467209000076 ], [ 80.776888201000077, 29.701392584000075 ], [ 80.780155701000069, 29.70209733400003 ], [ 80.782394701000044, 29.701798772000075 ], [ 80.785285826000063, 29.699389771000028 ], [ 80.787571201000048, 29.696039084000063 ], [ 80.789576576000059, 29.695744522000041 ], [ 80.791471826000077, 29.692447271000049 ], [ 80.795521263000069, 29.688575896000032 ], [ 80.797696555000073, 29.688312604000032 ], [ 80.796661451000034, 29.686897084000066 ], [ 80.796687889000054, 29.683549521000032 ], [ 80.793940452000072, 29.682056459000023 ], [ 80.793266576000065, 29.680744771000036 ], [ 80.793867639000041, 29.678007147000073 ], [ 80.791023577000033, 29.679011022000054 ], [ 80.789231951000033, 29.677938959000073 ], [ 80.786794076000035, 29.67970589600003 ], [ 80.78456632700005, 29.680250396000076 ], [ 80.782020389000081, 29.677839334000055 ], [ 80.781298638000067, 29.675909396000065 ], [ 80.781256013000075, 29.671591771000067 ], [ 80.780531014000076, 29.670158084000036 ], [ 80.781135389000042, 29.667801771000029 ], [ 80.780377764000036, 29.665644021000048 ], [ 80.778652389000058, 29.667657834000067 ], [ 80.776834139000073, 29.668705959000079 ], [ 80.772842076000074, 29.668782646000068 ], [ 80.771845764000034, 29.668298209000056 ], [ 80.76716538900007, 29.66360252100003 ], [ 80.764716264000072, 29.661964959000045 ], [ 80.766133076000074, 29.659010146000071 ], [ 80.765304763000074, 29.656437022000034 ], [ 80.765907452000079, 29.651161771000034 ], [ 80.763654951000035, 29.647480834000078 ], [ 80.768378326000061, 29.645014522000054 ], [ 80.770252076000077, 29.64482152100004 ], [ 80.773233701000038, 29.642318209000052 ], [ 80.777529763000075, 29.642242021000072 ], [ 80.78041651400008, 29.644076272000063 ], [ 80.786027576000038, 29.645463771000038 ], [ 80.787662701000045, 29.644209896000064 ], [ 80.791318201000081, 29.643130647000078 ], [ 80.792557138000063, 29.641377584000054 ], [ 80.785317952000071, 29.634697834000065 ], [ 80.783176327000035, 29.634243209000033 ], [ 80.782564889000071, 29.632933896000054 ], [ 80.783800701000075, 29.630555959000048 ], [ 80.783850764000078, 29.628124272000036 ], [ 80.785550139000065, 29.625616334000028 ], [ 80.785168952000049, 29.623520022000037 ], [ 80.786565576000044, 29.617217209000046 ], [ 80.78944788900003, 29.613310271000046 ], [ 80.787600951000059, 29.607938459000025 ], [ 80.787703638000039, 29.604351896000026 ], [ 80.78830638800008, 29.602667771000029 ], [ 80.78680451300005, 29.597373209000068 ], [ 80.782842138000035, 29.590170646000047 ], [ 80.780440889000033, 29.589194459000055 ], [ 80.779461076000075, 29.586833209000076 ], [ 80.779015326000035, 29.583044959000063 ], [ 80.780290388000083, 29.579586584000026 ], [ 80.778657202000034, 29.578043146000027 ], [ 80.778758638000056, 29.575020521000056 ], [ 80.78163538900003, 29.572067896000078 ], [ 80.781084451000083, 29.569948709000073 ], [ 80.778542576000063, 29.568606896000063 ], [ 80.777272826000058, 29.566303709000067 ], [ 80.778236638000067, 29.562614772000074 ], [ 80.778598388000034, 29.560772396000061 ], [ 80.776325451000048, 29.558420271000045 ], [ 80.776069076000056, 29.556777583000041 ], [ 80.774456201000078, 29.553693334000059 ], [ 80.77298120100005, 29.551852334000046 ], [ 80.771349014000066, 29.55369027100005 ], [ 80.769115764000048, 29.553853397000069 ], [ 80.763567951000084, 29.555731772000058 ], [ 80.762204202000078, 29.555605271000047 ], [ 80.757898139000076, 29.556526896000037 ], [ 80.756549764000056, 29.556204709000042 ], [ 80.752497451000067, 29.553717771000038 ], [ 80.749998201000039, 29.55326277100005 ], [ 80.749008951000064, 29.551434959000062 ], [ 80.74854732700004, 29.548008959000072 ], [ 80.748386701000072, 29.543251583000028 ], [ 80.747748326000078, 29.54206664700007 ], [ 80.748539013000084, 29.539264583000033 ], [ 80.74919701400006, 29.532475021000039 ], [ 80.750000072000034, 29.530654423000044 ], [ 80.751366138000037, 29.529891771000052 ], [ 80.755287513000042, 29.529758771000047 ], [ 80.758888764000062, 29.528064458000074 ], [ 80.762294576000045, 29.528147271000023 ], [ 80.765435764000074, 29.526485771000068 ], [ 80.770190451000076, 29.52617377100006 ], [ 80.772497638000061, 29.524535458000059 ], [ 80.77518445100003, 29.524093334000042 ], [ 80.777606701000082, 29.524462896000045 ], [ 80.782329701000037, 29.523252521000074 ], [ 80.783385014000032, 29.521575896000058 ], [ 80.782808263000049, 29.520068084000059 ], [ 80.78349051400005, 29.517754647000061 ], [ 80.786570576000031, 29.513570521000076 ], [ 80.787979076000056, 29.507727834000036 ], [ 80.790022951000083, 29.506774584000027 ], [ 80.794325513000047, 29.506558022000036 ], [ 80.797021138000048, 29.50771039600005 ], [ 80.80037320100007, 29.511011271000029 ], [ 80.800785888000064, 29.512166896000053 ], [ 80.802808201000062, 29.512853397000072 ], [ 80.806376826000076, 29.515218271000037 ], [ 80.808567076000031, 29.513913083000034 ], [ 80.811740138000062, 29.513376208000068 ], [ 80.815894826000033, 29.514306896000051 ], [ 80.817970388000049, 29.515936208000028 ], [ 80.819980326000064, 29.51335602100005 ], [ 80.824396076000085, 29.511002271000052 ], [ 80.825639138000042, 29.508962396000072 ], [ 80.824252388000048, 29.503458521000027 ], [ 80.824304701000074, 29.500810209000065 ], [ 80.827567014000067, 29.500000083000032 ], [ 80.830826138000077, 29.497576959000071 ], [ 80.836343389000035, 29.494026396000038 ], [ 80.842524701000059, 29.490963584000042 ], [ 80.846595452000031, 29.489377959000024 ], [ 80.848152451000033, 29.487538959000062 ], [ 80.849325327000031, 29.484485833000065 ], [ 80.851890451000031, 29.481472646000043 ], [ 80.854371326000035, 29.47953758400007 ], [ 80.854048827000042, 29.477243021000049 ], [ 80.856509077000055, 29.475210896000078 ], [ 80.856583326000077, 29.472763334000035 ], [ 80.858088389000045, 29.469060771000045 ], [ 80.861161326000058, 29.467248084000062 ], [ 80.864966514000059, 29.465514959000075 ], [ 80.870098326000061, 29.466724709000061 ], [ 80.872801701000071, 29.466465646000074 ], [ 80.87480507600003, 29.464640271000064 ], [ 80.876607139000043, 29.464567521000049 ], [ 80.877827389000061, 29.462793271000066 ], [ 80.878560951000054, 29.458864209000069 ], [ 80.880393576000074, 29.455745959000069 ], [ 80.881273702000044, 29.45312089600003 ], [ 80.885662826000043, 29.446740583000064 ], [ 80.88480876300008, 29.443286084000079 ], [ 80.887043826000081, 29.441995396000038 ], [ 80.890644264000059, 29.442436021000049 ], [ 80.899216888000069, 29.444143709000059 ], [ 80.903413139000065, 29.443898709000052 ], [ 80.904457576000084, 29.443003834000024 ], [ 80.90995845100008, 29.441426334000028 ], [ 80.909087576000047, 29.438560771000027 ], [ 80.903946639000083, 29.437106584000048 ], [ 80.902847952000059, 29.436203396000053 ], [ 80.90238695100004, 29.434211146000052 ], [ 80.900960638000072, 29.432703209000067 ], [ 80.898636013000043, 29.432121646000041 ], [ 80.894723764000048, 29.426054771000054 ], [ 80.893401701000073, 29.424546833000079 ], [ 80.891048264000062, 29.423405708000075 ], [ 80.887864139000044, 29.422877396000047 ], [ 80.884545514000081, 29.419921646000034 ], [ 80.882104638000044, 29.418547896000064 ], [ 80.880318451000051, 29.416825083000049 ], [ 80.878234264000071, 29.413482146000035 ], [ 80.875046263000058, 29.411629396000023 ], [ 80.869557888000031, 29.411549709000042 ], [ 80.865144701000077, 29.414089959000023 ], [ 80.863500826000063, 29.414327396000033 ], [ 80.863217576000068, 29.410983896000062 ], [ 80.85880970200003, 29.408921959000054 ], [ 80.854131764000044, 29.40795358400004 ], [ 80.853688326000054, 29.405904771000053 ], [ 80.855421326000055, 29.40385602200007 ], [ 80.858988951000072, 29.401317458000051 ], [ 80.861425014000076, 29.39836702100007 ], [ 80.861840451000035, 29.396454458000051 ], [ 80.861261451000075, 29.394349146000025 ], [ 80.86081163800003, 29.389581959000054 ], [ 80.860124951000046, 29.387559896000027 ], [ 80.854842389000055, 29.378618646000064 ], [ 80.85240020100008, 29.376646583000024 ], [ 80.850327951000054, 29.375789271000031 ], [ 80.847188139000082, 29.375408959000026 ], [ 80.842873014000077, 29.37679358400004 ], [ 80.840193576000047, 29.378874834000044 ], [ 80.839216577000059, 29.380385146000037 ], [ 80.837495639000053, 29.381177209000043 ], [ 80.834924826000076, 29.379858771000045 ], [ 80.831549013000085, 29.375123896000048 ], [ 80.827645888000063, 29.370909396000059 ], [ 80.822451576000049, 29.36981527100005 ], [ 80.821258701000033, 29.369123333000061 ], [ 80.818821764000063, 29.366133271000024 ], [ 80.816349764000051, 29.364805646000036 ], [ 80.813255326000046, 29.365035959000068 ], [ 80.809949076000066, 29.366461521000076 ], [ 80.80820095100006, 29.366292084000065 ], [ 80.803024139000058, 29.364865584000029 ], [ 80.797355326000059, 29.365797833000045 ], [ 80.792897826000058, 29.365208959000029 ], [ 80.787472514000058, 29.366386958000078 ], [ 80.78748463800008, 29.370625896000035 ], [ 80.786675388000049, 29.372887271000025 ], [ 80.785051451000072, 29.375039834000063 ], [ 80.782219826000073, 29.375934521000033 ], [ 80.781487888000072, 29.378101271000048 ], [ 80.78024195100005, 29.379416646000038 ], [ 80.769998264000037, 29.38258920800007 ], [ 80.764195576000077, 29.385529833000078 ], [ 80.764866389000076, 29.388407271000062 ], [ 80.764236514000061, 29.391510271000072 ], [ 80.765192139000078, 29.393224209000039 ], [ 80.76710513900008, 29.394542708000074 ], [ 80.769230139000058, 29.399538709000069 ], [ 80.766109951000033, 29.400376958000038 ], [ 80.763621389000036, 29.399758959000053 ], [ 80.759231764000049, 29.399469147000048 ], [ 80.754595576000042, 29.400196083000026 ], [ 80.748191826000038, 29.400463959000035 ], [ 80.747019764000072, 29.401059458000077 ], [ 80.743106638000086, 29.401708459000076 ], [ 80.740304826000056, 29.40286483400007 ], [ 80.734067451000044, 29.404460959000062 ], [ 80.73022295100003, 29.405985022000038 ], [ 80.728835076000053, 29.407134959000075 ], [ 80.723751514000071, 29.408987834000072 ], [ 80.721652701000039, 29.411990646000049 ], [ 80.721256201000074, 29.416278208000051 ], [ 80.720288951000043, 29.418631334000054 ], [ 80.715289263000045, 29.414975209000033 ], [ 80.713720326000043, 29.414315396000063 ], [ 80.708019764000085, 29.414663959000052 ], [ 80.707203888000038, 29.41739627100003 ], [ 80.704294451000067, 29.419587084000057 ], [ 80.698003763000031, 29.419839209000031 ], [ 80.693700451000041, 29.421995021000043 ], [ 80.691023701000063, 29.422252771000046 ], [ 80.689850639000042, 29.422983208000062 ], [ 80.683783576000053, 29.425107521000029 ], [ 80.679054514000029, 29.423688521000031 ], [ 80.675561013000049, 29.420521834000056 ], [ 80.672620014000074, 29.419957458000056 ], [ 80.670614139000065, 29.418930584000066 ], [ 80.671240764000061, 29.417474834000075 ], [ 80.67397795100004, 29.415956584000071 ], [ 80.674385076000078, 29.414637896000045 ], [ 80.677665639000054, 29.413269771000046 ], [ 80.679716451000047, 29.409728459000064 ], [ 80.679509389000032, 29.407361584000057 ], [ 80.680586014000085, 29.404988708000076 ], [ 80.680395514000054, 29.401626896000039 ], [ 80.678185076000034, 29.399074771000073 ], [ 80.676228514000059, 29.399539333000064 ], [ 80.672635201000048, 29.399149271000056 ], [ 80.667312894000077, 29.396699709000075 ], [ 80.665345947000048, 29.395235214000024 ], [ 80.664355200000045, 29.393042272000059 ], [ 80.663306764000083, 29.392432771000074 ], [ 80.659318701000075, 29.392138396000064 ], [ 80.658282825000072, 29.389523458000042 ], [ 80.655779075000055, 29.385079705000066 ], [ 80.652211388000069, 29.382528021000041 ], [ 80.649002139000061, 29.384525146000044 ], [ 80.646788760000049, 29.386405206000063 ], [ 80.639842139000052, 29.386939334000033 ], [ 80.637156956000069, 29.38558977200006 ], [ 80.634354264000081, 29.386536334000027 ], [ 80.633011827000075, 29.387610963000043 ], [ 80.628187073000049, 29.388220215000047 ], [ 80.62491870100007, 29.389815021000061 ], [ 80.624392138000076, 29.392913083000053 ], [ 80.622899952000068, 29.394131583000046 ], [ 80.617313951000085, 29.396538458000066 ], [ 80.613034576000075, 29.395592209000029 ], [ 80.607812513000056, 29.396804146000079 ], [ 80.602542514000049, 29.396682458000043 ], [ 80.599214201000052, 29.397119209000039 ], [ 80.596416451000039, 29.396952834000047 ], [ 80.593499889000043, 29.396059646000026 ], [ 80.583178138000051, 29.396679709000068 ], [ 80.583288701000072, 29.399272084000074 ], [ 80.582236014000046, 29.401143397000055 ], [ 80.580393576000063, 29.40609377100003 ], [ 80.578257013000041, 29.409076084000048 ], [ 80.577996451000047, 29.411818334000031 ], [ 80.57345138800008, 29.414359771000079 ], [ 80.566643701000032, 29.415770271000042 ], [ 80.563595826000039, 29.415011396000068 ], [ 80.558076264000078, 29.417258083000036 ], [ 80.555340326000078, 29.417436209000073 ], [ 80.554086263000045, 29.418512583000052 ], [ 80.55198763900006, 29.418180709000069 ], [ 80.550602889000061, 29.415053959000034 ], [ 80.549502763000078, 29.411377709000078 ], [ 80.549794076000069, 29.409091146000037 ], [ 80.549153263000051, 29.405116458000066 ], [ 80.549063389000082, 29.402138458000024 ], [ 80.549630138000055, 29.398711459000026 ], [ 80.544492139000056, 29.398574396000072 ], [ 80.538857451000069, 29.393316896000044 ], [ 80.533752826000068, 29.391993021000076 ], [ 80.53063032600005, 29.39178127200006 ], [ 80.524871326000039, 29.39230002100004 ], [ 80.52414888900006, 29.392766646000041 ], [ 80.517990139000062, 29.392345271000067 ], [ 80.511898138000049, 29.394619583000065 ], [ 80.509295576000056, 29.394364146000044 ], [ 80.504234889000031, 29.398850333000041 ], [ 80.50110632600007, 29.397424271000034 ], [ 80.497281889000078, 29.396839209000063 ], [ 80.491518701000075, 29.394367522000039 ], [ 80.488894263000077, 29.392448958000045 ], [ 80.487888076000047, 29.390816334000078 ], [ 80.48409663800004, 29.386835959000052 ], [ 80.481503888000077, 29.385702459000072 ], [ 80.478798451000046, 29.387803396000038 ], [ 80.470801952000045, 29.391500834000055 ], [ 80.469193951000079, 29.390923709000049 ], [ 80.465807451000046, 29.392162146000032 ], [ 80.46332076300007, 29.39414858400005 ], [ 80.459520889000032, 29.396055271000023 ], [ 80.456535326000051, 29.393300021000073 ], [ 80.453862326000035, 29.392454396000062 ], [ 80.452209763000042, 29.392939396000031 ], [ 80.450172576000057, 29.394577771000058 ], [ 80.447416201000067, 29.393314396000051 ], [ 80.446575326000072, 29.39227095900003 ], [ 80.447069826000074, 29.388891458000046 ], [ 80.44394438900008, 29.388858147000064 ], [ 80.443723951000038, 29.387242084000036 ], [ 80.44180801400006, 29.387840896000057 ], [ 80.439592076000054, 29.393299771000045 ], [ 80.437897701000054, 29.394043834000058 ], [ 80.435649388000058, 29.392958271000055 ], [ 80.432820451000055, 29.392504146000078 ], [ 80.432400639000036, 29.389944209000078 ], [ 80.430694514000038, 29.388703021000026 ], [ 80.43075938800007, 29.387164771000073 ], [ 80.427117451000072, 29.385141459000067 ], [ 80.426281952000068, 29.37978927100005 ], [ 80.423918139000079, 29.378118771000061 ], [ 80.421113013000081, 29.378438209000024 ], [ 80.419669201000033, 29.376189646000057 ], [ 80.420096576000049, 29.374071021000077 ], [ 80.417443826000067, 29.37371427100004 ], [ 80.418270702000029, 29.37041083400004 ], [ 80.420291701000053, 29.369399958000031 ], [ 80.420799326000065, 29.368217896000033 ], [ 80.418932138000059, 29.36691264600006 ], [ 80.419642013000043, 29.364134271000069 ], [ 80.419549639000081, 29.361575708000032 ], [ 80.416114701000083, 29.356006833000038 ], [ 80.414692701000035, 29.356731459000059 ], [ 80.413921201000051, 29.359299771000053 ], [ 80.411932014000058, 29.35977377100005 ], [ 80.410556576000033, 29.358310396000036 ], [ 80.407586201000072, 29.356621146000066 ], [ 80.404189139000039, 29.355983396000056 ], [ 80.403107888000079, 29.357469709000043 ], [ 80.405077076000055, 29.358615459000077 ], [ 80.403584638000041, 29.36067289600004 ], [ 80.401585701000045, 29.359939771000029 ], [ 80.401175701000057, 29.358049834000042 ], [ 80.39933101400004, 29.357594834000054 ], [ 80.39459363900005, 29.358360708000077 ], [ 80.39300638900005, 29.357214334000048 ], [ 80.388049951000085, 29.355910333000054 ], [ 80.386565326000039, 29.354671834000044 ], [ 80.388592201000051, 29.351407896000069 ], [ 80.387947201000031, 29.349189709000029 ], [ 80.386022014000048, 29.34909964600007 ], [ 80.383819889000051, 29.353788459000043 ], [ 80.381076951000068, 29.353917834000072 ], [ 80.379593701000033, 29.349243584000078 ], [ 80.378376514000081, 29.349068771000077 ], [ 80.376229826000042, 29.350412271000039 ], [ 80.375190451000037, 29.349999083000057 ], [ 80.375094889000081, 29.348040583000056 ], [ 80.37313107600005, 29.347528271000044 ], [ 80.371780763000061, 29.349283771000046 ], [ 80.370042514000033, 29.350049333000072 ], [ 80.369188889000043, 29.348957959000074 ], [ 80.369153451000045, 29.345240209000053 ], [ 80.367428889000053, 29.340449584000055 ] ] ] } },
{ "type": "Feature", "properties": { "DISTRICT": "BAJHANG", "STATE_CODE": 7, "PR_NAME": "Sudurpashchim Province" }, "geometry": { "type": "Polygon", "coordinates": [ [ [ 81.025663201000043, 29.421415209000031 ], [ 81.023961263000047, 29.421821583000053 ], [ 81.017948326000067, 29.420992333000072 ], [ 81.015768638000054, 29.421358084000076 ], [ 81.010178701000029, 29.419804271000032 ], [ 81.00489963800004, 29.416113958000039 ], [ 81.002067077000049, 29.412840708000033 ], [ 80.998178014000075, 29.410902896000039 ], [ 80.996603451000055, 29.409459084000048 ], [ 80.991987014000074, 29.407985833000055 ], [ 80.988575389000061, 29.405131834000031 ], [ 80.985842888000036, 29.404233771000065 ], [ 80.981527451000034, 29.404066271000033 ], [ 80.979006702000049, 29.402689771000041 ], [ 80.975998639000068, 29.401987709000025 ], [ 80.973125701000072, 29.400421584000071 ], [ 80.963079139000058, 29.39930477200005 ], [ 80.961345639000058, 29.400109583000074 ], [ 80.957944201000032, 29.400266521000049 ], [ 80.955739326000071, 29.40133058300006 ], [ 80.95134607600005, 29.399907896000059 ], [ 80.948642951000068, 29.400427896000053 ], [ 80.943081826000082, 29.398884896000027 ], [ 80.94104463900004, 29.39779889600004 ], [ 80.937449514000036, 29.400835959000062 ], [ 80.936197514000071, 29.40381764600005 ], [ 80.935090513000034, 29.408049146000053 ], [ 80.933541701000081, 29.410049396000034 ], [ 80.932729077000033, 29.413011022000035 ], [ 80.933855764000043, 29.414971896000054 ], [ 80.933898889000034, 29.417457958000057 ], [ 80.93190876400007, 29.420279083000025 ], [ 80.929715014000067, 29.421031396000046 ], [ 80.928504513000064, 29.422878333000028 ], [ 80.928282076000073, 29.425443209000036 ], [ 80.925398827000038, 29.427618521000056 ], [ 80.919060389000038, 29.430405396000026 ], [ 80.917662138000082, 29.431841521000024 ], [ 80.917217951000055, 29.434582146000025 ], [ 80.914186201000064, 29.441086209000048 ], [ 80.914482013000054, 29.444499584000027 ], [ 80.913448389000052, 29.445692271000041 ], [ 80.91234563900008, 29.444870396000056 ], [ 80.910011888000042, 29.444036396000058 ], [ 80.90995845100008, 29.441426334000028 ], [ 80.904457576000084, 29.443003834000024 ], [ 80.903413139000065, 29.443898709000052 ], [ 80.899216888000069, 29.444143709000059 ], [ 80.890644264000059, 29.442436021000049 ], [ 80.887043826000081, 29.441995396000038 ], [ 80.88480876300008, 29.443286084000079 ], [ 80.885662826000043, 29.446740583000064 ], [ 80.881273702000044, 29.45312089600003 ], [ 80.880393576000074, 29.455745959000069 ], [ 80.878560951000054, 29.458864209000069 ], [ 80.877827389000061, 29.462793271000066 ], [ 80.876607139000043, 29.464567521000049 ], [ 80.87480507600003, 29.464640271000064 ], [ 80.872801701000071, 29.466465646000074 ], [ 80.870098326000061, 29.466724709000061 ], [ 80.864966514000059, 29.465514959000075 ], [ 80.861161326000058, 29.467248084000062 ], [ 80.858088389000045, 29.469060771000045 ], [ 80.856583326000077, 29.472763334000035 ], [ 80.856509077000055, 29.475210896000078 ], [ 80.854048827000042, 29.477243021000049 ], [ 80.854371326000035, 29.47953758400007 ], [ 80.851890451000031, 29.481472646000043 ], [ 80.849325327000031, 29.484485833000065 ], [ 80.848152451000033, 29.487538959000062 ], [ 80.846595452000031, 29.489377959000024 ], [ 80.842524701000059, 29.490963584000042 ], [ 80.836343389000035, 29.494026396000038 ], [ 80.830826138000077, 29.497576959000071 ], [ 80.827567014000067, 29.500000083000032 ], [ 80.824304701000074, 29.500810209000065 ], [ 80.824252388000048, 29.503458521000027 ], [ 80.825639138000042, 29.508962396000072 ], [ 80.824396076000085, 29.511002271000052 ], [ 80.819980326000064, 29.51335602100005 ], [ 80.817970388000049, 29.515936208000028 ], [ 80.815894826000033, 29.514306896000051 ], [ 80.811740138000062, 29.513376208000068 ], [ 80.808567076000031, 29.513913083000034 ], [ 80.806376826000076, 29.515218271000037 ], [ 80.802808201000062, 29.512853397000072 ], [ 80.800785888000064, 29.512166896000053 ], [ 80.80037320100007, 29.511011271000029 ], [ 80.797021138000048, 29.50771039600005 ], [ 80.794325513000047, 29.506558022000036 ], [ 80.790022951000083, 29.506774584000027 ], [ 80.787979076000056, 29.507727834000036 ], [ 80.786570576000031, 29.513570521000076 ], [ 80.78349051400005, 29.517754647000061 ], [ 80.782808263000049, 29.520068084000059 ], [ 80.783385014000032, 29.521575896000058 ], [ 80.782329701000037, 29.523252521000074 ], [ 80.777606701000082, 29.524462896000045 ], [ 80.77518445100003, 29.524093334000042 ], [ 80.772497638000061, 29.524535458000059 ], [ 80.770190451000076, 29.52617377100006 ], [ 80.765435764000074, 29.526485771000068 ], [ 80.762294576000045, 29.528147271000023 ], [ 80.758888764000062, 29.528064458000074 ], [ 80.755287513000042, 29.529758771000047 ], [ 80.751366138000037, 29.529891771000052 ], [ 80.750000072000034, 29.530654423000044 ], [ 80.74919701400006, 29.532475021000039 ], [ 80.748539013000084, 29.539264583000033 ], [ 80.747748326000078, 29.54206664700007 ], [ 80.748386701000072, 29.543251583000028 ], [ 80.74854732700004, 29.548008959000072 ], [ 80.749008951000064, 29.551434959000062 ], [ 80.749998201000039, 29.55326277100005 ], [ 80.752497451000067, 29.553717771000038 ], [ 80.756549764000056, 29.556204709000042 ], [ 80.757898139000076, 29.556526896000037 ], [ 80.762204202000078, 29.555605271000047 ], [ 80.763567951000084, 29.555731772000058 ], [ 80.769115764000048, 29.553853397000069 ], [ 80.771349014000066, 29.55369027100005 ], [ 80.77298120100005, 29.551852334000046 ], [ 80.774456201000078, 29.553693334000059 ], [ 80.776069076000056, 29.556777583000041 ], [ 80.776325451000048, 29.558420271000045 ], [ 80.778598388000034, 29.560772396000061 ], [ 80.778236638000067, 29.562614772000074 ], [ 80.777272826000058, 29.566303709000067 ], [ 80.778542576000063, 29.568606896000063 ], [ 80.781084451000083, 29.569948709000073 ], [ 80.78163538900003, 29.572067896000078 ], [ 80.778758638000056, 29.575020521000056 ], [ 80.778657202000034, 29.578043146000027 ], [ 80.780290388000083, 29.579586584000026 ], [ 80.779015326000035, 29.583044959000063 ], [ 80.779461076000075, 29.586833209000076 ], [ 80.780440889000033, 29.589194459000055 ], [ 80.782842138000035, 29.590170646000047 ], [ 80.78680451300005, 29.597373209000068 ], [ 80.78830638800008, 29.602667771000029 ], [ 80.787703638000039, 29.604351896000026 ], [ 80.787600951000059, 29.607938459000025 ], [ 80.78944788900003, 29.613310271000046 ], [ 80.786565576000044, 29.617217209000046 ], [ 80.785168952000049, 29.623520022000037 ], [ 80.785550139000065, 29.625616334000028 ], [ 80.783850764000078, 29.628124272000036 ], [ 80.783800701000075, 29.630555959000048 ], [ 80.782564889000071, 29.632933896000054 ], [ 80.783176327000035, 29.634243209000033 ], [ 80.785317952000071, 29.634697834000065 ], [ 80.792557138000063, 29.641377584000054 ], [ 80.791318201000081, 29.643130647000078 ], [ 80.787662701000045, 29.644209896000064 ], [ 80.786027576000038, 29.645463771000038 ], [ 80.78041651400008, 29.644076272000063 ], [ 80.777529763000075, 29.642242021000072 ], [ 80.773233701000038, 29.642318209000052 ], [ 80.770252076000077, 29.64482152100004 ], [ 80.768378326000061, 29.645014522000054 ], [ 80.763654951000035, 29.647480834000078 ], [ 80.765907452000079, 29.651161771000034 ], [ 80.765304763000074, 29.656437022000034 ], [ 80.766133076000074, 29.659010146000071 ], [ 80.764716264000072, 29.661964959000045 ], [ 80.76716538900007, 29.66360252100003 ], [ 80.771845764000034, 29.668298209000056 ], [ 80.772842076000074, 29.668782646000068 ], [ 80.776834139000073, 29.668705959000079 ], [ 80.778652389000058, 29.667657834000067 ], [ 80.780377764000036, 29.665644021000048 ], [ 80.781135389000042, 29.667801771000029 ], [ 80.780531014000076, 29.670158084000036 ], [ 80.781256013000075, 29.671591771000067 ], [ 80.781298638000067, 29.675909396000065 ], [ 80.782020389000081, 29.677839334000055 ], [ 80.78456632700005, 29.680250396000076 ], [ 80.786794076000035, 29.67970589600003 ], [ 80.789231951000033, 29.677938959000073 ], [ 80.791023577000033, 29.679011022000054 ], [ 80.793867639000041, 29.678007147000073 ], [ 80.793266576000065, 29.680744771000036 ], [ 80.793940452000072, 29.682056459000023 ], [ 80.796687889000054, 29.683549521000032 ], [ 80.796661451000034, 29.686897084000066 ], [ 80.797696555000073, 29.688312604000032 ], [ 80.802236639000057, 29.687146896000058 ], [ 80.805693826000038, 29.686976021000078 ], [ 80.808214014000043, 29.685662334000028 ], [ 80.812948702000085, 29.684119334000059 ], [ 80.814153389000069, 29.684391771000037 ], [ 80.817596889000072, 29.686895959000026 ], [ 80.82217188900006, 29.687576647000071 ], [ 80.825411014000053, 29.686319959000059 ], [ 80.828789577000066, 29.687912459000074 ], [ 80.83000476400008, 29.690442709000024 ], [ 80.832157513000084, 29.691257646000054 ], [ 80.833491202000062, 29.689820084000075 ], [ 80.838057389000085, 29.689043021000032 ], [ 80.840365514000041, 29.687265959000058 ], [ 80.84210538800005, 29.687412459000029 ], [ 80.844973264000032, 29.691322897000077 ], [ 80.84719407700004, 29.693405272000064 ], [ 80.853552139000044, 29.695796834000078 ], [ 80.860006889000033, 29.69599108400007 ], [ 80.86240820200004, 29.697922271000039 ], [ 80.864216264000049, 29.700087521000057 ], [ 80.865097013000081, 29.703501397000025 ], [ 80.866386202000058, 29.706347272000073 ], [ 80.872589951000066, 29.707400084000028 ], [ 80.879971264000062, 29.712200521000057 ], [ 80.881615326000031, 29.712068896000062 ], [ 80.883568451000031, 29.713347397000064 ], [ 80.89188695200005, 29.713889084000073 ], [ 80.892993326000067, 29.715493834000029 ], [ 80.896115826000084, 29.716407709000066 ], [ 80.898409701000048, 29.720327771000029 ], [ 80.901173639000035, 29.720799084000078 ], [ 80.905129014000067, 29.722647209000058 ], [ 80.908656638000082, 29.724682147000067 ], [ 80.915471076000074, 29.725194209000051 ], [ 80.920879452000065, 29.724651709000057 ], [ 80.928661326000054, 29.728621771000064 ], [ 80.933085514000084, 29.729770022000025 ], [ 80.935568827000054, 29.732130834000031 ], [ 80.939838264000059, 29.734763084000065 ], [ 80.941595888000052, 29.735451897000075 ], [ 80.947698326000079, 29.735517647000052 ], [ 80.95076926400003, 29.732489271000077 ], [ 80.953400951000049, 29.730926959000044 ], [ 80.95588563900003, 29.730704459000037 ], [ 80.959760514000038, 29.726527959000066 ], [ 80.962574264000068, 29.72538058300006 ], [ 80.965607201000068, 29.724711459000048 ], [ 80.973974701000031, 29.72216433400007 ], [ 80.976934388000075, 29.72190770900005 ], [ 80.97671488900005, 29.723917584000048 ], [ 80.977993139000034, 29.725927709000075 ], [ 80.982413389000044, 29.729848959000037 ], [ 80.984568826000043, 29.733293834000051 ], [ 80.985738014000049, 29.733963896000034 ], [ 80.988002951000055, 29.739003584000045 ], [ 80.989853951000043, 29.741148959000043 ], [ 80.998527201000059, 29.741936647000045 ], [ 81.000000014000079, 29.742638209000063 ], [ 81.004825826000058, 29.74060339600004 ], [ 81.00693551300003, 29.741322897000032 ], [ 81.009347263000052, 29.744446959000072 ], [ 81.01152701400008, 29.745944647000044 ], [ 81.01723107600003, 29.746135772000059 ], [ 81.019827701000054, 29.745560209000075 ], [ 81.021845638000059, 29.748108896000076 ], [ 81.026296388000048, 29.743605584000079 ], [ 81.031119014000069, 29.743230022000034 ], [ 81.032996764000075, 29.742329522000034 ], [ 81.034504264000077, 29.743563084000073 ], [ 81.036708451000038, 29.747397334000027 ], [ 81.039143889000059, 29.749681709000072 ], [ 81.039907076000077, 29.752674897000077 ], [ 81.043001826000079, 29.752315272000033 ], [ 81.046084576000055, 29.753336084000068 ], [ 81.049676514000055, 29.753961897000067 ], [ 81.054471951000039, 29.756344396000031 ], [ 81.057078514000068, 29.756661334000057 ], [ 81.058478764000085, 29.757739021000077 ], [ 81.060348389000069, 29.760972959000071 ], [ 81.062003576000052, 29.762278271000071 ], [ 81.064330952000034, 29.768539209000039 ], [ 81.061975326000038, 29.772090959000025 ], [ 81.065406952000046, 29.775538397000048 ], [ 81.065831264000053, 29.784283771000048 ], [ 81.064752264000049, 29.786806334000062 ], [ 81.064103077000084, 29.793813022000052 ], [ 81.069554264000033, 29.795944209000027 ], [ 81.069905326000082, 29.800036022000029 ], [ 81.071067264000078, 29.803206959000079 ], [ 81.070965388000047, 29.807716334000077 ], [ 81.072018889000049, 29.810551209000039 ], [ 81.071036014000072, 29.814826459000074 ], [ 81.072736514000042, 29.817453459000035 ], [ 81.071829764000086, 29.821891021000056 ], [ 81.072593826000059, 29.824464459000069 ], [ 81.071576639000057, 29.828408084000046 ], [ 81.069311826000046, 29.827367147000075 ], [ 81.065258076000077, 29.82703308400005 ], [ 81.061811202000058, 29.828496459000064 ], [ 81.057165326000074, 29.829811397000071 ], [ 81.055890513000065, 29.832313584000076 ], [ 81.053461638000044, 29.834040271000049 ], [ 81.05111626300004, 29.834814897000058 ], [ 81.046310076000054, 29.838791334000064 ], [ 81.043368389000079, 29.83954120900006 ], [ 81.041768139000055, 29.840674147000072 ], [ 81.040667764000034, 29.842896459000031 ], [ 81.039866326000038, 29.846444896000037 ], [ 81.04019813900004, 29.848727647000032 ], [ 81.040243264000082, 29.853911334000031 ], [ 81.040788826000039, 29.856744397000057 ], [ 81.042213264000054, 29.860062147000065 ], [ 81.04027688900004, 29.861109396000074 ], [ 81.038417389000074, 29.864619897000068 ], [ 81.039512889000036, 29.869449147000068 ], [ 81.039146264000067, 29.871172584000078 ], [ 81.039597702000037, 29.875494521000064 ], [ 81.04047801400003, 29.878544084000055 ], [ 81.042509388000042, 29.881714959000078 ], [ 81.039254889000063, 29.885088272000075 ], [ 81.03205682600003, 29.89545083400003 ], [ 81.030911889000038, 29.901972459000035 ], [ 81.031274889000031, 29.903639334000047 ], [ 81.029422514000032, 29.906412021000051 ], [ 81.027582014000075, 29.908158397000079 ], [ 81.02227451400006, 29.911833959000035 ], [ 81.016879639000081, 29.914304772000037 ], [ 81.01456401400003, 29.916671335000046 ], [ 81.013354702000072, 29.918767022000054 ], [ 81.011142014000029, 29.919667272000027 ], [ 81.007703263000053, 29.922155584000052 ], [ 81.004710326000065, 29.923281334000023 ], [ 81.004223201000059, 29.924952834000067 ], [ 81.00238063900008, 29.927833459000055 ], [ 81.004268827000033, 29.932441896000057 ], [ 81.004000577000056, 29.936163772000043 ], [ 81.007365951000054, 29.939928459000043 ], [ 81.01080582700007, 29.941958334000049 ], [ 81.012342577000084, 29.94558089700007 ], [ 81.015716388000044, 29.947522709000054 ], [ 81.017007701000068, 29.949665521000043 ], [ 81.018608389000065, 29.954206021000061 ], [ 81.02041351400004, 29.956738896000047 ], [ 81.023310202000062, 29.958658084000035 ], [ 81.021112577000054, 29.961011147000079 ], [ 81.019318889000033, 29.966131897000025 ], [ 81.019367764000037, 29.967783022000049 ], [ 81.021748702000082, 29.972109209000052 ], [ 81.02209120200007, 29.974261021000075 ], [ 81.018560827000044, 29.977135335000071 ], [ 81.017188201000067, 29.978829584000039 ], [ 81.016696202000048, 29.980731209000055 ], [ 81.019897327000081, 29.982747334000067 ], [ 81.023062951000043, 29.983360396000023 ], [ 81.027659014000051, 29.987532522000038 ], [ 81.029609827000058, 29.992487897000046 ], [ 81.034538138000073, 29.998890647000053 ], [ 81.036830389000045, 30.003985647000036 ], [ 81.040046639000082, 30.008441959000038 ], [ 81.040427701000056, 30.012698334000049 ], [ 81.039839013000062, 30.015112085000055 ], [ 81.041882763000046, 30.015634772000055 ], [ 81.04355263900004, 30.017752335000068 ], [ 81.046334764000051, 30.018644709000057 ], [ 81.048954077000076, 30.021909897000057 ], [ 81.053416014000049, 30.023153334000028 ], [ 81.055265139000085, 30.024120272000062 ], [ 81.05609220100007, 30.026474897000071 ], [ 81.05783695100007, 30.028964396000049 ], [ 81.062724264000053, 30.034071272000062 ], [ 81.064053576000049, 30.034508272000039 ], [ 81.066280952000056, 30.037015460000077 ], [ 81.066635764000068, 30.038416084000062 ], [ 81.070342389000075, 30.043536834000065 ], [ 81.073054264000064, 30.045479709000062 ], [ 81.076747389000047, 30.045448334000071 ], [ 81.080374389000042, 30.046519834000037 ], [ 81.081350514000064, 30.048380209000072 ], [ 81.083205389000057, 30.049085022000042 ], [ 81.086052451000057, 30.052532147000079 ], [ 81.089834389000032, 30.054291335000073 ], [ 81.092635514000051, 30.054242022000039 ], [ 81.096013451000033, 30.052696709000031 ], [ 81.099998076000077, 30.049269584000058 ], [ 81.100955014000078, 30.047712459000024 ], [ 81.105293139000082, 30.045543584000029 ], [ 81.108263764000071, 30.044505835000052 ], [ 81.109517139000047, 30.041619772000047 ], [ 81.109854201000076, 30.038971334000053 ], [ 81.11249795100008, 30.035671272000059 ], [ 81.115868764000084, 30.034396147000052 ], [ 81.119449139000039, 30.034460584000044 ], [ 81.121489826000072, 30.031023334000054 ], [ 81.123679452000033, 30.028878397000028 ], [ 81.125617514000055, 30.020316209000043 ], [ 81.131165639000073, 30.01825814700004 ], [ 81.135088452000048, 30.016061647000072 ], [ 81.139607952000063, 30.016643397000053 ], [ 81.144287014000042, 30.016660897000065 ], [ 81.146628451000083, 30.015859772000056 ], [ 81.14984357700007, 30.012174897000079 ], [ 81.150932327000078, 30.011627771000065 ], [ 81.156483076000029, 30.011871647000078 ], [ 81.15793551400003, 30.012456397000051 ], [ 81.16050720100003, 30.011314146000075 ], [ 81.164825389000043, 30.010505834000071 ], [ 81.166498576000038, 30.010760834000052 ], [ 81.169292202000065, 30.012173834000066 ], [ 81.172693201000072, 30.014445459000058 ], [ 81.176298264000081, 30.014357209000025 ], [ 81.179215702000079, 30.015115647000073 ], [ 81.182190889000083, 30.013990522000029 ], [ 81.184375139000053, 30.011600959000077 ], [ 81.18576132700008, 30.010807334000049 ], [ 81.187522514000079, 30.01181983400005 ], [ 81.18916813900006, 30.014411522000046 ], [ 81.192250327000068, 30.017380022000054 ], [ 81.193533952000053, 30.019832334000057 ], [ 81.196565389000057, 30.022895585000072 ], [ 81.200219827000069, 30.021784772000046 ], [ 81.203622951000057, 30.021551772000066 ], [ 81.205608014000063, 30.022044896000068 ], [ 81.209466452000072, 30.020459834000064 ], [ 81.21244301400003, 30.015625646000046 ], [ 81.215955389000044, 30.014045459000045 ], [ 81.219212389000063, 30.007324897000046 ], [ 81.227850139000054, 30.008063647000029 ], [ 81.229518327000051, 30.007496834000051 ], [ 81.233354389000056, 30.007702084000073 ], [ 81.238018639000074, 30.011025397000026 ], [ 81.241524639000033, 30.012534835000054 ], [ 81.243604702000084, 30.012632522000047 ], [ 81.247148576000029, 30.011225146000072 ], [ 81.249454827000079, 30.013323085000025 ], [ 81.25165176400003, 30.016212897000059 ], [ 81.255402014000083, 30.019711022000024 ], [ 81.255013577000057, 30.023652459000061 ], [ 81.249999951000063, 30.026944084000036 ], [ 81.24450345200006, 30.02903864600006 ], [ 81.239190576000055, 30.03158383400006 ], [ 81.244450451000034, 30.033717022000076 ], [ 81.245753764000085, 30.035110897000038 ], [ 81.250434889000076, 30.037278771000047 ], [ 81.251765951000039, 30.038625147000062 ], [ 81.26252345100005, 30.039664272000039 ], [ 81.26475776400008, 30.040410959000042 ], [ 81.265737889000036, 30.043366147000029 ], [ 81.273717271000066, 30.04528289600006 ], [ 81.275885327000083, 30.044272334000027 ], [ 81.278659014000084, 30.044280022000066 ], [ 81.283416014000068, 30.043320209000058 ], [ 81.284262389000048, 30.040307084000062 ], [ 81.286418764000075, 30.037561772000061 ], [ 81.290104576000033, 30.036597209000035 ], [ 81.292799452000054, 30.035001084000044 ], [ 81.295821889000081, 30.034827396000026 ], [ 81.299914951000062, 30.03355945900006 ], [ 81.302030451000064, 30.03334708400007 ], [ 81.304707202000031, 30.032066459000077 ], [ 81.307989639000084, 30.031145271000071 ], [ 81.309924826000042, 30.031528709000042 ], [ 81.311670577000029, 30.032889272000034 ], [ 81.31561126400004, 30.032915959000036 ], [ 81.316841514000032, 30.032346834000066 ], [ 81.319183576000057, 30.028409460000034 ], [ 81.320211827000037, 30.025727271000051 ], [ 81.321585202000051, 30.025324709000074 ], [ 81.324767639000072, 30.025628147000077 ], [ 81.32671257700008, 30.024669147000054 ], [ 81.333532389000084, 30.024142334000032 ], [ 81.335926201000063, 30.022751209000035 ], [ 81.339315326000076, 30.021923709000077 ], [ 81.342523702000051, 30.020377022000048 ], [ 81.348219701000062, 30.018798897000067 ], [ 81.351489514000036, 30.016742084000043 ], [ 81.358810014000085, 30.010566585000049 ], [ 81.364309702000071, 30.009586084000034 ], [ 81.366632951000042, 30.009834522000062 ], [ 81.369863326000029, 30.010955522000074 ], [ 81.372326951000048, 30.009728272000075 ], [ 81.375541826000074, 30.010143209000034 ], [ 81.377377264000074, 30.009217647000071 ], [ 81.378378389000034, 30.006478647000051 ], [ 81.38371326400005, 30.007227896000074 ], [ 81.384498765000046, 30.008112084000061 ], [ 81.384690452000029, 30.010432584000057 ], [ 81.385689577000051, 30.013603397000054 ], [ 81.391998451000063, 30.016896084000052 ], [ 81.396032077000029, 30.017136647000029 ], [ 81.401317389000042, 30.018117647000054 ], [ 81.403104952000035, 30.022839959000066 ], [ 81.40383657700005, 30.021220459000062 ], [ 81.40659220100008, 30.019673647000047 ], [ 81.414408390000062, 30.018640959000038 ], [ 81.414760640000054, 30.017798522000078 ], [ 81.420480389000033, 30.01309533400007 ], [ 81.423127764000071, 30.01164777200006 ], [ 81.426565702000062, 30.010684772000047 ], [ 81.427706952000051, 30.00966158500006 ], [ 81.432024514000034, 30.00759927200005 ], [ 81.435418139000035, 30.008253522000075 ], [ 81.442042264000065, 30.006956960000025 ], [ 81.444123827000055, 30.004403334000074 ], [ 81.446306389000085, 30.003022209000051 ], [ 81.449618452000038, 30.002424459000054 ], [ 81.451967014000047, 30.00267133400007 ], [ 81.456286327000043, 30.002442147000068 ], [ 81.458386639000082, 30.00139727100003 ], [ 81.461547827000061, 29.998320772000056 ], [ 81.464928014000066, 29.995565959000032 ], [ 81.464866764000078, 29.99423308400003 ], [ 81.462458951000031, 29.986892647000047 ], [ 81.462492264000048, 29.985697022000068 ], [ 81.465341077000062, 29.981750835000071 ], [ 81.467014952000056, 29.980919334000077 ], [ 81.469992015000059, 29.976893646000065 ], [ 81.471827140000073, 29.975120896000078 ], [ 81.471966201000043, 29.973164709000059 ], [ 81.470070890000045, 29.971227146000047 ], [ 81.469909076000079, 29.967812584000058 ], [ 81.470464264000043, 29.963705272000027 ], [ 81.468702326000084, 29.960752147000051 ], [ 81.465864139000075, 29.957938084000034 ], [ 81.462738952000052, 29.957710022000072 ], [ 81.457654202000072, 29.953854771000067 ], [ 81.454534139000032, 29.951174521000041 ], [ 81.454647389000058, 29.94904252200007 ], [ 81.458383327000035, 29.945650584000077 ], [ 81.460377514000072, 29.942641334000029 ], [ 81.45988376400004, 29.940881335000029 ], [ 81.457480202000056, 29.937073147000035 ], [ 81.456556764000084, 29.93476195900007 ], [ 81.460608889000071, 29.932140272000026 ], [ 81.461996015000068, 29.929674459000069 ], [ 81.46184557600003, 29.925691459000063 ], [ 81.46228076500006, 29.923619209000037 ], [ 81.464447264000057, 29.920744647000049 ], [ 81.462473202000069, 29.919028209000032 ], [ 81.461833452000064, 29.917602584000065 ], [ 81.463441764000038, 29.913322459000028 ], [ 81.462567577000073, 29.911031459000071 ], [ 81.459764264000057, 29.907696084000065 ], [ 81.458069076000072, 29.903046209000024 ], [ 81.45855926400003, 29.900547459000052 ], [ 81.461678014000086, 29.897378584000023 ], [ 81.466271702000085, 29.893381146000024 ], [ 81.472464327000068, 29.889833459000045 ], [ 81.477741514000058, 29.890502459000061 ], [ 81.48063095100008, 29.891935584000066 ], [ 81.484711202000085, 29.891586834000066 ], [ 81.486077077000061, 29.890438147000054 ], [ 81.490591389000031, 29.888086897000051 ], [ 81.49451332700005, 29.887169896000046 ], [ 81.49662070200003, 29.889557522000075 ], [ 81.499221327000043, 29.890770272000054 ], [ 81.50157482700007, 29.891092959000048 ], [ 81.505598577000058, 29.892778397000029 ], [ 81.507378889000051, 29.894409209000059 ], [ 81.509061202000055, 29.893301959000041 ], [ 81.51221332700004, 29.888906897000027 ], [ 81.515114452000034, 29.886858772000039 ], [ 81.516792764000058, 29.886387522000064 ], [ 81.522228702000064, 29.886839834000057 ], [ 81.526429889000042, 29.886421584000061 ], [ 81.529343014000062, 29.885726459000068 ], [ 81.532294014000058, 29.884126584000057 ], [ 81.536125139000035, 29.882922334000057 ], [ 81.540631952000069, 29.879100834000042 ], [ 81.543086577000054, 29.878161459000069 ], [ 81.546239140000068, 29.874446834000025 ], [ 81.548984827000083, 29.871985771000027 ], [ 81.551152639000065, 29.868356334000055 ], [ 81.553457889000072, 29.866325584000037 ], [ 81.554813640000077, 29.863439397000036 ], [ 81.557886702000076, 29.860839147000036 ], [ 81.558916389000046, 29.856479084000057 ], [ 81.562996764000047, 29.852778209000064 ], [ 81.566466452000043, 29.851872334000063 ], [ 81.565603702000033, 29.84674433400005 ], [ 81.564491014000055, 29.844229459000076 ], [ 81.563836139000045, 29.838660709000067 ], [ 81.562779827000043, 29.834627522000062 ], [ 81.563477202000058, 29.832445522000057 ], [ 81.562586702000033, 29.83005152100003 ], [ 81.561921514000062, 29.825387272000057 ], [ 81.560998264000034, 29.822668584000041 ], [ 81.561689952000052, 29.81844520900006 ], [ 81.561028514000043, 29.815684771000065 ], [ 81.560168264000083, 29.809749146000058 ], [ 81.555699264000054, 29.806264897000062 ], [ 81.553026139000053, 29.802994084000034 ], [ 81.550321326000073, 29.80170152200003 ], [ 81.549575577000041, 29.800491084000043 ], [ 81.549800327000071, 29.798432897000055 ], [ 81.548452202000078, 29.794635396000047 ], [ 81.550372827000047, 29.793161146000045 ], [ 81.552334764000079, 29.786615959000073 ], [ 81.553596889000062, 29.784871459000044 ], [ 81.553843015000041, 29.781439522000028 ], [ 81.555078326000057, 29.780229772000041 ], [ 81.557517576000066, 29.776276521000057 ], [ 81.557885139000064, 29.774481709000042 ], [ 81.559799890000079, 29.773553271000026 ], [ 81.562388014000078, 29.770612084000049 ], [ 81.558353765000049, 29.764450771000043 ], [ 81.556092764000084, 29.763278271000047 ], [ 81.554216139000062, 29.756318209000028 ], [ 81.554231327000082, 29.754263209000044 ], [ 81.552570452000055, 29.752406896000025 ], [ 81.548538077000046, 29.751088272000061 ], [ 81.545878951000077, 29.748888646000069 ], [ 81.541598639000085, 29.747088147000056 ], [ 81.539688390000038, 29.747470397000029 ], [ 81.53778301400007, 29.748772959000064 ], [ 81.526303390000066, 29.75241470900005 ], [ 81.523602764000032, 29.752716459000055 ], [ 81.520005764000075, 29.752412584000069 ], [ 81.517029014000059, 29.752690396000048 ], [ 81.515407764000031, 29.753511022000055 ], [ 81.514086202000044, 29.752649959000053 ], [ 81.512352265000061, 29.75000170900006 ], [ 81.51109763900007, 29.744996584000035 ], [ 81.509755265000081, 29.741656459000069 ], [ 81.510091139000053, 29.738693397000077 ], [ 81.512866952000081, 29.735450209000078 ], [ 81.512927827000055, 29.732296397000027 ], [ 81.513488326000072, 29.730575397000052 ], [ 81.51608557600008, 29.726588396000068 ], [ 81.518800389000035, 29.724283709000076 ], [ 81.519040951000079, 29.722065334000035 ], [ 81.520914890000086, 29.718101397000055 ], [ 81.522593452000081, 29.716603772000042 ], [ 81.523987327000043, 29.712928146000024 ], [ 81.526217452000083, 29.710203396000054 ], [ 81.524640326000053, 29.707935834000068 ], [ 81.524897327000076, 29.70692189600004 ], [ 81.523203389000059, 29.705399271000033 ], [ 81.520680827000035, 29.704529396000055 ], [ 81.517396890000043, 29.702593397000044 ], [ 81.516145139000059, 29.699710897000045 ], [ 81.517387702000065, 29.696514146000027 ], [ 81.519736077000061, 29.693313084000067 ], [ 81.520286014000078, 29.691607834000024 ], [ 81.517403576000049, 29.688887396000041 ], [ 81.516773639000064, 29.687723584000025 ], [ 81.517965827000069, 29.683284147000052 ], [ 81.517628889000036, 29.679423584000062 ], [ 81.509675451000078, 29.675973771000031 ], [ 81.508670577000032, 29.674182022000025 ], [ 81.504965014000049, 29.673030022000034 ], [ 81.501472451000041, 29.670672459000059 ], [ 81.500000514000078, 29.670240396000054 ], [ 81.498901639000053, 29.668591021000054 ], [ 81.497725014000082, 29.668708271000071 ], [ 81.492439015000059, 29.666519584000071 ], [ 81.489473389000068, 29.666189959000064 ], [ 81.486109389000035, 29.664792459000068 ], [ 81.484531139000069, 29.66289439600007 ], [ 81.482302326000081, 29.661722771000029 ], [ 81.47660570100004, 29.660220709000043 ], [ 81.475380889000064, 29.659273147000079 ], [ 81.471673514000031, 29.658790147000047 ], [ 81.469060077000051, 29.659295709000048 ], [ 81.458378702000061, 29.654307146000065 ], [ 81.45584320200004, 29.652601521000065 ], [ 81.452931577000072, 29.649794021000048 ], [ 81.448168827000075, 29.647222834000047 ], [ 81.445821389000059, 29.648563896000041 ], [ 81.442839639000056, 29.649561959000039 ], [ 81.44038807700008, 29.647172209000075 ], [ 81.437856952000061, 29.646382021000079 ], [ 81.436106764000044, 29.644901209000068 ], [ 81.432241014000056, 29.645114646000025 ], [ 81.429237826000076, 29.643971708000038 ], [ 81.428704639000046, 29.641537209000035 ], [ 81.425548826000067, 29.637360584000078 ], [ 81.423822014000052, 29.636148021000054 ], [ 81.422156577000067, 29.63386820900007 ], [ 81.423710764000077, 29.630398334000063 ], [ 81.423685014000057, 29.62933145900007 ], [ 81.421369326000047, 29.627892834000079 ], [ 81.419827764000047, 29.623977083000057 ], [ 81.421364639000046, 29.621648834000041 ], [ 81.421912201000055, 29.617040771000063 ], [ 81.420527326000069, 29.614150959000028 ], [ 81.422034077000035, 29.609729396000034 ], [ 81.421217514000034, 29.607218959000079 ], [ 81.420854764000069, 29.603793522000046 ], [ 81.420812139000077, 29.598806084000046 ], [ 81.419712451000066, 29.59614545900007 ], [ 81.417042827000046, 29.593336396000041 ], [ 81.414967702000069, 29.591781833000027 ], [ 81.41213001400007, 29.590419146000045 ], [ 81.408590451000066, 29.58765095900003 ], [ 81.403851952000082, 29.584658459000025 ], [ 81.402617451000083, 29.580854396000063 ], [ 81.399697576000051, 29.575077021000027 ], [ 81.399376890000042, 29.571116834000065 ], [ 81.401088014000038, 29.568713709000065 ], [ 81.403436139000064, 29.567677959000036 ], [ 81.404215515000033, 29.566572459000042 ], [ 81.403726952000056, 29.564250396000034 ], [ 81.401643076000084, 29.56029783300005 ], [ 81.40172263900007, 29.558393647000059 ], [ 81.400542076000079, 29.557217459000071 ], [ 81.397228952000034, 29.556388208000044 ], [ 81.390258951000078, 29.555838147000031 ], [ 81.388269140000034, 29.553712208000036 ], [ 81.384740577000059, 29.553302897000037 ], [ 81.38164226400005, 29.551714709000066 ], [ 81.377155577000053, 29.551231271000063 ], [ 81.373253076000083, 29.54998577200007 ], [ 81.370762451000076, 29.547633147000056 ], [ 81.368196827000077, 29.544123458000058 ], [ 81.367153452000082, 29.543111209000074 ], [ 81.365224201000046, 29.539310959000034 ], [ 81.357909014000086, 29.533048334000057 ], [ 81.35672745100004, 29.53137545900006 ], [ 81.354463765000048, 29.531534897000029 ], [ 81.35289126400005, 29.529978021000034 ], [ 81.351419202000045, 29.526135709000073 ], [ 81.352175702000068, 29.524649397000076 ], [ 81.350803076000034, 29.52193470900005 ], [ 81.345488389000081, 29.514754771000071 ], [ 81.343706264000048, 29.512869021000029 ], [ 81.341493639000078, 29.509497708000026 ], [ 81.340455452000072, 29.505024771000024 ], [ 81.337340139000048, 29.502720458000056 ], [ 81.336524202000078, 29.501235897000072 ], [ 81.334200451000072, 29.500001084000075 ], [ 81.330098639000084, 29.496956896000029 ], [ 81.328188202000035, 29.49487945900006 ], [ 81.322786577000045, 29.494899458000077 ], [ 81.320909014000051, 29.494200084000056 ], [ 81.319065701000056, 29.492280334000043 ], [ 81.31649438900007, 29.491528522000067 ], [ 81.317259826000054, 29.488700146000042 ], [ 81.319173201000069, 29.48380033400008 ], [ 81.316708326000082, 29.482373771000027 ], [ 81.315358952000054, 29.482929646000059 ], [ 81.313015139000072, 29.479560396000068 ], [ 81.310315264000053, 29.479636646000074 ], [ 81.304930389000049, 29.476797709000039 ], [ 81.302500577000046, 29.47751839600005 ], [ 81.301168702000041, 29.476779208000039 ], [ 81.29873982600003, 29.477174959000024 ], [ 81.293885577000083, 29.475805146000027 ], [ 81.292662576000055, 29.474815271000068 ], [ 81.292673764000085, 29.473533959000065 ], [ 81.295551077000084, 29.46912414600007 ], [ 81.298477702000071, 29.469101771000055 ], [ 81.304904451000084, 29.467496833000041 ], [ 81.304129076000038, 29.465962396000066 ], [ 81.30479770200003, 29.463680208000028 ], [ 81.309488889000079, 29.459892959000058 ], [ 81.304383389000066, 29.454851646000066 ], [ 81.30497420100005, 29.453966022000031 ], [ 81.304594577000046, 29.451361334000069 ], [ 81.302394952000043, 29.451467896000054 ], [ 81.297899202000053, 29.449799584000061 ], [ 81.29648688900005, 29.448729021000077 ], [ 81.29353601400004, 29.447975334000034 ], [ 81.290699951000079, 29.446122709000065 ], [ 81.290280514000074, 29.44454683400005 ], [ 81.285487077000084, 29.44379914600006 ], [ 81.281373701000064, 29.441538521000041 ], [ 81.280700264000075, 29.437989146000064 ], [ 81.278952701000037, 29.43722583400006 ], [ 81.273436202000084, 29.437013959000069 ], [ 81.267163451000044, 29.435134021000067 ], [ 81.263881889000061, 29.433816333000038 ], [ 81.26009001400007, 29.430167021000045 ], [ 81.255102389000058, 29.423587208000072 ], [ 81.252216327000042, 29.421794771000066 ], [ 81.254010139000059, 29.418827147000059 ], [ 81.255342014000064, 29.418414021000046 ], [ 81.256454327000085, 29.41680345900005 ], [ 81.253575763000072, 29.413292021000075 ], [ 81.248036827000078, 29.41295277100005 ], [ 81.246435139000084, 29.413503959000025 ], [ 81.239969827000039, 29.414244396000072 ], [ 81.234755263000068, 29.411136021000061 ], [ 81.231475388000035, 29.410618458000044 ], [ 81.228836951000062, 29.411613334000037 ], [ 81.221619763000035, 29.408868834000032 ], [ 81.220754201000034, 29.406113583000035 ], [ 81.218247514000041, 29.405154396000057 ], [ 81.214016076000064, 29.404554458000064 ], [ 81.21145788900003, 29.401835646000052 ], [ 81.206416014000069, 29.39739270900003 ], [ 81.20375720100003, 29.395702583000059 ], [ 81.201472264000074, 29.398553021000055 ], [ 81.199123639000049, 29.399357397000074 ], [ 81.197353452000073, 29.401054209000051 ], [ 81.194833577000054, 29.401775333000046 ], [ 81.192648764000069, 29.399524833000044 ], [ 81.189885264000054, 29.397717271000033 ], [ 81.188513662000048, 29.39781811000006 ], [ 81.185851014000036, 29.399608896000075 ], [ 81.187311889000057, 29.401420583000061 ], [ 81.187763952000068, 29.404871521000075 ], [ 81.18578920200008, 29.406850396000038 ], [ 81.18269676400007, 29.408476708000023 ], [ 81.180508889000066, 29.408996272000024 ], [ 81.176054202000046, 29.411104709000028 ], [ 81.172391077000043, 29.411587771000029 ], [ 81.171556138000085, 29.405732521000061 ], [ 81.168727326000067, 29.400380646000031 ], [ 81.167721077000067, 29.397868834000064 ], [ 81.165433077000046, 29.394713459000059 ], [ 81.163044014000036, 29.394118584000068 ], [ 81.161353202000043, 29.395433583000056 ], [ 81.157435139000086, 29.395853334000037 ], [ 81.152159139000048, 29.39394420800005 ], [ 81.148139014000037, 29.394151833000024 ], [ 81.14570507600007, 29.390896896000072 ], [ 81.141048389000048, 29.394301583000072 ], [ 81.140018577000035, 29.396935271000075 ], [ 81.140134952000039, 29.399597146000076 ], [ 81.137293014000079, 29.402031959000055 ], [ 81.133373826000081, 29.404305396000041 ], [ 81.130420077000053, 29.404653458000041 ], [ 81.126582702000064, 29.401956834000032 ], [ 81.126342201000057, 29.398372459000029 ], [ 81.12418651400003, 29.396511083000064 ], [ 81.120955639000044, 29.39570420900003 ], [ 81.118214014000046, 29.397470709000061 ], [ 81.11351495200006, 29.399220896000031 ], [ 81.110047952000059, 29.399855459000037 ], [ 81.109211139000081, 29.400647959000025 ], [ 81.107641826000076, 29.40431058300004 ], [ 81.102797139000074, 29.405487459000028 ], [ 81.099685514000043, 29.407231396000043 ], [ 81.097393639000074, 29.407801583000037 ], [ 81.091527639000049, 29.407176334000042 ], [ 81.087635514000056, 29.407061646000045 ], [ 81.085450826000056, 29.407764646000032 ], [ 81.08300532700008, 29.410085271000071 ], [ 81.080488889000037, 29.407463208000024 ], [ 81.078390076000062, 29.406277833000047 ], [ 81.074712951000038, 29.407401146000041 ], [ 81.070034701000054, 29.40737658300003 ], [ 81.065726514000062, 29.405463521000058 ], [ 81.063136576000034, 29.405555021000055 ], [ 81.060746013000085, 29.407252583000059 ], [ 81.058873639000069, 29.407388771000058 ], [ 81.055201639000074, 29.408863459000031 ], [ 81.053093014000069, 29.410621646000038 ], [ 81.048993389000032, 29.413373146000026 ], [ 81.046164014000055, 29.411531084000046 ], [ 81.041097702000059, 29.411293646000047 ], [ 81.036593888000084, 29.411507021000034 ], [ 81.031679577000034, 29.413360333000071 ], [ 81.027461327000083, 29.417033896000078 ], [ 81.026447702000041, 29.419664459000046 ], [ 81.025663201000043, 29.421415209000031 ] ] ] } },
{ "type": "Feature", "properties": { "DISTRICT": "BAJURA", "STATE_CODE": 7, "PR_NAME": "Sudurpashchim Province" }, "geometry": { "type": "Polygon", "coordinates": [ [ [ 81.74729426500005, 29.338861646000055 ], [ 81.741459139000085, 29.333926896000037 ], [ 81.739362702000051, 29.333994896000036 ], [ 81.731732452000074, 29.33517839600006 ], [ 81.728202952000061, 29.334214208000049 ], [ 81.724240827000074, 29.332408521000048 ], [ 81.721285702000046, 29.332284708000032 ], [ 81.717803202000084, 29.331292834000067 ], [ 81.713517952000075, 29.330643584000029 ], [ 81.704987576000065, 29.330560271000024 ], [ 81.701556327000048, 29.329403084000035 ], [ 81.695731515000034, 29.325409146000027 ], [ 81.694275264000055, 29.322114208000073 ], [ 81.692713639000033, 29.320536459000039 ], [ 81.684169139000062, 29.319955646000039 ], [ 81.680094952000047, 29.32142920800004 ], [ 81.67576157700006, 29.319531458000029 ], [ 81.67412351400003, 29.318030584000041 ], [ 81.671836451000047, 29.316855584000052 ], [ 81.670318077000047, 29.317014334000078 ], [ 81.666152577000048, 29.319297771000038 ], [ 81.664577952000059, 29.31962820900003 ], [ 81.658024889000046, 29.319644896000057 ], [ 81.656050702000073, 29.321301396000024 ], [ 81.650159202000054, 29.321147396000072 ], [ 81.648222827000041, 29.323500709000029 ], [ 81.648908827000071, 29.325024584000062 ], [ 81.648349264000046, 29.328025333000028 ], [ 81.644269827000073, 29.331771771000035 ], [ 81.64387595200003, 29.333720458000073 ], [ 81.643957765000039, 29.336801583000067 ], [ 81.645780202000083, 29.343379834000075 ], [ 81.645757140000057, 29.35003252100006 ], [ 81.645139327000038, 29.351589709000052 ], [ 81.645879389000072, 29.354304396000032 ], [ 81.644879702000082, 29.356161271000076 ], [ 81.64214501500004, 29.355355583000062 ], [ 81.640515077000032, 29.356292834000044 ], [ 81.640055702000041, 29.361490271000037 ], [ 81.63704788900003, 29.363474021000059 ], [ 81.636519139000029, 29.364372083000035 ], [ 81.633527077000053, 29.364866833000065 ], [ 81.629343952000056, 29.366107083000031 ], [ 81.628250827000045, 29.368428958000038 ], [ 81.624403702000052, 29.368839521000041 ], [ 81.619292452000082, 29.370609396000077 ], [ 81.615457139000057, 29.370748959000025 ], [ 81.613285701000052, 29.37017245800007 ], [ 81.611032014000045, 29.367453208000029 ], [ 81.605560827000033, 29.366954834000069 ], [ 81.601682701000072, 29.365594021000049 ], [ 81.594716389000041, 29.366056146000062 ], [ 81.591863451000052, 29.365155208000033 ], [ 81.58994382700007, 29.365547208000066 ], [ 81.585071639000034, 29.365056583000069 ], [ 81.583026139000083, 29.364483584000027 ], [ 81.581423139000037, 29.362476084000036 ], [ 81.57929370100004, 29.363107959000047 ], [ 81.574952577000033, 29.360728771000026 ], [ 81.575575702000037, 29.358661959000074 ], [ 81.575070326000059, 29.355102146000036 ], [ 81.572250576000044, 29.34969127100004 ], [ 81.568905639000036, 29.347941396000067 ], [ 81.568230390000053, 29.349112834000039 ], [ 81.565473577000034, 29.349984021000068 ], [ 81.562627951000081, 29.351694708000025 ], [ 81.560997952000037, 29.354277771000056 ], [ 81.560230201000081, 29.357865584000024 ], [ 81.556874389000029, 29.35471689600007 ], [ 81.552161514000034, 29.349502896000047 ], [ 81.552369514000077, 29.345705396000028 ], [ 81.54995907700004, 29.339281583000059 ], [ 81.545641139000054, 29.334902646000046 ], [ 81.54223113900008, 29.332245583000031 ], [ 81.53767588900007, 29.331099959000028 ], [ 81.533508827000048, 29.32736520800006 ], [ 81.530683202000034, 29.32605452100006 ], [ 81.528386639000075, 29.320405896000068 ], [ 81.526409639000065, 29.317535209000027 ], [ 81.525655702000051, 29.315079271000059 ], [ 81.523017827000047, 29.315576896000039 ], [ 81.519862514000067, 29.314921459000061 ], [ 81.518061202000069, 29.312365771000032 ], [ 81.516595702000075, 29.312060146000078 ], [ 81.514288451000084, 29.313160896000056 ], [ 81.512851014000034, 29.312688146000028 ], [ 81.509734764000029, 29.314565708000032 ], [ 81.507570077000082, 29.309389959000043 ], [ 81.506545076000066, 29.307844021000051 ], [ 81.506669326000065, 29.306291521000048 ], [ 81.505589702000066, 29.303182459000027 ], [ 81.501768889000061, 29.29726839600005 ], [ 81.497569827000063, 29.293530334000025 ], [ 81.492533326000057, 29.290577958000029 ], [ 81.489457702000038, 29.286747459000026 ], [ 81.485631139000077, 29.279560583000034 ], [ 81.480613702000085, 29.277710834000061 ], [ 81.47786801400008, 29.275620459000038 ], [ 81.474615826000047, 29.274819896000054 ], [ 81.469828389000043, 29.271845521000046 ], [ 81.468047889000047, 29.271865271000024 ], [ 81.466121201000078, 29.274671583000043 ], [ 81.460572326000033, 29.278848458000027 ], [ 81.45957926400007, 29.279894146000061 ], [ 81.457389577000072, 29.280070833000025 ], [ 81.453643389000035, 29.282080083000039 ], [ 81.449998639000057, 29.285085959000071 ], [ 81.444760827000039, 29.287381958000026 ], [ 81.43804545100005, 29.286481521000042 ], [ 81.434441264000043, 29.287068521000037 ], [ 81.431260764000058, 29.286514834000059 ], [ 81.428204139000059, 29.285277146000055 ], [ 81.422345264000057, 29.282160083000065 ], [ 81.419108202000075, 29.278418646000034 ], [ 81.418560576000061, 29.27679845800003 ], [ 81.416045015000066, 29.278482458000042 ], [ 81.415662139000062, 29.279415334000078 ], [ 81.412349014000085, 29.280837771000051 ], [ 81.406943389000048, 29.284138958000028 ], [ 81.403088515000036, 29.284789021000051 ], [ 81.398551639000061, 29.28446652100007 ], [ 81.397328451000078, 29.285733521000054 ], [ 81.396462327000052, 29.289704209000035 ], [ 81.394721077000042, 29.29296464600003 ], [ 81.391406701000051, 29.296615459000066 ], [ 81.389578014000051, 29.299988896000059 ], [ 81.388021701000071, 29.30122289600007 ], [ 81.383801014000085, 29.302685584000074 ], [ 81.383616327000084, 29.300446021000027 ], [ 81.384511326000052, 29.296667021000076 ], [ 81.381774326000084, 29.295307833000038 ], [ 81.379045764000068, 29.292739334000032 ], [ 81.375089514000081, 29.292035396000074 ], [ 81.373530201000051, 29.290695208000045 ], [ 81.370724639000059, 29.286294958000042 ], [ 81.36829732700005, 29.284528521000027 ], [ 81.366558202000078, 29.284118271000068 ], [ 81.360096389000034, 29.284099709000031 ], [ 81.359227326000052, 29.28542402100004 ], [ 81.35710126400005, 29.283988271000055 ], [ 81.354924702000062, 29.286191271000064 ], [ 81.352430389000062, 29.28656333400005 ], [ 81.350401265000073, 29.289203583000074 ], [ 81.350219576000029, 29.290826021000044 ], [ 81.345359764000079, 29.291698208000071 ], [ 81.343580139000039, 29.295921333000024 ], [ 81.341635826000072, 29.299034959000039 ], [ 81.34222726400003, 29.301785709000058 ], [ 81.33864845100004, 29.301603084000078 ], [ 81.335678452000082, 29.30303402100003 ], [ 81.333978889000036, 29.30496039600007 ], [ 81.333967389000065, 29.307759958000076 ], [ 81.33159020100004, 29.312505646000034 ], [ 81.331778701000076, 29.314063959000066 ], [ 81.328310827000053, 29.314911709000057 ], [ 81.324105577000068, 29.313983459000042 ], [ 81.322509514000046, 29.315783084000032 ], [ 81.321830576000082, 29.31823689600003 ], [ 81.319294451000076, 29.318899459000079 ], [ 81.319008264000047, 29.320623646000058 ], [ 81.319781764000084, 29.321842271000037 ], [ 81.318745577000072, 29.323085459000026 ], [ 81.314483451000058, 29.324252896000075 ], [ 81.310552764000079, 29.324801209000043 ], [ 81.310215139000036, 29.323177709000049 ], [ 81.308066514000075, 29.321359958000073 ], [ 81.305795264000039, 29.320271021000053 ], [ 81.304754889000037, 29.322531583000057 ], [ 81.303635576000033, 29.321406208000042 ], [ 81.303245576000052, 29.319006834000049 ], [ 81.300872951000031, 29.318209084000046 ], [ 81.30114670200004, 29.31587358400003 ], [ 81.300557326000046, 29.314803333000043 ], [ 81.297906639000075, 29.314831833000028 ], [ 81.296731764000072, 29.313783209000064 ], [ 81.296823452000069, 29.31033370800003 ], [ 81.293610326000078, 29.309625708000056 ], [ 81.28835938800006, 29.309201709000035 ], [ 81.285095764000062, 29.308572584000046 ], [ 81.28101726400007, 29.308346583000059 ], [ 81.278821139000058, 29.306742708000058 ], [ 81.276853327000083, 29.304590146000066 ], [ 81.272976951000032, 29.303594271000065 ], [ 81.271111702000042, 29.301698583000075 ], [ 81.269821139000044, 29.301786896000067 ], [ 81.270957076000059, 29.303575834000071 ], [ 81.269453326000075, 29.306274709000036 ], [ 81.266110639000033, 29.307605584000044 ], [ 81.266118701000039, 29.310712021000029 ], [ 81.265293952000036, 29.31178520800006 ], [ 81.261917077000078, 29.313682333000031 ], [ 81.261432952000064, 29.317161896000073 ], [ 81.259632639000074, 29.321097459000043 ], [ 81.256477263000079, 29.325502584000049 ], [ 81.255470451000065, 29.325694021000061 ], [ 81.254936388000033, 29.328059334000045 ], [ 81.257167327000047, 29.32786539600005 ], [ 81.259980951000045, 29.330555833000062 ], [ 81.260274889000073, 29.337043271000027 ], [ 81.258134701000074, 29.34065014600003 ], [ 81.253285388000052, 29.344429021000053 ], [ 81.251714264000043, 29.349476209000045 ], [ 81.250745764000044, 29.350707521000061 ], [ 81.247834264000062, 29.352772583000046 ], [ 81.245223076000059, 29.353036834000079 ], [ 81.243490951000069, 29.354222146000041 ], [ 81.240987389000054, 29.352902459000063 ], [ 81.238616139000044, 29.353109771000049 ], [ 81.237154389000068, 29.356836834000035 ], [ 81.230703701000039, 29.358226521000063 ], [ 81.228520452000055, 29.360630583000045 ], [ 81.227086764000035, 29.360558583000056 ], [ 81.224566201000073, 29.36217808300006 ], [ 81.221498264000047, 29.362453896000034 ], [ 81.21862113800006, 29.363302396000051 ], [ 81.214063576000058, 29.362159271000053 ], [ 81.211736639000037, 29.362571271000036 ], [ 81.210254514000042, 29.364448271000072 ], [ 81.20874770100005, 29.365138709000064 ], [ 81.203100139000071, 29.36498270800007 ], [ 81.200925764000033, 29.366432084000053 ], [ 81.200884951000035, 29.36765708300004 ], [ 81.198510514000077, 29.36937064600005 ], [ 81.193822702000034, 29.371712396000078 ], [ 81.190829139000073, 29.374089896000044 ], [ 81.187885513000083, 29.374809208000045 ], [ 81.18725420100003, 29.37659227100005 ], [ 81.180844138000054, 29.380754209000031 ], [ 81.179402951000043, 29.384410708000075 ], [ 81.17798076400004, 29.385407459000078 ], [ 81.173970264000047, 29.385821083000053 ], [ 81.171728514000051, 29.386627084000054 ], [ 81.17290870100004, 29.389143146000038 ], [ 81.176603951000061, 29.391150584000059 ], [ 81.177551576000042, 29.392780396000035 ], [ 81.179503827000076, 29.392888271000061 ], [ 81.184380576000081, 29.396015084000055 ], [ 81.185616952000032, 29.396083272000055 ], [ 81.188513662000048, 29.39781811000006 ], [ 81.189885264000054, 29.397717271000033 ], [ 81.192648764000069, 29.399524833000044 ], [ 81.194833577000054, 29.401775333000046 ], [ 81.197353452000073, 29.401054209000051 ], [ 81.199123639000049, 29.399357397000074 ], [ 81.201472264000074, 29.398553021000055 ], [ 81.20375720100003, 29.395702583000059 ], [ 81.206416014000069, 29.39739270900003 ], [ 81.21145788900003, 29.401835646000052 ], [ 81.214016076000064, 29.404554458000064 ], [ 81.218247514000041, 29.405154396000057 ], [ 81.220754201000034, 29.406113583000035 ], [ 81.221619763000035, 29.408868834000032 ], [ 81.228836951000062, 29.411613334000037 ], [ 81.231475388000035, 29.410618458000044 ], [ 81.234755263000068, 29.411136021000061 ], [ 81.239969827000039, 29.414244396000072 ], [ 81.246435139000084, 29.413503959000025 ], [ 81.248036827000078, 29.41295277100005 ], [ 81.253575763000072, 29.413292021000075 ], [ 81.256454327000085, 29.41680345900005 ], [ 81.255342014000064, 29.418414021000046 ], [ 81.254010139000059, 29.418827147000059 ], [ 81.252216327000042, 29.421794771000066 ], [ 81.255102389000058, 29.423587208000072 ], [ 81.26009001400007, 29.430167021000045 ], [ 81.263881889000061, 29.433816333000038 ], [ 81.267163451000044, 29.435134021000067 ], [ 81.273436202000084, 29.437013959000069 ], [ 81.278952701000037, 29.43722583400006 ], [ 81.280700264000075, 29.437989146000064 ], [ 81.281373701000064, 29.441538521000041 ], [ 81.285487077000084, 29.44379914600006 ], [ 81.290280514000074, 29.44454683400005 ], [ 81.290699951000079, 29.446122709000065 ], [ 81.29353601400004, 29.447975334000034 ], [ 81.29648688900005, 29.448729021000077 ], [ 81.297899202000053, 29.449799584000061 ], [ 81.302394952000043, 29.451467896000054 ], [ 81.304594577000046, 29.451361334000069 ], [ 81.30497420100005, 29.453966022000031 ], [ 81.304383389000066, 29.454851646000066 ], [ 81.309488889000079, 29.459892959000058 ], [ 81.30479770200003, 29.463680208000028 ], [ 81.304129076000038, 29.465962396000066 ], [ 81.304904451000084, 29.467496833000041 ], [ 81.298477702000071, 29.469101771000055 ], [ 81.295551077000084, 29.46912414600007 ], [ 81.292673764000085, 29.473533959000065 ], [ 81.292662576000055, 29.474815271000068 ], [ 81.293885577000083, 29.475805146000027 ], [ 81.29873982600003, 29.477174959000024 ], [ 81.301168702000041, 29.476779208000039 ], [ 81.302500577000046, 29.47751839600005 ], [ 81.304930389000049, 29.476797709000039 ], [ 81.310315264000053, 29.479636646000074 ], [ 81.313015139000072, 29.479560396000068 ], [ 81.315358952000054, 29.482929646000059 ], [ 81.316708326000082, 29.482373771000027 ], [ 81.319173201000069, 29.48380033400008 ], [ 81.317259826000054, 29.488700146000042 ], [ 81.31649438900007, 29.491528522000067 ], [ 81.319065701000056, 29.492280334000043 ], [ 81.320909014000051, 29.494200084000056 ], [ 81.322786577000045, 29.494899458000077 ], [ 81.328188202000035, 29.49487945900006 ], [ 81.330098639000084, 29.496956896000029 ], [ 81.334200451000072, 29.500001084000075 ], [ 81.336524202000078, 29.501235897000072 ], [ 81.337340139000048, 29.502720458000056 ], [ 81.340455452000072, 29.505024771000024 ], [ 81.341493639000078, 29.509497708000026 ], [ 81.343706264000048, 29.512869021000029 ], [ 81.345488389000081, 29.514754771000071 ], [ 81.350803076000034, 29.52193470900005 ], [ 81.352175702000068, 29.524649397000076 ], [ 81.351419202000045, 29.526135709000073 ], [ 81.35289126400005, 29.529978021000034 ], [ 81.354463765000048, 29.531534897000029 ], [ 81.35672745100004, 29.53137545900006 ], [ 81.357909014000086, 29.533048334000057 ], [ 81.365224201000046, 29.539310959000034 ], [ 81.367153452000082, 29.543111209000074 ], [ 81.368196827000077, 29.544123458000058 ], [ 81.370762451000076, 29.547633147000056 ], [ 81.373253076000083, 29.54998577200007 ], [ 81.377155577000053, 29.551231271000063 ], [ 81.38164226400005, 29.551714709000066 ], [ 81.384740577000059, 29.553302897000037 ], [ 81.388269140000034, 29.553712208000036 ], [ 81.390258951000078, 29.555838147000031 ], [ 81.397228952000034, 29.556388208000044 ], [ 81.400542076000079, 29.557217459000071 ], [ 81.40172263900007, 29.558393647000059 ], [ 81.401643076000084, 29.56029783300005 ], [ 81.403726952000056, 29.564250396000034 ], [ 81.404215515000033, 29.566572459000042 ], [ 81.403436139000064, 29.567677959000036 ], [ 81.401088014000038, 29.568713709000065 ], [ 81.399376890000042, 29.571116834000065 ], [ 81.399697576000051, 29.575077021000027 ], [ 81.402617451000083, 29.580854396000063 ], [ 81.403851952000082, 29.584658459000025 ], [ 81.408590451000066, 29.58765095900003 ], [ 81.41213001400007, 29.590419146000045 ], [ 81.414967702000069, 29.591781833000027 ], [ 81.417042827000046, 29.593336396000041 ], [ 81.419712451000066, 29.59614545900007 ], [ 81.420812139000077, 29.598806084000046 ], [ 81.420854764000069, 29.603793522000046 ], [ 81.421217514000034, 29.607218959000079 ], [ 81.422034077000035, 29.609729396000034 ], [ 81.420527326000069, 29.614150959000028 ], [ 81.421912201000055, 29.617040771000063 ], [ 81.421364639000046, 29.621648834000041 ], [ 81.419827764000047, 29.623977083000057 ], [ 81.421369326000047, 29.627892834000079 ], [ 81.423685014000057, 29.62933145900007 ], [ 81.423710764000077, 29.630398334000063 ], [ 81.422156577000067, 29.63386820900007 ], [ 81.423822014000052, 29.636148021000054 ], [ 81.425548826000067, 29.637360584000078 ], [ 81.428704639000046, 29.641537209000035 ], [ 81.429237826000076, 29.643971708000038 ], [ 81.432241014000056, 29.645114646000025 ], [ 81.436106764000044, 29.644901209000068 ], [ 81.437856952000061, 29.646382021000079 ], [ 81.44038807700008, 29.647172209000075 ], [ 81.442839639000056, 29.649561959000039 ], [ 81.445821389000059, 29.648563896000041 ], [ 81.448168827000075, 29.647222834000047 ], [ 81.452931577000072, 29.649794021000048 ], [ 81.45584320200004, 29.652601521000065 ], [ 81.458378702000061, 29.654307146000065 ], [ 81.469060077000051, 29.659295709000048 ], [ 81.471673514000031, 29.658790147000047 ], [ 81.475380889000064, 29.659273147000079 ], [ 81.47660570100004, 29.660220709000043 ], [ 81.482302326000081, 29.661722771000029 ], [ 81.484531139000069, 29.66289439600007 ], [ 81.486109389000035, 29.664792459000068 ], [ 81.489473389000068, 29.666189959000064 ], [ 81.492439015000059, 29.666519584000071 ], [ 81.497725014000082, 29.668708271000071 ], [ 81.498901639000053, 29.668591021000054 ], [ 81.500000514000078, 29.670240396000054 ], [ 81.501472451000041, 29.670672459000059 ], [ 81.504965014000049, 29.673030022000034 ], [ 81.508670577000032, 29.674182022000025 ], [ 81.509675451000078, 29.675973771000031 ], [ 81.517628889000036, 29.679423584000062 ], [ 81.517965827000069, 29.683284147000052 ], [ 81.516773639000064, 29.687723584000025 ], [ 81.517403576000049, 29.688887396000041 ], [ 81.520286014000078, 29.691607834000024 ], [ 81.519736077000061, 29.693313084000067 ], [ 81.517387702000065, 29.696514146000027 ], [ 81.516145139000059, 29.699710897000045 ], [ 81.517396890000043, 29.702593397000044 ], [ 81.520680827000035, 29.704529396000055 ], [ 81.523203389000059, 29.705399271000033 ], [ 81.524897327000076, 29.70692189600004 ], [ 81.524640326000053, 29.707935834000068 ], [ 81.526217452000083, 29.710203396000054 ], [ 81.523987327000043, 29.712928146000024 ], [ 81.522593452000081, 29.716603772000042 ], [ 81.520914890000086, 29.718101397000055 ], [ 81.519040951000079, 29.722065334000035 ], [ 81.518800389000035, 29.724283709000076 ], [ 81.51608557600008, 29.726588396000068 ], [ 81.513488326000072, 29.730575397000052 ], [ 81.512927827000055, 29.732296397000027 ], [ 81.512866952000081, 29.735450209000078 ], [ 81.510091139000053, 29.738693397000077 ], [ 81.509755265000081, 29.741656459000069 ], [ 81.51109763900007, 29.744996584000035 ], [ 81.512352265000061, 29.75000170900006 ], [ 81.514086202000044, 29.752649959000053 ], [ 81.515407764000031, 29.753511022000055 ], [ 81.517029014000059, 29.752690396000048 ], [ 81.520005764000075, 29.752412584000069 ], [ 81.523602764000032, 29.752716459000055 ], [ 81.526303390000066, 29.75241470900005 ], [ 81.53778301400007, 29.748772959000064 ], [ 81.539688390000038, 29.747470397000029 ], [ 81.541598639000085, 29.747088147000056 ], [ 81.545878951000077, 29.748888646000069 ], [ 81.548538077000046, 29.751088272000061 ], [ 81.552570452000055, 29.752406896000025 ], [ 81.554231327000082, 29.754263209000044 ], [ 81.554216139000062, 29.756318209000028 ], [ 81.556092764000084, 29.763278271000047 ], [ 81.558353765000049, 29.764450771000043 ], [ 81.562388014000078, 29.770612084000049 ], [ 81.559799890000079, 29.773553271000026 ], [ 81.557885139000064, 29.774481709000042 ], [ 81.557517576000066, 29.776276521000057 ], [ 81.555078326000057, 29.780229772000041 ], [ 81.553843015000041, 29.781439522000028 ], [ 81.553596889000062, 29.784871459000044 ], [ 81.552334764000079, 29.786615959000073 ], [ 81.550372827000047, 29.793161146000045 ], [ 81.548452202000078, 29.794635396000047 ], [ 81.549800327000071, 29.798432897000055 ], [ 81.549575577000041, 29.800491084000043 ], [ 81.550321326000073, 29.80170152200003 ], [ 81.553026139000053, 29.802994084000034 ], [ 81.555699264000054, 29.806264897000062 ], [ 81.560168264000083, 29.809749146000058 ], [ 81.561028514000043, 29.815684771000065 ], [ 81.561689952000052, 29.81844520900006 ], [ 81.560998264000034, 29.822668584000041 ], [ 81.561921514000062, 29.825387272000057 ], [ 81.562586702000033, 29.83005152100003 ], [ 81.563477202000058, 29.832445522000057 ], [ 81.562779827000043, 29.834627522000062 ], [ 81.563836139000045, 29.838660709000067 ], [ 81.564491014000055, 29.844229459000076 ], [ 81.565603702000033, 29.84674433400005 ], [ 81.566466452000043, 29.851872334000063 ], [ 81.562996764000047, 29.852778209000064 ], [ 81.558916389000046, 29.856479084000057 ], [ 81.557886702000076, 29.860839147000036 ], [ 81.554813640000077, 29.863439397000036 ], [ 81.553457889000072, 29.866325584000037 ], [ 81.551152639000065, 29.868356334000055 ], [ 81.548984827000083, 29.871985771000027 ], [ 81.546239140000068, 29.874446834000025 ], [ 81.543086577000054, 29.878161459000069 ], [ 81.540631952000069, 29.879100834000042 ], [ 81.536125139000035, 29.882922334000057 ], [ 81.532294014000058, 29.884126584000057 ], [ 81.529343014000062, 29.885726459000068 ], [ 81.526429889000042, 29.886421584000061 ], [ 81.522228702000064, 29.886839834000057 ], [ 81.516792764000058, 29.886387522000064 ], [ 81.515114452000034, 29.886858772000039 ], [ 81.51221332700004, 29.888906897000027 ], [ 81.509061202000055, 29.893301959000041 ], [ 81.507378889000051, 29.894409209000059 ], [ 81.509599764000029, 29.897387146000028 ], [ 81.513581577000082, 29.900922147000074 ], [ 81.518507515000067, 29.903977397000062 ], [ 81.518682014000035, 29.905914334000045 ], [ 81.516838451000069, 29.907405834000031 ], [ 81.516829951000034, 29.909147209000025 ], [ 81.515366264000079, 29.911643272000049 ], [ 81.513874764000036, 29.916674710000052 ], [ 81.518285951000053, 29.922434272000032 ], [ 81.524965515000076, 29.923237959000062 ], [ 81.527282577000051, 29.923970834000045 ], [ 81.530101451000064, 29.924103897000066 ], [ 81.53212870200008, 29.925485209000044 ], [ 81.536701702000073, 29.927587022000068 ], [ 81.538435389000085, 29.926835584000059 ], [ 81.544028639000032, 29.927099084000076 ], [ 81.549578077000035, 29.923620396000047 ], [ 81.552048827000078, 29.923549147000074 ], [ 81.553803077000055, 29.925019272000043 ], [ 81.557505827000057, 29.927148772000066 ], [ 81.561367827000083, 29.926126397000075 ], [ 81.56268676500008, 29.926959834000058 ], [ 81.565105077000055, 29.929969834000076 ], [ 81.567214951000039, 29.931311959000027 ], [ 81.56910995100003, 29.931515834000038 ], [ 81.572006202000068, 29.933472459000029 ], [ 81.575780389000045, 29.93450720900006 ], [ 81.57943595200004, 29.93392502100005 ], [ 81.582506327000033, 29.936164834000067 ], [ 81.58669126500007, 29.936863585000026 ], [ 81.58861938900003, 29.935970771000029 ], [ 81.590212327000074, 29.933586209000055 ], [ 81.593063639000036, 29.930607146000057 ], [ 81.598250952000058, 29.931350646000055 ], [ 81.604423764000046, 29.930165396000064 ], [ 81.606957077000061, 29.932497397000077 ], [ 81.607789452000077, 29.937246209000079 ], [ 81.610828952000077, 29.939923147000059 ], [ 81.613178889000039, 29.941315272000054 ], [ 81.614689077000037, 29.943241334000049 ], [ 81.619240577000085, 29.939058334000038 ], [ 81.62110857700003, 29.938424772000076 ], [ 81.623246014000074, 29.939474835000055 ], [ 81.628413952000074, 29.938376584000025 ], [ 81.632221389000051, 29.939937335000025 ], [ 81.636239702000069, 29.940833772000076 ], [ 81.63800245200008, 29.942692959000055 ], [ 81.638755889000038, 29.944773522000048 ], [ 81.644243390000042, 29.947528022000029 ], [ 81.64808895200008, 29.947982834000072 ], [ 81.65004607700007, 29.94681614600006 ], [ 81.653469639000036, 29.943645771000035 ], [ 81.656105640000078, 29.942737147000059 ], [ 81.659139826000057, 29.943410022000023 ], [ 81.663501764000046, 29.941387334000069 ], [ 81.667161390000047, 29.940306459000055 ], [ 81.669232202000046, 29.940992959000027 ], [ 81.67251557700007, 29.940689772000042 ], [ 81.677219014000059, 29.943728896000039 ], [ 81.681411765000064, 29.945247834000043 ], [ 81.687132390000045, 29.948678334000078 ], [ 81.689163452000059, 29.949283459000071 ], [ 81.694256577000033, 29.945471834000045 ], [ 81.698648702000071, 29.942674147000048 ], [ 81.699740576000067, 29.941488709000055 ], [ 81.700804890000086, 29.938688271000046 ], [ 81.699307389000069, 29.933995522000032 ], [ 81.699287389000062, 29.931500896000045 ], [ 81.700859327000046, 29.930664709000041 ], [ 81.708308890000069, 29.927931585000067 ], [ 81.710666702000083, 29.927463334000038 ], [ 81.711691452000082, 29.926350272000036 ], [ 81.711363577000043, 29.923304709000035 ], [ 81.711688327000047, 29.919817959000056 ], [ 81.712428515000056, 29.917571897000073 ], [ 81.712589139000045, 29.914313834000041 ], [ 81.718017201000066, 29.909371647000057 ], [ 81.718639514000074, 29.910040396000056 ], [ 81.723398139000039, 29.911600146000069 ], [ 81.728730577000078, 29.912288084000068 ], [ 81.733139702000074, 29.910813271000052 ], [ 81.734243264000042, 29.908501834000049 ], [ 81.735754452000037, 29.907767147000072 ], [ 81.740070327000069, 29.908345209000061 ], [ 81.744418952000046, 29.907312459000025 ], [ 81.746608889000072, 29.908459522000044 ], [ 81.749999827000067, 29.908079335000025 ], [ 81.75280163900004, 29.909067209000057 ], [ 81.755818265000073, 29.908409335000044 ], [ 81.758685202000038, 29.909529709000026 ], [ 81.760167014000046, 29.911086521000072 ], [ 81.763607764000085, 29.912390646000063 ], [ 81.76531163900006, 29.911056834000078 ], [ 81.771180077000054, 29.909529396000039 ], [ 81.774612139000055, 29.909793522000029 ], [ 81.777154702000075, 29.911201834000053 ], [ 81.781787765000047, 29.911068459000035 ], [ 81.78273088900005, 29.909168147000059 ], [ 81.78445057700003, 29.908564647000048 ], [ 81.787391765000052, 29.910362897000027 ], [ 81.790494327000033, 29.909629334000044 ], [ 81.792917952000039, 29.906783960000041 ], [ 81.795755514000064, 29.905544396000039 ], [ 81.80103745200006, 29.901686834000031 ], [ 81.80035470200005, 29.896521085000074 ], [ 81.797551202000079, 29.896957647000079 ], [ 81.795620764000034, 29.89616402200005 ], [ 81.798161390000075, 29.890437459000054 ], [ 81.797752077000041, 29.889427147000049 ], [ 81.798548202000063, 29.886190022000051 ], [ 81.797835889000055, 29.882316897000067 ], [ 81.799030265000056, 29.878797647000056 ], [ 81.798376202000043, 29.877195584000049 ], [ 81.79851876400005, 29.872426334000068 ], [ 81.798132702000032, 29.869284334000042 ], [ 81.798534515000085, 29.866852646000041 ], [ 81.79784770200007, 29.866159709000044 ], [ 81.796413890000053, 29.862324771000033 ], [ 81.797080515000061, 29.860398959000065 ], [ 81.794835577000072, 29.857879396000044 ], [ 81.794738202000076, 29.855714584000054 ], [ 81.793396889000064, 29.853311397000027 ], [ 81.795678765000048, 29.850484834000042 ], [ 81.796026702000063, 29.848840646000042 ], [ 81.793964077000055, 29.846513959000049 ], [ 81.79156363900006, 29.844484771000054 ], [ 81.790999327000065, 29.843306209000048 ], [ 81.786178452000058, 29.841194396000049 ], [ 81.78259539000004, 29.839275772000065 ], [ 81.78439901400003, 29.837977146000071 ], [ 81.784987890000082, 29.836435272000074 ], [ 81.785202265000066, 29.830512897000062 ], [ 81.78406470200008, 29.824156459000051 ], [ 81.784599514000035, 29.822240521000026 ], [ 81.781009765000078, 29.814378272000056 ], [ 81.782502077000061, 29.810528084000055 ], [ 81.782174327000064, 29.807054084000072 ], [ 81.780359765000071, 29.805456459000027 ], [ 81.779212202000053, 29.802145146000043 ], [ 81.775470452000036, 29.79814308400006 ], [ 81.773122827000066, 29.798497459000032 ], [ 81.771293640000067, 29.800010396000062 ], [ 81.768907702000035, 29.800434834000043 ], [ 81.766333139000039, 29.801816646000077 ], [ 81.763928202000045, 29.799746396000046 ], [ 81.760032889000058, 29.797411647000047 ], [ 81.757169265000073, 29.79681458400006 ], [ 81.755517327000064, 29.798547334000034 ], [ 81.753124202000038, 29.798015146000068 ], [ 81.749999514000081, 29.796057021000024 ], [ 81.748530827000081, 29.79461939600003 ], [ 81.746155390000069, 29.794188459000054 ], [ 81.743134514000076, 29.792678334000072 ], [ 81.741602764000049, 29.792492959000072 ], [ 81.742046765000055, 29.789316771000074 ], [ 81.739036514000077, 29.784648522000055 ], [ 81.738503202000061, 29.78086877100003 ], [ 81.738881452000044, 29.779648584000029 ], [ 81.737294452000071, 29.77542352200004 ], [ 81.734771514000045, 29.77189839600004 ], [ 81.733150264000074, 29.771090834000063 ], [ 81.731989202000079, 29.769207022000046 ], [ 81.732193452000047, 29.766627647000064 ], [ 81.733151577000058, 29.762487646000068 ], [ 81.734538514000064, 29.758920522000039 ], [ 81.733617639000045, 29.757962459000055 ], [ 81.733140202000072, 29.755147709000028 ], [ 81.729815389000066, 29.750753959000065 ], [ 81.728600765000067, 29.747945584000036 ], [ 81.728287327000032, 29.744011146000048 ], [ 81.730110202000049, 29.741580709000061 ], [ 81.728918452000073, 29.739868459000036 ], [ 81.727909827000076, 29.736571646000073 ], [ 81.729197702000079, 29.735502084000075 ], [ 81.728300015000059, 29.733154397000078 ], [ 81.726651515000071, 29.730991209000024 ], [ 81.724905014000058, 29.729645084000026 ], [ 81.72171426400007, 29.729186584000047 ], [ 81.719880765000084, 29.726505522000025 ], [ 81.71680513900003, 29.723943959000053 ], [ 81.715545014000043, 29.721733397000037 ], [ 81.715428327000041, 29.719857271000024 ], [ 81.714430827000058, 29.718031021000058 ], [ 81.714377327000079, 29.71414020900005 ], [ 81.713477139000076, 29.711453959000039 ], [ 81.71185932700007, 29.709879209000064 ], [ 81.712626889000035, 29.708426959000064 ], [ 81.711575889000073, 29.706420459000071 ], [ 81.711169201000075, 29.703799272000026 ], [ 81.710384951000037, 29.702876396000079 ], [ 81.710496264000085, 29.700250147000077 ], [ 81.707927139000049, 29.695989334000046 ], [ 81.705888077000054, 29.693331709000063 ], [ 81.706082139000046, 29.691431334000072 ], [ 81.704317452000055, 29.687346646000037 ], [ 81.70026976500003, 29.682685209000056 ], [ 81.699140390000082, 29.680383584000026 ], [ 81.69913770200003, 29.676266834000046 ], [ 81.700336765000031, 29.673637146000033 ], [ 81.700909515000035, 29.670354209000038 ], [ 81.700853764000044, 29.666034896000042 ], [ 81.701532202000067, 29.661167959000068 ], [ 81.703741265000076, 29.65663352200005 ], [ 81.70393432700007, 29.652741333000051 ], [ 81.703291327000045, 29.651546959000029 ], [ 81.703509327000063, 29.649373522000076 ], [ 81.702134452000053, 29.647465709000073 ], [ 81.705401764000044, 29.644669271000055 ], [ 81.701856264000071, 29.64319933400003 ], [ 81.704428639000071, 29.641949522000061 ], [ 81.705300264000073, 29.640656896000053 ], [ 81.704654327000071, 29.637177459000043 ], [ 81.708357140000032, 29.635323834000076 ], [ 81.711313327000084, 29.632323709000048 ], [ 81.712241827000071, 29.626302647000045 ], [ 81.714591702000064, 29.625430584000071 ], [ 81.717601327000068, 29.62084420900004 ], [ 81.718788764000067, 29.62036183400005 ], [ 81.720840890000034, 29.621302583000045 ], [ 81.722232765000058, 29.620525834000034 ], [ 81.72212839000008, 29.616748021000035 ], [ 81.72486226400008, 29.615284958000075 ], [ 81.729752202000043, 29.614964834000034 ], [ 81.730750640000053, 29.613443521000079 ], [ 81.732788827000036, 29.612460084000077 ], [ 81.735104827000043, 29.610547958000041 ], [ 81.736792702000059, 29.607732459000033 ], [ 81.740353639000034, 29.606199021000066 ], [ 81.74527082700007, 29.606056459000058 ], [ 81.75228364000003, 29.604893521000065 ], [ 81.757343452000043, 29.605967834000069 ], [ 81.762278452000032, 29.605192896000062 ], [ 81.76431057700006, 29.606121959000063 ], [ 81.768507015000068, 29.606000646000041 ], [ 81.772077452000076, 29.606467146000057 ], [ 81.775582390000068, 29.605797084000073 ], [ 81.777519640000037, 29.601664521000032 ], [ 81.77973376500006, 29.599736396000026 ], [ 81.78571407700008, 29.597264959000029 ], [ 81.789726451000035, 29.597338146000027 ], [ 81.791504014000054, 29.59664633400007 ], [ 81.79276320200006, 29.593783084000052 ], [ 81.791476702000068, 29.590738772000066 ], [ 81.791690827000082, 29.589666022000074 ], [ 81.796233890000053, 29.584055834000026 ], [ 81.797634577000053, 29.580280459000051 ], [ 81.799181702000055, 29.578714709000053 ], [ 81.80042363900003, 29.576011584000071 ], [ 81.79967845200008, 29.57338814600007 ], [ 81.800291514000037, 29.57104527100006 ], [ 81.799981389000038, 29.569425271000057 ], [ 81.800453452000056, 29.565720771000031 ], [ 81.800828952000074, 29.559194959000024 ], [ 81.799381390000065, 29.552125146000037 ], [ 81.798703514000067, 29.55099458400008 ], [ 81.795392889000084, 29.547800021000057 ], [ 81.792198889000076, 29.540515021000033 ], [ 81.791953765000073, 29.537692271000026 ], [ 81.793732702000057, 29.534922896000069 ], [ 81.794817389000059, 29.531214709000039 ], [ 81.794267577000085, 29.529756271000053 ], [ 81.792740452000032, 29.529084146000059 ], [ 81.789250265000078, 29.528976397000065 ], [ 81.787537890000067, 29.528368459000035 ], [ 81.784206201000075, 29.524720271000035 ], [ 81.78289238900004, 29.520410583000057 ], [ 81.779683327000043, 29.518157834000078 ], [ 81.779051639000045, 29.515662146000068 ], [ 81.782283577000044, 29.511260271000026 ], [ 81.782698640000035, 29.509730647000026 ], [ 81.781503452000038, 29.508731646000058 ], [ 81.776710765000075, 29.508013084000027 ], [ 81.772712514000034, 29.509335646000068 ], [ 81.771005327000069, 29.509345584000073 ], [ 81.764298201000031, 29.505330709000077 ], [ 81.769326702000058, 29.503334646000042 ], [ 81.773396264000041, 29.503615584000045 ], [ 81.77905176400003, 29.502371271000072 ], [ 81.781870577000063, 29.501141147000055 ], [ 81.784745264000037, 29.502312959000051 ], [ 81.787777202000029, 29.501473959000066 ], [ 81.789859077000074, 29.500006646000031 ], [ 81.789573389000054, 29.497497646000056 ], [ 81.791192265000063, 29.494860084000038 ], [ 81.795561077000059, 29.489343521000023 ], [ 81.797228515000086, 29.488086084000031 ], [ 81.79990276500007, 29.483876584000029 ], [ 81.800971514000082, 29.481172271000048 ], [ 81.805434202000072, 29.475600646000032 ], [ 81.807271077000053, 29.468849334000026 ], [ 81.808769389000076, 29.466480709000052 ], [ 81.808674890000077, 29.463097646000051 ], [ 81.809796577000043, 29.45876652100003 ], [ 81.81003357700007, 29.456308522000029 ], [ 81.809636592000061, 29.453908670000033 ], [ 81.80709089000004, 29.452604459000042 ], [ 81.804977015000077, 29.447340958000041 ], [ 81.805419139000037, 29.442210896000063 ], [ 81.807245452000075, 29.439319209000075 ], [ 81.805972015000066, 29.437405021000075 ], [ 81.803615764000085, 29.431184271000063 ], [ 81.800845514000059, 29.42912339600008 ], [ 81.801343390000056, 29.427225584000041 ], [ 81.80059895200003, 29.420929647000037 ], [ 81.798957077000068, 29.417406958000072 ], [ 81.798557952000067, 29.414555771000039 ], [ 81.799475890000053, 29.412420834000045 ], [ 81.798258015000044, 29.40840152100003 ], [ 81.799643639000067, 29.407355584000072 ], [ 81.796831639000061, 29.402409646000024 ], [ 81.796314702000075, 29.399380896000025 ], [ 81.794378390000077, 29.398352646000035 ], [ 81.79226514000004, 29.395996646000071 ], [ 81.791245451000066, 29.39356639600004 ], [ 81.791154014000085, 29.388990021000041 ], [ 81.789456827000038, 29.388612021000029 ], [ 81.786146014000053, 29.389184271000033 ], [ 81.782235015000083, 29.390775022000071 ], [ 81.778608640000073, 29.391348958000037 ], [ 81.773615265000046, 29.390940396000076 ], [ 81.770643702000029, 29.392200521000063 ], [ 81.768714952000039, 29.390402521000055 ], [ 81.769034264000084, 29.386707958000045 ], [ 81.768331889000081, 29.385703646000024 ], [ 81.763724764000074, 29.386785771000064 ], [ 81.762162265000029, 29.385723271000074 ], [ 81.76152114000007, 29.383245521000049 ], [ 81.759982764000085, 29.382291021000071 ], [ 81.759169515000053, 29.37935189600006 ], [ 81.759354452000082, 29.377981583000064 ], [ 81.758343452000076, 29.37563902100004 ], [ 81.756926390000046, 29.37486883400004 ], [ 81.755215952000071, 29.372476084000027 ], [ 81.753783765000037, 29.36930127100004 ], [ 81.751483452000059, 29.366521521000038 ], [ 81.750969577000035, 29.362206834000062 ], [ 81.751859139000032, 29.359636959000056 ], [ 81.751882827000031, 29.35778477100007 ], [ 81.752834390000032, 29.356123646000071 ], [ 81.752203764000058, 29.353530771000067 ], [ 81.75434457700004, 29.352350146000049 ], [ 81.752167702000065, 29.348626833000026 ], [ 81.749153952000086, 29.346620271000063 ], [ 81.74819807700004, 29.342138833000035 ], [ 81.74729426500005, 29.338861646000055 ] ] ] } },
{ "type": "Feature", "properties": { "DISTRICT": "DADELDHURA", "STATE_CODE": 7, "PR_NAME": "Sudurpashchim Province" }, "geometry": { "type": "Polygon", "coordinates": [ [ [ 80.750085763000072, 29.302978397000061 ], [ 80.747842826000067, 29.301990646000036 ], [ 80.744212144000073, 29.302238644000056 ], [ 80.743251827000051, 29.301569021000034 ], [ 80.739331076000042, 29.302154766000058 ], [ 80.739043327000047, 29.299686208000026 ], [ 80.736197822000065, 29.298882024000079 ], [ 80.737292389000061, 29.297587023000062 ], [ 80.736294951000048, 29.295751021000058 ], [ 80.734357138000064, 29.29420183700006 ], [ 80.734301701000049, 29.292004459000054 ], [ 80.737909201000036, 29.289997021000033 ], [ 80.74042819400006, 29.290834396000037 ], [ 80.742062514000054, 29.287864271000046 ], [ 80.745339829000045, 29.287838959000055 ], [ 80.747357075000082, 29.284711583000046 ], [ 80.747567073000084, 29.281736393000074 ], [ 80.745173639000029, 29.277671146000046 ], [ 80.745489894000059, 29.274793207000073 ], [ 80.750545582000029, 29.274489148000043 ], [ 80.752348139000048, 29.273797708000075 ], [ 80.755534017000059, 29.270949776000066 ], [ 80.757436511000037, 29.270123081000065 ], [ 80.758560322000051, 29.268324868000036 ], [ 80.756446077000078, 29.266784771000061 ], [ 80.755379762000075, 29.263335712000071 ], [ 80.753884141000071, 29.261780895000072 ], [ 80.750826581000069, 29.257166337000058 ], [ 80.74991938800008, 29.254516146000071 ], [ 80.748546635000082, 29.254761767000048 ], [ 80.746027271000059, 29.25218521100004 ], [ 80.742923512000061, 29.251141585000028 ], [ 80.742569828000057, 29.249444401000062 ], [ 80.740136326000083, 29.249286271000074 ], [ 80.737376826000059, 29.247460333000049 ], [ 80.737952451000069, 29.246683205000068 ], [ 80.740624321000041, 29.246920770000031 ], [ 80.737162701000045, 29.243902333000051 ], [ 80.735667957000032, 29.243486525000037 ], [ 80.732705800000076, 29.240550191000068 ], [ 80.730816698000069, 29.240338837000024 ], [ 80.725198701000068, 29.236036646000059 ], [ 80.722926017000077, 29.235267151000073 ], [ 80.721002769000052, 29.236181334000037 ], [ 80.717363889000069, 29.235794706000036 ], [ 80.712115826000058, 29.234242709000057 ], [ 80.708494451000035, 29.231349516000023 ], [ 80.708520832000033, 29.228270206000047 ], [ 80.709479951000048, 29.22520195900006 ], [ 80.705953889000057, 29.221449396000025 ], [ 80.704657265000037, 29.219580836000034 ], [ 80.703592639000078, 29.216756271000065 ], [ 80.70722151800004, 29.214079709000032 ], [ 80.70843870200008, 29.211300773000062 ], [ 80.707916389000047, 29.205497333000039 ], [ 80.708175262000054, 29.204103712000062 ], [ 80.707696139000063, 29.199507271000073 ], [ 80.707022949000077, 29.197892830000058 ], [ 80.706247322000081, 29.192736269000079 ], [ 80.703871332000062, 29.193053644000031 ], [ 80.70265132600008, 29.194724833000066 ], [ 80.701459638000074, 29.19438608400003 ], [ 80.69951739000004, 29.188680899000076 ], [ 80.697744384000032, 29.187914399000078 ], [ 80.695198700000049, 29.187944714000025 ], [ 80.691127451000057, 29.18969508400005 ], [ 80.689742826000042, 29.190693458000055 ], [ 80.687522458000046, 29.190783082000053 ], [ 80.682788389000052, 29.191780333000054 ], [ 80.678249576000042, 29.190603209000074 ], [ 80.676281021000079, 29.188897459000032 ], [ 80.675085737000074, 29.185059437000064 ], [ 80.673661456000048, 29.184546144000024 ], [ 80.672170272000074, 29.182848263000039 ], [ 80.669426826000063, 29.183371646000069 ], [ 80.663959319000071, 29.183155022000051 ], [ 80.65688988800008, 29.181217271000037 ], [ 80.653166140000053, 29.180503832000056 ], [ 80.647470135000049, 29.178095395000071 ], [ 80.64439395200003, 29.178861024000071 ], [ 80.640369326000041, 29.177850900000067 ], [ 80.636005139000076, 29.177699267000037 ], [ 80.631030570000064, 29.176334332000067 ], [ 80.625164894000079, 29.177572336000026 ], [ 80.621364261000053, 29.181033575000072 ], [ 80.617712013000073, 29.179498146000071 ], [ 80.612303326000074, 29.174844396000026 ], [ 80.610205326000084, 29.174080271000037 ], [ 80.607092326000043, 29.170283459000075 ], [ 80.605435889000034, 29.170050709000066 ], [ 80.60213557600008, 29.170652333000078 ], [ 80.600478951000071, 29.170378959000061 ], [ 80.59735345100006, 29.167348896000078 ], [ 80.596167576000084, 29.164626896000073 ], [ 80.593841514000076, 29.16298652100005 ], [ 80.593576576000032, 29.159094209000045 ], [ 80.592877263000048, 29.157036958000049 ], [ 80.59556038900007, 29.154035521000026 ], [ 80.59416370100007, 29.151870146000078 ], [ 80.593362264000064, 29.148574021000059 ], [ 80.590367076000064, 29.147339959000078 ], [ 80.583578763000048, 29.147262646000058 ], [ 80.577537826000082, 29.147505396000042 ], [ 80.576606451000032, 29.145966208000061 ], [ 80.571832263000033, 29.144859084000075 ], [ 80.569136326000034, 29.144825646000072 ], [ 80.567621201000065, 29.143557458000032 ], [ 80.567180326000084, 29.14121433300005 ], [ 80.568056763000072, 29.138112958000079 ], [ 80.566459701000042, 29.135432334000029 ], [ 80.56827620100006, 29.134634958000049 ], [ 80.570838201000072, 29.134383771000046 ], [ 80.572644701000058, 29.132747208000069 ], [ 80.573852764000037, 29.130158958000038 ], [ 80.571482076000052, 29.126359146000027 ], [ 80.570449951000057, 29.123080208000033 ], [ 80.568609513000069, 29.119187271000044 ], [ 80.56762176400008, 29.118473459000029 ], [ 80.564825701000075, 29.118796021000037 ], [ 80.560879951000061, 29.116324146000068 ], [ 80.558868201000053, 29.116807083000026 ], [ 80.551612014000057, 29.11364952100007 ], [ 80.549937888000045, 29.112046646000067 ], [ 80.546408076000034, 29.111211334000075 ], [ 80.540945451000084, 29.107556145000046 ], [ 80.534271326000066, 29.106646521000073 ], [ 80.530662138000082, 29.105469896000045 ], [ 80.528383513000051, 29.105897270000071 ], [ 80.528069889000051, 29.102426584000057 ], [ 80.52938032600008, 29.101282834000074 ], [ 80.530268014000058, 29.098064458000067 ], [ 80.53192363800008, 29.095275083000047 ], [ 80.53179876300004, 29.09420758300007 ], [ 80.533282264000036, 29.091476271000033 ], [ 80.533134139000083, 29.089587583000025 ], [ 80.535400576000029, 29.088929896000025 ], [ 80.538685076000036, 29.086121208000066 ], [ 80.542581513000073, 29.083316896000042 ], [ 80.545806514000049, 29.081455396000024 ], [ 80.549261201000036, 29.080271396000057 ], [ 80.553097014000059, 29.078395958000044 ], [ 80.557506826000065, 29.077298334000034 ], [ 80.560656951000055, 29.076040834000025 ], [ 80.561478138000041, 29.074200333000078 ], [ 80.563673763000054, 29.072953208000058 ], [ 80.562806326000043, 29.068093270000077 ], [ 80.560969889000035, 29.061808896000059 ], [ 80.558914638000033, 29.058194833000073 ], [ 80.556880139000043, 29.056378896000069 ], [ 80.55359132600006, 29.054651146000026 ], [ 80.552552138000067, 29.052768459000049 ], [ 80.550692076000075, 29.051027396000052 ], [ 80.546343576000083, 29.049347896000029 ], [ 80.546642075000079, 29.047068146000072 ], [ 80.548257013000068, 29.044434021000029 ], [ 80.54855770100005, 29.038598771000068 ], [ 80.545152576000078, 29.036107958000059 ], [ 80.544055638000032, 29.036711146000073 ], [ 80.537970701000063, 29.031970833000059 ], [ 80.535893201000079, 29.02969639500003 ], [ 80.536019201000045, 29.025563833000035 ], [ 80.534860826000056, 29.024350645000027 ], [ 80.535637326000085, 29.022354521000068 ], [ 80.535398326000063, 29.020330083000033 ], [ 80.537801763000061, 29.01709420800006 ], [ 80.53716126300003, 29.013944895000066 ], [ 80.533363889000043, 29.012318770000036 ], [ 80.531465639000032, 29.010597583000049 ], [ 80.527748450000047, 29.009221958000069 ], [ 80.523750513000039, 29.006284083000025 ], [ 80.522474576000036, 29.004693583000062 ], [ 80.520231763000083, 29.003609459000074 ], [ 80.520672826000066, 28.999227708000035 ], [ 80.51780057600007, 28.997775833000048 ], [ 80.513327889000038, 28.996419646000049 ], [ 80.510732764000068, 28.996631333000039 ], [ 80.50638745100008, 28.996383084000058 ], [ 80.50489751300006, 28.995504521000043 ], [ 80.503087389000029, 28.993284708000033 ], [ 80.501401201000078, 28.993283021000025 ], [ 80.497847326000056, 28.994959521000055 ], [ 80.495744951000063, 28.994252270000061 ], [ 80.489945639000041, 28.995322271000077 ], [ 80.488411264000035, 28.996392583000045 ], [ 80.487354888000084, 28.998168521000025 ], [ 80.48323920100006, 28.996756333000064 ], [ 80.481392826000047, 28.993872896000028 ], [ 80.478882451000061, 28.993948833000047 ], [ 80.476633014000072, 28.994693583000071 ], [ 80.473455889000036, 28.996774771000048 ], [ 80.474973014000057, 28.999999958000046 ], [ 80.474376076000055, 29.001994209000031 ], [ 80.474706638000043, 29.004057458000034 ], [ 80.476753638000048, 29.004877584000042 ], [ 80.478360639000073, 29.007545896000067 ], [ 80.47675520100006, 29.009797896000066 ], [ 80.47745251300006, 29.012501021000048 ], [ 80.479368826000041, 29.01517952100005 ], [ 80.479916701000036, 29.017638458000079 ], [ 80.478621451000038, 29.018858396000041 ], [ 80.476387326000065, 29.019255771000076 ], [ 80.472548326000037, 29.018392521000067 ], [ 80.470592013000044, 29.018732271000033 ], [ 80.471391013000073, 29.021167333000051 ], [ 80.470186951000073, 29.023423083000068 ], [ 80.471098638000058, 29.026659521000056 ], [ 80.469811513000082, 29.029824083000051 ], [ 80.465640951000069, 29.029857271000026 ], [ 80.462562263000052, 29.031509834000076 ], [ 80.462718264000046, 29.034402583000031 ], [ 80.46214395100003, 29.036748771000077 ], [ 80.461072263000062, 29.037466395000024 ], [ 80.459197076000066, 29.037127209000062 ], [ 80.456951389000039, 29.035119396000027 ], [ 80.454409388000045, 29.035276021000072 ], [ 80.451278013000035, 29.034085646000051 ], [ 80.449119326000073, 29.034703958000023 ], [ 80.44525507600008, 29.03429777100007 ], [ 80.443432889000064, 29.033250209000073 ], [ 80.442234326000062, 29.031650271000046 ], [ 80.440686326000048, 29.032259708000026 ], [ 80.434893514000066, 29.028763583000057 ], [ 80.428028389000076, 29.026458208000065 ], [ 80.424979514000086, 29.026923521000072 ], [ 80.421957138000039, 29.026430021000067 ], [ 80.419575888000054, 29.027656021000041 ], [ 80.417134076000082, 29.030167583000036 ], [ 80.416860451000048, 29.032605084000068 ], [ 80.411809576000053, 29.032131896000067 ], [ 80.410873201000072, 29.03337758300006 ], [ 80.406754764000084, 29.036335084000029 ], [ 80.402886826000042, 29.036254771000074 ], [ 80.399881201000085, 29.037044521000041 ], [ 80.397182139000051, 29.039150770000049 ], [ 80.393553014000076, 29.040864771000031 ], [ 80.392463264000071, 29.043533146000073 ], [ 80.39082751400008, 29.046000521000053 ], [ 80.388402638000059, 29.047410709000076 ], [ 80.384866138000064, 29.047333645000037 ], [ 80.380541513000082, 29.043595958000026 ], [ 80.379184889000044, 29.043458895000072 ], [ 80.37553888900004, 29.044800021000071 ], [ 80.374242138000056, 29.044521021000037 ], [ 80.367003451000073, 29.046948334000035 ], [ 80.361196451000069, 29.047654021000028 ], [ 80.356932513000061, 29.044511458000045 ], [ 80.355615826000076, 29.045892583000068 ], [ 80.356152576000056, 29.049283583000033 ], [ 80.353407701000037, 29.052151208000055 ], [ 80.349830889000032, 29.054035709000061 ], [ 80.34550601400008, 29.053847771000051 ], [ 80.344278451000037, 29.054189146000056 ], [ 80.341987264000068, 29.05463364600007 ], [ 80.338978639000061, 29.053488646000062 ], [ 80.33736676400008, 29.052192646000037 ], [ 80.330593264000072, 29.053345583000066 ], [ 80.326576639000052, 29.051315458000033 ], [ 80.324046889000044, 29.053012771000056 ], [ 80.320212639000033, 29.054279271000041 ], [ 80.317080388000079, 29.054680771000051 ], [ 80.314630513000054, 29.058192021000025 ], [ 80.311934139000073, 29.056350958000053 ], [ 80.309505326000078, 29.058064208000076 ], [ 80.307216826000058, 29.057405021000079 ], [ 80.303955639000037, 29.057773896000072 ], [ 80.30288351400003, 29.058465458000057 ], [ 80.299810701000069, 29.057409459000041 ], [ 80.295208264000053, 29.056974770000068 ], [ 80.291404826000075, 29.054601834000039 ], [ 80.287181514000054, 29.054268146000027 ], [ 80.284774513000059, 29.052766458000065 ], [ 80.28401651300004, 29.049042396000061 ], [ 80.282072576000076, 29.04983745800007 ], [ 80.279421265000053, 29.04984802000007 ], [ 80.276532702000054, 29.047251709000079 ], [ 80.273935139000059, 29.045879521000074 ], [ 80.272976640000081, 29.048114583000029 ], [ 80.27019901400007, 29.049570334000066 ], [ 80.267815639000048, 29.051635083000065 ], [ 80.265417514000035, 29.052145333000055 ], [ 80.262976889000072, 29.051049146000025 ], [ 80.258380826000064, 29.052745083000048 ], [ 80.252869826000051, 29.052500270000053 ], [ 80.251250264000078, 29.052109958000074 ], [ 80.246793140000079, 29.050075021000055 ], [ 80.243432514000062, 29.049914021000063 ], [ 80.241773264000074, 29.048826271000053 ], [ 80.23623557600007, 29.047265458000027 ], [ 80.232781952000039, 29.045605708000039 ], [ 80.22933364000005, 29.045520521000071 ], [ 80.224050889000068, 29.050992208000025 ], [ 80.223709764000034, 29.052526646000047 ], [ 80.225541952000071, 29.053694458000052 ], [ 80.225285327000051, 29.055479646000038 ], [ 80.223601139000039, 29.056830271000024 ], [ 80.219359639000061, 29.056124333000071 ], [ 80.217074201000059, 29.057184833000065 ], [ 80.213126638000062, 29.057500146000052 ], [ 80.213118201000043, 29.060728271000073 ], [ 80.21254938900006, 29.061282146000053 ], [ 80.21273082600004, 29.06739445900007 ], [ 80.208211701000039, 29.070839708000051 ], [ 80.205746888000078, 29.071914770000035 ], [ 80.206179389000056, 29.074455146000048 ], [ 80.20446901400004, 29.076132396000048 ], [ 80.202815201000078, 29.076465583000072 ], [ 80.201584951000029, 29.077897521000068 ], [ 80.199406764000059, 29.078531959000031 ], [ 80.197924452000052, 29.081383583000047 ], [ 80.195154763000062, 29.082515271000034 ], [ 80.193125451000071, 29.085857584000053 ], [ 80.188121389000059, 29.086680146000049 ], [ 80.187413889000084, 29.088018084000055 ], [ 80.188098264000075, 29.091631646000053 ], [ 80.186622576000048, 29.096224708000079 ], [ 80.18685057600004, 29.099853583000026 ], [ 80.186481264000065, 29.102231271000051 ], [ 80.187399138000046, 29.10629289600007 ], [ 80.186990639000044, 29.108059021000031 ], [ 80.18997282600003, 29.112191833000054 ], [ 80.188659451000035, 29.115337583000041 ], [ 80.189068951000081, 29.117954646000044 ], [ 80.187914264000085, 29.122639896000067 ], [ 80.18844626300006, 29.128271521000045 ], [ 80.188021701000082, 29.131402334000029 ], [ 80.186929888000066, 29.135537520000071 ], [ 80.186049763000085, 29.137257834000025 ], [ 80.188202451000052, 29.136607708000042 ], [ 80.191197076000037, 29.134257146000039 ], [ 80.195936826000036, 29.13165308400005 ], [ 80.198292576000085, 29.130728771000065 ], [ 80.202527014000054, 29.130305021000026 ], [ 80.205115701000068, 29.12931883300007 ], [ 80.207488513000044, 29.124999333000062 ], [ 80.211393951000048, 29.121823521000067 ], [ 80.218490702000054, 29.12129658300006 ], [ 80.221695451000073, 29.120473833000062 ], [ 80.225390888000049, 29.120181709000065 ], [ 80.228256264000038, 29.119261959000028 ], [ 80.230945826000038, 29.119142084000032 ], [ 80.233392576000085, 29.118449958000042 ], [ 80.236864826000044, 29.119054146000053 ], [ 80.239907514000038, 29.121352084000023 ], [ 80.24217301300007, 29.124268208000046 ], [ 80.246009389000051, 29.127073646000042 ], [ 80.24800682700004, 29.127019396000037 ], [ 80.250497326000072, 29.128950958000075 ], [ 80.252038201000062, 29.131095833000074 ], [ 80.253041326000073, 29.13451002100004 ], [ 80.254565827000079, 29.13689395800003 ], [ 80.25781463900006, 29.139102458000025 ], [ 80.261798389000035, 29.139986145000023 ], [ 80.264443763000031, 29.139960146000078 ], [ 80.270772639000029, 29.140538458000037 ], [ 80.273346701000037, 29.142066146000047 ], [ 80.274485389000063, 29.143491271000073 ], [ 80.273529201000031, 29.146669146000079 ], [ 80.267953076000083, 29.15262814600004 ], [ 80.264850638000041, 29.158239583000068 ], [ 80.261191389000032, 29.163184709000063 ], [ 80.260035888000061, 29.165759021000042 ], [ 80.26007807600007, 29.170444771000064 ], [ 80.262253514000065, 29.173702958000035 ], [ 80.262126139000031, 29.176684521000027 ], [ 80.260230577000073, 29.183008584000049 ], [ 80.259607951000078, 29.187329646000023 ], [ 80.255363639000052, 29.191220021000049 ], [ 80.252484888000083, 29.194969021000077 ], [ 80.247370513000078, 29.19852720800003 ], [ 80.243575389000057, 29.200375958000052 ], [ 80.242483201000084, 29.202440646000071 ], [ 80.242722451000077, 29.204172209000035 ], [ 80.245800201000065, 29.209538271000042 ], [ 80.246145889000047, 29.212416459000053 ], [ 80.248466326000084, 29.214800396000044 ], [ 80.248960389000047, 29.216210834000037 ], [ 80.24868607600007, 29.219266021000067 ], [ 80.250771763000046, 29.221330521000027 ], [ 80.254381014000046, 29.221436396000058 ], [ 80.256491638000057, 29.220566084000041 ], [ 80.258672888000035, 29.217868896000027 ], [ 80.259255576000044, 29.21203170800004 ], [ 80.260046951000049, 29.209342583000023 ], [ 80.263369139000076, 29.206347084000072 ], [ 80.265783514000077, 29.20608958400004 ], [ 80.271626201000061, 29.20691789600005 ], [ 80.276682138000069, 29.207046833000049 ], [ 80.279436326000052, 29.205180271000074 ], [ 80.28278057600005, 29.201676833000079 ], [ 80.285278514000083, 29.19769277100005 ], [ 80.28708432600007, 29.196127771000079 ], [ 80.289697514000068, 29.195006958000079 ], [ 80.292030201000046, 29.195375771000045 ], [ 80.29477851300004, 29.197100208000052 ], [ 80.296707013000059, 29.20012427100005 ], [ 80.299083076000045, 29.205521458000078 ], [ 80.29890107600005, 29.206707146000042 ], [ 80.295804952000083, 29.210686021000072 ], [ 80.295731826000065, 29.212921208000068 ], [ 80.296354138000083, 29.216071459000034 ], [ 80.297788326000045, 29.219857583000078 ], [ 80.297739389000071, 29.221382271000039 ], [ 80.295588701000042, 29.225384146000067 ], [ 80.292917952000039, 29.229112584000063 ], [ 80.292435701000045, 29.23187120800003 ], [ 80.295005576000051, 29.234388771000056 ], [ 80.297185451000075, 29.237484021000057 ], [ 80.300817263000056, 29.240043146000062 ], [ 80.302038951000043, 29.242097896000075 ], [ 80.302035389000082, 29.245468084000038 ], [ 80.300351013000068, 29.24898070900008 ], [ 80.300455826000075, 29.252060521000033 ], [ 80.301889764000066, 29.254984834000027 ], [ 80.300848951000035, 29.259035458000028 ], [ 80.301047514000061, 29.262224021000065 ], [ 80.303323014000057, 29.264514334000069 ], [ 80.304394639000066, 29.268925583000055 ], [ 80.305690201000061, 29.272814646000029 ], [ 80.306230889000062, 29.277568334000023 ], [ 80.305761701000051, 29.281795584000065 ], [ 80.305980701000067, 29.285273021000023 ], [ 80.307806639000034, 29.28897308300003 ], [ 80.309716451000043, 29.290025146000062 ], [ 80.311495576000084, 29.290034333000051 ], [ 80.312662076000038, 29.29108483300007 ], [ 80.31593545100003, 29.295872708000047 ], [ 80.317934513000068, 29.300130771000056 ], [ 80.319643513000074, 29.301628271000027 ], [ 80.319931888000042, 29.304661646000056 ], [ 80.317865264000034, 29.307258833000049 ], [ 80.317590014000075, 29.308879396000066 ], [ 80.318693513000085, 29.313347084000043 ], [ 80.322855263000065, 29.310004708000065 ], [ 80.327048388000037, 29.308413146000078 ], [ 80.328120451000075, 29.308506459000057 ], [ 80.335795076000068, 29.31221058400007 ], [ 80.337256701000058, 29.314812084000039 ], [ 80.334941389000051, 29.318270083000073 ], [ 80.335597576000055, 29.319800521000047 ], [ 80.337935389000052, 29.320678396000062 ], [ 80.341848201000062, 29.323334834000036 ], [ 80.344099576000076, 29.323867021000069 ], [ 80.345435701000042, 29.32708139600004 ], [ 80.348850514000048, 29.326798084000075 ], [ 80.352292764000083, 29.327854772000023 ], [ 80.352095014000042, 29.33064427100004 ], [ 80.352550951000069, 29.332329396000034 ], [ 80.355227514000035, 29.334219209000025 ], [ 80.356237639000085, 29.330957584000032 ], [ 80.359036076000052, 29.329777709000041 ], [ 80.362455888000056, 29.327190834000078 ], [ 80.364976826000031, 29.327723958000036 ], [ 80.363647701000048, 29.330952521000029 ], [ 80.364264388000038, 29.332696959000032 ], [ 80.36604376400004, 29.333585209000034 ], [ 80.368211389000066, 29.332654833000049 ], [ 80.368687138000041, 29.334991896000076 ], [ 80.371965451000051, 29.335860084000046 ], [ 80.373690138000029, 29.338008959000035 ], [ 80.373116389000074, 29.338836396000033 ], [ 80.369933826000079, 29.339080833000025 ], [ 80.367428889000053, 29.340449584000055 ], [ 80.369153451000045, 29.345240209000053 ], [ 80.369188889000043, 29.348957959000074 ], [ 80.370042514000033, 29.350049333000072 ], [ 80.371780763000061, 29.349283771000046 ], [ 80.37313107600005, 29.347528271000044 ], [ 80.375094889000081, 29.348040583000056 ], [ 80.375190451000037, 29.349999083000057 ], [ 80.376229826000042, 29.350412271000039 ], [ 80.378376514000081, 29.349068771000077 ], [ 80.379593701000033, 29.349243584000078 ], [ 80.381076951000068, 29.353917834000072 ], [ 80.383819889000051, 29.353788459000043 ], [ 80.386022014000048, 29.34909964600007 ], [ 80.387947201000031, 29.349189709000029 ], [ 80.388592201000051, 29.351407896000069 ], [ 80.386565326000039, 29.354671834000044 ], [ 80.388049951000085, 29.355910333000054 ], [ 80.39300638900005, 29.357214334000048 ], [ 80.39459363900005, 29.358360708000077 ], [ 80.39933101400004, 29.357594834000054 ], [ 80.401175701000057, 29.358049834000042 ], [ 80.401585701000045, 29.359939771000029 ], [ 80.403584638000041, 29.36067289600004 ], [ 80.405077076000055, 29.358615459000077 ], [ 80.403107888000079, 29.357469709000043 ], [ 80.404189139000039, 29.355983396000056 ], [ 80.407586201000072, 29.356621146000066 ], [ 80.410556576000033, 29.358310396000036 ], [ 80.411932014000058, 29.35977377100005 ], [ 80.413921201000051, 29.359299771000053 ], [ 80.414692701000035, 29.356731459000059 ], [ 80.416114701000083, 29.356006833000038 ], [ 80.419549639000081, 29.361575708000032 ], [ 80.419642013000043, 29.364134271000069 ], [ 80.418932138000059, 29.36691264600006 ], [ 80.420799326000065, 29.368217896000033 ], [ 80.420291701000053, 29.369399958000031 ], [ 80.418270702000029, 29.37041083400004 ], [ 80.417443826000067, 29.37371427100004 ], [ 80.420096576000049, 29.374071021000077 ], [ 80.419669201000033, 29.376189646000057 ], [ 80.421113013000081, 29.378438209000024 ], [ 80.423918139000079, 29.378118771000061 ], [ 80.426281952000068, 29.37978927100005 ], [ 80.427117451000072, 29.385141459000067 ], [ 80.43075938800007, 29.387164771000073 ], [ 80.430694514000038, 29.388703021000026 ], [ 80.432400639000036, 29.389944209000078 ], [ 80.432820451000055, 29.392504146000078 ], [ 80.435649388000058, 29.392958271000055 ], [ 80.437897701000054, 29.394043834000058 ], [ 80.439592076000054, 29.393299771000045 ], [ 80.44180801400006, 29.387840896000057 ], [ 80.443723951000038, 29.387242084000036 ], [ 80.44394438900008, 29.388858147000064 ], [ 80.447069826000074, 29.388891458000046 ], [ 80.446575326000072, 29.39227095900003 ], [ 80.447416201000067, 29.393314396000051 ], [ 80.450172576000057, 29.394577771000058 ], [ 80.452209763000042, 29.392939396000031 ], [ 80.453862326000035, 29.392454396000062 ], [ 80.456535326000051, 29.393300021000073 ], [ 80.459520889000032, 29.396055271000023 ], [ 80.46332076300007, 29.39414858400005 ], [ 80.465807451000046, 29.392162146000032 ], [ 80.469193951000079, 29.390923709000049 ], [ 80.470801952000045, 29.391500834000055 ], [ 80.478798451000046, 29.387803396000038 ], [ 80.481503888000077, 29.385702459000072 ], [ 80.48409663800004, 29.386835959000052 ], [ 80.487888076000047, 29.390816334000078 ], [ 80.488894263000077, 29.392448958000045 ], [ 80.491518701000075, 29.394367522000039 ], [ 80.497281889000078, 29.396839209000063 ], [ 80.50110632600007, 29.397424271000034 ], [ 80.504234889000031, 29.398850333000041 ], [ 80.509295576000056, 29.394364146000044 ], [ 80.511898138000049, 29.394619583000065 ], [ 80.517990139000062, 29.392345271000067 ], [ 80.52414888900006, 29.392766646000041 ], [ 80.524871326000039, 29.39230002100004 ], [ 80.53063032600005, 29.39178127200006 ], [ 80.533752826000068, 29.391993021000076 ], [ 80.538857451000069, 29.393316896000044 ], [ 80.544492139000056, 29.398574396000072 ], [ 80.549630138000055, 29.398711459000026 ], [ 80.549063389000082, 29.402138458000024 ], [ 80.549153263000051, 29.405116458000066 ], [ 80.549794076000069, 29.409091146000037 ], [ 80.549502763000078, 29.411377709000078 ], [ 80.550602889000061, 29.415053959000034 ], [ 80.55198763900006, 29.418180709000069 ], [ 80.554086263000045, 29.418512583000052 ], [ 80.555340326000078, 29.417436209000073 ], [ 80.558076264000078, 29.417258083000036 ], [ 80.563595826000039, 29.415011396000068 ], [ 80.566643701000032, 29.415770271000042 ], [ 80.57345138800008, 29.414359771000079 ], [ 80.577996451000047, 29.411818334000031 ], [ 80.578257013000041, 29.409076084000048 ], [ 80.580393576000063, 29.40609377100003 ], [ 80.582236014000046, 29.401143397000055 ], [ 80.583288701000072, 29.399272084000074 ], [ 80.583178138000051, 29.396679709000068 ], [ 80.593499889000043, 29.396059646000026 ], [ 80.596416451000039, 29.396952834000047 ], [ 80.599214201000052, 29.397119209000039 ], [ 80.602542514000049, 29.396682458000043 ], [ 80.607812513000056, 29.396804146000079 ], [ 80.613034576000075, 29.395592209000029 ], [ 80.617313951000085, 29.396538458000066 ], [ 80.622899952000068, 29.394131583000046 ], [ 80.624392138000076, 29.392913083000053 ], [ 80.62491870100007, 29.389815021000061 ], [ 80.628187073000049, 29.388220215000047 ], [ 80.633011827000075, 29.387610963000043 ], [ 80.634354264000081, 29.386536334000027 ], [ 80.637156956000069, 29.38558977200006 ], [ 80.639842139000052, 29.386939334000033 ], [ 80.646788760000049, 29.386405206000063 ], [ 80.649002139000061, 29.384525146000044 ], [ 80.652211388000069, 29.382528021000041 ], [ 80.655779075000055, 29.385079705000066 ], [ 80.658282825000072, 29.389523458000042 ], [ 80.659318701000075, 29.392138396000064 ], [ 80.663306764000083, 29.392432771000074 ], [ 80.664355200000045, 29.393042272000059 ], [ 80.665345947000048, 29.395235214000024 ], [ 80.667312894000077, 29.396699709000075 ], [ 80.672635201000048, 29.399149271000056 ], [ 80.676228514000059, 29.399539333000064 ], [ 80.678185076000034, 29.399074771000073 ], [ 80.680395514000054, 29.401626896000039 ], [ 80.680586014000085, 29.404988708000076 ], [ 80.679509389000032, 29.407361584000057 ], [ 80.679716451000047, 29.409728459000064 ], [ 80.677665639000054, 29.413269771000046 ], [ 80.674385076000078, 29.414637896000045 ], [ 80.67397795100004, 29.415956584000071 ], [ 80.671240764000061, 29.417474834000075 ], [ 80.670614139000065, 29.418930584000066 ], [ 80.672620014000074, 29.419957458000056 ], [ 80.675561013000049, 29.420521834000056 ], [ 80.679054514000029, 29.423688521000031 ], [ 80.683783576000053, 29.425107521000029 ], [ 80.689850639000042, 29.422983208000062 ], [ 80.691023701000063, 29.422252771000046 ], [ 80.693700451000041, 29.421995021000043 ], [ 80.698003763000031, 29.419839209000031 ], [ 80.704294451000067, 29.419587084000057 ], [ 80.707203888000038, 29.41739627100003 ], [ 80.708019764000085, 29.414663959000052 ], [ 80.713720326000043, 29.414315396000063 ], [ 80.715289263000045, 29.414975209000033 ], [ 80.720288951000043, 29.418631334000054 ], [ 80.721256201000074, 29.416278208000051 ], [ 80.721652701000039, 29.411990646000049 ], [ 80.723751514000071, 29.408987834000072 ], [ 80.728835076000053, 29.407134959000075 ], [ 80.73022295100003, 29.405985022000038 ], [ 80.734067451000044, 29.404460959000062 ], [ 80.740304826000056, 29.40286483400007 ], [ 80.743106638000086, 29.401708459000076 ], [ 80.747019764000072, 29.401059458000077 ], [ 80.748191826000038, 29.400463959000035 ], [ 80.754595576000042, 29.400196083000026 ], [ 80.759231764000049, 29.399469147000048 ], [ 80.763621389000036, 29.399758959000053 ], [ 80.766109951000033, 29.400376958000038 ], [ 80.769230139000058, 29.399538709000069 ], [ 80.76710513900008, 29.394542708000074 ], [ 80.765192139000078, 29.393224209000039 ], [ 80.764236514000061, 29.391510271000072 ], [ 80.764866389000076, 29.388407271000062 ], [ 80.764195576000077, 29.385529833000078 ], [ 80.769998264000037, 29.38258920800007 ], [ 80.78024195100005, 29.379416646000038 ], [ 80.781487888000072, 29.378101271000048 ], [ 80.782219826000073, 29.375934521000033 ], [ 80.785051451000072, 29.375039834000063 ], [ 80.786675388000049, 29.372887271000025 ], [ 80.78748463800008, 29.370625896000035 ], [ 80.787472514000058, 29.366386958000078 ], [ 80.784728139000038, 29.366048708000051 ], [ 80.78007251300005, 29.364617646000056 ], [ 80.776325763000045, 29.364994959000057 ], [ 80.77522726400008, 29.362827396000057 ], [ 80.772884514000054, 29.361582709000061 ], [ 80.772695764000048, 29.358336146000056 ], [ 80.770066264000036, 29.35724427100007 ], [ 80.768220701000075, 29.357983271000023 ], [ 80.767019389000041, 29.359515271000078 ], [ 80.767245639000066, 29.361821147000057 ], [ 80.765610889000072, 29.363390646000028 ], [ 80.763722826000048, 29.362543584000036 ], [ 80.762824014000046, 29.358650584000031 ], [ 80.76415713800003, 29.352616084000033 ], [ 80.763240201000031, 29.349492334000047 ], [ 80.76203663900003, 29.348833709000075 ], [ 80.760171201000048, 29.349301834000073 ], [ 80.75899826400007, 29.346306146000074 ], [ 80.759328702000062, 29.344698271000027 ], [ 80.763049326000043, 29.340856333000033 ], [ 80.764472452000064, 29.335834959000067 ], [ 80.763651451000044, 29.33459952100003 ], [ 80.76095070100007, 29.332638833000033 ], [ 80.762004388000037, 29.328622958000039 ], [ 80.764074764000043, 29.326160959000049 ], [ 80.766093951000073, 29.32467777100004 ], [ 80.768225576000077, 29.324268708000034 ], [ 80.771028951000062, 29.323007959000051 ], [ 80.773027951000074, 29.320394521000026 ], [ 80.773110576000079, 29.318262771000036 ], [ 80.777789389000077, 29.315816209000047 ], [ 80.777699576000032, 29.31449402100003 ], [ 80.775046513000063, 29.313797084000043 ], [ 80.773330638000061, 29.311423208000065 ], [ 80.773406077000061, 29.307576958000027 ], [ 80.774303576000079, 29.306330959000036 ], [ 80.773749702000032, 29.301454958000079 ], [ 80.769946701000038, 29.302813334000064 ], [ 80.767401576000054, 29.302057709000053 ], [ 80.766604951000033, 29.304197209000051 ], [ 80.762781139000083, 29.306259146000059 ], [ 80.75971295100004, 29.308349333000024 ], [ 80.758008763000078, 29.308838146000028 ], [ 80.754047138000033, 29.308005207000065 ], [ 80.750085763000072, 29.302978397000061 ] ] ] } },
{ "type": "Feature", "properties": { "DISTRICT": "DARCHULA", "STATE_CODE": 7, "PR_NAME": "Sudurpashchim Province" }, "geometry": { "type": "Polygon", "coordinates": [ [ [ 80.512212514000055, 29.647211584000047 ], [ 80.508072389000063, 29.644751022000037 ], [ 80.507344639000053, 29.643453522000073 ], [ 80.506924826000045, 29.638850146000038 ], [ 80.50679182600004, 29.638121084000034 ], [ 80.503126513000041, 29.634254521000059 ], [ 80.500348826000049, 29.632204834000049 ], [ 80.499137764000068, 29.629019646000074 ], [ 80.499076263000063, 29.625525209000045 ], [ 80.496830638000063, 29.624154209000039 ], [ 80.49108332600008, 29.623620209000023 ], [ 80.488639638000052, 29.623721334000038 ], [ 80.481214076000072, 29.623144333000027 ], [ 80.477904452000075, 29.62157264700005 ], [ 80.473802138000053, 29.621766209000043 ], [ 80.468744077000053, 29.620435459000078 ], [ 80.466469201000052, 29.62220389600003 ], [ 80.465244202000065, 29.622435834000044 ], [ 80.461876201000052, 29.624359896000044 ], [ 80.460150014000078, 29.626202646000024 ], [ 80.457724638000059, 29.625049021000052 ], [ 80.451501639000071, 29.625314458000048 ], [ 80.446606889000066, 29.618111772000077 ], [ 80.443650951000052, 29.616547396000044 ], [ 80.441220888000032, 29.617358271000057 ], [ 80.439811263000081, 29.619637459000046 ], [ 80.438516701000083, 29.620234271000072 ], [ 80.434648452000033, 29.618562147000034 ], [ 80.430888326000058, 29.618230209000046 ], [ 80.430127951000031, 29.616862209000033 ], [ 80.430261889000064, 29.614110771000071 ], [ 80.429333514000064, 29.612378833000037 ], [ 80.427682701000037, 29.612071709000077 ], [ 80.422612326000035, 29.614398021000056 ], [ 80.419913076000057, 29.614248709000037 ], [ 80.418736951000085, 29.612874272000056 ], [ 80.41950982600008, 29.606854709000061 ], [ 80.416154826000081, 29.605509084000062 ], [ 80.41240988900006, 29.605485834000035 ], [ 80.410570263000068, 29.605001584000036 ], [ 80.409591452000029, 29.607571146000055 ], [ 80.409685638000042, 29.609786647000078 ], [ 80.407637889000057, 29.61203789700005 ], [ 80.408233639000059, 29.613960146000068 ], [ 80.409709889000055, 29.614823958000045 ], [ 80.409750951000035, 29.620016959000054 ], [ 80.41237032600003, 29.625000271000033 ], [ 80.41557526400004, 29.626162646000068 ], [ 80.418881701000032, 29.626123084000028 ], [ 80.420623076000084, 29.626942709000048 ], [ 80.422836076000067, 29.630184834000033 ], [ 80.422525576000055, 29.632105396000043 ], [ 80.421279389000063, 29.633182771000065 ], [ 80.42181176400004, 29.639318521000064 ], [ 80.417613514000038, 29.641621334000035 ], [ 80.415692513000067, 29.644653647000041 ], [ 80.41613288800005, 29.647937709000075 ], [ 80.418168201000071, 29.650468584000066 ], [ 80.417633389000059, 29.652473834000034 ], [ 80.415473013000053, 29.654199084000027 ], [ 80.412768951000032, 29.653472021000027 ], [ 80.411022889000037, 29.654553772000042 ], [ 80.410847263000051, 29.656501959000025 ], [ 80.408813201000044, 29.659116396000059 ], [ 80.406558889000053, 29.66002439600004 ], [ 80.402726889000064, 29.658500334000053 ], [ 80.399819513000068, 29.658845896000059 ], [ 80.399420139000085, 29.65977570900003 ], [ 80.401032264000037, 29.661934959000064 ], [ 80.399466202000042, 29.663044459000048 ], [ 80.393420951000053, 29.663792959000034 ], [ 80.392218701000047, 29.664475396000057 ], [ 80.39103545100005, 29.667409209000027 ], [ 80.391768576000061, 29.670067647000053 ], [ 80.391253326000083, 29.671608147000029 ], [ 80.387078139000039, 29.673449896000079 ], [ 80.385941889000037, 29.67498983400003 ], [ 80.385059639000076, 29.678448333000063 ], [ 80.385875014000078, 29.681578584000079 ], [ 80.386950139000078, 29.685079959000063 ], [ 80.382447514000035, 29.688027584000054 ], [ 80.381851138000059, 29.689698584000041 ], [ 80.381888076000052, 29.694210208000072 ], [ 80.380909013000064, 29.701613459000043 ], [ 80.378843513000049, 29.702454209000052 ], [ 80.376300076000064, 29.708814709000023 ], [ 80.376277951000077, 29.71239214600007 ], [ 80.373728014000051, 29.715305834000048 ], [ 80.374038701000075, 29.716261459000066 ], [ 80.377074638000067, 29.718181896000033 ], [ 80.376509701000032, 29.720946959000059 ], [ 80.374819951000063, 29.721649584000033 ], [ 80.370783827000082, 29.721540209000068 ], [ 80.369352326000069, 29.722219146000043 ], [ 80.368107138000084, 29.723997458000042 ], [ 80.367663888000038, 29.729043709000052 ], [ 80.368537139000068, 29.73126970900006 ], [ 80.371184826000047, 29.733492959000046 ], [ 80.370464452000078, 29.735589584000024 ], [ 80.367117013000041, 29.738343646000033 ], [ 80.365832701000045, 29.740144334000036 ], [ 80.366858826000055, 29.742574084000069 ], [ 80.366664013000047, 29.744928209000079 ], [ 80.367495013000052, 29.747772084000076 ], [ 80.369744513000057, 29.750645334000069 ], [ 80.371579201000031, 29.750665334000075 ], [ 80.372950764000052, 29.749336459000062 ], [ 80.374636327000076, 29.749175272000059 ], [ 80.380337826000073, 29.749743459000058 ], [ 80.38289995100007, 29.750650959000041 ], [ 80.387494201000038, 29.750419647000058 ], [ 80.388101701000039, 29.751383396000051 ], [ 80.38656551400004, 29.756199022000033 ], [ 80.386873514000058, 29.758539647000077 ], [ 80.387928826000064, 29.759306959000071 ], [ 80.392723513000078, 29.760362147000023 ], [ 80.395197263000057, 29.758616271000051 ], [ 80.397714013000041, 29.758300709000025 ], [ 80.399291951000066, 29.760319959000071 ], [ 80.39797976400007, 29.76320133400003 ], [ 80.398068263000084, 29.765103272000033 ], [ 80.400242638000066, 29.768212522000056 ], [ 80.401828264000073, 29.774186084000064 ], [ 80.405563763000032, 29.777031584000042 ], [ 80.406319326000073, 29.779301959000065 ], [ 80.405363263000083, 29.781039084000042 ], [ 80.406247389000043, 29.782730334000064 ], [ 80.408570326000074, 29.783647459000065 ], [ 80.40886295100006, 29.785117271000047 ], [ 80.407953951000081, 29.789464459000044 ], [ 80.409243014000083, 29.791247772000077 ], [ 80.40858382600004, 29.793728334000036 ], [ 80.409629014000075, 29.794549584000038 ], [ 80.412534701000084, 29.791896271000041 ], [ 80.414842451000084, 29.791852397000071 ], [ 80.415941701000065, 29.794124209000074 ], [ 80.417679201000055, 29.795710897000049 ], [ 80.41970376300003, 29.796137084000065 ], [ 80.423675514000081, 29.796061959000042 ], [ 80.42922907600007, 29.79753652100004 ], [ 80.431830388000037, 29.799000397000043 ], [ 80.432340263000071, 29.80077783400003 ], [ 80.434562888000073, 29.802982147000023 ], [ 80.436126951000062, 29.805889646000026 ], [ 80.43818557600008, 29.805880396000077 ], [ 80.439533263000044, 29.804762771000071 ], [ 80.44151507600003, 29.801705709000032 ], [ 80.443395076000058, 29.800136834000057 ], [ 80.445875202000082, 29.799132209000049 ], [ 80.448590139000032, 29.798870584000042 ], [ 80.451580576000083, 29.79953720900005 ], [ 80.45506976300004, 29.802197584000055 ], [ 80.457271889000083, 29.802569834000053 ], [ 80.462566263000042, 29.802101959000026 ], [ 80.466464639000037, 29.802189896000073 ], [ 80.468859701000042, 29.801457459000062 ], [ 80.473372513000072, 29.799352896000073 ], [ 80.475829014000055, 29.798782897000024 ], [ 80.479382076000036, 29.797290146000023 ], [ 80.481282514000043, 29.795702834000053 ], [ 80.484574326000029, 29.796405959000026 ], [ 80.494092076000072, 29.795371209000052 ], [ 80.496080763000066, 29.796829272000025 ], [ 80.495974888000035, 29.799314647000074 ], [ 80.494362951000085, 29.80148302200007 ], [ 80.496656826000049, 29.802200084000049 ], [ 80.496978888000058, 29.804323959000044 ], [ 80.499869263000051, 29.806419209000069 ], [ 80.501946951000036, 29.809167709000064 ], [ 80.499623014000065, 29.809973271000047 ], [ 80.499115701000051, 29.811584209000046 ], [ 80.501639201000046, 29.814366022000058 ], [ 80.503403201000083, 29.817875772000036 ], [ 80.506461076000051, 29.81903539700005 ], [ 80.50898963800006, 29.823105084000076 ], [ 80.511610451000081, 29.824269771000047 ], [ 80.516859639000074, 29.825349209000024 ], [ 80.518985951000047, 29.825138209000045 ], [ 80.523483264000049, 29.827049272000068 ], [ 80.525647701000082, 29.829191084000058 ], [ 80.525526889000048, 29.832093647000079 ], [ 80.528669076000085, 29.83293277100006 ], [ 80.531874264000066, 29.836311959000057 ], [ 80.533659451000062, 29.838691272000062 ], [ 80.536665451000033, 29.83819208400007 ], [ 80.537555889000032, 29.838673397000036 ], [ 80.538366701000029, 29.842556084000023 ], [ 80.539631139000051, 29.845630522000079 ], [ 80.541405076000046, 29.847373584000024 ], [ 80.546070076000035, 29.846491897000078 ], [ 80.551006889000064, 29.850287146000028 ], [ 80.553020826000079, 29.849842771000056 ], [ 80.555148451000036, 29.851629771000034 ], [ 80.55518001300004, 29.853344209000056 ], [ 80.553227201000084, 29.855221146000076 ], [ 80.553150577000054, 29.856310396000026 ], [ 80.556132201000082, 29.859584460000065 ], [ 80.556521451000037, 29.862051272000031 ], [ 80.560948388000043, 29.864707521000071 ], [ 80.563243077000038, 29.866111397000054 ], [ 80.562256077000029, 29.867511147000073 ], [ 80.560450827000068, 29.867877397000029 ], [ 80.558463264000068, 29.869598584000073 ], [ 80.558624701000042, 29.870623272000046 ], [ 80.562196639000035, 29.87482852100004 ], [ 80.564243139000041, 29.875850334000063 ], [ 80.56661888800005, 29.877971771000034 ], [ 80.568157639000049, 29.880243771000039 ], [ 80.569551451000052, 29.884037959000068 ], [ 80.569867263000049, 29.886071334000064 ], [ 80.571988138000052, 29.891428771000051 ], [ 80.574391951000052, 29.895902834000026 ], [ 80.573188076000065, 29.899541959000032 ], [ 80.573158139000043, 29.90102608400008 ], [ 80.572878451000065, 29.905534396000064 ], [ 80.571429389000059, 29.909016959000041 ], [ 80.573136264000084, 29.916330959000049 ], [ 80.57481788900003, 29.918977771000073 ], [ 80.575984514000083, 29.923477147000028 ], [ 80.579950764000046, 29.92820652100005 ], [ 80.580544451000037, 29.931995709000034 ], [ 80.58180463900004, 29.933481709000034 ], [ 80.583103638000068, 29.936325709000073 ], [ 80.590042951000044, 29.944348397000056 ], [ 80.59216963800003, 29.948437772000034 ], [ 80.596478076000039, 29.95210527100005 ], [ 80.596986638000033, 29.952941459000044 ], [ 80.606040388000054, 29.959023084000023 ], [ 80.609940763000054, 29.958556459000079 ], [ 80.613062263000074, 29.959255959000075 ], [ 80.61440895100003, 29.960277209000026 ], [ 80.618007576000082, 29.96114027200008 ], [ 80.62086057700003, 29.963083959000073 ], [ 80.624230514000033, 29.964257521000036 ], [ 80.626911764000056, 29.963757584000064 ], [ 80.628796888000068, 29.964728397000044 ], [ 80.631985389000079, 29.965177209000046 ], [ 80.634874701000058, 29.964736334000065 ], [ 80.640924389000077, 29.96211158400007 ], [ 80.642431951000049, 29.959729147000075 ], [ 80.643968763000032, 29.959288959000048 ], [ 80.648311139000043, 29.956553146000033 ], [ 80.65033976400008, 29.955926959000067 ], [ 80.658534013000065, 29.95521083400007 ], [ 80.660556951000046, 29.956147647000023 ], [ 80.663100388000032, 29.955991771000072 ], [ 80.66506713900003, 29.956696084000043 ], [ 80.67307863800005, 29.957386147000079 ], [ 80.674897514000065, 29.956896647000065 ], [ 80.679665639000063, 29.958906834000061 ], [ 80.680868639000039, 29.960551897000073 ], [ 80.684435513000039, 29.963145522000048 ], [ 80.684936138000069, 29.966133272000036 ], [ 80.689166014000079, 29.970250959000055 ], [ 80.689442138000061, 29.971433585000057 ], [ 80.692344014000071, 29.974679584000057 ], [ 80.69761257600004, 29.977971521000029 ], [ 80.698785826000062, 29.979512584000076 ], [ 80.702240952000068, 29.980000897000025 ], [ 80.704539013000044, 29.983707709000043 ], [ 80.706287014000054, 29.985730459000024 ], [ 80.70941188900008, 29.986808834000044 ], [ 80.711082576000081, 29.989165209000078 ], [ 80.714064264000058, 29.990189021000049 ], [ 80.716698076000057, 29.99373614700005 ], [ 80.717853701000081, 29.996420646000047 ], [ 80.721311951000075, 30.000325834000023 ], [ 80.723617201000081, 30.000560771000039 ], [ 80.727278263000073, 29.999848834000034 ], [ 80.728926888000046, 30.000445397000078 ], [ 80.736642076000066, 29.999432522000063 ], [ 80.740321576000042, 29.99969020900005 ], [ 80.742504951000058, 30.001332147000028 ], [ 80.743659139000044, 30.003005835000067 ], [ 80.745940451000081, 30.003657647000068 ], [ 80.749407013000052, 30.006580897000049 ], [ 80.751370201000043, 30.009226022000064 ], [ 80.753275951000035, 30.012608647000036 ], [ 80.755926263000049, 30.020422772000074 ], [ 80.759028139000065, 30.023363147000055 ], [ 80.759877513000049, 30.028027146000056 ], [ 80.757411326000067, 30.030909896000026 ], [ 80.757789763000062, 30.034258021000028 ], [ 80.757446638000033, 30.038094335000039 ], [ 80.757687451000038, 30.040082021000046 ], [ 80.761105076000035, 30.043541709000067 ], [ 80.760503013000061, 30.04552783400004 ], [ 80.762483701000065, 30.047381084000051 ], [ 80.762725513000078, 30.049138709000033 ], [ 80.767321701000071, 30.051973272000055 ], [ 80.772870889000046, 30.053192085000035 ], [ 80.77430963900008, 30.054065210000033 ], [ 80.776699076000057, 30.054114397000035 ], [ 80.779191888000071, 30.055020834000061 ], [ 80.781191451000041, 30.056675334000033 ], [ 80.783783826000047, 30.060315772000024 ], [ 80.785678576000066, 30.061602334000042 ], [ 80.787935576000052, 30.066223397000044 ], [ 80.791038013000048, 30.069880272000034 ], [ 80.790753451000057, 30.071546772000033 ], [ 80.791576201000055, 30.07312027200004 ], [ 80.793437576000031, 30.073612647000061 ], [ 80.796750388000078, 30.077851771000041 ], [ 80.798768014000075, 30.079598460000057 ], [ 80.801225889000079, 30.080901459000074 ], [ 80.80339563900003, 30.085625834000041 ], [ 80.807974451000064, 30.090004084000043 ], [ 80.811417701000039, 30.09085046000007 ], [ 80.814472201000058, 30.092916460000026 ], [ 80.815702326000064, 30.092981272000031 ], [ 80.816067138000051, 30.095257835000041 ], [ 80.818911451000076, 30.097095710000076 ], [ 80.820651889000032, 30.096883709000053 ], [ 80.822194763000084, 30.099071522000031 ], [ 80.823476639000035, 30.099822147000054 ], [ 80.826236638000069, 30.099598022000066 ], [ 80.827993827000057, 30.100058209000053 ], [ 80.830125138000085, 30.097523335000062 ], [ 80.831795326000076, 30.097173647000034 ], [ 80.835767077000071, 30.097805772000072 ], [ 80.837807013000031, 30.097257897000077 ], [ 80.842461452000066, 30.099433522000027 ], [ 80.844269201000031, 30.101131897000073 ], [ 80.84699201400008, 30.102344147000053 ], [ 80.847638889000052, 30.104713335000042 ], [ 80.847529701000042, 30.106991459000028 ], [ 80.846333388000062, 30.107585522000079 ], [ 80.843586514000037, 30.110440209000046 ], [ 80.84482938900004, 30.113940209000077 ], [ 80.846039889000053, 30.115547647000028 ], [ 80.848288076000074, 30.116878834000033 ], [ 80.855968201000053, 30.118858960000068 ], [ 80.856581451000068, 30.120206272000075 ], [ 80.860658951000062, 30.121311397000056 ], [ 80.864263638000068, 30.120947522000051 ], [ 80.866582326000071, 30.122476960000029 ], [ 80.869725764000066, 30.125369585000044 ], [ 80.872696264000069, 30.12615296000007 ], [ 80.875755638000044, 30.126246146000028 ], [ 80.878601951000064, 30.127839084000072 ], [ 80.87969051400006, 30.129245272000048 ], [ 80.880424951000066, 30.132487334000075 ], [ 80.878821014000039, 30.135724959000072 ], [ 80.877779451000038, 30.138841334000062 ], [ 80.877812014000085, 30.141088022000076 ], [ 80.875311013000044, 30.144234459000074 ], [ 80.874866389000033, 30.147978522000074 ], [ 80.872661452000045, 30.15326583500007 ], [ 80.873257951000085, 30.154428084000074 ], [ 80.873464013000046, 30.158217771000068 ], [ 80.87317957700003, 30.160694209000042 ], [ 80.870150013000057, 30.164022772000067 ], [ 80.868704201000071, 30.166619834000073 ], [ 80.866047826000056, 30.166876647000038 ], [ 80.864620076000051, 30.168952522000041 ], [ 80.860813510000071, 30.172012852000023 ], [ 80.860342075000062, 30.173143894000077 ], [ 80.856241648000037, 30.177589243000057 ], [ 80.855669738000074, 30.181618240000034 ], [ 80.852082949000078, 30.184006236000073 ], [ 80.851641821000044, 30.184979723000026 ], [ 80.846110650000071, 30.189976953000041 ], [ 80.842440974000056, 30.192307291000077 ], [ 80.841179996000051, 30.193752421000056 ], [ 80.839015030000041, 30.19977360300004 ], [ 80.835453769000083, 30.202700676000063 ], [ 80.834680103000039, 30.205153753000047 ], [ 80.832401339000057, 30.206917394000072 ], [ 80.83101593300006, 30.206992006000064 ], [ 80.828984817000048, 30.208536283000058 ], [ 80.828948799000045, 30.210290832000055 ], [ 80.826715535000062, 30.214198141000054 ], [ 80.823824304000084, 30.217015963000051 ], [ 80.82409348300007, 30.218677817000071 ], [ 80.821769778000032, 30.222219673000041 ], [ 80.81963341200003, 30.224697052000067 ], [ 80.817463402000044, 30.225238330000025 ], [ 80.814813084000036, 30.224615133000043 ], [ 80.813833718000069, 30.225716632000058 ], [ 80.81311631300008, 30.228567419000058 ], [ 80.809967144000041, 30.229279050000059 ], [ 80.805005526000059, 30.232422861000032 ], [ 80.804536214000052, 30.233400913000025 ], [ 80.802224369000044, 30.234614914000076 ], [ 80.800246911000045, 30.236993141000028 ], [ 80.797542597000074, 30.238469051000038 ], [ 80.795588979000058, 30.241857026000048 ], [ 80.793466825000053, 30.243517465000025 ], [ 80.791130614000053, 30.246324679000054 ], [ 80.790039641000078, 30.248608669000077 ], [ 80.788566723000031, 30.250098293000065 ], [ 80.787622328000054, 30.253714191000029 ], [ 80.78642921900007, 30.25546683400006 ], [ 80.784432323000033, 30.260082767000029 ], [ 80.782557395000083, 30.262305717000061 ], [ 80.778486491000081, 30.265700631000072 ], [ 80.77894387200007, 30.267163553000046 ], [ 80.775023340000075, 30.270809263000046 ], [ 80.77251743000005, 30.274537885000029 ], [ 80.76840724200008, 30.278252290000069 ], [ 80.764247760000046, 30.278524167000057 ], [ 80.763326626000037, 30.279544216000033 ], [ 80.763405973000033, 30.283158990000061 ], [ 80.76250195800003, 30.283901705000062 ], [ 80.761461567000083, 30.28870758100004 ], [ 80.762740391000079, 30.294553701000041 ], [ 80.761044591000029, 30.297310184000025 ], [ 80.761649788000057, 30.298464290000027 ], [ 80.760678220000045, 30.302031121000027 ], [ 80.758487604000038, 30.305670126000052 ], [ 80.754613581000058, 30.308224348000067 ], [ 80.749616694000053, 30.307829355000024 ], [ 80.748043738000035, 30.306966957000043 ], [ 80.744867166000063, 30.306489337000073 ], [ 80.739311547000057, 30.308043174000034 ], [ 80.735725160000072, 30.31160858800007 ], [ 80.735477941000056, 30.314527587000043 ], [ 80.736225796000042, 30.316281272000026 ], [ 80.733181449000085, 30.318706421000059 ], [ 80.73106232400005, 30.31933229200007 ], [ 80.728444185000058, 30.321292709000033 ], [ 80.725496523000061, 30.322226500000056 ], [ 80.722577650000062, 30.324642710000035 ], [ 80.720433840000055, 30.325171675000036 ], [ 80.718356623000034, 30.328386297000065 ], [ 80.71643343900007, 30.329671205000068 ], [ 80.71160057600008, 30.33074201900007 ], [ 80.709883554000044, 30.330663027000071 ], [ 80.707750016000034, 30.331836337000027 ], [ 80.706461114000035, 30.333537877000026 ], [ 80.703752938000036, 30.333578320000072 ], [ 80.702598773000034, 30.334377783000036 ], [ 80.694837416000041, 30.334010339000031 ], [ 80.691833584000051, 30.333124836000025 ], [ 80.68948604600007, 30.333565276000058 ], [ 80.684446675000061, 30.33516962300007 ], [ 80.681384114000082, 30.339021136000042 ], [ 80.675771145000056, 30.339585223000029 ], [ 80.674722756000051, 30.340969337000047 ], [ 80.670718916000055, 30.342248889000075 ], [ 80.667916131000084, 30.344750411000064 ], [ 80.667309050000085, 30.347340218000056 ], [ 80.666261718000044, 30.349175202000026 ], [ 80.664626546000079, 30.350524477000079 ], [ 80.662686363000034, 30.350970356000062 ], [ 80.662981516000059, 30.353123293000067 ], [ 80.660479328000065, 30.354735078000033 ], [ 80.662489084000072, 30.356512943000041 ], [ 80.661613689000035, 30.358774844000038 ], [ 80.661936360000084, 30.360880382000062 ], [ 80.660203415000069, 30.364571459000047 ], [ 80.659577395000042, 30.36891709300005 ], [ 80.657440352000037, 30.377979064000044 ], [ 80.655513190000079, 30.381197522000036 ], [ 80.651100235000058, 30.383280417000037 ], [ 80.648737735000054, 30.386592303000043 ], [ 80.645235573000036, 30.38828581000007 ], [ 80.643991272000051, 30.388347534000047 ], [ 80.640348292000056, 30.390568528000074 ], [ 80.639763975000051, 30.392972464000025 ], [ 80.638027196000053, 30.394708211000079 ], [ 80.637442297000064, 30.398265450000054 ], [ 80.635673440000062, 30.398711529000025 ], [ 80.636129341000071, 30.403070680000042 ], [ 80.634290621000048, 30.405596820000028 ], [ 80.629697004000036, 30.408948716000054 ], [ 80.628288984000051, 30.411872831000039 ], [ 80.627917825000054, 30.414505150000025 ], [ 80.628787744000078, 30.41617767200006 ], [ 80.630063031000077, 30.416205828000045 ], [ 80.630844726000078, 30.418017473000077 ], [ 80.628929861000074, 30.418898388000059 ], [ 80.62676357600003, 30.42111404700006 ], [ 80.624641689000043, 30.424946524000063 ], [ 80.623990305000063, 30.428369893000024 ], [ 80.624395759000038, 30.43039413200006 ], [ 80.624012905000029, 30.433027199000037 ], [ 80.622952195000039, 30.435062730000027 ], [ 80.619180892000031, 30.437850660000038 ], [ 80.617217032000042, 30.439850082000078 ], [ 80.613502621000066, 30.445588069000053 ], [ 80.609158920000084, 30.446649327000046 ], [ 80.606367570000032, 30.448777390000032 ], [ 80.604202318000034, 30.449355680000053 ], [ 80.599467312000058, 30.448875475000079 ], [ 80.59211110900003, 30.445748265000077 ], [ 80.584484337000049, 30.445610183000042 ], [ 80.575103151000064, 30.442446502000053 ], [ 80.570202628000061, 30.438894168000047 ], [ 80.56736483800006, 30.437373963000027 ], [ 80.562536737000073, 30.43154647700004 ], [ 80.558502628000042, 30.428004838000049 ], [ 80.550947062000034, 30.423374348000038 ], [ 80.54908527200007, 30.42075509700004 ], [ 80.546368403000031, 30.418202616000031 ], [ 80.54099990800006, 30.415288964000069 ], [ 80.539528625000059, 30.415355843000043 ], [ 80.536808550000046, 30.417631454000059 ], [ 80.533431270000051, 30.421772885000053 ], [ 80.529122044000076, 30.423651641000049 ], [ 80.527204957000038, 30.425256612000055 ], [ 80.529365143000064, 30.427998607000063 ], [ 80.530411853000032, 30.430084085000033 ], [ 80.530703090000031, 30.434425864000048 ], [ 80.529966493000074, 30.436201423000057 ], [ 80.532789796000031, 30.438749478000034 ], [ 80.53798839500007, 30.44116322900004 ], [ 80.540488153000069, 30.445703182000045 ], [ 80.542429455000047, 30.448360133000051 ], [ 80.547661950000077, 30.448563531000048 ], [ 80.551087684000038, 30.449247960000037 ], [ 80.555006106000064, 30.451335789000041 ], [ 80.555223358000035, 30.452362745000073 ], [ 80.557567868000035, 30.452712158000054 ], [ 80.561239752000063, 30.454115601000069 ], [ 80.561526164000043, 30.45570297200004 ], [ 80.566825775000041, 30.459683767000058 ], [ 80.566720351000072, 30.46400624100005 ], [ 80.568948083000066, 30.467556181000077 ], [ 80.570057879000046, 30.464387741000053 ], [ 80.576786665000043, 30.464656038000044 ], [ 80.579247437000049, 30.464387409000039 ], [ 80.580109300000061, 30.46574957200005 ], [ 80.583448371000031, 30.467961014000025 ], [ 80.585906618000081, 30.468548131000034 ], [ 80.592873789000066, 30.468248725000024 ], [ 80.59585579600008, 30.468430052000031 ], [ 80.598835481000037, 30.467995930000029 ], [ 80.600086597000029, 30.472373599000036 ], [ 80.600733025000068, 30.473079292000079 ], [ 80.608030758000041, 30.473110975000054 ], [ 80.609149070000058, 30.469376588000046 ], [ 80.610910061000084, 30.465317391000042 ], [ 80.613061347000041, 30.462774374000048 ], [ 80.615454629000055, 30.461031711000032 ], [ 80.61730626700006, 30.46107296200006 ], [ 80.620999647000076, 30.462852910000038 ], [ 80.625163980000082, 30.464374746000033 ], [ 80.626633933000051, 30.461908319000031 ], [ 80.629607996000061, 30.458813571000064 ], [ 80.632049450000068, 30.458080479000046 ], [ 80.63804532000006, 30.452930922000064 ], [ 80.642701198000054, 30.453211705000058 ], [ 80.646742006000068, 30.451313026000037 ], [ 80.648281699000052, 30.449168793000069 ], [ 80.649783347000039, 30.448399410000036 ], [ 80.655085891000056, 30.447235258000035 ], [ 80.657124425000063, 30.445765400000028 ], [ 80.660083574000055, 30.445358978000058 ], [ 80.661607629000059, 30.442844541000056 ], [ 80.666897530000085, 30.440205476000074 ], [ 80.668920809000042, 30.438262743000053 ], [ 80.669487611000079, 30.436593764000065 ], [ 80.672911461000069, 30.434291666000036 ], [ 80.677798424000059, 30.432690132000062 ], [ 80.679876832000048, 30.430623232000073 ], [ 80.679039613000043, 30.427183733000049 ], [ 80.680689617000041, 30.424666985000044 ], [ 80.685065300000076, 30.424257481000041 ], [ 80.687414842000067, 30.423441959000058 ], [ 80.688919184000042, 30.421602698000072 ], [ 80.689681430000064, 30.417709531000071 ], [ 80.697796401000062, 30.415799771000025 ], [ 80.701553424000053, 30.41578931500004 ], [ 80.702521052000066, 30.416421722000052 ], [ 80.704467355000077, 30.420429269000067 ], [ 80.707940145000066, 30.420654384000045 ], [ 80.709770865000053, 30.42007600900007 ], [ 80.713348757000063, 30.41732440100003 ], [ 80.715885091000075, 30.416546968000034 ], [ 80.718809708000038, 30.414825022000059 ], [ 80.719696803000033, 30.412831294000057 ], [ 80.724620008000045, 30.409442502000047 ], [ 80.72726072100005, 30.406678978000059 ], [ 80.731002041000067, 30.404232769000032 ], [ 80.735585666000077, 30.403917480000075 ], [ 80.737433392000071, 30.400922973000036 ], [ 80.740545897000061, 30.398647096000047 ], [ 80.742459063000069, 30.395805421000034 ], [ 80.746953436000069, 30.391742668000063 ], [ 80.750888810000049, 30.390537566000035 ], [ 80.752431459000036, 30.386870312000042 ], [ 80.752774155000054, 30.383042244000023 ], [ 80.754520568000032, 30.382456305000062 ], [ 80.760411738000073, 30.379153937000069 ], [ 80.764078783000059, 30.374802916000078 ], [ 80.767101913000033, 30.375458750000064 ], [ 80.767767209000056, 30.373550220000027 ], [ 80.76957926700004, 30.371013507000043 ], [ 80.772203547000061, 30.36959537000007 ], [ 80.774057063000043, 30.369196438000074 ], [ 80.777421235000077, 30.365759910000065 ], [ 80.779865664000056, 30.360291472000029 ], [ 80.781454565000047, 30.358823655000037 ], [ 80.786190451000039, 30.358334959000047 ], [ 80.78843007200004, 30.357573635000051 ], [ 80.787286341000083, 30.355873009000049 ], [ 80.786152850000065, 30.350520360000075 ], [ 80.787840168000059, 30.346696503000032 ], [ 80.792660574000081, 30.342250162000028 ], [ 80.797259374000078, 30.340487929000062 ], [ 80.801797118000081, 30.337394529000051 ], [ 80.804441353000072, 30.336329062000061 ], [ 80.802768040000046, 30.330630180000071 ], [ 80.80403997600007, 30.327612333000047 ], [ 80.809714687000053, 30.326901578000047 ], [ 80.820634528000085, 30.326764229000048 ], [ 80.822100249000073, 30.325820914000076 ], [ 80.822725852000076, 30.322474650000061 ], [ 80.825339265000082, 30.319816476000028 ], [ 80.827730487000053, 30.318253665000043 ], [ 80.830702139000039, 30.318343482000046 ], [ 80.836120078000079, 30.316755753000052 ], [ 80.843359622000037, 30.318483381000078 ], [ 80.847572306000075, 30.320350349000023 ], [ 80.850368656000057, 30.319962081000028 ], [ 80.857744547000038, 30.31798940300007 ], [ 80.861336357000084, 30.31736065900003 ], [ 80.864308167000047, 30.31733990400005 ], [ 80.869296104000057, 30.311725284000033 ], [ 80.873743694000041, 30.309548856000049 ], [ 80.87522173800005, 30.306962578000025 ], [ 80.875885972000049, 30.303859884000076 ], [ 80.880815960000064, 30.304103184000041 ], [ 80.882737731000077, 30.303330679000055 ], [ 80.885365110000066, 30.303392686000052 ], [ 80.88723703800008, 30.302350428000068 ], [ 80.889893272000052, 30.302832513000055 ], [ 80.893600380000066, 30.304286982000065 ], [ 80.899191467000037, 30.303823521000027 ], [ 80.904629300000067, 30.302462133000063 ], [ 80.905301592000058, 30.301431360000038 ], [ 80.908406158000048, 30.300134946000071 ], [ 80.909981754000057, 30.298025774000052 ], [ 80.913396218000059, 30.294514151000044 ], [ 80.915594258000056, 30.291646754000055 ], [ 80.917648396000061, 30.290255580000064 ], [ 80.920531960000062, 30.289479141000072 ], [ 80.922348419000059, 30.288358255000048 ], [ 80.927315025000041, 30.286546849000047 ], [ 80.932454353000082, 30.281293023000046 ], [ 80.932720244000052, 30.278609964000054 ], [ 80.930883881000057, 30.277157598000031 ], [ 80.928518891000067, 30.27651656300003 ], [ 80.927772318000052, 30.274377234000042 ], [ 80.928577731000075, 30.271226588000047 ], [ 80.931541684000081, 30.269278634000045 ], [ 80.935416195000073, 30.266110414000025 ], [ 80.937485026000047, 30.265061054000057 ], [ 80.937924217000045, 30.266398089000063 ], [ 80.941904693000083, 30.269551006000029 ], [ 80.94628265800003, 30.270545945000038 ], [ 80.948790319000068, 30.271807386000035 ], [ 80.954048441000054, 30.273107967000044 ], [ 80.961595928000065, 30.272231913000041 ], [ 80.96513832100004, 30.272557561000042 ], [ 80.969319145000043, 30.27187109700003 ], [ 80.978208199000051, 30.272713168000053 ], [ 80.979484975000048, 30.269886943000074 ], [ 80.981927470000073, 30.268779646000041 ], [ 80.986856096000054, 30.268073626000046 ], [ 80.988660186000061, 30.26887589100005 ], [ 80.98971614800007, 30.27034648700004 ], [ 80.991168292000054, 30.270747640000025 ], [ 80.995040839000069, 30.269716578000043 ], [ 80.997087124000075, 30.268246131000069 ], [ 81.00329172000005, 30.267023880000067 ], [ 81.007053933000066, 30.265247662000036 ], [ 81.010177899000041, 30.262726582000028 ], [ 81.010595623000086, 30.259976503000075 ], [ 81.009803312000031, 30.256997347000038 ], [ 81.02190250600006, 30.253978468000071 ], [ 81.023385021000081, 30.251464982000073 ], [ 81.024449778000076, 30.251000377000025 ], [ 81.031074942000032, 30.250233490000028 ], [ 81.033714451000037, 30.249411642000041 ], [ 81.033663291000039, 30.246986091000053 ], [ 81.030808919000037, 30.243117024000071 ], [ 81.031103963000078, 30.240266759000065 ], [ 81.032302996000055, 30.238469078000037 ], [ 81.030609702000049, 30.232970460000047 ], [ 81.028086264000081, 30.229179335000026 ], [ 81.027587138000058, 30.226815522000038 ], [ 81.03087901400005, 30.22612683400007 ], [ 81.031638889000078, 30.224234209000031 ], [ 81.030614514000035, 30.220214897000062 ], [ 81.032407014000057, 30.219095709000044 ], [ 81.035160138000037, 30.21873858500004 ], [ 81.038046201000043, 30.216335584000035 ], [ 81.04176876300005, 30.215484085000071 ], [ 81.044364763000033, 30.211813272000029 ], [ 81.046063451000066, 30.211420210000028 ], [ 81.046859201000075, 30.210091397000042 ], [ 81.04718232700003, 30.206883772000026 ], [ 81.045113076000064, 30.204743897000071 ], [ 81.040322389000039, 30.202699584000072 ], [ 81.036581826000031, 30.20199020900003 ], [ 81.035865201000036, 30.200467834000051 ], [ 81.036865388000081, 30.198913397000069 ], [ 81.035401389000072, 30.196937897000055 ], [ 81.037722639000037, 30.196265084000061 ], [ 81.040883826000083, 30.194385147000048 ], [ 81.044218639000064, 30.19362852200004 ], [ 81.044315138000059, 30.19029908400006 ], [ 81.045048014000031, 30.188751460000049 ], [ 81.045446702000049, 30.185392710000031 ], [ 81.044614076000073, 30.182997522000051 ], [ 81.046057889000053, 30.180076022000037 ], [ 81.04733376300004, 30.179558959000076 ], [ 81.052869577000081, 30.17954108400005 ], [ 81.055254952000041, 30.17541452200004 ], [ 81.05660170200008, 30.174764335000077 ], [ 81.058179014000075, 30.172747085000026 ], [ 81.05842201400003, 30.170360522000067 ], [ 81.060514952000062, 30.168566335000037 ], [ 81.063284201000045, 30.167831959000068 ], [ 81.06416345100007, 30.166076709000038 ], [ 81.064631826000038, 30.161820022000029 ], [ 81.065794826000058, 30.158884834000048 ], [ 81.067887638000059, 30.157453709000038 ], [ 81.071741451000037, 30.157025334000025 ], [ 81.072701014000074, 30.15630070900005 ], [ 81.078576888000043, 30.155167272000028 ], [ 81.079918577000058, 30.154009271000064 ], [ 81.080481576000068, 30.152021709000053 ], [ 81.084887514000059, 30.148096397000074 ], [ 81.083935139000062, 30.146790959000043 ], [ 81.084297264000043, 30.143838085000027 ], [ 81.083535076000032, 30.141337084000043 ], [ 81.083568201000048, 30.138361834000079 ], [ 81.084574889000066, 30.135780710000063 ], [ 81.083449263000034, 30.134143896000069 ], [ 81.08313170200006, 30.131904272000043 ], [ 81.080430202000059, 30.127108085000032 ], [ 81.080076639000083, 30.124365459000046 ], [ 81.081013389000077, 30.123158084000067 ], [ 81.083607389000065, 30.121728646000065 ], [ 81.086229702000082, 30.117075771000032 ], [ 81.086047202000032, 30.106397584000035 ], [ 81.085166451000077, 30.105340272000035 ], [ 81.082958826000038, 30.100550647000034 ], [ 81.085743389000072, 30.099283459000048 ], [ 81.090390139000078, 30.099054771000056 ], [ 81.095798827000067, 30.100744897000027 ], [ 81.100054327000066, 30.100037959000076 ], [ 81.10370763800006, 30.097152397000059 ], [ 81.104127576000053, 30.094997897000042 ], [ 81.106371388000071, 30.091224647000047 ], [ 81.109438514000033, 30.088819834000049 ], [ 81.110465952000084, 30.08617758400004 ], [ 81.110077576000037, 30.084145584000055 ], [ 81.108198826000034, 30.080445585000064 ], [ 81.107364951000079, 30.077441709000027 ], [ 81.10289857600003, 30.075234709000028 ], [ 81.102594014000033, 30.07253264700006 ], [ 81.100582701000064, 30.064582959000063 ], [ 81.097385576000079, 30.061738709000053 ], [ 81.096117639000056, 30.059529084000076 ], [ 81.095898452000085, 30.057814897000071 ], [ 81.092635514000051, 30.054242022000039 ], [ 81.089834389000032, 30.054291335000073 ], [ 81.086052451000057, 30.052532147000079 ], [ 81.083205389000057, 30.049085022000042 ], [ 81.081350514000064, 30.048380209000072 ], [ 81.080374389000042, 30.046519834000037 ], [ 81.076747389000047, 30.045448334000071 ], [ 81.073054264000064, 30.045479709000062 ], [ 81.070342389000075, 30.043536834000065 ], [ 81.066635764000068, 30.038416084000062 ], [ 81.066280952000056, 30.037015460000077 ], [ 81.064053576000049, 30.034508272000039 ], [ 81.062724264000053, 30.034071272000062 ], [ 81.05783695100007, 30.028964396000049 ], [ 81.05609220100007, 30.026474897000071 ], [ 81.055265139000085, 30.024120272000062 ], [ 81.053416014000049, 30.023153334000028 ], [ 81.048954077000076, 30.021909897000057 ], [ 81.046334764000051, 30.018644709000057 ], [ 81.04355263900004, 30.017752335000068 ], [ 81.041882763000046, 30.015634772000055 ], [ 81.039839013000062, 30.015112085000055 ], [ 81.040427701000056, 30.012698334000049 ], [ 81.040046639000082, 30.008441959000038 ], [ 81.036830389000045, 30.003985647000036 ], [ 81.034538138000073, 29.998890647000053 ], [ 81.029609827000058, 29.992487897000046 ], [ 81.027659014000051, 29.987532522000038 ], [ 81.023062951000043, 29.983360396000023 ], [ 81.019897327000081, 29.982747334000067 ], [ 81.016696202000048, 29.980731209000055 ], [ 81.017188201000067, 29.978829584000039 ], [ 81.018560827000044, 29.977135335000071 ], [ 81.02209120200007, 29.974261021000075 ], [ 81.021748702000082, 29.972109209000052 ], [ 81.019367764000037, 29.967783022000049 ], [ 81.019318889000033, 29.966131897000025 ], [ 81.021112577000054, 29.961011147000079 ], [ 81.023310202000062, 29.958658084000035 ], [ 81.02041351400004, 29.956738896000047 ], [ 81.018608389000065, 29.954206021000061 ], [ 81.017007701000068, 29.949665521000043 ], [ 81.015716388000044, 29.947522709000054 ], [ 81.012342577000084, 29.94558089700007 ], [ 81.01080582700007, 29.941958334000049 ], [ 81.007365951000054, 29.939928459000043 ], [ 81.004000577000056, 29.936163772000043 ], [ 81.004268827000033, 29.932441896000057 ], [ 81.00238063900008, 29.927833459000055 ], [ 81.004223201000059, 29.924952834000067 ], [ 81.004710326000065, 29.923281334000023 ], [ 81.007703263000053, 29.922155584000052 ], [ 81.011142014000029, 29.919667272000027 ], [ 81.013354702000072, 29.918767022000054 ], [ 81.01456401400003, 29.916671335000046 ], [ 81.016879639000081, 29.914304772000037 ], [ 81.02227451400006, 29.911833959000035 ], [ 81.027582014000075, 29.908158397000079 ], [ 81.029422514000032, 29.906412021000051 ], [ 81.031274889000031, 29.903639334000047 ], [ 81.030911889000038, 29.901972459000035 ], [ 81.03205682600003, 29.89545083400003 ], [ 81.039254889000063, 29.885088272000075 ], [ 81.042509388000042, 29.881714959000078 ], [ 81.04047801400003, 29.878544084000055 ], [ 81.039597702000037, 29.875494521000064 ], [ 81.039146264000067, 29.871172584000078 ], [ 81.039512889000036, 29.869449147000068 ], [ 81.038417389000074, 29.864619897000068 ], [ 81.04027688900004, 29.861109396000074 ], [ 81.042213264000054, 29.860062147000065 ], [ 81.040788826000039, 29.856744397000057 ], [ 81.040243264000082, 29.853911334000031 ], [ 81.04019813900004, 29.848727647000032 ], [ 81.039866326000038, 29.846444896000037 ], [ 81.040667764000034, 29.842896459000031 ], [ 81.041768139000055, 29.840674147000072 ], [ 81.043368389000079, 29.83954120900006 ], [ 81.046310076000054, 29.838791334000064 ], [ 81.05111626300004, 29.834814897000058 ], [ 81.053461638000044, 29.834040271000049 ], [ 81.055890513000065, 29.832313584000076 ], [ 81.057165326000074, 29.829811397000071 ], [ 81.061811202000058, 29.828496459000064 ], [ 81.065258076000077, 29.82703308400005 ], [ 81.069311826000046, 29.827367147000075 ], [ 81.071576639000057, 29.828408084000046 ], [ 81.072593826000059, 29.824464459000069 ], [ 81.071829764000086, 29.821891021000056 ], [ 81.072736514000042, 29.817453459000035 ], [ 81.071036014000072, 29.814826459000074 ], [ 81.072018889000049, 29.810551209000039 ], [ 81.070965388000047, 29.807716334000077 ], [ 81.071067264000078, 29.803206959000079 ], [ 81.069905326000082, 29.800036022000029 ], [ 81.069554264000033, 29.795944209000027 ], [ 81.064103077000084, 29.793813022000052 ], [ 81.064752264000049, 29.786806334000062 ], [ 81.065831264000053, 29.784283771000048 ], [ 81.065406952000046, 29.775538397000048 ], [ 81.061975326000038, 29.772090959000025 ], [ 81.064330952000034, 29.768539209000039 ], [ 81.062003576000052, 29.762278271000071 ], [ 81.060348389000069, 29.760972959000071 ], [ 81.058478764000085, 29.757739021000077 ], [ 81.057078514000068, 29.756661334000057 ], [ 81.054471951000039, 29.756344396000031 ], [ 81.049676514000055, 29.753961897000067 ], [ 81.046084576000055, 29.753336084000068 ], [ 81.043001826000079, 29.752315272000033 ], [ 81.039907076000077, 29.752674897000077 ], [ 81.039143889000059, 29.749681709000072 ], [ 81.036708451000038, 29.747397334000027 ], [ 81.034504264000077, 29.743563084000073 ], [ 81.032996764000075, 29.742329522000034 ], [ 81.031119014000069, 29.743230022000034 ], [ 81.026296388000048, 29.743605584000079 ], [ 81.021845638000059, 29.748108896000076 ], [ 81.019827701000054, 29.745560209000075 ], [ 81.01723107600003, 29.746135772000059 ], [ 81.01152701400008, 29.745944647000044 ], [ 81.009347263000052, 29.744446959000072 ], [ 81.00693551300003, 29.741322897000032 ], [ 81.004825826000058, 29.74060339600004 ], [ 81.000000014000079, 29.742638209000063 ], [ 80.998527201000059, 29.741936647000045 ], [ 80.989853951000043, 29.741148959000043 ], [ 80.988002951000055, 29.739003584000045 ], [ 80.985738014000049, 29.733963896000034 ], [ 80.984568826000043, 29.733293834000051 ], [ 80.982413389000044, 29.729848959000037 ], [ 80.977993139000034, 29.725927709000075 ], [ 80.97671488900005, 29.723917584000048 ], [ 80.976934388000075, 29.72190770900005 ], [ 80.973974701000031, 29.72216433400007 ], [ 80.965607201000068, 29.724711459000048 ], [ 80.962574264000068, 29.72538058300006 ], [ 80.959760514000038, 29.726527959000066 ], [ 80.95588563900003, 29.730704459000037 ], [ 80.953400951000049, 29.730926959000044 ], [ 80.95076926400003, 29.732489271000077 ], [ 80.947698326000079, 29.735517647000052 ], [ 80.941595888000052, 29.735451897000075 ], [ 80.939838264000059, 29.734763084000065 ], [ 80.935568827000054, 29.732130834000031 ], [ 80.933085514000084, 29.729770022000025 ], [ 80.928661326000054, 29.728621771000064 ], [ 80.920879452000065, 29.724651709000057 ], [ 80.915471076000074, 29.725194209000051 ], [ 80.908656638000082, 29.724682147000067 ], [ 80.905129014000067, 29.722647209000058 ], [ 80.901173639000035, 29.720799084000078 ], [ 80.898409701000048, 29.720327771000029 ], [ 80.896115826000084, 29.716407709000066 ], [ 80.892993326000067, 29.715493834000029 ], [ 80.89188695200005, 29.713889084000073 ], [ 80.883568451000031, 29.713347397000064 ], [ 80.881615326000031, 29.712068896000062 ], [ 80.879971264000062, 29.712200521000057 ], [ 80.872589951000066, 29.707400084000028 ], [ 80.866386202000058, 29.706347272000073 ], [ 80.865097013000081, 29.703501397000025 ], [ 80.864216264000049, 29.700087521000057 ], [ 80.86240820200004, 29.697922271000039 ], [ 80.860006889000033, 29.69599108400007 ], [ 80.853552139000044, 29.695796834000078 ], [ 80.84719407700004, 29.693405272000064 ], [ 80.844973264000032, 29.691322897000077 ], [ 80.84210538800005, 29.687412459000029 ], [ 80.840365514000041, 29.687265959000058 ], [ 80.838057389000085, 29.689043021000032 ], [ 80.833491202000062, 29.689820084000075 ], [ 80.832157513000084, 29.691257646000054 ], [ 80.83000476400008, 29.690442709000024 ], [ 80.828789577000066, 29.687912459000074 ], [ 80.825411014000053, 29.686319959000059 ], [ 80.82217188900006, 29.687576647000071 ], [ 80.817596889000072, 29.686895959000026 ], [ 80.814153389000069, 29.684391771000037 ], [ 80.812948702000085, 29.684119334000059 ], [ 80.808214014000043, 29.685662334000028 ], [ 80.805693826000038, 29.686976021000078 ], [ 80.802236639000057, 29.687146896000058 ], [ 80.797696555000073, 29.688312604000032 ], [ 80.795521263000069, 29.688575896000032 ], [ 80.791471826000077, 29.692447271000049 ], [ 80.789576576000059, 29.695744522000041 ], [ 80.787571201000048, 29.696039084000063 ], [ 80.785285826000063, 29.699389771000028 ], [ 80.782394701000044, 29.701798772000075 ], [ 80.780155701000069, 29.70209733400003 ], [ 80.776888201000077, 29.701392584000075 ], [ 80.773426827000037, 29.702467209000076 ], [ 80.767378514000029, 29.701703272000032 ], [ 80.764151139000035, 29.703091646000075 ], [ 80.76356832700003, 29.704117021000059 ], [ 80.760311764000051, 29.704293897000071 ], [ 80.756573702000082, 29.707864833000031 ], [ 80.753955264000069, 29.707627584000079 ], [ 80.748238764000064, 29.704835459000037 ], [ 80.744318201000056, 29.70440833400005 ], [ 80.73936720100005, 29.705149897000069 ], [ 80.737120014000084, 29.70581764700006 ], [ 80.732175452000035, 29.703824896000071 ], [ 80.730082076000031, 29.703956021000067 ], [ 80.724873201000037, 29.70316702100007 ], [ 80.721886076000033, 29.703183396000043 ], [ 80.717484076000062, 29.702416084000049 ], [ 80.712824701000045, 29.699981146000027 ], [ 80.710362701000065, 29.69925164600005 ], [ 80.70896657600008, 29.699634334000052 ], [ 80.705931326000041, 29.701903709000078 ], [ 80.705535576000045, 29.703260771000032 ], [ 80.702676827000062, 29.704768084000079 ], [ 80.697356139000078, 29.706095959000038 ], [ 80.695329701000048, 29.706055209000056 ], [ 80.690777576000073, 29.705205521000039 ], [ 80.687316138000085, 29.703995022000072 ], [ 80.685364763000052, 29.700509772000032 ], [ 80.684321139000076, 29.699686084000064 ], [ 80.681045389000076, 29.694688522000035 ], [ 80.67809657600003, 29.692290272000037 ], [ 80.676031889000058, 29.687236771000073 ], [ 80.672399201000076, 29.68728420900004 ], [ 80.669252826000047, 29.685670271000049 ], [ 80.667012389000035, 29.685664709000037 ], [ 80.66158482600008, 29.682330396000054 ], [ 80.658123076000038, 29.682192959000076 ], [ 80.653163514000084, 29.681155959000023 ], [ 80.649456576000034, 29.681822896000028 ], [ 80.648341451000078, 29.682663584000068 ], [ 80.647329576000061, 29.685015959000054 ], [ 80.645081576000052, 29.685761146000061 ], [ 80.644029702000068, 29.687231334000046 ], [ 80.640575826000031, 29.689678584000035 ], [ 80.634490763000031, 29.690571022000029 ], [ 80.629379014000051, 29.688001021000048 ], [ 80.625656889000084, 29.686813021000034 ], [ 80.621070889000066, 29.688065459000029 ], [ 80.613331763000076, 29.687961896000047 ], [ 80.610354826000048, 29.686696709000046 ], [ 80.608262764000074, 29.686634147000063 ], [ 80.606287201000043, 29.687984021000034 ], [ 80.60544507600008, 29.690180896000072 ], [ 80.603026701000033, 29.691754959000036 ], [ 80.599239014000034, 29.690629209000065 ], [ 80.59500188800007, 29.690850959000045 ], [ 80.592088639000053, 29.690487834000066 ], [ 80.587652701000081, 29.688301834000072 ], [ 80.584694451000075, 29.687994834000051 ], [ 80.579149888000074, 29.688108146000047 ], [ 80.57698382600006, 29.686666584000079 ], [ 80.574572139000054, 29.687112271000046 ], [ 80.573498827000037, 29.684778522000045 ], [ 80.571752826000079, 29.683139771000072 ], [ 80.57102595200007, 29.679248459000064 ], [ 80.561528764000059, 29.672878647000061 ], [ 80.560558889000049, 29.670777584000064 ], [ 80.559059327000057, 29.670574084000066 ], [ 80.556742389000078, 29.671554396000033 ], [ 80.555181139000069, 29.67119727100004 ], [ 80.552908701000035, 29.668036021000034 ], [ 80.550291951000077, 29.667997834000062 ], [ 80.547913764000043, 29.666363334000039 ], [ 80.544730077000054, 29.666311771000039 ], [ 80.541875889000039, 29.663730459000078 ], [ 80.539321451000035, 29.663854709000077 ], [ 80.534540013000083, 29.660842334000051 ], [ 80.529635889000076, 29.656721646000051 ], [ 80.524307389000057, 29.653815334000058 ], [ 80.521039764000079, 29.653715584000054 ], [ 80.519622388000073, 29.652925459000073 ], [ 80.516632389000051, 29.650615959000049 ], [ 80.513851951000049, 29.649448522000057 ], [ 80.512212514000055, 29.647211584000047 ] ] ] } },
{ "type": "Feature", "properties": { "DISTRICT": "DOTI", "STATE_CODE": 7, "PR_NAME": "Sudurpashchim Province" }, "geometry": { "type": "Polygon", "coordinates": [ [ [ 80.967648702000076, 28.940685646000077 ], [ 80.962002264000034, 28.93774458300004 ], [ 80.95823838900003, 28.936152896000067 ], [ 80.954991263000068, 28.935761459000048 ], [ 80.947786951000069, 28.938177458000041 ], [ 80.939383326000041, 28.942092708000075 ], [ 80.93402126400008, 28.943400958000041 ], [ 80.931545014000051, 28.943557646000045 ], [ 80.925832202000038, 28.942749209000056 ], [ 80.923121326000057, 28.941542896000044 ], [ 80.920302076000041, 28.939161145000071 ], [ 80.918594013000074, 28.935374458000069 ], [ 80.916737139000077, 28.932584834000068 ], [ 80.915285264000033, 28.931334083000024 ], [ 80.91249195100005, 28.931043521000049 ], [ 80.911968264000052, 28.933511333000069 ], [ 80.910378513000069, 28.936138583000059 ], [ 80.909412263000036, 28.939061770000023 ], [ 80.908150826000053, 28.940367146000028 ], [ 80.905315388000076, 28.93999745900004 ], [ 80.904722514000071, 28.936917521000055 ], [ 80.903689326000062, 28.936479145000078 ], [ 80.901243326000042, 28.937325646000033 ], [ 80.900853076000033, 28.940754521000031 ], [ 80.900001451000037, 28.942182021000065 ], [ 80.898414076000051, 28.94121745800004 ], [ 80.900298014000043, 28.936830770000029 ], [ 80.899406639000063, 28.934628271000065 ], [ 80.896204327000078, 28.934352833000048 ], [ 80.894752514000061, 28.935405333000062 ], [ 80.893017326000063, 28.938718083000026 ], [ 80.889887889000079, 28.940229395000074 ], [ 80.885006952000083, 28.94044864600005 ], [ 80.884099326000069, 28.941395396000075 ], [ 80.882780138000044, 28.944482833000052 ], [ 80.882776076000084, 28.945748459000072 ], [ 80.884896389000062, 28.949190771000076 ], [ 80.885864576000074, 28.951914646000034 ], [ 80.886143202000085, 28.956641271000024 ], [ 80.887077014000056, 28.957749770000078 ], [ 80.887141013000075, 28.959942709000075 ], [ 80.886219951000044, 28.963560646000076 ], [ 80.883651889000078, 28.967037208000079 ], [ 80.881021514000054, 28.968284833000041 ], [ 80.875048263000053, 28.969558583000037 ], [ 80.868711889000053, 28.968665958000031 ], [ 80.867174139000042, 28.969417896000039 ], [ 80.865316639000071, 28.973892083000067 ], [ 80.864105639000059, 28.97535952100003 ], [ 80.860526139000058, 28.977047896000045 ], [ 80.857325263000064, 28.977576959000032 ], [ 80.855391889000032, 28.976925146000042 ], [ 80.852264202000072, 28.974634146000028 ], [ 80.850209763000066, 28.972001333000037 ], [ 80.848269076000065, 28.968319584000028 ], [ 80.84535132600007, 28.964711084000044 ], [ 80.844779451000079, 28.961786583000048 ], [ 80.843006513000034, 28.959160709000059 ], [ 80.838759388000085, 28.956019833000028 ], [ 80.838567701000045, 28.955171333000067 ], [ 80.841352138000047, 28.951224271000058 ], [ 80.840921826000056, 28.948913646000051 ], [ 80.838947638000036, 28.946670958000027 ], [ 80.837999826000043, 28.946509646000038 ], [ 80.833434763000071, 28.940293208000071 ], [ 80.833976389000043, 28.937390333000053 ], [ 80.833122263000064, 28.936220646000038 ], [ 80.831306951000045, 28.936080771000036 ], [ 80.830771263000031, 28.93369089600003 ], [ 80.827582576000054, 28.931658709000033 ], [ 80.822804826000038, 28.930623708000041 ], [ 80.818358388000036, 28.931572083000049 ], [ 80.817969264000055, 28.933001895000075 ], [ 80.818760889000032, 28.936242646000039 ], [ 80.817689888000075, 28.938747708000051 ], [ 80.816784513000073, 28.939319521000073 ], [ 80.812280451000049, 28.938541771000075 ], [ 80.812024701000041, 28.942739896000035 ], [ 80.807592701000033, 28.943884208000043 ], [ 80.80716145100007, 28.94525752100003 ], [ 80.808994514000062, 28.946988271000066 ], [ 80.811402076000036, 28.954125270000077 ], [ 80.81096532600003, 28.956398709000041 ], [ 80.809279138000079, 28.957722959000023 ], [ 80.805705513000078, 28.959193271000061 ], [ 80.80543801400006, 28.960260021000067 ], [ 80.806723514000055, 28.962378021000063 ], [ 80.808108201000039, 28.967219208000074 ], [ 80.804783388000033, 28.972276959000055 ], [ 80.801527014000044, 28.975272770000061 ], [ 80.800528326000062, 28.976764771000035 ], [ 80.794179451000048, 28.979347396000037 ], [ 80.788772014000074, 28.980277521000062 ], [ 80.786580013000048, 28.983315208000079 ], [ 80.784253326000055, 28.985023771000044 ], [ 80.779812264000043, 28.984881208000047 ], [ 80.777366326000049, 28.985477333000063 ], [ 80.774518513000032, 28.984969458000023 ], [ 80.771737701000063, 28.985136271000044 ], [ 80.764017826000043, 28.988046771000029 ], [ 80.762372138000046, 28.989429021000035 ], [ 80.763146263000067, 28.992593271000032 ], [ 80.762473888000045, 28.996260458000052 ], [ 80.765232576000074, 28.999796021000066 ], [ 80.764892263000036, 29.001478396000039 ], [ 80.76167732600004, 29.003277584000045 ], [ 80.75457738800003, 29.002590208000072 ], [ 80.752018139000029, 29.004033896000067 ], [ 80.750252451000051, 29.006043021000039 ], [ 80.745923701000038, 29.008581959000026 ], [ 80.741599138000083, 29.010353708000025 ], [ 80.738421576000064, 29.010683708000045 ], [ 80.73114238900007, 29.010434708000048 ], [ 80.727224263000039, 29.010909584000046 ], [ 80.724344576000078, 29.009922333000077 ], [ 80.723823076000031, 29.008062334000044 ], [ 80.72239920100003, 29.007147958000076 ], [ 80.720660201000044, 29.009003333000067 ], [ 80.71797351400005, 29.010238521000076 ], [ 80.712578763000067, 29.010078209000028 ], [ 80.705303451000077, 29.009534521000035 ], [ 80.702432763000047, 29.010866021000027 ], [ 80.69755232600005, 29.011678583000048 ], [ 80.694711514000062, 29.014487645000031 ], [ 80.69369107600005, 29.014765083000043 ], [ 80.687524514000074, 29.014051520000066 ], [ 80.684990701000061, 29.014025333000063 ], [ 80.683438514000045, 29.015600833000065 ], [ 80.679924201000063, 29.015353396000023 ], [ 80.678142388000083, 29.01696670900003 ], [ 80.678508201000056, 29.018925770000067 ], [ 80.675398201000064, 29.020678021000037 ], [ 80.673619576000078, 29.018668083000023 ], [ 80.672279389000039, 29.018078271000036 ], [ 80.67050295100006, 29.019251583000027 ], [ 80.667559764000032, 29.01987377100005 ], [ 80.665673764000076, 29.019684083000072 ], [ 80.663440513000069, 29.021408896000025 ], [ 80.660609888000067, 29.022401208000076 ], [ 80.657727826000041, 29.022357771000031 ], [ 80.655497389000061, 29.023834271000055 ], [ 80.650535201000082, 29.025382583000066 ], [ 80.648102639000058, 29.027393084000039 ], [ 80.645009326000036, 29.028555895000068 ], [ 80.642311888000052, 29.03092877000006 ], [ 80.63591576400006, 29.035933459000034 ], [ 80.632946576000052, 29.042350458000044 ], [ 80.629196639000043, 29.045399271000065 ], [ 80.628019264000045, 29.047437708000075 ], [ 80.625255888000083, 29.049692771000025 ], [ 80.624418576000039, 29.052605208000045 ], [ 80.62302251300008, 29.053287083000043 ], [ 80.619914889000086, 29.056583333000049 ], [ 80.619011764000049, 29.058308895000039 ], [ 80.617296513000042, 29.05908908300006 ], [ 80.613722263000057, 29.057869646000029 ], [ 80.611473014000069, 29.055280083000071 ], [ 80.61163988800007, 29.052187583000034 ], [ 80.610242951000032, 29.05010352100004 ], [ 80.607984263000048, 29.04829664600004 ], [ 80.604487014000085, 29.048886458000027 ], [ 80.602629264000029, 29.047759708000058 ], [ 80.598457201000031, 29.048128646000066 ], [ 80.597835326000052, 29.049852584000064 ], [ 80.596007826000061, 29.05200833300006 ], [ 80.595070326000041, 29.054480334000061 ], [ 80.593708638000066, 29.054857521000031 ], [ 80.59247188900008, 29.053249709000056 ], [ 80.591077763000044, 29.052825896000058 ], [ 80.589075138000055, 29.053936458000067 ], [ 80.589422451000075, 29.055537083000047 ], [ 80.587734514000033, 29.055861271000026 ], [ 80.585889076000058, 29.058975583000063 ], [ 80.584635826000067, 29.059352958000034 ], [ 80.583203764000075, 29.057726521000063 ], [ 80.580752514000039, 29.057660146000046 ], [ 80.579250888000047, 29.058878271000026 ], [ 80.579126701000064, 29.060924021000062 ], [ 80.575570764000076, 29.060962458000063 ], [ 80.575021764000041, 29.063661145000026 ], [ 80.57390470100006, 29.064456208000024 ], [ 80.570867763000081, 29.06439464500005 ], [ 80.56838870100006, 29.062263833000031 ], [ 80.56734926300004, 29.062371020000057 ], [ 80.566294826000046, 29.064598834000037 ], [ 80.562806326000043, 29.068093270000077 ], [ 80.563673763000054, 29.072953208000058 ], [ 80.561478138000041, 29.074200333000078 ], [ 80.560656951000055, 29.076040834000025 ], [ 80.557506826000065, 29.077298334000034 ], [ 80.553097014000059, 29.078395958000044 ], [ 80.549261201000036, 29.080271396000057 ], [ 80.545806514000049, 29.081455396000024 ], [ 80.542581513000073, 29.083316896000042 ], [ 80.538685076000036, 29.086121208000066 ], [ 80.535400576000029, 29.088929896000025 ], [ 80.533134139000083, 29.089587583000025 ], [ 80.533282264000036, 29.091476271000033 ], [ 80.53179876300004, 29.09420758300007 ], [ 80.53192363800008, 29.095275083000047 ], [ 80.530268014000058, 29.098064458000067 ], [ 80.52938032600008, 29.101282834000074 ], [ 80.528069889000051, 29.102426584000057 ], [ 80.528383513000051, 29.105897270000071 ], [ 80.530662138000082, 29.105469896000045 ], [ 80.534271326000066, 29.106646521000073 ], [ 80.540945451000084, 29.107556145000046 ], [ 80.546408076000034, 29.111211334000075 ], [ 80.549937888000045, 29.112046646000067 ], [ 80.551612014000057, 29.11364952100007 ], [ 80.558868201000053, 29.116807083000026 ], [ 80.560879951000061, 29.116324146000068 ], [ 80.564825701000075, 29.118796021000037 ], [ 80.56762176400008, 29.118473459000029 ], [ 80.568609513000069, 29.119187271000044 ], [ 80.570449951000057, 29.123080208000033 ], [ 80.571482076000052, 29.126359146000027 ], [ 80.573852764000037, 29.130158958000038 ], [ 80.572644701000058, 29.132747208000069 ], [ 80.570838201000072, 29.134383771000046 ], [ 80.56827620100006, 29.134634958000049 ], [ 80.566459701000042, 29.135432334000029 ], [ 80.568056763000072, 29.138112958000079 ], [ 80.567180326000084, 29.14121433300005 ], [ 80.567621201000065, 29.143557458000032 ], [ 80.569136326000034, 29.144825646000072 ], [ 80.571832263000033, 29.144859084000075 ], [ 80.576606451000032, 29.145966208000061 ], [ 80.577537826000082, 29.147505396000042 ], [ 80.583578763000048, 29.147262646000058 ], [ 80.590367076000064, 29.147339959000078 ], [ 80.593362264000064, 29.148574021000059 ], [ 80.59416370100007, 29.151870146000078 ], [ 80.59556038900007, 29.154035521000026 ], [ 80.592877263000048, 29.157036958000049 ], [ 80.593576576000032, 29.159094209000045 ], [ 80.593841514000076, 29.16298652100005 ], [ 80.596167576000084, 29.164626896000073 ], [ 80.59735345100006, 29.167348896000078 ], [ 80.600478951000071, 29.170378959000061 ], [ 80.60213557600008, 29.170652333000078 ], [ 80.605435889000034, 29.170050709000066 ], [ 80.607092326000043, 29.170283459000075 ], [ 80.610205326000084, 29.174080271000037 ], [ 80.612303326000074, 29.174844396000026 ], [ 80.617712013000073, 29.179498146000071 ], [ 80.621364261000053, 29.181033575000072 ], [ 80.625164894000079, 29.177572336000026 ], [ 80.631030570000064, 29.176334332000067 ], [ 80.636005139000076, 29.177699267000037 ], [ 80.640369326000041, 29.177850900000067 ], [ 80.64439395200003, 29.178861024000071 ], [ 80.647470135000049, 29.178095395000071 ], [ 80.653166140000053, 29.180503832000056 ], [ 80.65688988800008, 29.181217271000037 ], [ 80.663959319000071, 29.183155022000051 ], [ 80.669426826000063, 29.183371646000069 ], [ 80.672170272000074, 29.182848263000039 ], [ 80.673661456000048, 29.184546144000024 ], [ 80.675085737000074, 29.185059437000064 ], [ 80.676281021000079, 29.188897459000032 ], [ 80.678249576000042, 29.190603209000074 ], [ 80.682788389000052, 29.191780333000054 ], [ 80.687522458000046, 29.190783082000053 ], [ 80.689742826000042, 29.190693458000055 ], [ 80.691127451000057, 29.18969508400005 ], [ 80.695198700000049, 29.187944714000025 ], [ 80.697744384000032, 29.187914399000078 ], [ 80.69951739000004, 29.188680899000076 ], [ 80.701459638000074, 29.19438608400003 ], [ 80.70265132600008, 29.194724833000066 ], [ 80.703871332000062, 29.193053644000031 ], [ 80.706247322000081, 29.192736269000079 ], [ 80.707022949000077, 29.197892830000058 ], [ 80.707696139000063, 29.199507271000073 ], [ 80.708175262000054, 29.204103712000062 ], [ 80.707916389000047, 29.205497333000039 ], [ 80.70843870200008, 29.211300773000062 ], [ 80.70722151800004, 29.214079709000032 ], [ 80.703592639000078, 29.216756271000065 ], [ 80.704657265000037, 29.219580836000034 ], [ 80.705953889000057, 29.221449396000025 ], [ 80.709479951000048, 29.22520195900006 ], [ 80.708520832000033, 29.228270206000047 ], [ 80.708494451000035, 29.231349516000023 ], [ 80.712115826000058, 29.234242709000057 ], [ 80.717363889000069, 29.235794706000036 ], [ 80.721002769000052, 29.236181334000037 ], [ 80.722926017000077, 29.235267151000073 ], [ 80.725198701000068, 29.236036646000059 ], [ 80.730816698000069, 29.240338837000024 ], [ 80.732705800000076, 29.240550191000068 ], [ 80.735667957000032, 29.243486525000037 ], [ 80.737162701000045, 29.243902333000051 ], [ 80.740624321000041, 29.246920770000031 ], [ 80.737952451000069, 29.246683205000068 ], [ 80.737376826000059, 29.247460333000049 ], [ 80.740136326000083, 29.249286271000074 ], [ 80.742569828000057, 29.249444401000062 ], [ 80.742923512000061, 29.251141585000028 ], [ 80.746027271000059, 29.25218521100004 ], [ 80.748546635000082, 29.254761767000048 ], [ 80.74991938800008, 29.254516146000071 ], [ 80.750826581000069, 29.257166337000058 ], [ 80.753884141000071, 29.261780895000072 ], [ 80.755379762000075, 29.263335712000071 ], [ 80.756446077000078, 29.266784771000061 ], [ 80.758560322000051, 29.268324868000036 ], [ 80.757436511000037, 29.270123081000065 ], [ 80.755534017000059, 29.270949776000066 ], [ 80.752348139000048, 29.273797708000075 ], [ 80.750545582000029, 29.274489148000043 ], [ 80.745489894000059, 29.274793207000073 ], [ 80.745173639000029, 29.277671146000046 ], [ 80.747567073000084, 29.281736393000074 ], [ 80.747357075000082, 29.284711583000046 ], [ 80.745339829000045, 29.287838959000055 ], [ 80.742062514000054, 29.287864271000046 ], [ 80.74042819400006, 29.290834396000037 ], [ 80.737909201000036, 29.289997021000033 ], [ 80.734301701000049, 29.292004459000054 ], [ 80.734357138000064, 29.29420183700006 ], [ 80.736294951000048, 29.295751021000058 ], [ 80.737292389000061, 29.297587023000062 ], [ 80.736197822000065, 29.298882024000079 ], [ 80.739043327000047, 29.299686208000026 ], [ 80.739331076000042, 29.302154766000058 ], [ 80.743251827000051, 29.301569021000034 ], [ 80.744212144000073, 29.302238644000056 ], [ 80.747842826000067, 29.301990646000036 ], [ 80.750085763000072, 29.302978397000061 ], [ 80.754047138000033, 29.308005207000065 ], [ 80.758008763000078, 29.308838146000028 ], [ 80.75971295100004, 29.308349333000024 ], [ 80.762781139000083, 29.306259146000059 ], [ 80.766604951000033, 29.304197209000051 ], [ 80.767401576000054, 29.302057709000053 ], [ 80.769946701000038, 29.302813334000064 ], [ 80.773749702000032, 29.301454958000079 ], [ 80.774303576000079, 29.306330959000036 ], [ 80.773406077000061, 29.307576958000027 ], [ 80.773330638000061, 29.311423208000065 ], [ 80.775046513000063, 29.313797084000043 ], [ 80.777699576000032, 29.31449402100003 ], [ 80.777789389000077, 29.315816209000047 ], [ 80.773110576000079, 29.318262771000036 ], [ 80.773027951000074, 29.320394521000026 ], [ 80.771028951000062, 29.323007959000051 ], [ 80.768225576000077, 29.324268708000034 ], [ 80.766093951000073, 29.32467777100004 ], [ 80.764074764000043, 29.326160959000049 ], [ 80.762004388000037, 29.328622958000039 ], [ 80.76095070100007, 29.332638833000033 ], [ 80.763651451000044, 29.33459952100003 ], [ 80.764472452000064, 29.335834959000067 ], [ 80.763049326000043, 29.340856333000033 ], [ 80.759328702000062, 29.344698271000027 ], [ 80.75899826400007, 29.346306146000074 ], [ 80.760171201000048, 29.349301834000073 ], [ 80.76203663900003, 29.348833709000075 ], [ 80.763240201000031, 29.349492334000047 ], [ 80.76415713800003, 29.352616084000033 ], [ 80.762824014000046, 29.358650584000031 ], [ 80.763722826000048, 29.362543584000036 ], [ 80.765610889000072, 29.363390646000028 ], [ 80.767245639000066, 29.361821147000057 ], [ 80.767019389000041, 29.359515271000078 ], [ 80.768220701000075, 29.357983271000023 ], [ 80.770066264000036, 29.35724427100007 ], [ 80.772695764000048, 29.358336146000056 ], [ 80.772884514000054, 29.361582709000061 ], [ 80.77522726400008, 29.362827396000057 ], [ 80.776325763000045, 29.364994959000057 ], [ 80.78007251300005, 29.364617646000056 ], [ 80.784728139000038, 29.366048708000051 ], [ 80.787472514000058, 29.366386958000078 ], [ 80.792897826000058, 29.365208959000029 ], [ 80.797355326000059, 29.365797833000045 ], [ 80.803024139000058, 29.364865584000029 ], [ 80.80820095100006, 29.366292084000065 ], [ 80.809949076000066, 29.366461521000076 ], [ 80.813255326000046, 29.365035959000068 ], [ 80.816349764000051, 29.364805646000036 ], [ 80.818821764000063, 29.366133271000024 ], [ 80.821258701000033, 29.369123333000061 ], [ 80.822451576000049, 29.36981527100005 ], [ 80.827645888000063, 29.370909396000059 ], [ 80.831549013000085, 29.375123896000048 ], [ 80.834924826000076, 29.379858771000045 ], [ 80.837495639000053, 29.381177209000043 ], [ 80.839216577000059, 29.380385146000037 ], [ 80.840193576000047, 29.378874834000044 ], [ 80.842873014000077, 29.37679358400004 ], [ 80.847188139000082, 29.375408959000026 ], [ 80.850327951000054, 29.375789271000031 ], [ 80.85240020100008, 29.376646583000024 ], [ 80.854842389000055, 29.378618646000064 ], [ 80.860124951000046, 29.387559896000027 ], [ 80.86081163800003, 29.389581959000054 ], [ 80.861261451000075, 29.394349146000025 ], [ 80.861840451000035, 29.396454458000051 ], [ 80.861425014000076, 29.39836702100007 ], [ 80.858988951000072, 29.401317458000051 ], [ 80.855421326000055, 29.40385602200007 ], [ 80.853688326000054, 29.405904771000053 ], [ 80.854131764000044, 29.40795358400004 ], [ 80.85880970200003, 29.408921959000054 ], [ 80.863217576000068, 29.410983896000062 ], [ 80.863500826000063, 29.414327396000033 ], [ 80.865144701000077, 29.414089959000023 ], [ 80.869557888000031, 29.411549709000042 ], [ 80.875046263000058, 29.411629396000023 ], [ 80.878234264000071, 29.413482146000035 ], [ 80.880318451000051, 29.416825083000049 ], [ 80.882104638000044, 29.418547896000064 ], [ 80.884545514000081, 29.419921646000034 ], [ 80.887864139000044, 29.422877396000047 ], [ 80.891048264000062, 29.423405708000075 ], [ 80.893401701000073, 29.424546833000079 ], [ 80.894723764000048, 29.426054771000054 ], [ 80.898636013000043, 29.432121646000041 ], [ 80.900960638000072, 29.432703209000067 ], [ 80.90238695100004, 29.434211146000052 ], [ 80.902847952000059, 29.436203396000053 ], [ 80.903946639000083, 29.437106584000048 ], [ 80.909087576000047, 29.438560771000027 ], [ 80.90995845100008, 29.441426334000028 ], [ 80.910011888000042, 29.444036396000058 ], [ 80.91234563900008, 29.444870396000056 ], [ 80.913448389000052, 29.445692271000041 ], [ 80.914482013000054, 29.444499584000027 ], [ 80.914186201000064, 29.441086209000048 ], [ 80.917217951000055, 29.434582146000025 ], [ 80.917662138000082, 29.431841521000024 ], [ 80.919060389000038, 29.430405396000026 ], [ 80.925398827000038, 29.427618521000056 ], [ 80.928282076000073, 29.425443209000036 ], [ 80.928504513000064, 29.422878333000028 ], [ 80.929715014000067, 29.421031396000046 ], [ 80.93190876400007, 29.420279083000025 ], [ 80.933898889000034, 29.417457958000057 ], [ 80.933855764000043, 29.414971896000054 ], [ 80.932729077000033, 29.413011022000035 ], [ 80.933541701000081, 29.410049396000034 ], [ 80.935090513000034, 29.408049146000053 ], [ 80.936197514000071, 29.40381764600005 ], [ 80.937449514000036, 29.400835959000062 ], [ 80.94104463900004, 29.39779889600004 ], [ 80.943081826000082, 29.398884896000027 ], [ 80.948642951000068, 29.400427896000053 ], [ 80.95134607600005, 29.399907896000059 ], [ 80.955739326000071, 29.40133058300006 ], [ 80.957944201000032, 29.400266521000049 ], [ 80.961345639000058, 29.400109583000074 ], [ 80.963079139000058, 29.39930477200005 ], [ 80.973125701000072, 29.400421584000071 ], [ 80.975998639000068, 29.401987709000025 ], [ 80.979006702000049, 29.402689771000041 ], [ 80.981527451000034, 29.404066271000033 ], [ 80.985842888000036, 29.404233771000065 ], [ 80.988575389000061, 29.405131834000031 ], [ 80.991987014000074, 29.407985833000055 ], [ 80.996603451000055, 29.409459084000048 ], [ 80.998178014000075, 29.410902896000039 ], [ 81.002067077000049, 29.412840708000033 ], [ 81.00489963800004, 29.416113958000039 ], [ 81.010178701000029, 29.419804271000032 ], [ 81.015768638000054, 29.421358084000076 ], [ 81.017948326000067, 29.420992333000072 ], [ 81.023961263000047, 29.421821583000053 ], [ 81.025663201000043, 29.421415209000031 ], [ 81.026447702000041, 29.419664459000046 ], [ 81.027461327000083, 29.417033896000078 ], [ 81.031679577000034, 29.413360333000071 ], [ 81.036593888000084, 29.411507021000034 ], [ 81.041097702000059, 29.411293646000047 ], [ 81.046164014000055, 29.411531084000046 ], [ 81.048993389000032, 29.413373146000026 ], [ 81.053093014000069, 29.410621646000038 ], [ 81.055201639000074, 29.408863459000031 ], [ 81.058873639000069, 29.407388771000058 ], [ 81.060746013000085, 29.407252583000059 ], [ 81.063136576000034, 29.405555021000055 ], [ 81.065726514000062, 29.405463521000058 ], [ 81.070034701000054, 29.40737658300003 ], [ 81.074712951000038, 29.407401146000041 ], [ 81.078390076000062, 29.406277833000047 ], [ 81.080488889000037, 29.407463208000024 ], [ 81.08300532700008, 29.410085271000071 ], [ 81.085450826000056, 29.407764646000032 ], [ 81.087635514000056, 29.407061646000045 ], [ 81.091527639000049, 29.407176334000042 ], [ 81.097393639000074, 29.407801583000037 ], [ 81.099685514000043, 29.407231396000043 ], [ 81.102797139000074, 29.405487459000028 ], [ 81.107641826000076, 29.40431058300004 ], [ 81.109211139000081, 29.400647959000025 ], [ 81.110047952000059, 29.399855459000037 ], [ 81.11351495200006, 29.399220896000031 ], [ 81.118214014000046, 29.397470709000061 ], [ 81.120955639000044, 29.39570420900003 ], [ 81.12418651400003, 29.396511083000064 ], [ 81.126342201000057, 29.398372459000029 ], [ 81.126582702000064, 29.401956834000032 ], [ 81.130420077000053, 29.404653458000041 ], [ 81.133373826000081, 29.404305396000041 ], [ 81.137293014000079, 29.402031959000055 ], [ 81.140134952000039, 29.399597146000076 ], [ 81.140018577000035, 29.396935271000075 ], [ 81.141048389000048, 29.394301583000072 ], [ 81.14570507600007, 29.390896896000072 ], [ 81.148139014000037, 29.394151833000024 ], [ 81.152159139000048, 29.39394420800005 ], [ 81.157435139000086, 29.395853334000037 ], [ 81.161353202000043, 29.395433583000056 ], [ 81.163044014000036, 29.394118584000068 ], [ 81.165433077000046, 29.394713459000059 ], [ 81.167721077000067, 29.397868834000064 ], [ 81.168727326000067, 29.400380646000031 ], [ 81.171556138000085, 29.405732521000061 ], [ 81.172391077000043, 29.411587771000029 ], [ 81.176054202000046, 29.411104709000028 ], [ 81.180508889000066, 29.408996272000024 ], [ 81.18269676400007, 29.408476708000023 ], [ 81.18578920200008, 29.406850396000038 ], [ 81.187763952000068, 29.404871521000075 ], [ 81.187311889000057, 29.401420583000061 ], [ 81.185851014000036, 29.399608896000075 ], [ 81.188513662000048, 29.39781811000006 ], [ 81.185616952000032, 29.396083272000055 ], [ 81.184380576000081, 29.396015084000055 ], [ 81.179503827000076, 29.392888271000061 ], [ 81.177551576000042, 29.392780396000035 ], [ 81.176603951000061, 29.391150584000059 ], [ 81.17290870100004, 29.389143146000038 ], [ 81.171728514000051, 29.386627084000054 ], [ 81.169054451000079, 29.38531533400004 ], [ 81.16611713900005, 29.385470146000046 ], [ 81.164504826000041, 29.38500970900003 ], [ 81.16182113800005, 29.385498021000046 ], [ 81.157035388000054, 29.383198209000057 ], [ 81.154983451000078, 29.381560583000066 ], [ 81.156172826000045, 29.379639396000073 ], [ 81.156346764000034, 29.377577271000064 ], [ 81.154729639000038, 29.374892396000064 ], [ 81.15554476300008, 29.374002646000065 ], [ 81.155995451000081, 29.371428084000058 ], [ 81.154859452000039, 29.369198334000032 ], [ 81.155304827000066, 29.368399209000074 ], [ 81.154583889000037, 29.36451089600007 ], [ 81.155936764000046, 29.362463208000065 ], [ 81.152358701000082, 29.361253647000069 ], [ 81.149936076000074, 29.359580271000027 ], [ 81.149642451000034, 29.357532271000025 ], [ 81.14743138800003, 29.353356709000025 ], [ 81.146495451000078, 29.352313271000071 ], [ 81.14552713900008, 29.349359084000071 ], [ 81.144752264000033, 29.345148146000042 ], [ 81.144016826000041, 29.343820209000057 ], [ 81.143127076000042, 29.340046959000063 ], [ 81.143238952000047, 29.337181833000045 ], [ 81.142321326000058, 29.335089334000031 ], [ 81.141777201000082, 29.330018583000026 ], [ 81.140072452000084, 29.327114771000026 ], [ 81.139150951000033, 29.32393264600006 ], [ 81.137968263000062, 29.32217877100004 ], [ 81.13825263800004, 29.31924120900004 ], [ 81.137579451000079, 29.317820709000046 ], [ 81.137790326000072, 29.31524420900007 ], [ 81.136640764000049, 29.309292021000033 ], [ 81.137398577000056, 29.304833521000035 ], [ 81.130362326000068, 29.301409271000068 ], [ 81.125774264000086, 29.300994083000035 ], [ 81.122405076000064, 29.29931877100006 ], [ 81.120775202000061, 29.296570271000064 ], [ 81.120837576000042, 29.293808959000046 ], [ 81.119859576000067, 29.291862958000024 ], [ 81.117565263000074, 29.289568459000066 ], [ 81.115901014000031, 29.286935021000033 ], [ 81.113283639000031, 29.283896209000034 ], [ 81.113984889000051, 29.28069670900004 ], [ 81.113618201000065, 29.279553271000054 ], [ 81.10827507700003, 29.27313502100003 ], [ 81.105810014000042, 29.269642583000063 ], [ 81.101834951000058, 29.261535521000042 ], [ 81.101404639000066, 29.259194146000027 ], [ 81.101841952000029, 29.255902396000067 ], [ 81.099830389000033, 29.253914209000072 ], [ 81.099897389000034, 29.252314646000059 ], [ 81.098969139000076, 29.248489271000039 ], [ 81.099603327000068, 29.247225459000049 ], [ 81.102958388000047, 29.246140021000031 ], [ 81.104898701000081, 29.244956458000047 ], [ 81.10795463900007, 29.244274958000062 ], [ 81.111219888000051, 29.242997708000075 ], [ 81.11335557600006, 29.240327083000068 ], [ 81.114606826000056, 29.239626646000033 ], [ 81.116537826000069, 29.236349333000078 ], [ 81.116812326000058, 29.234289459000024 ], [ 81.115296951000062, 29.230250334000061 ], [ 81.115369077000082, 29.227734896000072 ], [ 81.111623764000058, 29.222847146000049 ], [ 81.10885401400003, 29.220246021000037 ], [ 81.106010076000075, 29.218484146000037 ], [ 81.10395726400003, 29.215760583000076 ], [ 81.101361451000059, 29.214740521000067 ], [ 81.092290951000052, 29.21481708400006 ], [ 81.090538264000031, 29.211804334000078 ], [ 81.088158388000068, 29.208931833000065 ], [ 81.086246264000067, 29.208723271000054 ], [ 81.083996201000048, 29.207542584000066 ], [ 81.081320076000054, 29.207280271000059 ], [ 81.076427514000045, 29.205525771000055 ], [ 81.076348139000061, 29.204208333000054 ], [ 81.073906701000055, 29.201764209000032 ], [ 81.06549263800008, 29.198222271000077 ], [ 81.06311038900003, 29.199236271000075 ], [ 81.058491014000083, 29.198586396000053 ], [ 81.054208763000076, 29.198946896000052 ], [ 81.049125014000083, 29.197554708000041 ], [ 81.047810388000073, 29.198750834000066 ], [ 81.046501076000084, 29.198379083000077 ], [ 81.044164389000059, 29.199602583000058 ], [ 81.038987013000053, 29.199396646000025 ], [ 81.037157077000074, 29.198972959000059 ], [ 81.03287195200005, 29.196528709000063 ], [ 81.031881952000049, 29.195351333000076 ], [ 81.029579514000034, 29.19546914600005 ], [ 81.028529014000071, 29.194770021000068 ], [ 81.029944888000045, 29.19298070800005 ], [ 81.028322764000052, 29.191620646000047 ], [ 81.028534451000041, 29.188963146000049 ], [ 81.032046889000071, 29.186086021000051 ], [ 81.034634263000044, 29.186216209000065 ], [ 81.035895326000059, 29.188381584000069 ], [ 81.037208889000055, 29.189306208000062 ], [ 81.039421077000043, 29.188885958000071 ], [ 81.041879201000086, 29.187010458000032 ], [ 81.042972139000085, 29.185435459000075 ], [ 81.045863077000035, 29.185220209000079 ], [ 81.047451326000044, 29.183182521000049 ], [ 81.045802951000042, 29.181572334000066 ], [ 81.045780514000057, 29.177369459000033 ], [ 81.044998514000042, 29.175388958000042 ], [ 81.046220763000065, 29.17369883300006 ], [ 81.048104576000071, 29.172937896000064 ], [ 81.050233576000039, 29.171220271000038 ], [ 81.051208139000039, 29.169243709000057 ], [ 81.050216702000057, 29.166214271000058 ], [ 81.050175639000031, 29.164382458000034 ], [ 81.051132514000074, 29.162464521000061 ], [ 81.052816826000083, 29.161572708000051 ], [ 81.054884014000038, 29.162014084000077 ], [ 81.059174764000034, 29.161254209000049 ], [ 81.06025538800003, 29.158742833000076 ], [ 81.060634014000073, 29.153470395000056 ], [ 81.057074201000034, 29.151493521000077 ], [ 81.057547014000079, 29.148989146000076 ], [ 81.058903701000077, 29.14794633300005 ], [ 81.061074076000068, 29.147909208000044 ], [ 81.063534264000054, 29.14647552100007 ], [ 81.067175638000037, 29.145571396000037 ], [ 81.068293014000062, 29.144305209000038 ], [ 81.069052826000075, 29.14200820800005 ], [ 81.068813952000085, 29.139797458000032 ], [ 81.066738951000048, 29.136437083000033 ], [ 81.067138951000061, 29.135135209000055 ], [ 81.068872201000033, 29.134626708000042 ], [ 81.072435389000077, 29.134638396000071 ], [ 81.074069389000044, 29.132871021000028 ], [ 81.073136389000069, 29.130780271000049 ], [ 81.074996513000031, 29.127751646000036 ], [ 81.076824576000035, 29.12586914600007 ], [ 81.080979888000059, 29.124079959000028 ], [ 81.083272764000071, 29.120854708000024 ], [ 81.087280888000066, 29.118172083000047 ], [ 81.094228827000052, 29.109337396000058 ], [ 81.098481764000041, 29.107229458000063 ], [ 81.100428014000045, 29.105290146000073 ], [ 81.10140738900003, 29.103202583000041 ], [ 81.103679701000033, 29.100712521000048 ], [ 81.107484514000078, 29.099313021000057 ], [ 81.110350701000073, 29.098130833000027 ], [ 81.11139776400006, 29.096677083000031 ], [ 81.110939076000079, 29.094087583000032 ], [ 81.110803764000082, 29.086757958000078 ], [ 81.111186201000066, 29.085311521000051 ], [ 81.113211451000041, 29.084175021000078 ], [ 81.115302951000047, 29.085165896000035 ], [ 81.117061576000083, 29.08505608400003 ], [ 81.119280076000052, 29.083955458000048 ], [ 81.128828076000048, 29.082857021000052 ], [ 81.130304702000046, 29.081213208000065 ], [ 81.129746951000072, 29.07830345800005 ], [ 81.126430764000077, 29.074202958000058 ], [ 81.124352889000079, 29.074532020000049 ], [ 81.122618139000053, 29.073746334000077 ], [ 81.121261326000081, 29.072213458000078 ], [ 81.122290452000072, 29.07029714600003 ], [ 81.123089951000054, 29.065294833000053 ], [ 81.124562264000076, 29.062845709000044 ], [ 81.13282520100006, 29.059674833000031 ], [ 81.133339264000085, 29.058814833000042 ], [ 81.13293651400005, 29.055113083000037 ], [ 81.133450263000043, 29.052315146000069 ], [ 81.137210138000057, 29.048866333000035 ], [ 81.13818438900006, 29.044168396000032 ], [ 81.138048638000043, 29.042553209000062 ], [ 81.140838139000039, 29.038762458000065 ], [ 81.144161577000034, 29.037398520000067 ], [ 81.146378326000047, 29.035334146000025 ], [ 81.14681863900006, 29.033740895000051 ], [ 81.146818139000061, 29.028398646000028 ], [ 81.146371452000039, 29.023411084000031 ], [ 81.14581032600006, 29.021160146000057 ], [ 81.146004638000079, 29.018795646000058 ], [ 81.147263577000047, 29.014232583000023 ], [ 81.148663076000048, 29.011760708000054 ], [ 81.149061701000051, 29.009427521000077 ], [ 81.15073282600008, 29.008083271000032 ], [ 81.151871639000035, 29.006029021000074 ], [ 81.149683201000073, 29.00323177100006 ], [ 81.148712139000054, 29.00099483300005 ], [ 81.148919014000057, 28.998066270000038 ], [ 81.147004701000071, 28.993387146000032 ], [ 81.144968076000055, 28.990370771000073 ], [ 81.143362514000046, 28.98948589500003 ], [ 81.14032482600004, 28.989687583000034 ], [ 81.138167139000075, 28.989272459000063 ], [ 81.136810763000085, 28.987893146000033 ], [ 81.136122201000035, 28.985752896000065 ], [ 81.133547014000044, 28.980823771000075 ], [ 81.13104476400008, 28.980417896000063 ], [ 81.126224326000056, 28.97815289600004 ], [ 81.121061701000031, 28.974333646000048 ], [ 81.11892313900006, 28.974022020000064 ], [ 81.110095576000049, 28.977661709000074 ], [ 81.107816264000064, 28.978017770000065 ], [ 81.106816701000071, 28.976897334000057 ], [ 81.107437326000081, 28.973460896000063 ], [ 81.104212327000084, 28.970968208000045 ], [ 81.103712763000033, 28.969811271000026 ], [ 81.105536764000078, 28.965588771000057 ], [ 81.10279795100007, 28.963790583000048 ], [ 81.098311201000058, 28.964283521000027 ], [ 81.090722701000061, 28.967756396000027 ], [ 81.082567764000032, 28.967605958000036 ], [ 81.078261639000061, 28.968653084000039 ], [ 81.07479582600007, 28.969922958000041 ], [ 81.071083763000047, 28.970423521000043 ], [ 81.066081826000072, 28.970349396000074 ], [ 81.058689639000079, 28.973206708000077 ], [ 81.055723639000064, 28.975423334000027 ], [ 81.053996264000034, 28.977353021000056 ], [ 81.050965014000042, 28.978265646000068 ], [ 81.04986507600006, 28.977943458000027 ], [ 81.048089451000067, 28.974318646000029 ], [ 81.044213952000064, 28.970509521000054 ], [ 81.039346576000071, 28.967648083000029 ], [ 81.030965451000043, 28.963769896000031 ], [ 81.030005389000053, 28.962933146000069 ], [ 81.029461576000074, 28.960686208000027 ], [ 81.026162014000079, 28.956089083000052 ], [ 81.022533389000046, 28.952811709000059 ], [ 81.02061576400007, 28.952137396000069 ], [ 81.017473701000085, 28.953320021000025 ], [ 81.015052514000047, 28.95542977100007 ], [ 81.012232138000059, 28.956790396000031 ], [ 81.009293701000047, 28.957458458000076 ], [ 81.006001451000031, 28.95730295900006 ], [ 81.002766952000059, 28.956323958000041 ], [ 81.000324826000053, 28.95485302000003 ], [ 80.996578452000051, 28.951060583000071 ], [ 80.994220013000074, 28.947886208000057 ], [ 80.98874982600006, 28.943831771000077 ], [ 80.985727514000075, 28.942777895000063 ], [ 80.984035138000081, 28.941396958000041 ], [ 80.982741014000055, 28.938698583000075 ], [ 80.980448702000047, 28.939014145000044 ], [ 80.975992826000038, 28.939475896000033 ], [ 80.97069332600006, 28.941304521000063 ], [ 80.967648702000076, 28.940685646000077 ] ] ] } },
{ "type": "Feature", "properties": { "DISTRICT": "KAILALI", "STATE_CODE": 7, "PR_NAME": "Sudurpashchim Province" }, "geometry": { "type": "Polygon", "coordinates": [ [ [ 81.001450451000039, 28.453939333000051 ], [ 81.000000013000033, 28.452466021000077 ], [ 80.990923139000074, 28.441581708000058 ], [ 80.979593013000056, 28.442426582000053 ], [ 80.98083607600006, 28.434284020000064 ], [ 80.966952263000053, 28.437717520000035 ], [ 80.969824763000076, 28.44281733300005 ], [ 80.966585701000042, 28.444662146000042 ], [ 80.980260576000035, 28.454138708000073 ], [ 80.981576264000068, 28.455192520000026 ], [ 80.968785826000044, 28.456927521000068 ], [ 80.965817326000035, 28.449521895000032 ], [ 80.953480576000061, 28.447469583000043 ], [ 80.95345413900003, 28.45541595800006 ], [ 80.946452138000041, 28.454664333000039 ], [ 80.934054951000064, 28.458629833000032 ], [ 80.946982576000039, 28.466062896000039 ], [ 80.944279638000069, 28.468376708000051 ], [ 80.934115451000082, 28.46299108200003 ], [ 80.932316888000059, 28.457552770000063 ], [ 80.919317826000054, 28.459680020000064 ], [ 80.921295701000076, 28.463688208000065 ], [ 80.91609651300007, 28.467457520000039 ], [ 80.917373576000045, 28.457578332000026 ], [ 80.912449263000042, 28.461020520000034 ], [ 80.907442451000065, 28.46572139500006 ], [ 80.904783138000084, 28.477235270000051 ], [ 80.903216076000035, 28.485787458000061 ], [ 80.908575451000047, 28.48957702000007 ], [ 80.910342388000061, 28.49751327000007 ], [ 80.908937139000045, 28.498080895000044 ], [ 80.901485638000054, 28.500435707000065 ], [ 80.897834013000079, 28.50559064600003 ], [ 80.887513764000062, 28.507125770000073 ], [ 80.87756470100004, 28.509700520000024 ], [ 80.863287889000048, 28.504084770000077 ], [ 80.867270326000039, 28.489502395000045 ], [ 80.857008263000068, 28.497047958000053 ], [ 80.84619963800003, 28.49534852000005 ], [ 80.845256388000053, 28.499656832000028 ], [ 80.838074513000038, 28.505291208000074 ], [ 80.831708451000054, 28.511682083000039 ], [ 80.817182451000065, 28.520600020000074 ], [ 80.801469326000074, 28.521063083000058 ], [ 80.790708263000056, 28.524307083000053 ], [ 80.78625345100005, 28.529223146000049 ], [ 80.790971138000032, 28.542377271000078 ], [ 80.79097413900007, 28.543494083000041 ], [ 80.784425576000046, 28.54673045800007 ], [ 80.77123645100005, 28.549648707000074 ], [ 80.769739638000033, 28.565495770000041 ], [ 80.751450888000079, 28.570733958000062 ], [ 80.74998501400006, 28.571329146000039 ], [ 80.740105764000077, 28.574160083000038 ], [ 80.740305201000069, 28.56580589500004 ], [ 80.726500951000048, 28.574553021000042 ], [ 80.725638139000068, 28.574501645000055 ], [ 80.716323388000035, 28.567829083000049 ], [ 80.705611951000037, 28.578714770000033 ], [ 80.691968326000051, 28.587023270000032 ], [ 80.697367576000033, 28.603130833000023 ], [ 80.69730482600005, 28.60339689500006 ], [ 80.679083701000081, 28.604293583000072 ], [ 80.681251638000049, 28.620412083000076 ], [ 80.676019450000069, 28.624643458000037 ], [ 80.672450201000061, 28.628292083000076 ], [ 80.669301701000052, 28.64184158300003 ], [ 80.65292295100005, 28.633865770000057 ], [ 80.64320020100007, 28.643221520000054 ], [ 80.634960201000069, 28.63726827000005 ], [ 80.613257013000066, 28.639249832000075 ], [ 80.607933638000077, 28.652317708000055 ], [ 80.606067951000057, 28.651669395000056 ], [ 80.591402076000065, 28.64768902000003 ], [ 80.599275951000038, 28.655911271000036 ], [ 80.581867701000078, 28.661234958000023 ], [ 80.592092513000068, 28.679682833000072 ], [ 80.570359701000029, 28.687861583000029 ], [ 80.555889535000063, 28.690691750000042 ], [ 80.55193913800008, 28.694385270000055 ], [ 80.55032282600007, 28.695176270000047 ], [ 80.546294389000082, 28.695580208000024 ], [ 80.544531514000084, 28.696140583000044 ], [ 80.544481451000081, 28.698394271000041 ], [ 80.545525763000057, 28.700992270000029 ], [ 80.542284076000044, 28.702937396000038 ], [ 80.54370738800003, 28.705983395000032 ], [ 80.543675264000058, 28.70741595800007 ], [ 80.540597264000041, 28.710570833000077 ], [ 80.539797951000082, 28.71325283300007 ], [ 80.540358138000045, 28.715955271000041 ], [ 80.541489139000078, 28.716507395000065 ], [ 80.544376451000062, 28.71508902000005 ], [ 80.548161076000042, 28.711433270000043 ], [ 80.551174264000053, 28.711948708000079 ], [ 80.552026638000029, 28.713339021000024 ], [ 80.551241514000083, 28.71808095800003 ], [ 80.552512139000044, 28.720052520000024 ], [ 80.55485701300006, 28.721395833000031 ], [ 80.560286451000081, 28.722106208000071 ], [ 80.561042076000035, 28.723038208000048 ], [ 80.557286201000068, 28.725509895000073 ], [ 80.555062389000057, 28.728965708000032 ], [ 80.552948826000033, 28.733225020000077 ], [ 80.550518326000031, 28.734498396000049 ], [ 80.546071513000072, 28.734244395000076 ], [ 80.541397263000079, 28.73624102000008 ], [ 80.539848326000083, 28.73864302000004 ], [ 80.54151470100004, 28.740273083000034 ], [ 80.545313951000082, 28.740495708000026 ], [ 80.548480888000086, 28.741835145000039 ], [ 80.551715951000062, 28.743950896000058 ], [ 80.553208201000075, 28.74573358300006 ], [ 80.554092139000034, 28.749411646000055 ], [ 80.557304201000079, 28.751590333000024 ], [ 80.558484951000082, 28.753223083000023 ], [ 80.556881388000079, 28.754950520000079 ], [ 80.552215513000078, 28.750698208000074 ], [ 80.549281201000042, 28.750623020000035 ], [ 80.546622575000072, 28.751807583000073 ], [ 80.542714513000078, 28.756252458000063 ], [ 80.542472639000039, 28.761219520000054 ], [ 80.541943888000048, 28.763203083000064 ], [ 80.540317951000077, 28.765049770000076 ], [ 80.538601389000064, 28.76622158300006 ], [ 80.537446514000067, 28.768124020000073 ], [ 80.537844826000082, 28.770419833000062 ], [ 80.540151326000057, 28.771445208000046 ], [ 80.543914138000048, 28.770799146000058 ], [ 80.546635451000043, 28.77102483300007 ], [ 80.550260201000071, 28.772040958000048 ], [ 80.551870014000031, 28.774115145000053 ], [ 80.551916138000081, 28.777783646000046 ], [ 80.550978076000035, 28.779535770000052 ], [ 80.548568576000037, 28.781698083000038 ], [ 80.547066763000032, 28.783809333000079 ], [ 80.54625463800005, 28.786249833000056 ], [ 80.542724388000067, 28.787756270000045 ], [ 80.540204638000034, 28.790224896000041 ], [ 80.540050576000056, 28.79317302100003 ], [ 80.540723326000034, 28.794168021000075 ], [ 80.539826639000069, 28.796037458000058 ], [ 80.537414513000044, 28.795032083000024 ], [ 80.532825326000079, 28.796561646000043 ], [ 80.533093826000083, 28.799105208000071 ], [ 80.530874013000073, 28.802249208000035 ], [ 80.526532763000034, 28.806017458000042 ], [ 80.525227638000047, 28.807711708000056 ], [ 80.521623826000052, 28.810870958000066 ], [ 80.519118263000053, 28.810516896000024 ], [ 80.515282826000032, 28.812391521000052 ], [ 80.51271870100004, 28.815057958000068 ], [ 80.513592451000079, 28.817488646000072 ], [ 80.516177388000074, 28.818858333000037 ], [ 80.518854951000037, 28.81869864600003 ], [ 80.519647826000039, 28.819599395000068 ], [ 80.518053764000058, 28.822440895000057 ], [ 80.516129326000055, 28.822948333000056 ], [ 80.516013889000078, 28.82409627100003 ], [ 80.517723950000061, 28.826741958000071 ], [ 80.51895120100005, 28.827226895000024 ], [ 80.520191326000031, 28.829087958000059 ], [ 80.519826263000084, 28.832143708000046 ], [ 80.517977264000081, 28.834393146000025 ], [ 80.516332639000041, 28.835016708000069 ], [ 80.514986326000042, 28.832771583000067 ], [ 80.513355639000054, 28.831236146000037 ], [ 80.510719325000082, 28.831623646000025 ], [ 80.508830638000063, 28.83320283300003 ], [ 80.509442888000081, 28.835481395000045 ], [ 80.507298076000041, 28.836678271000039 ], [ 80.507266638000033, 28.838264208000055 ], [ 80.509657701000037, 28.839195646000064 ], [ 80.507702013000085, 28.841232459000025 ], [ 80.505156388000046, 28.840875708000056 ], [ 80.503948263000041, 28.844237333000024 ], [ 80.504770388000054, 28.847437146000061 ], [ 80.502738201000057, 28.847867333000067 ], [ 80.501954701000045, 28.848877395000045 ], [ 80.502005638000071, 28.85109527000003 ], [ 80.501000513000065, 28.853022708000026 ], [ 80.498781576000056, 28.854031958000064 ], [ 80.498050951000039, 28.855615271000033 ], [ 80.498851451000064, 28.85742758300006 ], [ 80.500687201000062, 28.85826458300005 ], [ 80.500091014000077, 28.860346958000036 ], [ 80.501394013000038, 28.862666521000051 ], [ 80.503141639000035, 28.862923395000053 ], [ 80.50419151300008, 28.864267333000043 ], [ 80.503556951000064, 28.865605084000038 ], [ 80.503928576000078, 28.868361083000025 ], [ 80.502587388000052, 28.870467771000051 ], [ 80.503985263000061, 28.872690583000065 ], [ 80.504557264000084, 28.874863271000038 ], [ 80.506487701000083, 28.877532208000048 ], [ 80.507114326000078, 28.879384458000061 ], [ 80.50578351300004, 28.88171002100006 ], [ 80.50530038900007, 28.884004896000079 ], [ 80.505351826000037, 28.887680146000037 ], [ 80.507173826000042, 28.891416083000024 ], [ 80.508657201000062, 28.893257896000023 ], [ 80.509486888000083, 28.896780333000038 ], [ 80.508592576000069, 28.899285708000036 ], [ 80.505842889000064, 28.901385083000037 ], [ 80.504549076000046, 28.906857958000046 ], [ 80.505133638000075, 28.912540770000078 ], [ 80.507673451000073, 28.915106146000028 ], [ 80.511702326000034, 28.918073959000026 ], [ 80.512519201000032, 28.919200458000034 ], [ 80.512121389000072, 28.921741458000042 ], [ 80.509762138000042, 28.923115834000043 ], [ 80.507248638000078, 28.925234083000078 ], [ 80.503537326000071, 28.924083458000041 ], [ 80.497272201000044, 28.922862271000042 ], [ 80.49580013800005, 28.923091396000075 ], [ 80.492292826000039, 28.925769646000049 ], [ 80.48952213900003, 28.924489021000056 ], [ 80.489305076000051, 28.926782521000064 ], [ 80.486251951000042, 28.931104708000078 ], [ 80.484996076000073, 28.931984270000044 ], [ 80.483306326000047, 28.936765083000068 ], [ 80.480534888000079, 28.937778646000027 ], [ 80.478023201000042, 28.937874959000055 ], [ 80.476290763000065, 28.93965270800004 ], [ 80.472285826000075, 28.938716646000046 ], [ 80.469817889000069, 28.938580583000032 ], [ 80.47336651300003, 28.943860020000045 ], [ 80.474274889000071, 28.947455145000049 ], [ 80.478799388000084, 28.953248083000062 ], [ 80.481462513000054, 28.95609870800007 ], [ 80.483326326000054, 28.95961402000006 ], [ 80.483875576000059, 28.965113958000074 ], [ 80.48498401300003, 28.967863708000039 ], [ 80.485290451000083, 28.970078021000063 ], [ 80.487004263000074, 28.972045021000042 ], [ 80.487505326000075, 28.97403220800004 ], [ 80.490044639000075, 28.977448458000026 ], [ 80.490503200000035, 28.980197958000076 ], [ 80.491546951000032, 28.982929458000058 ], [ 80.491204389000075, 28.985680458000047 ], [ 80.489173514000072, 28.989192083000034 ], [ 80.485462638000058, 28.99427195800007 ], [ 80.485900951000076, 28.99650708300004 ], [ 80.487354888000084, 28.998168521000025 ], [ 80.488411264000035, 28.996392583000045 ], [ 80.489945639000041, 28.995322271000077 ], [ 80.495744951000063, 28.994252270000061 ], [ 80.497847326000056, 28.994959521000055 ], [ 80.501401201000078, 28.993283021000025 ], [ 80.503087389000029, 28.993284708000033 ], [ 80.50489751300006, 28.995504521000043 ], [ 80.50638745100008, 28.996383084000058 ], [ 80.510732764000068, 28.996631333000039 ], [ 80.513327889000038, 28.996419646000049 ], [ 80.51780057600007, 28.997775833000048 ], [ 80.520672826000066, 28.999227708000035 ], [ 80.520231763000083, 29.003609459000074 ], [ 80.522474576000036, 29.004693583000062 ], [ 80.523750513000039, 29.006284083000025 ], [ 80.527748450000047, 29.009221958000069 ], [ 80.531465639000032, 29.010597583000049 ], [ 80.533363889000043, 29.012318770000036 ], [ 80.53716126300003, 29.013944895000066 ], [ 80.537801763000061, 29.01709420800006 ], [ 80.535398326000063, 29.020330083000033 ], [ 80.535637326000085, 29.022354521000068 ], [ 80.534860826000056, 29.024350645000027 ], [ 80.536019201000045, 29.025563833000035 ], [ 80.535893201000079, 29.02969639500003 ], [ 80.537970701000063, 29.031970833000059 ], [ 80.544055638000032, 29.036711146000073 ], [ 80.545152576000078, 29.036107958000059 ], [ 80.54855770100005, 29.038598771000068 ], [ 80.548257013000068, 29.044434021000029 ], [ 80.546642075000079, 29.047068146000072 ], [ 80.546343576000083, 29.049347896000029 ], [ 80.550692076000075, 29.051027396000052 ], [ 80.552552138000067, 29.052768459000049 ], [ 80.55359132600006, 29.054651146000026 ], [ 80.556880139000043, 29.056378896000069 ], [ 80.558914638000033, 29.058194833000073 ], [ 80.560969889000035, 29.061808896000059 ], [ 80.562806326000043, 29.068093270000077 ], [ 80.566294826000046, 29.064598834000037 ], [ 80.56734926300004, 29.062371020000057 ], [ 80.56838870100006, 29.062263833000031 ], [ 80.570867763000081, 29.06439464500005 ], [ 80.57390470100006, 29.064456208000024 ], [ 80.575021764000041, 29.063661145000026 ], [ 80.575570764000076, 29.060962458000063 ], [ 80.579126701000064, 29.060924021000062 ], [ 80.579250888000047, 29.058878271000026 ], [ 80.580752514000039, 29.057660146000046 ], [ 80.583203764000075, 29.057726521000063 ], [ 80.584635826000067, 29.059352958000034 ], [ 80.585889076000058, 29.058975583000063 ], [ 80.587734514000033, 29.055861271000026 ], [ 80.589422451000075, 29.055537083000047 ], [ 80.589075138000055, 29.053936458000067 ], [ 80.591077763000044, 29.052825896000058 ], [ 80.59247188900008, 29.053249709000056 ], [ 80.593708638000066, 29.054857521000031 ], [ 80.595070326000041, 29.054480334000061 ], [ 80.596007826000061, 29.05200833300006 ], [ 80.597835326000052, 29.049852584000064 ], [ 80.598457201000031, 29.048128646000066 ], [ 80.602629264000029, 29.047759708000058 ], [ 80.604487014000085, 29.048886458000027 ], [ 80.607984263000048, 29.04829664600004 ], [ 80.610242951000032, 29.05010352100004 ], [ 80.61163988800007, 29.052187583000034 ], [ 80.611473014000069, 29.055280083000071 ], [ 80.613722263000057, 29.057869646000029 ], [ 80.617296513000042, 29.05908908300006 ], [ 80.619011764000049, 29.058308895000039 ], [ 80.619914889000086, 29.056583333000049 ], [ 80.62302251300008, 29.053287083000043 ], [ 80.624418576000039, 29.052605208000045 ], [ 80.625255888000083, 29.049692771000025 ], [ 80.628019264000045, 29.047437708000075 ], [ 80.629196639000043, 29.045399271000065 ], [ 80.632946576000052, 29.042350458000044 ], [ 80.63591576400006, 29.035933459000034 ], [ 80.642311888000052, 29.03092877000006 ], [ 80.645009326000036, 29.028555895000068 ], [ 80.648102639000058, 29.027393084000039 ], [ 80.650535201000082, 29.025382583000066 ], [ 80.655497389000061, 29.023834271000055 ], [ 80.657727826000041, 29.022357771000031 ], [ 80.660609888000067, 29.022401208000076 ], [ 80.663440513000069, 29.021408896000025 ], [ 80.665673764000076, 29.019684083000072 ], [ 80.667559764000032, 29.01987377100005 ], [ 80.67050295100006, 29.019251583000027 ], [ 80.672279389000039, 29.018078271000036 ], [ 80.673619576000078, 29.018668083000023 ], [ 80.675398201000064, 29.020678021000037 ], [ 80.678508201000056, 29.018925770000067 ], [ 80.678142388000083, 29.01696670900003 ], [ 80.679924201000063, 29.015353396000023 ], [ 80.683438514000045, 29.015600833000065 ], [ 80.684990701000061, 29.014025333000063 ], [ 80.687524514000074, 29.014051520000066 ], [ 80.69369107600005, 29.014765083000043 ], [ 80.694711514000062, 29.014487645000031 ], [ 80.69755232600005, 29.011678583000048 ], [ 80.702432763000047, 29.010866021000027 ], [ 80.705303451000077, 29.009534521000035 ], [ 80.712578763000067, 29.010078209000028 ], [ 80.71797351400005, 29.010238521000076 ], [ 80.720660201000044, 29.009003333000067 ], [ 80.72239920100003, 29.007147958000076 ], [ 80.723823076000031, 29.008062334000044 ], [ 80.724344576000078, 29.009922333000077 ], [ 80.727224263000039, 29.010909584000046 ], [ 80.73114238900007, 29.010434708000048 ], [ 80.738421576000064, 29.010683708000045 ], [ 80.741599138000083, 29.010353708000025 ], [ 80.745923701000038, 29.008581959000026 ], [ 80.750252451000051, 29.006043021000039 ], [ 80.752018139000029, 29.004033896000067 ], [ 80.75457738800003, 29.002590208000072 ], [ 80.76167732600004, 29.003277584000045 ], [ 80.764892263000036, 29.001478396000039 ], [ 80.765232576000074, 28.999796021000066 ], [ 80.762473888000045, 28.996260458000052 ], [ 80.763146263000067, 28.992593271000032 ], [ 80.762372138000046, 28.989429021000035 ], [ 80.764017826000043, 28.988046771000029 ], [ 80.771737701000063, 28.985136271000044 ], [ 80.774518513000032, 28.984969458000023 ], [ 80.777366326000049, 28.985477333000063 ], [ 80.779812264000043, 28.984881208000047 ], [ 80.784253326000055, 28.985023771000044 ], [ 80.786580013000048, 28.983315208000079 ], [ 80.788772014000074, 28.980277521000062 ], [ 80.794179451000048, 28.979347396000037 ], [ 80.800528326000062, 28.976764771000035 ], [ 80.801527014000044, 28.975272770000061 ], [ 80.804783388000033, 28.972276959000055 ], [ 80.808108201000039, 28.967219208000074 ], [ 80.806723514000055, 28.962378021000063 ], [ 80.80543801400006, 28.960260021000067 ], [ 80.805705513000078, 28.959193271000061 ], [ 80.809279138000079, 28.957722959000023 ], [ 80.81096532600003, 28.956398709000041 ], [ 80.811402076000036, 28.954125270000077 ], [ 80.808994514000062, 28.946988271000066 ], [ 80.80716145100007, 28.94525752100003 ], [ 80.807592701000033, 28.943884208000043 ], [ 80.812024701000041, 28.942739896000035 ], [ 80.812280451000049, 28.938541771000075 ], [ 80.816784513000073, 28.939319521000073 ], [ 80.817689888000075, 28.938747708000051 ], [ 80.818760889000032, 28.936242646000039 ], [ 80.817969264000055, 28.933001895000075 ], [ 80.818358388000036, 28.931572083000049 ], [ 80.822804826000038, 28.930623708000041 ], [ 80.827582576000054, 28.931658709000033 ], [ 80.830771263000031, 28.93369089600003 ], [ 80.831306951000045, 28.936080771000036 ], [ 80.833122263000064, 28.936220646000038 ], [ 80.833976389000043, 28.937390333000053 ], [ 80.833434763000071, 28.940293208000071 ], [ 80.837999826000043, 28.946509646000038 ], [ 80.838947638000036, 28.946670958000027 ], [ 80.840921826000056, 28.948913646000051 ], [ 80.841352138000047, 28.951224271000058 ], [ 80.838567701000045, 28.955171333000067 ], [ 80.838759388000085, 28.956019833000028 ], [ 80.843006513000034, 28.959160709000059 ], [ 80.844779451000079, 28.961786583000048 ], [ 80.84535132600007, 28.964711084000044 ], [ 80.848269076000065, 28.968319584000028 ], [ 80.850209763000066, 28.972001333000037 ], [ 80.852264202000072, 28.974634146000028 ], [ 80.855391889000032, 28.976925146000042 ], [ 80.857325263000064, 28.977576959000032 ], [ 80.860526139000058, 28.977047896000045 ], [ 80.864105639000059, 28.97535952100003 ], [ 80.865316639000071, 28.973892083000067 ], [ 80.867174139000042, 28.969417896000039 ], [ 80.868711889000053, 28.968665958000031 ], [ 80.875048263000053, 28.969558583000037 ], [ 80.881021514000054, 28.968284833000041 ], [ 80.883651889000078, 28.967037208000079 ], [ 80.886219951000044, 28.963560646000076 ], [ 80.887141013000075, 28.959942709000075 ], [ 80.887077014000056, 28.957749770000078 ], [ 80.886143202000085, 28.956641271000024 ], [ 80.885864576000074, 28.951914646000034 ], [ 80.884896389000062, 28.949190771000076 ], [ 80.882776076000084, 28.945748459000072 ], [ 80.882780138000044, 28.944482833000052 ], [ 80.884099326000069, 28.941395396000075 ], [ 80.885006952000083, 28.94044864600005 ], [ 80.889887889000079, 28.940229395000074 ], [ 80.893017326000063, 28.938718083000026 ], [ 80.894752514000061, 28.935405333000062 ], [ 80.896204327000078, 28.934352833000048 ], [ 80.899406639000063, 28.934628271000065 ], [ 80.900298014000043, 28.936830770000029 ], [ 80.898414076000051, 28.94121745800004 ], [ 80.900001451000037, 28.942182021000065 ], [ 80.900853076000033, 28.940754521000031 ], [ 80.901243326000042, 28.937325646000033 ], [ 80.903689326000062, 28.936479145000078 ], [ 80.904722514000071, 28.936917521000055 ], [ 80.905315388000076, 28.93999745900004 ], [ 80.908150826000053, 28.940367146000028 ], [ 80.909412263000036, 28.939061770000023 ], [ 80.910378513000069, 28.936138583000059 ], [ 80.911968264000052, 28.933511333000069 ], [ 80.91249195100005, 28.931043521000049 ], [ 80.915285264000033, 28.931334083000024 ], [ 80.916737139000077, 28.932584834000068 ], [ 80.918594013000074, 28.935374458000069 ], [ 80.920302076000041, 28.939161145000071 ], [ 80.923121326000057, 28.941542896000044 ], [ 80.925832202000038, 28.942749209000056 ], [ 80.931545014000051, 28.943557646000045 ], [ 80.93402126400008, 28.943400958000041 ], [ 80.939383326000041, 28.942092708000075 ], [ 80.947786951000069, 28.938177458000041 ], [ 80.954991263000068, 28.935761459000048 ], [ 80.95823838900003, 28.936152896000067 ], [ 80.962002264000034, 28.93774458300004 ], [ 80.967648702000076, 28.940685646000077 ], [ 80.97069332600006, 28.941304521000063 ], [ 80.975992826000038, 28.939475896000033 ], [ 80.980448702000047, 28.939014145000044 ], [ 80.982741014000055, 28.938698583000075 ], [ 80.986002451000047, 28.936566958000071 ], [ 80.987988389000066, 28.934575083000027 ], [ 80.992097888000046, 28.932840459000033 ], [ 80.998908764000078, 28.929122646000053 ], [ 81.003178451000053, 28.928028521000044 ], [ 81.007920264000063, 28.927847833000044 ], [ 81.010605888000043, 28.926584208000065 ], [ 81.015019577000032, 28.923181646000046 ], [ 81.02103651300007, 28.920778146000032 ], [ 81.023291576000076, 28.919374520000076 ], [ 81.024959451000029, 28.916985020000027 ], [ 81.027632202000063, 28.911511333000078 ], [ 81.030959514000074, 28.909320021000042 ], [ 81.032085701000085, 28.908033708000062 ], [ 81.033204513000044, 28.903627333000031 ], [ 81.035701327000083, 28.898437771000033 ], [ 81.042241826000065, 28.888635521000026 ], [ 81.046368077000068, 28.886858583000048 ], [ 81.049150702000077, 28.883911208000029 ], [ 81.053220139000075, 28.876821083000038 ], [ 81.057678451000072, 28.874100645000055 ], [ 81.059339076000072, 28.873522396000055 ], [ 81.062987701000054, 28.873865895000051 ], [ 81.068436388000066, 28.877188708000062 ], [ 81.072518452000054, 28.877574583000069 ], [ 81.075627826000073, 28.875064146000057 ], [ 81.074940889000061, 28.871508958000049 ], [ 81.07382663900006, 28.869368521000069 ], [ 81.073689013000035, 28.866413145000024 ], [ 81.074590701000034, 28.864799583000035 ], [ 81.076403202000051, 28.863684020000051 ], [ 81.080973951000033, 28.863694896000027 ], [ 81.090871702000072, 28.862792958000057 ], [ 81.091972014000078, 28.861542333000045 ], [ 81.094367826000052, 28.855959146000032 ], [ 81.099466451000069, 28.850536333000036 ], [ 81.103496014000029, 28.845170583000026 ], [ 81.105433951000066, 28.845205208000039 ], [ 81.10835357600007, 28.847955333000073 ], [ 81.11405757700004, 28.84969458300003 ], [ 81.120155451000073, 28.850632333000078 ], [ 81.124112639000032, 28.850718958000073 ], [ 81.127226263000068, 28.85127783300004 ], [ 81.128467888000046, 28.852607771000066 ], [ 81.129268264000075, 28.857669646000033 ], [ 81.128694763000055, 28.861726584000053 ], [ 81.130783014000031, 28.865149333000033 ], [ 81.136962888000085, 28.871121771000048 ], [ 81.138663638000082, 28.872166895000078 ], [ 81.142311076000055, 28.87314445800007 ], [ 81.144581389000052, 28.873117146000027 ], [ 81.146143639000059, 28.872359771000049 ], [ 81.146715952000079, 28.870870145000026 ], [ 81.146541326000033, 28.864896208000062 ], [ 81.146796576000042, 28.862369146000049 ], [ 81.150906951000081, 28.852625146000037 ], [ 81.153526139000064, 28.848983083000064 ], [ 81.156107014000042, 28.847714458000041 ], [ 81.158933389000083, 28.845355833000042 ], [ 81.159419577000051, 28.843807583000057 ], [ 81.154834764000043, 28.833493521000037 ], [ 81.154381264000051, 28.830910896000034 ], [ 81.15540601400005, 28.829732021000041 ], [ 81.158136076000062, 28.82852633300007 ], [ 81.164958202000037, 28.833725271000048 ], [ 81.167994327000031, 28.835061646000042 ], [ 81.170517264000068, 28.835308896000072 ], [ 81.175846139000043, 28.834909458000027 ], [ 81.177406327000085, 28.833431958000062 ], [ 81.177852201000064, 28.831601708000051 ], [ 81.179822451000064, 28.82802545800007 ], [ 81.183513264000055, 28.824977020000063 ], [ 81.18872632700004, 28.823009270000057 ], [ 81.197344514000065, 28.821178520000046 ], [ 81.200027513000066, 28.819681083000035 ], [ 81.202803264000067, 28.817341833000057 ], [ 81.205135452000036, 28.816663771000037 ], [ 81.206789014000037, 28.817439583000066 ], [ 81.208772889000045, 28.820340145000046 ], [ 81.209320139000056, 28.822256958000025 ], [ 81.208414202000085, 28.825161958000024 ], [ 81.206869889000075, 28.827086521000069 ], [ 81.203686201000039, 28.829191708000053 ], [ 81.198035763000064, 28.831920958000069 ], [ 81.196927638000034, 28.832964958000048 ], [ 81.198216827000067, 28.83824227100007 ], [ 81.200095888000078, 28.842205708000051 ], [ 81.201047826000035, 28.846184020000067 ], [ 81.20090726400008, 28.848548583000024 ], [ 81.201734514000066, 28.851455458000032 ], [ 81.200390576000075, 28.857420271000024 ], [ 81.200485576000062, 28.860170271000072 ], [ 81.201962639000044, 28.862586584000042 ], [ 81.204093451000062, 28.863612146000037 ], [ 81.206360076000067, 28.863286083000048 ], [ 81.209566514000073, 28.860345958000039 ], [ 81.210012764000055, 28.857161958000063 ], [ 81.20771357600006, 28.855202771000052 ], [ 81.206991326000036, 28.852848583000025 ], [ 81.207583388000046, 28.850792333000072 ], [ 81.21027545100003, 28.847103958000048 ], [ 81.212485951000076, 28.84488052100005 ], [ 81.21547195100004, 28.842888146000064 ], [ 81.220463951000056, 28.841688896000051 ], [ 81.22604988900008, 28.838796396000077 ], [ 81.227439827000069, 28.837275770000076 ], [ 81.228099139000051, 28.835122271000046 ], [ 81.232167826000079, 28.833310458000028 ], [ 81.235476701000039, 28.829383708000023 ], [ 81.232531514000073, 28.827626771000041 ], [ 81.231355952000058, 28.825939020000078 ], [ 81.231151951000072, 28.818128770000044 ], [ 81.232745702000045, 28.815495521000059 ], [ 81.237287327000047, 28.813642083000047 ], [ 81.242580702000055, 28.812328646000026 ], [ 81.243995451000046, 28.81029783300005 ], [ 81.241618702000039, 28.804097895000041 ], [ 81.240806014000043, 28.802966833000028 ], [ 81.23094926400006, 28.799552458000051 ], [ 81.227838576000067, 28.796951958000079 ], [ 81.22763532700003, 28.795061708000048 ], [ 81.229494826000064, 28.791126208000037 ], [ 81.232806201000074, 28.78725808300004 ], [ 81.234716889000083, 28.785747646000061 ], [ 81.238482826000052, 28.784152833000064 ], [ 81.242239014000063, 28.783647520000045 ], [ 81.247425077000059, 28.781896458000062 ], [ 81.248987451000062, 28.780497021000031 ], [ 81.250746201000084, 28.776491458000066 ], [ 81.252464639000038, 28.770444145000056 ], [ 81.252216763000035, 28.768524708000029 ], [ 81.250928201000079, 28.765341458000023 ], [ 81.249247639000032, 28.76363445800007 ], [ 81.248746639000046, 28.761571083000035 ], [ 81.25277376400004, 28.754725333000067 ], [ 81.256759201000079, 28.753046020000056 ], [ 81.25753732700008, 28.752162396000074 ], [ 81.261286077000079, 28.750061583000047 ], [ 81.262828014000036, 28.745774208000057 ], [ 81.26167913900008, 28.741158208000058 ], [ 81.260355576000052, 28.73825933300003 ], [ 81.25810901400007, 28.734798333000072 ], [ 81.257848076000073, 28.729878208000059 ], [ 81.25930532600006, 28.729182833000038 ], [ 81.262487389000057, 28.728806646000066 ], [ 81.269165202000067, 28.728935708000051 ], [ 81.272217889000046, 28.728537021000079 ], [ 81.274006326000062, 28.727269958000079 ], [ 81.274929264000036, 28.724407333000045 ], [ 81.274994076000041, 28.717636646000074 ], [ 81.272088202000077, 28.71158708300004 ], [ 81.268758889000082, 28.706163271000037 ], [ 81.268239264000044, 28.704108958000063 ], [ 81.269506326000055, 28.702739208000025 ], [ 81.273382514000048, 28.701966645000027 ], [ 81.276000327000077, 28.699515708000035 ], [ 81.280077326000082, 28.69805208300005 ], [ 81.28208326400005, 28.696285895000074 ], [ 81.283454514000084, 28.693079333000071 ], [ 81.283395889000076, 28.69032020800006 ], [ 81.284625514000084, 28.686132583000074 ], [ 81.28613038900005, 28.682524083000033 ], [ 81.286997202000066, 28.675749333000056 ], [ 81.287065014000063, 28.673202020000076 ], [ 81.287165639000079, 28.669966521000049 ], [ 81.288163764000046, 28.665912396000067 ], [ 81.289162888000078, 28.663417270000025 ], [ 81.289751638000041, 28.653789083000049 ], [ 81.289420201000041, 28.649065395000036 ], [ 81.28804251400004, 28.645384020000051 ], [ 81.283402764000073, 28.638907458000062 ], [ 81.278853639000033, 28.635523708000051 ], [ 81.274178326000083, 28.631438333000062 ], [ 81.272431827000048, 28.629508333000047 ], [ 81.272324576000074, 28.625600896000037 ], [ 81.271547514000076, 28.623233520000042 ], [ 81.271320514000081, 28.619730145000062 ], [ 81.270518264000032, 28.617746333000071 ], [ 81.266759576000084, 28.615226895000035 ], [ 81.26464788800007, 28.614590270000065 ], [ 81.262310889000048, 28.613053895000064 ], [ 81.258818514000041, 28.608225645000061 ], [ 81.255331139000077, 28.601865458000077 ], [ 81.251764639000044, 28.595940646000031 ], [ 81.250056389000065, 28.593834270000059 ], [ 81.24610126400006, 28.590493458000026 ], [ 81.242149889000075, 28.585622646000047 ], [ 81.233444951000081, 28.576872708000053 ], [ 81.23081826400005, 28.575234708000039 ], [ 81.227228077000063, 28.571782083000073 ], [ 81.220751764000056, 28.566838208000036 ], [ 81.21276857600003, 28.562386020000076 ], [ 81.206314514000042, 28.558393521000028 ], [ 81.199693513000057, 28.552995332000023 ], [ 81.19444251300007, 28.548152208000033 ], [ 81.190999451000039, 28.545422583000061 ], [ 81.186215202000085, 28.540743145000079 ], [ 81.177848826000059, 28.531499521000057 ], [ 81.169159576000084, 28.523198833000038 ], [ 81.16969251300003, 28.521569145000058 ], [ 81.168962639000085, 28.519850833000078 ], [ 81.165571638000074, 28.515908958000068 ], [ 81.164493077000031, 28.513304395000034 ], [ 81.163616514000068, 28.505803583000045 ], [ 81.161880763000056, 28.501338333000035 ], [ 81.159078327000032, 28.500969458000043 ], [ 81.157004327000038, 28.501833708000049 ], [ 81.154478514000061, 28.501762145000043 ], [ 81.152976889000058, 28.501055395000037 ], [ 81.149013826000044, 28.498110957000051 ], [ 81.149841826000056, 28.496864645000073 ], [ 81.148201264000079, 28.495311896000032 ], [ 81.144158701000038, 28.493822645000023 ], [ 81.140404639000053, 28.491353770000046 ], [ 81.136737638000056, 28.487718270000073 ], [ 81.134356701000058, 28.484629645000041 ], [ 81.131655826000042, 28.482098582000049 ], [ 81.124542202000043, 28.476949833000049 ], [ 81.122776639000051, 28.475225458000068 ], [ 81.118191764000073, 28.473480958000039 ], [ 81.116538201000083, 28.472451270000079 ], [ 81.113665326000046, 28.468967895000048 ], [ 81.113387326000066, 28.466578770000069 ], [ 81.112190701000031, 28.462579520000077 ], [ 81.10950770200003, 28.460842145000072 ], [ 81.100617951000061, 28.459283207000055 ], [ 81.097203139000044, 28.459691771000053 ], [ 81.094292951000057, 28.458741708000048 ], [ 81.092336576000037, 28.456843333000052 ], [ 81.09078157600004, 28.453326958000048 ], [ 81.091025952000052, 28.449879270000054 ], [ 81.089552264000076, 28.44608983300003 ], [ 81.08936888900007, 28.444278208000071 ], [ 81.087563514000067, 28.438291333000052 ], [ 81.086689076000084, 28.437213458000031 ], [ 81.077973701000076, 28.432304645000045 ], [ 81.071508139000059, 28.427017395000064 ], [ 81.067298576000042, 28.422396520000063 ], [ 81.06624757600008, 28.420718395000051 ], [ 81.064576326000065, 28.416157082000041 ], [ 81.063065513000083, 28.414129458000048 ], [ 81.060892952000074, 28.408390583000028 ], [ 81.061590951000085, 28.406788333000065 ], [ 81.066248139000038, 28.403108520000046 ], [ 81.068807452000044, 28.399495020000074 ], [ 81.069272826000031, 28.396568457000058 ], [ 81.069078764000039, 28.39437552000004 ], [ 81.058922076000044, 28.401683708000064 ], [ 81.04769095100005, 28.409934645000078 ], [ 81.036574389000066, 28.413295333000065 ], [ 81.034070639000049, 28.398682333000068 ], [ 81.022760138000081, 28.41027045800007 ], [ 81.018491014000062, 28.415699583000048 ], [ 81.035516638000047, 28.427857270000061 ], [ 81.031328139000038, 28.438487396000028 ], [ 81.02095401400004, 28.431616896000037 ], [ 81.015660639000032, 28.437064208000038 ], [ 81.014853951000077, 28.438751895000053 ], [ 81.019206014000076, 28.451571208000075 ], [ 81.017807014000084, 28.451767708000034 ], [ 81.001450451000039, 28.453939333000051 ] ] ] } },
{ "type": "Feature", "properties": { "DISTRICT": "KANCHANPUR", "STATE_CODE": 7, "PR_NAME": "Sudurpashchim Province" }, "geometry": { "type": "Polygon", "coordinates": [ [ [ 80.539797951000082, 28.71325283300007 ], [ 80.540597264000041, 28.710570833000077 ], [ 80.543675264000058, 28.70741595800007 ], [ 80.54370738800003, 28.705983395000032 ], [ 80.542284076000044, 28.702937396000038 ], [ 80.545525763000057, 28.700992270000029 ], [ 80.544481451000081, 28.698394271000041 ], [ 80.544531514000084, 28.696140583000044 ], [ 80.546294389000082, 28.695580208000024 ], [ 80.55032282600007, 28.695176270000047 ], [ 80.55193913800008, 28.694385270000055 ], [ 80.555889535000063, 28.690691750000042 ], [ 80.551769638000053, 28.691530707000027 ], [ 80.541526951000037, 28.690593958000079 ], [ 80.53243320100006, 28.685443771000052 ], [ 80.518310388000032, 28.677215895000074 ], [ 80.507831826000086, 28.670946895000043 ], [ 80.505206139000052, 28.665168458000039 ], [ 80.506526326000085, 28.658084583000061 ], [ 80.512094639000054, 28.62968002100007 ], [ 80.512977701000068, 28.626177208000058 ], [ 80.51300763900008, 28.623700083000074 ], [ 80.516497826000034, 28.615872583000055 ], [ 80.519342264000045, 28.599676958000032 ], [ 80.519778826000049, 28.597767583000063 ], [ 80.52201720100004, 28.583728833000066 ], [ 80.52340076400003, 28.576694583000062 ], [ 80.527291514000069, 28.573199896000062 ], [ 80.53165901300008, 28.57475370800006 ], [ 80.53223076300003, 28.571599332000062 ], [ 80.526871201000063, 28.55897120800006 ], [ 80.524458264000032, 28.552756145000046 ], [ 80.521587701000044, 28.55422608300006 ], [ 80.52088176400008, 28.552678145000073 ], [ 80.519052701000078, 28.551988020000067 ], [ 80.517118076000031, 28.556935645000067 ], [ 80.512466763000077, 28.562225458000057 ], [ 80.509088014000042, 28.567095582000036 ], [ 80.506710888000043, 28.568948270000078 ], [ 80.501471826000056, 28.569648832000041 ], [ 80.497246701000051, 28.574700520000079 ], [ 80.493353139000078, 28.577776957000026 ], [ 80.490420701000062, 28.579654333000065 ], [ 80.485410013000035, 28.582017895000035 ], [ 80.483139764000043, 28.585048270000073 ], [ 80.480782701000066, 28.585436333000075 ], [ 80.47743001300006, 28.583106395000073 ], [ 80.473287326000047, 28.582587271000079 ], [ 80.470499264000068, 28.582784020000076 ], [ 80.470144264000055, 28.58392870800003 ], [ 80.472667326000078, 28.584536395000043 ], [ 80.472817388000067, 28.587711333000072 ], [ 80.473426200000063, 28.590179646000024 ], [ 80.47054307500008, 28.594640083000058 ], [ 80.467864076000069, 28.60070758300003 ], [ 80.464214576000074, 28.61250620800007 ], [ 80.461980075000042, 28.613735958000063 ], [ 80.462363201000073, 28.614560958000027 ], [ 80.465310951000049, 28.616260208000028 ], [ 80.464159389000031, 28.617151333000038 ], [ 80.462226201000078, 28.621576895000032 ], [ 80.457933389000061, 28.623545208000053 ], [ 80.455557576000047, 28.626827333000051 ], [ 80.453303638000079, 28.628580271000033 ], [ 80.450982951000071, 28.629022145000079 ], [ 80.446042576000082, 28.628264270000045 ], [ 80.443750826000041, 28.628787333000048 ], [ 80.441612264000071, 28.630926333000048 ], [ 80.441161826000041, 28.632866958000079 ], [ 80.43972713800008, 28.634983958000078 ], [ 80.434080951000055, 28.637225708000074 ], [ 80.428049638000061, 28.637599708000039 ], [ 80.425673889000052, 28.637059457000078 ], [ 80.421958076000067, 28.637743083000032 ], [ 80.420102264000036, 28.638978270000052 ], [ 80.41638907600003, 28.639117957000053 ], [ 80.406288826000036, 28.634814583000036 ], [ 80.388705888000061, 28.630580708000025 ], [ 80.386891701000081, 28.629681396000024 ], [ 80.385110951000058, 28.630605083000034 ], [ 80.380920263000064, 28.629679021000072 ], [ 80.378038013000037, 28.628280520000033 ], [ 80.375445889000048, 28.629978833000052 ], [ 80.373907639000038, 28.628967770000031 ], [ 80.372452451000072, 28.630019146000052 ], [ 80.372599576000084, 28.632311958000059 ], [ 80.369259513000031, 28.635193271000048 ], [ 80.363807826000084, 28.634955708000064 ], [ 80.360928763000061, 28.636927520000029 ], [ 80.358978826000055, 28.64028664500006 ], [ 80.359260951000067, 28.642368083000065 ], [ 80.362408013000049, 28.644889458000023 ], [ 80.360282951000045, 28.646215020000056 ], [ 80.357909326000083, 28.646510645000035 ], [ 80.356120013000066, 28.647709145000078 ], [ 80.355045576000066, 28.650255645000072 ], [ 80.349004013000069, 28.654292208000072 ], [ 80.338953951000065, 28.660650770000075 ], [ 80.327593639000042, 28.666304895000053 ], [ 80.327638576000084, 28.66977945800005 ], [ 80.326710139000056, 28.672457333000068 ], [ 80.322927701000083, 28.681232583000053 ], [ 80.324023701000044, 28.683814458000029 ], [ 80.324355326000045, 28.686406083000065 ], [ 80.323599639000065, 28.691376895000076 ], [ 80.322384076000048, 28.694881208000027 ], [ 80.321014201000082, 28.697310896000033 ], [ 80.318974076000075, 28.69979358300003 ], [ 80.317492951000077, 28.70075620800003 ], [ 80.310055201000068, 28.704418458000077 ], [ 80.307179576000067, 28.705430146000026 ], [ 80.300603638000041, 28.706377770000074 ], [ 80.298570513000072, 28.70968814500003 ], [ 80.295342076000054, 28.711279958000034 ], [ 80.292122888000051, 28.711488708000047 ], [ 80.285533451000049, 28.710400521000054 ], [ 80.279719263000061, 28.709719958000051 ], [ 80.276894201000061, 28.711087833000079 ], [ 80.268580576000033, 28.720829770000023 ], [ 80.266089201000057, 28.722363958000074 ], [ 80.263657951000084, 28.724893270000052 ], [ 80.257887264000033, 28.729340020000052 ], [ 80.261495514000046, 28.731132896000076 ], [ 80.263974826000037, 28.733273895000025 ], [ 80.266222951000032, 28.737802645000045 ], [ 80.266759764000085, 28.743490708000024 ], [ 80.265340451000043, 28.746993395000061 ], [ 80.263623452000047, 28.748937770000055 ], [ 80.261223327000039, 28.751627395000071 ], [ 80.257653701000038, 28.754463958000031 ], [ 80.252285701000062, 28.75777327000003 ], [ 80.250545264000039, 28.757610208000074 ], [ 80.247553577000076, 28.756003083000053 ], [ 80.243154326000081, 28.756113895000055 ], [ 80.23887826400005, 28.757026082000039 ], [ 80.236469077000038, 28.759178270000064 ], [ 80.234140764000074, 28.759131271000058 ], [ 80.226754577000065, 28.75719639600004 ], [ 80.22281120100007, 28.756842145000064 ], [ 80.217738014000076, 28.755342020000057 ], [ 80.205455138000048, 28.762886583000068 ], [ 80.173010264000084, 28.782059521000065 ], [ 80.171459764000076, 28.78338558300004 ], [ 80.160531264000042, 28.793941521000079 ], [ 80.140139701000066, 28.813821333000078 ], [ 80.132092139000065, 28.819617270000037 ], [ 80.119788014000051, 28.828764395000064 ], [ 80.108854139000073, 28.827724833000048 ], [ 80.103082326000049, 28.827179021000063 ], [ 80.097749014000044, 28.826405770000065 ], [ 80.081254576000049, 28.824695021000025 ], [ 80.076650701000062, 28.824327458000027 ], [ 80.066412951000075, 28.83731883300004 ], [ 80.06433295100004, 28.863028770000028 ], [ 80.06323788900005, 28.879013333000046 ], [ 80.062718702000041, 28.884629208000035 ], [ 80.060924826000075, 28.908184271000039 ], [ 80.060147827000037, 28.91637670800003 ], [ 80.064886951000062, 28.923836146000042 ], [ 80.077723764000041, 28.943672833000051 ], [ 80.097734639000066, 28.97526477100007 ], [ 80.101919388000056, 28.986430145000043 ], [ 80.109764326000061, 28.984350458000051 ], [ 80.119613764000064, 28.981649583000035 ], [ 80.128483576000065, 29.006001083000058 ], [ 80.137266326000031, 29.007253396000067 ], [ 80.137954889000071, 29.009556584000052 ], [ 80.126246514000059, 29.013033958000051 ], [ 80.133030639000083, 29.030367083000044 ], [ 80.128118326000049, 29.031686583000067 ], [ 80.134587263000071, 29.049389771000051 ], [ 80.138158077000071, 29.05886483300003 ], [ 80.130172764000065, 29.061037646000045 ], [ 80.131747388000065, 29.064909896000074 ], [ 80.140852389000031, 29.08914020800006 ], [ 80.14422376400006, 29.098408583000037 ], [ 80.146052076000046, 29.102983834000042 ], [ 80.146844701000077, 29.103823583000064 ], [ 80.151657701000033, 29.106078395000054 ], [ 80.153822452000043, 29.108257709000043 ], [ 80.160183264000068, 29.112802646000034 ], [ 80.165598264000039, 29.116948896000054 ], [ 80.167572452000059, 29.120076521000044 ], [ 80.168219451000084, 29.124558458000024 ], [ 80.16945645100003, 29.125734646000069 ], [ 80.172724889000051, 29.126939208000067 ], [ 80.175424201000055, 29.126628709000045 ], [ 80.177976326000078, 29.127298584000073 ], [ 80.179780013000084, 29.128514271000029 ], [ 80.183903076000036, 29.136335708000047 ], [ 80.186049763000085, 29.137257834000025 ], [ 80.186929888000066, 29.135537520000071 ], [ 80.188021701000082, 29.131402334000029 ], [ 80.18844626300006, 29.128271521000045 ], [ 80.187914264000085, 29.122639896000067 ], [ 80.189068951000081, 29.117954646000044 ], [ 80.188659451000035, 29.115337583000041 ], [ 80.18997282600003, 29.112191833000054 ], [ 80.186990639000044, 29.108059021000031 ], [ 80.187399138000046, 29.10629289600007 ], [ 80.186481264000065, 29.102231271000051 ], [ 80.18685057600004, 29.099853583000026 ], [ 80.186622576000048, 29.096224708000079 ], [ 80.188098264000075, 29.091631646000053 ], [ 80.187413889000084, 29.088018084000055 ], [ 80.188121389000059, 29.086680146000049 ], [ 80.193125451000071, 29.085857584000053 ], [ 80.195154763000062, 29.082515271000034 ], [ 80.197924452000052, 29.081383583000047 ], [ 80.199406764000059, 29.078531959000031 ], [ 80.201584951000029, 29.077897521000068 ], [ 80.202815201000078, 29.076465583000072 ], [ 80.20446901400004, 29.076132396000048 ], [ 80.206179389000056, 29.074455146000048 ], [ 80.205746888000078, 29.071914770000035 ], [ 80.208211701000039, 29.070839708000051 ], [ 80.21273082600004, 29.06739445900007 ], [ 80.21254938900006, 29.061282146000053 ], [ 80.213118201000043, 29.060728271000073 ], [ 80.213126638000062, 29.057500146000052 ], [ 80.217074201000059, 29.057184833000065 ], [ 80.219359639000061, 29.056124333000071 ], [ 80.223601139000039, 29.056830271000024 ], [ 80.225285327000051, 29.055479646000038 ], [ 80.225541952000071, 29.053694458000052 ], [ 80.223709764000034, 29.052526646000047 ], [ 80.224050889000068, 29.050992208000025 ], [ 80.22933364000005, 29.045520521000071 ], [ 80.232781952000039, 29.045605708000039 ], [ 80.23623557600007, 29.047265458000027 ], [ 80.241773264000074, 29.048826271000053 ], [ 80.243432514000062, 29.049914021000063 ], [ 80.246793140000079, 29.050075021000055 ], [ 80.251250264000078, 29.052109958000074 ], [ 80.252869826000051, 29.052500270000053 ], [ 80.258380826000064, 29.052745083000048 ], [ 80.262976889000072, 29.051049146000025 ], [ 80.265417514000035, 29.052145333000055 ], [ 80.267815639000048, 29.051635083000065 ], [ 80.27019901400007, 29.049570334000066 ], [ 80.272976640000081, 29.048114583000029 ], [ 80.273935139000059, 29.045879521000074 ], [ 80.276532702000054, 29.047251709000079 ], [ 80.279421265000053, 29.04984802000007 ], [ 80.282072576000076, 29.04983745800007 ], [ 80.28401651300004, 29.049042396000061 ], [ 80.284774513000059, 29.052766458000065 ], [ 80.287181514000054, 29.054268146000027 ], [ 80.291404826000075, 29.054601834000039 ], [ 80.295208264000053, 29.056974770000068 ], [ 80.299810701000069, 29.057409459000041 ], [ 80.30288351400003, 29.058465458000057 ], [ 80.303955639000037, 29.057773896000072 ], [ 80.307216826000058, 29.057405021000079 ], [ 80.309505326000078, 29.058064208000076 ], [ 80.311934139000073, 29.056350958000053 ], [ 80.314630513000054, 29.058192021000025 ], [ 80.317080388000079, 29.054680771000051 ], [ 80.320212639000033, 29.054279271000041 ], [ 80.324046889000044, 29.053012771000056 ], [ 80.326576639000052, 29.051315458000033 ], [ 80.330593264000072, 29.053345583000066 ], [ 80.33736676400008, 29.052192646000037 ], [ 80.338978639000061, 29.053488646000062 ], [ 80.341987264000068, 29.05463364600007 ], [ 80.344278451000037, 29.054189146000056 ], [ 80.34550601400008, 29.053847771000051 ], [ 80.349830889000032, 29.054035709000061 ], [ 80.353407701000037, 29.052151208000055 ], [ 80.356152576000056, 29.049283583000033 ], [ 80.355615826000076, 29.045892583000068 ], [ 80.356932513000061, 29.044511458000045 ], [ 80.361196451000069, 29.047654021000028 ], [ 80.367003451000073, 29.046948334000035 ], [ 80.374242138000056, 29.044521021000037 ], [ 80.37553888900004, 29.044800021000071 ], [ 80.379184889000044, 29.043458895000072 ], [ 80.380541513000082, 29.043595958000026 ], [ 80.384866138000064, 29.047333645000037 ], [ 80.388402638000059, 29.047410709000076 ], [ 80.39082751400008, 29.046000521000053 ], [ 80.392463264000071, 29.043533146000073 ], [ 80.393553014000076, 29.040864771000031 ], [ 80.397182139000051, 29.039150770000049 ], [ 80.399881201000085, 29.037044521000041 ], [ 80.402886826000042, 29.036254771000074 ], [ 80.406754764000084, 29.036335084000029 ], [ 80.410873201000072, 29.03337758300006 ], [ 80.411809576000053, 29.032131896000067 ], [ 80.416860451000048, 29.032605084000068 ], [ 80.417134076000082, 29.030167583000036 ], [ 80.419575888000054, 29.027656021000041 ], [ 80.421957138000039, 29.026430021000067 ], [ 80.424979514000086, 29.026923521000072 ], [ 80.428028389000076, 29.026458208000065 ], [ 80.434893514000066, 29.028763583000057 ], [ 80.440686326000048, 29.032259708000026 ], [ 80.442234326000062, 29.031650271000046 ], [ 80.443432889000064, 29.033250209000073 ], [ 80.44525507600008, 29.03429777100007 ], [ 80.449119326000073, 29.034703958000023 ], [ 80.451278013000035, 29.034085646000051 ], [ 80.454409388000045, 29.035276021000072 ], [ 80.456951389000039, 29.035119396000027 ], [ 80.459197076000066, 29.037127209000062 ], [ 80.461072263000062, 29.037466395000024 ], [ 80.46214395100003, 29.036748771000077 ], [ 80.462718264000046, 29.034402583000031 ], [ 80.462562263000052, 29.031509834000076 ], [ 80.465640951000069, 29.029857271000026 ], [ 80.469811513000082, 29.029824083000051 ], [ 80.471098638000058, 29.026659521000056 ], [ 80.470186951000073, 29.023423083000068 ], [ 80.471391013000073, 29.021167333000051 ], [ 80.470592013000044, 29.018732271000033 ], [ 80.472548326000037, 29.018392521000067 ], [ 80.476387326000065, 29.019255771000076 ], [ 80.478621451000038, 29.018858396000041 ], [ 80.479916701000036, 29.017638458000079 ], [ 80.479368826000041, 29.01517952100005 ], [ 80.47745251300006, 29.012501021000048 ], [ 80.47675520100006, 29.009797896000066 ], [ 80.478360639000073, 29.007545896000067 ], [ 80.476753638000048, 29.004877584000042 ], [ 80.474706638000043, 29.004057458000034 ], [ 80.474376076000055, 29.001994209000031 ], [ 80.474973014000057, 28.999999958000046 ], [ 80.473455889000036, 28.996774771000048 ], [ 80.476633014000072, 28.994693583000071 ], [ 80.478882451000061, 28.993948833000047 ], [ 80.481392826000047, 28.993872896000028 ], [ 80.48323920100006, 28.996756333000064 ], [ 80.487354888000084, 28.998168521000025 ], [ 80.485900951000076, 28.99650708300004 ], [ 80.485462638000058, 28.99427195800007 ], [ 80.489173514000072, 28.989192083000034 ], [ 80.491204389000075, 28.985680458000047 ], [ 80.491546951000032, 28.982929458000058 ], [ 80.490503200000035, 28.980197958000076 ], [ 80.490044639000075, 28.977448458000026 ], [ 80.487505326000075, 28.97403220800004 ], [ 80.487004263000074, 28.972045021000042 ], [ 80.485290451000083, 28.970078021000063 ], [ 80.48498401300003, 28.967863708000039 ], [ 80.483875576000059, 28.965113958000074 ], [ 80.483326326000054, 28.95961402000006 ], [ 80.481462513000054, 28.95609870800007 ], [ 80.478799388000084, 28.953248083000062 ], [ 80.474274889000071, 28.947455145000049 ], [ 80.47336651300003, 28.943860020000045 ], [ 80.469817889000069, 28.938580583000032 ], [ 80.472285826000075, 28.938716646000046 ], [ 80.476290763000065, 28.93965270800004 ], [ 80.478023201000042, 28.937874959000055 ], [ 80.480534888000079, 28.937778646000027 ], [ 80.483306326000047, 28.936765083000068 ], [ 80.484996076000073, 28.931984270000044 ], [ 80.486251951000042, 28.931104708000078 ], [ 80.489305076000051, 28.926782521000064 ], [ 80.48952213900003, 28.924489021000056 ], [ 80.492292826000039, 28.925769646000049 ], [ 80.49580013800005, 28.923091396000075 ], [ 80.497272201000044, 28.922862271000042 ], [ 80.503537326000071, 28.924083458000041 ], [ 80.507248638000078, 28.925234083000078 ], [ 80.509762138000042, 28.923115834000043 ], [ 80.512121389000072, 28.921741458000042 ], [ 80.512519201000032, 28.919200458000034 ], [ 80.511702326000034, 28.918073959000026 ], [ 80.507673451000073, 28.915106146000028 ], [ 80.505133638000075, 28.912540770000078 ], [ 80.504549076000046, 28.906857958000046 ], [ 80.505842889000064, 28.901385083000037 ], [ 80.508592576000069, 28.899285708000036 ], [ 80.509486888000083, 28.896780333000038 ], [ 80.508657201000062, 28.893257896000023 ], [ 80.507173826000042, 28.891416083000024 ], [ 80.505351826000037, 28.887680146000037 ], [ 80.50530038900007, 28.884004896000079 ], [ 80.50578351300004, 28.88171002100006 ], [ 80.507114326000078, 28.879384458000061 ], [ 80.506487701000083, 28.877532208000048 ], [ 80.504557264000084, 28.874863271000038 ], [ 80.503985263000061, 28.872690583000065 ], [ 80.502587388000052, 28.870467771000051 ], [ 80.503928576000078, 28.868361083000025 ], [ 80.503556951000064, 28.865605084000038 ], [ 80.50419151300008, 28.864267333000043 ], [ 80.503141639000035, 28.862923395000053 ], [ 80.501394013000038, 28.862666521000051 ], [ 80.500091014000077, 28.860346958000036 ], [ 80.500687201000062, 28.85826458300005 ], [ 80.498851451000064, 28.85742758300006 ], [ 80.498050951000039, 28.855615271000033 ], [ 80.498781576000056, 28.854031958000064 ], [ 80.501000513000065, 28.853022708000026 ], [ 80.502005638000071, 28.85109527000003 ], [ 80.501954701000045, 28.848877395000045 ], [ 80.502738201000057, 28.847867333000067 ], [ 80.504770388000054, 28.847437146000061 ], [ 80.503948263000041, 28.844237333000024 ], [ 80.505156388000046, 28.840875708000056 ], [ 80.507702013000085, 28.841232459000025 ], [ 80.509657701000037, 28.839195646000064 ], [ 80.507266638000033, 28.838264208000055 ], [ 80.507298076000041, 28.836678271000039 ], [ 80.509442888000081, 28.835481395000045 ], [ 80.508830638000063, 28.83320283300003 ], [ 80.510719325000082, 28.831623646000025 ], [ 80.513355639000054, 28.831236146000037 ], [ 80.514986326000042, 28.832771583000067 ], [ 80.516332639000041, 28.835016708000069 ], [ 80.517977264000081, 28.834393146000025 ], [ 80.519826263000084, 28.832143708000046 ], [ 80.520191326000031, 28.829087958000059 ], [ 80.51895120100005, 28.827226895000024 ], [ 80.517723950000061, 28.826741958000071 ], [ 80.516013889000078, 28.82409627100003 ], [ 80.516129326000055, 28.822948333000056 ], [ 80.518053764000058, 28.822440895000057 ], [ 80.519647826000039, 28.819599395000068 ], [ 80.518854951000037, 28.81869864600003 ], [ 80.516177388000074, 28.818858333000037 ], [ 80.513592451000079, 28.817488646000072 ], [ 80.51271870100004, 28.815057958000068 ], [ 80.515282826000032, 28.812391521000052 ], [ 80.519118263000053, 28.810516896000024 ], [ 80.521623826000052, 28.810870958000066 ], [ 80.525227638000047, 28.807711708000056 ], [ 80.526532763000034, 28.806017458000042 ], [ 80.530874013000073, 28.802249208000035 ], [ 80.533093826000083, 28.799105208000071 ], [ 80.532825326000079, 28.796561646000043 ], [ 80.537414513000044, 28.795032083000024 ], [ 80.539826639000069, 28.796037458000058 ], [ 80.540723326000034, 28.794168021000075 ], [ 80.540050576000056, 28.79317302100003 ], [ 80.540204638000034, 28.790224896000041 ], [ 80.542724388000067, 28.787756270000045 ], [ 80.54625463800005, 28.786249833000056 ], [ 80.547066763000032, 28.783809333000079 ], [ 80.548568576000037, 28.781698083000038 ], [ 80.550978076000035, 28.779535770000052 ], [ 80.551916138000081, 28.777783646000046 ], [ 80.551870014000031, 28.774115145000053 ], [ 80.550260201000071, 28.772040958000048 ], [ 80.546635451000043, 28.77102483300007 ], [ 80.543914138000048, 28.770799146000058 ], [ 80.540151326000057, 28.771445208000046 ], [ 80.537844826000082, 28.770419833000062 ], [ 80.537446514000067, 28.768124020000073 ], [ 80.538601389000064, 28.76622158300006 ], [ 80.540317951000077, 28.765049770000076 ], [ 80.541943888000048, 28.763203083000064 ], [ 80.542472639000039, 28.761219520000054 ], [ 80.542714513000078, 28.756252458000063 ], [ 80.546622575000072, 28.751807583000073 ], [ 80.549281201000042, 28.750623020000035 ], [ 80.552215513000078, 28.750698208000074 ], [ 80.556881388000079, 28.754950520000079 ], [ 80.558484951000082, 28.753223083000023 ], [ 80.557304201000079, 28.751590333000024 ], [ 80.554092139000034, 28.749411646000055 ], [ 80.553208201000075, 28.74573358300006 ], [ 80.551715951000062, 28.743950896000058 ], [ 80.548480888000086, 28.741835145000039 ], [ 80.545313951000082, 28.740495708000026 ], [ 80.54151470100004, 28.740273083000034 ], [ 80.539848326000083, 28.73864302000004 ], [ 80.541397263000079, 28.73624102000008 ], [ 80.546071513000072, 28.734244395000076 ], [ 80.550518326000031, 28.734498396000049 ], [ 80.552948826000033, 28.733225020000077 ], [ 80.555062389000057, 28.728965708000032 ], [ 80.557286201000068, 28.725509895000073 ], [ 80.561042076000035, 28.723038208000048 ], [ 80.560286451000081, 28.722106208000071 ], [ 80.55485701300006, 28.721395833000031 ], [ 80.552512139000044, 28.720052520000024 ], [ 80.551241514000083, 28.71808095800003 ], [ 80.552026638000029, 28.713339021000024 ], [ 80.551174264000053, 28.711948708000079 ], [ 80.548161076000042, 28.711433270000043 ], [ 80.544376451000062, 28.71508902000005 ], [ 80.541489139000078, 28.716507395000065 ], [ 80.540358138000045, 28.715955271000041 ], [ 80.539797951000082, 28.71325283300007 ] ] ] } }
]
}
