{"type":"Topology","objects":{"local_levels":{"geometries":[{"properties":{"STATE_CODE":3,"DISTRICT":"SINDHULI","GaPa_NaPa":"Dudhouli","Type_GN":"Nagarpalika","Province":"Bagmati"},"type":"Polygon","arcs":[[0,-4,-17,-11]],"id":228},{"properties":{"STATE_CODE":3,"DISTRICT":"SINDHULI","GaPa_NaPa":"Ghanglekh","Type_GN":"Gaunpalika","Province":"Bagmati"},"type":"Polygon","arcs":[[-16,-6,-7,-108,-129]],"id":229},{"properties":{"STATE_CODE":3,"DISTRICT":"SINDHULI","GaPa_NaPa":"Golanjor","Type_GN":"Gaunpalika","Province":"Bagmati"},"type":"Polygon","arcs":[[-32,-12,-19,-3,-14,-26]],"id":230},{"properties":{"STATE_CODE":3,"DISTRICT":"SINDHULI","GaPa_NaPa":"Hariharpurgadhi","Type_GN":"Gaunpalika","Province":"Bagmati"},"type":"Polygon","arcs":[[-110,-10,1,-301,-106]],"id":231},{"properties":{"STATE_CODE":3,"DISTRICT":"SINDHULI","GaPa_NaPa":"Kamalamai","Type_GN":"Nagarpalika","Province":"Bagmati"},"type":"Polygon","arcs":[[-15,2,-18,3,4,-8,5]],"id":232},{"properties":{"STATE_CODE":3,"DISTRICT":"SINDHULI","GaPa_NaPa":"Marin","Type_GN":"Gaunpalika","Province":"Bagmati"},"type":"Polygon","arcs":[[6,7,8,9,-109]],"id":233},{"properties":{"STATE_CODE":3,"DISTRICT":"SINDHULI","GaPa_NaPa":"Phikkal","Type_GN":"Gaunpalika","Province":"Bagmati"},"type":"Polygon","arcs":[[10,-20,11,-31,12]],"id":234},{"properties":{"STATE_CODE":3,"DISTRICT":"SINDHULI","GaPa_NaPa":"Sunkoshi","Type_GN":"Gaunpalika","Province":"Bagmati"},"type":"Polygon","arcs":[[-27,13,14,15,-128,-137,-21]],"id":235},{"properties":{"STATE_CODE":3,"DISTRICT":"SINDHULI","GaPa_NaPa":"Tinpatan","Type_GN":"Gaunpalika","Province":"Bagmati"},"type":"Polygon","arcs":[[16,17,18,19]],"id":236},{"properties":{"STATE_CODE":3,"DISTRICT":"RAMECHHAP","GaPa_NaPa":"Doramba","Type_GN":"Gaunpalika","Province":"Bagmati"},"type":"Polygon","arcs":[[-57,-55,-29,-22,-36,-101,-82]],"id":237},{"properties":{"STATE_CODE":3,"DISTRICT":"RAMECHHAP","GaPa_NaPa":"Gokulganga","Type_GN":"Gaunpalika","Province":"Bagmati"},"type":"Polygon","arcs":[[-39,-24,-60,-47]],"id":238},{"properties":{"STATE_CODE":3,"DISTRICT":"RAMECHHAP","GaPa_NaPa":"Khadadevi","Type_GN":"Gaunpalika","Province":"Bagmati"},"type":"Polygon","arcs":[[-28,20,-136,-35,21]],"id":239},{"properties":{"STATE_CODE":3,"DISTRICT":"RAMECHHAP","GaPa_NaPa":"Likhu Tamakoshi","Type_GN":"Gaunpalika","Province":"Bagmati"},"type":"Polygon","arcs":[[22,-34,-25,-61,23,-38]],"id":240},{"properties":{"STATE_CODE":3,"DISTRICT":"RAMECHHAP","GaPa_NaPa":"Manthali","Type_GN":"Nagarpalika","Province":"Bagmati"},"type":"Polygon","arcs":[[-62,24,-33,25,26,27,28,-54]],"id":241},{"properties":{"STATE_CODE":3,"DISTRICT":"RAMECHHAP","GaPa_NaPa":"Ramechhap","Type_GN":"Nagarpalika","Province":"Bagmati"},"type":"Polygon","arcs":[[29,30,31,32,33]],"id":242},{"properties":{"STATE_CODE":3,"DISTRICT":"RAMECHHAP","GaPa_NaPa":"Sunapati","Type_GN":"Gaunpalika","Province":"Bagmati"},"type":"Polygon","arcs":[[34,-135,-102,35]],"id":243},{"properties":{"STATE_CODE":3,"DISTRICT":"RAMECHHAP","GaPa_NaPa":"Umakunda","Type_GN":"Gaunpalika","Province":"Bagmati"},"type":"Polygon","arcs":[[36,37,38,-46,-42]],"id":244},{"properties":{"STATE_CODE":3,"DISTRICT":"DOLAKHA","GaPa_NaPa":"Baiteshwor","Type_GN":"Gaunpalika","Province":"Bagmati"},"type":"Polygon","arcs":[[-48,-65,-40,-51,-43]],"id":245},{"properties":{"STATE_CODE":3,"DISTRICT":"DOLAKHA","GaPa_NaPa":"Bhimeshwor","Type_GN":"Nagarpalika","Province":"Bagmati"},"type":"Polygon","arcs":[[-52,39,-58,-80,-93]],"id":246},{"properties":{"STATE_CODE":3,"DISTRICT":"DOLAKHA","GaPa_NaPa":"Bigu","Type_GN":"Gaunpalika","Province":"Bagmati"},"type":"Polygon","arcs":[[-44,-53,-66,-69,40]],"id":247},{"properties":{"STATE_CODE":3,"DISTRICT":"DOLAKHA","GaPa_NaPa":"Gaurishankar","Type_GN":"Gaunpalika","Province":"Bagmati"},"type":"Polygon","arcs":[[41,-49,42,-50,43,44]],"id":248},{"properties":{"STATE_CODE":3,"DISTRICT":"DOLAKHA","GaPa_NaPa":"Jiri","Type_GN":"Nagarpalika","Province":"Bagmati"},"type":"Polygon","arcs":[[45,46,-59,47,48]],"id":249},{"properties":{"STATE_CODE":3,"DISTRICT":"DOLAKHA","GaPa_NaPa":"Kalinchok","Type_GN":"Gaunpalika","Province":"Bagmati"},"type":"Polygon","arcs":[[49,50,51,-92,-67,52]],"id":250},{"properties":{"STATE_CODE":3,"DISTRICT":"DOLAKHA","GaPa_NaPa":"Melung","Type_GN":"Gaunpalika","Province":"Bagmati"},"type":"Polygon","arcs":[[-63,53,54,-56]],"id":251},{"properties":{"STATE_CODE":3,"DISTRICT":"DOLAKHA","GaPa_NaPa":"Sailung","Type_GN":"Gaunpalika","Province":"Bagmati"},"type":"Polygon","arcs":[[-64,55,56,-81,57]],"id":252},{"properties":{"STATE_CODE":3,"DISTRICT":"DOLAKHA","GaPa_NaPa":"Tamakoshi","Type_GN":"Gaunpalika","Province":"Bagmati"},"type":"Polygon","arcs":[[58,59,60,61,62,63,64]],"id":253},{"properties":{"STATE_CODE":3,"DISTRICT":"SINDHUPALCHOK","GaPa_NaPa":"Balefi","Type_GN":"Gaunpalika","Province":"Bagmati"},"type":"Polygon","arcs":[[-68,-96,-91,-72,-76]],"id":254},{"properties":{"STATE_CODE":3,"DISTRICT":"SINDHUPALCHOK","GaPa_NaPa":"Barhabise","Type_GN":"Nagarpalika","Province":"Bagmati"},"type":"Polygon","arcs":[[65,66,-97,67,-75,-70]],"id":255},{"properties":{"STATE_CODE":3,"DISTRICT":"SINDHUPALCHOK","GaPa_NaPa":"Bhotekoshi","Type_GN":"Gaunpalika","Province":"Bagmati"},"type":"Polygon","arcs":[[68,69,-74,70]],"id":256},{"properties":{"STATE_CODE":3,"DISTRICT":"SINDHUPALCHOK","GaPa_NaPa":"Chautara SangachokGadhi","Type_GN":"Nagarpalika","Province":"Bagmati"},"type":"Polygon","arcs":[[71,-90,-98,-113,-73,-77]],"id":257},{"properties":{"STATE_CODE":3,"DISTRICT":"SINDHUPALCHOK","GaPa_NaPa":"Helambu","Type_GN":"Gaunpalika","Province":"Bagmati"},"type":"Polygon","arcs":[[-88,-84,-200,-235,-238]],"id":258},{"properties":{"STATE_CODE":3,"DISTRICT":"SINDHUPALCHOK","GaPa_NaPa":"Indrawati","Type_GN":"Gaunpalika","Province":"Bagmati"},"type":"Polygon","arcs":[[-112,-83,-86,-78,72]],"id":259},{"properties":{"STATE_CODE":3,"DISTRICT":"SINDHUPALCHOK","GaPa_NaPa":"Jugal","Type_GN":"Gaunpalika","Province":"Bagmati"},"type":"Polygon","arcs":[[73,74,75,76,77,-85,-236,78]],"id":260},{"properties":{"STATE_CODE":3,"DISTRICT":"SINDHUPALCHOK","GaPa_NaPa":"Lisangkhu Pakhar","Type_GN":"Gaunpalika","Province":"Bagmati"},"type":"Polygon","arcs":[[79,80,81,-104,-100,-89,-94]],"id":261},{"properties":{"STATE_CODE":3,"DISTRICT":"SINDHUPALCHOK","GaPa_NaPa":"Melamchi","Type_GN":"Nagarpalika","Province":"Bagmati"},"type":"Polygon","arcs":[[82,-116,-193,-172,-226,-213,-201,83,-87]],"id":262},{"properties":{"STATE_CODE":3,"DISTRICT":"SINDHUPALCHOK","GaPa_NaPa":"Panchpokhari Thangpal","Type_GN":"Gaunpalika","Province":"Bagmati"},"type":"Polygon","arcs":[[84,85,86,87,-237]],"id":263},{"properties":{"STATE_CODE":3,"DISTRICT":"SINDHUPALCHOK","GaPa_NaPa":"Sunkoshi","Type_GN":"Gaunpalika","Province":"Bagmati"},"type":"Polygon","arcs":[[-95,88,-99,89,90]],"id":264},{"properties":{"STATE_CODE":3,"DISTRICT":"SINDHUPALCHOK","GaPa_NaPa":"Tripurasundari","Type_GN":"Gaunpalika","Province":"Bagmati"},"type":"Polygon","arcs":[[91,92,93,94,95,96]],"id":265},{"properties":{"STATE_CODE":3,"DISTRICT":"KABHREPALANCHOK","GaPa_NaPa":"Banepa","Type_GN":"Nagarpalika","Province":"Bagmati"},"type":"Polygon","arcs":[[-126,-105,-119,-163,-157,-115]],"id":266},{"properties":{"STATE_CODE":3,"DISTRICT":"KABHREPALANCHOK","GaPa_NaPa":"Bethanchowk","Type_GN":"Gaunpalika","Province":"Bagmati"},"type":"Polygon","arcs":[[-117,-132,-107,-151,-122]],"id":267},{"properties":{"STATE_CODE":3,"DISTRICT":"KABHREPALANCHOK","GaPa_NaPa":"Bhumlu","Type_GN":"Gaunpalika","Province":"Bagmati"},"type":"Polygon","arcs":[[97,98,99,-103,-141,-123,-114]],"id":268},{"properties":{"STATE_CODE":3,"DISTRICT":"KABHREPALANCHOK","GaPa_NaPa":"Chaurideurali","Type_GN":"Gaunpalika","Province":"Bagmati"},"type":"Polygon","arcs":[[100,101,-134,102,103]],"id":269},{"properties":{"STATE_CODE":3,"DISTRICT":"KABHREPALANCHOK","GaPa_NaPa":"Dhulikhel","Type_GN":"Nagarpalika","Province":"Bagmati"},"type":"Polygon","arcs":[[-125,-118,-120,104]],"id":270},{"properties":{"STATE_CODE":3,"DISTRICT":"KABHREPALANCHOK","GaPa_NaPa":"Khanikhola","Type_GN":"Gaunpalika","Province":"Bagmati"},"type":"Polygon","arcs":[[-131,-111,105,-300,-152,106]],"id":271},{"properties":{"STATE_CODE":3,"DISTRICT":"KABHREPALANCHOK","GaPa_NaPa":"Mahabharat","Type_GN":"Gaunpalika","Province":"Bagmati"},"type":"Polygon","arcs":[[107,108,109,110,-130]],"id":272},{"properties":{"STATE_CODE":3,"DISTRICT":"KABHREPALANCHOK","GaPa_NaPa":"Mandandeupur","Type_GN":"Nagarpalika","Province":"Bagmati"},"type":"Polygon","arcs":[[111,112,113,-127,114,-156,-189,115]],"id":273},{"properties":{"STATE_CODE":3,"DISTRICT":"KABHREPALANCHOK","GaPa_NaPa":"Namobuddha","Type_GN":"Nagarpalika","Province":"Bagmati"},"type":"Polygon","arcs":[[-139,-133,116,-121,117,-124]],"id":274},{"properties":{"STATE_CODE":3,"DISTRICT":"KABHREPALANCHOK","GaPa_NaPa":"Panauti","Type_GN":"Nagarpalika","Province":"Bagmati"},"type":"Polygon","arcs":[[118,119,120,121,-155,-144,-142,-148,-164]],"id":275},{"properties":{"STATE_CODE":3,"DISTRICT":"KABHREPALANCHOK","GaPa_NaPa":"Panchkhal","Type_GN":"Nagarpalika","Province":"Bagmati"},"type":"Polygon","arcs":[[122,-140,123,124,125,126]],"id":276},{"properties":{"STATE_CODE":3,"DISTRICT":"KABHREPALANCHOK","GaPa_NaPa":"Roshi","Type_GN":"Gaunpalika","Province":"Bagmati"},"type":"Polygon","arcs":[[-138,127,128,129,130,131,132]],"id":277},{"properties":{"STATE_CODE":3,"DISTRICT":"KABHREPALANCHOK","GaPa_NaPa":"Temal","Type_GN":"Gaunpalika","Province":"Bagmati"},"type":"Polygon","arcs":[[133,134,135,136,137,138,139,140]],"id":278},{"properties":{"STATE_CODE":3,"DISTRICT":"LALITPUR","GaPa_NaPa":"Bagmati","Type_GN":"Gaunpalika","Province":"Bagmati"},"type":"Polygon","arcs":[[-145,-153,-303,-304,-307,-314,-143]],"id":279},{"properties":{"STATE_CODE":3,"DISTRICT":"LALITPUR","GaPa_NaPa":"Godawari","Type_GN":"Nagarpalika","Province":"Bagmati"},"type":"Polygon","arcs":[[141,-146,142,-313,-169,-147,-149]],"id":280},{"properties":{"STATE_CODE":3,"DISTRICT":"LALITPUR","GaPa_NaPa":"Konjyosom","Type_GN":"Gaunpalika","Province":"Bagmati"},"type":"Polygon","arcs":[[143,-154,144,145]],"id":281},{"properties":{"STATE_CODE":3,"DISTRICT":"LALITPUR","GaPa_NaPa":"Lalitpur","Type_GN":"Mahanagarpalika","Province":"Bagmati"},"type":"Polygon","arcs":[[-150,146,-168,-183,-180]],"id":282},{"properties":{"STATE_CODE":3,"DISTRICT":"LALITPUR","GaPa_NaPa":"Mahalaxmi","Type_GN":"Nagarpalika","Province":"Bagmati"},"type":"Polygon","arcs":[[-179,-161,-165,147,148,149]],"id":283},{"properties":{"STATE_CODE":3,"DISTRICT":"LALITPUR","GaPa_NaPa":"Mahankal","Type_GN":"Gaunpalika","Province":"Bagmati"},"type":"Polygon","arcs":[[150,151,-299,152,153,154]],"id":284},{"properties":{"STATE_CODE":3,"DISTRICT":"BHAKTAPUR","GaPa_NaPa":"Bhaktapur","Type_GN":"Nagarpalika","Province":"Bagmati"},"type":"Polygon","arcs":[[-167,-160,-158]],"id":285},{"properties":{"STATE_CODE":3,"DISTRICT":"BHAKTAPUR","GaPa_NaPa":"Changunarayan","Type_GN":"Nagarpalika","Province":"Bagmati"},"type":"Polygon","arcs":[[155,156,-162,157,-159,-173,-190]],"id":286},{"properties":{"STATE_CODE":3,"DISTRICT":"BHAKTAPUR","GaPa_NaPa":"Madhyapur Thimi","Type_GN":"Nagarpalika","Province":"Bagmati"},"type":"Polygon","arcs":[[158,159,-166,160,-178,-174]],"id":287},{"properties":{"STATE_CODE":3,"DISTRICT":"BHAKTAPUR","GaPa_NaPa":"Suryabinayak","Type_GN":"Nagarpalika","Province":"Bagmati"},"type":"Polygon","arcs":[[161,162,163,164,165,166]],"id":288},{"properties":{"STATE_CODE":3,"DISTRICT":"KATHMANDU","GaPa_NaPa":"Budhanilakantha","Type_GN":"Nagarpalika","Province":"Bagmati"},"type":"Polygon","arcs":[[-171,-181,-196,-228]],"id":289},{"properties":{"STATE_CODE":3,"DISTRICT":"KATHMANDU","GaPa_NaPa":"Chandragiri","Type_GN":"Nagarpalika","Province":"Bagmati"},"type":"Polygon","arcs":[[-185,-170,-316,-331,-259,-188]],"id":290},{"properties":{"STATE_CODE":3,"DISTRICT":"KATHMANDU","GaPa_NaPa":"Dakshinkali","Type_GN":"Nagarpalika","Province":"Bagmati"},"type":"Polygon","arcs":[[167,168,-312,169,-184]],"id":291},{"properties":{"STATE_CODE":3,"DISTRICT":"KATHMANDU","GaPa_NaPa":"Gokarneshwor","Type_GN":"Nagarpalika","Province":"Bagmati"},"type":"Polygon","arcs":[[-192,-175,-176,170,-227,171]],"id":292},{"properties":{"STATE_CODE":3,"DISTRICT":"KATHMANDU","GaPa_NaPa":"Kageshwori Manahora","Type_GN":"Nagarpalika","Province":"Bagmati"},"type":"Polygon","arcs":[[-191,172,173,-177,174]],"id":293},{"properties":{"STATE_CODE":3,"DISTRICT":"KATHMANDU","GaPa_NaPa":"Kathmandu","Type_GN":"Mahanagarpalika","Province":"Bagmati"},"type":"Polygon","arcs":[[175,176,177,178,179,-182,-186,-194,-197,180]],"id":294},{"properties":{"STATE_CODE":3,"DISTRICT":"KATHMANDU","GaPa_NaPa":"Kirtipur","Type_GN":"Nagarpalika","Province":"Bagmati"},"type":"Polygon","arcs":[[181,182,183,184,-187]],"id":295},{"properties":{"STATE_CODE":3,"DISTRICT":"KATHMANDU","GaPa_NaPa":"Nagarjun","Type_GN":"Nagarpalika","Province":"Bagmati"},"type":"Polygon","arcs":[[185,186,187,-258,-195]],"id":296},{"properties":{"STATE_CODE":3,"DISTRICT":"KATHMANDU","GaPa_NaPa":"Shankharapur","Type_GN":"Nagarpalika","Province":"Bagmati"},"type":"Polygon","arcs":[[188,189,190,191,192]],"id":297},{"properties":{"STATE_CODE":3,"DISTRICT":"KATHMANDU","GaPa_NaPa":"Tarakeshwor","Type_GN":"Nagarpalika","Province":"Bagmati"},"type":"Polygon","arcs":[[-198,193,194,-257,-202,-230]],"id":298},{"properties":{"STATE_CODE":3,"DISTRICT":"KATHMANDU","GaPa_NaPa":"Tokha","Type_GN":"Nagarpalika","Province":"Bagmati"},"type":"Polygon","arcs":[[195,196,197,-229]],"id":299},{"properties":{"STATE_CODE":3,"DISTRICT":"NUWAKOT","GaPa_NaPa":"Belkotgadhi","Type_GN":"Nagarpalika","Province":"Bagmati"},"type":"Polygon","arcs":[[-203,-260,-291,-264,-224,-199,-206]],"id":300},{"properties":{"STATE_CODE":3,"DISTRICT":"NUWAKOT","GaPa_NaPa":"Bidur","Type_GN":"Nagarpalika","Province":"Bagmati"},"type":"Polygon","arcs":[[-253,-242,-219,-207,198,-223,-209,-204]],"id":301},{"properties":{"STATE_CODE":3,"DISTRICT":"NUWAKOT","GaPa_NaPa":"Dupcheshwar","Type_GN":"Gaunpalika","Province":"Bagmati"},"type":"Polygon","arcs":[[199,200,-212,-210,-220,-233]],"id":302},{"properties":{"STATE_CODE":3,"DISTRICT":"NUWAKOT","GaPa_NaPa":"Kakani","Type_GN":"Gaunpalika","Province":"Bagmati"},"type":"Polygon","arcs":[[-214,-231,201,-261,202,-205]],"id":303},{"properties":{"STATE_CODE":3,"DISTRICT":"NUWAKOT","GaPa_NaPa":"Kispang","Type_GN":"Gaunpalika","Province":"Bagmati"},"type":"Polygon","arcs":[[203,-208,-269,-254]],"id":304},{"properties":{"STATE_CODE":3,"DISTRICT":"NUWAKOT","GaPa_NaPa":"Likhu","Type_GN":"Gaunpalika","Province":"Bagmati"},"type":"Polygon","arcs":[[-218,-211,-215,204,205,206]],"id":305},{"properties":{"STATE_CODE":3,"DISTRICT":"NUWAKOT","GaPa_NaPa":"Meghang","Type_GN":"Gaunpalika","Province":"Bagmati"},"type":"Polygon","arcs":[[207,208,-225,-276,-272,-270]],"id":306},{"properties":{"STATE_CODE":3,"DISTRICT":"NUWAKOT","GaPa_NaPa":"Panchakanya","Type_GN":"Gaunpalika","Province":"Bagmati"},"type":"Polygon","arcs":[[209,-216,210,-217,-221]],"id":307},{"properties":{"STATE_CODE":3,"DISTRICT":"NUWAKOT","GaPa_NaPa":"Shivapuri","Type_GN":"Gaunpalika","Province":"Bagmati"},"type":"Polygon","arcs":[[211,212,-232,213,214,215]],"id":308},{"properties":{"STATE_CODE":3,"DISTRICT":"NUWAKOT","GaPa_NaPa":"Suryagadhi","Type_GN":"Gaunpalika","Province":"Bagmati"},"type":"Polygon","arcs":[[216,217,218,-241,-246,-222]],"id":309},{"properties":{"STATE_CODE":3,"DISTRICT":"NUWAKOT","GaPa_NaPa":"Tadi","Type_GN":"Gaunpalika","Province":"Bagmati"},"type":"Polygon","arcs":[[219,220,221,-245,-234]],"id":310},{"properties":{"STATE_CODE":3,"DISTRICT":"NUWAKOT","GaPa_NaPa":"Tarkeshwar","Type_GN":"Gaunpalika","Province":"Bagmati"},"type":"Polygon","arcs":[[222,223,-263,-277,224]],"id":311},{"properties":{"STATE_CODE":3,"DISTRICT":"NUWAKOT","GaPa_NaPa":"Shivapuri Watershed and Wildlife Reserve","Type_GN":"Watershed and Wildlife Reserve","Province":"Bagmati"},"type":"Polygon","arcs":[[225,226,227,228,229,230,231]],"id":312},{"properties":{"STATE_CODE":3,"DISTRICT":"NUWAKOT","GaPa_NaPa":"Langtang National Park","Type_GN":"National Park","Province":"Bagmati"},"type":"Polygon","arcs":[[232,233,-244,-239,234]],"id":313},{"properties":{"STATE_CODE":3,"DISTRICT":"RASUWA","GaPa_NaPa":"Gosaikunda","Type_GN":"Gaunpalika","Province":"Bagmati"},"type":"Polygon","arcs":[[235,236,237,238,-248,-243,-251,-249,239]],"id":314},{"properties":{"STATE_CODE":3,"DISTRICT":"RASUWA","GaPa_NaPa":"Kalika","Type_GN":"Gaunpalika","Province":"Bagmati"},"type":"Polygon","arcs":[[240,241,-252,242,-247]],"id":315},{"properties":{"STATE_CODE":3,"DISTRICT":"RASUWA","GaPa_NaPa":"Naukunda","Type_GN":"Gaunpalika","Province":"Bagmati"},"type":"Polygon","arcs":[[243,244,245,246,247]],"id":316},{"properties":{"STATE_CODE":3,"DISTRICT":"RASUWA","GaPa_NaPa":"Parbati Kunda","Type_GN":"Gaunpalika","Province":"Bagmati"},"type":"Polygon","arcs":[[248,-255,-280,249]],"id":317},{"properties":{"STATE_CODE":3,"DISTRICT":"RASUWA","GaPa_NaPa":"Uttargaya","Type_GN":"Gaunpalika","Province":"Bagmati"},"type":"Polygon","arcs":[[250,251,252,253,-268,-281,254]],"id":318},{"properties":{"STATE_CODE":3,"DISTRICT":"DHADING","GaPa_NaPa":"Benighat Rorang","Type_GN":"Gaunpalika","Province":"Bagmati"},"type":"Polygon","arcs":[[-288,-262,-319,-329,-356,-347,-344,255]],"id":319},{"properties":{"STATE_CODE":3,"DISTRICT":"DHADING","GaPa_NaPa":"Dhunibesi","Type_GN":"Nagarpalika","Province":"Bagmati"},"type":"Polygon","arcs":[[256,257,258,-330,-292,259,260]],"id":320},{"properties":{"STATE_CODE":3,"DISTRICT":"DHADING","GaPa_NaPa":"Gajuri","Type_GN":"Gaunpalika","Province":"Bagmati"},"type":"Polygon","arcs":[[-335,-320,261,-287,-265]],"id":321},{"properties":{"STATE_CODE":3,"DISTRICT":"DHADING","GaPa_NaPa":"Galchi","Type_GN":"Gaunpalika","Province":"Bagmati"},"type":"Polygon","arcs":[[262,263,-293,-336,264,-286,-278]],"id":322},{"properties":{"STATE_CODE":3,"DISTRICT":"DHADING","GaPa_NaPa":"Gangajamuna","Type_GN":"Gaunpalika","Province":"Bagmati"},"type":"Polygon","arcs":[[-271,-273,-298,265,-283]],"id":323},{"properties":{"STATE_CODE":3,"DISTRICT":"DHADING","GaPa_NaPa":"Jwalamukhi","Type_GN":"Gaunpalika","Province":"Bagmati"},"type":"Polygon","arcs":[[-279,-290,266,-296]],"id":324},{"properties":{"STATE_CODE":3,"DISTRICT":"DHADING","GaPa_NaPa":"Khaniyabash","Type_GN":"Gaunpalika","Province":"Bagmati"},"type":"Polygon","arcs":[[267,268,269,-274,270,-282]],"id":325},{"properties":{"STATE_CODE":3,"DISTRICT":"DHADING","GaPa_NaPa":"Netrawati Dabjong","Type_GN":"Gaunpalika","Province":"Bagmati"},"type":"Polygon","arcs":[[271,-275,-294,272,273]],"id":326},{"properties":{"STATE_CODE":3,"DISTRICT":"DHADING","GaPa_NaPa":"Nilakantha","Type_GN":"Nagarpalika","Province":"Bagmati"},"type":"Polygon","arcs":[[274,275,276,277,-285,278,-295]],"id":327},{"properties":{"STATE_CODE":3,"DISTRICT":"DHADING","GaPa_NaPa":"Rubi Valley","Type_GN":"Gaunpalika","Province":"Bagmati"},"type":"Polygon","arcs":[[279,280,281,282,283]],"id":328},{"properties":{"STATE_CODE":3,"DISTRICT":"DHADING","GaPa_NaPa":"Siddhalek","Type_GN":"Gaunpalika","Province":"Bagmati"},"type":"Polygon","arcs":[[284,285,286,287,288,289]],"id":329},{"properties":{"STATE_CODE":3,"DISTRICT":"DHADING","GaPa_NaPa":"Thakre","Type_GN":"Gaunpalika","Province":"Bagmati"},"type":"Polygon","arcs":[[290,291,-337,292]],"id":330},{"properties":{"STATE_CODE":3,"DISTRICT":"DHADING","GaPa_NaPa":"Tripura Sundari","Type_GN":"Gaunpalika","Province":"Bagmati"},"type":"Polygon","arcs":[[293,294,295,296,297]],"id":331},{"properties":{"STATE_CODE":3,"DISTRICT":"MAKAWANPUR","GaPa_NaPa":"Bagmati","Type_GN":"Gaunpalika","Province":"Bagmati"},"type":"Polygon","arcs":[[298,299,300,301,-305,302]],"id":332},{"properties":{"STATE_CODE":3,"DISTRICT":"MAKAWANPUR","GaPa_NaPa":"Bakaiya","Type_GN":"Gaunpalika","Province":"Bagmati"},"type":"Polygon","arcs":[[303,304,305,-310,-321,-308]],"id":333},{"properties":{"STATE_CODE":3,"DISTRICT":"MAKAWANPUR","GaPa_NaPa":"Bhimphedi","Type_GN":"Gaunpalika","Province":"Bagmati"},"type":"Polygon","arcs":[[-315,306,307,-323,-309,-317,-333]],"id":334},{"properties":{"STATE_CODE":3,"DISTRICT":"MAKAWANPUR","GaPa_NaPa":"Hetauda","Type_GN":"Upamahanagarpalika","Province":"Bagmati"},"type":"Polygon","arcs":[[308,-322,309,310,-324,-327,-318]],"id":335},{"properties":{"STATE_CODE":3,"DISTRICT":"MAKAWANPUR","GaPa_NaPa":"Indrasarowar","Type_GN":"Gaunpalika","Province":"Bagmati"},"type":"Polygon","arcs":[[311,312,313,314,-332,315]],"id":336},{"properties":{"STATE_CODE":3,"DISTRICT":"MAKAWANPUR","GaPa_NaPa":"Kailash","Type_GN":"Gaunpalika","Province":"Bagmati"},"type":"Polygon","arcs":[[-334,316,317,-326,318,319]],"id":337},{"properties":{"STATE_CODE":3,"DISTRICT":"MAKAWANPUR","GaPa_NaPa":"Makawanpurgadhi","Type_GN":"Gaunpalika","Province":"Bagmati"},"type":"Polygon","arcs":[[320,321,322]],"id":338},{"properties":{"STATE_CODE":3,"DISTRICT":"MAKAWANPUR","GaPa_NaPa":"Manahari","Type_GN":"Gaunpalika","Province":"Bagmati"},"type":"Polygon","arcs":[[323,324,-339,-341,-353,-328]],"id":339},{"properties":{"STATE_CODE":3,"DISTRICT":"MAKAWANPUR","GaPa_NaPa":"Raksirang","Type_GN":"Gaunpalika","Province":"Bagmati"},"type":"Polygon","arcs":[[325,326,327,-352,328]],"id":340},{"properties":{"STATE_CODE":3,"DISTRICT":"MAKAWANPUR","GaPa_NaPa":"Thaha","Type_GN":"Nagarpalika","Province":"Bagmati"},"type":"Polygon","arcs":[[329,330,331,332,333,334,335,336]],"id":341},{"properties":{"STATE_CODE":3,"DISTRICT":"MAKAWANPUR","GaPa_NaPa":"Parsa Wildlife Reserve","Type_GN":"Wildlife Reserve","Province":"Bagmati"},"type":"Polygon","arcs":[[337,-342,338]],"id":342},{"properties":{"STATE_CODE":3,"DISTRICT":"MAKAWANPUR","GaPa_NaPa":"Chitawan National Park","Type_GN":"National Park","Province":"Bagmati"},"type":"Polygon","arcs":[[339,-363,340,341]],"id":343},{"properties":{"STATE_CODE":3,"DISTRICT":"CHITAWAN","GaPa_NaPa":"Bharatpur","Type_GN":"Mahanagarpalika","Province":"Bagmati"},"type":"Polygon","arcs":[[-345,-348,-358,-367,342]],"id":395},{"properties":{"STATE_CODE":3,"DISTRICT":"CHITAWAN","GaPa_NaPa":"Ichchhyakamana","Type_GN":"Gaunpalika","Province":"Bagmati"},"type":"Polygon","arcs":[[343,-349,344,345]],"id":396},{"properties":{"STATE_CODE":3,"DISTRICT":"CHITAWAN","GaPa_NaPa":"Kalika","Type_GN":"Nagarpalika","Province":"Bagmati"},"type":"Polygon","arcs":[[346,-355,-350,-359,347,348]],"id":397},{"properties":{"STATE_CODE":3,"DISTRICT":"CHITAWAN","GaPa_NaPa":"Khairahani","Type_GN":"Nagarpalika","Province":"Bagmati"},"type":"Polygon","arcs":[[-354,-361,-357,349]],"id":398},{"properties":{"STATE_CODE":3,"DISTRICT":"CHITAWAN","GaPa_NaPa":"Madi","Type_GN":"Nagarpalika","Province":"Bagmati"},"type":"Polygon","arcs":[[350,-365]],"id":399},{"properties":{"STATE_CODE":3,"DISTRICT":"CHITAWAN","GaPa_NaPa":"Rapti","Type_GN":"Nagarpalika","Province":"Bagmati"},"type":"Polygon","arcs":[[351,352,-362,353,354,355]],"id":400},{"properties":{"STATE_CODE":3,"DISTRICT":"CHITAWAN","GaPa_NaPa":"Ratnanagar","Type_GN":"Nagarpalika","Province":"Bagmati"},"type":"Polygon","arcs":[[356,-360,357,358]],"id":401},{"properties":{"STATE_CODE":3,"DISTRICT":"CHITAWAN","GaPa_NaPa":"Chitawan National Park","Type_GN":"National Park","Province":"Bagmati"},"type":"Polygon","arcs":[[359,360,361,362,363,364,365,366]],"id":402}],"type":"GeometryCollection"}},"bbox":[83.92083351700006,26.918798207000066,86.57517845700005,28.386080020000065],"transform":{"scale":[2.6543475943475815e-06,1.4672832802832798e-06],"translate":[83.92083351700006,26.918798207000066]},"arcs":[[[899643,129335],[1794,-4036],[1271,-158],[1169,-551],[1616,-1235],[424,-683],[698,52],[1091,921],[1546,-491],[803,723],[2389,3724],[1375,-462],[1537,376],[601,-872],[1951,-449],[473,-1176],[-125,-1359],[768,-921],[805,437],[917,-565],[-925,-1457],[-233,-919],[-881,-921],[661,-1601],[-343,-1104],[153,-4224],[-610,-1721],[-481,131],[-374,-4103],[-1094,-1252],[-100,-2375],[-373,-492],[-742,778],[-502,-286],[-437,-1406],[422,-2533],[1479,180],[-178,-735],[308,-1452],[1841,-1612],[891,-1126],[938,-1893],[976,-773],[279,-2627],[-74,-2505],[177,-986],[-146,-1673],[1008,-3076],[702,-531],[864,100],[1014,-671],[598,-919],[821,303],[662,-408],[1175,-1552],[-1097,-625],[46,-1630],[-663,-727],[-1372,-3440],[508,-1431],[-526,-801],[-774,-2731],[760,-1537],[-138,-1076],[-540,-696],[698,-1464],[-361,-3458],[-2426,-2211],[356,-1092],[215,-2233],[-563,-3325],[-112,-4387],[-687,-3566],[-1131,-2792],[-1289,-2004],[-1237,-3682],[-708,-1272],[-1026,-465],[-1559,-153],[-1315,602],[-2034,-526],[-1574,656],[-929,-577],[-1737,134],[-1662,-114],[-716,-437],[-1186,260],[-1803,-786],[-1471,-1449],[-2115,-3230],[-1022,-829],[-959,-1285],[-1585,-1273],[-1005,-424],[-2493,-612],[-850,-1372],[-58,-2653],[-562,-1843],[60,-2087],[-474,-1799],[-791,-1121],[-2459,-1485],[-2011,-1935],[-1070,-1684],[-672,-1885],[-75,-2617],[-840,1267],[-236,1557],[168,948],[-110,1758],[355,762],[-1011,2868],[-991,804],[-655,1264],[-1150,678],[-1242,1166],[-545,928],[-840,483],[-402,1289],[-984,1358],[-712,1884],[-46,1506],[-367,833],[-603,34],[-1458,-876],[-1181,662],[-285,1274],[-654,316],[-271,1143],[-704,578],[-560,1018],[-1030,2586],[-608,345],[-365,1392],[-1632,2177],[-1882,1336],[-831,1160],[-1117,307],[-1841,2734],[-708,712],[-34,1278],[-406,1040],[-1416,-905],[-187,769],[402,1543],[-271,1237],[-571,-169],[-1820,1468],[-804,-2],[-940,1519],[-805,160],[-1687,1539],[-973,-243],[-1372,1936],[-3632,1592],[-2458,2257],[-989,343],[-956,945],[-696,83],[-1394,1747],[-1870,1379],[-2116,2075],[-2212,1380],[-1970,1766],[-1188,528],[-2245,2099],[-1813,741],[-508,605],[-1057,63],[-771,458],[-897,2],[-803,524],[-1378,192],[-1359,-487],[-1185,-66],[-804,437],[-2069,-176],[-1268,276],[-2180,-372],[-802,56],[-1988,-348],[-1960,485]],[[649972,152719],[-889,-725],[-406,541],[-645,-507],[-1958,-563],[-860,-2331],[-1075,-331],[-1271,1154],[-808,1049],[-904,-1195],[-622,798],[-1704,451],[-546,657],[-1928,-1463],[-1163,109],[-583,1382],[-1003,1209],[-1341,-602],[-801,-1374],[-870,323],[-1250,1240],[-1328,397],[-756,-541],[-1063,838],[-802,-334],[-1246,-2511],[-1626,-1811],[-642,2803],[-89,1497],[-1137,25],[-1501,814],[-643,-581],[-989,475],[-1152,1520],[-1352,-266],[-479,-425],[-160,-2299],[898,-1109],[-1899,36],[181,1144],[-939,1542],[-957,101],[-47,1054],[-1684,1500],[-1078,-327],[-645,-1381],[-232,-2397],[-589,-1075],[-1015,-410],[-2587,312],[-1985,1226],[-1268,-467],[-1110,986],[-2033,282],[-1212,-195],[-2010,2040],[-766,2088],[-922,3054],[-642,357],[983,4202],[384,960],[934,717],[2659,-464],[480,615],[-81,1360],[-1114,753],[-421,1277],[938,1309],[463,1523],[-93,726],[-828,1451],[-1207,-1192],[-962,-242]],[[768147,268329],[1278,-1336],[1509,546],[1355,-760],[1304,-175],[1472,-1515],[645,-369],[1181,-1350],[1169,-2094],[345,-1572],[-587,-9],[-1085,1430],[-1566,-312],[-713,-598],[-1491,-2722],[-82,-1253],[-457,-1728],[-698,-403],[-1204,-3933],[-385,-188],[-745,-1614],[-258,-1267],[-732,-1187],[-341,-4433],[-1027,-2894],[1072,-1505],[931,160],[820,-1065],[876,54],[1509,536],[2422,-256],[749,-1417],[2063,-652],[1087,-1466],[871,-1651],[823,-2811],[545,-3325],[266,-735],[986,-1039],[-157,-1138],[-661,-1244],[-754,-817],[-1200,-583],[-562,-1410],[204,-1766],[-323,-2066],[-548,-576],[509,-2511],[1934,-631],[761,-563],[1189,-16],[860,-412],[1139,2510],[1336,1352],[1131,352],[1095,-762],[1307,-243],[1546,-1490],[183,-530],[1687,-1853],[835,-1228],[1160,-816],[839,438],[1412,-391],[877,-1370],[2113,-1035],[663,-930],[1529,-552],[667,-1397],[1351,-1340],[883,-2042],[554,-2683],[962,-962],[1090,-2278],[2588,-457],[1279,-1290],[796,54],[1272,-751]],[[802992,109179],[-33,-1645],[-570,-1923],[-645,-1195],[105,-2390],[710,-1286],[901,-2618],[651,-371],[728,359],[751,-1209],[673,-2109],[157,-1083],[915,-187],[519,761],[1102,-1021],[-292,-1179],[514,-347],[134,-3917],[576,-1681],[1571,-1958],[1961,-2772],[-1849,-823],[-1257,-2135],[-914,-242],[-1373,443],[-1021,-1235],[-632,-344],[-1284,-1523],[-404,-1227],[-65,-1460],[-560,-2303],[-153,-1568],[-670,-986]],[[803238,68005],[-674,163],[-78,1184],[-675,227],[-414,-683],[-1338,-433],[-1733,189],[-2712,637],[-1056,-390],[-842,122],[-1392,-720],[-2376,559],[-1070,-1005],[-558,1155],[-641,-153],[-1521,1287],[-887,-716],[-738,160],[-985,1319],[-1286,799],[-1219,345],[-1011,1362],[-740,1590],[-435,2641],[-1047,1055],[-227,1544],[-1848,3315],[-1022,2388],[-354,1718],[-856,1445],[-696,2747],[305,1303],[-445,2049],[95,1511],[-708,3037],[-632,1058],[245,1930],[-278,2118],[-268,595],[-799,-429],[-536,2375],[149,1878],[-2481,3255],[-839,-482],[-1188,267],[320,1762],[-222,1141],[-906,24],[-641,1655],[-847,974],[-346,1868],[-910,2573],[-1423,5518],[-422,2392],[102,1785],[772,4192],[-34,1681],[-3074,2670],[-3246,1349],[-600,1029],[-1425,257],[-776,428],[-697,1617],[-1136,324],[-1304,788],[-1396,1072],[-618,1177],[-821,165],[-1028,1176],[-862,1364],[-821,140],[-1336,2638],[-1671,825],[-753,-1945],[-2316,-2628],[-354,-1174],[-1002,-1089],[-1074,-1892],[-1618,-3657],[-764,-554],[-1034,1996],[-458,1760],[-1208,827],[-431,2579],[-1782,1534],[-1281,516],[-1629,2298],[-1082,310],[-1045,1691],[-373,1451],[709,606],[445,1089],[796,501],[320,2239],[1085,2830],[-903,1013],[-2185,1740],[-1734,2116],[-1201,286],[-815,571],[-1037,-917],[-963,-2247],[-1110,-837],[-460,-856],[-626,-151],[-1031,455],[-834,-83],[-1339,1643],[-799,464],[-1916,1821],[-833,7],[-1350,1241]],[[709186,254937],[-134,2004],[124,1415],[1799,2684],[633,1906],[1438,-126],[964,-783],[1953,-615],[1451,96],[1094,-334],[464,-817],[-676,-681],[143,-2004],[640,-1333],[579,179],[515,-1559],[1304,40],[-179,-1442],[1618,-1418],[514,-2413],[-257,-584],[-118,-2714],[361,-897],[907,-353],[1335,1149],[515,59],[342,-1236],[1598,299],[448,1149],[549,-1072],[500,-31],[658,2148],[1492,-137],[1668,952],[662,1404],[678,-1078],[1691,-491],[182,1722],[946,587],[310,631],[-49,1460],[960,2206],[426,2788],[818,511],[1270,2920],[2,1070],[-528,880],[-233,2744],[-621,410],[-53,823],[673,480],[28,2146],[-809,2199],[-796,1376],[-547,46],[-1455,1223],[-538,1235],[-18,1712],[1030,1362],[1617,101],[1138,-653],[1571,-331],[799,-500],[4573,-684],[1274,-442]],[[666424,285300],[-795,-1181],[-589,-1684],[1045,-1540],[694,-3468],[41,-2675],[-266,-867],[1036,-1397],[127,-1525],[999,37],[793,-411],[549,640],[1679,431],[641,1254],[2002,936],[230,1221],[743,1282],[-186,937],[1006,662],[1127,2416],[82,1516],[1013,-1790],[413,-2181],[140,-3756],[260,-1272],[579,-12],[1120,-1304],[1894,202],[408,-745],[1490,-1417],[1062,-244],[1071,-1402],[914,-755],[1388,-339],[1233,-1143],[2187,-1155],[952,-2],[758,1034],[1357,-145],[1181,802],[1263,-381],[1446,-2241],[794,-2293],[4,-1304],[761,-1757],[1843,-308],[1825,-1182],[870,61],[1517,-1100],[1069,-231],[992,-587]],[[709186,254937],[-709,-3724],[40,-1564],[-218,-3195],[-700,-4310],[-1217,-2164],[-71,-1636],[913,-1216],[387,-1552],[875,-773],[508,-1599],[733,-372],[202,-2519],[-282,-2564],[-270,-755],[-1520,-926],[-764,-204],[-322,-837],[207,-2231],[-282,-2148],[-519,-933],[-733,-2102],[73,-1605],[311,-785],[-47,-1433],[544,-723],[308,-1515],[971,-544],[283,-1554],[-318,-2694],[-815,-2545],[1078,-3402],[182,-2116],[-517,-2263],[438,-880],[923,-310],[891,-1826],[561,-280],[-235,-2123],[-464,-1247],[-414,-3481],[-220,-3330],[1,-2273],[176,-2431],[-42,-2743],[-593,-2226],[-1269,-981],[-1176,-1844]],[[706074,170459],[-998,1303],[-547,1600],[-1946,1302],[-554,-240],[-487,645],[-1513,932],[-415,854],[-642,-162],[-1383,1583],[-662,1157],[-1989,90],[-1185,822],[-343,645],[-1922,858],[-1027,-41],[-929,547],[-470,1144],[-1089,-567],[-1120,342],[-1475,1675],[-1680,170],[-1394,1032],[-1542,1801],[-703,242],[-516,-560],[-540,-2296],[-1141,-1921],[-1233,-295],[-3595,-1925],[-861,-70],[-1116,836],[-529,-24],[-1306,-1340],[-435,-2077],[-556,-612],[-804,-1627],[-811,-834],[-748,-59],[-124,-1306],[-1486,-3535],[-1577,-1473],[-1549,-1],[-884,-491],[-550,-1657],[-1516,-1553],[-153,-1257],[-1033,-2554],[-1759,-336],[-645,-406],[101,-1675],[-929,235],[-648,-1162],[-612,-435],[-976,-3381],[-1165,-1572],[-391,-111]],[[649972,152719],[-905,2184],[-155,4191],[143,296],[-280,4970],[-753,945],[-336,1001],[325,2569],[412,708],[133,2331],[715,451],[212,1189],[772,1548],[86,1139],[1896,2663],[225,1697],[-1004,2563],[373,464],[-177,1272],[-1784,1610],[-1046,-561],[-468,2682],[-992,1445],[-502,265],[-94,1472],[-630,1542],[-93,2749],[-711,1574],[-232,1609],[762,537],[653,2750],[1063,448],[1284,2659],[378,2324],[452,892],[386,2626],[-433,4451],[-788,250],[-2020,-1426],[-753,311],[-369,-732],[-1281,-619],[-2438,-814],[-291,336],[-1364,3414],[-1344,-1012],[-2844,953],[-1225,-843],[-352,2164],[-483,636],[514,1241],[-148,2433],[-273,1484],[-900,1286],[102,1818],[-414,2371],[82,1408],[-72,5213],[680,2971],[-352,1398],[527,2908],[1159,479],[275,1264],[-930,1673],[259,940],[1240,1040],[-538,967],[460,951],[-342,2011],[-546,654],[-853,-270],[227,1251],[-262,1910],[933,270],[219,993],[-376,1165],[263,3644],[-432,1426],[-270,2275],[-880,2643],[-935,2329],[-310,1634],[290,4272],[-137,3843],[3,4701],[151,2349],[569,2203]],[[899643,129335],[-1761,994],[162,827],[-326,3177],[-598,446],[-102,3207],[-901,152],[-2182,1613],[-889,1261],[-1407,490],[-1134,-87],[-1505,1244],[-1354,87],[-976,778],[-1423,-162],[-716,-636],[-1515,1334],[-677,109],[-1950,-492],[-955,348]],[[859624,203824],[288,1925],[1265,2460],[-67,1106],[-662,1067],[813,896],[-2178,2201],[-1129,1903],[-910,120],[-523,1671],[38,1919],[-991,1005],[109,2039],[-1190,1574],[-943,172],[-1251,1801],[5,1332]],[[860891,225694],[1385,-1732],[1457,-1307],[1064,-441],[1684,-2319],[1920,-1843],[2129,-1132],[697,253],[1154,1112],[1868,1054],[396,583],[181,1389],[515,1605],[835,909],[1590,477],[1014,1177],[658,260],[113,933],[938,1130],[426,1388],[126,1638],[717,540],[985,-750],[1148,2164],[633,283],[292,-771],[-291,-3717],[879,-1268],[1411,-300],[1785,-1360],[799,-2112],[951,-909],[719,335],[617,126],[970,-515],[1269,-1710],[1139,-2890],[489,-480],[2929,-393],[1043,-308],[582,-857],[242,-1362],[1252,-995],[1115,-253],[489,-468],[1181,204],[1462,-348],[1063,-660],[967,-62],[1272,652],[2622,-862],[891,-571],[318,-1058],[-140,-1728],[608,-2368],[2,-1606],[-1102,-3366],[-57,-2720],[482,-846],[517,-3115],[859,-1538],[2408,-875],[1486,506],[1327,-284],[2408,-3382],[1342,-2478],[964,44],[1194,849],[833,123],[883,-511],[389,-753],[1382,-6199],[1038,-1705],[1275,-446],[-2102,-3181],[222,-890],[-697,-627],[-26,-860],[-665,-1134],[-96,-1111],[-529,-568],[-524,-1431],[362,-1071],[-643,-1555],[-826,-577],[-588,-1470],[31,-2544],[-1229,-2661],[183,-529],[1234,-1265],[-274,-937],[-901,197],[-480,-784],[-452,-1695],[-168,-1921],[-513,-147],[-1242,991],[-1213,-1875],[-548,86],[-423,1642],[-816,939],[-1054,70],[-927,-436],[-644,749],[-1417,97],[-439,2280],[-344,-129],[-591,-1506],[-63,-2586],[-1729,-3056],[465,-1121],[-1255,-3015],[322,-1934],[-238,-1741],[-360,-895],[27,-1240],[-574,-378],[-535,-2949],[-643,-859],[-184,-982],[-687,-1226],[-103,-993],[-731,-875],[-4245,637],[-505,-923],[-1678,59],[-381,-490]],[[777855,284153],[-1205,-2069],[-698,-385],[-1126,-1559],[-2457,-2223],[-454,-812],[-295,-2059],[-1111,-1386],[-699,-1601],[-674,-455],[-540,-1259],[-449,-2016]],[[768147,268329],[-1138,701],[-2789,931],[-644,17],[-1041,-1095],[-1189,-444],[-1388,-2210],[-1936,2348],[-108,2073],[-583,788],[-1103,140],[-1422,-361],[-1641,1581],[-651,2614],[-697,995],[-2266,-664],[-769,-652],[-353,1234]],[[748429,276325],[-186,3085],[-382,753],[-1417,1656],[-1363,1874],[-316,1638],[-973,0],[-1291,596],[-1820,2713],[-3013,3216],[-666,969],[-1421,705],[-1219,1206],[-365,728],[-1747,979],[-432,-238],[-1523,1613],[-1106,-366],[-417,-653],[-682,352],[-2560,-1723],[-1035,-239],[-841,-1405],[-641,287],[164,1926],[-332,3277],[-352,1983],[-580,1582],[-2108,2306],[-1270,645],[-895,2499],[-910,318],[-2011,1570],[-2063,2763],[-939,470],[-1512,2741],[-933,1002],[-3308,819],[-292,1000],[-1996,1060],[-462,1083],[-1904,2092],[-659,520],[-1811,2812]],[[879434,144025],[-988,-606],[-899,9],[-1246,-1857],[-1285,-1054],[-728,152],[-105,-1032],[470,-764],[-229,-821],[177,-1505],[-521,-1195],[-1495,-1561],[-478,-816],[108,-2315],[-453,-3636],[1004,-1591],[-2703,-3585],[-1083,-1294],[86,-1970],[-1606,173],[-1577,-1875],[-676,-306],[-1369,917],[-556,-306],[-649,-1141],[-110,-1110],[656,-2202],[429,-852],[1260,-366],[-174,-1342],[758,-1157],[-1,-2284],[421,-1074],[-270,-1408],[-661,-1234],[-68,-1319],[455,-449],[554,-2369],[-237,-1355],[432,-397],[402,-2316],[-1157,-551],[-1050,9],[61,-992],[-571,-649],[-865,505],[-602,-205],[-1348,-3026],[-579,-606],[-1241,201],[-1500,-1356],[-1596,-953],[-1060,219],[-1780,4417],[-529,411],[-1454,1926],[-508,-375],[-790,1292],[-969,978],[6,1138],[-430,1026],[-2402,-1325],[-676,-20],[-1823,1131],[-1186,-565],[-1287,248],[-1541,1348],[-450,1969],[170,1922],[-597,1525],[-644,163],[-976,1384],[-558,1275],[-2832,811],[-577,503],[-1712,672],[-411,-255],[-1289,310],[-1458,-419],[107,-691],[-1979,-942],[-1894,90],[-1499,1778],[-941,423],[-1636,1866],[-986,-190],[-1265,1244],[-196,1288],[-759,1545],[36,1616],[310,1306],[280,3286],[-1190,1281],[-834,-175],[-1562,2137],[-825,-162],[-808,-969],[63,-2698],[-852,-2079],[-897,-539],[-954,57],[-983,1896],[-1771,-457],[-656,-591],[34,-821],[1124,-3628],[110,-2071],[-835,-3803],[-857,-241],[-1124,436],[-1351,877],[-686,-788]],[[802992,109179],[-804,645],[-2542,-111],[-479,1745],[180,3481],[-335,1808],[-1080,798],[-1287,106],[-1702,-186],[-1896,110],[-3021,554],[-726,696],[-1040,2896],[841,701],[1094,-497],[431,540],[901,3672],[1075,700],[1282,-1096],[1244,768],[742,1687],[-279,1365],[-818,1751],[-407,1598],[-1234,3245],[-980,-138],[-479,1324],[278,732],[-439,1390],[-941,148],[-1320,1953],[-966,763],[967,2201],[-215,2408],[-1043,1113],[-1920,75],[-877,767],[-1631,4982],[211,1103],[1175,2248],[1201,1504],[844,579],[-1353,2120],[-227,854],[801,745],[592,1468],[1363,1439],[747,3114],[843,668],[1220,66],[603,555],[523,1752],[384,2558],[958,473],[122,1101],[766,-198],[-112,1210],[1146,965],[1541,261],[1388,-973],[580,-124],[2565,2691],[245,2305],[1094,647],[1404,-348],[947,-1094],[807,404],[1456,-1318],[354,637],[-202,1440],[445,367],[645,-708],[1018,869],[1180,237],[515,2636],[1220,2857],[1025,1011]],[[813600,189994],[508,-803],[1685,356],[771,-614],[431,-1028],[49,-2734],[-508,-3208],[1215,-704],[1113,999],[706,2120],[728,-343],[1625,-78],[1149,778],[1668,-451],[1495,-171],[578,1489],[1451,2300],[-374,2525],[382,1079],[1007,-993],[1956,1308],[813,-306],[522,862],[739,-99],[1212,828],[1504,-1192],[1217,-569],[626,-1880],[1097,-600],[649,-807],[1950,-5058],[1351,-1075],[361,48],[819,4266],[1347,2020],[1518,873],[338,1681],[676,747],[1593,2482],[1294,1703],[1393,3857],[802,1805],[799,1271],[1340,997],[1649,-886],[1250,356],[990,795],[540,-116]],[[859624,203824],[91,-1108],[-843,-2629],[107,-1054],[-271,-1753],[303,-620],[297,-2619],[-201,-866],[594,-741],[84,-2880],[-729,-1924],[1022,-63],[940,-1591],[1869,1052],[1029,-1069],[265,-1687],[1071,1161],[426,-903],[-372,-2186],[-800,-1116],[-1532,-743],[-357,-1247],[-1246,-657],[-241,-907],[693,-894],[423,-1475],[-56,-1776],[-761,-1010],[-522,-2518],[158,-582],[1524,-1433],[1531,1034],[1852,-575],[760,1026],[529,79],[985,-1434],[1949,131],[1279,-369],[1048,-2934],[809,-671],[718,464],[754,-803],[456,-2219],[1193,-2135],[479,-1358],[864,-98],[234,-1556],[1339,-2823],[728,-2804],[588,-879],[-78,-2427],[-677,-1156],[-495,-2454]],[[777664,294699],[-1098,952],[-456,1347],[349,1251],[-111,1560],[-448,1321],[-312,3391],[76,3186],[-293,699],[-2425,2421],[-357,1260],[-630,3686],[-600,1422],[-1752,2006],[-1091,991],[-1023,262],[-578,-309],[-471,-993],[-79,-2400],[-345,-1737],[-1380,185],[-838,-884],[-1175,1323],[-447,1851],[-918,1287],[-1523,959],[-657,1645],[168,1587],[-96,1708],[-1025,970],[-924,104],[-559,1117],[-373,3122],[-496,1151],[-1388,1353],[-1138,1426],[-1071,-207],[-1841,528],[-1491,1346],[-885,387],[-1237,1694],[-1670,1189],[-534,-289],[-802,-1527],[-669,132],[-762,1403],[-1119,2766],[-1427,-842],[-1335,-1359],[-1826,1859],[-1056,103],[-1457,-281],[-1828,2652],[-2005,1145],[-1367,29],[-515,351],[-1180,1780],[-1264,402],[-1850,3354],[-799,858],[-1151,270],[-1396,1006],[-668,899],[-426,2243],[-617,1014],[767,1821],[-58,1914],[-544,525],[-1220,61],[-1013,1390]],[[753068,395599],[496,510],[3715,-2014],[1141,1821],[2115,62],[1981,-2344],[946,-471],[1105,513],[180,1262],[859,1169],[2192,-879],[1321,-256],[1134,808],[739,1092],[661,366],[1034,-769],[909,-220],[1414,-1081],[838,-2832],[728,-1351],[1323,-180],[1081,-960],[1569,-2482],[1257,-1719],[1500,-1162],[1863,155],[2423,-741],[1664,-1616],[351,-648],[1213,-567]],[[883260,365309],[-1203,-4169],[-1026,-2377],[-191,-1635],[-681,-2055],[445,-334],[249,-1420],[-265,-1291],[-1730,-2110],[273,-2699],[-1516,-2772],[190,-2018],[-393,-1434],[-1021,366],[-805,-339],[-508,-861],[-346,-1788],[-1036,-1958],[9,-1752],[-1182,-1554],[620,-913],[137,-1045],[-377,-874],[-1158,-903],[-674,-2049],[-1085,-1008],[24,-1330],[-450,-1956],[345,-1210],[-217,-1772],[-755,-1112],[337,-1326],[-522,-1357]],[[830395,381041],[811,1207],[901,-2066],[1142,-850],[1126,-1648],[1568,-1139],[1318,521],[161,-1647],[699,-327],[1649,-1452],[72,-745],[868,-1269],[635,-1529],[403,-1582],[1406,-1400],[1053,-2932],[1230,692],[2230,-53],[2998,-2864],[1112,-431],[797,458],[1435,-262],[45,1543],[1107,1007],[524,1543],[653,1045],[927,680],[1004,4769],[720,2345],[1025,1836],[-14,1876],[430,2071],[195,1863],[1163,1757],[776,2229],[847,1445],[59,2345],[542,2345],[-14,1250],[459,495],[566,1642],[159,2379],[-589,2742],[-379,828],[57,1247],[552,1901],[214,1627]],[[826596,378881],[-405,-2559],[209,-2698],[-263,-1922],[331,-1612],[-122,-1112],[-1220,-2185],[-324,-2083],[528,-1938],[-956,-1595],[-395,-1261],[-270,-2996],[-1045,-1622],[-1620,-1113],[-1496,-1548],[-370,-1146],[50,-1491],[-613,-2327],[-1770,-1382],[540,-2437],[1117,-908],[689,-1871],[542,-265],[808,-1606],[899,-620],[493,-2269],[1164,-1580],[485,-251],[1640,-1674],[702,-247],[807,-1235],[1361,-1016],[1058,-1491],[1345,612],[516,-652],[1801,418],[1761,628],[708,483],[1125,-66],[899,547],[626,846],[1069,-183],[574,-2705],[378,-287],[2691,1614],[547,-354]],[[792551,270168],[-497,452],[-994,3048],[-1338,1443],[-1400,2006],[-1237,2528],[-2929,4224],[-1264,1558],[-1650,218],[-2187,-2001],[-1200,509]],[[777855,284153],[-515,1880],[-103,1325],[215,2501],[369,2033],[-157,2807]],[[777664,294699],[842,2739],[979,828],[389,1331],[112,4123],[551,1162],[1571,1758],[543,3035],[655,500],[2040,-871],[641,-729],[555,1219],[-449,2049],[566,1002],[868,539],[2595,-1454],[2593,-1044],[1646,-1332],[622,198],[174,2701],[340,869],[-162,1211],[-791,953],[-470,2499],[-1261,2223],[-1519,2272],[-896,1054],[-897,3051],[-169,1251],[-1986,3173],[-215,871],[-1679,1874],[-1106,357],[-1642,1118],[-2241,2491],[-1210,2658],[-1067,1469],[-204,1127],[-703,1953],[-702,1124],[-136,823],[667,757],[552,4001],[585,1630],[851,1074],[820,1613],[472,1461],[924,437],[1478,-13],[871,-721],[2223,-796],[1013,-738],[872,-180],[515,1095],[147,1929],[566,1802],[-130,2276],[79,2226],[-581,4411],[543,1879],[-1228,1469],[-1071,2254],[2183,2459],[2028,3866]],[[790820,381065],[538,1383],[100,1842],[-366,3948],[699,2673],[1032,2403],[811,2795],[-12,1241]],[[868748,316254],[-875,-435],[642,-2693],[-17,-2302],[360,-3123],[-998,-2066],[-1060,-3371],[80,-1080],[895,-440],[-711,-2686],[-1067,-2445],[484,-1413],[-403,-4206],[-272,-1463],[474,-1346],[-322,-1153],[323,-1621],[-823,-1725],[355,-1532],[174,-2087],[1832,-549],[-11,-811],[-968,-1523],[-147,-838],[826,-1302],[2731,-701],[235,-321],[-89,-2354],[270,-829],[718,-453],[1,-1252],[637,-1443],[213,-1821],[1049,-666],[384,-891],[188,-1599],[-963,-3530],[141,-1718],[807,-2783],[842,-881],[-8,-1161],[-1733,-1241],[-787,-1024],[-722,-2156],[-975,-715],[-795,-2094],[-1289,-460],[-146,-1856],[-1367,-869],[-220,-1595],[-1126,-1920],[-623,-433],[-1066,-2334],[-89,-1973],[-1028,-964],[-641,-1253],[-913,-2539],[391,-630],[-74,-1802],[-581,-89]],[[860891,225694],[-2357,1463],[-1604,1492],[-774,389],[-2061,-1569],[-1797,-454]],[[852298,227015],[-1159,236],[-1114,615],[-3544,-190],[-1249,-602],[-1523,303],[-696,-510],[-657,-1887],[-365,-1991],[-1023,-2802],[-894,395],[-797,1037],[-1399,2558],[-608,624],[-1835,963],[-1394,3058],[-351,1477],[-685,1224],[-244,1419],[238,1480],[-765,1211],[-1145,694],[-754,876],[-1929,1069],[-1088,1250],[-214,863],[-842,543],[-767,-841],[-860,-2003],[-572,-334],[-3738,-148],[-1422,431],[-1424,1799],[-1059,768],[-1415,2243],[-1368,-80],[-673,880],[-345,2298],[245,3262],[-299,4027],[-417,619],[-2166,-290],[-1899,177],[-1219,-836],[-433,-1930],[-1375,498],[-999,1959],[-318,1220],[-982,1908],[-1018,1202],[-1570,-49],[-1349,722],[-392,685],[-730,2600],[-1426,3486],[-576,831],[-1036,276],[-1001,-982],[-1374,384],[-231,682],[247,1489],[583,989],[-333,1298]],[[792551,270168],[1558,1316],[1142,2080],[1462,1447],[701,2398],[469,492],[1334,3699],[-1467,3278],[-276,1140],[321,1379],[1347,189],[1499,-109],[1635,-1691],[870,-102],[962,668],[175,1018],[-2429,2653],[634,998],[1234,3213],[863,3269],[47,1357],[1361,-211],[617,1059],[24,1669],[580,1789],[631,591],[871,156],[1261,960],[1111,1612],[1002,-979],[988,-576],[2242,-4308],[555,-3463],[583,-2718],[736,-2631],[598,-1063],[219,-1384],[1374,-3332],[2151,-2102],[1403,-840],[1469,-463],[2036,1655],[1063,234],[92,2137],[321,1300],[3117,-1565],[1830,1315],[-789,-3072],[749,-2469],[521,-972],[1078,976],[1828,466],[1082,2531],[644,1032],[1173,1094],[1361,2887],[-188,1499],[850,2444],[454,451],[415,1468],[-190,676],[312,1323],[889,1359],[16,1201],[-305,2031],[259,1988],[1,3027],[-826,3415],[178,1728],[675,2117],[633,1411],[729,2465],[874,1918],[22,1345],[-838,1647],[-211,2390],[-1073,3644]],[[843190,329722],[2172,-2315],[869,-328],[1877,-2060],[2415,-729],[965,224],[1192,-326],[661,-1071],[1047,-952],[885,-129],[1504,1386],[869,498],[956,1726],[1351,1360],[451,-39],[747,994],[604,-39],[17,-1110],[1128,-1501],[1386,-3305],[797,-1176],[18,-1462],[732,-1006],[1133,-229],[762,-609],[924,-216],[96,-1054]],[[753068,395599],[-439,-449],[-976,-2742],[-2837,-2503],[512,-2295],[-427,-1375],[-991,-1761],[-758,-1951],[-1165,-1310],[1334,-115],[791,-879],[195,-1538],[-1611,-4019],[-902,-2835],[-563,-429],[-507,972],[-911,-1888],[112,-869],[-292,-1638],[-571,-370],[-577,-1091],[-362,-1426],[-1930,-1755],[-1262,-610],[-736,-1800],[-168,-1035],[-769,-1495],[-652,-694],[-1904,426],[-564,750],[-1231,-164],[-790,371],[-907,2464],[-1314,900],[-659,856],[-1279,-1046],[-867,121],[-696,876],[-1325,833],[-1320,158],[-440,515],[-870,-249],[-1532,2009],[-429,1168],[-966,630],[-491,-223],[-1232,638],[-1303,-85],[-816,-480],[-972,236],[-2342,-101]],[[718014,443801],[813,-2259],[1038,-1409],[894,-488],[901,-958],[1471,-673],[1572,-3028],[436,-1745],[553,-603],[492,-1278],[947,-5504],[443,-1328],[-71,-1252],[285,-2077],[1809,-3249],[476,-416],[-233,-1321],[-818,-2442],[221,-1108],[-18,-1879],[710,-2595],[573,547],[822,-16],[473,-545],[847,508],[778,1137],[742,-819],[909,2123],[917,765],[721,-192],[839,925],[2013,-73],[971,240],[304,768],[991,-440],[860,-1375],[1192,-895],[806,873],[1515,-26],[1057,-340],[894,1258],[765,-430],[309,-720],[1127,-945],[972,-3157],[-268,-2283],[385,-1794],[462,-285],[513,-2689],[31,-941],[580,-2536],[33,-1233]],[[988569,607996],[1489,199],[690,-312],[1788,-1534],[2933,-1725],[541,161],[1196,-1299],[653,-373],[-354,-1149],[-193,-1842],[1200,-2884],[6,-2910],[-464,-1625],[-539,-993],[-215,-3049],[225,-1563],[-117,-2910],[-741,-3923],[811,-5360],[1616,-2227],[905,-3242],[-1349,-1828],[-2372,-1751],[147,-3006],[-1165,-2385],[-726,-2043],[-271,-2101],[-339,-1023],[-138,-1640],[235,-1952],[-953,-3113],[-309,-3026],[-838,-1381],[64,-2575],[-200,-1975],[-819,-818],[-331,-1126],[-1208,-1908],[-1153,-1185],[-524,-1276],[-430,-3403],[629,-2598],[-598,-1997],[-143,-1414],[64,-3164],[-898,-3101],[831,-2470],[-292,-3189],[-961,-1332],[-592,-2882],[-508,-1070],[-1219,-414],[-686,-781],[-123,-854],[555,-1751],[19,-1445],[-663,-1184],[-274,-1849],[-1540,-715],[-1104,-1274],[-1150,-395],[-819,905],[-369,-680],[-114,-1845],[-493,-1435],[-1667,-1523],[-367,-3531],[-662,-950],[88,-1361],[-193,-1536],[-1304,-3158],[-237,-2979],[-854,-1028],[-798,-13],[-1123,-3472],[-1188,1065],[-1783,1262],[-1600,-74],[-1411,-833],[-1399,783],[-1211,102],[-925,-660],[-1357,-52],[-1795,-646],[-1555,-780],[-2764,-733],[-390,-489],[-1796,-645],[-1695,-231],[-874,-428],[-1721,-4117],[-2091,-1527],[-1807,-2551],[-258,-2499],[-465,-2184],[-1698,-3126],[-953,-35],[-1173,-1545],[-773,223],[-1182,-397],[-586,-745],[-1065,122],[-2078,-4239],[-1122,-1101],[-756,-2073],[-923,-375],[-1308,-55],[-584,-433],[-1499,-2112],[-431,-1713],[-1323,-2376],[-905,-2645],[-185,-1196],[724,-3064],[-643,-2100],[-1559,-1486],[-933,-2070],[-601,-693],[-835,-1942],[-222,-1978],[168,-1567],[-360,-803],[81,-2583],[-772,-2281],[-248,-960],[-1778,-465],[-843,-586],[-547,140],[-1944,-1114],[-1169,-1231],[-1454,-2975],[-415,-2079],[-40,-1225],[-907,-637],[-1796,-3643],[-384,-2928],[-386,-626],[-1422,-113],[-561,-729],[-1199,-3878],[-993,-524],[-231,-1188],[-554,-313],[-277,-1082],[-1373,-1887],[-398,-1546],[-907,-215],[-2149,-2033],[-713,-200],[-195,-1006],[-725,-877],[-381,-2355],[83,-1646],[-1122,-1458],[-1524,-1359],[-1185,-465],[-1971,-1130],[-747,-1165],[-827,-274],[-500,-941],[-1372,-977],[-1760,-2812]],[[883260,365309],[-782,1342],[-438,1664],[294,1968],[-1126,132],[-884,1974],[-114,1752],[-545,1983],[14,2582],[-549,835],[-141,1129],[171,1453],[-649,657],[-877,260],[-474,1206],[-1053,983],[-1206,1621],[-810,1961],[-801,3676],[-239,1914],[182,2496],[-1530,2945],[-1446,1021],[-1882,2217],[-1351,340],[-1275,1683],[-712,1430]],[[865037,406533],[-657,1561],[244,3529],[1478,4349],[632,781],[1162,702],[886,1815],[1554,2236],[1110,795],[455,1835],[780,2179],[892,1056],[1820,-603],[712,760],[873,-450],[826,124],[926,1162],[1115,348],[714,799],[316,-1206],[2963,1938],[1210,112],[1160,-435],[2327,798],[386,-162],[1055,-1766],[900,-589],[225,2604],[-479,869],[-361,1912],[268,1558],[788,2437],[535,408],[2096,2439],[654,1422],[1775,2809],[638,1371],[582,250],[3051,-5],[2516,-228],[1460,1249],[683,901],[484,-35],[1007,997],[555,1112],[664,300],[1030,2171],[2425,3091],[357,3021],[248,936],[1293,2824],[187,1562],[-329,1651],[257,2527],[1722,1535],[3980,1159],[2386,1707],[1519,236],[2524,3139],[1104,947],[491,1034],[860,3220],[-775,5467],[-298,1466],[367,1950],[-63,2922],[-298,1441],[-619,4394],[-634,1994],[575,1686],[-150,1776],[158,2188],[435,2420],[568,406],[852,1786],[867,-904],[1403,-313],[1699,333],[823,-145],[587,772],[677,2076],[1113,2067],[792,-40],[771,1708],[599,6983],[189,3860],[-540,3663],[-667,1684],[1261,2273],[1497,1380],[320,1743],[635,667],[1509,729],[575,1347],[303,1665]],[[824188,518166],[-594,-2226],[-869,-80],[-996,-2017],[-1788,-1173],[-1032,-3214],[-856,-1978],[-362,-1930],[-628,-2040],[268,-3016],[-223,-1835],[-351,-1086],[195,-1292],[-158,-3194],[-853,-1796],[338,-1301],[-170,-2423],[-615,-974],[-442,-4136],[-530,-1870],[-240,-2025],[-677,-1563],[-929,-1147],[-246,-1001],[232,-1848]],[[808685,668399],[179,1405],[559,1400],[767,806],[126,741],[-1227,2982],[503,527],[2464,-345],[627,258],[584,1252],[911,839],[859,326],[2039,1465],[1194,2161],[1073,219],[1466,1227],[1519,533],[1060,1298],[1858,-333],[1944,1393],[1463,607],[1879,-200],[373,427],[184,2764],[678,1372],[-200,2163],[-468,983],[-314,2235],[-824,392],[-1679,1892],[-616,376],[-832,2829],[-770,1146],[-856,2176],[-649,914],[752,1489],[124,2230],[-272,2723],[-733,1780],[-358,3426],[-132,2402],[-598,3218],[-122,2051],[-636,1733],[-957,4234],[-1112,2037],[-221,1999],[-838,921],[-797,3362],[-931,609],[-905,1819],[-358,1826],[-864,716],[-670,1572],[-828,3812],[56,1166],[591,941],[1998,2392],[654,1255],[877,2990],[-257,1944],[-780,2377],[-46,1004],[546,1496],[-54,2683],[-525,1510],[242,873],[554,4752],[1972,2903],[-1243,5100],[-669,1428],[-99,869],[-709,799],[-1090,5370],[141,1007],[-433,3350],[47,1391],[-390,803],[1077,1260],[1165,732],[1178,2400],[2563,-957],[2251,-2359],[1175,436],[873,-1327],[1321,312],[1507,-485],[1220,1719],[1151,954],[651,1856],[686,1086],[1060,612],[199,2524],[696,1229],[-416,515],[445,2445],[-226,4260],[740,851],[983,388],[1158,-615],[713,1964],[-170,2474],[215,1376],[533,841],[1720,1383],[1639,772],[1048,2092],[1940,3046],[1056,424],[1157,-355],[1633,1372],[2575,1851],[600,1611],[-38,3158],[-459,1951],[-371,481],[-369,1809],[368,2264],[-140,2179],[-911,2753],[92,1589],[1801,1555],[1305,390],[1668,1614],[1002,-832],[-232,-818],[88,-1705],[1158,-1907],[-151,-1374],[166,-2745],[623,-513],[444,-1207],[889,-1048],[85,-2306],[-743,-1120],[135,-2036],[384,-1691],[94,-5168],[1144,-1934],[359,-993],[1429,-334],[450,-776],[544,-2398],[965,-1300],[767,-2271],[492,-3235],[950,-1901],[826,-808],[610,-2191],[-511,-1819],[554,-1994],[321,-2797],[440,-1493],[204,-2726],[-872,-341],[-2721,170],[-1222,-166],[-875,-798],[-158,-971],[291,-1980],[-1263,-3172],[-63,-1042],[563,-2981],[212,-1900],[666,-899],[584,-1868],[231,-2484],[-218,-2254],[516,-2220],[291,-2160],[588,-2407],[1140,-2025],[190,-2097],[-570,-2097],[732,-1212],[28,-2253],[660,-2899],[754,-1069],[1185,-832],[419,-3414],[-942,-2773],[-642,-1112],[-152,-2708],[90,-1973],[-396,-3844],[88,-1205],[831,-3465],[159,-2656],[-231,-2024],[239,-3124],[884,-3673],[-38,-1100],[619,-3237],[478,-1001],[1219,-1142],[663,-2322],[1648,-894],[2376,833],[1921,1354],[425,-496],[1461,1635],[594,369],[1065,-27],[2245,676],[844,684],[1880,-345],[1377,-869],[1147,71],[1119,-1126],[1968,200],[938,662],[2934,-3660],[128,-1160],[819,-1636],[294,-1194],[-91,-4063],[137,-241]],[[988569,607996],[-637,-1728],[-982,-809],[-2337,-289],[-2706,-864],[-827,109],[-758,1004],[-1696,-148],[-1111,-534],[-912,17],[-1999,1477],[-785,271],[-845,1484],[-346,1557],[-952,226],[-1220,-1536],[-2895,-1791],[-470,613],[-1979,1205],[97,1446],[-478,4578],[-260,532],[-1783,163],[-1588,3128],[-1782,-1386],[-1292,-529],[-1066,-118],[-1350,670],[-654,3362],[-1219,2447],[-2502,-1241],[-1754,-1601],[-192,-1090],[-949,-2262],[-1438,-2468],[-751,-3052],[-983,-399],[-1407,79],[-1424,-908],[129,-2984],[-393,-4108],[-953,-1285],[338,-893],[206,-2242],[-183,-1648],[-947,-1505],[-1035,-488],[50,-752],[953,-1130],[2764,-1397],[-17,-528],[-1016,-1593],[-1236,-3597],[-1148,-2177],[-473,-3195]],[[853476,501651],[-1044,1053],[-1250,415],[-1085,862],[-571,-6],[-802,-1133],[-1180,-148],[-1044,962],[-341,2972],[-961,4143],[-2334,2601],[-1532,937],[-3809,184],[-1435,3160],[-1102,849],[-550,1613],[-345,219],[-263,1793],[-506,1580],[-1030,202],[-489,639],[-798,89],[-450,1173],[-48,1157]],[[846456,556504],[1019,574],[654,2724],[863,377],[612,1257],[1052,1324],[609,2177],[2132,2698],[1417,1405],[1283,1695],[658,396],[977,1443],[852,650],[502,1468],[428,2986],[831,2122],[272,1576],[-44,1254],[782,2256],[462,2424],[461,929],[1217,938],[1005,2858],[419,3062],[844,3216],[1200,2354],[531,2237],[1311,2259],[-39,3333],[594,1328],[281,1286],[-84,2696],[670,2567],[-536,2524],[-985,2020],[-861,1093],[-1330,4345],[-187,1692],[204,2138],[111,6239],[915,4960],[-247,1988],[441,2095],[-374,1171],[60,1786],[447,1468],[-489,2642],[69,1104],[646,1992],[594,-17],[1571,-1119],[729,703],[1396,323],[906,1634],[1203,1325],[3034,1635],[1424,2217],[1133,771],[845,-37],[1419,715],[1150,1223],[531,1452],[1271,1312],[681,2067],[1375,1106],[1329,123],[489,859],[-441,1310],[90,1490],[-531,1062],[-215,2918],[591,2286],[285,1899],[674,1078],[510,4498],[1647,2400],[346,1587],[983,1624],[525,2716],[366,283],[561,1805],[525,2519],[-202,2289],[934,2163],[771,1079],[610,3096]],[[897220,710024],[907,-1068],[626,-2520],[1067,457],[385,-226],[802,-2278],[1230,-1985],[2062,-1225],[6241,11732],[-75,-2273],[136,-1183],[690,-2690],[807,-1698],[-694,-2811],[414,-213],[898,-1735],[371,-1869],[1921,-3805],[441,-455],[2338,2099],[1131,470],[1810,-70],[460,-443],[2434,261],[1187,-510],[1147,-836],[1910,-795],[849,-2085],[1395,-2020],[1355,-4064],[806,19],[1353,-1004],[650,-890],[732,-1941],[1937,-2439],[392,-1423],[-45,-1283],[983,-1721],[177,-1364],[508,-1109],[1344,821],[2645,890],[1994,3],[973,310],[1850,-809],[1961,-481],[1177,-1321],[404,2131],[1109,2524],[1691,1353],[1473,183],[376,494],[305,2348],[1044,2280],[2675,3875],[1257,1389],[79,2913],[-237,1184],[-693,1783],[-445,1812],[1109,3320],[883,453],[757,888],[2201,112],[735,-273],[938,1672],[839,806],[2290,728],[437,-142],[146,1645],[1448,1622],[811,-369],[2442,371],[2431,-25],[1044,-387],[999,-2329],[130,-1943],[513,-4289],[680,-2471],[777,-418],[1756,1075],[1985,488],[286,-292],[1631,-4080],[1226,-1624],[788,-382],[1374,-1568],[345,-1080],[403,-6638],[300,-1373],[1070,-3608],[486,-3261],[-176,-2955],[-941,-2463],[199,-2237],[-6,-2459],[588,-2417],[301,-2126],[-508,-2461],[-759,-2498],[-88,-1431],[346,-1723],[215,-3923],[484,-2272],[245,-2402],[-131,-2641],[-408,-1324],[-812,-3875],[-273,-754],[-377,-4624],[-678,-2902],[-87,-1706],[-645,-2187],[-586,-3121],[-117,-3799],[-1055,-2297],[-143,-2222],[781,-2526]],[[939376,580089],[743,-1376],[-198,-1892],[-1129,-3179],[379,-3502],[486,-2855],[-577,-955],[-204,-1874],[2500,-3128],[2208,-1033],[1469,-2585],[225,-2431],[-474,-3046],[-339,-4377],[-747,-2728],[-1116,-2353]],[[942602,542775],[-496,686],[-1550,292],[-772,535],[-1114,256],[-352,634],[-932,-1523],[-1025,-946],[-1298,-603],[-1434,-1487],[-623,-1241],[-896,-1001],[-820,-1603],[-1383,-1332],[-900,-1549],[-845,-559],[-1388,-4385],[-38,-835],[-961,-1078],[-1874,60],[-633,-407],[-756,485],[-1360,-315],[-2003,62],[-1318,1198],[-1050,-7],[-1095,-1807],[-317,-1482],[-1193,-1910],[-1543,-1172],[-1012,-1653],[-820,-4293],[-1064,-2094],[123,-864],[-334,-1612],[154,-1177],[-267,-1457],[-824,-2700],[-1521,-3157],[-1461,-1332],[-639,-1632],[-980,-1810],[-1057,-1338],[-1299,-1177],[-238,-2032],[-544,-1869],[-1014,-2331],[-436,-2734],[-124,-1877],[198,-1934],[-589,-1399],[-462,-1792],[-387,-2657],[347,-1337],[-166,-885],[-842,-455],[-444,-1348],[-220,-1640],[-1410,-938],[-964,-1939],[-1319,-1881],[-971,-373],[-1592,1046],[-618,-693],[-559,-1817],[-1463,-1642],[-1345,-994],[-960,-1182],[-802,823],[-1817,1337],[-987,-557],[-300,-1507],[-1894,-1010],[-1876,-515],[-424,-1257],[-2484,-1189],[-731,-113],[-1184,-1967],[-1530,-419],[-998,-568],[-1287,242],[-858,-429],[-585,-985],[-637,-259],[-679,483],[-1058,-1177],[-1960,311],[-744,-858],[-1187,-23],[-879,-382],[-841,-1674],[-730,-624],[-1246,-2307],[-814,-546],[-814,-1497],[-299,-1728],[-710,-1056],[-3,-975],[-751,-2024]],[[841203,459540],[470,1298],[992,909],[608,-67],[114,2403],[667,3438],[-135,1154],[665,2341],[-92,1137],[762,2155],[1452,2426],[1982,1164],[2344,1660],[226,1226],[-159,1324],[302,1739],[-15,1290],[561,2582],[66,5217],[498,3940],[25,1535],[940,3240]],[[853476,501651],[1235,1289],[1463,-143],[1822,2066],[505,1089],[1126,1395],[1275,-107],[1351,226],[1129,1019],[600,1201],[890,810],[1699,1063],[805,36],[1132,879],[1055,-66],[2670,-842],[1911,182],[1042,-923],[1077,-476],[1608,723],[1487,2900],[280,882],[-324,2563],[238,1980],[-37,1958],[928,3847],[621,1190],[304,2291],[768,1448],[1846,649],[1937,-191],[3157,1094],[1064,-331],[634,667],[3391,2395],[661,-194],[1441,339],[1286,1491],[848,1290],[1624,1173],[1074,1103],[1795,255],[785,1447],[486,71],[859,2908],[1166,2823],[367,1768],[12,1880],[280,882],[1618,2607],[909,558],[3951,974],[1291,-415],[1207,-805],[453,96],[822,1865],[245,2814],[1383,3577],[981,1496],[-719,1240],[-104,1744],[532,1200],[-271,986],[-48,7124],[305,669],[3349,384],[632,-164],[1466,1178],[1272,1674],[164,1752],[1729,-748],[777,-89],[1041,687],[3170,-2721],[1368,998],[1187,1551],[873,505],[964,-1036],[988,-199],[992,-1063]],[[846456,556504],[-663,-1413],[-1017,-1504],[-413,-3455],[-610,-1375],[-784,-397],[-1109,-2920],[-1115,-220],[-395,-1765],[456,-1685],[161,-1740],[-1209,-2305],[-747,-2012],[-1442,-2538],[-1384,-790],[-801,-803],[-1359,-718],[-502,-1696],[-96,-2227],[-683,-211],[-1142,642],[-1095,-405]],[[830507,526967],[-798,-1311],[98,-2647],[-1031,-1447],[-1084,-49],[-1433,-865],[-740,-1645],[-469,-33],[-203,1704],[-972,-312],[313,-2196]],[[824188,518166],[-1132,87],[-892,1301],[-1160,799],[-2295,323],[-234,2053],[-1052,-258],[-2083,3567],[-906,123],[-800,1459],[-1673,649],[-971,-190],[-772,1785],[205,1422],[-93,1318],[-589,2279],[-647,923],[-3,769],[-582,1400],[-410,1665],[-537,481],[-489,1647],[-1052,1481],[-2086,5086],[-1892,2472],[-1695,1277],[-1642,1639],[-2708,4236],[-1244,1177]],[[791691,606508],[3744,1785],[1217,823],[1432,1371],[1625,1189],[3436,583],[1214,736],[1294,216],[1076,-791],[761,-2103],[1253,-1655],[2293,-1364],[1593,-1249],[296,-545],[-105,-2025],[-337,-1075],[671,-1825],[230,-1384],[582,-551],[1458,568],[1448,-2183],[1249,-1115],[1457,1361],[655,-946],[773,-478],[876,115],[1061,-938],[1475,551],[1001,-970],[904,54],[580,-472],[484,-1623],[495,-474],[860,345],[833,-1549],[1461,-1672],[938,-411],[624,-767],[1335,-877],[36,-1098],[863,-511],[1517,-2931],[989,-2989],[669,-1486],[911,-1141],[314,-855],[381,-2759],[793,-3388],[1115,-2559],[1457,-1478],[466,-2230],[1614,-2708],[621,-2886],[462,-425],[315,-1215]],[[819426,396107],[-1869,-1564],[-1978,-979],[-1092,633],[-894,-433],[-552,498],[-972,3008],[-542,-880],[-1459,-282],[-342,912],[-1118,285],[-211,-2100],[-638,-38],[-73,-1150],[-800,36],[-525,2399],[-453,-1087],[-756,1284],[-410,-901],[-2506,-949],[-1283,-273],[-541,1152],[-1040,-255],[-549,822],[-1573,1208],[-1075,478],[-2553,-581]],[[793622,397350],[-1522,-863],[-1109,818],[-700,115],[-2031,-686],[-659,-20],[-376,1271],[-702,153],[-351,-688],[-1067,551],[-676,-467],[-126,1247],[-509,1720],[-1265,-2081],[-645,765],[4,1880],[-1267,274],[-921,-135],[-387,1639],[265,1242],[4,5197],[877,2071],[587,389],[136,1193],[957,2825],[707,1610],[-174,976],[1083,2828],[-52,1436],[706,1408],[-619,1412],[-484,1834],[-1338,-288],[-768,1948],[-1476,1982],[-935,806],[-1272,1736],[-481,992]],[[813802,467109],[-795,-850],[-2478,2655],[-443,1493],[-2964,-1094],[-975,-133],[-1573,-864],[-2492,-284],[-1313,-938],[-908,-1008],[-1509,-471],[-212,-991],[877,-876],[1701,-1028],[1179,-1162],[811,-1720],[286,-1358],[-832,-388],[-618,-1110],[-320,-1852],[-901,-3690],[-83,-1060],[335,-872],[964,-840],[-39,-1771],[446,-359],[450,-2615],[-482,-1134],[245,-1275],[-1367,-69],[-1292,1355],[-1086,1764],[-972,899],[-938,129],[-1202,1357],[-1328,829],[-1295,-232],[-401,341],[-1463,-558],[-521,-524],[-792,105],[-950,-556],[-2242,-2729],[-1683,-1706],[-798,-389],[-884,-2325],[-1218,-513],[-1063,-1616],[-666,-280],[-818,-1499],[-1030,79],[-1114,-936]],[[777036,434440],[-522,1332],[-951,1642],[-1224,3407],[-694,767],[-1149,2279],[-1064,1673],[-534,2432],[-1121,1206],[-47,917],[-704,244],[-307,800],[-1287,979],[-624,1940],[-500,808],[-112,1758],[-1789,849],[-508,-419],[-1029,967],[-659,86],[-306,1713],[-1719,-540],[-907,1484],[-1255,90],[-1397,2893],[-429,-527],[-1674,947],[-457,571],[-482,1828],[-643,59],[-757,925],[-755,-719],[-1465,230],[-323,853],[-975,494],[-434,962],[-1013,1045],[-781,-301],[-1155,372],[-1074,1282],[-1021,627],[-2132,-49]],[[761260,511237],[1979,-205],[1361,350],[1345,-2264],[731,-2284],[74,-1180],[-297,-1240],[-116,-1875],[225,-901],[756,-952],[168,-1342],[775,64],[367,2335],[1038,1201],[31,809],[1193,1663],[2603,2090],[274,849],[2447,632],[610,1563],[87,1199],[572,1278],[744,144],[2239,-140],[1305,768],[904,-1666],[1580,-1594],[21,-1527],[1018,-274],[1427,-1586],[619,-2072],[1479,-1982],[976,-439],[143,-1316],[1197,-948],[1446,-1813],[213,-1410],[584,-938],[2046,-5141],[986,-455],[187,-1256],[1027,-1151],[716,-297],[1077,-2676],[690,-371],[-443,-1228],[516,-889],[1185,486],[1066,-695],[2268,-3053],[1025,-1659],[761,409],[305,-1506],[669,-169],[543,855],[493,-549],[996,169],[701,-1094],[-211,-1353],[1146,-647],[667,1377],[868,-2340]],[[841203,459540],[800,-1649],[999,-1007],[134,-1970],[1714,-1295],[861,-2637],[-78,-2040],[181,-1193],[1396,-2811],[796,-680],[2407,-1033],[1354,-245],[817,-1514],[169,-1559],[780,-442],[868,-1173]],[[854401,438292],[-738,-2073],[-1447,-1611],[-1535,-965],[-312,-1199],[-560,-382],[-647,-1629],[-871,226],[-995,-1841],[-1371,-1340],[-1089,-2948],[-839,-144],[-148,-1956],[-1117,-1290],[-478,-1167],[135,-1438],[-831,-1550],[401,-1876],[-493,-413],[218,-1964],[-334,-2092],[-674,-2928],[-47,-1486],[-789,357],[25,-1171],[-1235,-1450],[-637,-1271],[-219,-2743],[341,-2394],[-411,-2597],[-16,-1618],[-1658,-398],[-740,-1274],[-909,-858],[-435,-1552],[-997,-168],[-457,-2141],[-885,-1096],[-578,-2611],[-474,-953],[-160,-1247]],[[830395,381041],[-1836,-1287],[-501,-1179],[-926,-300],[-536,606]],[[826596,378881],[981,2046],[-23,1199],[-521,1049],[-1221,518],[-456,2209],[-869,1227],[-47,1199],[-1043,1874],[-1081,2919],[-977,1720],[-935,-182],[-978,1448]],[[819426,396107],[-287,1193],[278,1810],[-344,1330],[-1083,1257],[-1045,572],[-269,809],[-7,1674],[538,2929],[-643,2803],[-69,2057],[-340,1217],[-7,1414],[385,1849],[-1059,3176],[-335,2131],[176,1890],[-521,995],[74,1038],[780,1688],[219,1373],[-310,1657],[510,4619],[285,1511],[-717,1358],[366,1833],[-539,1924],[85,1203],[561,1889],[-174,1856],[147,1662],[-195,1277],[-756,1180],[-216,878],[161,2440],[383,1868],[-74,1005],[-765,2019],[-234,3185],[-200,593],[-212,3205],[-171,635]],[[813802,467109],[-221,972],[226,1968],[-1034,1491],[-111,1461]],[[812662,473001],[2663,-1066],[1019,-1402],[1248,-2869],[1792,-2653],[1659,-1516],[978,-1351],[1017,-2461],[2315,-2823],[1595,-1502],[1936,-1336],[1398,-2646],[977,-964],[1205,29],[1536,-1249],[1866,2041],[898,3081],[889,1805],[1276,1236],[964,8],[1096,1453],[214,724]],[[785191,620588],[1515,-3187],[783,-3111],[816,-1464],[718,-363],[444,-1712],[736,-1602],[899,-1180],[589,-1461]],[[791691,606508],[478,-4372],[523,-1231],[-374,-5716],[348,-1794],[1236,-2343],[-69,-1696]],[[737921,576086],[-2370,2158],[-698,322],[-1773,-2033],[-1951,-812],[-230,-1793],[-611,125],[-759,1294],[-509,1827],[-50,1166],[643,2854],[-26,2717],[-679,1406],[-2617,2252],[-689,1186],[-309,1731],[-524,782],[-1337,998],[-857,2449],[-264,2398],[-61,3074],[-199,1744],[-547,1515],[-428,2726],[-486,968],[-461,2413]],[[808685,668399],[-19,-347],[-2237,-1702],[-1025,-999],[-942,-1920],[-435,-1437],[-1092,-1448],[-828,-1772],[394,-2636],[-587,-2163],[-625,-1136],[-426,-1554],[-119,-1988],[-547,-2681],[-1351,-1083],[-1819,-376],[-1362,-1978],[-669,-2384],[-319,-3041],[-748,-2407],[-172,-2979],[-634,-1152],[-2058,-1335],[-2237,-2309],[-675,-244],[-995,-1920],[-406,-1735],[-1052,-1147],[-509,-1938]],[[785191,620588],[-1885,429],[-3291,-617],[-4993,-1921],[-1794,-358],[-788,-502],[-1067,-127],[-2371,747],[-2890,199],[-848,-2707],[-489,-1085],[-713,-2628],[-1916,-1470],[-1002,-311],[-1531,944],[-911,25],[-2171,-758],[-2506,-1278],[-1007,416],[770,1720],[391,1914],[355,6767],[-377,722],[-1146,979],[-1374,2236],[-663,2554],[-957,1693],[-558,203],[-2943,-351],[-562,414],[-784,1365],[-673,501],[-950,1298],[334,3903],[15,2093],[-501,3806],[382,3307],[-1537,1841],[-2087,3518],[-1142,1000],[-757,315],[-537,1691],[-710,273],[-1051,988],[-839,1273],[-2502,1290],[-1923,1961],[-1400,3227],[-655,3477],[-758,2790],[-302,1844],[329,4043],[-178,1456],[-749,675],[-954,1514],[-2430,1896],[-1246,473],[-1520,-25],[-718,766]],[[747027,773141],[3003,-1969],[1420,-186],[676,-622],[1528,-3435],[679,-1159],[1126,-2495],[460,-1602],[1270,-3425],[1112,-1154],[636,-1724],[1077,-2190],[840,382],[1441,-1110],[1426,-1710],[1720,-2767],[1362,-1356],[935,-1432],[653,-1933],[1087,-1556],[1308,-3518],[997,-1172],[2598,544],[210,-983],[985,-2101],[-18,-1948],[584,-1726],[-128,-2337],[-977,-2312],[-1160,-1916],[-465,-412],[-951,-2435],[-1235,-1902],[-829,-2231],[-964,-1565],[-401,-1077],[-672,-4292],[188,-1553],[-416,-2103],[-580,-629],[-716,-2876],[-366,-2054],[-480,-1502],[-1289,-2372],[184,-708],[1312,-1177],[772,-65],[998,-1204],[1290,-1058],[257,-634],[2465,-1645],[1979,-2738],[606,-1620],[1149,-742],[1888,-2647],[2213,-2378],[1421,-1141],[2071,-986],[622,-1756],[796,-583],[599,136],[1776,1545],[983,-261],[621,1102],[671,188],[837,-1565],[1993,-2924],[725,-612],[1075,372],[771,-194],[2049,-1504],[2304,-1049],[1500,1504],[1589,4],[986,-1513],[1955,3],[830,-1148],[993,-212],[1704,-1617]],[[697605,618948],[60,-959],[-965,-6246],[104,-2921],[-308,-1910],[-885,-1264],[11,-655],[761,-1258],[-571,-1138],[-437,-1577],[494,-1345],[-59,-873],[-1142,-1427],[396,-1729],[-535,-2106],[104,-1599],[607,-2740],[-23,-4225],[354,-2506],[17,-2492],[201,-679],[930,-1131],[997,-1638],[1243,-2681],[415,-2096],[43,-2096],[871,-1194],[133,-876],[-526,-1526],[497,-1121],[197,-1577],[-352,-3355],[588,-1387],[8,-1359],[340,-1715]],[[667744,641902],[-751,-1125],[-877,-582],[-1359,-2594],[-111,-1112],[-731,-1328],[-996,-949],[-215,-763],[29,-2117],[733,-1781],[-36,-1694],[-921,-4196],[346,-1955],[707,-1292],[-142,-1489],[51,-2268],[-1208,-3200],[177,-853],[-801,-1959],[-283,-3364],[-1492,-2534],[-185,-2164],[309,-697],[-163,-1937],[98,-1618],[556,-308],[333,-1058],[1299,-1608],[13,-4040],[-689,-1805],[403,-1581],[-178,-1118],[262,-823],[-378,-1240],[874,-2575],[-594,-1601],[597,-896],[88,-1350],[-318,-1236],[-571,-916],[279,-1026],[-471,-925],[126,-1560],[651,-1837],[-47,-3277],[398,-1763],[576,-1091],[-8,-3133],[-406,-2445],[317,-962],[-5,-1456],[-352,-1255],[-172,-2245],[-555,-681],[-36,-1838],[375,-1328],[-278,-1932],[-977,-2823],[115,-820],[-827,-1715],[134,-1942],[922,-788],[11,-1199],[-1161,-2214]],[[747027,773141],[-871,-2834],[-356,-577],[-1268,77],[-654,-657],[-657,-1381],[112,-1777],[1651,-1889],[760,-1813],[-244,-1266],[-737,-1125],[-692,-1668],[-982,-1295],[-1813,-1467],[-817,-1216],[-548,-1492],[-806,-1153],[-220,-1377],[-729,-2457],[200,-1863],[937,-475],[907,-1212],[665,-1637],[-665,-1644],[-255,-1758],[163,-2311],[-1643,-2324],[-888,-2026],[-290,-1757],[162,-2307],[-790,-3518],[-788,-2917],[-658,-1794],[-538,-3609],[-724,-2625],[-521,-3261],[-122,-3488],[291,-2585],[-66,-1378],[540,-3529],[9,-1239],[-360,-754],[-2976,-975],[-1198,-742],[-787,-956],[-1589,-2825],[-1269,-1551],[-1341,-903],[-494,-822],[-633,-2707],[-1638,-2161],[-1686,-3125]],[[720111,680996],[-426,-1592],[84,-1606],[346,-1360],[-204,-1376],[-1324,-2305],[-1230,-3796],[-533,-1112],[-297,-3134],[930,-945],[1266,-1893],[1023,-2703],[1880,-3236],[134,-2055],[-504,-4705],[-569,-2701],[-16,-1229],[427,-595],[1833,708],[1427,63],[911,-721],[712,-1687],[-804,-4611],[-571,-1000],[194,-669],[-823,-1850],[-920,-4978],[-288,-2108],[-776,-2014],[-11,-785],[-1279,-5717],[-813,-2537],[-754,-3199],[-71,-1153],[1064,-2842]],[[720129,609553],[-972,-1325],[-853,-593],[-1029,-1244],[-602,-1881],[-784,-1244],[-640,-452],[-1767,350],[-1703,1507],[-1976,218],[-784,409],[-1686,374],[-642,449],[-735,-706],[-2351,1077],[2371,6534],[-164,2425],[178,2597],[1046,2566],[632,2287],[1847,2317],[-1040,1838],[-420,-1716],[-1375,-1744],[-958,180],[-1158,2295],[-827,1143],[-2832,-213],[-875,-1166],[-1784,-1357],[-189,-2514],[-452,-3016]],[[697605,618948],[-1866,832],[-2688,208],[-1331,811],[-1755,-1049],[-418,437],[204,2311],[362,1124],[-1620,410],[-554,-129],[-1860,-1920],[-2221,-556],[-1199,1231],[-1102,806],[-1509,493],[-1677,-74],[-2686,2535],[-472,716],[-680,2564],[-999,2619],[-933,1734],[-834,698],[-359,1531],[-474,924],[-1195,819],[-1372,1665],[-623,2214]],[[667744,641902],[-16,1516],[-582,2890]],[[708838,870587],[1621,1230],[1125,122],[1211,2427],[810,883],[1140,75],[349,-527],[-22,-2116],[315,-2786],[252,-987],[1404,-2618],[3019,-3667],[1539,127],[2928,-598],[612,-424],[1974,513],[231,-1871],[81,-4378],[214,-2518],[524,-2806],[946,-2431],[983,-1369],[1096,-195],[183,-2090],[-35,-2613],[414,-1325],[859,-1477],[2149,-1764],[548,-652],[636,-1589],[152,-1027],[-405,-1248],[-742,-3898],[-21,-1503],[440,-1262],[-379,-1465],[268,-3690],[853,-1614],[1945,-2407],[882,-444],[2360,116],[1020,-520],[432,-1774],[1629,-1149],[1399,-2224],[640,-3645],[-256,-3874],[1004,-4240],[488,-1229],[22,-1178],[-870,-2119],[202,-1825],[-125,-2402],[-435,-1375],[-1242,-1499],[-95,-3036],[317,-2722],[859,-1665],[520,-1518],[-291,-2767],[83,-1767],[429,-1052]],[[760217,535832],[47,-1780],[416,-1928],[459,-468],[-17,-4390],[-1726,-3519],[613,-4292],[886,-2684],[-58,-1357],[443,-2191],[-20,-1986]],[[761260,511237],[-1805,-823],[-740,-720],[-556,-1332],[-1209,35],[-598,-937],[-2969,-86],[-828,-2886],[-77,-2400],[-323,-1760],[96,-3456],[-237,-1451],[-1628,-1590],[-287,-1528],[413,-2948],[-1541,-2144],[-438,-110],[-559,-1356],[-1115,-937],[-990,-290],[-393,-1157],[-1148,-935],[-1161,-1666],[-681,-2789],[-592,-1460],[-474,-263],[-790,-2575],[427,-1327]],[[741057,472346],[-178,-958],[-883,227],[-153,1367],[-498,1018]],[[651959,633133],[-1450,-2682],[-1862,-1628],[-1454,-531],[-377,-510],[-1418,-802],[-889,524],[-1487,-1392],[-1077,-3018],[-750,-1575],[-1477,-242],[-1586,-657],[-1007,-1375],[-825,-1893],[-1242,-553],[-796,-854],[-852,-1439],[584,-1573],[-176,-2312],[1253,-2681],[941,-1009],[930,-1697],[1761,-2187],[-1855,-1680],[-1596,-80],[-305,-764],[-970,-496],[-2116,694],[-789,-721],[-531,-1550],[-1528,-576],[-516,452],[-1173,66],[-1044,1432],[-1601,-780],[-642,-1213],[110,-2410],[249,-981],[-726,-3135],[-65,-2987],[1590,-4454],[861,-997],[637,-1351],[764,-379],[871,-2257],[1637,-1668],[64,-1815],[767,-1785],[2051,-2804],[460,-1878],[1524,-3436]],[[586943,661747],[889,-2327],[-412,-1748],[59,-1205],[1556,-3317],[-58,-1423],[-821,-1477],[-332,-1365],[78,-2691],[786,-6242],[532,-1311],[529,-464],[1725,932],[1192,-25],[1118,1382],[2713,40],[339,720],[811,350],[1452,1418],[996,-69],[2002,1725],[1133,1861],[1478,421],[428,718],[1035,236],[1950,-1059],[1269,-400],[762,359],[759,-269],[479,911],[240,1477],[949,52],[2098,-569],[1877,1652],[506,793],[798,421],[430,1117],[787,356],[1525,1424],[550,1406],[457,1943],[1929,1939],[148,2371],[687,1460],[2108,1407],[754,1732]],[[664429,843658],[534,-3801],[-556,-4039],[386,-1165],[2700,-2722],[293,-2205],[-75,-1240],[1403,-3240],[987,-3078],[539,-2966],[314,-2484],[672,-1316],[979,-752],[1791,13],[-351,-1172],[351,-2186],[575,-1639],[1094,-49],[581,-784],[-655,-2268],[-633,-446],[-749,-1959],[-294,-1885],[-616,-683],[-1462,-3112],[-621,-683],[-184,-930],[1363,-4254],[465,-893],[-188,-1458],[-983,-1093],[-110,-3175],[1101,-912],[663,-1035],[243,-1685],[-223,-2145],[729,-1739],[476,-1815],[74,-1790],[-452,-763],[-921,-285],[1260,-1937],[468,-1338],[2488,-2401],[896,267],[1158,-1452],[-150,-2625],[-740,-1862],[264,-1083],[1320,-1512],[1209,-2057],[924,-2637],[-394,-2127],[435,-4120],[-419,-3603],[-400,-2422],[363,-1999],[-118,-1655],[383,-1749],[840,-1191],[-87,-1171],[301,-1684],[506,-1161],[191,-1360],[710,-1439],[-1243,-1645],[1071,-1306],[-1232,-2488],[-1163,-1557],[-537,-290],[-213,-1520],[-975,-1293],[-278,-828],[-163,-1967],[-1012,172],[-597,1073],[-848,-1000],[960,-390],[2797,-3076],[1058,-2194],[-1143,-2144],[-721,-602],[-1220,-2301],[1065,-3438],[126,-1101],[755,-1314],[223,-965],[-136,-5739],[-311,-2757],[-658,-2939],[-499,-599],[-1203,-567],[-928,-1157],[-1148,-2190],[-1305,-3471],[-769,-1066],[-455,-1359],[-1400,-2494],[-242,-792],[-32,-2043],[-954,-5884],[251,-5635],[312,-930],[88,-2631],[-109,-2448],[-932,-1369],[-1738,-1119],[-824,-138],[-856,-1107],[-492,-3924],[-301,-667]],[[667146,646308],[-1720,-1122],[-1913,-365],[-827,-408],[-1844,-1971],[-1887,-2328],[-368,-1710],[13,-1231],[997,-2731],[-679,-265],[-1544,-1245],[-750,-213],[-2292,361],[-1131,-317],[-1242,370]],[[651959,633133],[-425,1915],[-843,2131],[-2592,362],[-550,-370],[-1580,327],[-1328,-711],[-621,70],[-1269,788],[-471,1704],[-1310,1728],[-550,-102],[-1048,925],[-391,-130],[-1249,1195],[-1348,2252],[-848,829],[-767,1404],[-144,2426],[671,1124],[-676,1055],[-1782,1076],[-814,2022],[-732,2980],[-818,2009],[-1691,1617],[-721,3357],[-829,1293]],[[627233,666409],[-31,2042],[339,1919],[90,1755],[-169,2199],[539,2968],[554,808],[801,2572],[802,953],[823,2193],[1425,2490],[1596,4360],[1069,1745],[750,664],[1403,2587],[1060,2657],[-1240,1488],[-172,2047],[449,858],[1064,287],[816,1105],[-644,6085],[-922,77],[-519,-646],[-1615,387],[-1101,-998],[-2190,-24],[-2730,-502],[-584,1558],[96,853],[-122,3390],[-549,2179],[-142,1569],[-928,831],[-568,1579],[30,1534],[418,913],[-780,2378],[-61,957],[-1268,2622],[-2272,3096],[-1246,1028],[-273,3288],[1295,4302],[-646,1090],[-54,1741],[461,1995],[-290,819],[381,1648],[12,1107],[-1744,4927],[-847,1881],[-212,2061],[-861,3385],[778,2389],[794,1251],[272,2677],[1089,4719],[531,1096],[-868,1553],[-136,985],[-1773,3350],[-1216,1176],[-157,786],[1196,1093],[848,2580],[1165,983],[171,1140],[-1014,1387],[669,4035],[-200,1229],[-1850,3468],[635,1674],[-265,762],[-219,2965],[-650,2355],[81,2250],[718,1984],[715,255],[-342,2125],[744,4234],[-332,2721],[-758,4429],[-513,1859],[28,1209],[-782,1684],[-773,5290],[-2076,2837],[-555,415],[-1679,125],[-1033,605],[-1391,384],[-488,989],[-682,2204],[-1066,763],[-1310,1755],[-1123,1014]],[[735246,562179],[183,-611],[-621,-1303],[-57,-1329],[-1090,-2246],[-1186,-1274],[-765,-2104],[-1213,-985],[-380,385],[-658,-674],[-267,-1319],[626,-2854],[113,-1757],[-250,-2104],[370,-1822],[-70,-1146],[-676,-1614],[106,-2985],[-383,-1471],[-26,-1410],[-389,-1810],[-365,-505],[-2196,58],[-1700,-230],[-515,-2510],[-703,-1324],[-2431,-455],[-477,416],[-3476,-3885],[-1173,-2400],[402,-1824],[-146,-934],[275,-2545],[-914,-1470],[-1196,-71],[14,-1882],[-439,-1048]],[[683054,515188],[-452,2356],[654,1638],[1888,1573],[316,1770],[665,1108],[1304,279],[621,2149],[1581,2803],[357,975],[1615,992],[353,2542],[1054,1149],[1111,-157],[985,943],[51,1043],[-493,1276],[262,1059],[810,1058],[963,579],[1303,4167],[969,57],[672,1456],[1028,1465],[-178,2648],[519,1910],[161,3521]],[[701173,555547],[1486,60],[1412,-432],[2528,585],[491,342],[1415,2364],[1852,4171],[457,2069],[695,20],[1003,-754],[1493,1314],[538,1376],[1158,599],[545,-579],[954,171],[1398,1203],[1194,1697],[843,464],[1293,-914],[1843,223],[1306,487],[549,-419],[2282,1100],[1316,-635],[2504,-97]],[[793833,589356],[-386,-1146],[-948,-4463],[-854,-2126],[733,-2651],[583,-1574],[1770,-1995],[1124,-2425],[1179,-2150],[-616,-4335],[-208,-2183],[-410,-1480],[-90,-1434],[-956,-2258]],[[794754,559136],[-841,1049],[-891,-257],[-1839,1580],[-960,234],[-1412,968],[-644,-139],[-2241,490],[-1053,-1245],[-883,-78],[-2088,-1314],[-1611,-752],[-889,-946],[-3253,-2287],[-534,-103],[-1027,2013],[-1155,1261],[-1861,1376],[-722,221],[-1343,-218],[75,-3765],[-390,-1051],[-1143,-1613],[-588,-362],[-889,-1862],[-289,-1657],[148,-1574],[-383,-1547],[-1226,-1767],[-1279,-2861],[-1587,-2036],[-881,-530],[-716,-1193],[-274,-1764],[132,-1575]],[[760217,535832],[-1164,-123],[-963,257],[-1220,-540],[-695,767],[-1423,673],[-632,711],[-3034,-867],[-494,-576],[-823,68],[-887,1770],[-580,81],[-979,-577],[-951,963],[-186,1315],[-928,1327],[-985,2637],[-1235,1317],[63,1643],[-2146,2748],[-514,2769],[-669,1367],[-794,746],[-1025,3971],[-139,1236],[-1622,2250],[-946,414]],[[735246,562179],[-332,2158],[-935,963],[-551,-130],[-738,809],[-797,2328],[-165,1655]],[[731728,569962],[1557,751],[721,942],[1160,141],[480,639],[1176,3001],[1099,650]],[[737921,576086],[729,238],[895,1373],[586,1486],[2051,3324],[1069,3152],[423,470],[923,-940],[1544,315],[1097,-615],[589,124],[878,1283],[1022,-275],[718,639],[1752,922],[1596,239],[1427,984],[913,282],[1047,-157],[1486,302],[863,-648],[1054,680],[1332,-542],[1073,-965],[1897,288],[1197,1352],[634,-56],[1153,-1027],[842,-54],[1290,-835],[1019,1209],[1399,2278],[607,1598],[786,922],[2205,1103],[825,31],[1970,-1617],[1418,-821],[1863,-771],[1213,271],[1700,-416],[580,-561],[422,1143],[801,-108],[617,-591],[1503,919],[1789,-337],[1644,-1388],[1471,-933]],[[668790,507686],[472,-1089],[964,-982],[787,-1504],[399,-1414],[1326,-1363],[778,-1606],[-291,-2398],[70,-1925],[477,-607],[219,1916],[166,3919],[666,905],[920,2002],[451,2815],[733,-316],[1131,1418],[448,1305],[554,397],[703,-1163],[-74,-2019],[771,608],[51,1848],[333,1684],[1574,969],[648,1181],[-12,2921]],[[683054,515188],[1340,1202],[873,-995],[826,1009],[1740,203],[763,471],[581,-1236],[912,74],[37,-1516],[590,-395],[439,1102],[484,-23],[1775,-897],[460,-1301],[989,265],[1414,-305],[346,-512],[526,-2089],[1512,-256],[1858,1032],[1059,-313],[2450,-1922],[1290,-12],[558,-392],[951,840],[2341,148],[624,-320],[1566,969],[1181,1011],[1034,107]],[[713573,511137],[1264,-2336],[475,-545],[1033,-2664],[138,-1286],[588,-2302],[-977,-1415],[-1276,-3751],[-36,-1122],[600,-1598],[519,-730]],[[739345,474000],[-1649,-1145],[-758,14],[-428,-1365],[-847,-1341],[-872,-3614],[-352,-764],[-713,-2865],[-1091,-2347],[-1605,-1357],[-643,112],[-304,-795],[-1408,-269],[-748,-2130],[81,-892],[-1281,-1268],[-718,-3097],[435,-936],[-1564,-860],[-430,-604],[-671,346],[-715,-1165],[-676,32],[-1035,704],[-634,-283],[-850,-1552],[-303,1059],[-797,-404],[201,-1368],[-830,-1345],[-126,-700]],[[718014,443801],[-425,-2121],[58,-1257],[538,-2324],[345,-4040],[911,-4852],[151,-1445],[-672,-3310],[-688,-1534],[-36,-1984],[-805,-2625],[-914,-1549],[-398,-1548],[97,-1728],[-1307,-1009],[725,-896],[358,-1560],[-2,-1933],[-728,-1062],[-783,-536],[-1160,-2658],[-1360,-1239],[-677,843],[-549,-25],[-87,-2138],[-482,-838],[-1101,-310],[-272,-2573],[-751,-1418]],[[683785,446040],[665,458],[452,1673],[1490,2361],[1013,701],[425,1462],[595,374],[492,1370],[972,936],[280,1267],[953,1051],[278,1189],[1370,902],[1597,-860],[2857,229],[976,527],[315,1423],[-403,909],[-227,1787],[2348,645],[660,884],[759,41],[481,787],[763,303],[1661,-864],[326,1134],[76,3395],[526,2405],[91,2453],[654,1405],[229,1113],[-1372,2681],[-791,2703],[1197,2031],[2823,1873],[926,1286],[1358,1056],[3306,-921],[504,237],[987,2877],[504,2065]],[[715901,493388],[471,134],[1151,-527],[1070,-1517],[680,-1679],[1360,-1505],[952,-1824],[899,-1115],[906,-1666],[698,-637],[656,-1182],[2983,817],[659,750],[1761,2837],[468,2],[730,-1551],[1029,-210],[880,-1298],[895,477],[428,-2241],[1022,-1437],[480,-2037],[964,-179],[-28,-1540],[238,-1110],[1201,410],[625,-266],[266,-1294]],[[607474,476117],[847,1394],[452,1904],[902,2488],[51,1096],[1422,2644],[557,1342],[-148,2623],[1015,481],[2004,-45],[202,951],[4,2271],[-1130,2771],[1103,139],[-3,2519],[-305,863],[-1467,-1484],[-667,642],[287,3313],[1470,2592],[1128,793],[510,1317],[385,-732],[1202,1875],[-39,679],[1193,688],[1376,-475],[-370,1816],[-1006,643],[-210,928],[-1064,1935],[-81,758],[-814,577],[-643,-1199],[-773,276],[-588,773],[-773,-454],[-653,824],[-1126,-506],[256,1957],[957,924],[941,1356],[1095,-708],[708,859],[1739,320]],[[596990,307336],[-777,1939],[-1277,-671],[-522,753],[-122,1575],[-925,759],[-710,-1233],[-1679,1264],[-1242,-855],[-988,-1594],[-927,-876],[-1894,-388],[-457,-606]],[[564998,357430],[1539,2161],[1052,293],[287,-1299],[721,-527],[1859,837],[895,1477],[1121,1327],[282,884],[906,1098],[2164,965],[804,924],[544,1126],[2699,615],[836,-1335],[680,2105],[1002,1377],[1079,1056],[1226,-148],[1737,2255],[842,1400],[533,1624],[40,936],[-496,2285],[516,1844],[956,2118],[351,1386],[1548,2652],[1580,885],[729,-1265],[1524,-1932],[2800,-1643],[548,17],[840,-1114],[1461,-940],[755,619],[2197,888],[1015,-125],[1747,307],[1761,828],[1932,295],[1153,-474],[2658,-1884]],[[677102,332879],[-784,-1154],[-419,-1456],[-24,-1641],[-351,-2715],[-1616,-2230],[-708,-1621],[-420,-1509],[-661,-657],[-768,-2170],[1,-898],[-481,-1849],[-44,-1199],[-456,-1119],[78,-2536],[-574,-766],[-17,-1773],[372,-1126],[-861,-2961],[412,-1034],[1679,-2192],[752,-376],[634,-1629],[-80,-1877],[484,-2022],[-515,-2003],[-207,-2181],[-1209,-806],[-404,-1766],[-1668,-849],[-917,-1130],[-1906,-334]],[[666424,285300],[-578,744],[-638,2059],[-1059,431],[-612,1877],[-515,-142],[-1335,-1142],[-836,776],[-434,-1067],[297,-816],[-1272,-957],[-546,-1123],[-1183,-132],[-732,-777],[-532,-1672],[-1584,142],[-2386,-847],[-161,884],[-1713,3830],[-1418,1437],[721,1115],[-412,1099],[-768,-374],[-438,472],[1031,1529],[-104,910],[-942,-690],[-350,2080],[-548,902],[-743,282],[-621,-721],[596,-860],[-461,-1332],[-628,-2],[-151,-1076],[-860,-86],[-2404,-1888],[-1951,387],[-1376,-597],[-1064,-1078],[-963,694],[-988,95],[-2446,-670],[-239,744]],[[633078,289740],[-618,329],[-1401,-714],[-714,525],[-1761,504],[-429,-1069],[-1022,123],[-747,474],[-1152,134],[-301,-1749],[-1281,-191],[-1218,-884],[-1087,435],[-991,-89],[518,1423],[-746,1125],[-663,-912],[134,-1489],[-436,-913],[-1121,-375],[-739,838],[-658,1387],[52,1920],[-958,473],[-430,-1578],[-652,-168],[-423,1596],[-826,1221],[-2437,978],[-19,2288],[-512,1180],[-1103,190],[-1035,1509],[-2178,-1647],[-978,-1510],[-591,-1409],[-1221,-243],[-2168,468],[-1107,1471],[-651,370],[-1982,2259],[-96,1073],[740,834],[651,1710],[789,1448],[-182,1360],[-1368,-698],[-119,2355],[-851,1234]],[[596990,307336],[1796,133],[1215,-635],[783,650],[1230,-1106],[942,99],[1122,857],[-110,1726],[592,1552],[-75,1162],[1239,432],[-20,1145],[515,331],[903,-433],[772,477],[1114,1717],[-75,897],[528,1138],[980,883],[319,1072],[-182,1625],[1029,360],[428,2230],[-287,1782],[644,58],[528,889],[-439,1494],[419,2464],[1045,739],[303,-1599],[564,-113],[424,849],[784,-852],[463,1215],[107,1823],[-790,216],[-601,-708],[-472,1506],[-807,371],[-76,1236],[831,-527],[483,199],[275,2124],[445,2035],[834,1298],[1223,455],[961,1677],[164,1607],[642,724],[1005,3609],[-321,2190],[237,1839],[456,1384],[-85,1564],[578,4030],[1367,1428],[469,5424],[309,2255],[600,1852]],[[634831,565494],[2303,-2912],[490,-1121],[344,-1916],[-35,-1511],[551,-3023],[942,-1136],[2361,-1074],[405,106],[962,-1142],[1817,-1227],[1391,-1962],[689,-1561],[1274,-514],[1043,-1323],[743,-466],[1810,1226],[1442,414],[709,-363],[585,-1796],[-21,-1095],[679,-1145],[1792,-1372],[902,291],[1046,-1935],[867,-970],[307,-2046]],[[660229,535921],[1786,-2556],[1302,-591],[318,-792],[-141,-3184],[928,-1951],[-607,-1583],[286,-3001],[971,-526],[1015,557],[758,-1860],[-21,-888],[-671,-1938],[564,-1666],[527,-726],[1001,-4],[257,-1814],[597,-2017],[-590,-1742],[281,-1953]],[[668790,507686],[-442,-538],[-1559,377],[-2069,-1544],[-923,-1325],[-1013,1321],[-1086,3275],[-171,2543],[-578,1378],[-872,5],[-1062,1035],[-487,908],[-469,2046],[-810,1169],[-1033,386],[-1289,-49],[-551,-3372],[-446,-3798],[-355,-4209]],[[619843,524333],[-2024,617],[-1121,1857],[-1595,1349],[-958,-1106],[-828,-1369],[-1181,-2907],[-1327,-1550],[-879,501],[-823,1857],[-1355,1758],[-1612,269],[-1838,1302],[-485,1451]],[[614639,571041],[-206,-1646],[1744,-3651],[1121,-528],[2002,120],[653,-1149],[1040,-657],[144,-729],[1033,-19],[970,671],[98,1483],[420,726],[993,-176],[743,581],[1428,-7],[668,-901],[1227,23],[676,-418],[410,-965],[1386,-1189],[1371,10],[1245,1339],[1026,1535]],[[628435,416863],[-554,162],[-486,1166],[53,976],[-903,1272],[-346,1981],[-963,-2042],[-685,127],[-115,2286],[-1036,-293],[-1185,-1125],[-730,935],[39,1042],[-786,1549],[-1018,1219]],[[618116,432689],[443,639],[944,2553],[2144,4382],[812,432],[705,905],[1258,612],[-229,2956],[227,2080],[2090,1225],[277,891],[1080,1202],[-142,905],[1500,1879],[1325,-386],[612,447],[820,-145],[838,1066],[1673,255],[1069,2687],[649,890],[98,1888],[387,1173],[748,1030],[1636,1012],[1558,661]],[[580917,481353],[299,-1350],[-239,-881],[315,-1101],[-477,-1134],[196,-625],[1105,1055],[-178,-2506],[698,79],[836,-2483],[2196,-1598],[712,103],[1411,1332],[298,2037],[589,-67],[777,-2758],[-217,-1367],[190,-2132],[643,-1888],[980,-1243],[717,933],[472,1251],[616,696],[992,257],[896,-971],[687,112],[646,3293],[524,1314],[759,733],[1066,306],[1000,-1153],[897,-394],[760,172],[1382,1640],[574,2054],[1110,2419],[886,1224],[1226,-2309],[1213,-286]],[[607474,476117],[525,-2549],[-422,-2179],[1764,530],[948,-958],[254,-2371],[1193,1016],[2308,847],[223,-986],[705,-1160],[874,-5],[641,-531],[-354,-2441],[-1006,-904],[-607,-1297],[-1072,-354],[-688,611],[-1298,371],[-952,-450],[474,-1583],[-110,-1092],[2408,-840],[1222,-1099],[709,-3608],[1272,-2585],[762,-953],[328,-2780],[1698,296],[1320,-201],[-1227,-1998],[466,-1413],[-196,-4043],[-308,-785],[-1053,-920],[-461,-2022],[323,-1314],[-788,-407],[-233,-1297],[201,-1323],[799,-651]],[[618116,432689],[-75,-2149],[-1215,-2285],[903,-758],[463,-980],[780,393],[748,-792]],[[619720,426118],[-347,-668],[-1200,-511],[-1078,-1609],[-1045,-3305],[-1085,-943],[-3210,-1754],[-918,-1705],[-1227,-139],[-697,937],[-394,1852],[-914,-202],[-1110,1396],[-744,2841],[242,1269],[-519,4151],[335,1032],[-856,1764],[-1277,1074],[-649,963],[-1243,540],[-364,1812],[-381,496],[-482,3356],[-1047,2618],[-408,275],[-553,-1662],[-1456,-991],[-1704,-2794],[-964,-554],[-347,-1765],[-804,-1325],[-324,-1482],[-1665,-1431],[-1166,-2303],[-558,-715],[-12,-2060],[-231,-1016],[-1099,-1135],[-943,-548],[-1428,-219],[-684,389],[-1254,-1003],[-1215,933],[-2662,-54],[-831,-525],[-1813,366],[-1539,-1594],[-1113,-803],[-1403,278],[-488,760]],[[653575,507294],[476,-177],[577,-1194],[1416,-1302],[799,-200],[-212,-1592],[773,192],[649,-1089],[1356,-105],[1040,-1801],[2498,-1215],[463,-870],[824,-175],[1240,560],[525,-113],[49,-2436],[-639,-2128],[-241,-2749],[763,-4572],[312,523],[90,2305],[746,1415],[269,1485],[403,32],[336,-1975],[681,-1371],[783,-3283],[-1239,-665],[-18,-2018],[-248,-731],[-1269,-1933],[853,-264],[529,864],[647,-54],[963,-1157],[987,603],[1540,-1682],[738,184],[572,-2403],[-848,-1664],[661,-327],[2033,-1885],[-180,-1613],[636,-1032],[655,548],[948,-570],[330,-1035],[1036,-2010],[1752,-335],[77,-1108],[-309,-1581],[-518,-942],[-1249,-1351],[-388,-959],[939,-2290],[1863,-2600],[1520,-979],[333,-814]],[[669748,452669],[-1297,627],[-995,2159],[-1246,1190],[-1603,921],[-549,698],[-1088,-78],[-2115,2444],[-1204,735],[-1713,3562],[-385,1308],[-1420,-992],[-39,-2506],[-495,-1907],[-937,-966],[-309,-1623],[-2643,-4480],[-1300,-2409],[-1320,-512],[-398,1140],[80,1064],[-340,1496],[-567,1142],[114,1747],[-973,189],[-920,-1077],[-1057,-367],[-2586,861],[-329,1667],[170,2482],[-256,1210],[-1390,1534]],[[640638,463928],[146,1287],[53,3284],[480,1481],[555,190],[1335,1208],[-20,1596],[636,2550],[90,1733],[-218,705],[-926,962],[-449,-144],[-1439,-2891],[-516,31],[-1131,-1303],[-930,437],[-975,-540],[-1232,683],[-384,-418],[-2352,760],[-990,101],[-1381,2147],[-321,2945],[-469,1398],[-1170,1951],[-97,1055],[1024,875],[-749,1432],[171,2921],[-207,2034],[234,1603],[460,1435],[-256,1434],[572,496],[-852,1356],[-1834,-172],[-595,990],[-1110,886],[-120,1096],[-983,1919],[-475,522],[-71,1839],[-874,1633],[-278,2886],[-921,3490],[-878,1112],[-483,-63],[-1200,1349],[1625,1235],[-782,2222],[-2198,-110],[-733,289]],[[617420,519845],[433,1827],[1740,1838],[250,823]],[[619843,524333],[219,797],[750,521],[1899,3895],[387,340],[-362,1609],[1122,1266],[1575,1398],[605,-210],[1524,1458],[508,-630],[701,192],[128,-980],[1620,1326],[1264,-2465],[305,-1178],[1225,-699],[467,-643],[1385,-150],[1295,-2698],[395,-105],[1124,-1902],[724,-130],[578,-716],[449,-1329],[508,314],[818,-1538],[892,-821],[267,-871],[825,-802],[723,-1405],[336,-1448],[704,-713],[263,-1396],[664,-688],[1001,-290],[274,-2352],[899,-1128],[538,-1522],[869,464],[1944,-241],[748,555],[1572,-2124]],[[705429,357358],[-582,-1540],[-200,-1264],[-1009,-765],[-75,-1548],[-552,-2065],[166,-2639],[-470,-1202],[-180,-1576],[476,-1723],[-191,-778],[-780,-1038],[-953,-667],[-604,-2625],[385,-1233],[-849,-1840],[-257,-3958],[-914,-4358]],[[698840,326539],[-1002,868],[-1228,498],[-870,-136],[-659,398],[-778,-251],[-1180,246],[-1435,2094],[-3091,2055],[-880,1156],[-2248,505],[-1365,-830],[-1693,1425],[-728,1309],[-958,-598],[-1505,-496],[-2118,-1903]],[[677102,332879],[-1037,1677],[-1556,3016],[1,702],[-764,1711],[-1330,1050],[-2234,2733],[-806,1792],[50,1408],[567,1382],[1009,3971],[34,1512],[-1193,2551],[-1723,2303],[-537,1407],[-264,1478],[-502,170],[-1868,-1751],[-1919,149],[-1327,-254],[-768,-580],[-968,92],[-1421,-429],[-583,285],[-1050,2047],[-1122,1249],[-1512,795],[-704,-343],[-608,519],[-1258,-436],[-539,-2427],[-76,-2088],[449,-3039],[-1245,-931],[-1143,-1385],[-564,923],[506,1539],[-157,1209],[600,1971],[-468,2569],[-813,1661],[-310,1282],[-1945,614],[-826,632],[-1815,513],[-2143,-143],[-956,-761],[-405,-2060],[166,-2653],[-102,-1248],[-2498,-1232],[-818,-1244],[-2153,-783],[-1735,-1183],[-802,-1112],[-738,2602],[-1194,1086],[-1252,2000],[77,1460],[-237,1720],[-1451,1098],[-744,1234],[-440,2031],[-1621,3245]],[[624317,370185],[-782,268],[-1602,-1153],[-1712,1252],[-862,-461],[-2547,-210],[-620,2808],[-119,2420],[-699,2182],[-857,1140],[-843,1610],[-253,1287]],[[613421,381328],[85,1405],[368,1056],[-123,820],[571,939],[950,606],[1043,1889],[-236,858],[916,1601],[360,1106],[-166,2261],[1025,3409],[1006,346],[2769,2492],[562,2251],[956,1534],[1277,3874],[-23,731],[-1466,2162],[203,764],[-412,2519],[200,1728],[1827,162],[1092,720],[647,-1105],[-287,-1008],[487,-1700],[505,1639],[595,1115],[283,1361]],[[628435,416863],[1073,15],[534,-1768],[1227,-1804],[325,-1668],[776,-1804],[1062,-806],[255,-1401],[722,-2015],[483,-562],[1246,340],[365,-363],[327,-1481],[1359,-1305],[1812,1767],[363,1773],[1338,76],[1459,809],[854,-694],[-3,-1580],[1328,-690],[888,1582],[706,750],[542,-464],[1867,22],[-98,-1300],[1453,129],[1363,-467],[744,502],[304,804],[962,516],[665,-534],[1171,-1916],[1379,621],[402,-680],[1575,2],[700,801],[49,1728],[440,850],[-986,1090],[-357,1469],[-797,1951],[-597,657],[-331,1430],[-686,1422],[-1156,556],[-550,802],[-200,1674],[1267,235],[708,696],[542,1275],[1775,2499],[921,-37],[1599,-3771],[693,-599],[1400,-491],[623,-2119],[502,-714],[2257,-1890],[560,-1179],[1020,-92],[1342,-1467],[929,-1742],[305,-2041],[976,400],[1202,-628],[1207,424]],[[683785,446040],[139,-1796],[628,-1399],[-77,-2880],[238,-1554],[787,-2320],[1248,-1023],[1616,-637],[596,-1262],[465,-206],[2228,-2510],[1414,-2916],[1574,-311],[466,-1850],[858,-669],[1030,-102],[555,-497],[834,690],[877,2204],[650,281],[1044,-2011],[870,-3541],[301,-4793],[231,-1448],[1418,-2654],[1350,-1085],[1588,-3994],[23,-2248],[-210,-2731],[74,-1257],[990,-1381],[275,-797],[-305,-1708],[440,-1503]],[[708000,396132],[422,-864],[1118,-930],[218,-1110],[79,-2829],[473,-1532],[796,-1089],[859,-2306],[70,-1270],[-512,-2185],[1055,-2483],[1179,-766],[412,-1115],[-268,-3677],[478,-2396],[-418,-813],[-795,248],[-796,-786],[-13,-1927]],[[712357,368302],[-35,-2954],[2395,-2285],[791,521],[1427,-1049]],[[716935,362535],[-1493,-2263],[-917,-821],[-2083,-1133],[-755,-2151],[-1691,-2027],[-1609,148],[-1036,975],[-372,957],[-1550,1138]],[[705429,357358],[-539,199],[-1596,-157],[-548,364],[-445,1758],[622,1812],[-318,1230],[-746,597],[-670,-152],[-1117,-1273],[-1146,1338],[-1387,413],[-1726,2232],[-255,2422],[-329,382],[-1852,163],[-308,3286],[127,681],[-946,2565],[-773,1061],[-1948,1083],[-677,900],[-507,2095],[-995,680],[-537,794],[-1071,224],[-579,1015],[-546,3849],[16,1925],[-1831,2397],[-50,1143],[-1015,135],[-1411,2236],[-1027,-477],[-399,-1375],[-844,-69],[-932,1659],[-347,1099],[673,2367],[-1766,3543],[-196,1162],[777,1964],[-648,1552],[-997,278]],[[674620,406458],[-30,938],[975,2799],[-98,2499],[195,991],[1188,2289],[20,1254],[820,2553],[-615,1176],[600,506],[517,1350],[-159,1672],[-469,1136],[-82,1132],[-625,864],[-109,896],[-963,1590],[100,1602],[-993,1117],[-833,512],[-197,1191],[-1728,1060],[-381,1783],[-5,1621],[-1186,648],[-333,2152],[-958,1603],[-1326,3296],[1211,3591],[592,2390]],[[669748,452669],[398,-827],[1299,-720],[988,2046],[425,456],[2136,-773],[144,-632],[1672,-1247],[2041,-192],[1037,-958],[1024,622],[180,1213],[690,432],[1115,1567]],[[682897,453656],[701,-1746],[-13,-838],[-689,-2862],[112,-987],[777,-1183]],[[563067,468953],[65,-1612],[-652,-1108],[-1166,-415],[-1714,-110],[-432,-675],[595,-890],[15,-2780],[-364,-1451],[909,-1677],[-621,-1914],[595,-934],[-393,-2262],[-798,-1652],[114,-1269],[-542,-1817],[134,-1761],[-184,-1116],[-922,-1324],[-765,-288],[-282,-1237],[-1232,-1743],[-1254,-420],[-989,-1606]],[[523434,422616],[-1254,-324],[-759,377],[-1539,-15],[-1252,-1036],[-1068,209],[-1193,-292],[-681,-1283],[-1342,797],[-1116,-915],[-989,-2017],[-464,-2914],[-1216,1693],[1582,3913],[-411,1682],[-653,858],[1120,3095],[734,664],[46,1981],[-835,757],[-712,1999],[-815,1295],[-19,1080],[-545,320],[-740,1402],[-1005,501],[-1060,1171],[-1066,417],[-886,-531],[-1147,483],[-217,473],[-1966,-772]],[[553184,438892],[247,-896],[899,-828],[1554,-2273],[844,-415],[356,-997],[643,-492],[667,-2208],[420,-2529],[672,-1513]],[[536527,380132],[-1059,1069],[-170,747],[83,2983],[-532,1618],[24,3519],[829,5326],[-430,492],[-1383,-826],[-183,1604],[-827,-1344],[-1698,-1473],[-808,-124],[-1221,-1221],[-581,14],[-814,908],[-628,186],[-1159,-1552],[-1379,-800],[-106,1647],[-425,1094],[-1348,1691],[144,1120],[498,209],[684,1649],[-768,1243],[-146,1640],[894,1319],[140,1748],[1062,1801],[561,521],[670,1621],[406,2174],[-366,935],[-357,2861],[-688,1580],[-1520,2062],[-576,2417],[84,2026]],[[523434,422616],[860,-660],[2222,578],[835,-635],[1760,-326],[927,621],[39,2253],[-466,2060],[-1326,2001],[-441,1061],[-451,2299],[737,801],[409,1109],[759,-90],[1066,-733],[575,777],[137,1488],[814,436],[664,-351],[1124,708],[1931,63],[2053,-1385],[3896,-1135],[958,644],[773,-165],[1998,-1193],[1767,1355],[1368,3188],[675,185],[1221,1626],[1124,158],[1742,-462]],[[540253,486029],[-2617,-594],[-1163,-976],[-328,367],[-1728,-448],[627,-941],[1460,-888],[-125,-1031],[-947,-599],[-711,-1354],[-884,-406],[-1462,-2061],[-2184,1113],[-708,2395],[516,2059],[-1616,-375],[-1134,-815],[-781,262],[-539,-381],[-975,271],[-770,-1183],[-102,-1158],[372,-1904],[-306,-951],[637,-1158],[-1331,200],[-428,-570],[-1614,-295],[244,-1603],[-390,-1907],[-830,-84],[74,-1119],[-865,-393],[-451,906],[-900,-1975]],[[565829,477839],[-141,-1049],[505,-1246],[2141,-1171],[803,378],[571,-1745],[1404,-2191],[441,-1072],[9,-1224],[-1117,-1874],[64,-1588],[-1055,57],[-1197,1055],[-405,-1763],[937,-1303],[204,-957],[-557,-1571],[-1206,-1250],[-1101,-127],[-1016,2208],[-997,984],[-354,1310],[465,1480],[398,2189],[-82,1151],[-718,-319],[-758,752]],[[563067,468953],[-1875,1474],[-594,1260],[-896,625],[-852,-157],[-1312,855],[-937,-51],[-373,911],[-2112,2997],[-1467,1496],[-1000,1285],[-2712,344],[-1078,795],[-1240,-2532],[-1331,1037],[-1033,435],[-131,2386],[-629,422],[22,2172],[-435,1870],[-560,788],[-533,-851],[-780,183],[-956,-668]],[[540253,486029],[-211,708],[371,1455],[-228,1500],[-36,2964],[-181,1607],[-1712,2575],[-553,283],[-1546,-621],[-1876,86],[-213,2375],[-497,1093],[561,2607],[-263,1138],[411,820],[-807,1342],[-5,1889],[-266,1371],[839,169],[1131,896],[95,1023],[755,1236],[861,433]],[[572846,420405],[518,-2569],[-574,-2062],[-69,-964],[978,-4625],[-46,-1893],[576,-1776],[-759,-2563],[-182,-3072],[-358,-2091],[105,-2369],[-272,-4025],[132,-1986],[-89,-2462],[654,-1648],[-6,-1822],[811,-1176],[203,-893],[-548,-1003],[-115,-1485],[-524,-897],[-1075,-1099],[-627,-2209],[-1197,-1638],[-1426,-2637],[-1188,-308],[-1339,-1865],[-446,-1891],[-870,836],[-390,-428],[-504,-1872],[-1104,-581],[-394,-809],[-107,-1309],[-648,-1117],[-776,-364],[-555,-1597],[423,-418],[419,-1753],[550,-284],[2646,836],[325,-1087]],[[564998,357430],[-426,-850],[-602,-200],[-907,-1687],[-709,-660],[232,-740],[950,-88],[300,-1821],[-692,83],[-839,-560],[-249,-751],[717,-2515],[18,-1059],[501,-964],[-79,-944],[-623,-424],[-475,-1438],[3,-1176],[-450,-2323],[1155,-1943],[770,233],[1033,-1457],[496,-1788],[19,-953]],[[554176,333683],[573,1234],[1120,1211],[1321,3296],[943,3713],[108,1991],[331,1395],[-298,1610],[-1463,2337],[-1609,186],[-1520,671],[-2063,-471],[-1255,676],[-756,2873],[-609,1193],[-346,1529],[56,4335],[-566,1691],[795,4566],[379,589],[140,1732],[961,4415],[540,620],[557,1850],[-2114,1018],[-639,-1055],[-1595,70],[-1159,1307],[-527,223],[-1017,-484],[-948,1406],[-798,-1127],[-3391,-1976],[-1254,-178],[-861,661],[-575,1226],[221,1351],[-331,765]],[[536527,380132],[184,764],[-53,2062],[877,2755],[783,4740],[240,5131],[492,999],[258,2029],[1287,2547],[332,2879],[75,1838],[900,2791],[352,354],[1577,389],[872,-400],[1064,-960],[1535,1336],[383,-237],[-443,-1514],[544,-1271],[408,494],[240,1712],[29,2711],[-451,2389],[53,1137],[611,1287],[517,421],[987,-676],[900,187],[1102,-315],[550,586],[1391,-289],[1419,774],[495,581],[1701,-455],[308,222],[326,1919],[-111,1945],[378,934],[235,1669],[584,1373],[28,1771]],[[559486,426741],[1007,498],[1590,-619],[497,2106],[1492,90],[192,-1050],[1602,-1253],[1161,-2562],[742,-487],[1280,431],[904,-1523],[1195,371],[886,1521],[301,-1955],[511,-1904]],[[605265,549708],[-938,-2785],[-1193,-2054],[643,-2557],[97,-1304],[-493,-1665],[403,-967],[9,-1931],[381,-2144],[-642,-2895],[429,-1869],[-144,-1175]],[[603817,528362],[-426,-898],[-1668,-175],[-700,-480],[-1282,-166],[-1258,839],[-427,-195],[-877,-2076],[-143,-2040],[-946,-5646],[-386,-1255],[-918,-1962],[39,-2265],[-949,-2841],[-122,-2564],[-859,-1418],[-224,-1473]],[[574036,508168],[169,1370],[988,1165],[481,2085],[820,2168],[-206,1068],[-1334,576],[261,2510],[538,1177],[-335,1767],[182,1882],[600,1673],[-252,625],[-1847,-523],[-1794,-1481],[-754,-3455],[107,-1419],[-348,-881],[-939,-421],[-803,352],[-738,-426],[-1921,-233],[-909,-578],[-1194,-72],[-1662,769],[-349,508],[-1254,-1367],[-752,-228],[-615,476]],[[556670,533515],[894,-1691],[308,-3104],[-110,-1348],[566,-2272],[7,-3358],[954,-447],[1029,-1026],[77,-2049],[-219,-965]],[[560176,517255],[-932,-483],[-1128,-2166]],[[543428,511194],[-590,47],[-1261,-928],[-1537,97]],[[574036,508168],[1209,31],[951,-721],[2063,-177],[513,-1142],[1696,-1330],[1284,162],[531,759],[531,-827],[1305,43],[1067,-1117],[1396,276],[395,945],[658,-254],[1156,-1958],[1540,-566],[2340,1455]],[[592671,503747],[-102,-1373],[865,-2120],[-412,-918],[-2456,-2616],[-965,-1533],[-737,-2089],[-850,416],[-355,1531],[-536,-419],[245,-1984],[-1795,-4155],[-1124,-1004],[-190,-1134],[-620,-678],[-278,-1171],[-888,-2347],[-718,-779],[-838,-21]],[[580917,481353],[-419,1667],[34,823],[-666,1132],[-833,2001],[-556,2400],[-1580,-2641],[-896,-2240],[-1603,-308],[-1170,-568],[-743,-2565],[-714,-1093],[-861,-236],[-2041,1237],[-1031,-2189],[-1260,-960],[-749,26]],[[565829,477839],[-978,67],[-1490,1891],[-458,1439],[-1495,1728],[-464,1036],[-663,453],[-410,1519],[-2555,81],[-559,490],[-1171,1817],[-769,2539],[-719,3989],[-761,-944],[-780,1594],[-235,1933],[-2186,1391],[-1664,393],[-649,1517],[-575,-262],[-519,736],[62,3670],[-350,729],[-710,-855],[-758,404],[-1257,1811],[481,366],[122,2140],[-891,1683]],[[543428,511194],[1005,552],[161,1730],[367,417],[790,-1243],[585,-270],[869,405],[587,-199],[1150,351],[848,-1480],[751,147],[815,1534],[486,142],[1668,-968],[848,118],[1400,-345],[530,1346],[1828,1175]],[[558116,514606],[3170,-1552],[970,-1274],[2589,-2265],[1768,-482],[2679,-482],[1454,903],[1684,-87],[1606,-1199]],[[513846,494517],[334,-2229],[1412,-2942],[970,-1182],[1045,-554],[387,-3946],[546,-1038],[-832,-962],[102,-3145],[-494,-1488],[228,-2041],[516,-2029],[-230,-636],[-960,270],[-38,-754],[1280,-2021],[182,-1387]],[[518294,468433],[-131,-2123],[-1014,-1173],[217,-2582],[-178,-294],[-1369,471],[-449,-980],[-247,-1704],[-509,859],[-911,609],[-828,-546],[678,-2492],[-757,-1277],[197,-1217],[1283,-236],[463,-1487],[-1427,-186],[-625,-1438],[-836,-183],[-477,-1017],[-1089,-1504],[-563,-1921],[-812,-973],[-893,-2647],[-420,-456],[-1082,296]],[[495265,498024],[577,197],[1358,-1224],[1782,-1024],[1048,-980],[1769,310]],[[546945,556247],[1868,2554],[357,-546],[669,1643],[725,724],[-220,1327],[-789,2453],[540,2725],[727,744],[624,5670],[-380,2727],[450,2642],[-325,2594],[344,1577],[214,2967],[-251,1578],[500,1682],[789,1286],[1071,914],[-327,1085],[133,1972],[-89,2345],[-452,1869],[-85,3046],[254,3222],[-595,3718]],[[576424,612426],[587,-495],[98,-1919],[348,-1852],[718,-1582],[1239,-526],[719,-1933],[1291,-449],[669,-1181],[985,-2970],[641,-1302],[85,-3581],[-112,-953],[284,-1760],[-312,-2589],[1141,-1764],[262,-1384]],[[568732,549528],[-406,-967],[-1062,-426],[-610,488],[-683,-425],[-258,-2356],[-1108,-47],[-496,420],[-236,-2554],[-456,-313],[-804,925],[-736,-1101],[852,-1750],[-449,-1345],[-1158,177],[-787,-1285],[-889,-956],[-453,-1875],[-554,-535],[-886,37],[-701,-897],[-182,-1228]],[[556670,533515],[-496,-523],[-451,930],[-721,401],[-914,-406],[-396,-974],[559,-2140],[-193,-704],[-1500,-128],[-217,-740],[152,-1628],[-672,-241],[-958,972],[-1040,-715],[-418,983],[-508,-50],[103,-2426],[-542,-194],[-546,1077],[-725,-652],[-349,-1487]],[[545884,539674],[1093,-110],[978,788],[130,1670],[710,842],[-46,1087],[668,726],[811,-1120],[818,-390],[385,1349],[1399,-1099],[1554,1487],[1222,502],[803,1258],[1005,508],[16,1606],[321,2211],[969,1056],[-396,613],[-953,3006],[994,271],[958,-838],[1296,2181],[571,1511],[809,-416],[662,869],[164,1836],[954,-538],[658,1143],[998,2806],[1552,869],[-418,953],[337,1080],[-43,1546],[573,-215],[743,2072],[216,1401],[-342,982],[783,1795],[235,2217],[872,1880],[1335,251],[419,-929],[713,-238],[928,1540],[346,-1050],[504,-48],[681,1292],[740,60],[2440,2591],[626,1292],[601,259],[1634,-637],[876,40]],[[546945,556247],[711,-2061],[120,-2782],[-267,-1453],[-32,-2940],[-2749,-918],[75,-3863],[255,-1776],[826,-780]],[[545884,539674],[-38,-1694],[562,-1955],[-797,-1906],[-833,-822],[205,-1875],[746,-1701],[97,-1564],[567,-1694],[483,-547],[-38,-1046]],[[546838,524870],[-813,-325],[-979,-1571],[-1166,-1474],[-360,-1185],[-649,-608],[-761,863],[-389,-729],[-583,-2252],[467,-1370],[-1018,-3167],[-146,-1532],[-401,-1110]],[[540040,510410],[-1137,461],[-2020,2107]],[[536883,512978],[-1380,2021],[-2030,2262],[-1322,1135],[-563,1106],[-534,2099],[-1079,1523],[-1429,151],[-1029,595],[-1907,2320],[-2098,1513],[-511,114],[-1424,-1037],[-438,-1541],[-475,-2758],[-342,-702],[-117,-3699]],[[534630,564633],[2667,1167],[570,-1646],[-202,-747],[617,-2906],[-89,-2811],[-523,-238],[-533,-2216],[105,-1361],[549,-2010],[-394,-3056],[432,-870],[903,1003],[421,1432],[2791,1491],[1221,101],[557,1631],[737,610],[1498,2179],[988,-139]],[[514256,525362],[-555,-1858],[238,-1234],[741,311],[338,-1504],[1249,325],[1103,-1807],[1167,-862],[1668,-653]],[[520205,518080],[-607,-1716],[-1750,-1597],[-549,-1009],[153,-1537],[521,-1014],[1343,-403],[256,-1181],[-501,-1512],[238,-2350],[-1025,-1112],[-335,-2576],[-1845,-2464],[-620,-2374],[295,-2389],[-504,-560],[-891,638],[-538,-407]],[[513846,494517],[-706,1413],[-915,598],[-932,1392],[-573,1962],[-1208,1200],[-138,932],[-1376,1141],[-603,-2789],[-1316,726],[-1108,-684],[-510,-691],[-709,-3456],[-1167,-1091],[-786,133]],[[501799,495303],[-284,5754],[793,3120],[747,1284],[180,1372],[-530,2169],[613,917],[840,4805],[-475,585],[295,1860],[862,-440],[842,627],[144,971],[611,345],[705,-983],[411,78],[792,1604],[905,771],[755,1251],[-16,757],[714,557],[-198,1183],[1089,228],[-339,1543],[790,965]],[[520449,559452],[480,-1547],[196,-1503],[-644,-319],[-1200,667],[-418,1757],[-554,908],[-1114,-477],[-683,163],[-702,-1495],[541,-568],[218,-1320],[943,-1585],[159,-1089],[485,-506],[191,-1764],[-313,-2950],[-1397,-1162],[-2153,-2088],[-201,-775],[-70,-2905],[-206,-1777],[-488,-7107],[-896,-927],[-739,-1302],[204,-1744],[1443,-452],[725,-2223]],[[514256,525362],[-583,935],[-505,-459],[-1123,788]],[[512045,526626],[-331,812],[-907,-667],[-485,1589],[-108,1690],[-805,1785],[-1192,1666],[-1270,1390],[-880,543],[-1985,128],[-444,636],[-2205,981],[-519,-618],[-2545,2962],[-841,536],[-1263,2536],[-1836,1156],[-282,1343],[228,1562],[-1057,-270],[-990,-1584],[-692,3097],[-1216,2645]],[[614639,571041],[-1189,-747],[-894,385],[-1324,-1282],[-917,278],[-589,-1802],[72,-1204],[-578,-760],[-1173,-2383],[-1052,-3063],[-1180,-1886],[-534,-1420],[-197,-2870],[-462,-1459],[168,-1331],[492,-627],[-17,-1162]],[[605265,549708],[-508,836],[-1427,1244],[-2926,-545],[-1056,-1325],[-1604,-395],[-581,-885],[-1370,-566],[-857,446],[-336,-875],[-1720,-1296],[-1734,-458],[-348,-787],[-864,-235],[-1575,282],[-1483,-987],[-487,-1187],[-917,849],[-1059,385],[-59,1321],[-362,755],[-1386,-10],[-428,-1006],[-526,-233],[-1282,1383],[-1021,-649],[-1364,1673],[-488,-351],[-1168,1875],[-987,669],[-822,-655],[-1183,1237],[-1412,956],[-548,-625],[-646,32],[-913,-784],[-1086,-269]],[[568732,549528],[621,1433],[20,1906],[441,3606],[1409,417],[605,-150],[914,941],[728,1637],[1321,2051],[1019,3288],[280,1325],[651,-399],[377,565],[1265,848],[1104,-309],[2173,1069],[1683,1630],[381,1492],[603,5669],[-735,1618],[-209,2427],[-819,2002],[-778,898]],[[581786,583492],[1032,491],[960,-177],[991,939],[298,1441]],[[585067,586186],[1107,-907],[909,602],[957,1197],[1452,227],[1959,-704],[1769,3073],[1716,1464],[1231,-1007],[1069,-132],[773,984],[1273,13],[917,511],[1508,-83],[948,907],[2097,1003],[2103,299],[650,1369],[907,-120],[1462,-2458],[418,-98],[742,-1364],[486,60],[2011,-1657],[103,-695],[1454,-1219],[1262,-2822],[147,-1709],[1501,-3674],[244,-1181],[1492,-1140],[831,-924],[11,-2388],[-287,-846],[-313,-2984],[-424,-18],[-1095,1683],[-790,-653],[-3028,246]],[[524227,558720],[-499,1039],[-1654,81],[-622,488],[-1003,-876]],[[520449,559452],[-1544,1569],[-808,2526],[-1134,565],[-1099,1161],[-488,872],[-1267,983],[-580,963],[-1062,-6],[-591,1225],[-1033,405],[-322,1192],[-1299,1124]],[[538183,606459],[1092,-2236],[-570,-3210],[-101,-2137],[-1757,-4535],[-1228,-926],[25,-1972],[-359,-3997],[43,-2707],[994,198],[351,-2025],[-113,-1674],[-868,-2551],[0,-1236],[-568,-364],[-1187,-3966],[-562,-549],[-391,-1415],[206,-1886],[1661,-435],[673,-608],[-549,-1236],[-345,-2359]],[[534630,564633],[-994,-889],[-523,-1695],[-594,-1151],[-1875,-1866],[-1903,-2256],[-1158,-740],[-2892,-153],[-1270,431],[-178,672],[984,1734]],[[524227,558720],[1358,1693],[790,2445],[-571,1675],[1030,1357],[-72,1532],[373,1939],[-766,990],[434,1271],[-86,1100],[578,2126],[-587,4126],[-330,777],[1134,1460],[490,1200],[745,-59],[304,596],[-243,1141],[351,807],[-149,959],[391,1855],[1783,3565],[-1036,-78],[-549,843],[-1098,861],[510,3125],[358,799],[-682,1647],[1033,2101],[-218,2065],[161,1827],[311,296],[159,2250],[555,950],[-127,1183],[605,1386]],[[470911,662483],[-928,-1306],[-779,428],[-871,-157],[-1448,-1002],[-708,-2660],[-703,-1419],[-134,-1842],[-411,-1468],[-859,-1110],[-1876,-45],[-715,-1089],[270,-2114],[-298,-1728],[660,-868],[-481,-920],[-1459,494],[-745,-1380],[-1177,-758],[50,-2013],[-707,-860],[-2106,313],[-773,-938],[-929,528],[-740,-1221],[-1838,184],[-1229,-142],[-478,1046],[-580,-351],[-1242,482],[-787,-616],[-1750,276],[-1637,1245],[-1573,84],[-1072,-844],[-22,-1356],[-1064,-714],[-974,137],[-1675,-347],[-1107,-1299],[-951,-683],[-828,324],[-1594,1860],[-1286,1957]],[[588810,714081],[-295,-2342],[-828,-2691],[1055,-2186],[44,-1300],[384,-1030],[-137,-3558],[307,-1753],[-265,-945],[-122,-2351],[202,-584],[188,-3641],[1512,-4805],[186,-1483],[58,-3339],[-452,-1516],[-896,-1797],[106,-2062],[-988,-2561],[-828,-3094],[-194,-4051],[-797,-2166],[-186,-1420],[79,-1659]],[[586943,661747],[-191,-2135],[-638,-2623],[-544,-509],[-613,239],[-1074,-614]],[[512436,595915],[-989,-1608],[-1423,-3000],[-1931,-3670],[-2464,-1752],[-593,-26],[-634,1047],[-747,-409],[-1069,-2678]],[[469167,577428],[142,708],[1069,1558],[782,2244],[1686,1281],[520,-148],[1442,1472],[150,2314],[570,1066],[-91,1800],[-394,1012],[292,1467],[-469,1285],[154,1465],[-528,1545],[52,851],[591,1538],[-93,2036],[602,2269],[69,2169],[545,1106],[815,549],[633,1289],[1154,934],[916,-130],[1648,2455],[1225,1143],[198,813],[205,5214],[412,1731],[-293,3343],[-136,3004],[-374,1975],[448,2809],[-697,3310],[-559,1753],[199,638],[341,3173],[262,1092],[1501,2904],[189,2898],[-368,3964],[-462,850],[555,1523]],[[475333,724395],[-1127,737],[-1862,-616],[-1794,116],[-973,594],[-1673,1579],[-493,-981],[-1738,-2011],[-768,147],[-621,-1270],[-3053,378],[-1034,-212],[-951,833],[-1427,-779],[-616,120],[-1348,-398],[-579,-726],[-1387,2258],[-280,1011],[-1373,2057]],[[512412,632749],[-368,-1293],[-458,-126],[-206,-1536],[-708,456],[-1531,-1821],[-1089,-431],[-242,1135],[271,2211],[-374,1076],[-211,4744],[-791,767],[428,1565],[-221,1139],[-712,673],[-983,1989],[-2193,2439],[-3205,-565],[-709,1032],[101,783],[-666,618],[-751,1378],[-354,-434],[-541,1459],[-1770,-510],[-474,1058],[-1346,589],[-1232,838],[-1572,-105],[-1182,606],[-1406,341],[-675,-415],[-849,376],[-1061,-655],[-1262,1570]],[[484070,653700],[-88,1027],[-645,1032],[-446,1348],[-511,241],[-1079,-474],[-705,1383],[-1375,-911],[-1345,590],[-942,-551],[-560,433],[-1436,-299],[-2189,1044],[-617,1581],[-1221,2339]],[[470911,662483],[1398,1200],[1170,1286],[157,694],[1361,2906],[-472,449],[-1300,2180],[-691,1684],[-404,2289],[123,2150],[452,85],[-280,1819],[351,2152],[1033,1717],[523,333],[97,1417],[777,1377],[181,835],[1170,1812],[503,1190],[2354,1073],[826,742],[2132,-97],[815,-1172]],[[437788,782372],[-261,-1675],[189,-1116],[-255,-2354],[-434,-2174],[-979,-3101],[-454,-1890],[-33,-1721],[-569,-1604],[-123,-4359],[-759,-2208],[-644,-2389],[-1293,-2404],[-1396,-1809],[-405,-1808],[-82,-1723],[206,-1142],[-441,-1498],[-542,-2829],[-26,-2452],[383,-1087],[670,1295],[2136,2530],[1017,702],[2550,-223],[2072,754],[1871,-660],[1412,-45],[920,518],[1012,-862],[807,411],[139,-1145],[1753,-346],[1207,-1014],[1130,-1485],[878,-2350],[898,-865],[161,-2626],[1006,-321],[579,-732],[577,-1462],[673,-313],[787,-1563],[-74,-1174],[-701,-1365],[-724,-562],[-390,-894]],[[452236,727232],[-1208,-855],[-687,-2449],[535,-2491],[-85,-1825],[1463,-2201],[1125,-1163],[819,-1459],[708,-783],[8,-1407],[-295,-2428],[-979,1002],[-240,763],[-1161,669],[-1712,-331],[-794,-1098],[-213,-1971],[-886,-2664],[-1184,-727],[-1417,1331],[-558,1227],[-876,374],[-881,-1242],[-534,-2254],[-326,1521],[-778,1263],[-2184,1274],[188,903],[-338,827],[-1158,252],[-378,748],[-943,427],[-161,923],[-985,493],[-511,1034],[-1268,370],[-1043,-293],[-1428,-1722],[1543,-2423],[685,-2675],[824,-768],[-26,-4031],[297,-1834],[-353,-1611],[480,-2509],[-475,-282],[-327,-1728],[-1096,-2994],[-926,-656],[-701,-1540],[-1073,-1441]],[[544375,683180],[-120,-1528],[308,-1554],[-200,-892],[371,-2761],[1212,-3939],[543,-748],[864,-2480],[726,-815],[377,-1069],[-260,-5463],[488,-2130]],[[515028,646720],[-1516,1054],[-1000,1295],[-1139,157],[-384,928],[-688,405],[-124,1134],[-1640,3108],[-1122,460],[-1151,1799],[-556,2134],[5,978],[478,2595],[-186,1258],[844,510],[-955,2693],[330,2799],[744,584],[1136,-340],[598,619],[-1081,1099],[-816,1197],[-296,1633]],[[548684,659801],[1111,186],[436,894],[1723,1447],[1156,-555],[1291,-1054],[834,-3],[626,-711],[1348,-3112],[1740,-902],[1794,616],[1530,-73],[1470,312],[2461,-2792],[1941,-1357],[2254,1365],[706,2568],[954,43],[1558,478],[899,2],[908,-899],[1410,-302],[908,-886],[1736,-385],[474,-772],[1430,316],[1476,1555],[1025,325]],[[583883,656105],[-90,-1399],[497,-991],[202,-2012],[-306,-989],[95,-2145],[306,-808],[-437,-1014],[-1209,-95],[-184,-1428],[-1704,-1717],[32,-1880],[-322,-1405],[-1641,-2307],[-887,-2105],[-709,-724],[47,-907],[575,-815],[594,-1557],[-682,-4133],[-85,-2313],[-308,-1373],[-1047,-2586],[-326,-3527]],[[516662,614029],[-1326,2418],[-542,2673],[286,1323],[145,2456],[-314,3285],[-1469,1873],[13,889],[-421,2103],[-622,1700]],[[512412,632749],[388,3788],[496,1131],[-53,1434],[431,777],[211,1751],[883,2262],[-179,1256],[439,1572]],[[515028,646720],[2197,-1181],[1209,-2161],[1010,-505],[1061,21],[598,1419],[1200,578],[666,-526],[1291,-153],[317,-1622],[864,-751],[177,-930],[1216,-324],[1230,175],[2560,1678],[942,36],[883,-715],[1490,-405],[592,574],[590,-164],[-622,3926],[-543,2077],[897,4051],[347,3355],[521,2334],[-993,704],[831,1387],[-255,1046],[369,2330],[1931,-25],[278,-993],[2237,-1025],[1038,-237],[1481,-742],[1646,-318],[2201,-92],[926,320],[1273,-61]],[[509774,679225],[-462,-484],[-1574,-2709],[-1229,-1213]],[[506509,674819],[-1415,-542],[-1228,-92],[-1502,1033],[-1540,-253],[-2194,-945],[-1412,-1557],[-1517,-388],[-1392,407],[-312,2169],[168,1590],[-250,1297],[-572,1046],[-632,-934],[-2258,-765],[-2477,-1705],[-181,-823],[-909,845],[978,2306],[834,3761],[-452,1073],[74,1224],[-807,2435],[-1272,1841],[-794,325],[-506,-451],[-1253,1542],[-501,1346]],[[483187,690604],[305,1567],[-9,1510],[295,447],[1182,-412],[-140,1755],[-1412,1123],[-13,782],[803,1976],[1479,1118],[1084,-165],[1742,626],[1235,1927],[1410,1184],[-1849,2211],[-185,4129],[1194,-610],[722,1113],[1236,378],[393,2005],[95,1716],[-141,2076],[380,1433],[627,826]],[[547769,731332],[39,-4680],[-699,-1296],[-716,-1987],[-234,-1607],[73,-3300],[-230,-2114],[207,-2100],[-313,-3364],[603,-3677],[27,-3089],[-344,-1836],[417,-2580],[785,-3035],[-90,-1319],[731,-1914],[410,-2509],[-87,-1797],[-1273,-265],[-276,-1286],[-202,-4386],[-1315,-865],[-907,854]],[[544375,683180],[-1270,127],[-698,1071],[-1483,-325],[-890,765],[-734,-76],[-1287,-1947],[-1119,-364],[-1133,144],[-988,1686],[-1534,-142],[-1072,461],[-571,-1009],[-1810,-281],[-676,304],[-1033,-268],[-741,-1758],[-904,504],[-726,-1000],[-675,291],[-573,-1492],[-912,-238],[-104,-786],[-813,-339],[-364,1903],[-568,791],[-611,-280],[-657,-1286],[-482,-2219],[-1071,212],[405,2517],[-592,84],[-789,-1615],[-831,-237],[-523,387],[-875,2033],[-539,427],[-796,-300],[-364,-1226],[-1525,-843],[-1310,674],[-1363,-305]],[[509774,679225],[-294,1504],[-72,3078],[233,1940],[-437,692],[-784,3108],[231,1509],[1399,1846],[195,1221],[-2212,959],[-1336,-1766],[-215,2252],[135,1454],[509,1935],[-2,4674],[289,741],[899,-50],[552,541],[1239,-92],[1300,801],[669,896],[658,-266],[475,-1721],[97,-1290],[480,-846],[1713,-480],[1775,-34],[3337,1042],[1173,-1021],[883,706],[-392,1503],[727,1575],[725,3026],[-362,2491],[195,1988],[-466,2373],[-121,2030],[1269,3780],[542,2937],[-822,4080]],[[430723,688778],[2100,-1541],[2199,-716],[349,-1231],[2896,-2923],[645,287],[2866,-1309],[2088,-4065],[109,-1445],[-527,-794],[-348,-2993],[161,-1954],[-413,-909],[549,-4776],[-1671,-2435],[-850,-878],[350,-1180],[-477,-1014],[-1303,-1045],[-181,-525],[-1260,-1214],[-72,-1046],[-757,-549],[-276,-866],[-940,-908],[-391,-911],[-480,-2675],[-1599,-1573],[-755,-2004],[201,-1953],[-80,-2153],[-1499,-889]],[[431357,640591],[-639,875],[-994,-306],[-649,-860],[-524,-1300],[-1413,-1580],[-1753,-463],[-644,444],[-559,1175],[-472,213],[-1454,-354],[-769,-1049],[-1292,-395],[-804,397],[-937,-2291],[-374,-1729],[-947,-948],[-1756,-1125],[-621,-1241],[-87,-1293],[396,-851],[700,-2525],[271,-2484]],[[410992,685364],[1994,198],[442,-684],[1728,1144],[607,913],[2117,-1028],[1181,846],[679,-118],[1296,627],[707,1580],[1231,887],[2646,224],[1290,743],[2186,-47],[862,-492],[765,-1379]],[[576294,617875],[-51,-1378],[394,-1421],[-213,-2650]],[[576424,612426],[-479,-1657],[-1519,-1040],[-1403,-152],[-1272,-1635],[-1932,1466],[-746,-920],[-3155,-1577],[-2643,430],[-853,-135],[-1643,1250],[-883,-159],[-965,1194],[-1837,612],[-1040,697],[-1042,1360],[-1469,-1662],[-846,-1733]],[[552697,608765],[-1470,-130],[-3344,-2004],[-1043,328],[-1943,1644],[-1211,1364],[-1790,-1664],[-1377,-970],[-2336,-874]],[[538183,606459],[-1028,-32],[-1932,2854],[-1050,370],[-1576,1098],[-1431,-219]],[[531166,610530],[-1607,-102],[-2372,-777],[-2918,-109],[-1413,-1910],[-1367,429],[-1051,1050],[-954,-377],[-1049,-1330],[-1112,-883],[9,-2184],[-320,-892],[-1596,-1343],[-896,-997],[-1606,-4334],[-478,-856]],[[512436,595915],[-366,1127],[-592,3334],[-993,1001],[529,669],[-155,1396],[433,1786],[1837,2308],[127,1114],[-787,470],[-352,1452],[-941,1531],[598,1617],[607,481],[970,-1149],[1968,19],[1343,958]],[[516662,614029],[1201,307],[1298,-46],[206,596],[1705,-506],[1438,432],[255,-1160],[867,-1885],[1665,746],[1173,-105],[1082,909],[483,-1878],[1112,-2],[851,764],[471,2017],[1653,-135],[505,-567],[380,-1616],[1363,296],[1187,1721],[1157,139],[901,633],[768,-324],[500,374],[994,1846],[676,771],[-822,1432],[390,1389],[36,3602],[411,994],[1052,418],[644,-278],[1025,1012],[1181,-412],[1099,-877],[1098,-457],[265,-1809],[911,784],[504,-567],[726,-2118],[-372,-1216],[219,-1386],[2254,-139],[266,281],[-143,1751],[222,3013],[293,1924],[460,-656],[1582,-562],[1249,1233],[1477,1046],[-124,-2194],[432,-1771],[1088,-2270],[576,-1908],[695,-501],[1819,-2249],[927,103],[444,2008],[738,129],[-378,-2545],[68,-1467],[676,-2],[1635,-1595],[569,3092],[2132,1704],[251,768],[2112,207],[1122,2394],[503,-98],[655,-2446],[941,-409],[925,663],[1370,-1039],[538,1543]],[[588810,714081],[-687,-1884],[-638,954],[-831,2669],[-450,696],[-114,1740],[-658,1117],[-580,1850],[-1273,1717],[-1134,2053],[-1123,1190],[-408,1642],[-891,1126],[-665,2178],[-992,1393],[109,1663],[375,2075],[382,614],[-59,2953],[2396,260],[1242,-570],[881,638],[62,2108],[-564,1770],[-1999,3189],[-862,1107],[-874,-91],[-2493,670],[-1811,674],[-1438,-375],[-578,-1299],[139,-2490],[-680,-2969],[208,-1812],[1695,-2395],[120,-1849],[-893,-1344],[-1119,-3324],[-1793,-3652],[-999,-1455],[-611,-1406],[-602,-272],[-1933,1283],[-4117,2005],[-5753,448],[-2625,759],[-5173,257],[-1230,1640]],[[547769,731332],[-486,1714],[-49,1636],[235,1607],[-16,3011],[-607,4252],[147,1884],[-116,2082],[-359,2019]],[[573866,793007],[225,-2742],[720,-1295],[1956,-1556],[784,-304],[1695,-1463],[1177,-600],[1185,-1042],[1407,-1682],[1561,-2143],[1127,-2446],[1050,-1646],[924,-974],[1278,-3635],[191,-2693],[631,-1819],[1366,-1267],[1870,-2236],[683,-1088],[529,-1562],[489,-4031],[-78,-2080],[13,-4624],[-1183,-4826],[-418,-3107],[565,-3744],[-1071,-1528],[-395,-2071],[-1163,-3185],[61,-1091],[804,-3532],[2,-1930],[487,-1624],[143,-1763],[438,-1261],[-228,-1217],[85,-1416],[-662,-683],[-1855,107],[-859,-1207],[-590,-1920]],[[708838,870587],[43,-995],[-355,-2989],[-652,-1202],[-1422,-414],[7,-2459],[-1046,-1156],[-1352,-895],[-2637,-2345],[-429,-2200],[-287,-381],[-1264,825],[-1299,-290],[-1883,868],[-1495,-537],[-1304,105],[-1625,-676],[-1961,336],[-775,-436],[-1338,-1806],[-576,-324],[-1817,358],[-384,-458],[-2341,-557],[-1062,-581],[-1190,434],[-316,2098],[-312,330],[-1361,128],[-1214,-1062],[-1045,-1283],[-282,-1358],[322,-1884],[-30,-2234],[-1242,-487],[-1022,160],[-1458,1289],[-582,-532],[-1179,-2626],[-1976,-976],[-1855,-1287],[-1938,-41],[-475,611]],[[664429,843658],[-274,546],[-1559,357],[-1214,-576],[-1676,-1370],[-1868,-1036],[-891,294],[-1364,-238],[-2286,-1317],[-656,-576],[-498,-2404],[-409,-914],[-2588,-1029],[-1510,-2346],[-849,-2218],[127,-1829],[-691,-1422],[-386,-1808],[-522,-543],[-768,129],[-822,-525],[-604,186],[-1835,1543],[-1590,626],[-587,945],[-190,1085],[-53,2827],[502,2421],[-690,1957],[-299,2867],[-596,746],[-1577,766],[-824,1920],[-1297,1763],[-1055,-118],[-765,-1004],[-1072,-391],[-1847,-1452],[-572,236],[-1339,-451],[-1895,2603],[-1137,-351],[-1620,2922],[-749,559],[-753,-26],[-1393,796],[-1077,1125],[-1170,1626],[-1300,870],[-880,-221],[-1786,414],[-1324,-503],[-1531,-211],[-2603,-46],[-249,-2564],[-698,-1906],[-1361,-2392]],[[605909,844000],[-969,-101],[-1348,-1380],[-2298,-632],[-1718,-898],[-1007,-65],[-1535,-517],[-646,-1172],[-1246,-3531],[-1153,-2361],[-1834,-2082],[229,-3433],[885,-3875],[612,-1905],[159,-1950],[-701,-3027],[-762,-2222],[-839,-1364],[5,-4668],[-886,-427],[-2211,353],[-2850,-328],[-926,-976],[-4730,-6898],[-1054,-1035],[-1556,-63],[-1804,-805],[-796,-998],[-231,-1889],[-833,-2744]],[[573866,793007],[-1457,-164],[-796,-838],[-1226,-389],[-1729,-3189],[-853,-2268],[768,-3216],[-40,-1484],[-501,-2051],[-649,-964],[-1542,-901],[-781,96],[-1075,1225],[-1237,133],[-910,-971],[-542,-1579],[-1266,-2051],[-279,-791],[-172,-3283],[-476,-3529],[530,-2554],[-1845,-2384],[-650,27],[-793,751]],[[510232,932872],[5287,136],[2257,-292],[749,1377],[1438,841],[1663,-612],[1046,1006],[633,-152],[1371,540],[2222,1305],[2170,1476],[936,2116],[2336,740],[1749,1567],[1350,954],[981,-826],[1596,-198],[583,-490],[-6,-5875],[-389,-1138],[420,-1991],[1659,-1215],[1134,168],[1626,-735],[1502,-157],[1552,310],[1030,-386],[1783,-1875],[713,-2814],[1189,1191],[405,886],[1822,2062],[361,1197],[1065,1146],[624,242],[873,2201],[933,1637],[361,2822],[1057,911],[600,939],[1349,1431],[1169,1737],[200,851],[1149,1370],[392,2248],[266,2616],[-58,1769],[-323,3135],[150,1257],[709,1387],[1135,205],[1154,1255],[1185,627],[2120,53],[822,812],[916,1495],[951,772],[1048,366],[2215,221],[474,-292],[1927,104],[2110,1125],[2766,-806],[1180,-859],[3849,-1109],[1839,170],[1206,-1310],[1509,-50],[2172,793],[528,857],[859,-200],[2376,458],[1949,-1401],[2536,-712],[1720,-1289],[1151,-457],[1657,-1828],[1831,-1670],[1323,-2176],[1649,-618],[614,-734],[922,-1778],[1664,-686],[2328,-2099],[1644,-1077],[1354,389],[835,-506],[904,-59],[2066,580],[954,-785],[746,-1960],[2871,1402],[1901,56],[2826,-2803],[-1494,-3633],[95,-4446],[599,-2247],[131,-2931],[-75,-2400],[131,-1451],[894,-4533],[133,-1715],[403,-1502],[321,-2206],[677,-1109],[331,-1299],[216,-2460],[685,-431],[1110,1142],[2867,2512],[569,788],[2340,2552],[1330,2709],[2387,2804],[484,1522],[1159,2485],[1272,4800],[207,1124],[1453,1911],[1294,2543],[3136,4522],[344,1270],[-721,2509],[-1401,2695],[-876,2727],[391,2575],[1268,3462],[1227,624],[460,1881],[691,1869],[2,2673],[500,1953],[15,3226],[211,1671],[-281,1188],[339,808],[1207,603],[2455,799],[2007,-690],[844,-1615],[914,-249],[-102,1573],[-216,7138],[-133,2341],[-390,9919],[144,3420],[1913,953],[1204,307],[1020,778],[2113,-755],[1050,482],[1405,51],[1521,599],[364,-2128],[501,-1048],[936,-3062],[1274,-2071],[1764,-494],[-377,-883],[-1141,-1621],[-524,-1603],[624,-3348],[-236,-2015],[1035,-4232],[917,-647],[614,-1893],[-48,-711],[504,-1880],[79,-1794],[1228,-1777],[317,-782],[-119,-2033],[-1182,-2157],[-470,-1963],[197,-1551],[1511,-1334],[1431,-1672],[64,-1457],[444,-1520],[-205,-4441],[359,-2271],[-597,-1701],[78,-2313],[-253,-1434],[157,-1889],[-1174,-2802],[105,-2428],[904,-1847],[435,-1461],[559,-948],[459,-5874],[1213,-2524],[168,-1888],[-233,-1525],[-41,-2084],[223,-1933],[22,-3141],[975,-2156],[1046,-3164],[-116,-2922],[85,-3084],[472,-1973],[1574,-1330],[505,-1126],[731,-3302],[634,-692],[1979,-391],[1469,-3198],[1625,-1899],[1276,-2438],[146,-1101],[-488,-2301],[652,-1848],[969,-307],[1112,279],[913,-2084],[1360,-847],[1142,-319],[1358,-2295],[1742,-1505],[309,-1229]],[[499648,718260],[-3195,1084],[-845,-896],[-623,-35],[-1365,906]],[[493620,719319],[-665,162],[-1754,-488],[-784,978],[-793,-61],[-675,-878],[-1137,-780],[-1065,766],[-2263,805],[-2473,94]],[[493314,795295],[903,-1387],[2514,-4529],[1643,-2591],[613,-1366],[2230,-6938],[22,-1253],[806,-1637],[1200,-1880]],[[556345,762633],[-1291,-1506],[-238,-2245],[-529,-1347],[-3616,-3459],[-1078,-1664],[-836,-637],[-851,380],[-674,-578],[-714,-2040]],[[546518,749537],[-747,-998],[-1352,-869],[-1787,-2008],[-1480,-953],[-2206,-307],[-1693,81],[-975,-982],[-1548,-3669],[-478,-1534],[-407,-2551],[-798,-3804],[-547,-1775],[-902,-1251],[-1961,-909],[-841,1136],[-1198,354],[-1890,-789],[-1750,-368]],[[523958,728341],[-1766,-942],[-2318,-2368],[-1171,159],[-880,-431],[-1183,483],[-1246,-2670],[-779,-1103],[-1415,-3247],[-390,-3127],[-1302,-2130],[-2042,1632],[-707,-428],[-1136,889],[-543,779],[-1860,1924],[-1015,-360],[-385,1725],[-405,39],[-488,-1857],[-1289,206],[-784,574],[-1206,172]],[[499648,718260],[403,1659],[206,2085],[479,1237],[936,201],[-242,2016],[-577,177],[55,1478],[-998,1380],[-1433,174],[-1642,-245],[-350,-1060],[341,-2884],[-666,-856],[-1947,2001],[-1258,1816],[859,1198],[-22,1040],[1026,1642],[214,2151],[1179,408],[37,1979],[588,886],[765,340],[-319,3196],[-618,3891],[-464,1159],[-630,608],[176,1178],[-224,1478],[-1054,1966],[517,2006],[496,4569],[413,1000],[482,2434],[679,2229],[337,451],[1665,848],[974,1821],[352,2508],[809,967],[219,1472],[591,1489],[1243,1361]],[[503245,773714],[1246,1151],[1592,826],[1032,1378],[1890,1493],[377,-272],[1663,407],[1848,-1881],[830,-173],[1709,-1339],[823,241],[1541,-42],[895,1681],[375,1789],[750,709],[588,-237],[2018,2404],[1556,10],[767,657],[1217,-54],[1214,2057],[876,923],[1135,-6],[890,1105],[825,86],[1047,-558],[1730,-1307],[1574,-740],[1805,54],[837,-433],[1557,216],[1175,-241],[1360,1248],[1028,-1157],[1558,-825],[1467,-1139],[2238,-3503],[2174,-1660],[1010,-143],[667,-964],[1677,-3993],[922,-2643],[1519,-2310],[522,-1098],[65,-1921],[-489,-877]],[[510232,932872],[-461,-2499],[1144,-2963],[1164,-1619],[684,-1568],[2786,-5088],[1535,-2179],[1626,-1730],[1818,-2813],[591,-1993],[516,-4919],[434,-2619],[1124,-2956],[806,-1533],[94,-1718],[-176,-2069],[183,-1220],[119,-5709],[1084,-3189],[132,-4300],[664,-1721],[2030,32],[1628,-1395],[3208,-2218],[1779,-1992],[1369,-260],[2351,-849],[1166,-1023],[-1249,-4406],[-648,-1564],[-920,-3374],[-475,-1142],[-1160,504],[-779,-82],[-56,-784],[-753,-2326],[-870,-2017],[-1699,-2573],[-1100,-1009],[-1365,-1648],[-1403,-2978],[-717,-1150],[1702,-2041],[1376,-2628],[241,-1502],[-2896,-3194],[-1428,-1023],[-645,-2243],[-1476,-1051],[-908,-1211],[-1117,-4294],[-410,-434],[-493,-1820],[-697,-1305],[-1377,-1882],[-493,-1037],[-778,-787],[-1860,-3150],[-1223,-1483],[-689,-1461],[-2146,-3422],[-910,-844],[-1657,-2700],[-1241,-1354],[-1412,-2767],[-2809,-1704],[-1392,-1047],[-902,-376],[-1731,322]],[[467629,962954],[2633,-204],[824,-821],[444,-1037],[1490,-669],[551,-688],[1528,-821],[973,-804],[1242,2290],[1865,2540],[1168,1089],[735,2499],[1047,1690],[730,754],[826,142],[601,-426],[2337,-2567],[1938,-2887],[1325,-824],[2522,-3217],[1137,-695],[1012,-1775],[1905,-934],[1918,-2244],[1002,-2509],[251,-1920],[462,-1839],[416,-3672],[292,-620],[1770,-2259],[575,-1541],[252,-1560],[1565,394],[1867,1126],[942,965],[985,5],[555,-493],[1074,-2014],[132,-1932],[-317,-1152],[29,-1452]],[[499065,799775],[-855,-567],[-1601,-452],[-1404,-814],[-1891,-2647]],[[493314,795295],[-735,-1294],[-692,-536],[-4578,-5397],[-1047,-858],[-438,-2043],[-1005,-1952],[75,-1380],[696,-1990],[454,-4160],[-149,-1723],[-462,-1054],[-1441,-2119],[-775,-2494],[-1310,-2324],[-659,-667],[-763,-1947],[-260,-1961],[297,-2730],[-105,-1045],[1544,-378],[3284,-2445],[2533,-3921],[1866,-1750],[2938,-111],[1099,-700],[-681,-747],[-732,138],[-628,-510],[-1364,174],[-79,-2216],[-449,-557],[-835,-1933],[-920,2254],[-920,1228],[-1218,151],[-1069,-235],[-140,-707],[1161,-4762],[-197,-1542],[-1508,-37],[-2188,-1263],[-521,-1073],[-824,-193],[-461,-3877],[359,-528],[1438,99],[169,-1259],[-618,-3464],[106,-1505],[552,-343],[-166,-1887],[275,-1399],[-212,-2406]],[[482011,719917],[-1279,411],[-1966,232],[-556,-163],[-1392,-2102],[-548,1057],[-482,3424],[-455,1619]],[[475333,724395],[141,2056],[-127,2141],[787,869],[173,848],[-173,1854],[1361,2215],[-772,4192],[251,1021],[-252,881],[-73,2810],[441,3291],[932,2889],[-346,486],[-1592,404],[-1723,689],[-677,-382],[-993,577],[-1444,330],[-1277,1691],[-1848,137],[-1714,1550],[-1556,121],[-1543,459],[-1360,-215],[-1695,1288],[-640,897],[-923,1932],[-1161,3310],[119,1254],[931,3045],[770,3068],[1790,3067],[1029,2995],[1513,3372],[1071,1902],[937,2368],[1109,1225],[364,1130],[1030,780],[767,1451],[1225,890],[1436,2874],[-206,1403],[-2887,2046],[-1025,263],[-1470,1090],[-1214,-368],[-440,199],[-1797,-589],[-2766,-1159],[-1258,-1022],[-2300,1278],[-1215,1616],[-834,790],[-659,1211]],[[481163,851806],[959,-3969],[495,949],[1693,1286],[1490,344],[1812,769],[1346,-1772],[693,-1290],[625,-2881],[256,-3254],[1258,-2896],[1376,-3489],[334,-3118],[545,-1211],[-345,-1544],[-1142,-3152],[-282,-1152],[-1124,-1353],[-462,-1001],[-167,-1411],[-158,-4482],[452,-3791],[315,-853],[1039,-184],[1108,-704],[1033,-1382],[644,-1443],[2018,-3027],[645,-1600],[357,-2127],[1089,-2293]],[[281436,617653],[753,-2035],[-152,-1683],[279,-894],[1168,-1041],[2160,-782],[725,-1203],[2362,-2563],[905,-42],[2120,-560],[1360,-674],[3933,-1149],[409,-1259],[-98,-1617],[854,-1226],[1357,-191],[1396,1892],[636,151],[1031,-1577],[2004,-772],[390,-673],[452,-1988],[889,-304],[1838,2134],[163,1748],[525,1739],[2395,327],[997,846],[1107,-316],[1256,871],[909,1733],[163,1198],[-17,2270],[1309,1935],[950,885],[754,220],[1806,-2334],[-335,-1851],[277,-1034],[1220,-1375],[876,-237],[535,634],[1162,2228],[1143,774]],[[502586,583819],[-396,-451],[1291,-1330],[676,256],[392,-1156],[1045,-184],[971,-572],[142,-1534],[-205,-1302],[917,-1704],[977,-311],[796,-2627],[30,-873]],[[509222,572031],[-373,-838],[-253,-1678],[180,-2935],[-99,-1540],[-611,-1648],[-1461,-359],[-2422,70],[-644,-268],[-888,1106],[-93,1067],[-550,595],[-557,-1451],[-1110,-1523],[-643,-131],[-2039,222],[-782,396],[-582,-885],[-378,-1970],[-1161,-77],[-1714,-1235],[-664,-824],[-899,-287],[-1205,-1291],[-2375,999],[724,-1675],[886,-363],[848,-1408],[539,-2635],[-476,-921]],[[490420,550544],[-607,-1333],[-500,-1822],[-766,-543],[-1589,-34],[-1332,917],[-174,-1599],[-704,-1336],[-1202,1118],[-451,-620],[-291,-1421],[-706,-384],[210,-1766],[677,-1168],[-705,-1234],[487,-1440],[-1315,707],[188,-1442],[-630,-3967],[-898,-2634],[599,-2168],[-653,-1457],[-263,-1504],[-119,-3158],[-1181,-2683]],[[455536,573653],[1119,2307],[498,-1145],[1052,-404],[843,1049],[953,1689],[1436,-965],[363,177],[1192,-643],[655,39],[856,1595],[1315,548],[1694,-934],[1655,462]],[[469167,577428],[911,864],[902,-560],[1239,84],[741,927],[594,-552],[565,479],[248,1988],[718,638],[2400,-223],[1031,-1506],[681,77],[515,792],[2029,-132],[127,-899],[1299,1262],[436,1691],[1142,-2326],[197,2194],[291,186],[692,-1734],[641,1196],[410,-775],[560,1327],[524,452],[1184,-59],[1429,898],[905,-858],[233,-922],[893,-194],[1600,823],[733,-443],[165,837],[2147,285],[711,-885],[480,1076],[1437,-181],[64,-1159],[1261,539],[433,1063],[851,121]],[[370495,529120],[-862,133],[-1670,1207],[-1144,1794],[-780,4320],[-1077,1465],[-1105,-648],[-1158,636],[-523,981],[-705,414],[-1612,2951],[-277,1396],[-1466,1118],[-1263,-943],[-1367,70],[-1471,-523],[-946,1149],[-289,2711],[217,682],[-248,1463],[-911,2024],[-1454,1021],[-380,720],[-353,5406],[-833,2293],[-663,982],[-376,1302],[-902,1641],[-642,1805],[-1023,4235],[-657,1385],[-1248,583],[-1422,140],[-974,504],[-274,3136],[134,848],[-176,2017],[595,1648],[442,540],[841,2658],[1090,1556],[-217,1706],[-452,1207],[-142,3020],[83,2154],[1379,1778],[429,2315],[1299,1060],[62,1314],[-684,1348],[-1331,1420],[597,1370],[1054,1552]],[[409659,628927],[638,-1770],[1302,-972],[568,-1109],[-130,-1019],[333,-1036],[838,-542],[744,919],[1138,406],[946,-903]],[[416036,622901],[-816,-1994],[-1501,-2271],[351,-1284],[-409,-2325],[-379,-1028],[-84,-2471],[-938,-1892],[-328,-1262],[195,-1507],[2038,542],[-18,1111],[797,384],[324,897],[691,578],[1429,296],[624,837],[353,-630],[1159,-222],[993,220],[1023,-446],[835,713],[481,-239],[195,-1995],[1130,-355],[966,740],[95,-1645],[467,-566],[-606,-2170],[-584,-860],[435,-2527],[1001,-553],[291,-831],[717,-402],[187,-1030],[571,-497],[802,121],[210,-871],[1323,-1227],[1783,-982],[1011,203],[1012,-775],[1504,357],[1124,-602],[1103,-1112],[558,195],[371,-799],[1293,-830],[775,121],[1988,-2676],[480,-1148],[668,-571],[139,-1117]],[[403299,536809],[-1793,2545],[-1091,4951],[-951,1956],[-910,845],[63,1774],[-2001,3392],[3,1528],[-938,1888],[-985,492],[-415,717],[-381,3909],[-832,2179],[20,955],[-708,1113],[-1071,888],[-957,2399],[-289,1658],[-1054,710],[-860,3619],[-1050,1287],[-1276,-207],[-1779,1209],[-222,1791],[269,1173],[-851,1376],[-60,3729],[-196,3008],[-228,988],[628,2434],[1010,-257],[486,1352],[967,1043],[227,980],[-256,899],[-1177,729],[-235,865],[886,979],[921,-183],[497,2220],[-192,1036],[233,1799],[689,-570],[310,-2041],[698,-428],[109,2196],[418,1295],[-341,1161],[-37,2831],[790,4238],[-780,803],[-805,-619],[-1576,-3379]],[[340485,780739],[749,1452],[227,1804],[1225,4564],[297,3057],[932,2707],[113,3446],[1962,3358],[9,2400],[304,2173],[-263,2003],[248,1128],[953,2160],[799,1192],[-136,2319],[859,1768],[1356,657],[611,588],[1920,2809],[1639,-1764],[271,528],[1228,498],[1027,-578],[1365,-177],[797,-1913],[2556,-2708],[1028,-628],[1172,-2219],[522,-1997],[-42,-730],[1441,-1430],[1222,-2347],[1707,3116],[1171,1409],[1339,-936],[2015,-373],[1470,-1116],[1284,-206],[692,458],[1185,1669],[114,1698],[-409,3956],[102,1256],[1734,3739],[758,2235],[541,1054],[1011,-578],[1484,787],[2070,-1130],[582,-1631],[948,1011],[1292,574],[1285,-468],[560,794],[1227,704],[222,552],[-93,3286],[591,1186],[-62,1564],[-489,2102],[-877,2018],[-187,936],[429,1181],[691,771],[283,1024],[-285,1090],[30,4149],[1387,3002],[-126,1407],[290,2170]],[[319134,639472],[-246,1356],[-513,532],[-1653,-477],[-1248,1624],[-678,2444],[324,2821],[-962,3827],[-2104,2371],[-391,1323],[325,1204],[635,1041],[140,1822],[-2034,1372],[-730,1000],[-1269,325],[-548,533],[-362,1467],[719,2492],[-457,2305],[-906,2507],[-295,2282],[483,2516],[223,2929],[-327,1044],[-344,5436],[-493,604],[170,912],[1496,936],[-7,1533],[-832,273],[88,1864],[1317,956],[608,1171],[53,2604],[47,1926],[849,3709],[1320,2699],[363,1870],[-257,2741],[262,499],[2998,1212],[1407,1310],[484,1516],[449,477],[1205,248],[2193,-18]],[[455145,809993],[-979,-1328],[-114,-1908],[-405,-2045],[137,-2816],[-234,-2981]],[[453550,798915],[-1417,-5279],[-573,-1343],[-387,-2095],[-638,-1188],[-1801,-172],[-1657,169],[-1463,-1548],[-1419,-1023],[-2901,-485],[-2296,-2767],[-1210,-812]],[[437788,782372],[-2116,470],[-2282,-943],[-1363,-59],[-1174,521],[-629,-2259],[-354,-2226],[-1028,-2998],[-151,-1151],[-707,-2626],[-3083,-5551],[-1817,-3592],[-482,-534],[-1845,-724],[-777,-1974],[-1875,-882],[-1030,-912],[-684,273],[-1019,-311],[-2365,-2064],[-841,-255],[-2047,319],[-2878,-849],[-1495,-287],[-1498,906],[-187,1011],[-685,612]],[[394420,757925],[87,3128],[342,1647],[-58,1093],[602,1600],[882,1113],[712,2045],[-142,1483],[1814,2042],[544,2745],[512,791],[34,1720],[476,1208],[-27,1248],[764,1657],[-352,1476],[554,1602],[1465,1149],[1317,3412],[1483,941],[1534,2737],[661,434],[2517,3479],[665,1868],[642,2678],[-473,2105],[183,1283],[-848,2332],[-173,1249],[13,2193],[515,4243],[-47,1590]],[[403376,756287],[-324,-2011],[901,-3186],[-262,-1593],[114,-1977],[692,-1393],[878,-397],[967,-1414],[297,-1043],[771,-1053],[202,-2660],[591,-741],[383,-1945],[414,-284],[2568,-668],[498,-434],[1756,-425],[807,-520],[1314,-171],[1613,-818],[971,160],[731,-3026],[79,-1721],[-600,-2006],[134,-2385],[-645,-4355],[-18,-2622],[-836,-1663],[-518,29],[-1277,-906],[-713,116],[-355,-1813],[-1423,-2607],[-97,-1610],[-788,-1455],[-387,-112],[-667,-2492],[-715,-1633],[-61,-1476]],[[379442,748266],[1661,769],[505,-302],[1230,134],[1795,2154],[873,178],[1265,1621],[1429,1389],[1104,-262],[1383,1075],[1875,409],[413,975],[1445,1519]],[[394420,757925],[1564,-1138],[1606,-176],[525,1079],[1436,-1169],[656,-949],[529,660],[1600,424],[579,429],[461,-798]],[[372193,732001],[1358,-1018],[1164,-1779],[484,-2703],[247,-3552],[1066,-2227],[1071,-1120],[574,-1732],[-66,-1213],[444,-3229],[1019,582],[967,-602],[926,-1875],[881,-961],[1411,-977],[908,-1541],[1199,-881],[664,-1497],[984,-1410],[717,-324],[1201,-1919],[867,689],[1031,-639],[567,36],[1235,2553],[2174,813],[409,956],[791,768],[271,-2750],[833,1543],[289,1324],[2476,-1369],[978,-164],[-309,-1576],[799,-225],[271,-2031],[1874,-1213],[1945,-242],[1075,845],[1576,-863],[1263,-89],[544,1588]],[[410371,701977],[277,-254],[707,1594],[1158,834],[753,-1143],[216,-2642],[-16,-2034],[-1899,-2167],[-912,-3151],[35,-1289],[341,-1180],[369,-2614],[-408,-2567]],[[410992,685364],[-747,-3670],[-920,-2173],[-528,-2582],[-812,-2065],[-854,-3459],[-388,-829],[-178,-2378],[-532,-877],[-1376,-1064],[-200,-5487],[-235,-809],[-991,-1147],[160,-1264],[878,-1108],[766,-2722],[421,-2114],[-874,-1962],[588,-1336],[-882,-1315],[-531,-3933],[433,-1940],[-845,-726],[919,-951],[245,-1541],[1793,190],[503,301],[1054,-1144],[-121,-1047],[1296,-185],[137,-912],[641,-210],[-406,-1733],[763,-1359],[107,-1135],[-617,-1751]],[[409659,628927],[-1071,359],[-457,-480],[-704,954],[-861,-200],[-898,1028],[-1602,-705],[-784,987],[-1657,850],[-1063,-272],[-618,1143],[-670,-401],[-415,-998],[-691,-10],[-1017,1620],[-940,-989],[-1189,662],[-521,-467],[-718,614],[-1809,178],[-1045,-668],[-1359,649],[-1376,-346],[-1279,1814],[-706,579],[-985,197],[-2130,821],[-1476,-343],[-1258,-645],[-1437,-282],[-1573,1229],[-534,87],[-798,-976],[-566,-1736],[-708,-948],[-1278,-516],[-965,68],[-786,774]],[[350211,664629],[553,2563],[598,3545],[-124,1984],[196,785],[-20,3003],[-166,2021],[364,1826],[48,1536],[-1069,1479],[193,1464],[1137,1112],[498,1547],[31,910],[-1036,3733],[-1062,3246],[-542,2383],[-3,976],[-691,2539],[-567,4025],[157,3448],[-481,3604],[-1545,3332],[-1182,1350],[-661,398],[-840,1224],[-1273,-362],[-1565,2833],[-1011,-312],[-150,1991],[-423,242],[-1064,-712],[-1127,-6]],[[467629,962954],[1432,-4262],[1446,-3415],[1451,-4220],[899,-1939],[1342,-3914],[615,-2414],[128,-1158],[-772,-3649],[795,-2600],[124,-1595],[-197,-1627],[319,-1213],[244,-2748],[714,-2044],[680,-1296],[172,-1836],[543,-2827],[504,-1903],[366,-530],[1529,-778],[956,-2177],[1243,-1434],[759,-1739],[808,-4369],[-167,-437],[-2770,-3145],[-847,-3841],[238,-3354],[-840,-2643],[-947,-1475],[-106,-860],[243,-1924],[-482,-663],[411,-2599],[903,-1205],[3260,-3427],[859,-1808],[325,-1975],[601,-2125],[-339,-2198],[131,-2110],[-469,-2356],[-445,-1104],[-300,-3135],[-571,-1681],[-70,-1253],[573,-2700],[-318,-2823],[-1439,-4620]],[[481163,851806],[-660,-717],[-2209,136],[-2072,-670],[-1790,-1368],[-1397,-1776],[-730,-1867],[-487,-1810],[-605,-1421],[-1857,-3142],[-735,-980],[-2364,-4223],[-662,-2178],[635,-3820],[710,-1471],[-78,-2192],[-1003,-2081],[-2075,-5573],[-1137,-1536],[-1847,-2074],[-1463,-1388],[-1099,-651],[-3093,-1011]],[[455145,809993],[-1072,157],[-1100,-599],[-1562,408],[-966,969],[-1367,384],[-1974,1103],[-2220,3236],[-846,189],[-955,1544],[-680,1706],[-2277,468],[-1097,966],[-1173,2374],[-2876,4194],[-1153,1984],[-1617,-633],[-2008,-487],[-1027,-1431],[-1646,-1001],[-1017,1256],[-1014,840],[-910,216],[-1471,1142],[-313,567],[-641,2805],[-554,170],[-1395,-1857],[-2477,-705],[-528,-848],[-585,-1790],[-1046,-1042],[-527,-1029],[-57,-916],[-644,-641],[-539,-1371],[-1092,-1408],[-1439,-2462],[-589,-1370],[-73,-865]],[[410618,816216],[-576,928],[-326,1977],[-13,1462],[273,2200],[-184,2398],[-759,1392],[-1696,953],[-484,1478],[-1949,4545],[-788,1054],[-141,1354],[-430,956],[-1691,487],[-430,852],[-78,1669],[-1174,549],[-1814,3406],[-1116,1491],[-1072,1986],[-1424,-550],[-1203,210],[-701,2306]],[[392842,849319],[207,2561],[616,2202],[690,1030],[6,1409],[-496,1162],[1470,5322],[918,931],[704,1291],[403,399],[55,1331],[-891,1937],[-189,3540],[-1168,1931],[56,1227],[-284,1089],[-1042,2403],[-783,2642],[734,1656],[265,1491],[950,1115],[714,2231],[835,1162],[1358,941],[788,929],[912,1843],[1160,3464],[710,666],[1944,5044],[754,1240],[946,-503],[1381,-2383],[413,843],[96,1884],[1341,2458],[-681,1648],[-40,1277],[1933,2214],[1431,121],[1426,1143],[1411,515],[1571,1421],[2087,824],[1220,6372],[398,1384],[222,4336],[610,1706],[537,2345],[84,1484],[821,1511],[272,1560],[-343,2457],[-1171,2801],[-470,1773],[195,1128],[1565,3061],[1017,1418],[678,1841],[285,1540],[-195,1610],[511,2002],[476,661],[717,2867],[1313,78],[1074,703],[780,1267],[4142,5926],[496,1171],[1428,953],[812,1081],[1542,1228],[1183,1235],[1368,-164],[1578,497],[1047,-910],[1511,-201],[3000,561],[862,571],[961,137],[183,-813],[2020,-2573],[1663,-2838],[963,-1160],[1271,287],[1062,1134],[636,149],[1393,-1439],[531,-1567],[645,-875],[556,70],[1460,-1368],[797,583],[3159,-229],[1293,78],[633,473],[1285,82]],[[350211,664629],[887,283],[563,-1067],[1017,-34],[768,-1135],[145,-1642],[394,-703],[1359,-888],[1727,-278],[862,-1191],[1280,-1154],[492,-1959],[-888,-1947],[383,-1195],[-810,-1314],[-245,-2177],[-738,-863],[28,-1593],[-548,-1470],[162,-1518],[758,608],[1479,-157],[471,966],[-566,660],[674,1221],[1630,72],[742,862],[401,-159],[1891,-3128],[1077,177],[955,-1428],[699,-345],[471,-1186],[803,-594],[224,-2420],[723,-3299],[1668,-1158],[566,-918]],[[371715,632558],[296,-2972],[301,-970],[1028,-1753],[1081,-1357],[306,-1516],[1362,-2109],[759,-1880],[1627,-880],[463,-894],[58,-2295],[261,-1104],[1458,-1711],[-550,-1589],[348,-1275],[1366,-917],[657,298],[1021,-364],[473,-899],[667,-39],[742,1098],[787,-1366]],[[386226,608064],[-376,-1897],[-707,-1801],[-713,-860],[-1100,164],[-627,-541],[-1581,-2288],[-2145,-2062],[-587,-143],[-1597,1812],[-1178,672],[-379,1795],[-486,931],[-1187,-492],[-1064,299],[-12,1467],[-409,640],[-1183,-450],[-1128,-905],[-2566,1628],[-2082,790],[-1442,-941],[-864,1157],[-1294,-1118],[-1401,-96],[-1039,-754],[306,-1774],[-117,-767],[-1444,-1123],[-1145,-25],[-655,940],[-478,1742],[-532,776],[-1334,741],[-935,43],[-1877,793],[-542,-1107],[-24,-1725],[-1668,-1561],[-1129,-492],[-737,423],[-326,768],[-235,2549],[-567,912]],[[345640,606184],[-260,940],[3,1711],[-541,2037],[-1091,1670],[-1104,785],[-1189,-170],[-964,-2005],[-218,-2614],[519,-1780],[-725,-971],[-998,241],[-647,1048],[-191,1898],[-2100,1802],[-854,1657],[-493,-184],[-1407,-1581],[-2756,-705],[-897,-764],[-991,-219],[-1131,1295],[-2203,-417]],[[325402,609858],[-168,1298],[-1701,1878],[-1396,3863],[-226,3594],[1070,4002],[-294,905],[-1816,1961],[-160,2263],[-894,628],[185,1848],[-4,3563],[-1013,1401],[149,2410]],[[319134,639472],[1358,3649],[742,1168],[2226,695],[585,-97],[2807,1406],[1081,2046],[865,1020],[2018,1551],[166,1508],[832,1340],[705,523],[1576,554],[2938,1659],[1028,1236],[753,500],[960,1436],[1632,1380],[1841,916],[1367,-39],[791,760],[569,1091],[1591,2040],[819,210],[1827,-1395]],[[443865,586504],[395,-759],[752,-35],[829,-1402],[1435,-1413],[1090,63],[380,840],[566,-105],[405,-1734],[758,965],[325,-1125],[-276,-708],[463,-1995],[515,-614],[1103,-445],[981,-3011],[570,-32],[78,-1085],[1302,-256]],[[455536,573653],[-101,-944],[894,-996],[713,-352],[938,-2986],[1194,-916],[260,-1082],[-440,-3716],[216,-1634],[-372,-1231],[-464,-2830],[-1118,-159],[-1013,1127],[-1661,-28],[426,-2019],[-748,-1356],[183,-1142],[-404,-1601],[-1224,-3697],[639,-4902],[-160,-2844],[-570,-5232],[-792,-2846],[-263,-1943],[67,-1541],[-280,-553]],[[406796,536531],[-116,1454],[370,2839],[-427,3727],[188,2209],[505,1360],[485,3034],[43,2738],[270,1528],[-73,2489],[651,2533],[-2,1415],[-798,1940],[540,937],[319,3165],[797,1246],[309,1497],[-667,505],[-986,1661],[-60,2114],[1960,425],[783,-1601],[684,396],[676,-638],[167,1231],[653,1060],[442,-629],[1147,143],[-34,1880],[621,1099],[-763,1117],[505,1345],[416,2282],[443,207],[1011,1736],[401,-1454],[583,-901],[1809,228],[535,1605],[525,78],[1226,1166],[574,1007],[912,375],[830,1445],[2139,885],[553,-275],[391,-1998],[617,-144],[373,-879],[-273,-1231],[757,-1248],[1578,1050],[1508,-933],[1067,308],[530,-1344],[1918,-1524],[1040,-318],[735,-702],[977,-1504],[49,-937],[1460,1443],[801,1740],[1133,874],[1488,2773],[774,1944]],[[379442,748266],[-944,-1326],[271,-3123],[-466,-2306],[-704,-903],[1858,-1417],[794,-1884],[990,-315],[1144,704],[390,-147],[1141,914],[905,204],[979,-786],[99,-2462],[600,-1051],[-72,-1034],[-1436,-534],[-1362,-994],[-1712,-592],[-1157,565],[-1860,141],[-799,1155],[-738,-554],[-3242,551],[-1928,-1071]],[[372193,732001],[-1058,274],[-1474,-429],[-1269,624],[-1520,43],[-2687,-404],[-1333,234],[-1027,647],[-830,-453],[-958,175],[-1741,-1579],[-896,255],[-1093,970],[-1057,1507],[-1899,721],[-1059,-100],[-1750,-1709],[-848,640],[-615,-84],[-3801,547],[-1444,-166],[-1412,-1021],[-1156,-1797],[-286,-1705],[-705,-1083],[-629,-1881],[-2516,68],[692,-1083],[-788,-2395],[350,-481]],[[337384,722336],[-166,-953],[-919,-185],[-1165,932],[-289,1287],[-607,653],[-1118,-355],[-1569,-2393],[-614,-547],[-2095,1751],[-711,-475],[-757,-1182],[-579,-1690],[-1669,203],[-640,-747],[-71,-1251],[-874,-329],[-1275,-1891],[-627,-516],[-1003,-38]],[[320636,714610],[946,1757],[934,855],[166,1179],[-1394,1954],[64,931],[1407,-182],[723,529],[77,1497],[504,1030],[1975,1177],[303,2347],[1097,1597],[151,1256],[-43,2975],[564,1539],[452,469],[1261,-207],[1053,143],[250,1418],[-58,1461],[1550,-1266],[875,-57],[1288,815],[969,233],[560,667],[542,2650],[195,1703],[-1179,3104],[-241,1483],[212,1571],[878,1457],[263,1335],[-275,1793],[391,1574],[3,1460],[-304,1349],[-1186,2138],[-122,1015],[450,2200],[675,2441],[702,1267],[1398,1387],[301,815],[-6,4276],[815,1400],[226,1830],[-225,1690],[103,1098],[559,976]],[[340485,780739],[1007,-212],[185,1073],[2394,-1146],[480,819],[826,149],[830,-345],[941,1873],[1016,700],[879,-318],[785,1138],[395,-617],[1303,-648],[590,-691],[626,719],[656,-924],[334,738],[606,-665],[108,-1196],[585,-1917],[703,-611],[654,1163],[968,543],[1315,-205],[2075,99],[1125,-705],[2088,411],[1355,735],[3599,-1797],[-121,-943],[-1182,-1956],[-411,-1182],[-670,-2987],[-87,-1176],[-428,-1079],[-2,-1642],[863,-2172],[525,-2596],[851,-868],[826,-1702],[-102,-1359],[2756,-43],[1165,287],[1885,-533],[890,-1779],[1604,-1838],[1442,-1897],[822,-1388],[231,-2394],[-328,-1389]],[[554176,333683],[1246,1358],[785,300],[599,-1134],[140,-2402],[719,-1130],[1984,910],[1191,-1347],[299,1263],[546,749],[709,-43],[987,-1120],[444,1950],[1316,368]],[[565141,333405],[322,-1336],[-133,-1677],[611,-556],[687,1159],[1836,634],[95,1545],[563,1376],[955,358],[522,-611],[242,-1352],[-495,-1766],[134,-1145],[2781,-214],[1095,-617],[645,-2157],[825,-1759],[-228,-2514],[511,-3050],[984,-149],[1052,2998],[1053,1510],[1148,246],[717,-2796],[121,-2137],[496,-1146],[540,-87],[829,1397],[1056,555],[390,-350],[350,-2551],[557,-878],[206,-3324],[689,-1186],[1155,1006],[401,-1391],[-503,-1336],[-873,-769],[-1006,-9],[-1,-1923]],[[585470,307403],[0,-2443],[-1149,-3589],[-907,-2109],[-1191,-1500],[-1244,-708],[-2030,85],[-860,-575],[-1202,-1395],[-946,-1709],[-190,-1217],[192,-1357],[161,-3384],[-549,-2897],[-311,-171],[-2515,113],[-2692,-2263],[-2123,-207],[-1127,-1764],[-1123,-3331],[-337,-2224],[-373,-736],[1250,-2760],[463,-2824],[216,-2965],[359,-2921],[946,-1492],[1728,-642],[181,-657],[-106,-2547],[-424,-1443],[44,-1484],[1022,-3087],[1707,-2661],[853,-386],[1258,1235],[1793,-313],[827,-738],[442,-1291],[597,-540],[1404,267],[1189,-891],[939,-1709],[1607,-1324],[664,-1658],[554,-441],[382,-1125],[1021,-965],[828,458],[1203,-311],[578,-877],[753,-3059],[29,-3034],[1045,-3718],[778,-1242],[456,-1250],[24,-1615],[-342,-1921],[0,-1632],[-263,-2001],[181,-1758],[353,-928],[-497,-4384],[-23,-1408],[307,-1736],[-130,-2019],[242,-1021],[1960,456],[1108,-19],[1947,1637],[797,-610],[267,-2354],[-760,-2486],[-383,-2446],[8,-2357],[957,-2631],[523,-920],[1204,-1159],[597,-1523],[-78,-1047],[-719,-337],[-1087,-1763],[-500,-256],[-2139,935],[-1515,1598],[-1920,663],[-711,-3134],[-22,-878],[461,-1017],[1040,-1240],[534,-1508],[-311,-916],[-1016,-1364],[-1155,-649],[-1293,708],[-755,-2378],[695,-1376],[268,-2066],[1812,372],[786,-3125],[403,-147],[1306,1618],[273,13]],[[593974,173498],[-425,-2559],[-1886,-2729],[-1074,-1025],[-2259,-1010],[-2311,-179],[-563,-558],[-1454,984],[-463,1614],[-1621,652],[-2251,-323],[-526,1075],[-1090,481],[-237,1133],[78,3756],[331,1236],[-700,1559],[-769,516],[214,2499],[-734,1814],[-1585,476],[-999,-389],[-1940,390],[-805,1877],[-1180,295],[-1049,702],[-532,956],[-881,-102],[-860,-1171],[-1406,-753],[-882,887],[-901,2063],[-1608,1731],[-1321,64],[-851,-487],[-476,335],[-1291,-68],[-890,1308],[-127,1638],[431,3486],[-285,899],[-1262,1974]],[[541519,347540],[505,-129],[3168,-2656],[1154,-403],[58,-1479],[1131,-2064],[1232,-658],[804,-41],[822,-1661],[1707,-1689],[171,-1617],[-283,-1316],[425,-589],[1214,-42],[549,487]],[[505948,366498],[632,-1116],[1891,-1461],[1633,929],[1020,-836],[2200,-1155],[2063,346],[1416,-72],[1037,449],[1435,-936],[506,-1124],[1352,-2177],[1253,-618],[1901,586],[1161,-930],[1092,-2996],[-620,-1648],[238,-1159],[980,-271],[2018,1304],[840,346],[1753,-288],[1104,-1296],[391,-1816],[664,-973],[1162,640],[682,-18],[1622,-1494],[623,-1293],[1133,1687],[948,-961],[1441,-607]],[[541519,347540],[-651,-874],[-1492,-569],[-471,-3231],[-545,-1622],[-230,-2372],[-1478,-3829],[-512,-1646],[-48,-938],[393,-2083],[-209,-870],[-1364,-1731],[-981,-2066],[-1653,-4609],[-260,-6137],[366,-1509],[-24,-1838],[-379,-1204],[-1086,-1980],[-1400,-893],[-1120,-2251],[-1163,-1549],[-679,-271],[-953,-1540],[-656,-415],[-1081,883],[-1442,-1035],[-1085,427],[-1103,-947],[-947,-349],[-869,238],[-1648,-338],[-1338,-1111],[-1522,328],[-727,-1264],[-132,-1460],[683,-2584],[-28,-3758],[-1116,-1714],[-252,-3336],[453,-2423],[1730,-1115],[1009,-1920],[305,-4174],[86,-3101],[-404,-1791],[548,-2394],[872,-862],[23,-2905],[-206,-2185],[189,-629],[1050,-1086],[507,-1376],[149,-2074],[1121,-3011],[1112,230],[1261,-410],[738,-1655],[777,-651],[868,-118],[876,-1500],[1715,-1163],[1836,-2321],[1031,-794],[1444,-134],[1469,-1321],[1976,-122],[2820,-993],[893,-926],[1803,-665],[1757,-402],[1200,-756],[555,72],[902,-856],[699,29],[719,-632],[2289,-1222],[1419,-1702],[1670,-349],[1444,-1714],[-379,-2570],[342,-2848],[-54,-2346],[-311,-2081],[268,-1840],[-360,-2476],[253,-928],[916,-1502],[1049,725],[305,-1226],[808,499],[1037,-1197],[274,635],[804,248],[30,-1658],[-507,-446],[-186,-1188],[-834,-1355],[-592,130],[-482,-755],[1366,-3566],[-59,-1331],[-504,-752],[-33,-1168],[-640,-4475],[1,-2356]],[[555534,198545],[-475,-933],[-975,452],[-806,-1156],[-1258,-319],[-1090,978],[-1640,2122],[-1423,-1397],[-1296,1319],[-549,-147],[-2020,686],[-1213,-1140],[-328,1502],[-639,-69],[-1149,1760],[-1267,2584],[-565,1730],[-427,106],[-2479,-1046],[-807,-764],[-799,568],[-1534,1747],[-553,-57],[-3070,1688],[-843,926],[-1338,319],[-603,454],[-1318,1809],[-919,-26],[-934,901],[-1264,-1301],[-1253,363],[-980,465],[-692,741],[-1224,472],[-1938,-1282],[-2733,122],[-412,-1666],[-2160,591],[-1299,-571],[-383,-498],[-741,-1221],[-1329,595],[-1140,-116],[-332,957],[-809,567],[-304,989],[417,2413],[-1440,2054],[-1024,3944],[-13,1341],[-935,971],[-1308,134],[-980,1427],[-1512,-65],[-859,-621],[-1304,-1538],[-533,-1387],[-1105,681],[-807,132],[-757,618],[-1642,-1032],[-1182,482],[-762,1448],[-2269,-1085],[-570,468],[-348,1662],[-1614,1300],[-1021,-639],[-525,-1899],[-481,-618],[-1573,-362],[-1180,749],[-2872,783],[-1132,764],[-674,833],[800,1321],[559,2022],[-1425,-201],[-657,-414],[-1689,753],[-317,451],[-682,2987],[-1277,458],[-1307,1086],[-1269,-274],[-784,301],[-429,1284],[-1153,1181],[-181,1777],[-887,892],[-1280,1943],[-287,3874],[-216,1283],[209,1976],[-846,1277],[-890,271],[-534,891],[-490,1984],[-1986,1740],[-2091,408],[182,2043],[-771,4088],[-1430,159],[-345,1684],[91,1166],[-583,2206],[-14,3491],[-437,1438]],[[494648,421283],[1728,-2201],[897,-735],[757,464],[1606,-579],[392,-651],[-61,-2158],[881,-225],[1068,206],[-223,-5042],[-956,-810],[-1708,-375],[-1056,-1465],[309,-1860],[5,-1468],[-1199,-553],[-499,-804],[-301,-1559],[-720,-2167],[1207,-3193],[2062,-1],[520,-1676],[1394,-828],[-247,-3914],[-1019,-2731],[573,-814],[637,-1666],[-245,-2669],[113,-1555],[1639,-1962],[944,-1461],[130,-736],[937,-1342],[155,-658],[-469,-1165],[936,-3265],[-128,-1801],[1241,-1366]],[[505948,366498],[-1674,-1061],[-1317,98],[-1189,-771],[-988,24],[-511,671],[-2016,288],[-791,-455],[-655,201],[-292,1476],[336,3180],[-602,1292],[-751,236],[-1137,1627],[-1389,-405],[-1307,2438],[-1631,353],[-949,530],[-904,1311],[-2022,-331],[-1003,1477],[-503,246],[-1035,-459],[-1130,-19]],[[401957,409109],[948,-369],[1146,-1868],[1033,-1277],[369,-2424],[-236,-3022],[97,-968],[808,-3068],[-763,-2242],[479,-826],[64,-1328],[-437,-1897],[-540,-1012],[-131,-2205],[495,-722],[-276,-877],[147,-3009],[964,-1351],[1091,811],[491,-863],[1099,-614],[841,324],[702,-864],[881,-5],[1398,-725],[857,152],[340,648],[965,345],[499,695],[1081,-376],[585,-1204],[1748,-2077],[2646,-1917],[1238,-1936],[512,-1569],[-145,-683],[-1506,-2734],[471,-1156],[1255,-1486]],[[478059,301826],[35,-1299],[-328,-1060],[-2567,-2183],[-1995,-283],[-816,-384],[-1686,1063],[-782,859],[-1201,-134],[-354,-1085],[-1628,-83],[-882,1008],[-1009,243],[-856,-459],[-780,281],[-1371,-117],[-585,1187],[-701,96],[-982,-1946],[-232,-1468],[456,-1883],[815,-1098],[46,-1709],[-499,-1808],[-325,-4067],[-504,-2586],[98,-856],[652,-988],[72,-1025],[-917,-1018],[-1461,862],[-1308,1173],[-2313,-60],[97,-1213],[-528,-2064],[91,-1521],[-349,-2744],[-607,-1598],[-1052,-1006]],[[451803,270853],[-401,961],[-1774,573],[-819,-257],[-602,447],[-961,46],[-696,780],[-259,2090],[-1466,2510],[-176,1123],[-1497,2611],[-407,2543],[-401,1267],[-320,2651],[422,947],[27,3601],[-349,2718],[-581,536],[268,2176],[-1234,1105],[-378,1851],[-733,553],[-2999,1220],[-1060,-79],[-1438,656],[-1478,-2355],[-138,872],[-717,-39],[-376,-742],[-961,67],[-479,651],[25,1079],[-840,556],[-223,801],[-1317,-735],[-336,-954],[-879,49],[-491,-908],[-732,267],[-759,-482],[-279,-873],[-377,-854],[-1152,171],[-515,-742],[-1130,-556],[-865,935],[-273,1101],[-538,104],[-704,-839],[-1785,-441],[-1153,-1027],[-144,-967],[370,-1344],[-229,-1163],[-1060,1052],[-1009,157],[-1055,1045],[-1238,-612],[-469,172],[-1589,-1256],[-1333,1947],[139,1718],[-406,1741],[162,852],[-422,1009],[-112,1255],[-659,-456],[-500,597],[-635,-211],[-505,-1097],[-820,-69],[-1212,-1308],[-1626,525],[-1214,-618],[-928,-2311],[-86,-1341],[-716,114],[-1550,-814],[-758,764],[-740,453],[-727,1104],[-324,1131],[68,1954],[-267,415],[-866,-720],[-1571,-2181],[-385,-158],[-527,1389],[415,1541],[-763,1947],[-976,435],[-562,-1071],[-85,-1459],[-344,-823],[-676,-370]],[[495265,498024],[-621,-1308],[-185,-1377],[-1175,-1960],[-604,-1842],[-325,-2610],[-606,-2245],[-512,-1082],[-216,-1926],[271,-1735],[855,-1056],[1234,263],[1219,-1143],[334,-1214],[1212,-1065],[813,-4081],[-215,-1717],[379,-1889],[-243,-4371],[118,-717],[1442,-2161],[514,-2335],[-628,-1738],[-557,-515],[-237,-987],[-172,-3824],[372,-2177],[1087,-2014],[2082,188],[1318,-174],[519,506],[1159,-778],[1379,-308],[396,-2361],[843,-2039]],[[506515,444232],[-891,-501],[-947,951],[-1553,-1497],[-847,-2428],[-613,-1046],[302,-2027]],[[501966,437684],[-1015,-2058],[-368,-2244],[-412,-946],[429,-1696],[-1131,-2033],[-1743,-76],[-704,-1909],[-782,-1310],[-866,-2663],[-726,-1466]],[[494648,421283],[-1164,86],[-766,1712],[839,1725],[564,609],[275,1235],[-1108,21],[-2406,1009],[-386,-323],[-2633,357],[-643,-216],[-2443,-126],[-1420,105],[-3901,1840],[-2823,175],[-758,267],[-1555,1457],[-1128,608],[-507,669],[-3609,2593],[-1190,492],[-1433,79],[-856,3202],[-754,1337],[-689,1832],[-989,921],[-1713,940],[-980,791],[-2868,-1229],[-594,998],[-84,2609],[284,1458],[573,1234],[-877,321]],[[484721,509302],[1752,-907],[1217,-2943],[1024,-1255],[1607,-1385],[530,-1592],[850,-143],[950,515],[594,-272],[1329,-1621],[691,-1675]],[[417673,472422],[-703,-1027],[-1605,-3843],[-376,-1791],[-815,-1805],[-176,-1152],[-1364,-2638],[109,-1630],[-544,-508],[-408,-1378],[577,-1790],[772,-4330],[-117,-1736],[700,-1198],[284,-1377],[816,-609],[1902,-2830],[317,-1639],[435,-97],[621,990],[1019,397],[806,-312],[96,-1055],[587,-1072],[-937,-749],[-878,-2090],[-785,-485],[-839,402],[-153,-1163],[-746,-249],[-415,619],[-1149,-190],[-642,-1370],[-1059,-319],[-928,387],[-147,-837],[796,-1030],[-421,-1965],[-1274,-3051],[-1929,2182],[-1093,-74],[-292,-892],[-1698,-104],[-1315,736],[-1171,-3554],[-447,-2687],[-741,-2716],[202,-2599],[299,-1717],[-282,-822],[447,-3589],[-1052,-2957]],[[401957,409109],[-1702,231],[-1243,989],[-942,1547],[-1481,-409],[-593,503],[-1181,1663],[-631,184]],[[363016,511822],[663,1425],[670,411],[725,1381],[1046,3720],[1065,2564],[844,1035],[643,2427],[663,1127],[515,2412],[645,796]],[[370495,529120],[1360,1168],[599,989],[794,-366],[1014,-1233],[1119,-807],[1714,-602],[604,-1760],[306,-1843],[960,-213],[1842,-1229],[1793,349],[843,-587],[1136,213],[822,-213],[965,405],[1036,-911],[681,-1023],[1040,-470],[1700,1394],[979,426],[26,2007],[1235,388],[1050,1114],[1097,1]],[[482488,378445],[-483,-1417],[-914,-1858],[-560,-2284],[-41,-1956],[180,-2105],[442,-1821],[701,-1827],[-377,-2085],[-106,-1724],[-393,-1459],[-1258,-617],[-1030,-100],[-1692,-1322],[-805,-1292],[-1111,-741],[-383,-964],[479,-2082],[7,-3011],[269,-979],[-240,-2717],[430,-935],[1403,-1461],[776,354],[2010,-397],[3195,752],[557,-1453],[1423,-6355],[1248,-5124],[1102,-1329],[502,-3459],[-754,-792],[1709,-1583],[-238,-2754],[-362,-1925],[946,-1673],[-655,-972],[123,-1409],[-299,-480],[-1184,725],[-208,-2556],[-727,-1053],[181,-1394],[28,-2532],[-749,-1745],[416,-630],[917,-389],[270,-674],[-91,-1637],[-1221,-707],[-1736,330],[-1586,-1379],[-374,1141],[1284,1225],[-2163,544],[131,-1206],[-1067,-752],[-1601,-37],[-750,-537]],[[478059,301826],[-451,2516],[-534,1397],[-16,1317],[-413,1315],[-1292,1305],[-186,1090],[468,1406],[288,2613],[-541,1958],[-1050,1522],[-1090,2838],[-496,2954],[540,1766],[-340,1460],[311,858],[-136,2472],[-903,-542],[-2051,-711],[-1291,241],[-667,-702],[-1129,169],[-1380,-362],[-967,148],[-1077,1083],[-686,3763],[-1282,778],[-885,-1895],[-541,-1714],[-718,-1107],[-1619,-590],[-1485,-1028],[-734,719],[-1356,215],[-595,738],[-1178,272],[-1283,-195],[-2016,629],[-853,-581],[-1566,201],[-564,1526],[-1248,78],[-1107,1384],[-313,841],[-944,267],[-955,-557],[-1755,1446],[-1881,2373],[-588,1681],[-959,1915],[-1109,386],[-1477,-2580],[-929,-745],[-962,-216],[-374,489],[-151,1342],[-1561,2912],[100,952],[-336,1548],[-828,1449],[-717,2576],[-940,614],[-415,1242],[-350,2515],[-560,1677],[-853,1634],[23,1436],[-940,2681],[-698,1524],[75,1329],[-463,517],[93,1032]],[[423173,365410],[880,354],[4829,-1617],[599,2038],[390,2352],[305,730],[1154,1025],[84,1449],[1197,2600],[975,1773],[-21,1468],[-298,1119],[587,3987],[553,844],[-278,1069],[676,2857],[1891,-294],[1639,-967],[261,-603],[1311,-1026],[1522,-486],[1126,-733],[1917,-365],[1594,-1158],[1264,262],[2077,-2128],[774,1744],[-49,1910],[-851,2800],[-670,1568],[-848,1318],[-1458,1211],[-1628,2191],[-351,1349],[710,172],[1422,-596],[863,641],[1213,2528],[665,482],[733,2228],[1118,2483],[1880,1678],[612,77],[541,-1215],[981,-749],[2103,891],[933,-553],[726,675],[3583,310],[1449,-99],[1572,982],[1293,-741],[1319,-129],[345,-523],[1737,-1160],[2217,-353],[1414,-1752],[778,-1514],[772,-733],[806,-94],[1338,-2100],[-190,-1590],[170,-1436],[-290,-2074],[-362,-699],[-237,-4489],[-329,-789],[-275,-1936],[1266,-1937],[974,-501],[1979,-240],[1291,-626],[1042,-125]],[[368687,393532],[-612,-1923],[-161,-1943],[-552,-2327],[-817,-2355],[-258,-3182],[242,-1273],[-312,-2480],[-375,-1570],[174,-831],[-566,-2940],[1224,-252],[614,700],[971,238],[1983,-788],[1239,-2481],[543,-1893],[955,-1027],[1373,270],[1627,-584],[1375,-236],[1662,214],[941,-258],[696,-717],[839,-1874],[1508,-1042],[544,362],[1078,-2810],[1691,-2042],[377,-1008],[163,-2774],[883,-3501],[1198,-2480],[965,-1350],[1278,-1292],[192,-1079],[33,-3909],[-301,-2897],[-1835,-4226],[60,-1679],[825,-1883],[48,-2263],[-295,-1334],[-610,-1325],[-610,-2407],[-660,-964],[-622,-1964],[-348,-1881],[-128,-2371],[167,-777],[69,-2954],[560,-808],[-140,-1563],[-448,-1371],[271,-2069],[-196,-2149],[252,-584],[102,-2070]],[[387563,301556],[-1560,1356],[-846,-227],[-36,1757],[-1403,-37],[-485,530],[-1150,-1271],[-413,661],[-1062,-633],[-1047,-255],[-1049,3090],[-729,1336],[-871,227],[-632,895],[-1232,250],[-881,1622],[-422,96],[-649,1149],[-955,268],[-1498,-1848],[-619,192],[-815,1767],[-441,2223],[-75,2622],[-1455,1837],[-857,74],[-361,1181],[-665,12],[-2172,-956],[-648,978],[-909,2723],[-186,1275],[276,671],[-672,965],[-1948,1067],[-1396,-1072],[-1512,-361],[-515,629],[-703,-249],[-393,542],[-1387,359],[-1682,-83],[-465,2698],[318,742],[-883,1718],[-610,1717],[-604,184],[-599,1990],[-1136,-86],[-28,1324],[-403,724],[-740,-394],[-775,1489],[-846,836],[-1324,-1017],[-1723,2276],[-1192,-412],[-1218,329],[-1410,-316],[-837,-1480],[-1036,-561],[-710,5272],[233,529],[-1149,1009],[-3305,4608],[49,1472],[-1420,1388],[-956,458]],[[363016,511822],[1255,-1134],[732,-2814],[1947,-2781],[887,-2411],[-264,-1828],[-550,-1422],[-1390,-1110],[-692,-914],[-1196,-875],[-1157,-1543],[-1340,-3087],[-340,-1925],[34,-1309],[991,-319],[748,-2267],[-416,-544],[-335,-1866],[-1037,-1424],[-296,-1036],[999,-1214],[99,-855],[955,-449],[-567,-1198],[-1046,-221],[148,-1480],[825,-744],[-1000,-902],[-65,-893],[663,-664],[1163,-67],[54,-899],[-441,-1671],[396,-774],[776,628],[512,-260],[-42,-1362],[647,-1577],[463,-355],[1226,34],[488,-332],[202,-1458],[-565,-746],[-917,-447],[-537,-997],[-120,-1549],[-659,-1650],[-878,-485],[-432,-742],[212,-4219],[-743,-1681],[-580,-200],[-341,-1032],[640,-1283],[213,-1168],[-391,-1116],[117,-872],[1544,548],[489,-1523],[10,-1492],[274,-1138],[-520,-1349],[337,-1594],[967,-298],[450,-2763],[158,-1918],[558,-580],[1336,-66],[1331,-1446],[799,-497],[595,-926],[1795,-4424],[1217,-1033],[1555,-138],[1144,-1601],[537,-204],[1686,573],[769,836],[1303,-120],[1047,435],[723,-213],[1631,373],[462,-1889],[534,-985],[625,-2523],[1204,-1674],[1007,-528],[1878,-369],[891,-1280],[82,-968],[587,-556],[1461,175],[990,-486],[657,-855]],[[394184,413817],[-1114,-1741],[-965,-1981],[-2064,-1887],[-738,-1715],[-868,-83],[-1058,-1326],[-892,-2451],[-245,-2153],[-1132,-2799],[-351,-268],[-826,1116],[-1612,75],[-1064,-673],[-1018,1443],[-932,132],[-1274,1317],[-648,-1055],[-580,-1622],[108,-950],[-262,-3145],[-393,-1113],[33,-1172],[-408,-1401],[187,-1246],[-671,-533],[-1027,869],[-463,800],[-3035,982],[-2185,2295]],[[368687,393532],[-1253,1088],[-882,-223],[-318,698],[-723,3],[-767,2021],[-1390,1116],[-3488,-26],[-1316,1371],[-3083,1136],[-520,867],[-14,3050],[-758,2441],[-1293,1338],[-1257,331],[-1014,839],[-1365,2657],[-1636,2487],[-916,1773],[-1900,1303],[-991,1219],[-1321,1119],[1259,2616],[-1393,1417],[-730,3644],[-613,115],[-1355,1422],[-646,-477],[-808,-1634],[-595,567],[74,1720],[-578,2576],[-1351,1028],[-1800,573],[-359,448],[-536,5029],[435,3551],[1333,2308],[648,462],[-35,988],[-1072,776],[-1070,1176],[-272,837],[-695,270],[-387,1081],[-642,615],[152,1252],[-1415,1735],[-2345,618],[-1015,606],[-973,2301],[-635,-167],[-1663,972],[-1051,63],[-1613,1918],[-558,-45],[-1728,2712],[-86,843],[-1326,2575],[-489,-555],[-1069,323],[-597,960],[-596,-36],[-2710,2064],[-937,-435],[-752,971],[-73,697],[-2104,-465]],[[329097,523356],[1194,-661],[676,-1696],[-82,-2816],[245,-3107],[425,-1790],[528,-509],[343,1173],[1117,1183],[983,491],[766,2277],[1769,1050],[565,1232],[1145,365],[849,1996],[1074,823],[345,1310],[846,753],[678,1415],[667,250],[1588,-983],[914,-25],[2046,-1542],[1666,-963],[1670,-474],[1841,-1578],[1324,-919],[1680,-1800],[850,-317],[1581,-1643],[1059,-1664],[1181,-2833],[1044,-1261],[452,-130],[890,859]],[[451456,528230],[320,-901],[364,-3447],[567,-2834],[812,-152],[756,-682],[1854,-954],[708,48],[779,-3321],[469,-956],[1688,-689],[957,-1626],[1526,-631],[1859,-354],[689,1090],[1561,924],[1360,-1254],[791,-66],[1430,1727],[943,1571],[1690,2363],[735,556],[2521,234],[2660,697]],[[478495,519573],[67,-1056],[490,-1519],[1253,-1262],[1645,-2302],[2138,-1836],[633,-2296]],[[484721,509302],[-1139,-2790],[-325,-3824],[-1423,-2322],[-831,-990],[-2072,-3955],[-127,-567],[1159,-4852],[-601,-2080],[-165,-1602],[-621,-1911],[-902,-1153],[-567,-2039],[-2114,-4520],[-1382,-24],[-1061,-717],[-625,-1571],[-1288,1862],[-1089,699],[-653,58],[-1954,938],[-2096,2267],[-556,-243],[-948,658],[-416,2639],[-873,1917],[-312,2062],[-1257,1807],[-1500,97],[-375,-1978],[0,-1293],[933,-2568],[1172,-661],[110,-1183],[1002,-1728],[-1620,-1175],[21,-1315],[-484,-571],[-51,-1445],[1313,-3135],[1060,-1284],[262,-1474],[-430,-1585],[-1061,385],[-871,-332],[-1621,-1327],[325,-1812],[-606,-1023],[200,-847],[1011,-1271],[-719,-931],[-558,-1363],[-161,-3485],[-626,-2404],[-525,-1220],[222,-2050]],[[456906,450071],[-1103,-435],[-821,46],[-2538,1374],[-874,-549],[-1616,1106],[-2316,-431],[-601,-558],[-488,1048],[-717,-79],[-1485,756],[-859,-354],[-2388,923],[-1094,1669],[-1645,220],[269,979],[670,-82],[-220,1884],[205,875],[-1083,2989],[-2103,1887],[-1406,28],[-478,-1141],[-514,901],[-1268,-153],[-1109,1698],[-420,1383],[-1793,1220],[-1636,1692],[-1363,696],[-2223,-127],[-1313,-737],[-1869,856],[-418,-228],[-1406,1646],[-395,1335],[-815,14]],[[417673,472422],[-828,2136],[-898,1705],[1880,2426],[956,536],[279,683],[-860,1549],[1558,3208],[-100,1498],[-744,799],[-2782,2227],[-1052,543],[-2757,2174],[-583,106],[-2034,1523],[-826,1044],[-1425,2570],[-891,1022],[-902,1765],[-656,436],[-1860,2578],[-959,1879],[95,2573],[-562,790],[-738,1839],[51,1591],[375,833],[-1146,1759],[-588,1648],[-882,1371],[-155,1455],[-477,1135],[-1411,2249],[-513,1183],[-335,2065],[-693,997]],[[395210,526317],[1555,869],[1783,2057],[141,3144],[978,1927],[1160,569],[906,-305],[1572,957],[-6,1274]],[[403299,536809],[873,855],[2624,-1133]],[[406796,536531],[1592,-373],[1137,177],[1948,1182],[1202,-381],[1295,-1968],[1728,-245],[671,-1577],[1896,-1107],[455,-1245],[939,2],[141,1355],[795,945],[1403,1073],[343,912],[823,-1266],[-95,-3422],[-444,-1608],[300,-2323],[549,-1093],[3508,6082],[797,545],[1473,-1880],[-214,-1239],[314,-495],[1075,-54],[1381,1576],[-34,1664],[449,2752],[1469,240],[896,1065],[533,1478],[1122,1141],[652,-371],[182,-941],[652,-384],[1101,369],[1010,2427],[813,1022],[1628,-222],[883,-412],[2151,-2030],[289,-1480],[710,-1344],[1583,-1626],[803,-412],[2202,-3264],[554,-1546]],[[328739,353415],[-1896,-519],[-593,-1026],[-1731,-185],[-182,800],[-1669,975],[-179,657],[-1170,-138],[-478,307],[-624,-1158],[-1397,516],[-371,-380],[-2272,38],[-912,-1183],[-1422,1036],[-975,233],[-2187,3055],[-577,-3],[-816,-1078],[-563,1282],[-1365,-173],[-187,1329],[-2310,88]],[[300009,439189],[907,190],[3203,1261],[868,57],[1329,-667],[574,-1463],[31,-2444],[664,-2162],[1390,-1147],[2543,-3163],[1827,-1334],[1019,-1185],[1618,-161],[1437,-672],[947,-1435],[835,-619],[958,27],[3424,-1271],[1313,-1071],[877,-378],[1277,1360],[1823,-583],[772,23],[744,964],[1137,334],[3572,-2652],[165,-1175],[-65,-3578],[136,-2577],[-110,-1964],[1017,-973],[703,-1482],[1178,-634],[685,-1822],[1107,-1419],[1625,-4103],[280,-1637],[-267,-2185],[-626,-2751],[303,-2525],[-399,-2318],[62,-2013],[-726,-4112],[-571,-1544],[-88,-1682],[-837,-3128],[-753,-1238],[-235,-958],[71,-1988],[-186,-2583],[-1435,-4438],[-923,-1062],[-467,-1970],[-500,-930],[-1100,-1055],[-246,-1182],[-947,-1637],[-367,-2229],[-1035,-1616],[-1541,-661],[-267,-414]],[[304863,357888],[-996,-245],[-371,-1983],[-963,-1287],[-408,-1205],[50,-1042],[-608,-1072],[111,-1733],[-347,-243],[-1348,304],[-607,568],[-1289,-582],[-479,552],[-1396,356],[-863,-601],[-3310,78],[-1220,184],[-1771,-539],[-711,-864],[-2318,-714],[-2699,-230],[-2230,299]],[[299349,440556],[660,-1367]],[[300009,439189],[901,-1865],[809,-4041],[511,-8437],[310,-2096],[630,-1303],[156,-2010],[816,-2584],[-231,-1296],[601,-2773],[-122,-1071],[447,-869],[407,-4397],[-227,-1033],[234,-1795],[921,-2548],[49,-1750],[804,-1111],[935,-1859],[98,-1245],[-212,-1789],[114,-1159],[-591,-3318],[101,-1717],[-244,-1920],[459,-1138],[174,-1705],[651,-1271],[-341,-1917],[1286,-2554],[-985,-1999],[669,-1025],[-708,-1782],[-512,-2627],[286,-2005],[335,-422],[-911,-4183],[-974,-714],[-55,-1363],[-520,-1461],[-1217,-1149]],[[152703,525194],[9,1781],[745,1516],[1466,1416],[2800,1643],[2168,2105],[900,529],[1192,235],[2263,-1355],[2162,-2149],[829,-1667],[492,-3579],[480,-1188],[1689,-2616],[840,-456],[379,-817],[1016,-779],[944,-297],[894,188],[2438,2694],[629,226],[788,1128],[1425,1080],[3003,2817],[998,1196],[1160,987],[3400,2410],[854,304],[2296,1505],[894,758],[1022,1451],[261,2582],[-230,2398],[-726,4131],[-521,2345],[-640,5407],[-837,3519],[-556,3778],[919,756],[1164,14],[1068,-638],[1002,-209],[1502,1108],[590,845],[1201,3440],[2279,5513],[756,1252],[1422,405],[1307,-77],[1205,-1382],[1677,-2936],[1460,-900],[1070,518],[195,989],[-206,2693],[-330,1964],[-1203,4275],[-2771,4759],[-1755,1553],[-1295,858],[-1325,493],[-2029,-224],[-1387,247],[-487,498],[-1476,2536],[-1074,2699],[-487,2594],[-35,1496],[258,1933],[149,3444],[-120,884],[587,7010],[458,1194],[722,793],[1186,317],[986,1188],[195,1095],[804,1964],[771,818],[2067,-1021],[1283,-916],[3856,-950],[448,607],[-11,1808],[-257,1115],[1177,164],[2190,-495],[2333,-1377],[3030,-493],[1590,-999],[1374,1013]],[[281436,617653],[-1444,-1709],[-2951,567],[-391,-693],[-838,-310],[-2519,-92],[-1478,128],[-3381,-2005],[-296,-525],[-2651,-1178],[-624,-960],[-211,-1715],[-586,-1262],[-278,-1277],[2179,167],[1073,-1356],[725,269],[885,-758],[1242,276],[641,-541],[1091,-1654],[2284,-2761],[-153,-3167],[-238,-862],[-612,-333],[-1454,152],[-770,617],[165,-2239],[457,-2653],[-284,-3001],[799,61],[1958,844],[1011,-274],[416,-2641],[1309,-207],[1256,835],[847,219],[2559,16],[2882,-620],[865,-1656],[-747,-2786],[-1578,-4716],[110,-976],[1948,-1717],[1190,-412],[780,-705],[669,-1254],[93,-819],[-282,-1920],[-469,-1651],[-112,-1884],[-1503,-2512],[23,-1610],[-1912,-4112],[313,-1690],[942,-1539],[419,-1897]],[[225712,554234],[341,2120],[610,1716],[19,2820],[1933,4476],[155,1188],[-242,1841],[-654,896],[-178,984],[357,2261],[-172,1505],[-453,1441],[-2398,3177],[-351,2072],[235,1419],[610,1946],[125,1153],[539,989],[1141,741],[663,3930],[-713,2431],[-1290,2200],[-184,829],[265,1516],[-986,1500],[133,2150],[-705,2049],[-547,406],[-1814,337],[-618,718],[-1429,524],[-848,-483],[-364,1474],[-892,-339],[-797,857],[95,1524],[505,581],[-140,1675],[-811,479],[730,2042],[80,1276]],[[217662,614655],[2462,-819],[1906,-1915],[1047,-816],[713,-138],[1511,366],[492,505],[935,3495],[-122,3402],[222,3114],[1608,1332],[1386,199],[1331,-454],[3340,241],[749,-763],[976,-350],[1603,747],[1972,2015],[592,1803],[501,4503],[53,1688],[-428,2427],[-37,1762],[680,2914],[2226,296],[1030,366],[2260,1705],[1344,1918],[140,1311],[-158,3241],[412,1034],[941,1327],[1456,1155],[709,1068],[1388,1421],[450,7],[841,-1302],[998,-1048],[2127,-131],[880,-770],[330,-1860],[1220,-460],[1861,761],[361,665],[75,1552],[1402,2577],[725,549],[1877,-599],[948,-1658],[45,-1711],[-270,-852],[647,-1636],[1636,-996],[366,-477],[-29,-3810],[249,-1340],[594,-854],[1052,-275],[1186,95],[1660,544],[1281,-884],[60,-677],[-1127,-2182],[159,-1185],[689,-474],[2148,-180],[1466,-907],[750,-1426],[327,-2293],[905,-3446],[-267,-3032],[-821,-3500],[73,-1549],[1660,-2338]],[[284805,553155],[340,-285],[1775,212],[1286,-2970],[2093,-657],[1293,-2711]],[[212648,507221],[609,1657],[-2017,1624],[407,2415],[-50,900],[571,942],[-10,914],[-719,1511],[-907,2882],[37,2036],[-672,1798],[111,1541],[952,155],[612,1147],[-139,2229],[185,429],[1266,509],[315,678],[-486,1278],[886,2098],[96,1015],[-609,3597],[597,1525],[839,-80],[1388,703],[1600,1314],[736,203],[767,775],[1507,540],[505,-155],[2173,1165],[1920,3728],[-216,1321],[185,2167],[625,2452]],[[225712,554234],[1799,995],[743,39],[3153,1301],[2577,226],[1579,-17],[-191,-1918],[-604,-777],[-161,-2959],[575,227],[1275,1742],[318,1322],[156,2085],[396,688],[1703,235],[1791,658],[2021,1252],[527,-118],[153,3753],[438,1021],[1554,2361],[-340,2578],[-67,1897],[659,6511],[744,894],[592,-2365],[465,-693],[1461,-292],[978,-475],[308,417],[4301,2600],[1084,816],[1288,2607],[917,1109],[863,547],[871,80],[803,-676],[848,-1388],[405,-1435],[863,-425],[2298,-3980],[594,-1418],[614,-122],[462,-1963],[598,-98],[-312,-2193],[-289,-539],[66,-2036],[1235,-2057],[1302,-782],[601,-918],[1017,-4365],[1882,-423],[503,-789],[703,-124],[1419,457],[836,841],[1798,357],[824,-239],[1135,-1409],[1028,-810],[382,-751],[2170,-1946],[1382,-195]],[[242289,519522],[641,609],[630,-411],[1021,-1341],[1657,-878],[719,-810],[906,-460],[1230,-1683],[679,-28],[421,701],[63,2365],[1674,2128],[309,1074],[1640,1057],[895,63],[495,-495]],[[232345,323682],[170,-1714],[1357,-2610],[-155,-1532],[-2475,-963],[-768,-2009],[-2371,1586],[-1615,484],[-3270,-1161],[-465,-1081],[-2215,257],[-576,-802],[-53,-1725],[-261,-598],[-2323,98],[-647,-942],[-63,-911],[-645,-963],[-1518,-726],[-180,-1452],[-812,-1646],[-531,-581],[89,-1597],[496,-1970],[169,-1581],[-1437,1346],[-899,379],[-1229,979],[-1332,-2918],[-53,-1304],[-574,-882],[-605,119],[-1378,1206],[-454,1895],[-1270,-117],[-1027,909],[-343,831],[-2129,671],[-1430,125],[-1248,965],[-359,2521],[-707,999],[-657,235],[-1725,-461],[-2007,1116],[-956,-183],[-1405,737],[-672,-314],[-797,-1125],[-910,-103],[-833,760],[-835,-202],[-510,-943],[-744,-431],[-1544,1268],[-923,-269],[-1164,138],[-581,-504],[-613,563],[-699,-183],[-1071,-1212],[-584,186],[-1117,2429],[-3166,1855],[-1547,486],[-1057,773],[-433,-932],[-1573,-475],[-4186,-752],[-3145,488],[-880,673],[-1430,599],[-1198,1043],[-581,164],[-934,-450],[-1114,420],[-405,1026],[-1035,749],[-1484,3],[-785,803],[-1655,393],[-1417,2099],[-1205,1034],[-2003,651],[-1772,1863],[-901,-827],[-1048,-3027],[-419,-329],[-1107,670],[-924,1660],[-651,1859],[-825,1087],[-272,1939],[-850,1232],[-2038,-848],[-390,3839],[673,1215],[670,2766],[-571,2209],[277,1617],[-111,2290],[-1219,2444],[-457,1275],[-37,1199],[-436,1863],[105,2036],[-1873,2204],[-539,1537],[-1617,810],[-1227,2223],[-67,2347],[397,1477],[-288,1523],[-1143,1233],[-595,1378],[15,1153]],[[329097,523356],[-1420,-2330],[-854,-473],[-1029,-1818],[-506,-1720],[-308,-2545],[-519,-1546],[-1235,-1010],[-382,-1144],[-1036,-400],[-1038,182],[281,-1123],[-246,-1266],[66,-2066],[-1061,-3320],[-997,-750],[-760,48],[-1637,-1331],[-1761,519],[-89,-1452],[-572,-791],[95,-962],[-1240,-531],[-847,40],[-304,-669],[-941,-390],[-257,1805],[1193,1850],[75,1550],[-268,451],[-2137,424],[-804,-325],[-937,600],[-1384,-723],[-313,-2086],[-1194,-1761],[35,-611],[875,-1042],[-36,-1014],[-1257,71],[-1163,427],[-802,-871],[-114,-1603],[-1165,-2475],[-203,-1565],[452,-2022],[519,-929],[1067,-1038],[217,-1832],[-113,-1730],[1175,107],[1404,-668],[667,-906],[132,-946],[-440,-1601],[286,-2282],[935,-49],[339,-744],[-399,-2277],[607,-967],[-38,-1571]],[[307711,470155],[377,-1920],[-94,-897],[666,-548],[-996,-4330],[-820,-756],[140,-2368],[236,-913],[-398,-1702],[146,-824],[-942,-4032],[-935,-1776],[-574,-359],[-1741,-2340],[-677,-1181],[-753,-2109],[-1381,-2755],[-616,-789]],[[272973,445054],[-744,1384],[-1160,91],[-804,-1346],[-684,-637],[-2109,1143],[476,3504],[15,1293],[-671,734],[-850,-826],[-591,227],[-364,1295],[-102,1499],[346,2884],[-466,2244],[-1420,-402],[-644,222],[-213,1141],[361,2255],[-1957,849],[-1103,229],[-920,750],[-682,-441],[-1,2353],[413,1462],[-905,4409],[-1498,1397],[-122,1810],[-865,494],[-649,837],[33,2969],[-1839,1784],[427,2661],[-903,36],[-680,568],[474,807],[957,2817],[-550,1229],[922,2910],[277,2510],[416,1661],[508,2992],[86,2383],[539,2720],[37,3511],[-338,2986],[336,1271],[859,1026],[-35,899],[450,873],[322,1557],[-254,2138],[-1292,2705],[-543,492]],[[255269,521413],[2177,500],[1680,740],[3690,712],[670,-358],[935,-1124],[622,-1932],[2624,-3441],[671,-397],[1276,-2515],[1062,-1567],[571,-1858],[-66,-1434],[-986,-1391],[631,-254],[480,812],[788,-1243],[1357,-313],[1042,1419],[1264,2280],[847,2289],[148,1526],[752,3670],[1310,795],[613,-100],[875,662],[805,73],[231,667],[838,-149],[222,-975],[724,216],[13,847],[3080,-880],[1234,1550],[269,1135],[-219,4377],[-982,1593],[947,1429],[1842,1789],[8,2579],[246,1383],[-316,2785],[600,1594],[923,1571],[884,971],[214,1187],[-83,3007],[-190,1104]],[[291592,546744],[1351,2750],[1453,1435],[1773,-121],[1411,533],[2501,-1256],[1262,1535],[646,-85],[966,857],[1253,-415],[752,-1087],[435,121],[2296,2855],[1061,866],[5097,1620],[2172,214],[516,-2079],[918,-905],[1105,-2142],[2372,-3914],[1361,-978],[1730,-538],[1511,-1667],[1749,-1059],[1139,-2469],[955,-1143],[1335,-1138],[-124,-2112],[-889,-2302],[-637,-3705],[-1058,-2474],[-1158,-1022],[263,-1042],[1078,-1647],[910,-874]],[[242289,519522],[-1296,-3225],[-316,-1843],[28,-1721],[332,-1965],[-475,-2360],[-461,-4514],[-140,-3270],[115,-3114],[-514,-2401],[-8,-3446],[-667,-3122],[-392,-529],[-1327,117],[-1726,-2650],[-314,-1191],[-1300,-2576],[546,-1423],[-1290,-2401],[-1149,-276],[-4,-2071],[866,-703],[999,-219],[1086,-1249],[-396,-1151],[484,-1478],[1333,383],[-63,-1511],[497,-1022],[339,-1623],[-848,-832],[-629,316],[-316,1780],[-1060,-561],[-871,444],[-578,-205],[-810,-1900],[-600,800],[-819,-287],[45,-2147],[1247,-1362],[1115,-778],[876,-1067],[1399,-1231],[181,-623],[1432,-1400],[-211,-1005],[-1821,496],[-710,-1064],[103,-1183],[-749,-1117],[-1280,-1283],[-232,-1865],[-1226,-970],[-1513,174],[-520,-581],[-423,801],[851,2018],[-410,1310],[-859,-417],[-1129,-2375],[-687,-2446],[-1056,-1148],[-444,-1310],[624,-2270],[921,-860],[255,-1076],[-685,-1197],[1814,-3957],[56,-1366],[-1261,-2050],[-1034,-2126],[-1107,-1826]],[[206372,443587],[1584,1328],[438,893],[323,2517],[-306,992],[-1537,800],[-599,1123],[-244,1164],[1010,1472],[1099,-99],[1028,287],[488,-1841],[213,-1779],[438,-139],[665,823],[457,2793],[1220,984],[664,1455],[110,1330],[-746,841],[118,2409],[830,632],[-130,1684],[-1043,141],[-944,1158],[-662,1689],[-20,2456],[497,2413],[881,1515],[-283,3815],[224,1205],[-609,1317],[158,1371],[-701,2313],[-68,2341],[393,1523],[666,1395],[2858,-1348],[136,833],[-581,1309],[-582,2038],[-1402,1773],[288,1224],[837,-9],[257,743],[-211,1247],[-605,1168],[176,780],[836,1007],[280,1353],[-372,1754],[159,1250],[-477,846],[-1251,986],[-332,1056],[650,1303]],[[212648,507221],[742,-649],[1295,1462],[682,1773],[1248,564],[951,-49],[714,-451],[1697,1728],[944,-112],[775,1505],[482,-792],[458,-2359],[-776,-1298],[487,-1679],[429,-104],[1608,1554],[778,150],[-779,-3761],[1560,-1368],[1923,-1439],[1100,2321],[77,1622],[802,4219],[730,1333],[945,-167],[473,524],[1906,502],[682,-300],[510,691],[520,-609],[1304,538],[1084,2171],[172,1406],[770,993],[579,95],[599,1441],[768,733],[1402,113]],[[206372,443587],[1031,-377],[863,465],[700,1163],[1933,4786],[1079,1101],[1210,504],[783,5],[782,-999],[1141,-3355],[1098,-3701],[458,-3454],[41,-2653],[200,-2439],[475,-1553],[1342,-1391],[1234,-645],[1692,-534],[1673,-1288]],[[224107,429222],[684,-341],[1582,532],[1809,-75],[2049,501],[1780,-532],[793,649],[2409,935],[1474,-110],[758,-353],[544,-852],[1519,-1112],[508,-70],[994,744],[1825,480],[1003,769],[330,1489],[-230,1091],[609,4981],[769,1935],[1034,731],[1812,-251],[1824,325],[841,-883],[1632,-10],[1811,1229],[1103,1203],[2674,-942],[763,274],[2244,-120],[914,680],[1403,-694],[1180,372],[1697,911],[1034,-253],[1414,245],[566,450],[722,1423],[1388,361],[763,-445],[838,565]],[[272973,445054],[651,101],[951,1116],[1814,492],[1255,2485],[110,802],[-386,1175],[757,561],[1463,-957],[1490,-102],[1254,-468],[556,554],[845,54],[1167,-1215],[65,-1915],[733,-1253],[1021,-592],[1121,-159],[2391,-1918],[3028,-1910],[1284,-1512],[1817,-1012],[1746,1909],[552,255],[691,-989]],[[299349,440556],[-1781,-3095],[-1822,-1641],[-2746,1888],[-547,1255],[-1627,655],[-1111,-1304],[-422,-2147],[-1066,-2810],[-816,-446],[-558,-2245],[441,-1088],[225,-2384],[551,-915],[-437,-4118],[-301,-1026],[265,-1762],[-81,-1254],[-706,-1980],[-357,-2305],[43,-1459],[752,-3971],[-172,-3389],[428,-2895],[1659,-3300],[356,-1221],[768,-1491],[757,-2561],[146,-1316],[640,-2285],[-318,-3637],[566,-1216],[114,-1195],[524,-1462],[-418,-1384],[838,-1583],[-699,-991],[-799,-252],[-721,-757],[-28,-754],[656,-813],[179,-1301],[-1465,-2658],[-916,-899],[83,-1170],[1155,519],[609,-670],[162,-1404],[-1134,-1326],[-1380,-361],[234,-2203],[-1088,-2031],[-726,-174],[-150,-1455],[-918,153],[-1271,-1456],[-904,-589],[-459,163],[-1340,-805],[-600,-3181],[235,-1617],[-350,-3171],[-411,-2377]],[[281090,347889],[-684,98],[-466,2297],[-814,-590],[-1148,365],[-1477,-1517],[-1718,-928],[-522,202],[-277,1173],[-239,2423],[-615,1061],[-179,1458],[-46,2995],[-552,878],[-1102,-143],[-1334,406],[-1304,1864],[-367,953],[-610,359],[-366,1189],[-887,-548],[-1090,-182],[-650,954],[-1031,310],[-1650,-145],[-1801,575],[-909,1398],[-904,-413],[-1569,-1396],[-508,1252],[-1261,744],[-1701,-917],[-1429,839],[-584,1120],[-855,54],[-934,-1363],[-850,143],[-1010,-294],[-987,1876],[-85,1390],[-2016,1202],[-456,1295],[-510,491],[-1671,-400],[-977,-1690],[-212,-1151],[198,-2972],[-605,-1929],[343,-1490],[-463,-3135],[-145,-1977],[-672,-1253],[-561,-417],[-495,-1276],[-175,-3045],[-344,-1837],[-797,-2237],[87,-6082],[-1738,90],[-646,1046],[-764,-359],[-601,-892],[-531,-1542],[-1602,-833],[632,-1132],[1940,-552],[553,-696],[1594,-477],[480,-1208],[246,-2417],[-382,-568],[-916,-261],[-1792,323],[-1079,-351],[-413,-1103],[-73,-2417],[333,-2895]],[[232345,323682],[-1028,649],[-1361,287],[-1367,2415],[-1280,1287],[-1791,644],[-1313,1453],[-843,176],[-1932,1523],[-2002,3787],[-3686,2143],[-1281,2],[-3001,2543],[-1346,988],[-2292,-421],[-843,-327],[-2127,62],[-2777,-237],[-1053,2445],[-436,1862],[-1249,1777],[-1051,1185],[-900,1500],[-1877,2451],[-721,1296],[-764,804],[-1190,719],[-657,-523],[-1018,383],[-1596,44],[-1377,1915],[-1796,914],[-833,178],[-1110,-363],[-1046,604],[-1072,-207],[-873,243],[-2613,2785],[-1390,270],[-1752,1019],[-1247,2515],[-994,1152],[-1166,535],[-903,1845],[-1313,-703],[-446,1143],[-931,1440],[-631,349],[-984,-449],[-1571,2205],[-679,400],[-1187,-190],[-460,284],[-610,1897],[102,1719],[-1043,827],[-3901,4313],[-317,858],[-1067,514],[-1491,2270],[-1507,1426],[-1163,-775],[-640,466],[-1480,280],[-754,738],[-576,1170],[-1360,331],[-1721,-530],[-1121,-1125],[665,2699],[-416,1755],[-1208,1439],[-867,673],[-222,1874],[-1780,407],[-977,2041],[-924,569],[-1933,184],[-1388,-919],[-1571,-1475],[-891,143],[-444,806],[99,3052],[-729,1619],[-559,385],[-1570,13],[-733,706],[-639,1620],[-191,-6001],[-167,-852],[318,-1492],[-157,-1542],[490,-1559],[1039,-1726],[173,-1250],[-182,-1146],[-901,-1098],[-269,-2282],[513,-1533],[677,616],[1528,-3170],[36,-1249],[455,-975],[-70,-1447],[192,-2070],[-312,-1421],[-523,-1045],[-1913,-1172],[-1450,-2222],[-1117,-2312],[-316,-2154],[83,-2015]],[[126389,363336],[-692,590],[-1131,384],[-611,-398],[-777,169],[-681,1003],[-1433,-1429],[-1987,951],[-1170,1578],[-1909,-3739],[-973,-291],[-1250,-2232],[137,-2389],[-233,-1461],[-615,-725],[-875,777],[-1496,-209],[-1569,1010],[-577,2030],[555,5078],[-377,1007],[-27,1650],[-1176,1335],[-4,715],[1743,3308],[30,431],[-984,2605],[-1413,757],[-972,1013],[-1024,323],[-586,-271],[-520,787],[-1038,-2619],[-1034,1884],[-1531,147],[-1521,1150],[-1544,-152],[-1135,1168],[-733,133],[-225,2402],[-1185,231],[-324,1660],[-1256,1244],[-1575,509],[-649,-635],[-744,418],[-830,-78],[-783,1405],[-1016,-55],[20,1978],[-1216,2335],[270,1930],[-669,1330],[2000,2732],[-568,1121],[399,1108],[-267,868],[345,806],[-27,1789],[655,526],[-493,1621],[349,2829],[-1374,265],[-511,1044],[-954,-1161],[-659,583],[-1038,-106],[-1491,-2078],[-453,157],[-789,-1484],[-1289,-739],[-1638,-449],[-457,677],[-1335,468],[-585,643],[-67,2872],[-263,937],[-1052,17],[-451,527],[-659,-437],[-765,1506],[-1567,-712],[-546,-889],[-1227,-1261],[-816,-143],[-79,-1155],[514,-1351],[279,-2138],[-362,-1986],[-24,-1303],[-508,-776],[451,-1062],[-370,-3904],[-412,-1739],[-326,-3212],[-722,-857],[-1070,-182],[-413,-1400],[-690,-778],[-2184,-1461],[-704,697],[-944,-100],[-352,-800],[-693,-138],[-206,-927],[-620,-450],[-826,762],[-575,-1466],[-338,-2196],[89,-1929],[-441,-787],[-179,-1645],[-472,-815],[-1014,-714],[-251,-1633],[-644,-2342],[-733,-385],[437,-2107],[828,-1125],[-212,-978],[-1116,-1013],[53,-1015],[-511,-968],[-923,-855],[-823,-2950],[-282,-1658],[-3125,420],[-434,-370],[-1290,-2],[-810,-1010],[-692,-189],[-1291,299],[-266,-1644],[-817,565],[-611,-202],[-471,-955],[563,-1362],[-136,-1707],[-678,161],[-884,-530],[-607,462],[-935,1579],[-1068,-874],[-756,1164],[-580,1493],[-1247,-656],[-437,1847],[-1102,1198],[-393,-578],[-607,474],[-349,-1035],[-691,1033],[-574,-45],[-326,1182],[-82,1601],[-820,33],[-987,-1204],[-1767,-545],[-804,306],[-947,-566],[-1573,-2456],[-270,1993],[-1064,321],[-949,-525],[-1035,1742],[-1686,1232],[-1131,-1753],[-718,220],[-948,-812],[-1447,-436],[-1456,-135],[-1382,-735],[-862,701],[-374,1459],[358,1345],[-726,976],[-976,739],[-2067,-254],[-1095,765],[1429,865],[1635,2913],[1347,4347],[630,2926],[-43,2742],[-314,2529],[-864,3606],[-510,3100],[39,823],[-589,2594],[78,2150],[901,1581],[1372,1076],[4897,3364],[1529,1552],[1766,2431],[828,2387],[228,1724],[24,2599],[-562,2218],[-1138,2655],[-3145,2639],[-846,327],[-1265,-746],[-1233,-4330],[-584,-1226],[-1576,-1756],[-1206,-941],[-1259,-588],[-1989,-305],[-1682,1150],[-1370,2275],[-207,1396],[251,3269],[-780,1006],[-332,2128],[-151,2399],[233,4243],[230,1279],[1677,2356],[601,325],[1886,314],[487,-137],[2665,-2209],[2179,-1144],[1041,-190],[1260,780],[1351,1556],[603,2461],[476,840],[1723,750],[2587,708],[1037,-136],[1018,-517],[1383,-1293],[1164,-1680],[1924,-1038],[2071,-184],[1483,532],[746,813],[908,49],[1968,-478],[958,-548],[2359,-2820],[1972,-1179],[2180,-682],[2182,78],[2002,1024],[892,1236],[1105,3249],[514,3753],[977,2235],[1512,1505],[1036,151],[1986,-1092],[804,-1066],[1701,-1363],[977,284],[404,744],[1047,3087],[1429,1454],[1141,-185],[2177,-1098],[1536,-1442],[1026,-579],[1965,-390],[1960,-166],[2494,-1456],[800,14],[1992,1061],[1766,2086],[150,2477],[1294,2216],[909,1928],[207,3577],[590,2363],[511,1381],[2318,5267],[2408,2922],[778,1307],[2280,4505],[502,726],[3273,3515],[1684,2297],[1401,2359],[2501,4971],[950,1270],[2617,2829],[2541,3213],[1564,1163],[2286,2813],[1834,2797],[2360,1548],[888,1016],[1372,973],[2657,616],[2024,1117],[1654,2146],[2286,1743],[2315,861],[1342,728],[2053,-2135],[876,286],[1115,2984],[584,973],[1234,1345],[1473,2260],[505,424],[1537,266],[4226,2063],[2075,1199],[1746,1492],[1077,1342],[2226,2359],[1465,1308],[4142,4456],[875,1451],[403,2099]],[[152703,525194],[1096,-955],[457,-1049],[-110,-742],[-1793,-2213],[-24,-2030],[-534,-1708],[-340,-3367],[-263,-863],[-1930,-3489],[-1454,-1696],[-1520,295],[-1390,-1580],[-1634,-1048],[-478,-1387],[-863,-361],[-1761,57],[-1804,-739],[-1564,-386],[-1640,-1115],[-937,-1288],[-532,-1650],[-918,-2044],[-1454,-4265],[-767,-1326],[-1127,-484],[-1543,-2587],[-773,-324],[-728,799],[-1053,-275],[-1135,-2074],[-1206,-608],[-895,-1196],[-678,-2290],[-1265,-1467],[-98,-861],[-687,-1027],[-181,-2603],[-522,-466],[-2392,-1037],[-1213,27],[-1010,-1023],[-1863,-1300],[-939,-1697],[-975,-229],[-423,-582],[-414,-1712],[-67,-1615],[-407,-2479],[-600,-663],[-864,59],[-1327,-705],[-1396,-1098],[-1846,-3109],[-1555,-2337],[-2847,575],[-483,-271],[-949,-2259],[-258,-2515],[-497,-1105],[-54,-1041],[-1037,-1286],[-914,-636],[-1129,-2438],[-1025,-1627],[-825,-2065],[-142,-1124],[1836,-1285],[844,-1996],[1165,-1079],[1165,-218],[2447,660],[2373,1596],[928,815],[1090,1612],[1794,2264],[1257,1042],[2185,1103],[656,561],[702,1628],[829,982],[1845,-662],[607,-987],[288,-1385],[1315,-791],[1941,-2091],[399,-2176],[-604,-987],[-394,-2572],[709,-829],[1137,-756],[1547,203],[243,707],[-300,1046],[1359,1486],[312,1190],[1433,473],[1081,907],[831,-67],[1127,456],[4098,-1638],[1221,55],[767,377],[1874,-634],[974,-10],[1052,761],[1219,244],[786,-1084],[2898,-1956],[938,-125],[518,433],[584,1636],[772,1419],[822,704],[2035,-205],[942,-542],[340,-744],[651,-3028],[886,-3043],[563,-581],[668,751],[618,-1073],[898,-882],[777,-223],[1476,647],[1304,1500],[204,-176],[3804,4249],[3062,1698],[771,779],[2329,3450],[1792,162],[1967,-2216],[744,-276],[1283,340],[1942,-2321],[2543,-2715],[333,-586],[1207,-432],[899,678],[511,1197],[123,1769],[472,2681],[1032,1528],[1517,463],[2327,-248],[2045,-807],[2095,202],[2410,779],[488,-279],[41,-1512],[-799,-986],[998,-2371],[1709,-2355],[913,-536],[937,-27],[1109,1312],[1724,4728],[259,1001],[2055,3269],[509,478],[2880,-1904],[960,469],[1564,-434],[581,-563]]]}