{"type":"Topology","objects":{"local_levels":{"geometries":[{"properties":{"STATE_CODE":6,"DISTRICT":"RUKUM_W","GaPa_NaPa":"Aathbiskot","Type_GN":"Nagarpalika","Province":"Karnali"},"type":"Polygon","arcs":[[-138,-135,0,-3,-9,-95,-115,-126]],"id":563},{"properties":{"STATE_CODE":6,"DISTRICT":"RUKUM_W","GaPa_NaPa":"Banfikot","Type_GN":"Gaunpalika","Province":"Karnali"},"type":"Polygon","arcs":[[1,-5,-6,2]],"id":564},{"properties":{"STATE_CODE":6,"DISTRICT":"RUKUM_W","GaPa_NaPa":"Chaurjahari","Type_GN":"Nagarpalika","Province":"Karnali"},"type":"Polygon","arcs":[[-11,-20,-27,-97,-8]],"id":565},{"properties":{"STATE_CODE":6,"DISTRICT":"RUKUM_W","GaPa_NaPa":"Musikot","Type_GN":"Nagarpalika","Province":"Karnali"},"type":"Polygon","arcs":[[3,-13,-7,4]],"id":566},{"properties":{"STATE_CODE":6,"DISTRICT":"RUKUM_W","GaPa_NaPa":"Sani Bheri","Type_GN":"Gaunpalika","Province":"Karnali"},"type":"Polygon","arcs":[[5,6,-12,7,-96,8]],"id":567},{"properties":{"STATE_CODE":6,"DISTRICT":"RUKUM_W","GaPa_NaPa":"Tribeni","Type_GN":"Gaunpalika","Province":"Karnali"},"type":"Polygon","arcs":[[9,-15,-18,10,11,12]],"id":568},{"properties":{"STATE_CODE":6,"DISTRICT":"SALYAN","GaPa_NaPa":"Bagchaur","Type_GN":"Nagarpalika","Province":"Karnali"},"type":"Polygon","arcs":[[13,-17,-32,-21,-29,-19,14]],"id":569},{"properties":{"STATE_CODE":6,"DISTRICT":"SALYAN","GaPa_NaPa":"Bangad Kupinde","Type_GN":"Nagarpalika","Province":"Karnali"},"type":"Polygon","arcs":[[-99,-31,-22,-35,-23,-51,-63,-101]],"id":570},{"properties":{"STATE_CODE":6,"DISTRICT":"SALYAN","GaPa_NaPa":"Chhatreshwori","Type_GN":"Gaunpalika","Province":"Karnali"},"type":"Polygon","arcs":[[15,-25,-41,-33,16]],"id":571},{"properties":{"STATE_CODE":6,"DISTRICT":"SALYAN","GaPa_NaPa":"Darma","Type_GN":"Gaunpalika","Province":"Karnali"},"type":"Polygon","arcs":[[17,18,-28,19]],"id":572},{"properties":{"STATE_CODE":6,"DISTRICT":"SALYAN","GaPa_NaPa":"Dhorchaur","Type_GN":"Gaunpalika","Province":"Karnali"},"type":"Polygon","arcs":[[20,-36,21,-30]],"id":573},{"properties":{"STATE_CODE":6,"DISTRICT":"SALYAN","GaPa_NaPa":"Kalimati","Type_GN":"Gaunpalika","Province":"Karnali"},"type":"Polygon","arcs":[[-52,22,-34,-39,23,-44]],"id":574},{"properties":{"STATE_CODE":6,"DISTRICT":"SALYAN","GaPa_NaPa":"Kapurkot","Type_GN":"Gaunpalika","Province":"Karnali"},"type":"Polygon","arcs":[[-37,24,25]],"id":575},{"properties":{"STATE_CODE":6,"DISTRICT":"SALYAN","GaPa_NaPa":"Kumakhmalika","Type_GN":"Gaunpalika","Province":"Karnali"},"type":"Polygon","arcs":[[26,27,28,29,30,-98]],"id":576},{"properties":{"STATE_CODE":6,"DISTRICT":"SALYAN","GaPa_NaPa":"Sharada","Type_GN":"Nagarpalika","Province":"Karnali"},"type":"Polygon","arcs":[[31,32,-40,33,34,35]],"id":577},{"properties":{"STATE_CODE":6,"DISTRICT":"SALYAN","GaPa_NaPa":"Tribeni","Type_GN":"Gaunpalika","Province":"Karnali"},"type":"Polygon","arcs":[[36,37,38,39,40]],"id":578},{"properties":{"STATE_CODE":6,"DISTRICT":"SURKHET","GaPa_NaPa":"Barahtal","Type_GN":"Gaunpalika","Province":"Karnali"},"type":"Polygon","arcs":[[41,-80,-48,-46,42,-59]],"id":607},{"properties":{"STATE_CODE":6,"DISTRICT":"SURKHET","GaPa_NaPa":"Bheriganga","Type_GN":"Nagarpalika","Province":"Karnali"},"type":"Polygon","arcs":[[-57,-53,43,44,45,-47]],"id":608},{"properties":{"STATE_CODE":6,"DISTRICT":"SURKHET","GaPa_NaPa":"Birendranagar","Type_GN":"Nagarpalika","Province":"Karnali"},"type":"Polygon","arcs":[[-50,-58,46,47,-79]],"id":609},{"properties":{"STATE_CODE":6,"DISTRICT":"SURKHET","GaPa_NaPa":"Chaukune","Type_GN":"Gaunpalika","Province":"Karnali"},"type":"Polygon","arcs":[[-61,48]],"id":610},{"properties":{"STATE_CODE":6,"DISTRICT":"SURKHET","GaPa_NaPa":"Chingad","Type_GN":"Gaunpalika","Province":"Karnali"},"type":"Polygon","arcs":[[-65,-54,-55,49,-78,-67,-112]],"id":611},{"properties":{"STATE_CODE":6,"DISTRICT":"SURKHET","GaPa_NaPa":"Gurbhakot","Type_GN":"Nagarpalika","Province":"Karnali"},"type":"Polygon","arcs":[[-64,50,51,52,-56,53]],"id":612},{"properties":{"STATE_CODE":6,"DISTRICT":"SURKHET","GaPa_NaPa":"Lekbeshi","Type_GN":"Nagarpalika","Province":"Karnali"},"type":"Polygon","arcs":[[54,55,56,57]],"id":613},{"properties":{"STATE_CODE":6,"DISTRICT":"SURKHET","GaPa_NaPa":"Panchpuri","Type_GN":"Nagarpalika","Province":"Karnali"},"type":"Polygon","arcs":[[58,59,60,61]],"id":614},{"properties":{"STATE_CODE":6,"DISTRICT":"SURKHET","GaPa_NaPa":"Simta","Type_GN":"Gaunpalika","Province":"Karnali"},"type":"Polygon","arcs":[[-102,62,63,64,-111]],"id":615},{"properties":{"STATE_CODE":6,"DISTRICT":"DAILEKH","GaPa_NaPa":"Aathabis","Type_GN":"Nagarpalika","Province":"Karnali"},"type":"Polygon","arcs":[[-167,-165,-94,-69,65,-177]],"id":616},{"properties":{"STATE_CODE":6,"DISTRICT":"DAILEKH","GaPa_NaPa":"Bhagawatimai","Type_GN":"Gaunpalika","Province":"Karnali"},"type":"Polygon","arcs":[[-105,-103,-113,66,-77,-74,-84,-89]],"id":617},{"properties":{"STATE_CODE":6,"DISTRICT":"DAILEKH","GaPa_NaPa":"Bhairabi","Type_GN":"Gaunpalika","Province":"Karnali"},"type":"Polygon","arcs":[[-172,-83,-87,-71,-70,-92,-163]],"id":618},{"properties":{"STATE_CODE":6,"DISTRICT":"DAILEKH","GaPa_NaPa":"Chamunda Bindrasaini","Type_GN":"Nagarpalika","Province":"Karnali"},"type":"Polygon","arcs":[[-73,67,68,-93,69]],"id":619},{"properties":{"STATE_CODE":6,"DISTRICT":"DAILEKH","GaPa_NaPa":"Dullu","Type_GN":"Nagarpalika","Province":"Karnali"},"type":"Polygon","arcs":[[70,-86,-75,-82,71,72]],"id":620},{"properties":{"STATE_CODE":6,"DISTRICT":"DAILEKH","GaPa_NaPa":"Dungeshwor","Type_GN":"Gaunpalika","Province":"Karnali"},"type":"Polygon","arcs":[[73,-76,74,-85]],"id":621},{"properties":{"STATE_CODE":6,"DISTRICT":"DAILEKH","GaPa_NaPa":"Gurans","Type_GN":"Gaunpalika","Province":"Karnali"},"type":"Polygon","arcs":[[75,76,77,78,79,80,81]],"id":622},{"properties":{"STATE_CODE":6,"DISTRICT":"DAILEKH","GaPa_NaPa":"Mahabu","Type_GN":"Gaunpalika","Province":"Karnali"},"type":"Polygon","arcs":[[-171,-91,-88,82]],"id":623},{"properties":{"STATE_CODE":6,"DISTRICT":"DAILEKH","GaPa_NaPa":"Narayan","Type_GN":"Nagarpalika","Province":"Karnali"},"type":"Polygon","arcs":[[83,84,85,86,87,-90]],"id":624},{"properties":{"STATE_CODE":6,"DISTRICT":"DAILEKH","GaPa_NaPa":"Naumule","Type_GN":"Gaunpalika","Province":"Karnali"},"type":"Polygon","arcs":[[-106,88,89,90,-170]],"id":625},{"properties":{"STATE_CODE":6,"DISTRICT":"DAILEKH","GaPa_NaPa":"Thantikandh","Type_GN":"Gaunpalika","Province":"Karnali"},"type":"Polygon","arcs":[[91,92,93,-164]],"id":626},{"properties":{"STATE_CODE":6,"DISTRICT":"JAJARKOT","GaPa_NaPa":"Barekot","Type_GN":"Gaunpalika","Province":"Karnali"},"type":"Polygon","arcs":[[-128,-118,-110,-155,-144]],"id":627},{"properties":{"STATE_CODE":6,"DISTRICT":"JAJARKOT","GaPa_NaPa":"Bheri","Type_GN":"Nagarpalika","Province":"Karnali"},"type":"Polygon","arcs":[[94,95,96,97,98,-100,-107,-116]],"id":628},{"properties":{"STATE_CODE":6,"DISTRICT":"JAJARKOT","GaPa_NaPa":"Chhedagad","Type_GN":"Nagarpalika","Province":"Karnali"},"type":"Polygon","arcs":[[-108,99,100,101,-114,102,-104]],"id":629},{"properties":{"STATE_CODE":6,"DISTRICT":"JAJARKOT","GaPa_NaPa":"Junichande","Type_GN":"Gaunpalika","Province":"Karnali"},"type":"Polygon","arcs":[[-109,103,104,105,-169,-157]],"id":630},{"properties":{"STATE_CODE":6,"DISTRICT":"JAJARKOT","GaPa_NaPa":"Kuse","Type_GN":"Gaunpalika","Province":"Karnali"},"type":"Polygon","arcs":[[-117,106,107,108,-156,109]],"id":631},{"properties":{"STATE_CODE":6,"DISTRICT":"JAJARKOT","GaPa_NaPa":"Shiwalaya","Type_GN":"Gaunpalika","Province":"Karnali"},"type":"Polygon","arcs":[[110,111,112,113]],"id":632},{"properties":{"STATE_CODE":6,"DISTRICT":"JAJARKOT","GaPa_NaPa":"Tribeni Nalagad","Type_GN":"Nagarpalika","Province":"Karnali"},"type":"Polygon","arcs":[[114,115,116,117,-127]],"id":633},{"properties":{"STATE_CODE":6,"DISTRICT":"DOLPA","GaPa_NaPa":"Chharka Tangsong","Type_GN":"Gaunpalika","Province":"Karnali"},"type":"Polygon","arcs":[[118,-122,-120]],"id":634},{"properties":{"STATE_CODE":6,"DISTRICT":"DOLPA","GaPa_NaPa":"Dolpo Buddha","Type_GN":"Gaunpalika","Province":"Karnali"},"type":"Polygon","arcs":[[119,-124,-129,120]],"id":635},{"properties":{"STATE_CODE":6,"DISTRICT":"DOLPA","GaPa_NaPa":"Jagadulla","Type_GN":"Gaunpalika","Province":"Karnali"},"type":"Polygon","arcs":[[-140,-125,-142,-147,-206,-131]],"id":636},{"properties":{"STATE_CODE":6,"DISTRICT":"DOLPA","GaPa_NaPa":"Kaike","Type_GN":"Gaunpalika","Province":"Karnali"},"type":"Polygon","arcs":[[121,122,-133,-130,123]],"id":637},{"properties":{"STATE_CODE":6,"DISTRICT":"DOLPA","GaPa_NaPa":"Mudkechula","Type_GN":"Gaunpalika","Province":"Karnali"},"type":"Polygon","arcs":[[124,-139,125,126,127,-143]],"id":638},{"properties":{"STATE_CODE":6,"DISTRICT":"DOLPA","GaPa_NaPa":"Shey Phoksundo","Type_GN":"Gaunpalika","Province":"Karnali"},"type":"Polygon","arcs":[[128,129,-136,-141,130,-205,131]],"id":639},{"properties":{"STATE_CODE":6,"DISTRICT":"DOLPA","GaPa_NaPa":"Thuli Bheri","Type_GN":"Nagarpalika","Province":"Karnali"},"type":"Polygon","arcs":[[132,133,134,-137,135]],"id":640},{"properties":{"STATE_CODE":6,"DISTRICT":"DOLPA","GaPa_NaPa":"Tripurasundari","Type_GN":"Nagarpalika","Province":"Karnali"},"type":"Polygon","arcs":[[136,137,138,139,140]],"id":641},{"properties":{"STATE_CODE":6,"DISTRICT":"JUMLA","GaPa_NaPa":"Chandannath","Type_GN":"Nagarpalika","Province":"Karnali"},"type":"Polygon","arcs":[[-149,-145,-160,-151,-146]],"id":642},{"properties":{"STATE_CODE":6,"DISTRICT":"JUMLA","GaPa_NaPa":"Guthichaur","Type_GN":"Gaunpalika","Province":"Karnali"},"type":"Polygon","arcs":[[141,142,143,-154,144,-148]],"id":643},{"properties":{"STATE_CODE":6,"DISTRICT":"JUMLA","GaPa_NaPa":"Hima","Type_GN":"Gaunpalika","Province":"Karnali"},"type":"Polygon","arcs":[[-158,-162,-198,-183,-152]],"id":644},{"properties":{"STATE_CODE":6,"DISTRICT":"JUMLA","GaPa_NaPa":"Kanakasundari","Type_GN":"Gaunpalika","Province":"Karnali"},"type":"Polygon","arcs":[[-150,145,-153,-181,-202,-200]],"id":645},{"properties":{"STATE_CODE":6,"DISTRICT":"JUMLA","GaPa_NaPa":"Patrasi","Type_GN":"Gaunpalika","Province":"Karnali"},"type":"Polygon","arcs":[[146,147,148,149,-199,-207]],"id":646},{"properties":{"STATE_CODE":6,"DISTRICT":"JUMLA","GaPa_NaPa":"Sinja","Type_GN":"Gaunpalika","Province":"Karnali"},"type":"Polygon","arcs":[[150,-159,151,-182,152]],"id":647},{"properties":{"STATE_CODE":6,"DISTRICT":"JUMLA","GaPa_NaPa":"Tatopani","Type_GN":"Gaunpalika","Province":"Karnali"},"type":"Polygon","arcs":[[153,154,155,156,-168,-161,157,158,159]],"id":648},{"properties":{"STATE_CODE":6,"DISTRICT":"JUMLA","GaPa_NaPa":"Tila","Type_GN":"Gaunpalika","Province":"Karnali"},"type":"Polygon","arcs":[[160,-175,-193,161]],"id":649},{"properties":{"STATE_CODE":6,"DISTRICT":"KALIKOT","GaPa_NaPa":"Kalika","Type_GN":"Gaunpalika","Province":"Karnali"},"type":"Polygon","arcs":[[-173,162,163,164,-166]],"id":650},{"properties":{"STATE_CODE":6,"DISTRICT":"KALIKOT","GaPa_NaPa":"Khandachakra","Type_GN":"Nagarpalika","Province":"Karnali"},"type":"Polygon","arcs":[[-195,-174,165,166,-176,-190,-179]],"id":651},{"properties":{"STATE_CODE":6,"DISTRICT":"KALIKOT","GaPa_NaPa":"Mahawai","Type_GN":"Gaunpalika","Province":"Karnali"},"type":"Polygon","arcs":[[167,168,169,170,171,172,173,-194,174]],"id":652},{"properties":{"STATE_CODE":6,"DISTRICT":"KALIKOT","GaPa_NaPa":"Naraharinath","Type_GN":"Gaunpalika","Province":"Karnali"},"type":"Polygon","arcs":[[-191,175,176,177]],"id":653},{"properties":{"STATE_CODE":6,"DISTRICT":"KALIKOT","GaPa_NaPa":"Pachaljharana","Type_GN":"Gaunpalika","Province":"Karnali"},"type":"Polygon","arcs":[[-196,178,-189,-186,179,-184]],"id":654},{"properties":{"STATE_CODE":6,"DISTRICT":"KALIKOT","GaPa_NaPa":"Palata","Type_GN":"Gaunpalika","Province":"Karnali"},"type":"Polygon","arcs":[[180,181,182,-197,183,184,-203]],"id":655},{"properties":{"STATE_CODE":6,"DISTRICT":"KALIKOT","GaPa_NaPa":"Raskot","Type_GN":"Nagarpalika","Province":"Karnali"},"type":"Polygon","arcs":[[185,-188,186]],"id":656},{"properties":{"STATE_CODE":6,"DISTRICT":"KALIKOT","GaPa_NaPa":"Sanni Tribeni","Type_GN":"Gaunpalika","Province":"Karnali"},"type":"Polygon","arcs":[[187,188,189,190,191]],"id":657},{"properties":{"STATE_CODE":6,"DISTRICT":"KALIKOT","GaPa_NaPa":"Tilagufa","Type_GN":"Nagarpalika","Province":"Karnali"},"type":"Polygon","arcs":[[192,193,194,195,196,197]],"id":658},{"properties":{"STATE_CODE":6,"DISTRICT":"MUGU","GaPa_NaPa":"Chhayanath Rara","Type_GN":"Nagarpalika","Province":"Karnali"},"type":"Polygon","arcs":[[-208,198,199,-201,-210,-214]],"id":659},{"properties":{"STATE_CODE":6,"DISTRICT":"MUGU","GaPa_NaPa":"Khatyad","Type_GN":"Gaunpalika","Province":"Karnali"},"type":"Polygon","arcs":[[200,201,202,203,-233,-211]],"id":660},{"properties":{"STATE_CODE":6,"DISTRICT":"MUGU","GaPa_NaPa":"Mugum Karmarong","Type_GN":"Gaunpalika","Province":"Karnali"},"type":"Polygon","arcs":[[204,205,206,207,-213,208]],"id":661},{"properties":{"STATE_CODE":6,"DISTRICT":"MUGU","GaPa_NaPa":"Soru","Type_GN":"Gaunpalika","Province":"Karnali"},"type":"Polygon","arcs":[[209,210,-232,-212,-222,-215]],"id":662},{"properties":{"STATE_CODE":6,"DISTRICT":"HUMLA","GaPa_NaPa":"Adanchuli","Type_GN":"Gaunpalika","Province":"Karnali"},"type":"Polygon","arcs":[[211,-231,-223]],"id":663},{"properties":{"STATE_CODE":6,"DISTRICT":"HUMLA","GaPa_NaPa":"Chankheli","Type_GN":"Gaunpalika","Province":"Karnali"},"type":"Polygon","arcs":[[212,213,214,-221,-217,215]],"id":664},{"properties":{"STATE_CODE":6,"DISTRICT":"HUMLA","GaPa_NaPa":"Kharpunath","Type_GN":"Gaunpalika","Province":"Karnali"},"type":"Polygon","arcs":[[216,-225,217,-226,218]],"id":665},{"properties":{"STATE_CODE":6,"DISTRICT":"HUMLA","GaPa_NaPa":"Namkha","Type_GN":"Gaunpalika","Province":"Karnali"},"type":"Polygon","arcs":[[-228,219]],"id":666},{"properties":{"STATE_CODE":6,"DISTRICT":"HUMLA","GaPa_NaPa":"Sarkegad","Type_GN":"Gaunpalika","Province":"Karnali"},"type":"Polygon","arcs":[[220,221,222,-230,223,224]],"id":667},{"properties":{"STATE_CODE":6,"DISTRICT":"HUMLA","GaPa_NaPa":"Simkot","Type_GN":"Gaunpalika","Province":"Karnali"},"type":"Polygon","arcs":[[225,226,227,228]],"id":668},{"properties":{"STATE_CODE":6,"DISTRICT":"HUMLA","GaPa_NaPa":"Tanjakot","Type_GN":"Gaunpalika","Province":"Karnali"},"type":"Polygon","arcs":[[229,230,231,232,233]],"id":669}],"type":"GeometryCollection"}},"bbox":[80.98274101400006,28.168750333000048,83.68212620400004,30.44732639700004],"transform":{"scale":[2.6993878893878762e-06,2.2785783425783347e-06],"translate":[80.98274101400006,28.168750333000048]},"arcs":[[[635277,305398],[-1181,-724],[-2611,-741],[-1172,-1513],[-1408,-1373],[-1791,-985],[-1561,-64],[-1436,626],[-831,787],[-581,1040],[-1215,920],[-690,1117],[-331,942],[136,824],[-862,203],[-1911,912],[-1631,-877],[-825,-982],[-1478,-2178],[-449,-2101],[-408,-283],[-2126,-518],[-568,-1287],[-1356,-1601],[-76,-1007],[714,-1149],[-148,-1190],[-889,-1505],[-950,-1230],[-1264,-1936],[-1481,-871],[98,-883],[1194,-2271],[722,-1942],[360,-1643],[-381,-1276],[-1594,-432],[-550,24],[-292,-643],[-1591,-1100],[-263,-508],[-785,-443],[-828,-1385],[-1047,-885],[-371,-616],[-1137,-1168],[-548,-275],[-1146,101],[-880,-988],[100,-1453],[-505,-513],[-150,-712],[-551,-730],[-1797,-384],[-754,-671],[-839,-1177],[-959,-286],[-1065,-874],[-711,-1135],[-804,-302],[-92,-978],[-520,-583],[-1491,415],[801,-970],[298,-841],[-599,-1382],[162,-886],[1053,-490],[174,-1591],[-181,-1735],[-409,-1128],[222,-1543]],[[587241,252372],[632,381],[791,-448],[1126,-1205],[760,-205],[1648,299],[831,-4],[1780,-490],[1333,-53],[695,249],[968,727],[392,720],[2155,-415],[363,-2707],[-264,-971],[556,-1601],[10,-1493],[721,-4540],[219,-982],[2042,-696],[722,-388],[807,-1254],[-414,-2500],[-441,-1190],[196,-907],[-433,-1416],[889,-1033],[403,-897],[-10,-738],[-446,-409],[-3066,-640],[-835,-58],[-702,-400],[-766,-913],[-161,-796],[463,-2515],[-585,-1675],[149,-1107],[-639,-828],[-979,-434],[-1122,77],[-1164,-1155],[-964,-509],[-2060,555],[-863,-248],[-1475,-2602],[-1880,-1881],[-1087,-533],[-896,-911],[-1377,-1991],[-1804,-676],[-781,-57],[-2240,615],[-1117,18],[-877,312],[-534,-217],[-765,279],[-899,1328],[-949,-116],[-2197,2121],[-1020,137],[-915,958],[-406,925],[-1585,801],[-845,-627],[-797,-115],[-1601,851],[-885,145],[-557,420],[-1194,2201]],[[525681,246053],[1216,1682],[460,1363],[-268,643],[52,1263],[604,1514],[1033,404],[297,698],[1314,184],[1057,-252],[596,127],[1281,-353],[319,-434],[1305,135],[2029,2067],[1042,414],[927,1022],[1648,1216],[-483,2261],[916,2070],[705,1306],[998,739],[-625,415],[-1554,442],[-1195,900],[758,585],[973,-160],[94,552],[878,989],[1009,381],[1272,-3290],[1534,-518],[398,-911],[1196,-1754],[488,-170],[648,-882],[415,-2868],[1956,-1734],[563,-1006],[1350,-1207],[680,-75],[1071,-522],[656,2],[1289,-568],[1013,524],[1677,-376],[2331,645],[535,457],[1797,197],[1645,-897],[527,48],[1046,734],[886,-45],[2428,-1313],[567,23],[2731,-936],[663,-507],[3497,-217],[711,-127],[1606,79],[2429,-548],[2583,136],[1465,1105],[521,667]],[[563295,218945],[-224,-1450],[-360,-873],[-495,-318],[-1548,343],[-1622,-1407],[-174,-1623],[586,-989],[-67,-975],[-841,-1764],[-680,-2205],[-350,-639],[1209,-402],[1946,-1503],[1247,-531],[525,-505],[2582,-1263],[891,-1462],[837,-119],[1561,-892],[1279,-379],[2250,154],[1356,-101],[2153,-507],[1291,-543],[979,-677],[1200,790],[-61,1073],[341,700],[933,309],[662,-186],[358,-570],[-1141,-2153],[-138,-1013],[1994,-1149],[798,-113],[374,-472],[1690,-1442],[829,-456],[1534,159],[982,-365],[2519,1058],[1082,1108],[1060,-927],[-110,-1809],[-599,-2686],[860,-1044],[-194,-702],[263,-2741],[-762,-942],[478,-379],[206,-764],[-362,-718],[-1119,-840],[-695,-1772],[-920,-440],[-2140,-365],[-2510,877],[-1182,-69],[-1089,877],[-962,-967],[-1562,-1173],[-1092,-1637],[-848,-498],[-2347,-409],[-456,-510],[-397,-1407],[-1113,-1203],[-53,-1098],[-396,-1364],[-1005,-22],[-1430,-948],[-185,-710],[-663,-281],[-1265,358],[-839,-740],[-2034,-734],[-986,432],[-2435,783],[-1738,-77]],[[533545,207808],[3018,1417],[703,577],[522,1257],[222,1083],[475,1094],[1735,1085],[929,793],[1054,1911],[293,978],[706,724],[776,1650],[775,167],[2068,-806],[1296,-219],[323,228],[287,1188],[916,-731],[1219,-222],[958,406],[1149,-196],[1109,769],[1054,385],[1893,195],[1761,-561],[2363,-1496],[699,114],[1447,-653]],[[525681,246053],[961,-1024],[956,-716],[113,-597],[-885,-1048],[-987,-341],[-263,-721],[954,-707],[324,-604],[50,-1556],[951,-1094],[458,-994],[-61,-1207],[410,-1286],[1114,-1039],[-269,-546],[-7,-971],[415,-1057],[1569,-912],[489,-625],[-100,-1375],[-1000,-1286],[-888,-362],[-1161,-1080],[-1125,-1410],[-533,-403],[-1080,-1500],[-260,-984],[178,-956],[-438,-783],[-58,-2103],[1736,118],[1066,411],[36,-1250],[1837,-532],[730,-1429],[342,-1056],[1469,-10],[481,-1304],[121,-1655],[-89,-1820],[308,-431]],[[533545,207808],[-286,-795],[-1543,1364],[-1826,447],[-2305,-121],[-1699,670],[-3205,490],[-286,-1776],[-1699,-1735],[-770,-1705],[-54,-592],[-559,-1052],[-1427,-462],[-2399,-211],[-248,-1424],[-899,-1470],[-429,-1105],[212,-2016],[-461,-871]],[[508653,192285],[-1830,205],[-1404,-263],[-1867,36],[-1023,441],[-225,668],[35,1473],[-155,869],[-409,534],[-1007,357],[-1852,-201],[-928,447],[-1122,932],[-526,1573],[-521,924],[229,1418],[-282,979],[35,1098],[-2592,-1035],[15,788],[833,979],[1552,2287],[523,357],[294,1561],[-228,622],[-1501,548],[-1741,903],[-601,1267],[-1437,1435],[-500,164],[-508,888],[-838,405],[-979,1140],[-137,841],[-1488,300],[-660,651],[-1239,58],[-1882,2087],[-1316,75],[-661,303],[-194,938],[131,1518],[-926,-143],[-1642,-1723],[-1095,1431],[-1020,694],[-1653,78],[-971,800],[-936,457],[-218,877],[-451,-23],[-1592,-865],[-1881,462],[-1255,1086],[-159,1726],[-895,1054],[-627,377],[-1237,253],[-1096,-296]],[[481215,233260],[396,2100],[1398,1075],[1275,1501],[2270,1644],[794,-924],[1345,-1140],[1272,-475],[569,255],[661,-232],[1640,-58],[1239,1094],[1017,1628],[1331,1691],[1273,683],[774,1043],[1307,-352],[663,154],[1422,-305],[805,149],[2511,-2225],[606,-156],[1104,623],[608,1840],[127,805],[1418,1009],[1417,128],[1836,514],[870,-15],[1960,1102],[445,-290],[703,172],[1762,66],[1476,376],[706,646],[870,247],[1870,-383],[1416,-954],[1310,-243]],[[560961,168944],[-1080,-530],[-188,-532],[61,-1294],[825,-1987],[-408,-1693],[-723,-864],[-2390,-1169],[-1308,-1802],[-620,-451],[-1741,-583],[-609,152],[-1241,-1206],[-1146,-457],[-1219,-1790],[-1279,-202],[-4458,928],[-1307,-94],[-942,378],[-1481,868],[-1823,182],[-983,-695],[-1009,479],[-994,161],[-722,486],[-639,27],[-1076,687]],[[508102,180147],[327,1932],[317,712],[425,1758],[88,2234],[-338,1019],[100,904],[422,352],[93,1197],[-307,1388],[-576,642]],[[508653,192285],[1557,-104],[1982,-480],[-250,1421],[453,779],[1267,1543]],[[513662,195444],[376,-158],[417,-986],[432,-225],[1440,363],[-102,861],[1337,351],[340,-511],[679,50],[804,506],[335,-1241],[1015,-1241],[1764,-436],[1058,655],[175,407],[963,625],[678,-537],[443,213],[936,-263],[442,279],[602,-363],[697,343],[657,-336],[1305,56],[381,-536],[-440,-723],[-309,-2219],[194,-440],[2174,-260],[634,215],[1790,-52],[-51,-923],[615,-1721],[-626,-1246],[2417,-1982],[731,175],[671,-1410],[-308,-1815],[-460,-505],[-1519,-913],[270,-596],[865,227],[853,706],[2421,272],[1181,-292],[704,-395],[975,306],[642,-169],[715,-813],[1215,-410],[1521,499],[1627,100],[966,677],[981,361],[446,-273],[915,141],[1295,-730],[517,-1636],[-196,-834],[862,-346],[125,-533],[802,-181],[333,-585],[678,9],[590,-2151],[2752,-2194],[557,-1717]],[[532461,157943],[-534,-1884],[-142,-2126],[204,-927],[-408,-337],[-596,-1492],[-859,-164],[-437,-1168],[-92,-918],[-722,-571],[-365,-1401],[745,-1579],[-82,-226],[906,-1372],[-24,-1675],[-889,-1826],[-946,-380],[-363,-459],[-154,-941],[293,-1669],[-181,-1075],[-841,-1113],[-757,-1331],[-338,-1232],[-1408,-393],[-271,-995],[270,-2049],[-367,-680],[-1560,-1017],[-1739,-191],[-1169,-723],[-1482,-1292],[-2127,-2101],[-65,-1001],[715,-2436],[19,-838],[496,-1172],[-20,-2018],[-540,-786],[-2308,-1507],[-601,-192],[-767,256],[-2897,-772],[-2420,-238]],[[517631,163297],[245,-899],[753,-1493],[24,-980],[733,-1265],[1254,-699],[1101,52],[1077,-930],[733,413],[457,1345],[756,875],[523,182],[999,1040],[318,-597],[804,-575],[1322,-513],[592,368],[1226,-172],[1501,-659],[412,-847]],[[507638,111932],[-297,-893],[365,-1737],[941,-1325],[-358,-1510],[320,-680],[954,-529],[1727,-250],[471,-1180],[1020,-695],[191,-581],[-685,-2443],[-331,-691],[-97,-1480],[375,-1633],[1041,-561],[663,-1301],[1100,-1321],[777,-652],[705,-988],[881,-649],[2067,-975],[176,-354],[-283,-3570],[-791,-424],[-877,-1603],[-693,-469],[58,-535],[708,-512],[379,-1427],[-85,-708],[-1180,-912],[-1318,-618],[-573,-925],[-1866,-968],[-1038,-1366],[-57,-764],[449,-1639],[-300,-1219],[337,-1214]],[[479764,105237],[1100,-714],[695,287],[754,-988],[1066,-596],[679,361],[362,793],[797,431],[814,953],[718,1504],[356,174],[1504,-24],[1650,-222],[1358,191],[1725,-456],[705,792],[938,57],[520,345],[1402,409],[-377,816],[-201,1269],[-1749,474],[-709,649],[-260,900],[1023,798],[885,1079],[1001,102],[868,-605],[1482,-193],[1534,-434],[2457,1009],[1620,-528],[868,-1302],[1003,-103],[1286,-533]],[[508102,180147],[2,-560],[553,-743],[1381,-71],[808,-558],[1564,-197],[911,-549],[3142,-2977],[428,-1189],[487,-2253],[-560,-953],[16,-1980],[961,-696],[1236,-1505],[3,-805],[-503,-969],[-900,-845]],[[517631,163297],[-1197,-399],[-614,-694],[-927,-608],[-1402,-51],[-986,-417],[-1343,-938],[-356,-497],[-781,20],[-1529,-286],[-1084,269],[-649,-1118],[-1119,-912],[-1813,-749],[-1008,-861],[-425,-1100],[-412,-431],[-1305,-452],[-952,-860],[-1775,-680],[-1073,-728],[-1329,923],[-866,975],[-603,1076],[-1162,1041],[-1479,686],[-1531,33],[-688,-916],[-1453,477],[-916,-130],[-569,-841],[238,-1355],[-611,-388],[-887,-1010],[-813,-1882],[-1430,-53],[-546,423],[-1193,300],[-1001,-1172],[-2196,-1751],[-1628,-474],[-916,-493],[-1271,-27],[-1682,-834]],[[480588,187409],[1661,439],[1536,-248],[1491,-828],[545,-474],[949,548],[714,1058],[1022,264],[801,-448],[1278,157],[244,-1187],[744,-581],[1029,566],[1038,-145],[475,-809],[1477,100],[472,-423],[1430,-27],[661,488],[671,-121],[769,-623],[919,-297],[973,112],[1142,-299],[798,27],[920,-782],[911,-500],[794,-1395],[1032,-625],[1018,-1209]],[[465223,137197],[493,-901],[-967,-1409],[-285,-976],[528,-1670],[1450,-1921],[-128,-1424],[448,-1504],[-817,-1632],[1242,-856],[690,-1147],[1028,-415],[2212,-1270],[1574,-1655],[643,93],[1284,-771],[258,-1330],[-584,-1493],[1185,42],[744,-1415],[1996,-1105],[2247,-1419],[-3651,-2753],[-1021,195],[-1007,-743]],[[426066,121709],[-855,438],[-1049,-646],[-600,319],[-1402,193],[-2117,-548],[-1247,135],[-1534,668],[-610,483],[-587,-7],[-680,625],[-239,1646],[1280,1829],[383,1277],[935,1437],[1880,1793],[563,1255],[-368,435],[-575,1358],[-97,824],[-745,2327],[117,1435],[692,1761],[84,1367],[718,2024],[1172,921],[404,745],[822,657],[579,-263],[816,772],[730,1165],[886,-394],[454,388],[-401,2200],[1075,1242],[781,2282],[673,584],[1705,2216],[-281,684],[798,432],[542,-550]],[[370627,85242],[958,-1120],[417,-1170],[227,-1306],[340,-709],[1127,-632],[918,-2086],[1712,-1205],[635,-614],[2349,-882],[1049,298],[2177,-34],[1357,638],[1778,-728],[1052,71],[1424,1033],[-381,1490],[275,1919],[265,573],[1337,335],[1623,-443],[1051,187],[704,-302]],[[425205,37182],[-688,280],[-1392,-103],[-1950,-1083],[-851,633],[-622,109],[-818,575],[-1220,1642],[-887,297],[-721,-235],[-1213,251],[-2604,-1877],[-519,-1238],[105,-759],[-420,-438],[-2001,-304],[-1767,47],[-1271,-1564],[-1455,-1322],[-1624,-1231],[-327,-943],[-632,288],[-1902,1293],[-2782,638],[-809,-476],[-1185,-2176],[-727,-770],[-396,-1153],[-1279,-549],[-770,-3036],[-834,-1887],[-890,-855],[303,-1038],[-1527,53],[-545,-408],[-1481,-2476],[-167,-1578],[-1090,-1443],[-1711,109],[-712,-343],[-1145,1481],[-1748,662],[-773,948],[-1777,1293],[-972,1846],[-1101,1194],[-1474,1172],[-1268,-101],[-2193,788],[-1829,-454],[-2091,583],[-273,333],[-751,2171],[-1974,3373],[-530,2695],[853,206],[1243,686],[1900,-492],[869,949],[825,2084],[1004,425],[1071,50],[429,1177],[-597,668],[98,1573],[-646,191],[-436,-642],[-447,219],[-146,767],[-1517,-534],[-1002,-1070],[-877,-322],[-456,845],[-865,513],[-147,1563],[-873,1469],[-862,415],[-130,1639],[-529,2395],[-934,549],[-747,751],[-554,1113],[-1114,226],[-1071,486],[-847,-129],[-734,283],[-398,-601],[-1324,-806],[-918,-298],[-169,-1109],[-507,-711],[-907,-2484],[1177,-1449],[1091,-954],[691,-1874],[2702,-2186],[755,-1295],[1021,-1211],[302,-726],[-50,-1707],[-485,-995],[-1685,-1298],[-883,-241],[-1319,-1544],[-1099,-959],[-1385,279],[-873,-298],[-621,247],[-1090,21],[-533,-261],[-1105,-1009],[-709,-1169],[-898,-75],[-1222,410],[-907,539],[-1418,1426],[-1656,178],[-424,-148],[-1109,424],[-1676,69],[-1398,1025],[-1396,480],[-573,1522],[-1553,1396],[-1586,-1034],[-718,-878],[-1749,254],[-1390,-407],[-1649,-187],[-1180,239],[1109,1935],[300,972],[181,1438],[-1246,2745],[-1098,712],[-1722,1641],[-1325,2323],[-1279,1264],[-639,334],[-482,1055],[-774,290],[-1366,47],[-1954,750],[-604,0],[-817,549],[-1002,647],[-1541,-79],[-1781,737],[-1019,128],[-1080,1165],[-906,623],[-1230,-159],[-520,-944],[-1594,-1890],[-754,-1051],[-1780,157],[-691,1722],[296,1480],[-493,1172],[-79,1105],[-535,796],[-450,2232],[-324,574],[-711,402],[-1838,-176],[-619,746],[-799,467],[-989,-232],[-1059,1052],[-1289,410],[-1191,2132],[-1113,1571],[-1802,-638],[-950,-123],[-1721,1318],[-403,872],[-1104,351],[-577,1755],[-4,778],[939,2046],[109,1156],[1089,1011],[687,1000],[352,1549],[-303,1441],[-21,1680],[162,942],[1279,2958],[1000,1105],[617,1385],[221,1313],[856,1345],[1103,1401],[502,2105]],[[501842,65439],[-210,-1261],[220,-661],[1806,-1283],[484,-886],[240,-1005],[413,-114],[1268,970],[1189,1823],[50,655],[-1038,620],[-753,815],[-892,378],[-204,577],[390,1514],[1094,1840],[623,358],[1007,169],[2384,-448],[1835,629],[766,502]],[[512514,70631],[1118,53],[-267,-1135],[190,-1081],[-366,-900],[-725,-460],[-102,-1167],[1678,-66],[1507,-564],[960,-599],[601,-989],[264,-1473],[-81,-1050],[-414,-707],[64,-909],[1601,-2591],[693,-740],[-287,-349],[446,-910],[137,-948],[1144,-512],[1845,-2440],[1446,-1042],[154,-402],[-60,-2166],[1233,-2098],[386,-285],[156,-1325],[1143,-1527],[58,-1263],[1138,-746],[364,-660],[986,-360],[638,-749],[491,-1179],[960,-278],[944,290],[1335,-520],[951,-650],[784,486],[704,-355],[545,-846],[1206,-284],[1159,-501],[311,-511],[-349,-193],[-473,-1181],[-1053,-662],[-492,-9],[-1306,-981],[-260,-786],[557,-1332],[42,-1668],[-253,-469],[-1009,-346],[-277,-528],[-723,745],[-954,98],[-698,-403],[-197,-864],[-873,-1057],[-2879,-1587],[-504,-2382],[-750,-1126],[271,-671],[-770,-2493],[259,-1619],[-488,-1243],[138,-913],[-308,-555],[122,-979],[-362,-522],[362,-1873],[550,-985],[42,-754],[-624,-573],[-852,-1268],[-22,-510],[675,-717],[-171,-839],[-724,-1628],[128,-451],[-782,-799],[-740,1051],[-409,1380],[53,779],[914,1779],[138,1274],[-787,833],[-767,1874],[-918,-312],[-1086,-37],[-3117,-1729],[-778,410],[-2440,1616],[-1058,275],[-642,843],[42,669],[-738,768],[-164,760],[-1375,847],[-372,872],[-667,637],[-608,1500],[-325,285],[-1719,439],[-835,639],[-291,761],[92,1018],[-201,1605],[-968,938],[-1190,809],[-243,781],[-753,615],[-1869,330],[-1274,55],[-580,387],[-2025,-372],[-795,204],[-2577,-755],[-410,2456],[-680,1278],[-1659,-143],[-1082,433],[-325,615],[-209,1403],[67,3022],[-546,943],[-687,-358],[-1115,182],[-1066,543],[-1802,-491],[-1178,599]],[[445969,199358],[1633,-138],[754,325],[1023,-33],[885,-351],[2132,-82],[880,-1106],[1143,-638],[612,-770],[3977,-3213],[145,-777],[651,-212],[1931,977],[517,-163],[3345,232],[985,-1160],[1209,-791],[881,-898],[1382,-1109],[2650,-434],[959,-1240],[1383,134],[1298,-794],[840,-128],[562,-481],[1144,-226],[430,548],[1268,579]],[[480588,187409],[28,-746],[1053,-1373],[-1313,-1442],[-291,-906],[-1709,-1772],[-550,-373],[-823,-2587],[448,-1262],[-172,-538],[557,-2074],[-1011,-2053],[-972,-434],[-623,29],[-876,-552],[-258,-790],[-233,-2450],[-485,-406],[-910,-1382],[-285,-1646],[282,-2045],[-616,-1447],[387,-702],[-43,-1040],[1281,-2485],[-44,-905],[339,-770],[211,-2415],[-791,-1531],[-598,-1732],[265,-1799],[-487,-1368]],[[472349,146413],[-573,-1288],[-291,-1424],[-412,-669],[-208,-993],[52,-1762],[-854,-809],[-595,-1078],[-1597,-1019],[-776,-304],[-1872,130]],[[465223,137197],[-753,742],[-2820,-593],[-1413,25],[-1321,555],[-1804,155],[-1088,-157],[-3478,1190],[-593,1076],[-1307,374],[-1316,-1003],[-1746,-925],[-571,-496],[-609,457],[-287,1218],[-409,348],[-202,1099],[-389,632],[-214,1033],[-1673,1684],[-773,250],[-825,944],[-1039,1875],[-2224,909],[-1867,1551],[-471,581],[-630,1753],[-354,1403],[-952,1331],[-1385,966],[-1790,664],[-152,380]],[[430768,157218],[16,1774],[-464,1389],[-113,995],[293,1219],[528,790],[-215,837],[99,936],[-1150,499],[-1366,938],[-1266,-260],[-1834,473],[-1650,1013],[-267,622],[42,2895],[676,2165],[-134,419],[-887,705],[-510,1459],[-1444,1083],[-1883,-140],[-479,2064],[133,1072],[699,2072],[-450,1684],[-842,460],[165,1008],[-509,472],[1118,1367],[-1023,327],[-781,855],[-20,531],[494,1025],[-803,871],[947,2007],[-431,424],[246,734],[615,299],[-49,1398],[-345,1283],[347,858]],[[474785,109718],[431,-1252],[514,-344],[-110,-606],[779,-550],[269,-993],[814,329],[937,-464],[924,-79],[421,-522]],[[479764,105237],[-598,-1015],[-186,-1393],[-491,-678],[-1012,-2059],[-123,-907],[439,-681],[-380,-1953],[-467,-771],[-1086,-916],[-1097,-1326],[-1300,-457],[-142,-631],[-662,-532],[-292,-818],[-1575,-1310],[-1400,-625],[-617,-832],[-109,-1083],[-1799,-1219],[-908,157],[-289,-274],[135,-1480],[-1839,-197],[142,-903],[1088,-957],[952,-3272],[-285,-1991],[-464,-1694],[-1043,-792],[-279,-885],[-1005,-1153],[-800,-151],[-834,971],[41,1366],[-647,221],[-964,1161],[143,908],[-454,1548],[-435,738],[-1186,503],[-1549,-1472],[-193,-1187],[-365,-501],[-1098,44],[-986,-447],[-804,11],[-834,-979],[-761,-173],[-2199,99],[-816,-638],[-1287,-178],[734,-1405],[689,-674],[-45,-514],[-802,-1730],[-913,-2521],[-1051,-1205],[-912,-582]],[[433465,63848],[-237,1112],[-386,622],[-165,1139],[-934,199],[-399,-731],[-255,-1173],[-2923,-479],[-1389,702],[1,730],[862,2233],[-692,800],[-1047,692],[-1278,267],[-857,-75],[-1920,475],[-2091,1989],[-451,1561],[106,580],[1370,947],[90,613],[-796,1004],[-798,174],[-1288,-182],[-1096,-357],[-1847,-927],[-42,-654],[-1115,-1882],[-665,-444],[-1139,129],[-863,367],[-781,1012],[-1019,22],[-307,449],[-3430,-539],[-1291,-81],[-818,536],[-1604,276],[-4220,-1165],[-486,-6],[-520,977],[361,1407],[-215,703],[-1185,1432],[-1549,1023],[-1136,1230]],[[393021,80555],[447,778],[1378,58],[940,843],[1156,760],[1114,223],[999,539],[695,795],[821,1769],[-839,1846],[-1195,1608],[201,638],[1271,233],[1589,727],[532,837],[-10,1313],[-1487,1815],[1540,2296],[1211,1313],[1581,1146],[1350,1657],[407,985],[1917,1397],[994,248],[268,1591],[424,430],[1140,-922],[752,-257],[2662,-2344],[1395,654],[1585,435],[2341,1512],[-718,943],[774,449],[1357,-743],[1056,-986],[1296,103],[931,-333],[956,211],[273,381],[-662,1217],[-1441,1440],[-446,1462],[-868,1299],[560,451],[1423,132],[783,-172],[1714,580],[386,418],[86,1500],[-835,1248],[-1354,796],[-1433,126],[-454,408],[-43,688],[-627,1416],[405,459],[1916,829],[1072,817],[-241,1092]],[[426066,121709],[873,163],[1843,11],[559,516],[2354,1058],[75,610],[-786,2323],[-1547,1128],[607,843],[828,-580],[794,96],[1022,778],[585,-1026],[816,-740],[-169,-1111],[553,-464],[1260,-568],[876,-792],[653,174],[912,-687],[818,349],[119,-547],[777,-1198],[1114,-818],[1176,53],[1589,-556],[1302,-2244],[34,-1013],[931,-1230],[469,-1905],[480,315],[118,1223],[313,236],[1543,-42],[486,516],[927,-136],[1040,366],[2004,-447],[520,-698],[476,502],[980,-1224],[232,-743],[720,-312],[-320,-1560],[-364,-968],[463,-193],[2056,155],[1595,830],[1795,89],[1183,530],[464,526],[1609,-221],[1769,1782],[573,-11],[2019,-798],[382,-304],[92,-1458],[810,-433],[148,-904],[834,28],[1711,-1762],[984,761],[640,-259]],[[501842,65439],[-617,-283],[-227,-1143],[-621,-618],[-545,-1139],[-2259,-441],[-1392,-576],[-309,-935],[1187,-1969],[136,-1022],[-346,-1305],[128,-1031],[535,-1087],[1178,-1018],[-1892,-2458],[-350,-733],[-1162,189],[-1666,503],[-984,-195],[-764,126],[-549,-793],[-686,-485],[-325,-933],[-845,-1333],[-1082,943],[-45,-1123],[-490,-985],[-1024,-958],[-1247,-1639],[-1551,-1331],[-508,-1646],[-94,-957],[709,-1753],[-275,-1692],[-1079,-1309]],[[482781,34310],[-956,524],[-1085,-132],[-1149,231],[-743,-755],[-1021,-502],[-1022,-258],[-1341,-644],[-1467,147],[-886,-174],[-481,-1539],[-2377,-413],[-847,228],[-927,-257],[-554,-471],[-2325,681],[-1684,217],[-2158,1676],[-830,1081],[-843,765],[-2198,680],[-1689,-1136],[-1861,-409],[-1743,-1005],[-1527,-325],[-1898,1828],[-1244,533],[-1146,57],[-1674,563],[-859,25],[-1580,-367],[-1598,1052],[-518,72],[-627,-82],[-1624,-2096],[-1188,-2117],[-613,-224],[-1923,-18],[-404,-332],[-232,-1024],[-1439,413],[-514,-659],[-1179,-196],[-454,894],[105,855],[-1786,1769],[-1379,1697],[-399,964],[-1689,1055]],[[425205,37182],[854,600],[744,1387],[519,237],[1538,1371],[445,792],[597,324],[456,1481],[547,423],[441,1463],[573,372],[311,1248],[1114,1566],[-840,2443],[436,1300],[-86,1207],[-314,632],[11,1065],[-1584,1312],[-167,399],[224,1111],[-639,1364],[378,1374],[1092,1054],[1050,777],[560,1364]],[[433465,63848],[654,720],[728,108],[126,851],[1450,1047],[2266,-45],[1427,-534],[2962,-418],[1666,226]],[[444744,65803],[1952,-875],[441,-547],[1188,-284],[48,-1365],[518,-609],[368,-1057],[909,-709],[396,-830],[-1235,-1092],[-1410,-1524],[-127,-1352],[610,-859],[981,-733],[188,-701],[901,-273],[1530,-738],[1240,-433],[731,25],[1168,1569],[957,215],[1499,-294],[1249,-475],[1442,-203],[506,-257],[4726,-1153],[1451,519],[1053,996],[1381,403],[1051,618],[762,829],[1140,346],[2,696],[-655,2219],[-1020,1207],[-1778,571],[-1102,1199],[-198,1319],[681,551],[602,1882],[-219,1143],[849,964],[1215,2661],[436,62],[1465,-406],[552,-473],[345,-1265],[783,376],[362,-500],[495,-2061],[958,336],[971,-242],[2154,-1105],[755,-178],[2431,753],[618,937],[4867,2156],[1826,1873],[361,1246],[1594,1970],[856,268],[455,-188],[1644,-26],[2787,153],[708,-2687],[983,-568],[262,-1660],[-57,-756],[1507,-1454],[989,-494]],[[198190,270888],[-184,-2475],[569,-1148],[995,-632],[1990,-238],[794,-353],[488,-555],[1031,-2721],[1118,-1594],[269,-1250],[-1262,-1694],[-1092,-892],[-2841,-1521],[-486,-705],[974,-820],[2877,354],[4064,-289],[2007,294]],[[203142,149558],[-2009,833],[-1432,134],[-1421,755],[-428,646],[-1233,2540],[348,859],[-432,871],[-1046,304],[-1078,1338],[-920,267],[-811,568],[-1387,1383],[-696,-20],[-1416,-568],[-1131,1418],[20,619],[-935,1003],[-952,140],[-1775,-193],[-987,336],[-694,977],[-411,2304],[-294,577],[-1197,-65],[-624,928],[-379,1179],[-1055,521],[-1415,-79],[-1438,-376],[-989,-488],[-1634,658],[-1262,230],[-627,668],[-509,1005],[-1243,342],[-1587,1413],[-481,651],[-331,1111],[318,844],[-172,1733],[-370,1468],[-633,1055],[-1475,172],[-682,-163],[-229,933],[-723,715],[397,501],[780,1963],[-1689,1417],[-417,1523],[-902,761],[-1089,-219],[-1477,250],[-1093,1190],[-795,514],[-1639,1669],[336,1205],[-165,379],[-2396,514],[-971,609],[-1418,518],[-593,-182],[-1342,728],[-1242,177],[-1030,718],[-87,394],[-894,785],[-1258,461],[-203,623],[-1335,1463],[-1426,710],[-1326,-20],[-803,-281],[-1269,101],[-1135,471],[-1367,-38],[-1644,1011],[-529,153],[-304,709],[-1072,213],[-3467,1302],[-375,658],[-854,586],[-1444,438],[-1298,112],[-421,439],[-154,1013],[292,432],[-528,1402],[-398,574],[-1033,861],[-243,1740],[816,730],[652,-404],[781,226],[99,1182],[555,1187],[1038,1520],[333,1009],[-243,1792]],[[306806,96952],[-616,113],[-1250,-988],[-697,724],[-571,-87],[-740,975],[-1732,369],[-170,-816],[-470,-437],[-2140,38],[-1011,544],[-1836,-106],[-1022,-696],[-594,-708],[-1567,-524],[-700,-970],[104,-1509],[-153,-1346],[406,-1290],[-308,-874],[-652,-1028]],[[291087,88336],[-1420,423],[-1494,-508],[-1492,664],[-951,1264],[-2004,547],[-1781,34],[-767,343],[-1928,439],[-670,3],[-1253,579],[-1904,1902],[-980,-334],[-707,161],[-1369,750],[-361,602],[-1513,1288],[-1029,1086],[-1287,331],[-1067,774],[-619,1264],[-737,682],[-761,355],[-1535,1781],[-115,684],[9,555],[-1311,2048],[-480,287],[-1342,53],[-1700,1643],[-1668,1132],[-502,-15],[-330,-1075],[-840,-788],[-1143,594],[-2911,236],[-948,1435],[-2928,1868],[-607,923],[-377,1023],[-673,1023],[-1515,1193],[-1971,944],[-1076,861],[-1275,2081],[-282,1001],[-411,483],[-1740,564],[-1833,1743],[-1015,1483],[-775,604],[-1365,-425],[-1956,2048],[-963,2017],[-1559,1095],[-1347,1641],[-771,312],[-1082,-314],[-405,782],[-1340,1430],[-577,254],[-979,967],[-1286,627],[-659,1156],[-165,968],[-718,617],[-1105,474],[-1677,2072],[-1426,755],[-801,1302],[-703,5],[-892,-719],[-1668,166],[-710,398],[-1541,212],[-1268,-237],[-119,575],[348,904],[-95,944],[-1609,2198],[-1236,1365],[-883,620]],[[203142,149558],[1178,1507],[1739,1764],[-304,2431],[348,1403],[-598,1950],[325,951],[-202,1313],[106,702],[566,1064],[534,2056],[615,1005],[-197,684],[-861,511],[-335,511],[281,1582],[-210,852],[168,1509],[636,324],[300,776],[510,436],[854,1942],[781,875]],[[254519,152644],[-1250,273],[-1300,494],[-1096,58],[-1520,-601],[-726,-611],[-1077,-451],[-3084,416],[-436,235],[-2713,-64],[-3462,-992],[-1784,-119],[-1537,-520],[-828,-441],[-2267,-1774],[-734,-72],[-1755,-668],[-1586,434],[-1685,1711],[-1464,1034],[-2520,2338],[-613,1102],[-829,997],[70,1401],[-886,939],[-667,247],[-1151,-115],[-923,159],[-1025,1746],[-616,1453],[-135,1547],[-461,1107],[-1714,2016],[-839,1826],[246,1339],[-157,665],[-1475,1598],[-963,1698],[-181,2657]],[[209376,175706],[155,1165],[-195,776],[39,1437],[-452,713],[-824,410],[-1580,96],[-881,285],[-415,444],[-660,1625],[421,815],[1074,889],[-133,1162],[417,1665],[1233,1330],[367,1481],[1063,1023],[504,1058],[745,95],[931,782],[1251,758],[2917,89],[1085,-138],[1494,586],[1126,-55],[1447,-439],[250,643],[-188,785],[143,930],[-218,887],[506,1208],[1,1034],[503,1169],[-1061,860],[-1322,624],[-1009,897],[-162,415],[169,1267],[784,2137],[1646,2293],[-159,769],[128,1136],[601,494],[827,1179],[1155,708],[466,557],[1006,1897],[-900,3024],[-249,1377],[167,1551],[1190,-476],[795,369],[618,1608],[82,1262],[-594,790],[107,991],[330,566],[904,491],[1050,55],[742,576],[1666,281],[1565,-85],[1572,619],[941,-216],[797,239]],[[103334,251213],[425,2026],[-571,1881],[-1389,922],[-288,388],[-1476,737],[-1492,3004],[186,906],[622,749],[477,1397],[92,842],[-636,2654],[-652,1758],[-579,615],[-1921,768],[-1391,222],[-1395,700],[-708,663],[-1227,1697],[-689,1727],[75,830],[1153,1141],[3651,1499],[301,496],[881,2721],[-524,891],[-1961,577],[-1683,813],[-590,1156],[75,3427],[436,741],[1091,771],[-1226,1724],[-1507,795],[-244,945],[-515,667],[-2070,1270],[-1849,526],[-1106,874],[-819,976],[-997,1619],[-219,902],[267,1033],[852,860],[-166,1398],[-1187,1290],[-840,143],[-789,-450],[-548,-1060],[-35,-1207],[498,-2618],[-306,-1276],[52,-1038],[-353,-1746],[-696,-1739],[-478,-2316],[411,-458],[2093,-1198],[1180,-924],[572,-845],[335,-1274],[-203,-842],[-734,-1273],[-613,-340],[-864,297],[-1028,1027],[-994,657],[-3193,804],[-1931,863],[-1367,1338],[-730,1570],[-165,803],[-578,648],[-1974,176],[-935,-109],[-1125,-586],[-2527,-2282],[-1011,529],[-380,518],[168,1133],[1698,4526],[-180,680],[-1047,1035],[-956,557],[-970,1598],[-1523,4277],[-94,1109],[64,2621],[-212,654],[-579,333],[-841,12],[-1351,-429],[-630,-459],[-2289,-2621],[-774,-1502],[213,-1781],[-297,-2221],[-460,-584],[-1153,-245],[-1466,-38],[-2259,-412],[-2113,-763],[-1082,-1207],[-718,-15],[-1493,2355],[-1888,2379],[-888,2451],[-408,549],[-3666,395],[-1693,-4],[-672,489],[-334,708],[51,1297],[413,940],[254,1560],[-1152,1102],[-1512,-170],[-2018,-1458],[-1352,-151],[-615,254],[-1652,1194],[-1507,3112],[-1031,1293],[-1529,780],[-2423,4302],[-925,2278],[-414,1933],[-417,565],[-1233,962],[-990,2402],[-618,1049],[-835,616],[-2229,1054],[-1635,1494],[-995,554],[-1757,80],[-1582,480],[-2523,1631],[-1522,762],[-736,874],[-1208,935],[479,1185],[627,606],[1120,462],[2026,1779],[874,1394],[1388,1664],[905,646],[1198,429],[1220,68],[1088,-293],[1045,-597],[897,-926],[1164,-519],[710,296],[1344,1438],[1223,2018],[201,986],[356,367],[3105,1702],[1803,1256],[1436,1672],[657,1591],[408,141],[1123,-400],[640,-847],[1098,-973],[2739,-1254],[1853,32],[1375,-219],[1284,-558],[1595,-459],[3021,66],[2811,-1524],[1663,-217],[1014,790],[943,183],[2278,-131],[1619,-536],[1423,-852],[1312,-1202],[1134,-1423],[837,-1872],[671,-1104],[1225,-1185],[2586,-621],[358,-303],[748,-1782],[801,-1211],[1432,-1139],[1748,-856],[827,-907],[1038,-1491],[1374,-1031],[1713,-1945],[1484,-907],[1410,-356],[2627,-1522],[724,-93],[627,316],[2544,299],[1596,-1234],[969,-1633],[1144,-729],[1157,-183],[935,128],[3043,-752],[5437,-175],[1441,53],[476,253],[425,873],[452,1954],[632,732],[721,219],[1672,-135],[1212,-499],[963,-1280],[558,-1140],[1709,-2045],[908,-525],[1697,383],[1614,1532],[501,1159],[317,1674],[648,1358],[2197,1096],[667,1258],[1132,557],[1166,-250],[734,167],[2057,857],[370,281],[1409,197],[423,-163],[2252,-2202],[972,-245],[1415,273],[2029,-2746],[128,-970],[986,-1697],[1530,-92],[927,416],[1261,-224],[804,-526],[274,-788],[-48,-2040],[711,-2182],[1263,-1323],[1962,-1097],[1780,-147]],[[283597,188461],[-161,1320],[871,904],[846,1445],[-122,980],[151,2226],[718,831],[300,1043],[601,629],[271,826],[1198,6],[810,497],[1405,67],[1716,852],[1308,1044],[822,117],[338,784],[-237,1842]],[[363168,122144],[1064,-526],[706,-677],[-410,-1354],[271,-1719],[-371,-1018],[-597,-332],[-891,-1013],[564,-945],[-301,-699],[255,-1552],[1105,-723],[156,-1065],[690,-886],[1538,-1013],[288,-1256],[543,-1194],[-363,-757],[508,-1974],[1432,-426],[829,-1068],[-61,-503],[995,-1038],[2645,-1003],[-307,-630],[-1576,-601],[-1264,-705],[-1680,-1981],[-37,-577],[420,-1033],[-829,-3328],[632,-760],[689,-1879],[54,-604],[721,-1199],[41,-864]],[[370627,85242],[-1876,-894],[-452,-895],[-1035,-1388],[-545,-1089],[-836,-706],[-713,-285],[-2205,846],[-966,-1052],[-169,-640],[-1741,-944],[-2514,-2204],[-1205,-276],[-1273,84],[-384,-1096],[-523,-795],[-575,210],[-1733,62],[-1469,551],[-981,1523],[-1995,1232],[-798,225],[-811,602],[-2611,807],[-1829,2503],[-734,175],[-1939,-225],[-1380,343],[-350,660],[-618,427],[-660,-17],[-814,1384],[-2134,266],[-465,-267],[-2063,764],[-1288,713],[-1098,112],[-318,682],[-801,518],[-55,642],[-1283,955],[-1544,842],[-1177,54],[-736,-309],[-1658,466],[-1175,529],[-38,1177],[-424,996],[-1214,645],[-1059,10],[-512,-730],[-532,-79],[-1924,665],[-2740,-46],[-1871,1629],[-430,-9],[-240,1420],[-571,692],[-737,245]],[[306806,96952],[322,685],[791,-85],[862,2539],[601,2097],[948,1855],[120,1385],[-506,301],[73,1880],[1156,1762],[730,85],[1151,-272],[786,569],[-671,1499],[-357,1353],[516,59],[386,729],[900,453],[-125,803],[1738,812],[477,504],[43,755],[-772,1841],[-190,1843],[-2421,1845],[-1291,530],[-3210,512],[-661,-944],[-666,256],[-805,1141]],[[321554,160101],[595,266],[1214,1212],[608,-100],[3427,-2597],[1202,18]],[[283597,188461],[375,-419],[897,157],[1025,-1012],[-249,-532],[163,-1080],[-42,-1234],[1447,-2426],[193,-752],[610,-940],[636,-1829],[169,-1524],[700,-478],[604,225],[750,-604],[1371,191],[490,-925],[474,-270],[843,260],[750,788],[174,807],[441,543],[1049,422],[286,1521],[552,592],[1028,171],[897,522],[598,-622],[533,-1250],[1318,-1485],[783,706],[573,862],[949,130],[158,1553],[1264,503],[113,-804],[441,-925],[776,-854],[377,-851],[1885,-2164],[228,-1255],[556,-1300],[49,-880],[1475,-2403],[972,-666],[1425,-1364],[473,-1025],[854,-852],[729,-385],[461,-623],[629,-1389],[404,-413],[2334,-1014],[1967,-1764]],[[321554,160101],[-1698,-1394],[-2201,-37],[-1328,-1648],[-512,-1185],[-545,-434],[48,-1312],[-332,-1534],[697,-928],[-501,-1403],[-1026,-1468],[-494,-1360],[13,-1030],[743,-1424],[-1472,-1722],[-737,-1853],[-774,-1490],[-625,-1925],[-430,-2123],[-42,-3089],[-227,-1305],[-453,-1142],[-633,-842],[-309,-1189],[-428,-637],[-450,-1695],[-1107,-2188]],[[306731,123744],[-1797,1069],[-2860,483],[-2398,98],[-949,-286],[-1009,386],[-957,1075],[-1538,1040],[-175,1858],[41,1259],[-265,582],[-2490,973],[-735,599],[-491,822],[-139,1063],[-349,849],[-1409,1461],[-776,238],[-1530,1022],[-109,-1000],[-763,-500],[-1315,1478],[-370,1126],[322,1582],[-37,1158],[-308,774],[-1205,865],[-708,175],[-891,-180],[-883,-548],[-1357,235],[-693,535],[-1100,1341],[390,907],[-714,1456],[-1627,648],[-2131,1166],[-2890,1005],[-573,375],[-1144,1371],[-676,567],[-1082,157],[-680,-221],[-625,-620],[-1002,-2222],[-835,-446],[-1095,-66],[-1941,418],[-1914,957],[-880,607],[-3550,1209]],[[254519,152644],[1701,1810],[801,615],[1064,1510],[464,1340],[-335,1803],[105,1843],[-123,1128],[-744,1673],[397,1133],[-1003,2738],[-54,1099],[-702,905],[-1278,2674],[-553,882],[241,2473],[1100,2796],[539,708],[-106,1914],[-241,1850],[-512,1183],[-20,2029],[189,2519],[824,2257],[378,631],[56,1723],[-297,1615],[158,610],[1396,2020],[599,107],[1814,-666],[580,581],[956,197],[834,-240],[411,-517],[1111,-465],[1112,213],[1477,-98],[1280,382],[607,-279],[455,-807],[802,-597],[561,716],[845,213],[1418,-203],[496,-601],[2132,261],[753,-346],[300,-1478],[1249,-1867],[232,-903],[1451,-1148],[2351,-554],[-1,-633],[-2113,-1005],[-660,-1063],[521,-828],[1651,112],[1884,1098],[525,754]],[[198190,270888],[-1426,46],[-801,-496],[-1035,84],[-802,352],[-1000,-251],[-958,1044],[-989,2264],[-2250,2380],[-1177,-345],[-3249,-1951],[-839,-699],[-699,-1495],[-1345,-1608],[-344,-803],[-1091,-163],[-2504,1531],[-857,-579],[-362,-903],[-710,-370],[650,-907],[-12,-931],[-1001,-1214],[-1337,827],[-658,-165],[-1239,252],[-278,-855],[-756,55],[-1365,570],[-2141,34],[-1242,426],[-645,-663],[-670,-1163],[-1559,-561],[-659,-910],[-222,-946],[-919,-1328],[-493,-385],[-945,234],[19,-637],[-498,-412],[-1892,-243],[-1066,36],[-327,393],[-1902,-1361],[-882,365],[-732,-217],[-45,-512],[-1004,-494],[-436,341],[-543,-617],[-583,-58],[-588,599],[-813,279],[-1187,-822],[721,-938],[-679,-1524],[-196,-1268],[411,-1120],[2913,-1116],[1216,-74],[1902,701],[1348,1014],[1200,-182],[2161,-1250],[212,-1083],[-383,-844],[118,-1100],[693,-1044],[1755,201],[2480,-860],[166,-807],[-254,-630],[-791,-796],[-2010,-1073],[-1355,-1048],[-793,-1076],[-255,-742],[201,-1463],[342,-837],[1200,-2050],[1141,-1331],[726,-1177],[50,-649],[-860,-7],[-898,649],[-1092,-175],[-600,-1364],[-10,-526],[-906,-444],[-1566,-35],[-2016,-526],[-2272,-1401],[-657,-707],[-292,-839],[-447,-235],[-2318,679],[-744,-130],[-882,-548],[-1000,437],[-1832,467],[-1791,-220],[-700,538],[-543,783],[-1581,538],[-1748,-696],[-165,-1252],[105,-2115],[595,-1335],[-272,-977],[349,-650],[-482,-743],[-717,-444],[-792,-1015],[-127,-1134],[-773,-419],[-689,-821],[-1914,-807],[-545,-642],[-433,29],[-1639,-731],[-561,791],[-1254,-147],[-1227,1077],[-730,220]],[[125996,218893],[-1015,904],[-1396,498],[-935,-35],[-1300,440],[-372,525],[-1206,-180],[-258,-759],[-753,169],[138,756],[-436,391],[-1341,-249],[-1104,65],[-1164,587],[-1507,-619],[-609,3],[-25,1118],[-321,2973],[-558,1584],[-455,1837],[22,1211],[-508,1408],[-743,775],[-1511,642],[-970,1076],[-1436,339],[-469,601],[193,901],[1233,2381],[1076,2655],[-24,2971],[-341,1257],[-663,556],[-1131,175],[-2474,-57],[-1179,165],[-539,305],[96,2160],[833,1518],[490,1273]],[[103334,251213],[2413,-299],[892,369],[1087,1620],[1158,1010],[1117,370],[2706,3111],[2527,1603],[767,707],[1052,1511],[1846,969],[1092,3349],[1147,1212],[2625,1147],[876,115],[1272,-487],[678,731],[906,593],[1095,1026],[534,752],[70,1182],[-363,1273],[-353,2052],[1326,3274],[1025,703],[-52,593],[-886,348],[306,678],[-458,969],[215,432],[825,321],[310,2143],[-717,-108],[-721,493],[173,541],[632,383],[-373,670],[691,217],[1491,2178],[-754,176],[-1156,1456],[-806,769],[-309,1040],[446,504],[74,1140],[1326,137],[1467,1588],[867,696],[630,917],[288,1697],[998,2642],[209,2465],[383,879],[-511,768],[479,479],[794,-59],[-119,785],[-612,599],[-576,-4],[-397,653],[-503,1705],[938,673],[1025,1882],[816,1145],[389,2187],[-50,553]],[[137601,316436],[1888,-1],[1337,411],[3101,307],[2445,973],[1270,1192],[1481,967],[1278,430],[483,632],[278,985],[1031,907],[661,1141],[836,402],[1885,210],[865,-160],[1115,447],[889,680],[1805,1066],[673,-20],[804,-1074],[774,-421],[2435,-596],[1711,707],[514,-155],[926,-1184],[293,-1340],[1748,-1772],[637,-329],[4013,-1260],[1141,-182],[622,-573],[2157,-289],[588,-430],[610,-1136],[134,-1612],[-696,-1838],[-810,-848],[-271,-978],[28,-1714],[1357,-2482],[52,-1644],[462,-1357],[-247,-1334],[-1100,-1430],[-311,-1061],[241,-590],[837,-412],[2502,-757],[934,-564],[1010,-925],[934,-1185],[752,-490],[2123,-139],[1094,-862],[-48,-1476],[1162,-1691],[426,-1470],[231,-1573],[930,-2206],[1043,-855],[1215,-1356],[1385,-2260],[750,-775],[926,-499],[1982,-508],[842,-621],[730,-901],[384,-1677],[-323,-742],[-1375,-868],[-1017,-3511],[27,-872]],[[390858,205891],[-1528,988],[-1172,159],[-621,-919],[-270,-2631],[-466,-787],[-867,-760],[-354,-949],[670,-1560],[358,-1580],[695,-742],[162,-960],[-759,-1174],[-543,-347],[-980,112],[-1304,554],[-742,537],[-1224,146],[-1656,-89],[-1177,-746],[49,-931],[418,-1481],[1038,-2647],[653,-841],[586,-1764],[-467,-1096],[-1621,-1214],[-1084,-568],[-864,-1137],[646,-1681],[305,-1215],[-225,-988],[-527,-459],[-1833,-523],[-351,-474],[87,-928],[-555,-1163],[691,-1295],[822,-826],[1507,-596],[1131,-1119],[647,-1514],[561,-2476],[2388,-2069],[895,-1331],[408,-1017],[-31,-2665],[167,-1824],[-244,-912],[49,-884],[726,-1032],[1150,-489],[899,-1054],[633,-1772],[-332,-868],[-1842,-875],[-426,-994],[-34,-1711],[1021,-1989],[748,-1783],[-704,-1335],[-1821,-3009],[-1288,-1239],[-958,-1362],[-315,-762],[-956,-1421],[70,-734],[521,-640],[340,-997],[-205,-1887],[-738,-687],[-1675,-148],[-991,-1150],[-1061,107],[-698,-508],[-1315,-165],[-939,-373],[-1043,-1571],[-1333,-1103],[-387,-640],[109,-879],[952,-649],[318,-1147],[-491,-690],[-2124,-712],[-1342,421],[-2234,409],[-1153,707],[-1035,1194],[-964,-383],[-241,-1441]],[[363168,122144],[-979,-843],[-1851,-111],[-1659,193],[-734,289],[-1168,809],[-593,626],[1061,1568],[-23,1376],[-1346,1160],[98,950],[-616,340],[-533,1106],[-928,540],[-179,688],[-1140,1228],[-1076,-91],[-375,2753],[-860,1212],[-494,2752],[-3001,1612],[-914,717],[-1144,1690],[-664,359],[-853,1045],[-666,502],[-1977,762],[222,642],[-505,534],[-552,1415],[-879,418],[-1076,1211],[-668,1228],[-1106,1085],[-1254,371],[-2412,315],[53,690],[-541,2249],[-696,1431],[-39,1426],[-380,699],[-826,88],[-1295,-278]],[[328600,158900],[-480,2439],[-28,1028],[248,1284],[1622,2164],[1636,1504],[1337,291],[674,1456],[145,1020],[-465,1195],[-1124,1562],[-452,2566],[-271,559],[449,3193],[110,1751],[-292,929],[429,2523],[508,697],[893,2009],[170,809],[609,848],[1129,798],[1895,332],[561,378],[1304,373],[2554,974],[1601,251],[1592,-209],[2226,2118],[247,1003],[-261,273],[-1471,68],[-740,1783],[-887,523],[-421,1302],[-954,724],[-27,612],[-572,1021],[-1501,752],[-1005,710],[-496,789],[-406,1480],[-1330,640],[-1429,1477],[-311,1232]],[[184119,326139],[-1645,2183],[-970,2508],[-582,799],[-1048,1945],[-1765,128],[-920,697],[-1252,140],[-327,1658],[-1379,1802],[-396,291],[-2024,303],[-326,618],[402,2604],[75,1444],[-131,2140],[-658,1732],[-538,87],[-1001,-1040],[-646,-408],[-1035,17],[-821,295],[-430,483],[-932,1830],[-15,680],[-703,615],[-675,62],[-792,1470],[15,958],[1005,2299],[175,1008],[-394,853],[-1183,1206],[-369,1659],[-700,1077],[-923,773],[-592,1522],[-1384,445],[-17,891],[962,85],[1456,1058],[640,1617],[-105,817],[-970,1373],[-451,1991],[174,1455],[1342,2349],[2419,215],[744,1268],[918,1580],[906,3380],[469,331],[1848,627],[1575,3330],[-8,1717],[441,1283],[1143,1076],[2258,1547],[817,993],[1399,1171],[1982,434],[802,614],[374,737],[-163,1663],[466,1059],[63,1125],[1117,896],[2402,773],[1782,793],[1364,1032],[2412,1237],[1483,320],[812,760],[1311,200],[972,-332],[1571,115],[565,393],[1241,1679],[938,254],[674,1109],[749,530],[390,1369],[923,841],[1392,176],[1081,452],[1648,84],[1958,1560],[791,910],[1687,1492],[569,1132],[1573,1371],[2199,1200],[551,469],[1690,526]],[[310857,243680],[-1322,-1219],[-690,-1129]],[[200695,307044],[-310,773],[-674,587],[-1300,634],[-643,899],[-806,2240],[-934,1639],[-310,2260],[-340,497],[-1991,-401],[-1948,484],[-2255,1691],[-2012,2147],[-1250,1901],[-783,2461],[-1020,1283]],[[184119,326139],[1182,187],[301,364],[47,965],[647,107],[813,-521],[1498,1641],[768,1173],[776,150],[1027,1846],[1267,-38],[768,755],[799,200],[273,689],[1426,52],[1537,640],[835,795]],[[235338,364810],[160,-566],[-400,-662],[1989,-1960],[1525,46],[-24,-566],[561,-662],[-176,-1475],[-618,-836],[-615,-332],[-181,-1146],[23,-2342],[-483,-1121],[-1064,-550],[-1213,-1169],[-261,-1591],[530,-425],[-44,-727],[-443,-578],[130,-1289],[470,-876],[-1326,-1141],[-756,-1185],[-278,-2645],[109,-1039],[-165,-1832],[-1306,-1618],[-338,-777],[58,-1295],[398,-976],[-605,-982],[-773,-210],[-271,-536],[-1027,-806],[-726,-1151],[1024,-466],[-148,-1955],[-164,-299],[-1103,10],[-300,-2326],[-885,-734],[-597,-1535],[-559,-440],[-804,1897],[380,1923],[-723,13],[-102,-1526],[-320,-1017],[-917,-788],[-162,-1759],[-535,-469]],[[222283,320319],[668,124],[1341,-702],[401,-574],[1362,-908],[2289,-991],[657,15],[1675,-545],[680,-424],[814,48],[775,813],[935,-229],[478,-519],[1766,63],[790,795],[740,1129],[1228,626],[1041,-545],[1174,-1334],[194,-485],[-1395,-1012],[-1470,-350],[-154,-670],[456,-569],[-152,-755],[-461,-458],[477,-768],[-588,-588],[-120,-643],[1600,-2146],[574,-572],[1850,-1123],[229,-1113],[227,-2470],[626,-958],[2246,-682],[1175,-1464],[482,-181],[652,-1946],[1637,-555],[1968,410],[-16,670],[1114,1099],[800,-847],[179,-963],[718,-469],[-134,-882],[618,-830],[1096,824],[686,-386],[256,-751],[1951,-1009]],[[221990,267790],[-331,758],[-1691,1155],[-3171,3496],[-1545,850],[-597,770],[-1303,1110],[-8,1140],[-1085,3071],[-639,1061],[260,738],[-460,2149],[-952,1069],[-990,2451],[-908,1799],[-103,843],[-2093,2599],[-219,1238],[138,1653],[-523,961],[-360,1672],[-565,1018],[-820,2357],[-1358,1289],[-560,1112],[-336,1117],[-702,728],[-374,1050]],[[200695,307044],[1123,-52],[191,637],[729,281],[-130,643],[733,426],[825,931],[762,1238],[441,144],[551,1003],[89,651],[590,557],[-175,1681],[277,535],[-131,772],[359,416],[659,1691],[210,1748],[1002,273],[565,566],[1262,-429],[729,367],[990,-352],[1153,1685],[880,513],[1139,-390],[704,149],[607,532],[2166,293],[1503,-588],[3,-1273],[752,-495],[681,95],[349,-973]],[[276788,281335],[459,-1759],[957,-497],[198,-2005],[-278,-1686],[688,-1521],[4,-1030],[894,-1051],[1292,-928],[953,-97],[740,320],[1527,-520],[1736,-1137],[735,-653],[502,-1568],[32,-637],[654,-1609],[-217,-2245],[559,-1015],[39,-1768],[1303,328],[991,445],[2519,-1055],[703,-1155],[864,-804],[368,-1215],[471,-804],[1316,-1109],[2038,-312],[613,-1448],[331,-1349],[1,-1140],[689,-928],[172,-1408],[524,-1331],[-207,-1202]],[[250148,259425],[1441,435],[1435,1635],[1195,963],[957,-491],[643,361],[446,844],[2087,1285],[631,1350],[607,703],[547,2431],[1,2054],[154,480],[-178,1506],[491,1290],[-294,725],[1286,947],[140,370],[-401,959],[-536,77],[620,1248]],[[250148,259425],[179,-962],[-451,-1191],[-1649,-2843],[-415,-1863],[-545,-763],[-486,-1263],[320,-1027],[1099,-425],[-516,-3341],[1177,-687],[-575,-4242],[1592,-14],[2453,-371],[740,-320],[1754,-372],[2176,-159],[990,386],[1447,1500],[2119,922],[1085,-58],[2853,-1264],[1020,-760],[652,-1019],[1358,-651],[395,-518],[1677,-1257],[377,-1053],[784,-540],[789,-42],[638,-561],[141,-613],[691,-568],[-88,-623],[606,-583],[895,-68],[619,487],[576,1200],[1917,406],[1101,-509],[829,292],[964,-557],[1675,-322],[858,70],[1116,604],[524,576],[1248,94],[1485,1272],[1559,256],[340,507],[168,3729],[238,221],[1029,-420],[991,-765],[1061,-444],[1031,117],[2143,1352],[1439,1421],[370,775],[812,618],[387,783],[1048,1467]],[[300958,245442],[908,-229],[1622,-123],[214,-711],[1941,-1952],[1048,-614],[2154,-481]],[[308845,241332],[-310,-4508],[-350,-548],[-197,-1881],[-335,-1715],[-340,-967],[-1102,-846],[-68,-571],[425,-1365],[609,-1205],[228,-3239],[-733,-1265],[-453,-1271],[-2726,-1849],[-911,-964],[-532,-1304],[-368,-1678],[-549,-1674],[-1327,-1706],[-878,-193],[-1487,53],[-674,-879],[-171,-748],[246,-3051],[616,-2343],[-760,-1031],[-1483,-618],[-783,-92]],[[294432,203874],[-1078,1006],[-1274,380],[-1452,742],[-869,696],[-1656,876],[-525,593],[-2299,1223],[-1948,339],[-608,-637],[-715,-334],[-1158,448],[-1207,1004],[-1130,368],[-505,465],[-868,2044],[-831,473],[-1501,-121],[-1028,474],[-1633,-398],[-1300,504],[-1416,987],[-2456,1008],[-553,984],[-112,853],[-1618,1859],[-679,961],[-1430,1220],[-1110,243],[-1031,504],[-2451,642],[-782,671],[-1669,-972],[-1052,254],[-423,608],[-1007,428],[-1325,-572],[-1137,104],[-1156,-522],[-2698,-182],[-1859,-623],[-1017,289],[-957,2304],[-1194,2165],[-1061,2199],[-1037,-66],[-1689,262],[-2574,-958]],[[235354,228669],[-727,985],[-1732,1298],[-478,705],[-647,1939],[-813,1381],[-1410,1398],[-2353,-374],[-1419,322],[-1283,471],[-496,-363],[-1318,884],[-1023,340],[-928,800],[-590,137],[-792,2491],[-1490,727],[-2049,1392],[-487,573],[-515,1387],[-725,998],[501,1140],[82,751],[-571,1308],[-671,-82],[-2059,486],[-608,408],[-484,799],[-470,2612],[-298,1067]],[[209501,254649],[2763,453],[3035,1093],[1017,546],[2767,731],[1254,-151],[932,155],[1128,1625],[267,2579],[-513,2990],[372,1209],[-533,1911]],[[221990,267790],[1520,2063],[1873,853],[1030,-152],[1170,496],[770,-553],[192,-823],[969,-807],[1065,-227],[2679,-1264],[222,-1020],[570,-374],[1137,-37],[3175,-1195],[1376,-762],[2162,-188],[515,-229],[1054,-2656],[815,-669],[1029,232],[1817,-127],[861,247],[1354,-897],[803,-276]],[[260468,300229],[-700,1710],[-1054,1119],[260,380],[-659,847],[-43,979],[224,755],[-473,774],[4,1029],[-1723,1423],[-675,211],[-791,-210],[-51,882],[-492,422],[-220,768],[-860,-125],[-80,1191],[-1009,710],[72,1370],[-304,1324],[-542,596],[-1147,435],[-326,2267],[16,905],[-1094,1156],[431,1389],[-988,515],[-48,909],[658,568],[424,830],[-344,1955],[675,2071],[525,598],[184,1589],[1551,877],[109,658],[752,1126],[-167,1473],[-1117,1367],[795,1305],[923,1070],[-441,584],[-1036,89],[174,969],[-184,1245],[-506,92],[-1104,1929],[-731,225],[-57,1537],[-691,685],[35,483],[-762,1363],[-94,2852],[-259,543],[651,1081],[556,497],[-337,946],[505,1767],[-931,918],[204,1424],[35,1632],[691,1091],[-457,534],[457,1121],[985,345],[1197,-175],[965,-418],[1963,531],[1256,544],[908,930],[2356,657],[-219,714],[312,1002],[1102,1089],[1105,1546],[-127,914],[1234,1042],[618,727],[532,1093],[1501,1907],[179,593],[794,770],[2200,1811]],[[311161,290969],[-560,-903],[-1350,-2624],[-335,-410],[-2204,522],[-2140,-398],[-487,327],[-1838,-358],[-1881,-1080],[-1167,-92],[-1263,-444],[-744,-553],[-1121,-1550],[-2216,-2411],[95,-1030],[-1072,-193],[-1014,661],[-2356,663],[-1886,747],[-646,645],[-600,1],[-856,-1208],[-1014,739],[-667,20],[-431,647],[-914,-622],[-662,635],[-478,-274],[-539,-1254],[-861,440],[-155,1027],[-759,-69],[-579,-1237],[-696,-94],[-532,411],[-445,-315]],[[276788,281335],[-821,-287],[-1718,-952],[-719,-50],[-1098,-424],[995,-1336],[-88,-712],[-1152,18],[-1075,473],[-983,56],[-690,1190],[-1280,211],[-604,521],[-1225,126],[-1109,-224],[-970,-1420],[-2281,298],[-550,-226]],[[261420,278597],[-494,681],[-723,393],[346,649],[204,1176],[750,161],[538,661],[144,1711],[-220,317],[-1149,332],[-1417,2],[-297,794],[-658,815],[-388,1096],[-610,95],[315,1187],[721,75],[748,-329],[36,1068],[-1282,767],[-561,833],[487,2226],[508,1212]],[[258418,294519],[773,1751],[480,5],[978,664],[315,556],[302,1562],[-661,436],[-137,736]],[[260468,300229],[412,473],[787,-184],[438,264],[159,796],[1021,1148],[33,1381],[896,135],[684,1195],[894,971],[1756,645],[782,1020],[1041,780],[-137,1048],[347,1216],[236,1563],[-512,1116],[118,696],[-270,709],[-157,1333],[218,1035],[-550,2094],[428,903],[1262,1012],[96,1405],[2108,1163],[474,612],[1343,901],[1423,2215],[726,-631],[789,433],[1104,994],[-12,525],[-776,2658],[-118,2074],[-564,1970],[-75,1043],[732,1061],[679,1843],[766,1266],[1571,1240],[1364,764]],[[335995,312282],[-984,307],[-2238,197],[-1571,383],[-1300,-255],[-767,-752],[-828,-444],[-1425,-113],[-803,-336],[-721,-1044],[-1768,-2217],[-610,-1055],[-764,-2276],[-707,-1323],[-1033,-877],[-689,-869],[-587,-1339],[-509,-2512],[-1025,-1004],[-1042,-1631],[-2267,-2358],[-593,-1004],[-446,269],[-1262,-40],[-895,-1020]],[[311161,290969],[-1030,362],[-526,855],[-606,462],[-767,-75],[-1292,799],[-1501,-174],[-1388,1150],[-1835,1259],[-960,26],[-2645,1253],[-1358,1486],[-767,220],[-1343,910],[-271,636],[-3685,1780],[-1151,160],[-999,554],[824,1106],[1296,1210],[1393,2164],[96,469],[-487,1149],[-63,887],[597,375],[-231,1107],[503,798],[-59,604],[664,914],[-230,2009],[-630,1235],[136,928],[682,195],[-81,778],[630,639],[-1664,1069],[9,1223],[369,968],[-1587,-77],[-506,785],[-1300,657],[-619,810],[-830,302],[-253,454],[271,827],[-240,999],[376,1968],[710,1589],[-161,733],[720,926],[55,840],[514,1054],[460,332],[773,1412],[1750,1401],[343,710],[-661,545],[-268,1438],[-400,21],[-986,884],[-1023,2169],[-911,1260],[-1920,-1405],[-906,791],[-1072,-654],[-1493,62],[-1643,-178]],[[281984,343114],[-168,1425],[-1128,1947],[-595,700],[-818,1910],[-751,518],[-1547,1405],[-1101,710],[-1692,-1051],[683,1740],[509,569],[437,1555],[149,2064],[-644,995],[-11,569],[926,1802],[832,2812],[726,780],[277,2332],[737,1742],[1956,-71],[1011,721],[872,868],[309,832]],[[234591,379942],[923,-344],[834,-706],[512,-857],[-19,-1021],[349,-1325],[-776,-1355],[62,-637],[-628,-1265],[167,-1597],[-701,-1886],[-138,-954],[377,-1077],[-453,-795],[238,-1313]],[[235338,364810],[-814,508],[-1807,476],[-1577,-176],[-1920,-807],[-323,-1595],[-1336,-1586],[-1288,-1293],[-1039,-659],[-611,-998],[-1786,-1674],[-1117,-725],[-292,-830],[-2146,373],[-1757,-501],[-837,-620],[-2020,-661],[-1758,-242],[-306,506],[-698,-18],[-1024,-1960],[-95,-426],[-1291,-120],[-231,-1135],[-773,-1439],[-120,-852],[-545,-1272],[-271,-1305],[80,-828],[-396,-856],[-45,-798],[-1703,-1624],[-479,-1035],[-998,-399],[-688,-1136],[-713,-86],[-1762,-862],[-1035,-1175],[-1037,-1595],[-697,-241]],[[198083,335144],[-1245,780],[-1475,583],[-519,469],[1269,1838],[60,2789],[1541,874],[287,776],[1073,639],[248,591],[-181,1723],[268,1312],[-1204,147],[-491,1036],[-784,291],[-1706,302],[-1140,-1018],[-1023,1373],[-1231,828],[-530,1146],[-739,289],[-1703,1563],[-1212,209],[-472,919],[174,352],[-930,966],[334,1434],[-132,368],[261,1551],[-301,1548],[-1123,1073],[200,1040],[102,2475],[254,166],[1729,-295],[799,549],[503,671],[1921,1421],[656,-441],[1688,1021],[1308,392],[1742,1271],[557,1179],[1105,817],[907,-39],[1300,-794],[951,267],[1021,991],[167,612],[1301,1386],[775,1407],[117,709],[745,1868],[1407,1776],[-92,1811],[-297,1575],[907,789],[581,1046],[784,618],[1785,241],[644,-99],[2202,402],[648,542],[2018,1064]],[[482879,239455],[-1004,-1746],[-1315,-883],[-820,-1231],[359,-976],[1116,-1359]],[[481215,233260],[394,-1362],[-345,-1292],[-699,-707],[-645,-290],[-738,140],[-833,584],[-501,1434],[-952,1067],[-2255,1086],[-394,810],[21,1208],[-402,613],[-2074,311],[-978,1049],[-1352,644],[-999,-208],[-2581,-1227],[-841,-910],[-654,-1254],[-697,-806],[-259,-915],[170,-1690],[-608,-2445]],[[462993,229100],[-1006,-1287],[-686,-111],[-1326,603],[-2200,-903],[-814,-1294],[-676,-720],[-755,-2158],[-516,-662],[-1014,224],[-622,1889],[-960,1048],[-955,296],[-665,-74],[-467,-944],[815,-971],[-406,-1417],[-859,-1110],[-275,-2095],[285,-740],[825,-732],[234,-676],[-476,-1231],[-944,-1660],[-248,-1559],[48,-792],[-484,-1486],[161,-494],[-290,-1253],[69,-1751],[-214,-915],[-1660,303],[-283,-500],[151,-1416],[1414,-1034],[206,-591],[-389,-1243],[-1210,-1162],[-832,-1124]],[[445969,199358],[-921,-1180],[-1078,-971],[-1333,-611],[-1052,-270],[-770,-591],[-789,-1355],[-898,-200],[-584,172],[-1896,1101],[-1099,0],[-665,-372],[-1711,758],[-1950,90],[-1167,629],[1,1011],[1040,1969],[-188,693],[-775,427],[-1379,220],[-2156,-634],[-907,-775],[-430,-772],[-3109,758],[-2671,-1360],[-1211,-255]],[[418271,197840],[-508,-164],[-1834,561],[-924,440],[-481,-90],[-1484,-1059],[-596,57],[-1204,713],[-2544,-1101],[-1049,271],[-541,1083],[-2034,2488],[-1716,1386],[-596,89]],[[436854,261970],[-743,-748],[-339,-750],[-822,-164],[-307,-1088],[-549,-671],[194,-662],[-155,-2030],[-547,-1879],[-415,-291],[-217,-1186],[-1259,-321],[-1909,-1302],[-800,-188],[-1206,-676],[-1504,-185],[-860,108],[-1083,-230],[-1062,-586],[-1674,-574],[-512,67],[-2199,-294],[-2656,-764],[-492,-497],[-661,-1437],[-651,-883],[-113,-695],[-1493,-3000],[-857,-963],[-1460,-646],[-1355,-1077],[-1107,-1324],[-106,-404],[-2035,-1634],[-714,-3542],[426,-635],[-940,-2283],[-40,-3085],[-368,-1126],[88,-3137],[-855,-2391],[292,-1029],[750,-1281],[62,-639],[525,-636],[-44,-864],[400,-193],[38,-824],[438,-456],[328,-1465],[586,-138],[511,-739],[-140,-1324],[601,77],[-145,-1160],[1306,18],[564,-812],[-190,-1183],[345,-433],[-513,-766],[-1070,-35],[-901,326],[-244,-607],[-714,576],[-652,-262],[-1041,139],[-956,-363],[-372,-482],[-501,-1728]],[[402760,202514],[-1473,361],[-1562,903],[-1894,570],[-245,954],[1753,2112],[-659,1298],[-1082,-75],[-810,-627],[-1603,-139],[-761,-830],[279,-1126],[-1114,-654],[-1723,132],[-1008,498]],[[390858,205891],[1339,1090],[317,589]],[[333150,253750],[554,1168],[90,2531],[535,2588],[2138,1669],[1725,1748],[2155,1285],[1297,584],[554,778],[1538,834],[1291,1278]],[[397958,308977],[-909,7],[-1808,-491],[-1841,-273],[-1310,-1172],[-800,-1471],[-3375,318],[-1662,-324],[-522,-348],[-230,-849],[391,-460],[48,-1639],[584,-693],[-310,-537],[606,-1656],[-895,-812],[266,-905],[-172,-557],[817,-1286],[69,-590],[702,-313],[397,-639],[77,-1813],[-337,-1714],[-31,-990],[-389,-1059],[-547,-532],[-313,-954],[553,-987],[164,-1139],[-236,-309],[640,-778],[-60,-434],[-865,-232],[237,-1179],[-438,-482],[-44,-1351],[195,-1189],[-851,-1568],[-556,-1837],[238,-2325],[-886,-1079],[-936,-1586],[-771,-378],[-1217,-173],[-997,909],[-740,129],[-641,534],[-918,1],[-634,457],[-677,-246],[-1082,825],[-1212,317],[-666,-530],[-863,114],[-681,1034],[-1067,668],[-639,-104],[-469,471],[-691,-590],[-435,639],[-1366,77],[-118,-1113],[515,-606],[-1831,-315],[-1673,890],[-1022,115],[-928,-287],[-1804,363],[-1668,-476],[-1531,-762],[-1337,-109],[-1452,-671],[-1014,-1266],[-226,-551],[488,-1559],[1467,-1155],[523,-1049],[-2323,-573],[-3165,-94],[-2353,697],[-958,29],[-1634,1045],[-782,756]],[[345027,268213],[-77,964],[-709,1115],[-665,1756],[-1042,1072],[-378,923],[-747,783],[-1385,2201],[-1462,1246],[-642,991],[-1391,2745],[-369,1151],[-2,1022],[-459,2350],[-35,1006],[-338,898],[38,1123],[-895,1531],[-1014,2035],[-392,1898],[-176,1788],[-425,1646],[594,2790],[-93,688],[136,2030],[-125,705],[412,1146],[1340,1021],[839,1693],[1101,1062],[-681,1816],[10,874]],[[335995,312282],[736,1590],[-233,2521],[696,1866],[560,646],[477,2305],[894,412],[1589,1103],[236,779],[747,533],[645,2017],[562,251],[1333,1423],[1039,373],[1417,1371],[1408,508],[1106,1044],[359,771],[370,2324],[311,771],[183,1749],[-307,1098],[-779,726],[-914,345],[-236,1134],[243,2966],[24,1678],[-413,1196],[-37,871],[252,1841],[-687,2838],[515,911],[-119,1236],[-290,729],[109,783]],[[450847,280465],[-397,-738],[-1328,-369],[-893,-566],[-1062,-1997],[-471,-445],[-335,-1109],[108,-621],[-503,-807],[-2070,-1493],[-605,-1026],[328,-969],[-474,-1690],[38,-1797],[-601,-1183],[13,-1714],[-443,-164],[-1209,-1618],[-688,400],[-615,803],[-908,-59],[-636,-626],[-1242,-707]],[[436854,261970],[-510,994],[-1445,214],[-1118,490],[-1973,-25],[-472,822],[28,1564],[-702,174],[-459,544],[514,1996],[-301,2253],[301,816],[-55,1608],[-561,2021],[-649,1733],[-887,-148],[-427,-993],[-1365,-155],[-313,427],[-751,-141],[-941,-963],[-646,-88],[-908,550],[-1490,-1133],[-1981,-285],[-1056,-338],[-1194,106],[-580,-300],[-159,-876],[-1038,-529],[312,-1313],[-281,-1134],[-490,-354],[-1385,-382],[-1866,-1094],[-187,649],[-1599,1569],[-1762,2590],[-760,1317],[-1224,1133],[-34,850],[588,1030],[-202,548],[-1595,417],[-3344,679],[-226,381],[3881,2653],[978,1380],[-361,1282],[-617,408],[-549,855],[-641,422],[-728,1176],[-273,821],[-964,1059],[-1310,784],[-399,452],[-1143,275],[-330,518],[-336,1312],[95,1521],[-425,883],[539,1705],[966,1793],[-168,922],[134,1456],[-413,1244],[462,1579],[95,1277],[-249,601],[-927,807],[-647,1365],[-373,1233]],[[397958,308977],[1452,2532],[1450,1454],[669,1816],[1193,1165],[-35,1718],[550,1034],[611,421],[1054,1500],[1357,2250],[-509,1535],[583,895],[595,449],[123,1245],[814,875],[810,1652],[-178,658],[-1884,1677],[-571,300],[-136,1039],[-428,933],[228,2509],[-437,1182],[-91,2078],[-239,1366],[-925,3164],[-485,641],[821,999],[207,674],[987,1582],[886,2013],[132,1004]],[[423358,362830],[1327,-495],[1026,379],[1266,-1277],[734,-229],[1086,-728],[1397,-1479],[217,-584],[2012,-2260],[70,-1230],[2899,-1617],[1445,-634],[-282,-996],[153,-853],[670,-934],[452,-1436],[-4,-1238],[293,-537],[541,-1855],[635,-689],[662,-184],[665,-704],[694,-141],[674,-1004],[57,-1047],[-696,-1091],[-1,-710],[807,-1036],[1332,-1117],[119,-486],[2392,-1526],[1372,-633],[1636,-1082],[464,-1286],[984,-126],[1282,-922],[1292,-611],[341,-472],[110,-1269],[543,-1142],[578,-757],[125,-651],[-191,-1304],[838,-856],[735,-1064],[2,-1110],[1441,-1643],[197,-1715],[962,556],[1125,37],[1876,-1212],[1739,-590],[-228,-918],[538,-2123],[705,-1210]],[[392514,207570],[-1115,-6],[-1937,1153],[-1686,257],[-831,-198],[-2277,225],[-1542,-345],[-956,8],[-949,403],[-950,-38],[-1294,-533],[-4294,-10],[-1545,-560],[-1812,-443],[-1225,-114],[-1602,-1254],[-1630,798],[-1374,-175],[-927,260],[-2851,90],[-3391,-1981],[-344,11],[-2207,1034],[-1305,1036],[-499,114],[-1759,-638],[-1686,791],[-1046,-693],[-575,735],[-1181,518],[-2250,-224],[-2114,766],[-1975,-85],[-1305,-582],[-1040,341],[-1697,-130],[-1727,30]],[[335616,208131],[-790,248],[-1593,1622],[-997,468],[29,2580],[585,693],[-808,1297],[-1436,1207],[-1982,1078],[-150,987],[-13,2617],[-709,3467],[-447,726],[-1221,1283],[-159,1785],[-397,1582],[-1389,1927],[-2504,2994],[-1409,2886],[-979,404],[-949,741],[-915,345],[-1230,1865],[-2446,1350],[-1738,642],[-1112,755]],[[310857,243680],[1606,3753],[1457,1398],[1073,1211],[1841,913],[1521,-156],[767,-809],[873,38],[1253,-262],[1106,198],[262,396],[1922,730],[1230,-531],[925,1120],[2088,1033],[1894,449],[626,415],[851,-373],[998,547]],[[333150,253750],[1204,-931],[1015,-485],[1788,-2202],[478,-1226],[221,-1141],[1315,-650],[1259,-1920],[1420,-412],[1639,-1049],[1586,-608],[1901,-471],[2065,-1344],[872,-783],[1202,-1675],[1340,-715],[1151,-9],[1301,290],[1216,-24],[696,-301],[1215,-1307],[1340,-665],[1689,135],[1774,718],[1435,85],[1224,-358],[903,-764],[1597,-10],[1866,-411],[1713,381],[874,-371],[1248,-98],[2089,-396],[953,160],[642,-371],[1721,102],[1228,-495],[-408,-1023],[-448,-340],[155,-1469],[-1010,-689],[-40,-3203],[182,-1510],[-376,-987],[61,-1057],[1742,-792],[377,-735],[562,-389],[402,-1046],[1348,-1086],[196,-818],[740,-1204],[-125,-960],[636,-1339],[1391,-661],[826,-1062],[1029,-820],[80,-1018],[573,-724],[1863,-44],[728,-1461],[796,-563],[243,-946],[661,-913]],[[591836,360349],[-1036,833],[-531,-14],[-309,-977],[-2277,-845],[-685,20],[-1138,518],[-2423,12],[-1388,-494],[-871,-997],[-1228,-1052],[-1203,-506],[-2769,-3279],[-146,-649],[-974,-615],[-602,-1783],[-895,-679],[-232,-797],[-2805,-2472],[-290,-1168],[-1088,-1853],[-1251,-741],[-1,-1363],[423,-1456],[75,-1483],[355,-620],[111,-3789],[-1173,-1315],[-1829,-1131],[-823,-700],[-423,-715],[459,-1648],[780,-3418],[160,-2003],[-459,-2240],[201,-2275],[-2143,-2443],[-415,-1425],[-701,-578],[-97,-1548],[-390,-909],[-3089,-2315],[-967,-502],[-1397,-446],[-2248,-129],[-859,-906],[-1128,-495],[-1131,-108],[-1704,1418],[-546,1629],[-622,-68],[-1168,-582],[-636,-7],[-1266,-1595],[-2408,-1300],[-851,-648],[-969,-1567],[-1211,-1306],[-690,-246],[-394,-1260],[-1051,-1062],[-336,-725],[-2361,-1266],[-1258,475],[-1482,-73],[-1522,-1791],[-1072,-401],[-1569,-118],[-1779,-834],[-543,-447],[-399,-1333],[-1733,-1111],[-1340,-152],[-393,-260],[-307,-1630],[-440,-609],[-1194,-566],[-605,-1372],[-1054,-308],[-1423,-1069],[-405,-1109],[-57,-1269],[-1934,-2628],[-302,-2456],[102,-834],[-1067,-827],[-514,-903],[-23,-1495],[-877,-626],[-1020,-198],[-533,-855],[-964,-98],[-1426,687],[-932,-297],[-543,-519],[-588,-2022],[-727,-326],[-1195,226],[-1507,-1021],[-406,-63],[-1123,634],[-900,250],[-1945,-346],[-2538,398],[-1852,-286],[-1364,760],[-731,138],[-1130,-663],[-1440,17],[-2157,-499],[-338,-580],[-26,-1891],[148,-904],[-1989,-3044],[-349,-1137],[-1140,-1087],[-329,-1383],[577,-1189],[1733,-1471],[-867,-1817],[-1185,-1051],[206,-1112],[1179,-1421],[769,-1721],[68,-763],[-715,-1134],[-981,-183],[-644,-693],[-252,-761],[453,-756],[1567,-747],[162,-844],[-1129,-1633],[-35,-1661],[-566,-1999]],[[482879,239455],[-1106,631],[-730,797],[-791,319],[-1193,-161],[-1017,708],[212,527],[-331,681],[-643,2176],[715,1416],[-528,1369],[-164,1246],[-981,1136],[-991,1502],[-880,475],[-1265,151],[-2408,482],[-1340,681],[-2775,725],[-1907,-356],[-397,318],[-985,2542],[-3012,790],[-1439,571],[-204,1016],[-711,621],[-397,870],[-392,1962],[547,1193],[193,1015],[770,1350],[57,1458],[-198,215],[-1348,-63],[-1330,472],[-342,749],[-1746,686],[-430,1614],[-719,1428],[322,675],[-39,729],[-1677,1549],[-132,2000],[282,1512],[-123,716],[-459,517]],[[450847,280465],[380,479],[401,1742],[79,2048],[-377,536],[-360,1361],[154,3151],[1215,1860],[160,1164],[-445,1007],[321,1659],[2672,655],[458,376],[664,2313],[1299,1172],[1037,457],[-102,729],[527,1209],[1000,1033],[419,-29],[1135,2035],[140,849],[732,1082],[890,479],[1084,1615],[-890,1616],[965,1192],[61,734]],[[464466,312989],[822,66],[1074,544],[1583,389],[1516,-321],[1352,-1928],[298,-622],[1107,-605],[418,200],[822,-406],[479,-583],[571,277],[1384,-769],[2161,-855],[1119,164],[1276,-663],[1472,-398],[1480,-184],[458,380],[1806,184],[519,-691],[-102,-1019],[-651,-953],[-220,-1020],[-545,-244],[-364,-743],[561,-448],[136,-1078],[-566,-840],[677,-942],[742,-1491],[939,-1455],[451,-272],[1771,-80],[1159,629],[1058,91],[1111,-160],[1283,79],[574,-182],[3900,1278],[2707,-334],[1142,603],[-125,982],[-701,961],[291,506],[-7,1029],[541,630],[357,1327],[640,1154],[455,306],[-1646,1653],[135,391],[1760,186],[2299,985],[1374,1098],[512,193],[739,919],[451,1571],[461,530],[1090,2308],[976,932],[681,130],[1846,-234],[948,-497],[657,79],[1773,1745],[539,217],[2016,206],[1173,-617],[1551,650],[1960,412],[282,1048],[1447,1097],[-105,1260],[268,516],[-54,1095],[958,2781],[-503,972],[-545,2312],[260,739],[-105,1649],[-831,2104],[-248,1228],[-1448,1529],[109,2788],[509,690],[-338,688],[-1034,399],[-1394,985],[-699,913],[445,1619],[-392,1478],[388,2373],[2239,3288],[147,581],[-604,1327],[38,775],[569,1120],[466,1752],[477,838],[139,1541],[-1135,2913],[719,2282],[568,1035]],[[941754,459918],[1595,-711],[1228,-768],[135,-358],[-274,-1290],[313,-590],[1221,-778],[676,-1174],[1614,-656],[1866,-351],[877,-32],[855,-517],[842,-67],[484,446],[669,1256],[1706,204],[1147,701],[800,-790],[2482,-768],[74,-1461],[-1044,-1075],[-56,-1441],[245,-1312],[1711,-707],[552,-639],[313,-1212],[-7,-869],[-339,-905],[953,-791],[3724,-1886],[584,-140],[2213,332],[3062,1385],[1141,1298],[1230,-248],[933,-2059],[400,-439],[116,-1515],[1884,-696],[1112,-638],[401,-686],[1034,-547],[100,-814],[983,-1361],[1400,-915],[1958,976],[712,-2],[1197,1004],[225,521],[-174,1263],[802,786],[1124,-204],[1174,1403],[954,539],[308,1012],[614,451],[1879,-1163],[1179,-1329],[37,-713],[-1337,-1601],[322,-704],[-191,-1510],[304,-1937],[3505,-1428],[1122,-1529],[247,-750],[-473,-860],[220,-1353],[-90,-1526],[-223,-747],[1384,-1831],[379,-1033],[-316,-2397],[448,-661],[-1297,120],[-1563,-253],[-1761,43],[-1858,621],[-863,-139],[-695,-729],[-1238,-423],[-1241,-1011],[-407,-2095],[109,-1040],[623,-1383],[-277,-1161],[-701,-919],[-1375,-157],[-3660,1420],[-2243,-168],[-551,-202],[-1068,-1637],[-1280,-932],[-675,-1253],[-1555,287],[-433,-469],[-98,-1349],[415,-755],[1560,-1336],[1147,-560],[1385,-1611],[258,-904],[1068,-671],[121,-402],[-350,-1788],[-219,-1953],[657,-2246],[74,-1522],[-177,-240],[-1641,0],[-2291,-859],[-385,-599],[-441,-1747],[253,-1821],[51,-2293],[-429,-879],[-636,-1485],[-1303,-1880],[12,-976],[859,-2023],[136,-1213],[-447,-1820],[882,-1685],[-418,-785],[-1179,-731],[772,-2291],[1000,-1609],[-938,-3626],[299,-807],[116,-1521],[-198,-2158],[-1783,-2084],[-427,-1198],[-1243,-119],[-532,165],[-519,980],[-1193,1303],[-416,103],[-1877,-609],[-514,-318],[-642,-1148],[-486,-140],[-893,-2133],[246,-798],[-62,-1204],[-616,-1576],[-1408,-1208],[356,-1607],[-384,-1354],[-972,-1366],[-1507,-523],[-1009,-2281],[-1068,-1675],[-854,-677],[-1997,853],[-1083,-194],[-532,-1048],[238,-2022],[-506,-1814],[-783,-1094],[-611,-399],[-1207,-1503],[-1212,-2219],[-1710,-1740],[-639,-1286],[-915,-607],[-732,-956],[-964,-789],[-1560,-412],[-495,-2276],[-715,-657],[-517,-1212],[-1315,-1275],[-1218,-1629],[-703,-1156],[-885,-660],[-893,-366],[-1323,-1008],[-1102,-1280],[-687,-1376],[-938,-901],[644,-1761],[687,-699],[1017,-2535],[-70,-1285],[257,-2294],[-512,-1348],[-1074,-1275],[-223,-990],[139,-1449],[-1433,-1554],[-715,359],[-1286,1270],[-842,110],[-2191,-365],[-1012,-466],[-192,-1176],[93,-793],[-390,-1059],[122,-744],[977,-1081],[91,-727],[-300,-1073],[-1122,-2343],[147,-3084],[1863,-2168],[135,-1809],[778,-1677],[178,-1509],[-173,-1481],[-316,-620],[62,-2365],[-660,-1076],[-479,-1249],[-144,-1108],[-2056,-382],[-2851,-93],[-2246,-705],[-1100,-35],[-895,-1687],[-915,-1087],[-901,-671],[-1606,-605],[-1271,-850],[-1664,316],[-1919,-376],[-2615,-1013],[-879,-67],[-1884,-870],[-1035,-304],[-2023,-920],[-1194,-402],[-2655,150],[-1109,-100],[-3001,855],[-1359,163],[-496,-519],[-1413,-2378],[-2112,-1088],[-361,-2148],[-310,-1052],[-557,-959],[-1507,-1395],[-1123,-849],[-1182,-1162],[-756,-1143],[-2134,-213],[-2053,977],[-1774,-124],[-2733,462],[-396,206],[-2299,463],[-2423,-199],[-1729,-704],[-1904,-24],[-923,-317],[-520,-571],[-1033,-633],[-3599,-302],[-1659,-913],[-1912,-687],[-2550,-1139],[-1300,-982],[-581,-655],[-966,837],[-1399,579],[-2437,534],[-1691,-79],[-1383,419],[-1171,677],[-1674,733],[-1187,1005],[-1992,975],[-818,2058],[-1227,738],[-1708,700],[-909,-142],[-1603,-1029],[-1595,-2201],[-945,-644],[-2144,-767],[-1286,277],[-1386,637],[-1386,906],[-456,681],[-882,331],[-705,656],[-1241,645],[-1413,986],[-1166,169],[-1461,-51],[-2013,180],[-1028,277],[-1455,79],[-1379,586],[-1480,181],[-1932,412],[-1524,37],[-1492,-295]],[[941754,459918],[-1267,-836],[-16,-825],[-1053,-1533],[-506,-999],[-912,-648],[-1368,-693],[-1042,-780],[-1063,-391],[-916,284],[-1429,-259],[-1079,977],[141,3238],[-736,582],[-565,835],[-826,482],[-142,791],[-821,1807],[-154,1657],[-1153,652],[-1206,956],[-2321,654],[-926,719],[-1062,-88],[-3364,1443],[-3304,814],[-758,-145],[-1701,337],[-2073,-135],[-714,170],[-1156,-213],[-679,-456],[-2127,-721],[-2030,-1027],[-1081,-958],[-1934,-1127],[-541,-790],[-2213,-1416],[-625,-734],[-1365,-1018],[-597,-212],[-894,-1073],[-1771,-1345],[-423,-596],[-1056,-709],[-868,-1042],[-1603,-998],[-618,-817],[-1117,-913],[-1841,-771],[-980,-198],[-2078,368],[-952,-997],[-1176,-608],[-1277,-208],[-1657,-788],[-2072,-340],[-1932,-628],[-2285,523],[-2590,-837],[-606,-603],[-524,-1086],[-593,-706],[-252,-1277],[-360,-377],[-816,43],[-1054,-357],[-1067,336],[-722,575],[-2168,2751],[-659,985],[-833,815],[-514,-113],[554,-1278],[-602,-780],[-1788,186],[-777,-298],[-879,-782],[-767,729],[-841,400],[-1538,1311],[-1531,636],[-777,670],[-1519,911],[-640,-1613],[-4021,-5416],[23,-1025],[-376,-896],[138,-875],[-603,-654],[222,-1709],[619,-707],[230,-1217],[-2202,-2919],[1470,-2053],[342,-1527],[816,-1123],[1539,-435],[1933,611],[606,-457],[1773,-2037],[1813,-1650],[2487,-1458],[1895,-923],[168,-3277],[-309,-764],[-1518,121],[-1190,-570],[-1113,309],[-798,-223],[-1222,-976],[721,-1627],[308,-1416],[215,-1889],[-513,-1932],[-1008,-1101],[-1091,-907],[961,-1872],[-938,-1992],[-457,-1889],[573,-1030],[-1,-1738],[-718,-962],[-566,-1735],[-121,-1242],[167,-1223],[815,-606],[2450,-2643],[644,-868],[199,-2242],[-303,-932],[-209,-1551],[-968,-518],[-484,-1314],[-352,-2578],[-387,-1261],[-475,-757],[308,-1082],[-187,-1546],[133,-522],[-269,-1579],[-943,-2448],[-1113,-1910],[-1176,-882],[-877,-289],[-934,94],[-1213,-375],[-1443,516],[-926,1197],[-1599,-564],[-984,218],[-1300,-1615],[-658,-162],[-411,-517],[-1252,-859],[-1902,-496],[-1541,96],[-1336,1792],[-904,-938],[-1066,-360],[-1119,356],[-1653,1222],[-2012,-651],[-1118,164],[-1939,1575],[-423,1379],[-754,579],[-1413,62],[-1487,-144],[-1143,-546],[-397,65],[-1017,1076],[-678,202],[-2254,-963],[-498,682],[-611,1369],[249,471],[130,1812],[275,1446],[905,1438],[206,944],[-164,1768],[85,1987],[-435,1206],[-11,1172],[-421,1511],[-2076,3538],[-309,800],[-882,1206],[-235,875],[-679,-396],[-65,-761],[-495,-983],[-465,-339],[-2019,-2115],[-1406,-560],[-1741,-1848],[-865,-456],[-456,-913],[-406,-1709]],[[847224,614764],[1110,-706],[866,42],[1813,395],[2255,-2664],[-465,-794],[-277,-1564],[-981,195],[-1557,-1064],[-395,-446],[-1625,864],[-956,101],[-671,-649],[-544,-109],[-763,596],[-1058,387],[-986,113],[-237,-1011],[1177,-1766],[-79,-380],[-1620,-2478],[746,-1486],[-50,-917],[1265,-634],[589,-564],[1017,-1523],[431,-1851],[96,-1303],[1301,-1604],[-286,-1270],[364,-820],[-865,-1726],[573,-810],[92,-968],[428,-573],[659,-59],[603,-597],[658,-1541],[1187,-681],[1519,-1224],[2048,917],[774,603],[861,269],[498,674],[3347,-2012],[830,710],[847,170],[1029,538],[685,1469],[504,568],[1078,568],[985,-957],[684,-945],[2019,-552],[1311,112],[1025,-1573],[1708,-961],[1768,-685],[1427,-863],[717,-994],[-677,-1216],[593,-897],[331,-1072],[-230,-2132],[138,-585],[-679,-858],[-1384,-785],[536,-809],[191,-2130],[-633,-1007],[1080,-837],[1336,-1704],[1033,-597],[711,-3119],[528,-323],[1058,-28],[1515,461],[1578,-780],[-248,-902],[-929,-991],[557,-2800],[528,-364],[1762,-1824],[259,-2558],[1906,-419],[562,-456],[756,-1307],[376,-172],[1483,54],[931,-384],[1253,187],[998,-401],[1137,-203],[2914,410],[1221,-109],[729,-328],[1236,164],[530,-665],[547,-4456],[737,-704],[738,-1180],[1705,-804],[501,-596],[-2093,-2273],[314,-2530],[497,-862],[352,-1229],[-342,-995],[-590,-595],[-2099,-945],[-1307,-349],[699,-1268],[630,-623],[7,-1509],[-180,-913],[-675,-1495],[1358,-980],[13,-1497],[-649,-1072],[800,-1214],[1929,160],[482,-247],[1232,-1480],[576,-1274],[845,-77],[2202,376],[779,-424],[524,-735],[1659,-3260],[-203,-843],[-611,-926],[36,-627],[1127,-1759],[261,-811],[-765,-1513],[-427,-1982],[-1462,-1853],[-98,-586],[329,-1125],[-674,-1710],[646,-537],[1416,-428],[275,-1374],[-386,-1204],[86,-551],[1728,-223],[1190,-982],[-414,-1163],[254,-520],[1019,-396],[685,-618],[-385,-1424],[142,-551],[1817,-107],[155,-928],[657,-682],[134,-2496],[1593,-1338],[1431,29],[618,502],[793,1437],[1588,1227],[2555,-255],[778,-311],[-279,-1341],[213,-301],[1617,-336],[597,-1019],[-290,-1666],[-666,-1112],[70,-569],[965,-1070],[1079,-42],[1295,-1088],[759,-214],[450,-518],[109,-1091],[745,-143],[985,524],[1469,-630],[897,120],[-249,-860],[196,-1126],[832,-2002],[964,-735],[-725,-1725],[79,-243],[1707,-588],[152,-430],[-493,-1275],[-1326,-1067],[-523,-669],[-493,-1487],[1121,-593],[-229,-2295],[499,-1291],[498,-589],[961,-178]],[[796402,384028],[-1584,-2503],[-604,-420],[614,-1011],[-17,-1121],[-976,-705],[-1012,-1434],[-1979,-1008],[-1089,-217],[-677,-530],[-1156,36],[-1237,-1015],[-738,-846],[-1363,-347],[-600,-914],[-288,-1234],[-893,-992],[-527,-54],[-1207,-2851],[-502,-858],[-35,-1230],[-827,-1398],[-105,-1159],[842,-1488],[-174,-454],[183,-1056],[-156,-655],[265,-1357],[371,-451],[-151,-1494],[-1384,-1601],[-1235,-2440],[-2364,-2065],[-24,-1242],[-416,-339],[22,-923],[-606,-559],[-581,-2203],[-526,-557],[21,-755],[-778,-1416],[-1052,-1167],[-1519,-1070],[-1749,-1805],[-1196,-593],[-1558,-1467],[-942,-291],[-1128,-1062],[-442,-740],[-1084,-660],[-328,-906],[-1036,-577],[-424,-1074],[-727,-1110],[-69,-1476],[408,-1188],[-266,-1009],[39,-1040],[517,-735],[-236,-655],[-857,-1197],[183,-972],[820,-532],[672,-29],[633,-695],[505,4],[827,607],[1366,2],[373,649],[1451,140],[1001,-375],[821,189],[1436,-6],[802,317],[1056,-648],[489,41],[1356,-993],[578,-32],[1892,-1582],[789,-383],[1252,-158],[909,324],[698,-218],[2574,-35],[1492,-1219],[825,-366],[1377,-120],[1883,-1638],[746,-127],[1587,-765],[2137,-1480],[980,309],[892,-238],[725,309],[494,-376],[652,385],[875,-392],[1272,-272],[339,-560],[850,-526],[1219,243],[998,-175],[1106,451],[1297,-276],[863,-565],[1831,96],[849,799],[2368,-776],[819,-937],[405,-1484],[-189,-1512],[213,-837],[-883,-2202],[44,-2113],[-377,-1176],[69,-804],[-508,-1783],[239,-1640],[-373,-483],[-967,-2495],[-1040,-1711],[86,-920],[-154,-3415],[-457,-685],[1003,-2562],[-246,-853],[640,-2149],[260,-1265],[407,-571],[1332,-1137],[-229,-915],[177,-655],[-198,-2492],[105,-1168],[675,-1369],[-284,-1264],[-780,-1910],[-878,-1049],[-2151,-1493],[-813,-732],[-334,-1137],[52,-2522],[-713,-1784],[-1367,-1259],[-757,-1271],[-125,-2097]],[[802103,253825],[-191,-36],[-1444,-340],[-1394,637],[-2001,96],[-807,-631],[-928,-289],[-991,26],[-1328,-217],[-744,-483],[-1625,-527],[-589,225],[-329,1347],[-677,608],[-980,491],[-2054,1901],[68,1126],[-142,1696],[-1313,2176],[-218,711],[-1134,475],[-1404,1921],[-1476,1459],[-918,1132],[-1160,662],[-474,806],[-452,2120],[-1336,-436],[-1821,-1246],[-614,-903],[-1415,1562],[-2705,863],[-2043,22],[-1615,437],[-917,-130],[-1156,844],[-1457,1298],[-918,590],[-1548,220],[-2380,-397],[-991,-691],[-979,646],[-2904,2940],[-1380,393],[-1072,-151],[-2224,1245],[-864,679],[-818,-113],[-1646,-850],[-1419,379],[-2030,-854],[-1293,583],[-819,725],[-229,1640],[-501,864],[-1369,998],[-701,1836],[-846,380],[-46,1657],[-2171,-210],[-1200,455],[-1475,1095],[-663,107],[-457,1768],[-1011,565]],[[764776,408919],[506,-722],[1582,-871],[994,-1009],[1515,-467],[1183,-1044],[573,-1297],[684,-639],[664,-1856],[239,-2059],[273,-640],[1939,-443],[724,-535],[2597,-1224],[1834,-39],[1066,-664],[2965,-506],[856,-1814],[533,-521],[2389,-1028],[476,-5],[1595,-890],[793,-198],[1067,-1887],[1194,-1066],[891,-1149],[742,-349],[541,-1153],[1211,-816]],[[538445,425862],[1235,-87],[1642,-496],[930,-1771],[697,-383],[472,-743],[202,-1000],[919,-848],[630,-1480],[2138,-1517],[1519,-289],[458,-321],[1475,-2576],[589,-838],[847,-167],[1006,558],[2475,749],[747,-359],[815,-975],[521,-1284],[903,-1673],[334,-1611],[2389,-1043],[1381,-459],[986,-612],[1005,-897],[715,-899],[1010,-621],[1142,-1862],[810,-149],[415,1310],[1944,1594],[1234,563],[3752,-716],[742,-69],[1454,229],[1566,-171],[1486,724],[927,-165],[1934,-1294],[1176,141],[1246,674],[742,-36],[1499,-430],[2855,-986],[459,-1872],[2661,-2253],[1632,-1007],[2146,-1615],[395,-694],[670,-1811],[1525,336],[1401,1519],[496,963],[1321,1314],[980,684],[1536,770],[1403,-293],[818,-616],[735,-1777],[1285,-1618],[804,-544],[659,-98],[1606,230],[1722,-579],[766,-1685],[50,-1073],[830,-589],[1386,-11],[1166,-592],[1502,-1373],[1021,-414],[1078,-971]],[[605355,355243],[-813,-288],[-1068,443],[-1246,777],[-1163,228],[-560,489],[-885,218],[-2196,-712],[-847,768],[-642,1455],[-987,646],[-939,-146],[-963,780],[-1210,448]],[[591836,360349],[652,229],[-896,1444],[-2218,1654],[-2437,928],[-2094,1132],[-1564,518],[-1109,665],[-1254,-375],[-765,162],[-2843,2137],[-322,418],[-1035,500],[-2634,399],[-756,298],[-790,654],[-1503,-688],[-1216,-165],[-2462,1092],[-1390,371],[-2596,-69],[-530,-239],[-840,570],[-2086,-74],[-1928,-591],[-1279,-991],[-392,-838],[90,-1084],[-371,-698],[-1057,-745],[-2411,-906],[-933,-56],[5,-934],[-848,-1951],[-1619,-2141],[-911,-531],[-1661,-115],[-1724,1103],[-637,-562],[-2238,-333],[-776,22],[-1119,759],[-793,244],[-1790,1802],[-699,1147],[-1364,231],[-1762,657],[-1203,823],[-1744,512],[-1284,-335],[-1178,51],[-2237,-396]],[[525285,366054],[-541,673],[-320,1404],[-174,2252],[-1080,1867],[-336,318],[250,871],[1831,2701],[432,1691],[18,3558],[904,849],[831,372],[57,1050],[596,1467],[189,1790],[72,2623],[110,458],[-614,1384],[-458,1755],[429,1552],[-46,1162],[-376,493],[159,1068],[572,1184],[624,663],[544,1430],[-120,2323],[877,1464],[396,2243]],[[847224,614764],[-1390,-51],[-1376,-890],[-1011,17],[-691,-338],[-587,-1035],[-1946,-514],[-1609,156],[-1943,-176],[-1088,-598],[-1178,-982],[-829,-71],[-1555,-1392],[-531,-271],[-733,-1021],[-1544,-1256],[31,-766],[-870,-1036],[-902,-364],[-86,-464],[-1702,-1728],[-681,-1327],[-795,-630],[-295,-1620],[-642,-1349],[-870,-1402],[-562,-1449],[-798,-856],[-1590,-779],[-783,-962],[-1148,-863],[-1020,-361],[-2136,-1583],[-1826,-1170],[-1277,-1528],[-422,-1860],[-771,-865],[-1767,-714],[-606,-604],[-2461,-1037],[-598,-904],[-658,-105],[-1362,260],[-1712,-413],[-425,-545],[-1882,-474],[-2209,-2312],[438,-956],[664,394],[1910,150],[928,-352],[1578,-1901],[105,-835],[1230,-1345],[709,141],[1550,-1207],[1283,-1249],[634,-855],[571,-1679],[703,-1178],[371,-1427],[495,-1026],[143,-1359],[589,-1149],[-9,-1554],[994,-970],[955,-1341],[489,-261],[354,-1528],[-810,-1854],[65,-341],[1107,-986],[2220,-1362],[1321,-1909],[1031,-1799],[1112,-416],[1358,-1091],[655,-1649],[985,-999],[1667,-1089],[605,-614],[1987,-1405],[1246,-491],[1888,-1211],[563,-131],[1456,-1079],[1158,-1375],[933,-477],[183,-634],[1476,-2386],[1118,-1487],[596,-485],[2104,-904],[1326,-2486],[-391,-1477],[316,-827],[826,-575],[585,-1002],[-559,-857],[373,-1101],[559,-654],[944,-517],[578,-772],[79,-1356],[-2277,-2079],[-496,-1140],[-1043,-1308],[-490,619],[-652,-878],[-2464,-1515],[-2913,-333],[-168,-649],[-1816,-852],[-1163,-981],[-752,-341],[-1404,359],[-542,634],[-26,548],[-746,420],[-1082,-164],[-1404,549],[-1165,104],[-1384,706],[80,-738],[-200,-1545],[-551,-1369],[-1663,-1085],[-484,-944],[633,-1203],[608,-678],[44,-1040],[329,-825],[-962,-1250],[-578,-451],[-99,-605],[-714,-1179],[-1278,-625],[-932,-1540],[-118,-1712],[-1018,-1562],[-1125,-848],[805,-2029],[50,-1040],[-758,-957],[-452,-920],[174,-1845],[381,-1418],[348,-456],[-97,-1556],[349,-1496],[394,-937],[727,-868],[1224,-1043],[657,-1595],[-1163,-1087],[-205,-816],[-608,-544],[-1135,-428],[-155,-1076],[-671,-689],[-976,-470],[-1056,-883],[-1072,-340],[-3422,868],[-491,1],[-2782,-1524],[-527,-563],[-1664,-613],[-1046,-1075],[-467,347],[-1463,320],[-696,920],[-925,292],[-548,1057],[-1056,1088],[-1001,679],[-1879,636],[-2551,612],[-1508,194],[-1173,-261],[-1738,633],[-1015,-29],[-1192,-287],[-111,-355],[752,-2460],[464,-699],[1838,-1247],[590,-1236],[-681,-1508],[-301,-1145],[123,-1237],[-275,-580],[-1102,-1010],[-2141,-363],[-1361,-860],[-581,-633],[-439,-1560],[1096,-1747],[-1,-914],[316,-928],[-79,-1844],[301,-1487],[-68,-1066],[-474,-1476],[1378,-1821],[130,-1152],[591,-999],[771,-862],[659,-1526],[-815,-835],[14,-1271],[-449,-1595],[280,-482],[1851,-2052],[-182,-1002],[615,-2448],[733,-1043],[-1365,-1104],[-1173,-103],[-679,-913],[-513,-257],[-1514,-249],[-1653,-840],[-1128,-1813],[-886,-1054],[-449,-1289],[-1901,-738],[266,-1975],[-388,-888],[-1414,-884],[-1053,-64],[-632,-381],[-2197,-879],[-141,-236],[463,-1508],[-478,-1337],[-1000,-1111],[-521,-1042],[-671,-607],[-833,-215],[-1610,-1494],[-530,-1206]],[[764776,408919],[-3026,-3168],[-2289,-837]],[[658870,425314],[796,1893],[324,398],[-68,957],[343,2191],[891,920],[451,759],[284,1819],[-240,2416],[75,1757],[605,1605],[73,1152],[-474,2477],[477,1264],[439,1706],[-245,2210],[-1482,1659],[161,1644],[-192,1773],[-463,1114],[-1137,1469],[-161,621],[-736,1030],[-1183,1124],[-981,680],[-834,1621],[-2056,2358],[966,478],[984,1200],[2550,479],[849,785],[1537,768],[1264,311],[1486,132],[2191,-111],[1085,168],[1948,985],[1048,65],[-777,1231],[-723,2364],[280,1653],[-1038,921],[-1952,2326],[-281,926],[668,2408],[-318,1200],[-932,1098],[-121,895],[200,895],[768,1094],[723,601],[1414,597],[1126,167],[874,358],[612,1134],[1450,899],[910,979],[305,923],[-142,1622],[-545,1295],[-610,841],[-216,978],[-26,1766],[-523,1275],[-241,1984],[-924,1151],[-1449,2768],[-1655,490],[-1882,1297],[-1286,2442],[-758,666],[-746,1303],[-1327,1022],[80,957],[709,740],[940,1391],[1136,1360],[-415,1541],[376,1229],[1108,2233],[775,1145],[926,922],[827,1435],[-549,478],[7,546],[663,2040],[106,715],[-390,1324],[-551,886],[-823,836],[-1766,308],[-2868,-733],[-925,118],[-1326,576],[-520,457],[-1168,2064],[-147,1621],[-2583,227],[-680,659],[-380,1018],[-1106,1753],[-623,335],[-2646,-235],[-1440,332],[-1280,978],[-830,1134],[-1660,545],[-2218,924],[-1441,-125],[-298,195],[-1655,3492],[-43,634],[397,2069],[-198,1360]],[[683987,667545],[1519,-291],[1407,241],[1343,917],[2199,-821],[754,33],[1097,-980],[2529,-540],[552,-834],[1036,-27],[2825,746],[1667,1204],[922,982],[716,371],[1740,-203],[1581,491],[472,917],[157,2126],[1356,825],[2440,478],[1766,-700],[2038,-279],[1248,971],[1182,1654],[1704,-161],[1206,-1321],[1462,-1052],[939,809],[1910,875],[382,-129],[643,-1186],[1117,-1253],[1033,-1650],[1444,-798],[565,-638],[-321,-1884],[-1058,-1222],[-139,-1510],[-1259,-3047],[2180,-389],[305,-2050],[1404,-1298],[820,-406],[758,-894],[541,-166],[2916,95],[1937,738],[152,799],[907,490],[894,138],[2026,-48],[756,402],[1226,-20],[1463,-1418],[504,-694],[1647,654],[1642,-122],[471,364],[563,1099],[931,771],[879,1244],[1264,-2556],[799,-760],[100,-1953],[1777,-613],[846,-717],[-225,-1464],[196,-1517],[1061,-163],[2090,931],[1452,784],[1468,-2052],[501,-1196],[30,-1236],[366,-378],[650,-2287],[236,-2279],[415,-830],[2546,-439],[1614,-1363],[906,-27],[1880,345],[1318,-695],[231,-3209],[-289,-1024],[857,-924],[556,-1313],[8,-530],[3491,-972],[1199,-560],[770,-1268],[804,-360],[1937,1382],[-730,1128],[60,1352],[1236,477],[830,29],[2219,758],[513,1010],[1032,739],[1172,-665],[809,27],[1208,-362],[919,139],[145,2234],[-19,1428],[232,551],[1041,1109],[844,-540],[887,-1469],[923,-1042],[876,-657],[587,-965],[733,1133],[868,877],[2344,1032],[1312,-1005],[1518,574],[1545,-716],[1400,-974],[1582,-714],[950,-645],[269,-535],[-509,-1005],[-110,-1901],[-638,-917],[-716,-1738],[125,-643],[-466,-1507],[13,-724],[569,-69],[1270,-862],[954,562],[757,4],[2523,-1474],[935,-10],[1746,804],[1750,1046],[408,435],[135,1476],[-262,1007],[-657,1104],[704,1341],[1166,-151],[646,685],[1381,538],[920,-2157],[1401,525],[1653,-115],[2016,-643],[1862,-86],[25,-1733],[-661,-1701],[164,-1164],[-132,-778],[-701,-1743],[385,-368],[3180,-1820],[1988,-1244],[570,-506],[370,-1073],[3051,-106],[675,274],[1657,-668],[1609,362],[3010,-125],[678,159],[105,-1426],[295,-487],[1595,-1009],[543,-618]],[[759461,404914],[-569,-703],[-762,-1704],[-157,-2228],[-364,-574],[533,-2375],[15,-2338],[377,-584],[-504,-782],[-143,-1602],[535,-877],[-666,-812],[-484,-1050],[-2284,-3321],[-181,-565],[305,-1619],[625,-2387],[-233,-1951],[634,-951],[903,-246],[-26,-1447],[543,-1317],[183,-1215],[-537,-1330],[-413,-521],[-1753,-715],[-939,644],[-1217,-150],[-1369,423],[-478,418],[-212,-1599],[-1564,413],[-1385,12],[-2612,-722],[-1116,299],[-1377,-655],[-1557,161],[-1962,791],[-1036,183],[-2326,1321],[-1379,1991],[-806,-1350],[-1032,-1301],[-544,-1032],[856,-521],[697,-2571],[-370,-1264],[-42,-1965],[195,-898],[-146,-706],[-1151,-1041],[109,-886],[1047,-1023],[179,-538],[181,-2229],[-972,-958],[-511,71],[-827,970],[-776,-108],[-1463,-984],[28,-965],[-357,-1963],[10,-703],[386,-2220],[-590,-2471],[72,-567],[-642,-1115],[-460,-1464],[-1129,-788],[-1326,-1612],[-691,-1083],[-425,-1647],[323,-1200],[-364,-1856],[1247,785],[1594,366],[1343,-177],[1168,-600],[-149,-1318],[-638,-1433],[-784,-1335],[-141,-1342],[424,-1889],[-306,-1723],[479,-1415],[201,-1580],[-471,-1447],[-894,-2094],[-4,-489],[920,-1173],[324,-709],[574,-2373],[855,-2176],[484,-4277],[-30,-1065],[691,-3288],[71,-1089],[-165,-1845],[171,-1770],[-302,-1435],[-1998,-2224],[-839,-1417],[-763,-578],[231,-689],[-372,-714],[-280,-1912],[124,-701],[1161,-1442],[471,-947]],[[728365,289727],[-1278,-723],[-909,-88],[-1393,359],[-543,-261],[-2070,-141],[-1550,222],[-787,540],[-2345,1150],[-2691,-166],[-569,330],[-1444,238],[-411,-1217],[-1242,-290],[-855,-1509],[-912,-274],[-1217,820],[-1568,-385],[-1530,516],[-1640,1499],[-1008,251],[-1366,75],[-1827,1285],[-989,-144],[-588,-817],[-2375,281],[-1102,-145],[-1340,-1367],[-1434,-927],[-1594,-201],[-716,316],[-410,909],[-1123,904],[-683,70],[-780,-582],[-1442,201],[-2253,-45],[-943,-284],[-1166,613],[-1169,-1139],[-1748,-1077],[-996,-468],[-835,-892],[-577,-88],[-1258,-1007],[-938,382],[-1283,-725],[-536,562],[-1693,269],[-1545,1006],[-627,16],[-1186,-1984],[-1034,-668],[-1649,-1557],[-1322,-2088],[-606,-521],[-830,2224],[-1278,1078],[-265,1636],[-969,564],[-764,1975],[-616,942],[-1362,1192],[-1017,2223],[-75,721],[-1020,1606],[-201,1494],[-513,698],[-1282,91],[-819,853],[-2571,-116],[-1022,-610],[-700,749],[-294,753],[-1687,17],[-2617,761],[-1469,1110],[-1285,253],[-912,1411],[-736,709],[-129,702],[-1075,818],[-485,783]],[[635277,305398],[320,1203],[94,1138],[574,843],[-21,2004],[330,983],[224,1755],[-309,1306],[-539,831],[-947,-595],[-1182,113],[-296,785],[889,2568],[716,955],[1849,2074]],[[712272,382252],[472,674],[1394,363],[1200,516],[882,709],[749,174],[1755,1],[1347,-322],[1166,542],[1792,1516],[1010,-124],[1283,325],[857,521],[2172,655],[517,3016],[463,1406],[-389,913],[7,1609],[1373,3330],[2113,1137],[672,2334],[660,595],[1088,1828],[133,646],[985,1283],[154,612],[1738,588],[3402,528],[1642,1123],[1714,438],[1572,1252],[1107,-3],[3143,-1151],[1825,-1255],[2152,70],[2701,-2283],[2338,-904]],[[712272,382252],[514,-1643],[664,-996],[153,-1229],[-387,-2400],[-31,-1338],[197,-839],[-286,-866],[-714,-3137],[-1125,-1546],[-300,-841],[-1463,-2462],[-526,-1347],[-385,-1741],[-528,-377],[-705,-1196],[-146,-733],[-1379,-1756],[-780,-1252],[-646,-554],[-479,-952],[-753,-580],[-581,-47],[-1025,-1578],[-2748,667],[-657,862],[-1192,299],[-762,951],[-840,400],[-1445,-40],[-1975,-832],[-1407,511],[-1112,1415],[-1640,470],[-311,954],[-512,435],[-1412,397],[-1106,2648],[-1699,622],[-1316,847],[-1037,-5],[-874,266],[-535,879],[-727,663],[-1135,-439],[-1299,-1379],[-1053,-689],[-406,-600],[-666,-1629],[-1580,-1746],[-825,63],[-2388,-503],[-1733,-769],[-1227,-811],[-715,-122],[-2634,-2365],[-942,-1265],[-2281,-2248],[232,-1799],[367,-902],[-136,-895],[711,-1463],[2263,-1855],[222,-649],[-393,-708],[-5,-764],[-397,-2102],[-1095,-848],[-600,-1287],[-1168,-1268],[-342,-2374],[262,-1409],[-118,-1896],[-607,-1708],[-1428,-1527],[-1150,-731],[-896,42],[-1231,432],[-539,-138],[-1209,-1635],[-2682,-152],[-1338,-959],[-1272,-480],[-443,-455],[211,-729],[-1106,-980],[-1366,-289],[-1807,-990],[-925,-19],[-1260,-701],[-1478,758],[-1668,1092]],[[636979,321361],[-273,2143],[80,1090],[-240,487],[-1863,1431],[-1443,441],[-1364,1500],[-608,1587],[-43,1942],[-2423,3523],[-509,1557],[-729,1601],[-1330,1800],[-1004,3225],[-281,2174],[-408,1285],[139,1186],[-1991,194],[-1576,336],[-662,-27],[-1009,482],[-1989,-833],[-2614,-12],[-1067,639],[-806,918],[-2116,2046],[-2380,1155],[-2040,1178],[-1075,834]],[[605355,355243],[490,46],[2257,-1083],[1647,114],[1356,-332],[688,242],[800,2470],[-105,911],[-962,1465],[-29,492],[-1565,1434],[-1592,1796],[-902,555],[-1678,1800],[-644,1632],[390,1184],[912,872],[412,2377],[-47,532],[-1038,2238],[851,1031],[500,933],[615,478],[1499,621],[926,856],[1010,1476],[508,1084],[3052,1229],[1518,973],[3624,1116],[794,390],[2554,2600],[266,1133]],[[623462,387908],[175,600],[948,1310],[286,679],[-131,1174],[-1142,2368],[-330,2173],[-442,866],[-636,2350],[971,1771],[-64,974],[283,1933],[509,2206],[710,1149],[2380,549],[1439,526],[1419,977],[650,228],[1428,-401],[989,-492],[744,-3],[570,623],[1489,950],[1228,1569],[305,2033],[1191,1947],[616,2416],[21,1600],[553,187],[2791,259],[1827,992],[2544,538],[1158,974],[2082,1018],[851,236],[2369,173],[1446,-354],[397,250],[1548,195],[1624,932],[612,-69]],[[658870,425314],[-103,-2054],[1125,-2942],[1189,-1223],[1687,-2777],[271,-1595],[-110,-812],[667,-1038],[898,-1781],[2323,351],[1047,-464],[2363,40],[968,514],[1137,-494],[1761,-1143],[815,-1252],[-449,-1773],[1466,-1565],[454,-1225],[1286,-940],[438,-769],[220,-1725],[574,-1713],[1165,-861],[1095,-1960],[3585,-1371],[1559,-450],[1860,482],[2285,-389],[2564,247],[1649,-509],[964,282],[1109,-73],[2741,-1281],[2055,-708],[2374,-165],[1606,-353],[2133,83],[956,-513],[651,-610],[1458,-3003],[303,-1278],[529,-1046],[207,-1303],[307,-482],[220,-1421]],[[575014,475015],[-767,-485],[423,-1103],[893,84],[1781,-965],[389,-1175],[-726,-1406],[-1140,-667],[-436,-658],[639,-2002],[765,-293],[1718,-1526],[479,-1872],[304,-477],[190,-1606],[-507,-1114],[584,-1639],[654,-619],[977,-1595],[778,-418],[824,-883],[2260,-231],[1166,-642],[2268,-2470],[589,-373],[863,-52],[1310,-485],[969,-675],[953,-1572],[-359,-538],[-403,-1553],[-458,-847],[-132,-1389],[-973,-1311],[-576,-434],[-1201,-1888],[-1358,745],[-1071,-984],[-1351,-85],[-517,-521],[-852,-1395],[-1620,-739],[-1797,-234],[-1675,-397],[-931,-64],[-2171,300],[-1665,-133],[-804,-604],[-1870,-531],[-1454,-817],[-1835,-1269],[-1106,113],[-667,527],[-1885,820],[-1770,388],[-2149,116],[-2071,385],[-1091,-394],[-1276,-16],[-3166,911],[-334,342],[-2091,-476],[-564,-800],[-1703,-1683],[-2123,-282],[-2159,737],[-987,-55],[-1351,-1004],[-697,-1492],[-1960,-1610],[-997,-1137],[521,-2089],[-70,-847]],[[538445,425862],[-1813,-119],[-795,-664],[-1523,-120],[-916,97],[-1112,-274],[-649,-1363],[-41,-829],[462,-1806],[-487,-1053],[-784,-802],[827,-440],[819,-1246],[-394,-1138],[-84,-1278],[509,-1080],[-631,-2068],[-540,-397],[-42,-1704],[277,-1132],[-848,-769],[-569,-958]],[[530111,406719],[-2916,1437],[-1805,1033],[-533,552],[-770,-316],[-1157,310],[-1632,1527],[-724,92],[-2631,833],[-2324,1064],[-1625,-84],[-563,126],[-563,615],[-1927,1047],[-1763,-64],[-129,694],[-1438,400],[-2240,-115],[-819,-768],[-1870,267],[-980,-600],[-2051,-955],[-2389,-738],[-2054,382],[-923,814],[-235,540],[-1425,621],[-441,455],[-1017,346],[-1329,870],[-1016,220],[-3748,-1142],[-1250,-118],[-463,-409],[-474,1827],[-9,664],[-525,1303],[-1757,1291]],[[447229,471495],[787,744],[793,1164],[807,719],[782,1206],[324,1117],[1209,2002],[1241,1137],[-62,1355],[512,1686],[-720,1400],[-75,591],[503,439],[501,2533],[1049,479],[153,885],[518,746],[333,2030],[1209,557],[888,1416]],[[438075,514493],[-535,513],[-1188,582],[-159,1753],[-2348,2581],[-661,298],[-483,1033],[-798,-44],[-1493,880],[-3422,1092],[-789,419],[-1946,660]],[[584448,545378],[-408,-3360],[-1273,-2697],[-302,-1076],[-150,-2683],[-743,-1946],[-958,-1856],[691,-1754],[2653,-1251],[24,-516],[879,-1133],[240,-733],[641,-497],[2226,-651],[113,-1878],[602,-1164],[724,-914],[-368,-853],[-72,-3950],[1067,-1205],[299,-635],[313,-1859],[2452,-404],[328,-1178],[869,-1316],[629,-444],[1393,-1407],[-145,-964],[404,-4412],[-431,-989],[-409,-2642],[661,-1204],[-1166,-1275],[-1378,-777],[-1235,-1287],[-2072,-1024],[-1091,-671],[-2536,-416],[-261,-292],[-1943,-544],[-1026,-954],[-373,-795],[-1185,-1112],[-638,-1066],[-42,-813],[660,-2469],[-266,-1247],[197,-1648],[-1794,-2649],[-943,-782],[-1601,-918],[-631,-1118],[-2059,-935]],[[575014,475015],[-841,439],[-845,-100],[-983,-462],[-580,177],[-1322,-214],[-737,-1530],[-253,-2508],[-1927,107],[-601,752],[-183,876],[-973,-4],[-1704,-539],[-997,99],[-1601,-634],[-896,442],[-832,-343],[-1095,91],[-1067,342],[-857,-419],[-1585,-130],[-2114,-562],[-129,-422],[-982,-186],[-388,703],[-983,1007],[-1660,-1291],[-174,-601],[-1817,-1537],[-1584,-591],[-567,-425],[-1613,-651],[-1370,938],[-5980,840],[-1472,528],[-2150,-734],[-1527,-1369],[-3043,-472],[-1356,47],[-1435,-752],[-1122,-368],[-1046,-735],[-1346,767],[-1371,229],[-1327,-499],[-658,702],[-2917,853],[-569,843],[-1886,910],[-1514,919],[-430,1269],[-938,906],[-1009,587],[-1169,2412],[-1007,787],[-1132,1465],[152,1668],[-256,2128],[-799,1242],[-382,1682],[-888,1139],[-985,444],[-597,901],[-1502,1016],[-3511,713],[-575,420],[-3466,-2165],[-2078,-903],[-2805,-545],[-892,-360],[-1575,-1169],[-1238,-584],[-1473,-1066],[-1773,815],[-2355,2158],[-378,133],[-2093,3066],[-431,244],[-974,-72],[-1630,739],[-1188,1323],[-2205,96],[-1465,-287],[-2431,633],[-1440,744],[-1736,1513],[-388,115],[-570,967],[-134,736],[-1312,1574],[-1579,-1309],[-417,-1022]],[[457981,493701],[-1448,2405],[-841,792],[-1289,512],[-1875,1989],[-709,1355],[-549,1733],[-1,792],[-508,1117],[-937,1022],[-645,263],[-1030,-33],[-963,535],[-354,662],[-380,1428],[-1675,1477],[-827,1282],[-1466,914],[-539,148],[-1211,1552],[-580,336],[-2079,511]],[[438075,514493],[499,1078],[1601,310],[1017,-110],[1475,1014],[502,-365],[842,3242],[-319,1765],[-621,2599],[-125,2194],[-1271,3105],[-454,641],[-176,1336],[-752,2154],[-273,1408],[-432,804],[1395,23],[299,1987],[-201,835],[171,3292],[495,646],[148,904],[-643,2033],[127,2087]],[[424253,524260],[-622,-1299],[1014,-1640],[-371,-2188],[615,-1936],[927,-1133],[-268,-988],[66,-1903],[-1058,-154],[-2122,-783],[-529,-328],[-3492,-1690],[-862,-1795],[-282,-987],[-807,-955],[-1655,-907],[-1330,-2683],[-182,-1249],[-392,-1326],[-530,-939],[-81,-1192],[-937,-1823],[-473,-439],[-225,-1250]],[[392191,487043],[-162,985],[-765,1569],[-1400,1267],[-571,716],[-128,1491],[-1707,1196],[-714,-42],[-961,761],[-913,1221],[-948,299],[-749,-502],[-1899,193],[-846,548],[-1592,-272],[-855,109],[-1133,-482],[-1162,589],[-918,-352],[-764,247],[-1781,-307],[-761,1561],[-600,504],[-458,973],[88,797],[742,934],[-319,1228],[366,816],[453,2085],[29,1794],[-1182,666],[-171,957],[-669,-291],[-1340,65],[-1687,-1285],[-531,-158],[-902,342],[-736,1157],[-261,1406],[-580,263],[-1271,1704],[-896,932],[-587,307],[-1008,-27],[-1157,592],[-1439,93],[-1557,-106],[-2182,779],[-1597,-468],[-411,191]],[[351595,537649],[874,-75],[369,307],[1222,277],[2156,23],[192,1948],[973,1582],[1677,175],[1210,601],[1570,-359],[776,288],[577,-846],[1030,35],[807,-506],[678,-1118],[985,-436],[809,-1061],[588,-333],[1000,-2032],[689,-590],[1670,-428],[-657,-1676],[2212,-1573],[1212,-217],[366,-1480],[685,-1149],[756,351],[827,-127],[858,280],[1557,-969],[652,-590],[1166,-9],[810,-1143],[830,120],[789,-683],[1894,-77],[621,-552],[800,-79],[1412,-701],[438,-486],[463,-1159],[2313,-616],[724,10],[1774,397],[785,-817],[524,139],[1590,1782],[688,942],[1847,1435],[522,1477],[1133,2015],[628,357],[27,738],[528,690],[1433,-611],[1025,2502],[401,454],[1206,-90],[858,605],[1497,748],[2282,-568],[2261,169],[1036,-327],[430,-1370],[799,-1166],[1249,-811],[620,-916],[2020,-686],[2280,-572],[1033,-1767],[-130,-474],[435,-1098],[1297,-1493]],[[447229,471495],[1908,-1169],[84,-687],[535,-951],[537,-381],[120,-965],[717,-238],[912,-882],[1596,66],[664,-210],[695,-1658],[915,-385],[-49,-420],[428,-2175],[1285,-501],[620,-493],[854,-134],[1166,-883],[-292,-1804],[144,-1788],[685,-1587],[445,-1626],[87,-2700],[259,-767],[1207,-1358],[2316,-1127],[692,-205],[1156,158],[1074,-1002],[165,-484],[-641,-886],[-153,-783],[-910,-1734],[221,-785],[956,-1129],[15,-912],[310,-1541],[-12,-1173],[646,-633],[3364,-132],[893,134],[-133,-1578],[474,-526],[2851,-21],[1714,-278],[1018,-636],[-695,-1058],[-719,-1611],[-19,-1494],[178,-818],[787,-1417],[1435,-1216],[65,-636],[-817,-1865],[258,-493],[1356,-1178]],[[480596,420740],[-1989,-1862],[-1368,-572],[-1715,-229],[252,-2755],[1111,-953],[-2283,-2397],[-2932,1053],[-2884,-2424],[-1851,-582],[-1350,-732],[-1040,156],[-860,1358],[-1200,374],[-1404,-443],[26,-2515],[-653,-2246],[-874,-712],[-459,-766],[-1979,-628],[-1247,-854],[-1607,680],[-907,732],[-549,-549],[-816,-39],[-7,-710],[377,-2195],[537,-776],[-1427,-2092],[-532,-1211],[-1309,-142],[-1289,-1094],[-542,-1054],[-630,-560],[-1537,-453],[-249,-623],[-1005,-1013],[-1154,1469],[-1583,197],[-457,546],[-284,1159],[-1129,-29],[-371,-328],[-46,-1606],[-1535,-1682],[-1400,-967],[-711,-1307],[-162,-929],[-704,-541],[-1445,78],[-171,-1273],[-951,-769],[341,-909],[-95,-981],[313,-1189],[-516,-225],[-391,-1156],[-194,-1758],[117,-639],[-849,-387],[-1410,-101],[-746,148],[-340,-979],[-1840,-900],[-1004,-1928],[-604,-428],[-776,-2466],[-433,-507],[-1639,323],[-722,-708],[45,-1077],[-504,-1607],[22,-595],[881,-1706],[670,-2317],[730,-1008]],[[423358,362830],[-744,-784],[-819,-184],[-709,185],[-1458,-1080],[-1774,-562],[-1358,-1051],[-448,-901],[-1369,-511],[-320,-577],[-702,-323],[-348,-1912],[-675,-1125],[217,-455],[-2034,-4],[-1897,-472],[-1202,-669],[-1156,-1068]],[[406562,351337],[-826,159],[-1593,790],[-577,807],[-1007,533],[-1698,40],[-818,893],[-1093,786],[-900,117],[-2076,871],[-337,356],[-1029,2111],[-1157,1290],[50,701],[505,1240],[-89,932],[-469,326],[-480,1195],[332,329],[690,1485],[-1279,1287],[10,697],[-588,807],[-243,1180],[-1032,590],[-937,1215],[-1020,659],[-948,216],[-693,882],[-2114,621],[-1519,683],[-567,1461],[-1212,1177]],[[391192,485828],[999,1215]],[[392191,487043],[1338,850],[773,125],[1465,899],[970,1046],[2360,-438],[4105,-242],[1909,0],[1730,2449],[1330,1116],[584,92],[1266,805],[636,928]],[[410657,494673],[1265,-1256],[-139,-1455],[1116,-1500],[101,-616],[838,-680],[1297,-1529],[755,-3847],[1349,-1999],[1111,-137],[2480,-2171],[1006,-560],[1279,-231],[1641,-1048],[1131,-1474],[1518,-179],[55,-972],[-1992,-698],[-592,-496],[1202,-1700],[961,-789],[673,-110],[1606,144],[884,410],[1831,114],[962,-159],[643,182],[1968,-491],[1335,633],[1681,-543],[2005,133],[2516,-471],[1415,534],[1980,-451],[691,234]],[[391192,485828],[-532,-1713],[-888,-1066],[-50,-786],[-488,-1831],[155,-549],[-330,-1330],[-724,-1205],[-288,-1929],[165,-888],[-593,-1206],[-89,-1188],[-638,-1368],[-341,-316],[-73,-1289],[540,-1127],[-58,-1273],[444,-1093],[482,-591],[819,-1664],[55,-2389],[998,-1811],[-1413,-1781],[170,-1007],[395,-682],[-398,-700],[914,-180],[495,-499],[1517,-443],[735,-844],[1382,-699],[350,-822],[556,-347],[608,384],[1020,-133],[799,306],[1244,-288],[356,-574],[1857,-1426],[203,-316],[-144,-1856],[-668,-1441],[-87,-2142],[226,-1877],[548,-1262],[1020,-520],[-363,-946],[-1491,-1461],[-1648,-1008],[-1534,-758],[-2427,-2090],[-1895,-1844],[-1152,-1499],[-617,-292],[-1136,-2223],[-1512,-2401],[-670,-1688],[-459,-1556],[-1441,-1615],[-647,-464],[-316,-1083],[-537,-924],[1602,-2111],[-114,-1684],[-475,-1508],[346,-2100],[-902,-1194],[128,-484],[-478,-1852],[-741,-915]],[[344393,453168],[513,892],[212,886],[724,1343],[1295,1515],[933,885],[2268,2590],[396,101],[1089,1260],[2999,2333],[1127,481],[1150,1175],[675,1263],[521,605],[954,574],[960,1245],[629,439],[738,954],[1939,785],[547,411],[41,827],[1108,640],[1630,1977],[1304,747],[157,749],[1185,1229],[1847,383],[754,295],[886,-178],[1911,1258],[1750,272],[1060,1527],[532,312],[734,1983],[1596,-190],[474,337],[931,56],[2124,1622],[848,119],[896,-476],[2643,-744],[1779,235],[940,-57]],[[262881,386603],[-1200,59],[-1594,-315],[-1045,-816],[-1723,-518],[-2376,-532],[-798,145],[-1447,-505],[-1524,-1262],[-1374,160],[-1543,-656],[-2456,78],[-1009,755],[-1428,390],[-2487,1594],[-829,-752],[-939,-1325],[-841,332],[-1186,-605],[-912,-1686],[-917,-883],[-662,-319]],[[234591,379942],[-593,-46],[-1012,1038],[-1868,1116],[-844,1581],[-1519,1126],[-1232,54],[-1539,1147],[-804,314],[-1449,-213],[-786,-457],[-775,-60],[-2422,1318],[-1366,1024],[-1247,-345],[-798,751],[-445,43]],[[215892,388333],[69,2052],[-129,1458],[-655,2101],[679,1936],[620,2162],[218,1447],[-150,2529],[254,1979],[581,2757],[715,1188],[1367,844],[1098,1640],[115,1191],[713,791],[-105,908],[330,678],[173,1815],[365,769]],[[263391,412050],[-1350,231],[-848,-982],[-977,707],[-689,100],[-639,-506],[-1819,744],[-1472,-87],[-579,562],[-1814,329],[-565,482],[-57,717],[-425,783],[-1714,378],[-616,-571],[-803,276],[-548,784],[-979,309],[-1536,-597],[-1110,101],[-1223,629],[-1011,118],[-1115,819],[-1395,-168],[-625,625],[-1195,135],[-1337,-678],[-2943,241],[-824,1447],[-441,369],[-1177,194],[-580,-717],[-6,-1230],[-612,-275],[-1178,879],[-834,1117],[-613,-434],[-412,1589],[-2261,-1932],[-1260,-73],[-768,-1108],[-891,-779]],[[222150,416578],[302,1894],[276,736],[-50,1079],[-920,1480],[445,1813],[3,707],[-576,162]],[[382964,406367],[898,-1193],[346,-1200],[27,-1074],[491,-1535],[-383,-1096],[102,-581],[-299,-1701],[-854,-769],[-1081,-164],[-183,-628],[49,-1901],[364,-509],[416,-1374],[759,-711],[102,-581],[-1207,-1816],[147,-804],[1288,-1271],[-371,-428],[-234,-998],[7,-1357],[-541,-884],[114,-594],[-208,-1492],[-527,-575],[220,-644],[-611,-1501],[53,-1213]],[[381848,377773],[-1437,470],[-788,-1880],[-153,-1431],[-662,-826],[-410,-1235],[-606,-1126],[-944,-553],[-1595,-480],[-1294,286],[-1277,-378],[-709,-794],[-118,-1074],[212,-940],[11,-1304],[-333,-476],[-2052,-1465],[-2046,-890],[-1729,-1108],[-1091,-966],[-615,-83],[-1150,-817],[-414,-1492],[-576,-744],[-908,103],[-2731,-730],[-772,40],[-1317,-376],[-1617,-919],[-1129,-145],[-1850,489],[-672,-412],[-1197,-291],[-1377,-1124],[-711,-111]],[[347791,354991],[-845,765],[-812,364],[-462,893],[-422,241],[-815,1578],[-609,61],[-1678,-1384],[-1594,-601],[-1142,-71],[-1286,218],[-1437,869],[-924,-259],[-886,-878],[-548,-937],[-453,-1260],[-386,-311],[-869,144],[-434,-305],[-960,-1549],[-1166,-470],[-640,100],[-1987,-151],[-1040,799],[-1990,-359],[-1822,290],[-1059,-212],[-597,309],[-504,740],[-835,1904],[-741,1044],[-994,-40],[-1437,383],[-2013,1202],[-480,90],[-1299,-665],[-987,-94],[-1155,618],[-51,460],[-817,746],[-325,1041],[-1729,1695],[-1125,526],[-714,1371],[-1349,915],[-164,515],[-2014,657],[-1289,1064],[496,1727],[-426,1252],[-818,247],[-339,624],[-1867,690],[-24,392],[-834,536],[-2499,258],[-966,-247],[-278,655],[-563,53],[-1663,-386],[-1764,-1145],[-782,-930],[-1317,-295],[-1260,-656],[-628,-545],[-765,692],[-1656,19]],[[282953,369988],[-632,868],[-1536,1380],[-591,991],[-1328,418],[-1585,718],[-899,-424],[-867,320],[-731,-691],[-1138,-151],[-1295,134],[-479,730],[246,411],[-55,2326],[-435,555],[-1180,767],[-723,215],[-1982,121]],[[267743,378676],[-507,153],[-261,943],[-544,1010],[-17,806],[-811,1251],[-712,471],[-1211,2481],[-799,812]],[[262881,386603],[1138,2041],[46,822],[431,1325],[308,2240],[-56,1662],[-404,267],[-672,1260],[-811,2818],[341,619],[668,2024],[-399,2130],[-508,686],[334,2726],[407,1137],[-155,1273],[-353,553],[424,1204],[-229,660]],[[263391,412050],[472,29],[955,-596],[440,-703],[873,-165],[1030,631],[874,122],[840,-436],[1037,488],[1697,-808],[334,-496],[1012,169],[1776,1009],[481,1033],[476,45],[1943,-411],[1265,103],[663,586],[1041,-55],[1613,548]],[[368425,413582],[1519,-946],[496,-574],[1004,-302],[637,183],[1165,-344],[1451,-777],[1561,-1335],[590,422],[1567,-1255],[1444,-444],[1359,-642],[518,-573],[1228,-628]],[[225698,434334],[-1258,-455],[-978,-1366],[-117,-806],[-1025,-2326],[135,-2384],[-459,-1788],[-366,-760]],[[221630,424449],[-2226,-2343],[-844,-322],[-1109,-1366],[-887,-269]],[[216564,420149],[-1325,580],[-3543,481],[-789,342],[-2050,1358],[-1820,810],[-806,910],[-1195,585],[-522,1424],[110,2472],[-2357,2170],[-851,539],[-1378,8],[-971,374],[-1045,-365],[-627,167],[-581,-789],[-1326,225],[-445,-158],[-3103,99],[-795,1354],[-229,1585],[-357,670],[-231,2428],[189,1477],[-1105,182],[-1383,916],[-452,720],[-195,1274],[1263,2374],[-75,636],[284,992],[-274,700],[-1144,1365],[-828,1330],[-303,2036],[-531,727],[-67,972],[569,1376],[698,2812],[202,1942],[-143,1458],[265,3035],[377,1076],[1273,1321],[471,1101],[536,422],[404,839],[1262,1110],[0,1139],[-546,470],[-572,1026],[-361,2283],[-368,971],[607,1033],[-48,1117],[-654,697],[-660,1289],[-1537,748],[-1047,-144],[-705,434],[-990,208],[-648,-229],[-869,1180],[-664,185],[-2115,2098],[1773,1305],[1205,351],[1017,918],[1859,811],[1417,3155],[1140,1681],[1866,1295],[1555,1641],[1416,2595],[400,1365],[-47,681],[380,679],[802,2271],[1155,-824],[532,208],[855,-483],[543,134],[667,1121],[1169,288],[977,-218]],[[283570,447296],[-1923,-1667],[-2237,-1191],[-1647,-549],[-596,-430],[-1262,-440],[-1483,-117],[-419,-320],[-1570,1075],[-2064,1646],[658,1201],[70,1449],[-176,885],[413,1800],[-356,2135],[-780,370],[-2288,274],[-553,584],[-724,-174],[-1817,-930],[-842,-130],[-1038,-598],[-523,-938],[-1942,-191],[-1299,-866],[-981,-1877],[-1394,-530],[-521,-669],[-721,-1610],[-583,-266],[-5,-941],[-1690,-1469],[-777,-130],[-2906,891],[-908,-331],[-774,340],[-1033,-146],[-127,893],[461,1545],[456,669],[329,1142],[981,1810],[1559,1268],[-579,542],[-777,4],[-1362,-732],[-905,140],[-1741,1153],[-1994,2164],[-1291,612],[-1417,1352],[-904,342],[-343,1508]],[[256126,504385],[606,658],[1606,833],[1509,-646],[3165,255],[579,692],[539,1446],[2158,1753],[1271,508],[3160,36],[1588,285],[1290,435],[1095,55],[1468,792],[1307,423],[2827,-519],[776,-30],[2162,2166],[335,1438]],[[351934,556740],[-794,-1749],[493,-2223],[-52,-1703],[-290,-1467],[-11,-1145],[444,-1528],[-657,-1184],[-139,-2151],[-287,-2073],[779,-1792],[310,-1676],[-135,-400]],[[351595,537649],[-273,-588],[-194,-1520],[-956,-839],[-628,-915],[107,-1479],[572,-689],[-50,-1966],[186,-771],[75,-1924],[-171,-783],[449,-397],[20,-1007],[-815,-2040],[90,-1144],[-205,-1713],[611,-1292],[416,-450],[775,-1999],[-340,-1145],[335,-900]],[[351599,514088],[327,-1408],[-273,-1329],[-872,-1717],[-815,-722],[-1688,-703],[-753,-805],[-1097,-576],[-480,-507],[-965,-227],[-1759,-8],[-369,-1791],[-719,-1531],[-1272,-1458],[-851,-422],[-561,-1698],[561,-2022],[-27,-638],[-547,-1108],[-537,-485],[-1250,-1907],[-2163,-1886],[-1077,-459],[-990,-1977],[-189,-995],[57,-2580],[-824,-932],[-1662,-294],[-1267,312],[-878,-79],[-872,449],[-1207,-186],[-811,323],[-659,-858],[-499,66],[-941,-448],[-88,-1161],[-262,-413],[-2158,-212],[-368,-1303],[-33,-1672],[-184,-374],[947,-3526],[412,-664],[-13,-2055],[288,-398],[1614,-832],[513,-82]],[[306381,460570],[-740,2628],[-416,548],[-1104,829],[-930,1043],[-417,1420],[-469,812],[-348,1427],[-1919,2362],[-2263,1253],[-450,656],[-969,33],[-1312,-586],[-1766,-501],[-355,399],[533,926],[246,1025],[3,1352],[193,878],[-6,1942],[-280,1857],[486,1093],[58,1651],[273,1067],[-386,849],[-70,1791],[-506,699],[-742,525],[-607,1615],[-327,287],[-839,-251],[-788,191],[-1113,-335],[-1287,564],[-551,1900],[-1541,504],[-806,630],[-282,793],[259,924],[-76,913],[-459,1243],[82,1025],[1808,1669],[-294,2340],[-353,1826],[254,2193],[-309,1071],[53,711],[667,1322],[-51,713],[-1160,2159],[-256,743],[610,1079],[-574,445],[-1218,143]],[[283567,514965],[354,1967],[1116,881],[807,1634],[-793,518],[233,1138],[-352,729],[-9,813],[-329,1127],[190,1894],[852,1220],[531,1393],[633,1050],[525,338],[375,1028],[-69,602],[302,1290],[569,419],[238,1087],[579,466],[1707,-475],[260,441],[-119,1622],[715,789],[1101,-553],[1850,179],[1343,-252],[1449,-698],[1226,-251],[629,166],[34,2008],[378,1067],[783,1034],[717,451],[191,1329],[1042,2171],[-513,459],[451,1764],[-340,937],[148,1251],[608,1546],[276,2763],[-185,833],[1027,905],[873,2730],[471,840],[-676,1269],[-164,2251],[783,2310],[943,573]],[[256126,504385],[472,-335],[-114,-1960],[163,-878],[514,-1145],[179,-1112],[-1189,-2271],[83,-1020],[-307,-1091],[280,-723],[16,-2232],[632,-1081],[286,-1226],[-1047,-1714],[884,-1562],[-30,-1367],[-903,-1457],[-819,-786],[-901,-472],[-194,-1427],[378,-1401],[435,-930],[1070,-350],[854,-595],[987,162],[354,-621],[1367,-469],[401,-1309],[-352,-484],[307,-1306],[-783,-1129],[-1044,-451],[-993,-1220],[-1202,-770],[-1676,-1384],[-834,-1198],[-1380,-967],[-963,-1244],[-944,-946],[-1902,-1352],[-859,-1077],[-2628,7],[-1583,-676],[-812,-1161],[-426,-173]],[[244920,511271],[146,-856],[1511,-1644],[208,-1317],[-254,-669],[717,-1032],[2183,67],[731,-727],[2427,-7],[584,-145],[1543,-1002],[562,-70],[848,516]],[[244920,511271],[-1736,-1190],[-998,-538],[-1043,-1049],[-549,-999],[-949,-837],[-1101,-462],[-959,-965],[-1344,-872],[-635,-716],[123,-564],[1399,-1902],[515,-1393],[571,-239],[-835,-855],[-756,-1104],[-688,-290],[-475,-616],[-81,-884],[1776,-41],[489,180],[2453,-1075],[1045,-302],[932,-966],[-1417,-1361],[-1360,-729],[-1173,-1228],[-1036,-1643],[-825,-819],[-342,-744],[-1253,-1212],[-81,-499],[-1180,-1215],[-310,-726],[-1577,-2056],[-308,-843],[-527,-328],[-755,-1052],[-2,-784],[704,-1771],[3267,-2238],[2023,-890],[297,-1212],[-264,-1692],[123,-1062],[411,-665],[289,-2955],[571,-684],[811,-501],[491,-883],[1906,-1785],[339,-799],[952,-1166],[55,-568]],[[241903,459482],[-1563,-1065],[-1115,-569]],[[239225,457848],[-600,-282],[-1448,-1363],[-743,-1321],[-1382,-1013],[-575,-1277],[-87,-2124],[1549,-1524],[314,-825],[-56,-2444],[-488,-1612],[-915,-1938],[-1065,-1296],[-513,-2290],[-764,-1130],[-2633,-1411],[-1704,-135],[-1140,-939],[-1277,-590]],[[225698,434334],[-571,933],[-675,539],[-957,2019],[-301,1462],[20,1739],[-993,1007],[-276,615],[-143,2164],[504,1273],[24,580],[522,795],[92,1016],[-703,1544],[-305,1193],[132,1837],[-403,969],[30,1759],[-561,2514],[110,1566],[-500,1672],[-270,1407],[264,3302],[-97,756],[-663,1802],[312,1204],[10,1965],[-1715,1268],[-570,838],[-839,770],[-567,182],[-200,634],[-957,851],[-171,1270],[197,2347],[384,1169],[-299,392],[-857,184],[-762,-208],[-711,642],[-161,613],[-711,869],[-2209,1624],[-198,1136],[-616,1361],[-690,532],[-746,1363],[-1092,1656],[-361,1810],[282,1112],[-109,527],[-1395,1027],[-903,948],[-616,234],[-947,1196],[-870,722],[-221,1439],[-293,660],[-252,1956]],[[201125,503090],[279,1077],[733,1260],[851,2479],[1046,575],[1544,1640],[1688,502],[1263,1166],[1599,1922],[893,2819],[-77,1667],[1746,2288],[1243,1382],[285,-1574],[604,-1134],[1054,-751],[1021,-382],[250,-514],[1239,768],[1045,2374],[187,1563],[-231,907],[1609,1044],[788,-277],[594,881],[758,251],[1805,215],[711,-172],[1057,396],[2581,-203],[1436,597],[2027,219],[835,1193],[804,253],[1421,-61],[1894,-777],[1425,-180],[405,-1019],[1550,-544],[1108,-217],[196,-394],[1114,-871],[170,-2281],[604,-411],[1013,353],[370,-815],[-274,-1191],[229,-684],[9,-2919],[-675,-2887],[-31,-1352]],[[344393,453168],[-172,-979],[30,-1451],[-583,-1618],[-61,-1543],[-686,-1052],[-1212,-597],[-609,-527],[-264,-893],[-957,-989],[-968,-1530],[-408,-1357],[430,-2173],[761,-944],[974,-736],[208,-1143],[615,-561],[346,-1283],[1369,-58],[1065,246],[861,-361],[798,16],[1061,564],[1400,-604],[813,332],[1078,-103],[334,-455],[1008,-578],[1742,-490],[884,-1415],[1763,-617],[452,165],[893,-1013],[1106,-923],[88,-648],[513,-701],[-42,-1229],[-622,-920],[285,-777],[-549,-1983],[511,-594],[2027,-647],[1206,-30],[1161,-927],[1513,-1923],[1720,-1483],[1107,-811],[1043,-2243]],[[368425,413582],[-806,-1639],[92,-3428],[-801,-2501],[-253,-1905],[265,-851],[-143,-916],[434,-923],[-124,-670],[-1105,-2358],[-215,-1446],[889,-1386],[397,-1239],[227,-1380],[601,-1171],[-346,-809],[-2350,-1040],[-785,-594],[-2112,-1006],[-1320,435],[-1437,719],[-501,1028],[-1116,610],[-768,1596],[-1417,1071],[-167,391],[-1616,1673],[-2113,-1007],[-1206,-131],[-1657,720],[-811,608],[-1589,824],[-774,-202],[-468,1246],[130,1253],[-325,1659],[15,2057],[-2462,-381],[-2319,-634],[-964,108],[-1299,412],[-1205,110],[-1691,-539],[-537,-849],[-1454,-992],[-929,-1800],[-2255,1524],[-142,503],[-1806,264],[-1104,711],[-962,359],[-235,805],[-1640,12],[-1111,-243],[-1250,512],[-2460,-133],[-2215,519],[-1335,2268],[-136,1205],[-622,807],[-854,2064],[-917,-93],[-1349,160],[-966,-143],[-757,498],[-425,-490],[-1205,58],[-912,710],[-1399,-141],[-863,860],[-1786,-188],[-341,-650],[-1968,1519],[-723,105],[-827,-1098],[-918,-194],[-681,-849],[-1738,-289],[-2389,-1497],[-825,33],[-506,-349],[-819,209],[-949,-373],[-806,321],[-992,-327],[-842,96],[-791,471],[-196,715],[-754,285],[-800,-238],[-509,563],[364,1326],[-256,652],[-881,261],[-749,1250],[-477,-396],[-998,884]],[[282213,413143],[447,491],[2111,1471],[830,1642],[657,641],[2698,2005],[1555,2370],[4,695],[792,1035],[-1440,1751],[-866,608],[-640,1211],[-195,907],[-142,2229],[-1600,1171],[-1024,401],[-1167,-110],[-1342,2925],[-990,924],[-194,1658],[-325,715],[-85,1150],[723,1467],[1195,3829],[417,1959],[-62,1008]],[[283570,447296],[1071,572],[1624,346],[1372,1272],[1176,445],[1403,1292],[981,83],[933,829],[1575,785],[568,767],[1363,858],[1755,291],[1892,1237],[815,835],[1211,-54],[1752,1269],[1533,598],[866,84],[789,629],[132,1136]],[[306381,460570],[1601,968],[471,618],[1994,1558],[1227,470],[2814,194],[543,248],[1070,1163],[1228,442],[409,2054],[898,711],[1138,402],[987,652],[876,206],[426,-275],[1250,193],[1025,616]],[[324338,470790],[991,-244],[806,-1480],[-132,-814],[643,-1026],[813,-565],[194,-793],[694,-815],[137,-604],[744,-696],[841,748],[1337,-31],[1839,-1874],[1565,-690],[748,-826],[1122,-324],[936,-1343],[757,-742],[800,-322],[1258,27],[547,265],[379,-532],[216,-1021],[747,-873],[448,-932],[1039,-694],[586,-1421]],[[494953,587141],[-832,-799],[-1059,-83],[-715,-378],[-935,-1913],[-490,-1313],[-560,-949],[-1458,-60],[578,-1241],[-492,-2359],[366,-1062],[-77,-678],[1301,-929],[337,-921],[-1484,-2030],[-1080,-1129],[993,-2660],[-166,-1422],[-424,-745],[-1418,-1419],[-8,-670],[964,-1877],[-344,-884],[-1000,-453],[-51,-1368],[-550,-882],[-875,-376],[-1666,-193],[-1584,1078],[-1795,-316],[-598,-366],[-2169,40],[-962,1299],[-1555,-479],[-623,-1118],[-1266,-1568],[-829,102],[-720,-615],[-952,-409],[-690,-624],[-963,-378],[-2702,2415],[-1429,-1145],[-620,-1125],[-1892,-1197],[-1274,-28],[-727,-358],[-699,-852],[550,-876],[81,-1230],[-377,-657],[-133,-1235],[-1817,-2469],[-510,-1217],[-180,-1163],[-766,-421],[-749,1298],[-477,361],[-1883,-78],[-506,-599],[-1161,-171],[-1245,686],[-1430,265],[-2023,-1327],[-878,-750],[-517,-84],[-1208,358],[-822,2519],[-1185,1194],[-1144,367]],[[441379,547475],[-376,154],[-901,-525],[-2590,590],[-1550,1151],[-1369,2689],[-468,630],[-1593,630],[-754,-158],[-348,488],[-680,28],[-501,1821],[-1064,2108],[827,1280],[282,852],[1161,1673],[-725,1558],[-348,1167],[-21,1796],[-384,1222],[-588,621],[-770,134],[-1476,688],[-441,1436],[-653,1507],[-1283,63],[-818,-1181],[-1558,408],[-893,-340],[-209,-410],[-2023,-690],[-678,95],[-1710,-2506],[-807,-305],[-1035,158],[-231,501],[-1059,165],[-1081,1358],[-552,283],[-30,1159],[-335,1573],[-448,403],[123,817],[-401,1275],[-2053,2285],[-1136,636],[-1819,353],[-1334,-244],[-1883,305],[-1607,-917],[-1172,-881],[-1354,-239],[-673,1037],[-979,512],[-1668,583],[-1303,-297]],[[379877,594333],[-1510,-1391],[-1953,-1402],[660,-1314],[392,-1440],[792,-1561],[103,-822],[728,-1415],[1128,-1738],[1378,-177],[395,-835],[2130,-1526],[2073,-489],[678,156],[993,-798],[1572,-526],[1150,-226],[951,307],[689,-261],[1814,-1901]],[[394040,576974],[-1261,-280],[-676,-770],[-990,-691],[-1137,-1094],[-1338,-2693],[-822,-931],[-875,-172],[-1208,325],[-925,-418],[-231,-812],[-471,-200],[-1089,-1537],[-429,72],[-185,927],[-455,445],[-618,1479],[-620,996],[-899,753],[-1607,77],[-1064,-980],[-477,-49],[-1397,578],[-1007,-51],[-957,530],[-1528,144],[-1980,-245],[-602,-1202],[779,-822],[-189,-1415],[-603,-799],[-1246,-422],[-635,-1301],[100,-1038],[-841,-837],[-1838,-3086],[-195,-802],[-1656,-1038],[-1206,-241],[-1282,74],[-601,-242],[-785,150],[-868,-251],[-1451,33],[-494,336],[-1545,98],[-1053,-631],[-1129,-1751],[-520,-450]],[[351934,556740],[-1910,1111],[32,628],[-646,1010],[-935,354],[-1674,-58],[-1380,-372],[-1901,357],[-987,528],[-934,-67],[-2008,521],[-1030,-197],[-1715,-889],[-1141,144],[-850,-403],[-1173,1064],[-1206,1380],[-1703,734],[-1440,2014],[-588,637],[-453,1684],[-892,-524],[-1159,64],[-946,-349],[-949,750],[-833,237],[-667,-289],[-2564,304],[-1106,286],[-1681,-459],[-674,-405],[-862,-1182],[-1074,-100],[-1041,493],[-1062,-962],[-869,-342],[-1472,257],[-3230,-123],[-884,-558]],[[306327,564018],[147,1053],[-88,1079],[-415,1900],[35,1485],[-555,1040],[-681,2963],[-1653,2445],[-396,1187],[-991,1847],[-617,552],[-1619,2421],[-599,1158],[105,1101],[-771,644],[-1123,368],[-1065,-514],[-1044,539],[-2095,547],[-1508,-124],[-1863,876],[2485,1762],[632,-4],[1482,-581],[1775,316],[443,438],[-154,672],[-1197,1931],[234,1096],[1189,988],[486,1892],[1235,1601],[634,267],[1293,47],[566,295],[203,640],[-402,1627],[-659,1216],[91,1239],[1183,3197],[1227,1402],[251,496],[536,3103],[-139,2864],[-175,1625],[115,711],[-227,1029],[276,1151],[-460,1186],[-573,687],[-519,1657],[-1683,2462],[-79,471],[476,1336],[-466,1257],[-659,304],[-1486,-33],[-2216,1085],[-820,846],[-717,1814]],[[683987,667545],[129,-1376],[-556,-2894],[111,-1639],[601,-1480],[401,-1502],[-341,-1517],[111,-1895],[-316,-764],[-251,-2431],[74,-2384],[-478,-615],[-1022,-778],[-994,978],[-1266,-414],[-1097,-834],[-399,-1284],[-1125,-931],[-2140,-949],[-1616,693],[-475,-73],[-696,-896],[-787,-2362],[-2,-2050],[874,-3940],[-257,-1669],[181,-555],[1025,-670],[128,-1212],[736,-1486],[-44,-913],[1643,-1740],[-181,-1096],[194,-1015],[1302,-841],[-140,-2068],[-577,-581],[269,-876],[827,-1402],[389,-1271],[687,-970],[74,-1945],[435,-938],[-236,-556],[33,-1066],[262,-742],[1051,-708],[528,-1563],[-1268,-1251],[-813,-364],[-1110,-47],[-604,399],[-628,-407],[-464,-804],[-962,-918],[-215,-959],[-1415,-1634],[-725,-2158],[-324,-1334],[-1366,-825],[-80,-759],[-1248,-1613],[-1447,-2168],[55,-1136],[612,-588],[-129,-1311],[-1319,-1214],[-500,-700],[-1582,794],[-1224,14],[-3179,-715],[291,-1267],[-1026,-211],[-1469,-44],[-1642,-240],[-2586,-1363],[-1005,214],[-2019,-406],[-2673,501],[-1589,-2458],[41,-573],[-758,-939],[156,-1193],[459,-664],[188,-891],[-135,-1541],[-726,-1450],[-81,-1036],[-926,-1810],[140,-497],[1249,-871],[1322,-1696],[1463,-1146],[210,-480],[-223,-1114],[-2124,-2786],[-208,-1060],[-795,-881],[-422,-1465],[22,-1450],[-2252,-1389],[-779,-640],[833,-1401],[-461,-797],[-27,-1157],[-864,-912],[-322,-1261],[-1113,-735],[-1683,-271],[-1763,-1003]],[[637824,552244],[-1001,641],[-554,6],[-1513,-918],[-1482,-567],[-748,-748],[-653,-1030],[-283,-1305],[102,-717],[523,-952],[-58,-786],[-1324,-1031],[-1819,-674],[-860,-1073],[-285,-1023],[-1858,-1043],[-902,400],[-1604,152],[-1099,-414],[-688,-1062],[53,-1778],[-2522,-1998],[-1644,-923],[-2067,-1441],[-597,1261],[-1003,1313],[-1099,905],[-1850,418],[-1120,525],[-1169,1185],[12,1753],[594,1511],[241,1964],[248,527],[-227,2067],[-88,2698],[-1209,1099],[-994,-332],[-2275,-286],[-1161,202],[-839,-256],[-1721,27],[-767,169],[-2367,-343],[-843,-702],[-930,-9],[-1095,579],[-982,-250],[-464,-675],[-373,-1348],[-757,-526],[-2517,-1011],[-2918,-522],[-1594,-429],[-1226,-96]],[[584448,545378],[-487,612],[-1349,395],[-853,611],[-895,960],[-2192,1155],[-417,340],[-2043,58],[-1439,381],[-2547,266],[-511,-246],[-1065,51],[-1371,-448],[-404,-601],[-1235,435],[-271,958],[-335,3072],[-59,1550],[-523,1348],[-847,421],[-930,1257],[52,573],[-962,1550],[-136,2769],[-728,2837],[602,589],[-69,1832],[372,1271],[1092,1381],[-170,958],[-563,610],[-1095,667],[-221,866],[70,1609],[483,1531],[-582,1820],[-745,1686],[-894,902],[-2347,-989],[-350,-361],[-267,-1040],[-760,-1096],[-1695,21],[-290,-1634],[-1152,-1094],[-949,-94],[-374,-894],[-755,-992],[-797,-316],[-1325,-1194],[-1385,-550],[-1234,-1139],[-1878,-1104],[-364,-355],[-358,-3025],[-417,-1334],[-967,-1906],[-1074,-378],[-672,-1005],[-657,-449],[-3400,-1095],[-1191,931],[-990,1634],[-455,-217],[-2890,-399],[-701,698],[-1597,821],[-95,1483],[-518,922],[-21,1540],[456,1080],[-69,511],[-1314,2232],[-1005,1056],[-378,1189],[-496,609],[-333,1504],[-967,906],[-743,1147],[-129,1358],[-922,1872],[-178,1240],[-949,1945],[-1706,1583],[-722,-89],[-382,-689],[-890,-704],[-1834,-692],[-1342,-1416],[-554,-1048],[-1048,-30],[-1117,-334],[-2013,598],[-2402,356],[-2575,615],[-311,367],[-866,2471],[-503,425],[-521,1232],[-2186,-56],[-1492,627],[-460,1096],[-2465,-262],[-1887,-352]],[[494953,587141],[-626,1163],[40,759],[575,1921],[-991,1071],[-532,99],[-663,893],[-1109,241],[-803,1060],[-293,826],[-549,-278],[-1117,222],[-806,1240],[-1012,1043],[-636,53],[-2895,3107],[-450,-353],[-2124,186],[-1213,786],[-2742,357],[234,1339],[-629,1660],[160,1222],[-1048,2026],[-641,2169],[987,1225],[341,1870],[708,1389],[324,2037],[-105,1257],[493,2418],[-482,-65],[-1519,-851],[-980,-1471],[-918,-688],[-2081,-955],[-2091,-666],[-727,-783],[-533,138],[-590,727],[-3194,1379],[-539,1596],[-1167,2391],[-568,2081],[-690,596],[-757,1499],[-1383,1394],[-197,618],[83,1163],[564,1638],[490,494],[321,1747],[331,1012],[36,969],[-483,1573],[-49,1110],[431,249],[374,982],[-9,1403],[261,1895],[459,1305],[597,1009],[143,1643],[-251,1247],[127,1104],[485,999],[36,663],[-639,1197],[47,1014],[899,1279],[-412,1621],[890,689],[213,571]],[[561908,780578],[602,-583],[1828,959],[1540,342],[923,539],[1566,1228],[691,1051],[675,385],[1610,2412],[1030,2392],[1266,1648],[811,77],[1571,-1197],[1336,-592],[1790,-1149],[1844,-496],[743,-1337],[1450,-882],[597,-44],[1646,-1080],[736,-223],[-163,-921],[30,-1615],[749,-1326],[-479,-1387],[56,-574],[661,-1095],[498,-2107],[-26,-959],[1312,-1027],[557,-1383],[681,-531],[1227,-497],[228,-512],[896,-870],[1086,216],[720,-298],[346,-1086],[1000,-1959],[305,-1619],[306,-745],[1373,-1203],[762,-1270],[13,-1234],[772,-1383],[1379,-2001],[-72,-766],[343,-884],[2304,-2009],[2141,-1320],[2261,-1063],[1348,-135],[1379,-417],[1047,-38],[1112,-429],[1496,-820],[746,-635],[1027,-1438],[101,-1300],[-549,-915],[-285,-950],[-514,-469],[-2202,-1378],[-782,-1250],[-68,-770],[385,-1816],[-510,-538],[-1135,83],[-1699,-447],[-408,-262],[-1063,-2326],[363,-1703],[851,-595],[1539,-120],[1700,-543],[3054,-612],[1196,637],[1438,351],[769,898],[2728,72],[715,1173],[1724,674],[1355,-666],[563,897],[904,389],[1046,80],[1218,-371],[2996,1596],[276,1128],[581,1133],[712,194],[830,653],[1136,-197],[1303,778],[1240,-979],[643,-1322],[598,-2112],[523,-755],[1227,-1050],[729,-1033],[1759,-399],[1510,483],[1018,-105],[866,-553],[928,-1266],[25,-1841],[390,-1368],[561,-1222],[98,-773],[1102,-2284],[668,-833],[983,-515],[-72,-423],[-909,-958],[-1576,-1122],[-561,-2234],[-979,-757],[-2333,-770],[-1826,-1387],[-750,-1175],[-1475,-880],[-1107,31],[-1862,1025],[-1197,-632],[-1365,-957],[555,-2201],[191,-1913],[-634,-969],[-2933,-2686],[997,-1468],[6,-1353],[234,-1561],[1267,-1009],[1654,210],[1089,672],[794,145],[1648,710],[1360,1656],[1799,-186],[1126,-1029],[1928,1921],[1404,-573],[1436,591],[953,25],[1237,-728],[624,-114],[2024,343],[1188,-1410],[1576,-308],[525,-683],[1278,-842],[551,-875],[93,-1472],[1161,-2993],[-179,-1068],[1261,-1232],[694,-982],[45,-2602],[-223,-1199],[-554,-812],[-678,-334],[2842,-1249],[1349,-305],[1734,-1102],[1169,211],[2371,-1246],[1625,-1166],[1766,-472],[3099,1053],[1820,162],[2589,-296],[762,-1116],[471,-1078],[61,-1015],[-405,-1335],[-448,-655],[-1526,-1620],[265,-1436],[445,-794],[278,-1281],[365,-612],[922,-646],[1629,-1880],[599,-278]],[[415613,643404],[-12,811],[-1131,1455],[-1103,1848],[-1239,318],[-1313,593],[-423,863],[-497,267],[-1307,1287],[-1075,-214],[-319,-532],[-2513,-1431],[-737,275],[-935,-259],[-769,259],[-744,-363],[-141,-1355],[395,-1516],[-454,-1179],[-63,-1320],[-353,-1502],[-738,-1201],[798,-1520],[-877,-719],[-915,-1318],[105,-654],[-938,-1312],[148,-704],[-114,-1202],[731,-1161],[34,-2282],[-808,-1349],[-688,-734],[-641,-1975],[830,47],[761,575],[1210,-185],[2356,355],[1953,-372],[795,-409],[783,369],[1424,-529],[1552,183],[940,-501],[2147,-321],[703,-409],[926,783],[1103,-352],[758,94],[490,1045],[379,150],[253,-1320],[927,-1640],[-283,-726],[-52,-1183],[-766,-1151],[-529,-1142],[-167,-853],[-714,-527],[174,-1058],[1165,-1748],[969,-666],[548,-942],[897,-564],[-1,-830],[804,-1433],[379,-1578],[-125,-308],[-1498,-1053],[-216,-616],[151,-872],[522,-1081],[-1353,-278],[-544,-553],[-1861,-478],[-3230,466],[-595,379],[-766,1371],[-1134,446],[-951,816],[-897,195],[-1683,-667],[-1861,-478],[-2097,-43],[-2281,-474],[-662,-428],[-1510,-1475],[-964,-612],[-489,-1112],[-396,-200],[-1600,1398],[-894,504],[-587,1371],[87,3163],[-471,873],[-774,628],[-1911,700],[-1237,1829],[-1060,-497],[-468,-949],[-1389,-1020],[-664,-255],[111,-1725],[562,-1515],[-50,-1429],[487,-1235],[-825,-2375],[-429,-909],[-695,-589],[-398,-1704],[-12,-1429],[181,-1233],[-1194,-783],[-2144,-171]],[[379877,594333],[-426,427],[15,931],[832,1841],[250,1235],[576,946],[-186,607],[375,1260],[-111,429],[-839,90],[-780,958],[-1620,3026],[-1036,1135],[-6,584],[-657,295],[-610,849],[-1166,979],[-1096,-412],[-703,89],[-1227,575],[-571,979],[-1362,1682],[-2158,332],[-1623,483],[-489,730],[-1195,-209],[-1762,-958],[-2082,-1986],[-1737,-363],[-1822,6],[-854,-544],[-1486,-506],[-936,783],[-847,350],[-1048,135],[-1611,589],[-1763,321],[-1481,666],[-634,-547],[-1672,-661],[-1025,-787],[-1277,24],[-1503,-877],[-924,487],[-553,586],[-1119,-88],[-522,1067],[-1283,737],[-1062,189],[-1685,1612],[-730,324],[-2329,95],[-2533,-620],[-1359,-712],[-622,-595],[-1214,-52],[-1286,-440],[-1899,3010],[-802,490],[-1236,2893],[-1329,1668],[-357,1035],[-1505,1859],[-1166,519],[-1537,318],[-832,645],[-1601,893],[-971,975],[-1260,793],[-201,799],[-770,1089],[-1219,849],[-710,817],[-331,1000],[-1052,1119],[-917,719],[-2534,2867],[-959,790],[-982,278],[-1836,196]],[[356791,660654],[-1566,-559],[-1101,109],[-844,1203],[-807,805],[-647,-9],[-674,-806],[-1078,-490],[-1310,-259],[-529,-709],[-457,-1278],[371,-1784],[-279,-454],[-828,-306],[-2942,-261],[-521,274],[-1326,1294],[-1421,552],[-1567,355],[-1874,-170],[-851,-577],[-520,-1321],[-944,-1032],[-592,-994],[-381,-1264],[296,-843],[-260,-739],[-470,-195],[-1619,-1242],[-253,-624],[13,-1097],[-917,-1061],[-447,-937],[177,-1199],[-135,-1116],[-782,-914],[-1516,-316],[-1598,-2110],[-1253,-1002],[-958,-1089],[-1321,-1842],[-1175,137],[-1137,736],[-1224,265],[-2102,-540],[-2024,-13],[-948,164],[-568,-264]],[[561908,780578],[-177,-473],[-58,-1722],[-375,-1275],[-744,-835],[-290,-972],[-1831,-2719],[-1131,-1044],[-1149,-425],[-839,-1032],[-1406,-742],[-1762,-627],[-394,-682],[484,-1862],[852,-1425],[178,-2025],[-590,-629],[-1113,-347],[-419,-1915],[-484,-677],[-2676,-167],[-217,-379],[-1278,98],[-844,-734],[-323,-767],[-1942,-2373],[410,-1014],[2149,-789],[1777,-1349],[-163,-2082],[1191,-1827],[186,-3185],[-367,-724],[-1347,-560],[-1066,-644],[-1146,-23],[-1440,-300],[-521,226],[-1070,-108],[-720,305],[-593,651],[-1161,-365],[-786,-465],[274,-2295],[-114,-5148],[-1948,-1889],[-120,-1892],[2074,-1374],[611,-1477],[1013,-1976],[68,-466],[-431,-1378],[24,-1516],[-940,-1470],[-1012,-561],[-893,-192],[-1755,89],[-1430,-2005],[-1262,482],[-1667,339],[-719,-207],[-940,259],[-1456,829],[-439,-220],[-1568,-2254],[1002,-1266],[-49,-1994],[-451,-1479],[331,-563],[-14,-1412],[332,-1282],[1744,-645],[1425,-2935],[-346,-3323],[-1440,-957],[-997,-1161],[-1858,-673],[-899,-929],[-45,-753],[335,-1463],[839,-1270],[191,-2261],[1595,-1580],[788,-1356],[160,-1902],[348,-1247],[1040,-838],[833,-1009],[-1037,-1446],[-33,-1348],[-273,-584],[-56,-1147],[223,-888],[755,-696],[-687,-1615],[-456,-501],[-2570,-1851],[-1884,-2792],[-960,-377],[-841,-1580],[-167,-652],[-883,-285],[-1394,70],[-1507,504],[-1267,-64],[-683,1159],[-327,52],[-872,996],[-926,459],[-2671,366],[-955,-558],[-2337,1187],[-850,732],[-1320,2672],[-2098,802],[-1639,410],[-1495,-678],[-585,-771],[-2022,-239],[-750,-438],[-2451,-269],[-1000,84],[-1422,700],[-1425,-2500],[-1129,-539],[-504,-935],[-1526,-1179],[-1194,-1467],[-1214,80],[-601,-476],[-1997,-445],[-1969,-1272],[-1168,308],[-1138,531],[-1126,253],[-1621,812],[-1700,1339],[-187,1035],[-680,369],[-1497,-720],[-1161,-180],[-1478,-1003],[-1523,-375],[-1681,215],[-1951,-109],[-1200,489],[-572,-2367],[-139,-2235],[131,-2096],[1537,-952],[89,-860],[-219,-981],[-988,-1263],[556,-1105],[1071,-1221],[64,-455],[-488,-1766],[-520,-634]],[[464359,655665],[-1211,680],[-893,240],[-2612,-600],[-909,64],[-166,-545],[120,-1369],[-1296,-1461],[-1832,221],[-555,472],[-902,-40],[-736,352],[-861,830],[-944,-280],[-479,-1186],[-740,-720],[-935,-302],[-529,-546],[-1523,1229],[-1255,533],[-297,474],[-1672,-168],[-694,-496],[-1481,-394],[-1602,-859],[-1779,478],[-547,875],[-1159,105],[-1468,442],[-1201,-961],[-470,38],[-779,-517],[-405,-1199],[-624,-1158],[-1551,-1658],[-2107,-317],[-878,-418],[-687,18],[-1442,-505],[-1415,-166],[-1929,-1085],[-2937,-699],[-1820,-550],[-1544,-1113]],[[415613,643404],[19,1283],[876,1396],[490,1618],[1502,1069],[-58,520],[1215,2057],[-310,559],[-1103,-58],[-288,1503],[-1654,1161],[-511,611],[-195,1308],[-580,310],[97,2631],[302,867],[-232,909],[-641,596],[-4,973],[-654,830],[1136,1544],[32,907],[-1046,951],[-1857,478],[-351,525],[431,765],[-405,1364],[379,547],[-103,807],[-591,713],[-1094,651],[-972,46],[-530,360],[-1120,1239],[-451,1582],[313,415],[-308,1313],[-1066,349],[-996,-573],[-629,345],[-832,900],[-860,1353],[-647,1501],[420,1235],[-882,818],[-712,144],[-917,632],[-662,1636],[586,1585],[179,1389],[-769,2208],[330,1018],[-1715,823],[-1585,66],[-1890,1210],[-763,-78],[-577,-427],[-2674,-302],[-781,-1007]],[[441229,832311],[2475,919],[1379,-25],[1833,753],[310,323],[1033,-300],[2569,-448],[615,-521],[691,-37],[759,391],[1246,-71],[1642,-577],[1094,697],[1230,44],[547,235],[911,-169],[785,-649],[1759,-189],[1175,-494],[691,1924],[2039,1134],[1144,1162],[808,367],[1951,-410],[636,-569],[542,-1033],[25,-1159],[801,425],[678,-490],[804,-1288],[1199,-306],[1472,-1025],[1327,119],[766,-155],[784,304],[1834,45],[1602,-1419],[-26,-1602],[502,-764],[433,-1218],[-75,-1815],[702,-472],[871,-1247],[2850,-1350],[523,-1037],[806,500],[1610,-697],[2217,203],[532,506],[1170,564],[1075,1381],[57,1927],[737,717],[1922,-676],[397,-382],[969,287],[1673,-370],[1350,-2558],[1252,-789],[916,-1081],[194,-864],[51,-2169],[188,-455],[1089,-748],[770,-1047],[662,602],[1173,-190],[872,-1087],[960,-853],[131,-854],[681,-883],[128,-1734],[285,-1299],[565,242],[1389,1180],[1765,853],[868,-1414],[789,-516],[-141,1517],[-525,925],[710,1595],[-606,1279],[-35,1334],[1986,454],[561,-456],[335,-1369],[1347,-1216],[1312,1510],[746,299],[972,-266],[893,-601],[801,-1292],[347,-1566],[564,-679],[526,431],[984,-156],[765,-1847],[609,-482],[1573,-564],[819,-1314],[1473,-617],[365,-1843],[726,-1840],[2285,-1941],[848,-1043],[1051,317],[611,-720],[811,162],[498,-769],[1359,-517],[1131,-1492],[641,-134],[2026,-1063],[818,-1094],[388,1313],[1630,377],[546,568],[666,-1443],[1941,-1181],[1279,-421],[911,-648],[439,-1558],[-83,-476],[-1205,-1643],[998,-1064],[766,-374],[924,-1280],[1781,-859],[913,-1678],[493,-394],[1859,-661],[1068,-1552]],[[441229,832311],[109,-708],[852,-825],[1405,-675],[885,-157],[1327,-711],[1027,-1823],[1212,-1091],[1787,-993],[267,-573],[703,-443],[1414,-182],[222,-967],[723,-894],[1563,-813],[175,-763],[1798,-2477],[1096,-1346],[1115,-1142],[675,64],[599,-645],[570,-1156],[-35,-953],[909,-392],[977,-1272],[-469,-654],[866,-1783],[-145,-771],[989,-2284],[733,-1439],[1086,-757],[-78,-1345],[-435,-1609],[0,-826],[-356,-1250],[-590,-616],[-856,-310],[-549,-645],[-59,-762],[-1287,-701],[-751,-828],[-636,-1205],[-2413,-1188],[-2218,-892],[-899,-1247],[295,-1850],[-217,-1029],[-703,-781],[-181,-892],[333,-870],[-391,-556],[-163,-1790],[-1711,-379],[-365,632],[-978,193],[-2005,-959],[-1402,-1001],[-695,200],[-1819,-157],[-1591,-797],[-567,-1350],[-345,-310],[-2855,-496],[-557,-542],[-896,-2725],[-2076,-33],[-337,-660],[-744,-666],[-1283,-137],[-1227,157],[-1727,-293],[-1905,269],[-1749,5],[-610,417],[-1527,-93],[-889,-1026],[-2818,-1901],[-1430,283],[-346,548],[-854,-123],[-416,-534],[-404,-1217],[-796,-527],[-1194,-17],[-1687,-526],[-778,-444],[-1276,-1859],[-1804,-585],[-1521,131],[-658,374],[-2120,-1652],[-966,-588],[-570,-693],[-36,-1442],[331,-1311],[1215,-957],[174,-1031],[-257,-1129],[166,-1309],[1406,-708],[-1096,-1440],[-443,-1020],[-918,-1129],[-1752,-1107],[3,-1056],[628,-2323],[-981,-155],[-1383,284],[-1971,707],[-1688,1077],[-656,39],[-1661,751],[-1155,-112],[-1232,548],[-795,-367],[-345,-494],[-2356,-990],[-806,316]],[[300521,736320],[764,1021],[-129,722],[-845,1241],[497,1054],[36,950],[832,1106],[-247,845],[531,1683],[254,304],[-149,1068],[143,1379],[-52,2093],[242,703],[-443,1544],[264,1700],[-295,1421],[152,443],[-941,2513],[715,349],[1039,-192],[252,2267],[-1956,1693],[-1051,544],[-898,1249],[-1150,322],[-1089,-789],[-637,264],[-350,834]],[[413342,957157],[960,-448],[642,378],[1471,19],[1493,-1312],[867,-1330],[-359,-2091],[68,-1083],[547,-1825],[729,-1360],[947,-268],[802,-701],[863,-2204],[-1135,-855],[767,-406],[1038,-3879],[450,-564],[507,-1544],[1071,-1338],[-1051,-186],[-1280,-1266],[-285,-557],[-1407,-1113],[-474,-595],[661,-1133],[-575,-2246],[-862,-692],[-133,-1553],[-471,-1110],[-954,-464],[137,-721],[1273,-245],[917,-1203],[397,-1385],[-657,-2226],[1062,-973],[48,-1104],[-487,-827],[-1616,-245],[-1290,-475],[-811,-594],[138,-1245],[-1040,-1461],[222,-1575],[-1003,-1278],[-778,-379],[-759,-771],[732,-1510],[2090,-1802],[909,-1458],[341,-1075],[1243,-515],[1597,253],[1187,23],[511,231],[1804,145],[415,-357],[222,-875],[923,-593],[996,-1795],[-335,-907],[-510,-609],[430,-758],[199,-1507],[-70,-1085],[2628,-2014],[-606,-785],[383,-744],[1013,-598],[2214,-914],[671,-480],[943,-81],[328,-990],[776,-582],[543,96],[784,-674],[1418,20],[2426,465],[3619,905],[1052,-486],[1004,-223],[942,-2193],[-1026,-2099],[15,-1114],[779,-965],[3,-1834],[-354,-1082],[-1329,-1476],[-158,-790],[380,-1685],[3623,-264],[655,-227],[472,-744],[1333,-239],[1349,-655],[1116,-854],[-65,-793],[-1848,-3163],[-840,-678],[-442,-1878],[155,-1013],[-1011,-573],[-1282,-241],[-1532,-489],[-698,-846],[-1186,-334],[-899,-711],[-500,-988],[-466,-2176],[-581,-349],[-1650,232],[74,-1263],[270,-661],[1756,194],[1028,-366],[784,-1144],[1873,-1540],[-576,-306],[-1369,-1949],[-619,-1507],[-168,-1011],[324,-960],[623,-606],[-1675,-3384],[-507,-558],[-902,-438],[-961,63],[-815,-371],[-174,-654],[-780,-1284],[182,-1495],[-73,-910],[777,-923],[96,-878],[534,-1094],[315,-1257],[385,-611]],[[261697,781423],[-752,-266],[-2119,-1505],[-1554,-667],[-1742,-1334],[-1216,133],[-767,-301],[-1356,474],[-1616,888],[-1124,-295],[-977,399],[-1268,1391],[-725,512],[-1425,-200],[-2032,-1208],[-280,-914],[-653,-815],[-1488,-394],[-1411,-685],[-1914,482],[-792,-461],[-692,278],[-1686,1836],[-560,-845],[-870,-611],[-1126,-1175],[-308,-2084],[-939,-1024],[-2287,521],[-1921,-327],[-1057,1308],[-590,1046],[-714,392],[-1550,-307],[-1138,-983],[-1354,256],[-1398,-454],[-1073,-859],[-702,-89],[-782,-589],[-896,-1321],[-488,-366],[-1431,449],[-1372,-935],[-649,-645],[-916,31],[-2056,1527],[-2072,-116],[-642,330],[-1694,-923],[-751,-606],[-1044,-58],[-859,-322],[-2474,-352],[-1634,-2528],[552,-2208],[543,-1096],[3,-764],[683,-655],[-65,-850],[-1825,-1341],[-1475,-1551],[-823,-1307],[-659,-716],[-1491,-739],[-872,-142],[-963,-532],[-781,-1048],[-1453,402],[-1672,1032],[-506,504],[-1512,154],[-1070,-629],[-1955,-294],[-2294,1557],[-1702,1754],[-1155,1391],[-182,1097],[628,2040],[1039,1464],[324,1006],[-596,1878],[237,626],[731,753],[-802,1262],[-162,909],[56,1748],[-514,1082],[-1501,1151],[342,1014],[891,1671],[183,773],[-739,1320],[-1384,1489],[-42,936],[1156,1176],[1883,1692],[1158,100],[1051,1235],[653,1296],[-205,1803],[59,1498],[703,851],[-52,858],[-680,778],[-1103,1767],[-620,365],[-1055,1732],[-12,524],[892,3222],[22,585],[-1252,1209],[-1171,1350],[-778,459],[-1600,100],[-870,-108],[-1227,262],[-809,606],[-771,1121],[-2454,569],[-1257,-287],[-1599,905],[-423,449],[-1274,423],[-981,635],[-2118,2064],[-131,370],[-2895,453],[-1021,679],[-271,711],[-663,-2073],[-1958,-430],[-1494,-106],[-2337,-1445],[-370,-1392],[-71,-1018],[-291,-388],[-1976,-329],[-371,1202],[-680,406],[-1191,-182],[-913,539],[-1197,-492],[-860,-109],[-2038,430],[-2712,2710],[-1211,903],[-2110,693],[-1188,678],[-1256,364],[-887,610],[-2526,231],[-721,421],[-1179,-133],[-508,177],[-381,1177],[-868,1728],[-456,250],[-1460,-12],[-646,-597],[-717,-168],[-1216,404],[-992,562],[-784,93],[-1516,557],[-1120,76],[-998,700],[-1365,424],[-799,1204],[-314,1323],[-1762,421],[-1027,-3],[-804,443],[-194,2727],[1025,1383],[149,1941],[1448,711],[-71,704],[524,1654],[2111,1034],[757,619],[118,1474],[642,603],[-663,513],[-656,1201],[1110,2130],[-673,2197],[513,1153],[250,1688],[-231,1667],[-1143,1972],[-107,907],[1136,723],[97,1298],[710,1098],[-1125,657],[-1025,1217],[-428,986],[-358,1865],[-1421,751],[-780,1207],[-906,893],[-555,1035],[-98,644],[-2926,1240],[-685,645],[-572,1128],[-908,1179],[-549,386],[-334,1221],[681,2089],[959,283],[1536,85],[842,521],[1144,206],[928,641],[571,-299],[3587,68],[1333,183],[1218,1114],[2093,401],[937,-46],[2018,494],[-335,1574],[498,466],[606,-56],[1078,-1488],[44,-1739],[767,-733],[1914,-1380],[598,-46],[885,421],[1728,-104],[2482,279],[252,488],[82,1435],[396,1230],[1442,1674],[1218,1112],[1717,2327],[525,564],[1224,2064],[2443,1082],[668,1020],[1821,593],[2333,1059],[271,1985],[910,1306],[273,966],[477,477],[829,140],[1695,1303],[3447,2172],[1292,440],[514,1043],[-446,2339],[639,1773],[-967,2589],[-191,1232],[-623,535],[-475,987],[-220,1381],[1152,1799],[749,921],[375,824],[-226,1854],[-226,512],[-1187,1483],[1205,380],[511,754],[1257,1187],[738,333],[1245,1266],[1249,934],[99,890],[614,2059],[804,938],[850,2056],[47,1135],[496,1731],[-504,1082],[-2011,-452],[-897,49],[-1081,-682],[-979,91],[552,1192],[78,679],[-642,2190],[88,953],[1098,430],[1236,-12],[734,345],[435,1052],[1481,1368],[535,905],[2063,706],[287,393],[-1247,1452],[-204,1154],[-635,1049],[-1082,1312],[-2235,68],[-1228,-203],[-1004,1345],[-1734,1550],[-513,210],[622,1253],[297,1331],[2458,3222],[42,1201],[-691,830],[-525,1135],[294,1600],[915,2831],[-2302,1589],[153,2781],[-136,508],[-1465,1121],[9,735],[628,680],[1088,221],[746,-334],[1904,419],[959,-130],[769,398],[815,-454],[2127,-137],[476,444],[356,886],[99,1180],[818,744],[321,898],[1307,1303],[-348,649],[-806,-184],[-2008,578],[-3,1270],[-463,439],[-1040,-130],[-888,718],[-850,1311],[-1055,-92],[-872,953],[-1956,18],[-395,631],[126,608],[974,1298],[564,1534],[-136,1191],[-420,337],[-150,886],[488,762],[855,807],[169,641],[-369,1230],[836,1337],[2049,-419],[1482,105],[1224,-85],[1769,141],[654,544],[836,-1466],[856,-784],[-46,-989],[411,-647],[993,9],[747,1969],[486,416],[1376,-914],[885,-318],[669,-1004],[1802,-794],[777,-1029],[480,-1041],[804,-397],[1286,-146],[1640,-541],[1101,-786],[1104,-1505],[447,-2059],[900,-1584],[254,-787],[551,-439],[1668,-860],[2260,-1815],[604,-328],[1177,-60],[895,562],[593,-10],[1556,-582],[1162,9],[3089,-690],[2611,-1053],[2402,-1251],[2754,-1103],[1653,-318],[798,33],[2453,473],[581,-155],[1129,-833],[606,155],[683,802],[378,837],[-167,553],[-1586,1340],[-406,1172],[-40,1604],[366,3340],[-95,1032],[73,2923],[165,1178],[338,726],[753,549],[1950,191],[99,212],[-663,3583],[38,1550],[259,1824],[878,1973],[1390,738],[522,-348],[3030,-1039],[1222,-894],[1439,-379],[1407,-1301],[823,-1327],[2327,-1094],[1888,-490],[1311,-34],[1003,-680],[634,-156],[1856,941],[573,658],[1280,2227],[914,435],[731,645],[278,1016],[-583,1507],[-531,2024],[-132,1533],[-479,2226],[212,1592],[824,602],[1905,-601],[1140,-26],[2266,-427],[1880,-1938],[2595,-305],[1137,-1071],[2154,-1450],[2038,-630],[1285,-885],[1232,-163],[1699,-1140],[1598,-386],[1831,-55],[1879,-495],[962,9],[2209,-825],[1537,-1688],[981,-654],[1701,-514],[1468,-1464],[1410,-867],[1746,-137],[1922,163],[952,-234],[895,-931],[202,-2049],[-163,-1025],[866,-1716],[1155,-446],[977,-630],[651,-1050],[2035,-150],[655,-412],[631,-1067],[1095,-420],[1984,-83],[2117,220],[835,-654],[1444,-316],[2114,-1108],[1759,439],[1515,33],[834,523],[1380,535],[694,504],[2066,-705],[2954,-481],[1675,430],[1036,-1358],[1227,-139],[736,-893],[167,-686],[1052,-1067],[2064,-1178],[1384,280],[777,-376],[1217,325],[727,-26],[1239,421],[961,-692],[998,-444],[1635,-369],[-32,1374],[724,923],[787,433],[1214,-131],[1833,-775],[2098,5],[1270,-841],[679,-1301],[1604,-1015],[516,-716],[-4,-1451]],[[388404,749055],[-219,-1672],[909,-2154],[286,-1437],[590,-2078],[90,-1722],[261,-1031],[679,-1462],[1076,-968],[1523,-988],[80,-638],[-1719,-2056],[-1059,-613],[-356,-1002],[-636,-746],[-278,-2213],[-444,-725],[-2289,380],[-919,-151],[-252,-377],[-1326,-713],[-1946,-720],[-529,-621],[-530,-46],[-734,-649],[-606,-2113],[120,-2189],[-993,-1554],[-764,-441],[-1543,-1593],[-861,-1210],[-115,-1368],[493,-1471],[1610,-768],[857,-212],[1978,-1359],[1105,-208],[452,-675],[-50,-704],[-726,-1233],[-1118,-1545],[-167,-534],[-1103,-1629],[-884,-861],[-734,-394],[60,-486],[-977,-766],[-589,-151],[-1286,-1326],[1920,-617],[1799,172],[911,-772],[1506,-381],[2920,-1159],[675,-648],[1360,-227],[1325,-776],[732,-803],[1045,-686],[186,-681],[705,-706]],[[389905,692579],[-1125,-601],[-210,-1217],[-401,-939],[-702,-371],[-644,238],[-1071,-520],[-630,-960],[-1730,-390],[-339,-715],[-1125,-1471],[-1587,-1393],[-550,-292],[-121,-1407],[-440,-1782],[-337,-548],[-860,-413],[-1127,-1071],[271,-1163],[-603,-445],[-1164,-2483],[-530,-764],[-567,-280],[-1348,-1470],[-1002,-347],[-1564,-926],[-1262,-1044],[-1987,-1279],[-1542,-785],[-1153,-1172],[-580,-195],[-1503,-1155],[-1000,-988],[-844,-534],[-1064,-1273],[-1635,-1312],[-1038,-458]],[[356791,660654],[-754,1673],[-378,1323],[133,694],[-659,221],[-40,1500],[-755,1266],[219,669],[-332,519],[-124,1895],[-784,1212],[-1595,1499],[-133,904],[-638,1503],[-39,1036],[-925,986],[-1751,776],[-1331,130],[-717,282],[-1873,-848],[-951,91],[-617,1818],[-796,1490],[-465,1201],[-1500,322],[-1425,650],[-1299,322],[-1408,-639],[-1381,-233],[-303,-296],[-803,472],[-1822,-325],[50,699],[-775,1836],[-590,615],[-229,729],[-753,967],[-186,2042],[-636,1408],[-456,1749],[-586,630],[-973,524],[-585,1473],[-152,1343],[-1241,861],[-1782,691],[-2097,108],[-1083,381],[-611,624],[-576,90],[-676,901],[-2060,1353],[-355,593],[-1629,507],[-1503,-128],[-896,707],[-1171,169],[-1275,550],[-1508,1635],[-1552,15],[-1966,1108],[-1881,-189],[-1050,268],[-1061,776],[-1928,211]],[[293670,715092],[1386,1756],[425,1453],[673,702],[121,1524],[-553,1690],[1330,3450],[-198,841],[421,2790],[-79,2599],[-218,677],[-668,570],[1327,842],[1786,927],[209,517],[889,890]],[[300521,736320],[837,-546],[352,-1149],[2222,-1537],[427,-1442],[169,-1875],[541,-648],[2382,-1589],[1310,545],[827,124],[2248,969],[827,107],[1594,-473],[869,-1116],[1263,-255],[986,-1036],[1088,197],[1025,-383],[151,-654],[551,-321],[1607,-290],[661,-604],[72,-1597],[867,-1149],[3351,-211],[960,-214],[614,-677],[1566,84],[942,664],[2501,941],[828,985],[861,106],[2394,1181],[1852,49],[894,-567],[362,669],[873,745],[627,1036],[3153,-43],[466,188],[1425,1507],[445,1189],[764,884],[72,1135],[710,416],[646,765],[900,609],[932,233],[1015,1063],[31,944],[-291,403],[70,2412],[-192,1763],[-618,2615],[28,1047],[-798,943],[-1655,1475],[-598,728],[302,891],[1397,312],[502,1477],[457,665],[1047,680],[103,616],[1078,1529],[1865,1919],[1172,387],[872,869],[634,1102],[915,307],[817,951],[150,743],[1217,1958],[1268,253],[1113,950],[1042,90],[221,-449],[-509,-1566],[579,-1034],[1055,-1169],[1109,-449],[2911,121],[1442,511],[998,-997],[923,3],[560,533],[3293,594],[212,-1797],[2291,-1485],[841,-269],[489,-474],[40,-610],[575,-1232],[1722,371],[539,-134],[476,-1993],[1232,-969],[818,141],[1582,-389],[527,-567]],[[413342,957157],[37,-1375],[417,-1053],[-139,-952],[-403,-463],[-1249,-522],[-687,-2818],[-253,-1704],[354,-1379],[-496,-1387],[-1066,-1230],[-414,-1910],[56,-1001],[-622,-1354],[-1415,-2058],[-850,-476],[-655,-749],[-251,-1463],[-490,-1616],[-407,-639],[2,-1014],[-714,-1041],[-848,-817],[-171,-1631],[208,-1123],[-514,-1661],[-753,-601],[-101,-896],[-477,-1053],[-1070,-1174],[-1033,-504],[22,-1075],[-843,-850],[-1376,-426],[-749,-717],[-7,-820],[-1027,-773],[-680,-1310],[-1369,-1742],[127,-1093],[-220,-1030],[-53,-1489],[250,-1074],[512,-990],[-83,-1195],[-472,-1590],[491,-1995],[-529,-596],[-602,-2235],[104,-819],[-2569,-1866],[-882,-1165],[-1701,-745],[-2040,-1062],[-1126,-1232],[-502,-827],[-388,-1383],[405,-986],[217,-1431],[-151,-509],[677,-897],[599,-1366],[398,-430],[141,-1771],[720,-1114],[742,-671],[89,-713],[1225,-1572],[94,-758],[2229,-4276],[697,-1739],[629,-588],[528,-1372],[955,-796],[-301,-1167],[133,-675],[-394,-1095],[113,-465],[888,-662],[-749,-2131],[358,-993],[136,-2191],[-254,-1108],[77,-1232],[518,-780],[70,-1103],[514,-1338],[-331,-915],[401,-1617],[-289,-924],[424,-754],[-365,-1911],[-2422,-1331],[-288,-279],[110,-1124],[-297,-686],[-2232,-1736],[-415,-1744],[185,-1095],[-330,-859],[251,-663],[-243,-2226],[-918,-1579],[-564,-1719],[-897,-862],[-409,-914],[355,-1317],[-1239,-1649],[-533,-1591],[-684,-1400],[-212,-1249],[-453,-566],[32,-653],[451,-619],[-364,-1390],[22,-646],[546,-1106],[-324,-1515],[123,-1138],[-843,-758],[-397,-1265],[-1689,-1343],[-382,-1083],[-1820,-2824],[-705,-424],[-696,-1074],[-640,-357],[-471,-1707],[-1115,-1552],[-146,-1071],[-1899,-1380],[-1377,-3233],[-2101,-1932],[-556,-1662],[-1267,-1289],[-322,-1572],[-729,-438],[-715,-884],[-1633,-888],[-1499,-1276],[-1543,-728],[-1123,-1405],[-1281,-1085],[-1229,-172],[-707,-541],[-1819,-624],[-902,-802],[-703,-29],[-591,-565],[-1360,11],[-601,-463],[-814,-175],[-1612,366],[-943,-345],[-2745,491],[-714,632],[-3749,796],[-877,280],[-1659,106],[-1480,-514],[-1346,479],[-1040,43],[-2479,-985],[-247,-500],[-920,-175],[-3027,-1836],[-522,-980],[-1983,1384],[-410,450],[-571,-1179],[-1103,-461],[-1004,-2762],[-3084,2671],[-1946,793],[-1134,306],[-1874,-71],[-2280,2628],[-1142,530],[-1380,-151],[-1474,395],[-632,-315],[652,-1512],[73,-939],[-349,-1060],[-1593,-1622],[-374,-1949],[-658,-860],[-503,-1833],[-753,-1301],[-488,-1710],[-41,-840],[-881,-1298],[45,-430],[-2330,-1786],[-1504,-1608],[-1684,-770],[-570,-1005]],[[296010,764651],[-1716,59],[-942,-618],[-1271,-116],[-2174,670],[-632,586],[-1274,-573],[-549,-683],[-1062,-492],[-1118,289],[-1038,-433],[-1256,166],[-811,-503],[-1611,453],[-1599,-253],[-560,322],[-409,1014],[-1633,648],[-1975,-302],[-1763,-685],[-231,-293],[-2011,2169],[-59,1430],[-274,985],[-121,1531],[122,1336],[-380,489],[-873,205],[-2760,1200],[-582,367],[7,1094],[555,2060],[-394,1229],[-405,520],[-1627,1228],[-1887,1673]],[[261697,781423],[-930,929],[-188,2216],[616,2633],[1416,83],[1221,-321],[1120,-687],[898,228],[742,694],[992,2324],[-177,846],[816,1272],[-289,1488],[71,1628],[686,235],[1060,963],[69,2138],[1550,1689],[698,514],[1084,1905],[553,1483],[196,1470],[517,965],[607,-12],[1215,-1165],[911,-425],[2260,910],[906,18],[656,579],[1265,562],[-526,1085],[71,602],[1331,487],[3249,-937],[779,389],[1252,111],[-140,493],[-1391,2222],[-319,1593],[419,1392],[-595,885],[-1113,489],[-618,553],[1415,1458],[1669,2268],[152,569],[-569,1087],[174,916],[-470,812],[-455,2745],[-570,864],[-27,839],[-342,1180],[-540,952],[-1401,1020],[-641,835],[-1087,893],[-1285,557],[-1709,1335],[310,543],[964,-99],[1764,116],[1451,775],[2279,451],[1411,-534],[1157,15],[894,852],[1394,755],[940,-2843],[949,-233],[799,-948],[247,-1282],[-21,-3280],[1018,-987],[1423,-462],[398,-682],[-226,-941],[-1912,-1494],[-75,-338],[466,-1474],[904,-1477],[798,-947],[1637,-1331],[1713,-842],[914,-44],[764,-683],[1489,-953],[1357,93],[1454,-1996],[820,-327],[504,-791],[1213,-942],[864,-1193],[131,-1706],[329,-904],[1920,-1949],[1047,463],[1483,-24],[2034,354],[1082,435],[1668,1609],[785,47],[435,429],[2211,3477],[206,716],[615,236],[1352,1159],[325,793],[-131,1017],[-473,521],[1052,1170],[1876,1270],[1620,481],[1967,2418],[236,574],[-433,999],[-415,1549],[770,1669],[506,598],[-93,796],[1020,1908],[1634,2171],[670,554],[653,1235],[1167,-188],[2192,-133],[1843,288],[1007,-58],[2189,458],[2134,754],[875,486],[292,470],[997,705],[1019,1173],[676,2316],[876,2074],[-138,901],[131,1889],[-75,1103],[-546,689],[-352,1616],[-678,1850],[-356,1711],[-51,1244],[-1538,170],[-585,876],[-252,1067],[-2185,2369],[-1123,801],[-964,1173],[-424,1098],[-922,1608],[-64,1111],[395,2833],[-54,601],[-733,1353],[-1850,2391],[255,1013],[544,775],[-49,1762],[-317,948],[-136,2216],[-355,918],[46,1584],[-1245,218],[-1338,507],[-25,1149],[713,1631],[-387,2640],[343,1606],[-622,1468],[-52,735],[772,603],[-535,1211],[-1340,545],[-852,986],[-370,906],[24,1567],[-981,650],[-468,647],[-77,2143],[345,611],[1115,630],[2010,904],[420,412],[1678,985],[1221,1263],[-1084,2396],[-1365,1256],[-851,1498],[580,531],[944,1355],[-24,614],[-1373,897],[710,1490],[-195,1359],[-456,1040],[-70,1056],[237,1038],[-754,956],[-105,722],[1161,1245],[-138,1499],[-723,1181],[-504,285],[-626,1227],[-392,1203],[-436,655],[-1523,450],[-873,730],[-429,913],[401,1829],[-134,900],[532,717],[778,404],[568,1086],[142,2219],[322,883],[28,1000],[353,2324],[572,580],[1361,667],[654,579],[453,1676],[-402,1496],[-1305,594],[-650,842],[-334,881],[-1456,1182],[-240,611],[-390,2043],[-1177,211],[-840,385],[-1920,2070],[-201,1135],[1701,2961],[197,803],[1016,2186],[981,299],[1554,948]],[[332609,963960],[1269,-1921],[803,-178],[1514,210],[1363,-1497],[1323,-275],[1896,-1080],[1300,-482],[1949,176],[818,-1059],[904,-512],[724,-57],[1071,511],[490,-93],[1129,-861],[1427,30],[2154,-523],[2232,-159],[2045,926],[549,3333],[1196,778],[668,-1041],[1617,-1304],[1656,-159],[828,-1079],[116,-1624],[-502,-997],[-1331,-1057],[-220,-598],[2413,-940],[2123,-469],[1563,-2195],[209,-915],[984,-388],[2123,-215],[472,-1010],[1124,-668],[282,-1154],[-33,-812],[490,-132],[1880,650],[705,-709],[916,20],[2190,3270],[1547,775],[1371,30],[273,1129],[-417,1988],[-54,2444],[1710,642],[1936,158],[560,-931],[1643,-936],[1235,-1129],[704,41],[2308,1450],[1017,-59],[864,-436],[2317,-1487],[2238,-1281],[230,1503],[-17,1356],[969,652],[162,1364],[2110,1130],[-324,1623],[543,1923],[670,687],[698,-306],[1408,1085],[3063,517],[1354,-309],[1590,-1590],[117,-740],[586,-988],[1136,-738],[757,-111]],[[293670,715092],[806,-1034],[735,-1709],[736,-905],[1035,-748],[293,-1100],[632,-1106],[-134,-477]],[[297773,708013],[-384,-415],[-2115,-876],[-1172,-1286],[-18,-925],[-495,-2131],[-545,-776],[107,-1148],[-418,-1405],[480,-1961],[-14,-743],[-848,-1087],[480,-1592],[0,-2208],[528,-1400],[89,-1212],[-212,-1822],[326,-814],[123,-1127],[408,-885],[1577,-2149],[311,-1939],[604,-390],[2129,-2037],[784,-148],[-354,-1522],[44,-685],[553,-1698],[-19,-798],[642,-1871],[746,-646],[982,-1432],[1325,-2787],[936,-1119],[1561,-1293],[893,-320],[318,-674],[1232,-1446],[874,-2630],[1001,-1094],[1103,-1970],[649,-618],[366,-1183],[1054,-834],[243,-801],[1747,-266],[332,-1576],[686,-600],[579,-1646],[653,-1114],[-691,-831],[-833,-1766],[-558,-1562],[-450,-507],[-783,-1813],[-691,-775],[-88,-1610],[332,-918]],[[313882,637132],[-640,-240],[-1417,167],[-1233,849],[-1118,478],[-730,-94],[-1009,-519],[-977,35],[-1587,396],[-1679,98],[-920,306],[-533,488],[-1900,1039],[-371,17],[-1962,-1140],[-509,-982]],[[297297,638030],[-61,-909],[-844,-607],[-1020,-249],[-625,-894],[-765,-2302],[-270,-2392]],[[293712,630677],[-1299,294],[-1323,-205],[-1554,53],[-753,-407],[-1828,340],[-1875,-472],[-2598,511],[-1821,62],[-1319,673],[-626,1236],[-858,839],[-755,432],[-369,667],[-1812,141],[-1013,642],[39,1658],[-516,341],[-760,-413],[-440,212],[-1115,2012],[-870,383],[-344,2643],[-1095,1316],[-1372,814],[239,1527],[-323,567],[-953,549],[1314,645],[-1211,1227],[510,837],[-81,954],[238,524],[-71,1709],[-819,1990],[-251,2135],[21,1896],[-213,1441],[-444,1154],[1,1807],[419,1010],[1499,2046],[654,1792],[-72,834],[755,1167],[952,1870],[-41,1152],[290,405],[151,1151],[389,880],[-284,637],[599,692],[334,1178],[20,1708],[369,802],[43,823],[467,970],[1140,1124],[679,1177],[1182,201],[647,591],[611,949],[332,1031],[-477,469],[374,1447],[441,751],[-675,1067],[116,1727],[450,1232],[1232,1928],[177,1236],[341,420],[-514,1566],[-355,1817],[-76,1132],[430,826],[601,355],[935,1547],[588,1854],[-141,536],[198,1658],[1115,2049],[-164,1394],[567,82],[1119,662],[880,189],[544,631],[1158,860],[886,233],[612,-760],[1061,262],[1443,1024],[891,909],[954,-606],[884,-187],[677,-664],[870,-155]]]}