{"type":"Topology","objects":{"local_levels":{"geometries":[{"properties":{"STATE_CODE":1,"DISTRICT":"TAPLEJUNG","GaPa_NaPa":"Aathrai Tribeni","Type_GN":"Gaunpalika","Province":"1"},"type":"Polygon","arcs":[[-7,-18,-22,-223,-240,-231,-1,-2]],"id":0},{"properties":{"STATE_CODE":1,"DISTRICT":"TAPLEJUNG","GaPa_NaPa":"Maiwakhola","Type_GN":"Gaunpalika","Province":"1"},"type":"Polygon","arcs":[[0,-232,-246,-265,-3]],"id":1},{"properties":{"STATE_CODE":1,"DISTRICT":"TAPLEJUNG","GaPa_NaPa":"Meringden","Type_GN":"Gaunpalika","Province":"1"},"type":"Polygon","arcs":[[-8,1,2,-264,-259,-4]],"id":2},{"properties":{"STATE_CODE":1,"DISTRICT":"TAPLEJUNG","GaPa_NaPa":"Mikwakhola","Type_GN":"Gaunpalika","Province":"1"},"type":"Polygon","arcs":[[-9,3,-258,-243,-5]],"id":3},{"properties":{"STATE_CODE":1,"DISTRICT":"TAPLEJUNG","GaPa_NaPa":"Phaktanglung","Type_GN":"Gaunpalika","Province":"1"},"type":"Polygon","arcs":[[-14,-10,4,-242,5]],"id":4},{"properties":{"STATE_CODE":1,"DISTRICT":"TAPLEJUNG","GaPa_NaPa":"Phungling","Type_GN":"Nagarpalika","Province":"1"},"type":"Polygon","arcs":[[-19,6,7,8,9,-13]],"id":5},{"properties":{"STATE_CODE":1,"DISTRICT":"TAPLEJUNG","GaPa_NaPa":"Sidingba","Type_GN":"Gaunpalika","Province":"1"},"type":"Polygon","arcs":[[-17,-12,10,-36]],"id":6},{"properties":{"STATE_CODE":1,"DISTRICT":"TAPLEJUNG","GaPa_NaPa":"Sirijangha","Type_GN":"Gaunpalika","Province":"1"},"type":"Polygon","arcs":[[11,-16,12,13,14]],"id":7},{"properties":{"STATE_CODE":1,"DISTRICT":"TAPLEJUNG","GaPa_NaPa":"Pathibhara Yangwarak","Type_GN":"Gaunpalika","Province":"1"},"type":"Polygon","arcs":[[15,16,-35,-23,17,18]],"id":8},{"properties":{"STATE_CODE":1,"DISTRICT":"PANCHTHAR","GaPa_NaPa":"Falelung","Type_GN":"Gaunpalika","Province":"1"},"type":"Polygon","arcs":[[19,-61,-27,-21,-33]],"id":9},{"properties":{"STATE_CODE":1,"DISTRICT":"PANCHTHAR","GaPa_NaPa":"Falgunanda","Type_GN":"Gaunpalika","Province":"1"},"type":"Polygon","arcs":[[-44,-39,-42,-26,-24,-28]],"id":10},{"properties":{"STATE_CODE":1,"DISTRICT":"PANCHTHAR","GaPa_NaPa":"Hilihang","Type_GN":"Gaunpalika","Province":"1"},"type":"Polygon","arcs":[[-34,20,-30,-220,21,22]],"id":11},{"properties":{"STATE_CODE":1,"DISTRICT":"PANCHTHAR","GaPa_NaPa":"Kummayak","Type_GN":"Gaunpalika","Province":"1"},"type":"Polygon","arcs":[[23,-25,-32,-224,-233,-237,-222,-29]],"id":12},{"properties":{"STATE_CODE":1,"DISTRICT":"PANCHTHAR","GaPa_NaPa":"Miklajung","Type_GN":"Gaunpalika","Province":"1"},"type":"Polygon","arcs":[[-41,-54,-38,-129,-200,-31,24,25]],"id":13},{"properties":{"STATE_CODE":1,"DISTRICT":"PANCHTHAR","GaPa_NaPa":"Phidim","Type_GN":"Nagarpalika","Province":"1"},"type":"Polygon","arcs":[[26,-60,-45,27,28,-221,29]],"id":14},{"properties":{"STATE_CODE":1,"DISTRICT":"PANCHTHAR","GaPa_NaPa":"Tumbewa","Type_GN":"Gaunpalika","Province":"1"},"type":"Polygon","arcs":[[30,-204,-225,31]],"id":15},{"properties":{"STATE_CODE":1,"DISTRICT":"PANCHTHAR","GaPa_NaPa":"Yangwarak","Type_GN":"Gaunpalika","Province":"1"},"type":"Polygon","arcs":[[32,33,34,35,36]],"id":16},{"properties":{"STATE_CODE":1,"DISTRICT":"ILAM","GaPa_NaPa":"Chulachuli","Type_GN":"Gaunpalika","Province":"1"},"type":"Polygon","arcs":[[-46,-110,-93,-76,-130,37,-53]],"id":17},{"properties":{"STATE_CODE":1,"DISTRICT":"ILAM","GaPa_NaPa":"Deumai","Type_GN":"Nagarpalika","Province":"1"},"type":"Polygon","arcs":[[-47,-51,-40,38,-43]],"id":18},{"properties":{"STATE_CODE":1,"DISTRICT":"ILAM","GaPa_NaPa":"Fakphokthum","Type_GN":"Gaunpalika","Province":"1"},"type":"Polygon","arcs":[[39,-55,40,41]],"id":19},{"properties":{"STATE_CODE":1,"DISTRICT":"ILAM","GaPa_NaPa":"Illam","Type_GN":"Nagarpalika","Province":"1"},"type":"Polygon","arcs":[[-59,-49,-64,-48,42,43,44]],"id":20},{"properties":{"STATE_CODE":1,"DISTRICT":"ILAM","GaPa_NaPa":"Mai","Type_GN":"Nagarpalika","Province":"1"},"type":"Polygon","arcs":[[-63,-67,-98,-105,45,-52,46,47]],"id":21},{"properties":{"STATE_CODE":1,"DISTRICT":"ILAM","GaPa_NaPa":"Maijogmai","Type_GN":"Gaunpalika","Province":"1"},"type":"Polygon","arcs":[[-65,48,-58,49]],"id":22},{"properties":{"STATE_CODE":1,"DISTRICT":"ILAM","GaPa_NaPa":"Mangsebung","Type_GN":"Gaunpalika","Province":"1"},"type":"Polygon","arcs":[[50,51,52,53,54]],"id":23},{"properties":{"STATE_CODE":1,"DISTRICT":"ILAM","GaPa_NaPa":"Rong","Type_GN":"Gaunpalika","Province":"1"},"type":"Polygon","arcs":[[55,-104,-75,-69,-62]],"id":24},{"properties":{"STATE_CODE":1,"DISTRICT":"ILAM","GaPa_NaPa":"Sandakpur","Type_GN":"Gaunpalika","Province":"1"},"type":"Polygon","arcs":[[56,57,58,59,60]],"id":25},{"properties":{"STATE_CODE":1,"DISTRICT":"ILAM","GaPa_NaPa":"Suryodaya","Type_GN":"Nagarpalika","Province":"1"},"type":"Polygon","arcs":[[61,-68,62,63,64,65]],"id":26},{"properties":{"STATE_CODE":1,"DISTRICT":"JHAPA","GaPa_NaPa":"Arjundhara","Type_GN":"Nagarpalika","Province":"1"},"type":"Polygon","arcs":[[-74,-102,-73,-94,66,67,68]],"id":27},{"properties":{"STATE_CODE":1,"DISTRICT":"JHAPA","GaPa_NaPa":"Barhadashi","Type_GN":"Gaunpalika","Province":"1"},"type":"Polygon","arcs":[[-72,-80,-88,-82,-96]],"id":28},{"properties":{"STATE_CODE":1,"DISTRICT":"JHAPA","GaPa_NaPa":"Bhadrapur","Type_GN":"Nagarpalika","Province":"1"},"type":"Polygon","arcs":[[69,-85,-79,-71,-100]],"id":29},{"properties":{"STATE_CODE":1,"DISTRICT":"JHAPA","GaPa_NaPa":"Birtamod","Type_GN":"Nagarpalika","Province":"1"},"type":"Polygon","arcs":[[-101,70,-81,71,-95,72]],"id":30},{"properties":{"STATE_CODE":1,"DISTRICT":"JHAPA","GaPa_NaPa":"Buddhashanti","Type_GN":"Gaunpalika","Province":"1"},"type":"Polygon","arcs":[[-103,73,74]],"id":31},{"properties":{"STATE_CODE":1,"DISTRICT":"JHAPA","GaPa_NaPa":"Damak","Type_GN":"Nagarpalika","Province":"1"},"type":"Polygon","arcs":[[-92,-154,-131,75]],"id":32},{"properties":{"STATE_CODE":1,"DISTRICT":"JHAPA","GaPa_NaPa":"Gauradhaha","Type_GN":"Nagarpalika","Province":"1"},"type":"Polygon","arcs":[[-78,-141,-156,-91]],"id":33},{"properties":{"STATE_CODE":1,"DISTRICT":"JHAPA","GaPa_NaPa":"Gauriganj","Type_GN":"Gaunpalika","Province":"1"},"type":"Polygon","arcs":[[-84,76,-142,77,-90,-108]],"id":34},{"properties":{"STATE_CODE":1,"DISTRICT":"JHAPA","GaPa_NaPa":"Haldibari","Type_GN":"Gaunpalika","Province":"1"},"type":"Polygon","arcs":[[78,-89,79,80]],"id":35},{"properties":{"STATE_CODE":1,"DISTRICT":"JHAPA","GaPa_NaPa":"Jhapa","Type_GN":"Gaunpalika","Province":"1"},"type":"Polygon","arcs":[[81,-87,82,83,-107,-97]],"id":36},{"properties":{"STATE_CODE":1,"DISTRICT":"JHAPA","GaPa_NaPa":"Kachankawal","Type_GN":"Gaunpalika","Province":"1"},"type":"Polygon","arcs":[[84,85,86,87,88]],"id":37},{"properties":{"STATE_CODE":1,"DISTRICT":"JHAPA","GaPa_NaPa":"Kamal","Type_GN":"Gaunpalika","Province":"1"},"type":"Polygon","arcs":[[-109,89,90,-155,91,92]],"id":38},{"properties":{"STATE_CODE":1,"DISTRICT":"JHAPA","GaPa_NaPa":"Kankai","Type_GN":"Nagarpalika","Province":"1"},"type":"Polygon","arcs":[[93,94,95,96,-106,97]],"id":39},{"properties":{"STATE_CODE":1,"DISTRICT":"JHAPA","GaPa_NaPa":"Mechinagar","Type_GN":"Nagarpalika","Province":"1"},"type":"Polygon","arcs":[[98,99,100,101,102,103]],"id":40},{"properties":{"STATE_CODE":1,"DISTRICT":"JHAPA","GaPa_NaPa":"Shivasataxi","Type_GN":"Nagarpalika","Province":"1"},"type":"Polygon","arcs":[[104,105,106,107,108,109]],"id":41},{"properties":{"STATE_CODE":1,"DISTRICT":"MORANG","GaPa_NaPa":"Belbari","Type_GN":"Nagarpalika","Province":"1"},"type":"Polygon","arcs":[[-120,-140,-114,-146,-125,-127]],"id":42},{"properties":{"STATE_CODE":1,"DISTRICT":"MORANG","GaPa_NaPa":"Biratnagar","Type_GN":"Mahanagarpalika","Province":"1"},"type":"Polygon","arcs":[[-123,-119,110,-161,-170,-112,-115]],"id":43},{"properties":{"STATE_CODE":1,"DISTRICT":"MORANG","GaPa_NaPa":"Budhiganga","Type_GN":"Gaunpalika","Province":"1"},"type":"Polygon","arcs":[[-116,111,-169,-184,-148]],"id":44},{"properties":{"STATE_CODE":1,"DISTRICT":"MORANG","GaPa_NaPa":"Dhanpalthan","Type_GN":"Gaunpalika","Province":"1"},"type":"Polygon","arcs":[[-137,112,-117,-121]],"id":45},{"properties":{"STATE_CODE":1,"DISTRICT":"MORANG","GaPa_NaPa":"Gramthan","Type_GN":"Gaunpalika","Province":"1"},"type":"Polygon","arcs":[[113,-139,-124,114,115,-147]],"id":46},{"properties":{"STATE_CODE":1,"DISTRICT":"MORANG","GaPa_NaPa":"Jahada","Type_GN":"Gaunpalika","Province":"1"},"type":"Polygon","arcs":[[116,117,118,-122]],"id":47},{"properties":{"STATE_CODE":1,"DISTRICT":"MORANG","GaPa_NaPa":"Kanepokhari","Type_GN":"Gaunpalika","Province":"1"},"type":"Polygon","arcs":[[-133,-152,-135,119,-126]],"id":48},{"properties":{"STATE_CODE":1,"DISTRICT":"MORANG","GaPa_NaPa":"Katahari","Type_GN":"Gaunpalika","Province":"1"},"type":"Polygon","arcs":[[-138,120,121,122,123]],"id":49},{"properties":{"STATE_CODE":1,"DISTRICT":"MORANG","GaPa_NaPa":"Kerabari","Type_GN":"Gaunpalika","Province":"1"},"type":"Polygon","arcs":[[-128,124,-145,-182,-167,-213,-203]],"id":50},{"properties":{"STATE_CODE":1,"DISTRICT":"MORANG","GaPa_NaPa":"Letang","Type_GN":"Nagarpalika","Province":"1"},"type":"Polygon","arcs":[[-132,-159,-134,125,126,127,-202]],"id":51},{"properties":{"STATE_CODE":1,"DISTRICT":"MORANG","GaPa_NaPa":"Miklajung","Type_GN":"Gaunpalika","Province":"1"},"type":"Polygon","arcs":[[128,129,130,-160,131,-201]],"id":52},{"properties":{"STATE_CODE":1,"DISTRICT":"MORANG","GaPa_NaPa":"Patahrishanishchare","Type_GN":"Nagarpalika","Province":"1"},"type":"Polygon","arcs":[[-158,-144,-153,132,133]],"id":53},{"properties":{"STATE_CODE":1,"DISTRICT":"MORANG","GaPa_NaPa":"Rangeli","Type_GN":"Nagarpalika","Province":"1"},"type":"Polygon","arcs":[[134,-151,135,136,137,138,139]],"id":54},{"properties":{"STATE_CODE":1,"DISTRICT":"MORANG","GaPa_NaPa":"Ratuwamai","Type_GN":"Nagarpalika","Province":"1"},"type":"Polygon","arcs":[[140,141,142,-149,143,-157]],"id":55},{"properties":{"STATE_CODE":1,"DISTRICT":"MORANG","GaPa_NaPa":"Sundarharaicha","Type_GN":"Nagarpalika","Province":"1"},"type":"Polygon","arcs":[[144,145,146,147,-183]],"id":56},{"properties":{"STATE_CODE":1,"DISTRICT":"MORANG","GaPa_NaPa":"Sunwarshi","Type_GN":"Nagarpalika","Province":"1"},"type":"Polygon","arcs":[[148,149,150,151,152]],"id":57},{"properties":{"STATE_CODE":1,"DISTRICT":"MORANG","GaPa_NaPa":"Uralabari","Type_GN":"Nagarpalika","Province":"1"},"type":"Polygon","arcs":[[153,154,155,156,157,158,159]],"id":58},{"properties":{"STATE_CODE":1,"DISTRICT":"SUNSARI","GaPa_NaPa":"Barah","Type_GN":"Nagarpalika","Province":"1"},"type":"Polygon","arcs":[[-168,-195,-164,-191,-199,-380,-215]],"id":59},{"properties":{"STATE_CODE":1,"DISTRICT":"SUNSARI","GaPa_NaPa":"Barju","Type_GN":"Gaunpalika","Province":"1"},"type":"Polygon","arcs":[[-171,160,161,-165,-173]],"id":60},{"properties":{"STATE_CODE":1,"DISTRICT":"SUNSARI","GaPa_NaPa":"Bhokraha Narsingh","Type_GN":"Gaunpalika","Province":"1"},"type":"Polygon","arcs":[[-194,-181,-177,162,-189,163]],"id":61},{"properties":{"STATE_CODE":1,"DISTRICT":"SUNSARI","GaPa_NaPa":"Dewanganj","Type_GN":"Gaunpalika","Province":"1"},"type":"Polygon","arcs":[[164,165,-175,-174]],"id":62},{"properties":{"STATE_CODE":1,"DISTRICT":"SUNSARI","GaPa_NaPa":"Dharan","Type_GN":"Upamahanagarpalika","Province":"1"},"type":"Polygon","arcs":[[166,-188,-196,167,-214]],"id":63},{"properties":{"STATE_CODE":1,"DISTRICT":"SUNSARI","GaPa_NaPa":"Duhabi","Type_GN":"Nagarpalika","Province":"1"},"type":"Polygon","arcs":[[168,169,170,-172,-185]],"id":64},{"properties":{"STATE_CODE":1,"DISTRICT":"SUNSARI","GaPa_NaPa":"Gadhi","Type_GN":"Gaunpalika","Province":"1"},"type":"Polygon","arcs":[[171,172,173,-178,-179,-186]],"id":65},{"properties":{"STATE_CODE":1,"DISTRICT":"SUNSARI","GaPa_NaPa":"Harinagar","Type_GN":"Gaunpalika","Province":"1"},"type":"Polygon","arcs":[[174,175,176,-180,177]],"id":66},{"properties":{"STATE_CODE":1,"DISTRICT":"SUNSARI","GaPa_NaPa":"Inaruwa","Type_GN":"Nagarpalika","Province":"1"},"type":"Polygon","arcs":[[-187,178,179,180,-193]],"id":67},{"properties":{"STATE_CODE":1,"DISTRICT":"SUNSARI","GaPa_NaPa":"Itahari","Type_GN":"Upamahanagarpalika","Province":"1"},"type":"Polygon","arcs":[[181,182,183,184,185,186,-192,187]],"id":68},{"properties":{"STATE_CODE":1,"DISTRICT":"SUNSARI","GaPa_NaPa":"Koshi","Type_GN":"Gaunpalika","Province":"1"},"type":"Polygon","arcs":[[188,189,-197,190]],"id":69},{"properties":{"STATE_CODE":1,"DISTRICT":"SUNSARI","GaPa_NaPa":"Ramdhuni","Type_GN":"Nagarpalika","Province":"1"},"type":"Polygon","arcs":[[191,192,193,194,195]],"id":70},{"properties":{"STATE_CODE":1,"DISTRICT":"SUNSARI","GaPa_NaPa":"Koshi Tappu Wildlife Reserve","Type_GN":"Wildlife Reserve","Province":"1"},"type":"Polygon","arcs":[[196,197,-413,198]],"id":71},{"properties":{"STATE_CODE":1,"DISTRICT":"DHANKUTA","GaPa_NaPa":"Chaubise","Type_GN":"Gaunpalika","Province":"1"},"type":"Polygon","arcs":[[199,200,201,202,-219,-205,-226,203]],"id":72},{"properties":{"STATE_CODE":1,"DISTRICT":"DHANKUTA","GaPa_NaPa":"Chhathar Jorpati","Type_GN":"Gaunpalika","Province":"1"},"type":"Polygon","arcs":[[204,-218,-206,-209,-208,-229,-227]],"id":73},{"properties":{"STATE_CODE":1,"DISTRICT":"DHANKUTA","GaPa_NaPa":"Dhankuta","Type_GN":"Nagarpalika","Province":"1"},"type":"Polygon","arcs":[[-217,-207,-210,205]],"id":74},{"properties":{"STATE_CODE":1,"DISTRICT":"DHANKUTA","GaPa_NaPa":"Shahidbhumi","Type_GN":"Gaunpalika","Province":"1"},"type":"Polygon","arcs":[[206,-216,-378,-280,-211]],"id":75},{"properties":{"STATE_CODE":1,"DISTRICT":"DHANKUTA","GaPa_NaPa":"Mahalaxmi","Type_GN":"Nagarpalika","Province":"1"},"type":"Polygon","arcs":[[-230,207,-212,-276,-249]],"id":76},{"properties":{"STATE_CODE":1,"DISTRICT":"DHANKUTA","GaPa_NaPa":"Pakhribas","Type_GN":"Nagarpalika","Province":"1"},"type":"Polygon","arcs":[[208,209,210,-279,-282,-277,211]],"id":77},{"properties":{"STATE_CODE":1,"DISTRICT":"DHANKUTA","GaPa_NaPa":"Sangurigadhi","Type_GN":"Gaunpalika","Province":"1"},"type":"Polygon","arcs":[[212,213,214,-379,215,216,217,218]],"id":78},{"properties":{"STATE_CODE":1,"DISTRICT":"TERHATHUM","GaPa_NaPa":"Aathrai","Type_GN":"Gaunpalika","Province":"1"},"type":"Polygon","arcs":[[219,220,221,-241,222]],"id":79},{"properties":{"STATE_CODE":1,"DISTRICT":"TERHATHUM","GaPa_NaPa":"Chhathar","Type_GN":"Gaunpalika","Province":"1"},"type":"Polygon","arcs":[[-234,223,224,225,226,-228]],"id":80},{"properties":{"STATE_CODE":1,"DISTRICT":"TERHATHUM","GaPa_NaPa":"Laligurans","Type_GN":"Nagarpalika","Province":"1"},"type":"Polygon","arcs":[[227,228,229,-248,-235]],"id":81},{"properties":{"STATE_CODE":1,"DISTRICT":"TERHATHUM","GaPa_NaPa":"Menchayam","Type_GN":"Gaunpalika","Province":"1"},"type":"Polygon","arcs":[[230,-239,-236,-253,-245,231]],"id":82},{"properties":{"STATE_CODE":1,"DISTRICT":"TERHATHUM","GaPa_NaPa":"Myanglung","Type_GN":"Nagarpalika","Province":"1"},"type":"Polygon","arcs":[[-238,232,233,234,-247,-254,235]],"id":83},{"properties":{"STATE_CODE":1,"DISTRICT":"TERHATHUM","GaPa_NaPa":"Phedap","Type_GN":"Gaunpalika","Province":"1"},"type":"Polygon","arcs":[[236,237,238,239,240]],"id":84},{"properties":{"STATE_CODE":1,"DISTRICT":"SANKHUWASABHA","GaPa_NaPa":"Bhotkhola","Type_GN":"Gaunpalika","Province":"1"},"type":"Polygon","arcs":[[241,242,-257,243]],"id":85},{"properties":{"STATE_CODE":1,"DISTRICT":"SANKHUWASABHA","GaPa_NaPa":"Chainpur","Type_GN":"Nagarpalika","Province":"1"},"type":"Polygon","arcs":[[244,-256,-250,-274,-293,-251,-262,-266,245]],"id":86},{"properties":{"STATE_CODE":1,"DISTRICT":"SANKHUWASABHA","GaPa_NaPa":"Chichila","Type_GN":"Gaunpalika","Province":"1"},"type":"Polygon","arcs":[[-269,-252,-271,-260]],"id":87},{"properties":{"STATE_CODE":1,"DISTRICT":"SANKHUWASABHA","GaPa_NaPa":"Dharmadevi","Type_GN":"Nagarpalika","Province":"1"},"type":"Polygon","arcs":[[246,247,248,-275,249,-255]],"id":88},{"properties":{"STATE_CODE":1,"DISTRICT":"SANKHUWASABHA","GaPa_NaPa":"Khandbari","Type_GN":"Nagarpalika","Province":"1"},"type":"Polygon","arcs":[[-268,-263,250,-292,-290,-272,251]],"id":89},{"properties":{"STATE_CODE":1,"DISTRICT":"SANKHUWASABHA","GaPa_NaPa":"Madi","Type_GN":"Nagarpalika","Province":"1"},"type":"Polygon","arcs":[[252,253,254,255]],"id":90},{"properties":{"STATE_CODE":1,"DISTRICT":"SANKHUWASABHA","GaPa_NaPa":"Makalu","Type_GN":"Gaunpalika","Province":"1"},"type":"Polygon","arcs":[[256,257,258,-270,259,-273,-309,-302,260]],"id":91},{"properties":{"STATE_CODE":1,"DISTRICT":"SANKHUWASABHA","GaPa_NaPa":"Panchakhapan","Type_GN":"Nagarpalika","Province":"1"},"type":"Polygon","arcs":[[261,262,-267]],"id":92},{"properties":{"STATE_CODE":1,"DISTRICT":"SANKHUWASABHA","GaPa_NaPa":"Sabhapokhari","Type_GN":"Gaunpalika","Province":"1"},"type":"Polygon","arcs":[[263,264,265,266,267,268,269]],"id":93},{"properties":{"STATE_CODE":1,"DISTRICT":"SANKHUWASABHA","GaPa_NaPa":"Silichong","Type_GN":"Gaunpalika","Province":"1"},"type":"Polygon","arcs":[[270,271,-291,-306,272]],"id":94},{"properties":{"STATE_CODE":1,"DISTRICT":"BHOJPUR","GaPa_NaPa":"Aamchowk","Type_GN":"Gaunpalika","Province":"1"},"type":"Polygon","arcs":[[-281,-382,-384,-351,-359,-288]],"id":95},{"properties":{"STATE_CODE":1,"DISTRICT":"BHOJPUR","GaPa_NaPa":"Arun","Type_GN":"Gaunpalika","Province":"1"},"type":"Polygon","arcs":[[273,274,275,276,-285,-278,-294]],"id":96},{"properties":{"STATE_CODE":1,"DISTRICT":"BHOJPUR","GaPa_NaPa":"Bhojpur","Type_GN":"Nagarpalika","Province":"1"},"type":"Polygon","arcs":[[277,-284,-289,-297,-295]],"id":97},{"properties":{"STATE_CODE":1,"DISTRICT":"BHOJPUR","GaPa_NaPa":"Hatuwagadhi","Type_GN":"Gaunpalika","Province":"1"},"type":"Polygon","arcs":[[278,279,-383,280,-287,-283]],"id":98},{"properties":{"STATE_CODE":1,"DISTRICT":"BHOJPUR","GaPa_NaPa":"Pauwadungma","Type_GN":"Gaunpalika","Province":"1"},"type":"Polygon","arcs":[[281,282,-286,283,284]],"id":99},{"properties":{"STATE_CODE":1,"DISTRICT":"BHOJPUR","GaPa_NaPa":"Ramprasad Rai","Type_GN":"Gaunpalika","Province":"1"},"type":"Polygon","arcs":[[285,286,287,-358,-298,288]],"id":100},{"properties":{"STATE_CODE":1,"DISTRICT":"BHOJPUR","GaPa_NaPa":"Salpasilichho","Type_GN":"Gaunpalika","Province":"1"},"type":"Polygon","arcs":[[289,-296,-299,-353,-307,290]],"id":101},{"properties":{"STATE_CODE":1,"DISTRICT":"BHOJPUR","GaPa_NaPa":"Shadananda","Type_GN":"Nagarpalika","Province":"1"},"type":"Polygon","arcs":[[291,292,293,294,-300,295]],"id":102},{"properties":{"STATE_CODE":1,"DISTRICT":"BHOJPUR","GaPa_NaPa":"Tyamkemaiyung","Type_GN":"Gaunpalika","Province":"1"},"type":"Polygon","arcs":[[296,297,-363,-377,-368,-354,298,299]],"id":103},{"properties":{"STATE_CODE":1,"DISTRICT":"SOLUKHUMBU","GaPa_NaPa":"Thulung Dudhkoshi","Type_GN":"Gaunpalika","Province":"1"},"type":"Polygon","arcs":[[-317,-346,-310,-312,-301]],"id":104},{"properties":{"STATE_CODE":1,"DISTRICT":"SOLUKHUMBU","GaPa_NaPa":"Dudhkoshi","Type_GN":"Gaunpalika","Province":"1"},"type":"Polygon","arcs":[[-318,300,-311,-303]],"id":105},{"properties":{"STATE_CODE":1,"DISTRICT":"SOLUKHUMBU","GaPa_NaPa":"Khumbupasanglahmu","Type_GN":"Gaunpalika","Province":"1"},"type":"Polygon","arcs":[[301,-308,-319,302,-316,303]],"id":106},{"properties":{"STATE_CODE":1,"DISTRICT":"SOLUKHUMBU","GaPa_NaPa":"Likhupike","Type_GN":"Gaunpalika","Province":"1"},"type":"Polygon","arcs":[[-314,-326,304]],"id":107},{"properties":{"STATE_CODE":1,"DISTRICT":"SOLUKHUMBU","GaPa_NaPa":"Mahakulung","Type_GN":"Gaunpalika","Province":"1"},"type":"Polygon","arcs":[[305,306,-357,-320,307,308]],"id":108},{"properties":{"STATE_CODE":1,"DISTRICT":"SOLUKHUMBU","GaPa_NaPa":"Nechasalyan","Type_GN":"Gaunpalika","Province":"1"},"type":"Polygon","arcs":[[309,-345,-322,-333,-313]],"id":109},{"properties":{"STATE_CODE":1,"DISTRICT":"SOLUKHUMBU","GaPa_NaPa":"Solududhakunda","Type_GN":"Nagarpalika","Province":"1"},"type":"Polygon","arcs":[[310,311,312,-338,-323,313,314,315]],"id":110},{"properties":{"STATE_CODE":1,"DISTRICT":"SOLUKHUMBU","GaPa_NaPa":"Sotang","Type_GN":"Gaunpalika","Province":"1"},"type":"Polygon","arcs":[[-356,-347,316,317,318,319]],"id":111},{"properties":{"STATE_CODE":1,"DISTRICT":"OKHALDHUNGA","GaPa_NaPa":"Champadevi","Type_GN":"Gaunpalika","Province":"1"},"type":"Polygon","arcs":[[-324,-331,-342,320,-327]],"id":112},{"properties":{"STATE_CODE":1,"DISTRICT":"OKHALDHUNGA","GaPa_NaPa":"Chisankhugadhi","Type_GN":"Gaunpalika","Province":"1"},"type":"Polygon","arcs":[[-344,-366,-334,321]],"id":113},{"properties":{"STATE_CODE":1,"DISTRICT":"OKHALDHUNGA","GaPa_NaPa":"Khijidemba","Type_GN":"Gaunpalika","Province":"1"},"type":"Polygon","arcs":[[322,-337,-332,323,-329,324,325]],"id":114},{"properties":{"STATE_CODE":1,"DISTRICT":"OKHALDHUNGA","GaPa_NaPa":"Likhu","Type_GN":"Gaunpalika","Province":"1"},"type":"Polygon","arcs":[[326,327,328]],"id":115},{"properties":{"STATE_CODE":1,"DISTRICT":"OKHALDHUNGA","GaPa_NaPa":"Manebhanjyang","Type_GN":"Gaunpalika","Province":"1"},"type":"Polygon","arcs":[[-349,-391,329,-340,-335]],"id":116},{"properties":{"STATE_CODE":1,"DISTRICT":"OKHALDHUNGA","GaPa_NaPa":"Molung","Type_GN":"Gaunpalika","Province":"1"},"type":"Polygon","arcs":[[-343,330,331,-336]],"id":117},{"properties":{"STATE_CODE":1,"DISTRICT":"OKHALDHUNGA","GaPa_NaPa":"Siddhicharan","Type_GN":"Nagarpalika","Province":"1"},"type":"Polygon","arcs":[[332,333,-365,-350,334,-339,335,336,337]],"id":118},{"properties":{"STATE_CODE":1,"DISTRICT":"OKHALDHUNGA","GaPa_NaPa":"Sunkoshi","Type_GN":"Gaunpalika","Province":"1"},"type":"Polygon","arcs":[[338,339,340,341,342]],"id":119},{"properties":{"STATE_CODE":1,"DISTRICT":"KHOTANG","GaPa_NaPa":"Ainselukhark","Type_GN":"Gaunpalika","Province":"1"},"type":"Polygon","arcs":[[-355,-372,-367,343,344,345,346]],"id":120},{"properties":{"STATE_CODE":1,"DISTRICT":"KHOTANG","GaPa_NaPa":"Barahapokhari","Type_GN":"Gaunpalika","Province":"1"},"type":"Polygon","arcs":[[-387,-402,-393,-361,-352]],"id":121},{"properties":{"STATE_CODE":1,"DISTRICT":"KHOTANG","GaPa_NaPa":"Diprung","Type_GN":"Gaunpalika","Province":"1"},"type":"Polygon","arcs":[[-375,-362,-394,-395,-348,-369]],"id":122},{"properties":{"STATE_CODE":1,"DISTRICT":"KHOTANG","GaPa_NaPa":"Halesi Tuwachung","Type_GN":"Nagarpalika","Province":"1"},"type":"Polygon","arcs":[[-370,347,-397,-400,-389,348,349,-364]],"id":123},{"properties":{"STATE_CODE":1,"DISTRICT":"KHOTANG","GaPa_NaPa":"Jantedhunga","Type_GN":"Gaunpalika","Province":"1"},"type":"Polygon","arcs":[[350,-388,351,-360]],"id":124},{"properties":{"STATE_CODE":1,"DISTRICT":"KHOTANG","GaPa_NaPa":"Kepilasagadhi","Type_GN":"Gaunpalika","Province":"1"},"type":"Polygon","arcs":[[352,353,-373,354,355,356]],"id":125},{"properties":{"STATE_CODE":1,"DISTRICT":"KHOTANG","GaPa_NaPa":"Khotehang","Type_GN":"Gaunpalika","Province":"1"},"type":"Polygon","arcs":[[357,358,359,360,-392,361,-374,362]],"id":126},{"properties":{"STATE_CODE":1,"DISTRICT":"KHOTANG","GaPa_NaPa":"Rawa Besi","Type_GN":"Gaunpalika","Province":"1"},"type":"Polygon","arcs":[[-371,363,364,365,366]],"id":127},{"properties":{"STATE_CODE":1,"DISTRICT":"KHOTANG","GaPa_NaPa":"Rupakot Majhuwagadhi","Type_GN":"Nagarpalika","Province":"1"},"type":"Polygon","arcs":[[367,-376,368,369,370,371,372]],"id":128},{"properties":{"STATE_CODE":1,"DISTRICT":"KHOTANG","GaPa_NaPa":"Sakela","Type_GN":"Gaunpalika","Province":"1"},"type":"Polygon","arcs":[[373,374,375,376]],"id":129},{"properties":{"STATE_CODE":1,"DISTRICT":"UDAYAPUR","GaPa_NaPa":"Belaka","Type_GN":"Nagarpalika","Province":"1"},"type":"Polygon","arcs":[[377,378,379,-412,380,-385,381,382]],"id":130},{"properties":{"STATE_CODE":1,"DISTRICT":"UDAYAPUR","GaPa_NaPa":"Chaudandigadhi","Type_GN":"Nagarpalika","Province":"1"},"type":"Polygon","arcs":[[383,384,385,-403,386,387]],"id":131},{"properties":{"STATE_CODE":1,"DISTRICT":"UDAYAPUR","GaPa_NaPa":"Katari","Type_GN":"Nagarpalika","Province":"1"},"type":"Polygon","arcs":[[388,-399,-410,389,390]],"id":132},{"properties":{"STATE_CODE":1,"DISTRICT":"UDAYAPUR","GaPa_NaPa":"Rautamai","Type_GN":"Gaunpalika","Province":"1"},"type":"Polygon","arcs":[[391,392,-405,-407,-398,-396,393]],"id":133},{"properties":{"STATE_CODE":1,"DISTRICT":"UDAYAPUR","GaPa_NaPa":"Sunkoshi","Type_GN":"Gaunpalika","Province":"1"},"type":"Polygon","arcs":[[394,395,-401,396]],"id":134},{"properties":{"STATE_CODE":1,"DISTRICT":"UDAYAPUR","GaPa_NaPa":"Tapli","Type_GN":"Gaunpalika","Province":"1"},"type":"Polygon","arcs":[[397,-406,398,399,400]],"id":135},{"properties":{"STATE_CODE":1,"DISTRICT":"UDAYAPUR","GaPa_NaPa":"Triyuga","Type_GN":"Nagarpalika","Province":"1"},"type":"Polygon","arcs":[[401,402,403,-408,404]],"id":136},{"properties":{"STATE_CODE":1,"DISTRICT":"UDAYAPUR","GaPa_NaPa":"Udayapurgadhi","Type_GN":"Gaunpalika","Province":"1"},"type":"Polygon","arcs":[[405,406,407,408,409]],"id":137},{"properties":{"STATE_CODE":1,"DISTRICT":"UDAYAPUR","GaPa_NaPa":"Koshi Tappu Wildlife Reserve","Type_GN":"Wildlife Reserve","Province":"1"},"type":"Polygon","arcs":[[410,411,412]],"id":138}],"type":"GeometryCollection"}},"bbox":[86.15826776900008,26.34742364400006,88.20429852100006,28.112817145000065],"transform":{"scale":[2.046032798032777e-06,1.7653952663952718e-06],"translate":[86.15826776900008,26.34742364400006]},"arcs":[[[708880,579766],[-726,-838],[-199,-1320],[-738,-2009],[-240,-1455],[-1237,-2008],[-835,-898],[-1275,-3494],[919,-3119],[-209,-345],[-2795,-792],[-861,-1051],[-1994,-283],[-1281,-568],[-4258,-2554],[-3174,-3694],[-550,-1423],[-1598,-1576],[-822,-530],[-1364,-1422],[-811,-1545],[-1007,-578],[-893,-1166],[-1527,-464],[-374,-2138],[159,-1155],[-1460,-2489],[-783,-300],[-1152,-1894],[-162,-3144]],[[716661,574784],[-26,1243],[-493,767],[-927,139],[-1234,1247],[-3925,732],[-1176,854]],[[708880,579766],[-1149,533],[-1247,1],[-1092,955],[-1602,-285],[-2909,897],[-992,-705],[-1598,-532],[-1629,-95],[-1734,-857],[-1165,-171],[-1055,299],[-467,-1115],[-2578,1375],[-918,-157],[-2021,1078],[-1789,356],[-1218,1518],[-123,853],[-1647,1283],[-132,1082],[-1220,853],[-582,2254],[-1406,897],[-876,2539],[-1038,1607],[-1265,273],[-286,984],[-1224,406],[-901,1409],[-1487,867],[-1029,1240],[-1633,944],[-2102,2061],[-888,1619],[146,1302],[-760,1291],[-2,1324],[-660,527],[-1384,-641],[-778,369],[-714,1365],[-375,1936],[-1457,832],[-838,-72],[-1320,394],[-1963,1568],[-1531,539],[-1174,1013],[-89,1495],[345,1086],[-14,1818],[977,1418],[-184,887],[-977,467],[-529,852],[-1376,790],[-1484,2844],[-1370,1158],[-2536,3419],[-1509,2739],[-767,3101],[-684,1234],[-1460,1606],[-1800,1102]],[[719287,582963],[-182,1007],[409,1605],[-761,3020],[-831,1021],[86,1840],[-625,1376],[-1071,3740],[-782,1037],[-603,2008],[93,2299],[-514,1344],[-797,1085],[105,2268],[-670,876],[149,2282],[-389,436],[-305,2005],[447,3558],[333,1112],[-223,5282],[-380,594],[-1121,3572],[-1969,2404],[-227,1384],[451,1063],[208,1747],[-209,1452],[835,2293],[-97,2414],[551,1932],[201,2046],[381,646],[-991,1423],[-2093,1359],[-2017,413],[-1163,-97],[-832,553],[-225,760],[-1367,320],[-721,802],[-1527,1007],[-778,122],[-593,927],[25,827],[-1004,198],[-609,1630],[-998,439],[-691,1022],[155,2857],[-78,1855],[-574,2149],[-1703,1553],[-1339,654],[-2079,-482],[-1837,322],[-735,383],[-952,-130],[-733,675],[-1667,-104],[-1967,926],[-1028,1267],[-160,1983],[-1725,857],[-460,830],[-1093,659],[-3600,1323],[-630,459],[-1307,73],[-1536,595],[-647,1664],[-897,460],[-935,1240],[132,1190],[-1618,2586],[-1025,6],[-729,697],[-56,1342],[-835,373],[-1291,1220],[-1631,4059],[-436,586],[612,1015],[-185,629],[990,1141],[1966,3646],[68,1061],[-472,1712],[124,1239],[-735,1100],[191,2157],[483,852],[4,1168],[1102,1199],[1560,998]],[[747332,600907],[-2974,-412],[-961,-944],[-876,128],[-482,1744],[-1084,1163],[-36,1239],[-1705,2229],[1322,720],[-2153,895],[-868,850],[-2310,686],[-1178,1041],[577,6531],[-140,1179],[-680,2458],[237,1918],[-289,1120],[-1898,2264],[-539,1766],[256,3615],[463,1837],[109,2350],[996,3212],[623,2577],[920,1585],[2070,2480],[969,817],[864,1787],[987,1154],[1074,1859],[87,2117],[-827,933],[-505,1874],[98,1138],[570,1839],[-287,1349],[434,2124],[-804,869],[-1007,2473],[564,2456],[-700,1438],[-128,958],[1253,719],[1560,1847],[2314,920],[1939,1707],[1396,291],[1594,929],[1105,1187],[2013,692],[2630,1407],[2358,1635],[345,1133],[1143,1222],[1320,451],[1467,1259],[121,784],[810,738],[1284,2049],[258,1064],[1609,3752],[597,765],[1162,422],[624,1180],[656,244],[1583,1369],[3404,1886],[-429,399],[-216,1824],[-486,1043],[-19,1068],[-576,2736],[-461,966],[63,2133],[-296,1161],[741,4313],[-2301,-299],[-602,629],[-1097,320],[-247,1031],[-741,806],[188,1114],[703,1307],[-145,1146],[607,277],[89,1499],[-2373,3023],[-73,1427],[1988,1945],[-347,991],[901,2295],[86,936],[-977,2005],[8,1354],[1135,972],[370,1153],[-1527,1206],[-1676,1604],[-684,253],[1236,2710],[-91,1811],[-1498,2623],[-3084,2538],[-2113,992],[-169,2196],[-2106,2428],[-449,1023],[-1268,622],[-852,900],[332,1633],[-317,1126],[-1518,1165],[-686,1836],[-2599,848],[-1214,1246],[566,2069],[-117,719],[-2854,2463],[-921,1326],[-614,421],[-1836,2019],[-2923,2713],[-1111,1974],[-257,1021],[-806,140],[-1782,989],[-811,1348],[-1399,809],[-1999,506],[-611,414]],[[737895,826561],[3952,444],[935,1440],[2216,-199],[1155,435],[615,696],[1720,294],[1243,-148],[1173,-682],[904,-6],[2311,733],[2968,-1042],[1203,737],[1763,-290],[3916,-1281],[786,-961],[1487,-988],[927,-76],[1588,783],[1997,1340],[914,1438],[864,812],[-176,980],[-850,1589],[-175,886],[640,1209],[382,1489],[773,741],[686,1254],[1388,1390],[751,2675],[820,904],[2538,-535],[1584,393],[360,443],[954,2862],[568,655],[897,3320],[841,1088],[1854,2946],[755,2059],[882,831],[2710,1077],[994,1199],[1514,502],[-760,1479],[754,1903],[-679,1422],[-852,630],[-46,1395],[1004,2014],[267,2062],[647,1168],[394,1538],[1152,1320],[786,3499],[863,1054],[2038,946],[1830,547],[1701,1673],[3127,1553],[1075,1264],[-174,1475],[1919,2643],[2023,1894],[1461,-333],[1136,438],[978,-1368],[1007,-153],[1086,1132],[329,3122],[677,1546],[-392,2123],[-937,888],[400,2351],[865,2204],[549,890],[581,1837],[970,785],[205,2331],[1145,-722],[2582,-654],[813,-6],[1273,-936],[758,-932],[1126,-364],[1309,1162],[2186,84],[866,-173],[396,-740],[12,-1405],[335,-951],[-27,-1629],[648,-1913],[-993,-2481],[-1376,-1453],[-193,-557],[1652,-982],[1424,-1740],[162,-1698],[1232,-1359],[623,-3241],[713,-1154],[3052,1730],[2399,529],[2308,-988],[2975,-1629],[1090,80],[4574,781],[1403,591],[641,1023],[2064,1356],[1440,-324],[1217,505],[1090,25],[895,-609],[1251,-144],[5250,1152],[1400,-435],[955,-1435],[419,-1208],[926,-767],[1686,-749],[5646,-113],[1400,-491],[209,-1039],[539,-351],[2118,-3677],[981,-1403],[251,-1174],[993,-1203],[810,-485],[1293,-212],[2758,-1440],[3352,-999],[756,-966],[788,998],[2235,1031],[1976,1780],[1286,547],[564,1246],[1027,1020],[1376,430],[3399,4],[2245,142],[1311,-229],[871,-628],[992,-212],[348,981],[2311,3928],[1380,263],[3198,-770],[860,-1113],[1647,-1507],[2889,-631],[770,-538],[2426,-846],[114,-1040],[833,-1959],[1061,-1515],[1100,-225],[1950,-949],[782,676],[909,1515],[1959,2009],[2377,506],[718,657],[2388,47],[1191,-968],[-142,-715],[1329,-1189],[691,-1906],[445,-5213],[-117,-2547],[399,-1324],[1435,-1174],[919,-1203],[1395,5],[2267,329],[1967,-136],[2268,427],[1791,1180],[1735,2624],[1863,1826],[1566,1871],[685,324],[1642,-283],[2027,35],[2495,-1983],[1921,-5],[1704,-823],[562,27],[1945,-2149],[527,-1232],[1416,28],[3001,-1007],[1128,-750],[796,-1095],[2806,-1420],[865,-1439],[796,-651],[405,-964],[889,-718],[2287,252],[1036,-199],[1469,-1624],[1360,421],[2227,-40],[495,-826],[312,-1769],[-181,-697],[489,-1722],[1143,-883],[533,-832],[114,-1843],[-199,-1104],[-906,-519],[-2048,-240],[-657,-999],[-1118,-1046],[-330,-1566],[-1091,-1888],[-659,-649],[-2748,-1422],[-977,109],[-3181,-1288],[211,-1854],[2591,-926],[617,-822],[2422,-2051],[483,-1715],[-51,-2276],[1023,-2372],[1500,-904],[428,-718],[835,-225],[761,-1600],[783,-646],[171,-802],[-736,-1091],[-238,-1364],[-1705,-1093],[-1787,-1777],[-160,-552],[-1322,-1884],[-1536,-371],[-367,-431],[519,-958],[-445,-1959],[174,-1229],[780,-796],[-856,-2379],[-2396,-2745],[476,-2757],[526,-1601],[-88,-1819],[-1125,-494],[-1182,-1600],[-2006,-979],[-1800,-109],[-1719,-595],[-2006,243],[-15,-932],[-1040,-1476],[-781,-4022],[-189,-2203],[285,-731],[-153,-1251],[491,-947],[-72,-1678],[-619,-752],[-305,-1434],[-1091,-1970],[-923,-1098],[-137,-1563],[-813,-1368],[461,-567]],[[744330,545052],[-1182,776],[-1226,1436],[-207,1041],[-1216,2677],[-1990,929],[-211,617],[-1462,1109],[-2040,443],[-666,351],[-430,1290],[-1171,-28],[-708,811],[-168,1435],[-1044,906],[-498,1112],[-929,175],[-1556,-559],[-1199,213],[-2293,-1084],[-736,184],[-356,1694],[-916,1292],[-607,1825],[-1304,801],[-600,1055],[-344,1331],[-1653,1169],[-631,900],[-196,1055],[173,1626],[-140,1442],[-646,698],[483,1010]],[[716661,574784],[477,951],[-202,1798],[725,2731],[701,1453],[925,1246]],[[719287,582963],[754,430],[1532,-5],[2545,829],[949,1107],[2400,1053],[995,170],[1391,-420],[1641,1177],[1329,312],[427,902],[3077,585],[205,897],[842,911],[1583,859],[608,1869],[1161,1113],[652,1432],[674,461],[1327,224],[3543,2452],[410,1586]],[[747332,600907],[857,1385],[1788,1394],[769,1466],[1160,1087],[447,1391],[1291,732],[847,1477],[404,1343],[2766,871],[999,-70],[910,454],[1807,-659],[2547,-254],[838,-272],[1334,294],[1815,901],[2276,-826],[1398,-1003],[592,238],[5165,-538],[812,-312],[426,-769],[916,-506],[2298,-496],[2137,-261],[1676,109],[512,872],[267,1420],[695,1225],[-480,888],[373,1419],[870,37],[1797,1199],[2865,1498],[249,1400],[1428,1238],[1511,429],[2509,-15],[931,-377],[2314,1979],[1581,2970],[-396,1623],[500,967],[1363,1091],[973,-902],[1094,-194]],[[934622,618300],[22,-535]],[[934622,618300],[-2754,684],[-1370,930],[-923,55],[-1906,-1197],[-2550,-3854],[-2059,-2249],[-3500,-1735],[-793,-681],[-3352,-1143],[-1671,-1343],[-1427,-508],[-1850,869],[-284,947],[-824,841],[-2614,-51],[-2269,222],[-1681,1419],[-426,833],[-1022,-101],[-1377,299],[-2442,3209],[-1858,1366],[-2056,845],[-1264,-70],[-1627,-1201],[-1579,-1922],[-1653,-1326],[-1078,-1510],[-1540,-717],[-2090,488],[-1550,-73],[-818,-633],[-1008,-1797],[-1935,-2493],[-2132,-1219],[-1069,-167],[-1002,-931],[-2572,-3611],[-1269,-1037],[-1211,-186],[-1148,-1487],[-829,-664],[-2505,-1323],[-653,-649],[-456,-1367],[-816,-1159],[-366,-1037],[-793,-909],[-311,-943],[-1327,-1954],[-1150,-944],[-375,-1020],[183,-751],[-1346,-399],[-710,-652],[-2632,-1298],[-905,700],[-825,-196],[-638,-772],[-496,-1450],[-2910,44],[-673,-1732],[-817,-396],[-2382,-479],[-864,-646],[-565,252],[-2119,-1335],[-1180,88],[-509,-558],[-3043,-843],[-1404,-1611],[-500,-1331],[-218,-2484],[-532,-946],[-1824,-1103],[-354,-1009],[-1010,-425],[-324,-1087],[-3,-1554],[1629,-3948],[98,-1701],[652,-976],[150,-1599],[-813,-1592],[-281,-1772],[-1144,-525],[-285,-923],[-937,-1021],[-1557,-600],[-225,-903],[742,-1194],[-151,-1440],[-2565,-2167],[-377,-616],[-982,-3928],[-449,-687],[-528,-2208],[-1598,-530],[-361,-640]],[[794517,570986],[745,2409],[-154,1599],[667,854],[-667,2946],[348,4010],[-704,756],[-172,823],[449,690],[-771,802],[293,661],[-515,1818],[130,2359],[889,1598],[374,1863],[506,235],[2520,-147],[1024,617],[292,680],[-428,1391],[1427,944],[1073,278],[1118,691],[302,4298],[-1180,982],[276,642],[-775,2064],[-313,1479],[268,618],[-689,1229],[3152,4172],[-153,753],[563,3230],[-550,2058],[132,2034],[2133,3380],[436,1048]],[[806563,626850],[1231,21],[2096,958],[1751,1399],[2943,1133],[1468,1944],[1683,-254],[2772,-759],[1129,-541],[2650,-296],[1229,-355],[1453,2036],[1885,1229],[1668,1385],[601,1733],[1498,2369],[1755,2353],[966,434],[974,927],[1190,522],[1783,2599],[2209,2168],[3250,1568],[1824,1621],[1683,1220],[2757,334],[1055,1191],[408,1223],[181,2364],[-207,816],[-2441,2070],[8,727],[1559,862],[1219,1356],[832,421],[1885,1645],[582,245],[1241,1290],[1436,710],[1360,1724],[738,1306],[544,1801],[975,617],[762,1069],[1999,695],[1119,943],[1582,603],[658,1003],[774,-12],[762,982],[730,225],[1076,1008],[1439,341],[402,1389],[2200,1539],[823,1177],[1921,306],[1620,948],[1463,105],[1162,813],[1925,-84],[2022,651],[1984,2099],[426,1281],[805,895],[2014,1429],[264,673],[2323,1779],[1331,1608],[2261,898],[853,-63],[2023,1638],[2724,1729],[2277,947],[2116,430],[2434,-3],[7103,-400],[3780,548],[2085,862],[2135,1762],[1309,1677],[795,1416],[2107,1791],[842,2061],[1125,1978],[1769,2661],[580,1454],[1013,5077],[515,1848],[-69,1796],[-322,1270],[207,1464],[-92,2311],[269,1415],[1043,2065],[655,1997],[1534,2784],[452,1705],[683,1296],[1338,1590],[1298,1033],[1837,856],[1842,1250],[4437,860],[2818,360],[1343,538],[1437,975],[1686,1765],[2071,3714],[1224,1978],[1327,1790],[2524,2344],[1862,1192],[2444,1042],[4293,3007]],[[973959,767139],[1101,-1644],[90,-1526],[1209,-1584],[719,-1648],[-1550,-1801],[-587,-1374],[-662,-372],[-373,-1666],[-737,-1392],[-137,-2649],[-920,-4934],[-2549,-2975],[-193,-611],[-1528,-1432],[-2256,-813],[-973,-1458],[-632,-227],[-1764,-1575],[-1079,-1718],[-1136,-834],[386,-3180],[-380,-1453],[-679,-1266],[-598,-2761],[164,-624],[933,-814],[-2053,-3545],[-481,-3394],[-458,-1714],[144,-769],[-2487,-2579],[-661,-1321],[-785,-691],[-2344,-858],[-1803,-1212],[-1694,-440],[-1968,-1682],[-2228,-2786],[-2183,-4350],[-392,-1286],[-548,-511],[-158,-1302],[-565,-755],[-959,-2221],[1281,-1438],[745,-477],[805,-2025],[-548,-527],[-362,-1194],[-1543,-1746],[-1369,-1072],[-1118,-173],[-1005,-742],[108,-1107],[-481,-1330],[287,-852],[-85,-1699],[-935,-829],[-718,-139],[-1014,-1764],[-1064,-863],[-928,-2809],[24,-1347],[1245,-1455],[1795,-332],[822,-1416],[-391,-348],[-1917,-287],[-1104,-1300],[-1248,-3255],[-56,-1031],[1738,-1496],[13,-1323],[-1617,-933],[-1338,-2719],[-1092,58],[-1461,-570],[-336,-859],[-1001,-269],[-1133,-1903],[-408,-1790],[369,-772],[-302,-2023],[37,-3034],[646,-2022],[-640,-1640],[820,-1570],[791,-636],[590,-1190],[982,-194],[1615,-1734],[1193,-640],[492,-1151],[1018,-1331],[561,-1393],[1609,-1216],[1037,-92],[578,-524],[-471,-1707],[-659,-752],[800,-618],[425,-1613],[1503,-1012],[1054,-1314],[-2222,-3553]],[[794517,570986],[232,-470],[-402,-2819],[-755,-105],[-775,-970],[-17,-1015],[-1317,-3119],[112,-983],[-301,-1256],[451,-870],[263,-1471],[-689,-908],[327,-1154],[1437,870],[2580,307],[887,537],[1182,-147],[2083,-2704],[1011,-714],[1843,-36],[880,-942],[2270,-1144],[-665,-1263],[-426,-1595],[-1061,-2871],[-655,-1085],[2517,-440],[2912,-997],[394,-835],[823,-615],[1289,-1646],[1352,-482],[1316,-1177],[3492,-1700],[1432,-1356],[1367,-658]],[[819906,535153],[-440,-792],[398,-1145],[-167,-2004],[-763,-1002]],[[752936,534519],[-394,1885],[-1713,2030],[-885,1755],[-1528,988],[-805,2401],[-1666,0],[-1431,703],[-184,771]],[[744330,545052],[728,1109],[1075,244],[1548,1160],[1383,3545],[1127,1545],[876,413],[234,1025],[1490,1998],[2691,1104],[3126,2858],[1359,2263],[239,1626],[1602,1693],[153,1459],[1683,445],[-558,1069],[-1269,891],[-1650,-257],[-72,557],[2079,569],[2084,1025],[1688,2187],[1004,1682],[1008,-427],[1045,75],[619,1965],[211,2254],[495,1225],[819,614],[579,1170],[2115,463],[1849,839],[1123,-81],[192,-1323],[672,-2342],[477,-549],[983,-2825],[1783,-1285],[302,-993],[1182,-239],[1615,-1102],[1360,-78],[750,-632],[3027,-398],[1257,769],[934,1040],[1189,445],[548,-203],[1433,-2658]],[[907544,492272],[-174,-568],[918,-2017],[769,-776],[-231,-910],[-1049,-2205],[-571,-717],[810,-1519],[946,-900],[273,-2066],[7,-1663],[-1030,-1387],[-122,-3015],[-310,-1803],[257,-1609],[-527,-1066],[915,-599],[1081,-1283],[1038,-805],[-160,-1116],[-1375,-1153],[-587,-1085],[-959,28],[-589,-512],[182,-1977],[-252,-1993],[-690,-778],[350,-1522],[-989,-2953],[177,-861],[-383,-1979],[-427,-875],[-1211,-329],[-118,-797],[-907,15],[-864,-572],[-142,-1334],[-617,-758],[335,-922],[-564,-717],[-2069,-737],[-1567,-876],[87,-1000],[-273,-1748],[-928,-1237],[-59,-1196],[-626,-1382],[532,-291],[639,-2885],[-131,-950],[678,-751],[-53,-2383],[333,-542]],[[821145,499288],[-297,-2721],[565,-955],[-1333,-1353],[-7,-812],[-548,-1242],[-738,-360],[634,-1141],[-389,-1161],[594,-3000],[522,-975],[2872,-2772],[993,-358],[-11,-1559],[-1049,-388],[-355,-578],[-721,-2702],[335,-993],[-1434,-358],[-2392,-304],[584,-1042],[-616,-1059]],[[744922,523006],[606,2072],[431,2898],[2614,2010],[112,1821],[639,1132],[969,335],[1498,-1],[1145,1246]],[[752936,534519],[2579,-524],[1132,-1027],[1399,-27],[892,-1021],[1140,-174],[1404,325],[1379,-829],[1460,251],[2264,54],[3731,-4243],[1748,324],[1290,595],[1215,-333],[1253,-798],[1038,-251],[1772,731],[1425,201],[1148,913],[1412,-532],[1376,119],[1605,-570],[983,182],[1064,-1725],[659,-293],[2486,-258],[1457,-1265],[585,-111]],[[747310,426859],[-338,-1551],[3,-2379],[-1381,-461],[-628,-787],[423,-545],[-1177,-1098],[-1483,261],[-413,-384],[-68,-1460],[-771,-994],[-300,-1141],[-1517,-378],[-259,-1012],[819,-1366],[-35,-618],[690,-1877],[150,-2156],[-444,-1241],[1319,-3126],[879,-1192],[88,-1268],[1101,-1503],[1270,-2745],[2010,-1934],[147,-1005],[969,-2683],[-456,-1014],[-1635,854],[-2422,497],[-1871,-231],[-557,-355],[825,-1774],[-230,-739],[-942,366],[-903,-1019],[-184,-1129],[1409,-217],[1061,-744],[192,-1133],[-157,-1571],[1196,-763],[1570,-605],[1415,127],[1798,-2226],[570,192],[2104,-1745]],[[720081,372762],[828,284],[1243,-427],[1574,597],[1984,-621],[962,1216],[1130,-547],[573,766],[1141,211],[737,965],[2079,907],[1743,346],[1568,1070],[562,-816],[1857,-1198],[853,98],[1150,-1228],[915,143],[1105,643],[3878,1309],[926,890],[1612,173],[1138,534],[606,713],[902,197]],[[751147,378987],[781,-747],[714,-1333],[838,-453],[396,-806],[776,-445],[272,-948],[-180,-2211],[1815,-267],[1869,-2239],[756,-145],[678,-809],[835,-2004],[-158,-1491]],[[818354,473455],[1319,-3388],[646,-1032],[411,-1352],[110,-1766],[478,-2096],[-342,-4020],[94,-2005],[2032,133],[1914,-525],[1497,-61],[1605,-909],[2368,-210],[1362,-524],[1722,99],[1440,-513],[1865,-1137],[987,-1834],[-231,-611],[479,-2215],[707,-1203],[363,-2138],[1499,-717],[1427,-965],[761,-2329],[1440,-702],[1291,-34],[1091,-768],[261,-1649],[704,-1310],[2274,231],[2006,-348],[828,-539],[1962,-98],[836,-286],[1153,128],[1643,-329],[975,-1149],[1428,-1000],[206,-1234],[-403,-1020],[-2719,-2675],[-2482,-5416],[-1201,-1526]],[[825560,400392],[-664,116],[-596,1356],[-2230,1340],[-2277,227],[-1045,-288],[-1219,1029],[-1522,-807],[-2910,-510],[-2211,-244],[-1664,1862],[-506,1426],[389,401],[-624,1235],[-582,-5],[-1580,-785],[-1823,-169],[-2113,297],[-1801,-853],[-1715,35],[-719,1432],[-126,903],[-614,283],[-2535,216],[-6371,1519],[-2147,217],[-1822,1308],[-2342,1032],[-2309,-391],[-2321,-52],[-1599,633],[-528,687],[367,642],[-502,1207],[-2015,585],[344,2188],[-316,1728],[-1012,1482],[-692,3076],[228,2555],[-1278,-294],[-2493,-2945],[275,-1772],[-748,-169],[-1926,-1025],[-871,781],[-1774,565],[-1891,1569],[-2044,43],[-1644,706],[-1281,-80],[-1100,-480],[-1207,-135],[-1016,-543],[-1417,-84],[-1337,296],[-955,647],[-924,1631],[-895,843]],[[747310,426859],[-29,842],[1032,2026],[874,119],[305,728],[844,43],[226,1355],[-1197,1843],[368,1630],[857,1830],[131,1488],[844,1038],[449,1784],[-1792,1097],[117,502],[1388,1212],[85,1443],[-824,1481],[-1036,-808],[-1135,1403],[351,1290],[1215,1379]],[[759695,457659],[1602,971],[1514,-1888],[1089,-445],[516,-1062],[853,-561],[2224,768],[1135,-259],[2069,1032],[2177,107],[1138,596],[539,-185],[2220,2401],[884,-193],[769,444],[920,2311],[825,1155],[1191,106],[788,-1296],[789,-190],[2031,1541],[1144,356],[1062,-55],[647,-1065],[1729,431],[891,-843],[1166,973],[898,-474],[1844,-82],[1636,1039],[1720,538],[805,1133],[436,1973],[1037,692],[1609,2155],[2839,2040],[1596,996],[1412,-453],[2516,477],[1571,768],[3027,-151],[1218,320],[754,656],[915,-193],[914,-788]],[[720081,372762],[622,-641],[115,-866],[1720,503],[365,-1620],[-813,-2503],[656,-435],[-546,-1108],[0,-1287],[415,-602],[304,-2512],[627,-269],[2362,-18],[520,-1152],[1477,-355],[2127,-2010],[795,-112],[1573,639],[576,-1197],[-407,-546],[-55,-1327],[1328,-1212],[111,-1252],[-509,-642],[-261,-1214],[-111,-2910],[-474,-836],[28,-1117],[-2721,-1789],[-1990,-3203],[-2913,-2076],[-1961,-1117],[-1168,613],[-3879,77],[-1374,-819],[-1074,-80],[-525,-1291],[-813,191],[-1027,-1275],[-948,-64],[-535,-639],[-1906,-1279],[-3142,-929],[62,-1488],[-1515,366],[-1275,-1295],[-1326,369],[-686,-1285],[-1312,-1090],[-1549,549],[-881,943],[-1959,822],[-1996,240],[-1549,-691],[-1125,157],[-1167,-1493],[-2343,1015],[-1232,1840],[-10,1117],[-693,1417],[8,1322],[-1137,264],[-1175,1213],[-889,2081],[-1539,-181],[-377,1032],[-1181,132],[-145,814],[-1213,394],[-277,1200],[-1113,66],[-708,1433],[-1122,829],[-980,1784],[-590,194],[-1163,-861],[-1299,1319],[-2148,33]],[[674030,392435],[884,-1871],[1967,399],[1636,-1099],[1352,63],[1001,-1108],[576,-134],[918,646],[1777,-227],[905,722],[669,-435],[864,689],[1316,-480],[1750,-33],[1346,-469],[1040,32],[1053,-756],[2833,690],[410,-1155],[1013,922],[31,-1406],[863,29],[182,883],[1007,-292],[1068,847],[671,-172],[1997,390],[1346,-486],[870,126],[909,-457],[2547,-274],[772,-428],[-112,-1141],[483,-882],[-309,-1178],[-1106,-1292],[629,-1555],[661,-894],[57,-1565],[607,-811],[-98,-1601],[861,-1666],[1888,-1543],[827,158],[1843,-1071],[1013,-136],[714,583],[866,-259],[1654,24]],[[907544,492272],[-679,78],[-3331,1472],[-1159,85],[-966,-489],[-846,164],[-207,878],[-1768,-758],[-708,85],[-2038,-1551],[-2675,-451],[-449,420],[-1415,-437],[-1583,395],[-1375,-167],[-2657,1310],[-834,678],[-1124,279],[-927,646],[-2083,838],[-1208,9],[-1625,447],[-896,819],[-1396,136],[-2290,-700],[-1696,-818],[-1439,1488],[-2242,1647],[-627,888],[-360,2869],[-1054,691],[-4128,351],[-2046,2044],[-1302,276],[-1043,1034],[-2590,1018],[-1205,-221],[-725,-1825],[-1942,-885],[-581,-838],[-714,-2541],[-2179,-1873],[-1217,1189],[-240,606],[-966,321],[-1155,896],[-2244,-41],[-1401,-515],[-1616,-145],[-1815,333],[-1415,-2141],[-1786,-1591],[-153,-775],[-1257,-1669],[-888,387],[-1833,1370],[-1624,48],[-1846,-412],[-1203,419],[-1504,-29],[-2124,1274]],[[821145,499288],[-842,1178],[-517,1246],[-997,1288],[25,1689],[-1040,2251],[-1442,994],[-2255,20],[-2511,254],[-3487,548],[-1232,539],[-1829,432],[-2404,-106],[-1119,-614],[-836,-2],[-1268,778],[-1335,95],[-1252,430],[-838,779],[-2971,-496],[-3870,-182],[-1269,626],[824,1823],[421,1446],[1843,3194],[732,1557],[1035,2948],[121,2230]],[[792832,524233],[1879,-191],[3416,1143],[1176,120],[2370,883],[878,71],[1035,-620],[1582,494],[2468,-328],[1089,777],[1236,108],[2418,777],[1581,1112],[1440,-226],[3534,1857]],[[818934,530210],[4124,1372],[1050,-223],[1948,118],[1249,-544],[2057,481],[1491,-890],[938,-945],[1548,-458],[1355,-1334],[1876,171],[1331,-317],[538,566],[1910,-114],[380,1065],[1400,1032],[1289,-135],[1838,-790],[956,864],[1752,-969],[659,367],[-430,833],[1606,1362],[1971,-440],[1271,-6],[997,522],[1494,-1195],[1295,523],[1357,24],[1381,-565],[781,807],[840,-69],[359,-1511],[795,-465],[1061,160],[1412,-1069],[4182,1500],[637,-766],[1435,173],[-62,-859],[1212,9],[1228,908],[2917,654],[827,-466],[1764,1254],[2608,2087],[30,1808],[1072,476],[1100,1549],[782,444],[1280,1283],[175,1296],[2721,483],[368,1471],[575,1015],[1721,1147],[1378,2483],[-245,1344],[2208,2586],[466,-136],[585,1409],[1177,1139],[2032,284],[2253,1235],[2055,1643],[151,1047],[-341,769],[264,1401],[698,1548],[711,613],[615,1523],[1067,1171],[-158,1517],[1036,299],[474,779],[113,1548],[636,350],[1426,1685],[427,3321],[388,862],[-530,1980],[567,2892],[709,1265],[1344,3420],[-4,1305],[506,1672],[28,2175],[1035,3861],[1556,3356],[722,872],[1231,3670],[1717,2927],[1221,978],[1910,2285],[1850,2851],[1225,1523],[1292,786],[1841,1892],[1184,282],[2762,1880],[1677,1569]],[[934644,617765],[504,-735],[1855,-1728],[846,-460],[967,10],[1032,-638],[732,-1153],[-204,-1941],[-1529,88],[-2266,-498],[-733,145],[-1614,-466],[-272,-470],[-1899,-1435],[-1104,-453],[-1130,-1498],[-786,81],[-1062,-739],[-826,-1519],[-1027,-962],[65,-704],[-630,-2723],[-1214,-832],[741,-2373],[-59,-583],[-1247,-2726],[40,-1657],[-512,-1439],[180,-944],[-518,-2068],[473,-1244],[-29,-1340],[-1331,-3207],[-234,-2375],[691,-737],[872,-1710],[1053,-1304],[56,-787],[1405,-1991],[1464,-263],[2187,-1443],[588,-2364],[1381,-2750],[-80,-989],[1583,-2002],[352,-1798],[509,-1087],[-1447,-1079],[-1629,-2463],[-25,-860],[-1435,-645],[-614,-743],[-1678,-856],[-232,-1089],[-1278,-2181],[72,-2147],[-511,-1290],[-884,-1028],[-808,-437],[-1060,-1832],[-873,-1898],[-36,-1137],[1220,-2665],[620,-1744],[-894,-1186],[-868,-187],[-1039,348],[-1134,-1154],[-711,-127],[-701,-1281],[-1050,-655],[21,-1062],[629,-1526],[-450,-1906],[-449,-661],[22,-1072],[-478,-1803],[340,-534],[345,-3801],[-508,-640],[260,-829],[-97,-2175],[-382,-1741],[472,-1370],[-146,-1390],[-1547,-382],[-394,-1669],[-1304,-2474],[364,-2154],[-1897,-434],[-901,-898],[-101,-1123],[366,-1073],[-324,-1045],[-115,-2901],[-608,-1234],[-857,-388],[-1636,-3061]],[[705695,291380],[3432,301],[1705,-315],[645,853],[1421,-673],[800,421],[1903,-43],[2556,-634],[1216,368],[1716,13],[2718,-1127],[2314,935],[1147,1596],[1166,1212]],[[796096,379416],[1773,1285],[1727,1814],[466,243],[2012,2076],[2464,1293],[1497,85],[1868,501],[1488,1267],[2607,523],[1641,2157],[1773,2038],[1783,1078],[2088,520],[664,595],[2465,842],[1146,677],[237,682]],[[796096,379416],[2560,-2561],[1252,-761],[1418,-1439],[665,-1416],[1939,-649],[2196,-1766],[1179,-496],[541,-1127],[134,-2804],[252,-1082],[1422,-1249],[2024,-2743],[134,-1608],[-217,-1177],[-843,-301],[47,-1663],[776,-347],[-34,-2062],[371,-624],[-298,-930],[496,-465],[-444,-1490],[420,-525],[5,-1123],[-1189,-223],[-597,-822],[-2156,-667],[870,-892],[-1562,-114],[-1014,-837],[-785,87],[-828,-1182],[-1272,-531],[90,-726],[-898,-942],[88,-990],[-1780,-1830],[-670,-29],[-768,-1143],[-562,-244],[-30,-1497],[-1025,-770],[187,-667],[-416,-1034],[-1361,-312],[-459,-1079],[-714,-220],[-1019,-1874],[205,-1126],[-1124,-699],[-273,-785],[-1538,-467],[-705,-1799],[-1289,-2382],[-1165,-1255],[-537,-1085]],[[753489,318703],[370,655],[-241,1998],[-1089,1564],[-730,2544],[658,1571],[2663,1096],[773,519],[1941,637],[-1231,1402],[-776,231],[-1943,2390],[-586,159],[-2531,1666],[-1969,1578],[-1264,1752],[-2374,838],[-1,965],[-1497,2093],[1319,642],[378,572],[924,3442],[2175,5198],[1525,2919],[954,701],[2567,52],[1155,1078],[1421,842],[1000,1022],[361,940],[64,1692],[858,602],[1343,1592],[833,1434]],[[760539,365089],[1028,1157],[213,969],[978,1179],[953,585],[150,670],[1687,365],[2469,1344],[1565,1265],[1149,429],[625,742],[270,1752],[1125,2360],[106,670],[1557,1923],[1798,987],[2642,-495],[946,178],[1729,-168],[1790,-1697],[1078,-615],[1682,-1756],[1704,34],[1490,532],[1435,-369],[827,156],[1354,-556],[540,883],[1457,1231],[1210,572]],[[834705,269812],[90,670],[1306,1242],[256,630],[-339,1743],[-29,2260],[-650,1829],[225,3466],[-347,1796],[-1012,2128],[-1869,2807],[-2223,2060],[-788,1065],[541,1072],[1748,2102],[381,2875],[842,1254],[157,1509],[1136,1182],[1028,-5],[771,942],[1616,230],[-133,931],[-783,1490],[-1439,1569],[101,1553],[-718,1743],[739,923],[1206,2310],[341,1194],[728,1162],[-701,1716],[85,1975],[-466,2710],[202,1048],[744,-119],[1346,-1152],[1648,439],[561,1153],[876,916],[1202,440],[1828,-130],[1454,847],[1333,-908],[1941,-897],[1278,-1598],[1288,-6],[1067,-1323],[588,389],[1755,-1078],[859,312],[1425,-85],[270,1089],[-1709,428],[531,1852],[-486,1007],[261,1293],[-487,1398],[-1533,-400],[256,1024],[1557,1291],[-745,1515],[-101,1249],[807,723],[-972,904],[602,801],[-1212,611],[-1011,888],[125,1528],[406,549],[215,1436],[-668,1651],[-611,-369],[-1303,499],[-501,839],[560,670],[-1725,772],[-366,-236],[-2211,1291],[-645,854],[-915,-278],[-2037,1212],[-642,-237],[-2328,326],[-685,977],[288,1725],[-831,1838],[-651,671],[-818,-12],[-831,1388],[-1528,2043],[-1069,626],[-1255,1576],[-1811,839],[-1485,1450],[-1371,558],[-484,598],[1226,2166],[399,1135],[1101,862],[493,1426],[410,4282],[457,1239],[-339,1699],[-527,749],[-531,1868],[97,1107],[-1438,1302],[-685,1513],[-478,2845],[878,4048],[-1082,4345],[-585,789],[-1099,432],[-1187,2506],[-1267,576],[-799,1553]],[[823795,397092],[347,1131],[1418,2169]],[[825560,400392],[288,725],[1737,1565],[1455,2043],[914,353],[959,-417],[2219,-17]],[[812476,195977],[-74,564],[-1181,2079],[-1333,486],[-1623,-59],[-203,2309],[-1096,1234],[-429,1105],[-1177,680],[164,1547],[-449,1655],[-876,1263],[238,1754],[-1322,1330],[831,3750],[-458,1301],[-874,682],[-573,965],[561,1462],[-343,1171],[-583,324],[-146,965],[-1061,856],[156,1203],[-1654,422],[-801,586]],[[793728,272749],[1565,417],[1547,-1071],[4,-1031],[716,-1287],[1483,1494],[969,1676],[957,-76],[864,-1721],[174,-1023],[-267,-1025],[155,-1871],[-914,-985],[1167,-459],[966,986],[1091,1946],[735,-11],[374,-1466],[1312,-710],[381,788],[-454,2195],[792,349],[2447,-988],[648,1316],[-289,1601],[1714,50],[1870,-1087],[1533,-1661],[2911,1551],[930,-147],[2208,-1140],[757,-1207],[730,-354],[832,524],[962,-1152],[766,74],[698,954],[1444,-1011],[1426,18],[456,695],[-285,1304],[1296,816],[1255,446],[750,-80],[737,-801],[1564,227]],[[834705,269812],[1366,32],[1035,-1268],[910,-390],[847,894],[705,-856],[1228,-520],[950,-39],[775,-1407],[901,129],[1605,-860],[1316,1363],[1722,468],[598,1716],[497,381],[2166,428],[1068,624],[-640,1129],[-1126,217],[-137,662],[1941,1393],[-573,803],[605,622],[1351,552],[722,-122],[1542,839],[-51,705],[-1752,1493],[580,885],[1356,321],[-82,1642],[-524,904],[2719,1357],[-475,1336],[-581,522],[24,1070],[690,1269],[817,629],[-9,2201],[-533,794],[1708,1066],[1580,19],[-665,-1437],[244,-1611],[811,-419],[1994,1303],[817,241],[1337,-478],[909,401],[1407,-17]],[[896309,311457],[-1509,-229],[-1648,-657],[-1051,69],[-1785,-1493],[-1334,-20],[-2209,-533],[-2096,-1568],[-507,-876],[-1131,-253],[-713,1303],[-1619,60],[-1534,-824],[-281,2312],[-772,555],[-1151,1930],[-379,2003],[689,870],[-1013,949],[538,985],[-945,1692],[74,1461],[723,470],[-3,1588],[952,771],[12,967],[-1260,1357],[-238,949],[87,2702],[-903,1734],[33,763],[-705,3101],[349,1845],[21,1399],[459,1139],[-361,932],[841,2903],[-459,1695],[1046,1061],[881,-73],[1424,702],[1025,2464],[1044,765],[71,778],[664,1123],[1272,742],[-93,1284],[1211,616],[944,1384],[-57,1622],[-1924,1423],[157,1448],[2060,3155],[700,695]],[[925761,389017],[1125,-575],[2811,-989],[725,-1414],[1809,456],[683,631],[2372,73],[1430,1217],[2525,1137],[1979,-2146],[840,-1736],[266,-3295],[646,-1347],[1093,-1428],[614,-1269],[-13,-1541],[-376,-939],[503,-1146],[-142,-613]],[[787795,320872],[689,-3977],[1111,-1171],[-336,-1897],[1048,-1298],[1410,-113],[1327,-1076],[978,-2152],[984,-831],[-217,-1074],[111,-2001],[-177,-787],[-922,-504],[121,-980],[1151,-1562],[-289,-617],[-1662,-705],[-281,-1541],[315,-676],[1549,-892],[105,-554],[-1614,-225],[659,-1715],[-1058,-548],[-301,-1036],[-1236,-591],[240,-1563],[-1419,-356],[395,-833],[-436,-721],[1546,-1565],[-287,-960],[-1338,-661],[-940,-1608],[-386,-1651],[1005,-1114],[10,-1525],[939,-275],[-383,-1038],[505,-1052],[488,-1944],[1466,-1085],[-145,-1783],[1208,134]],[[793728,272749],[173,-1510],[-399,-492],[-1723,-685],[-972,-791],[-1590,503],[-736,-150],[-436,-1168],[657,-1629],[-1060,-1423],[-1440,-716],[-960,-911],[-1313,230],[-737,-299],[-1448,-1786],[1345,-861],[3149,-666],[778,-1657],[685,-525],[-468,-1089],[-1300,-605],[-1286,-1459],[-1241,-1086],[139,-438],[2314,-611],[326,-793],[-2764,-2335],[-414,-1012],[710,-2193],[-758,-1509],[725,-1774],[738,-637],[750,-1628],[1133,108],[1125,-826],[987,-2922],[1054,-575],[2118,-716],[2793,711],[1026,-3585],[-505,-1345],[301,-1651],[-280,-812],[358,-950],[964,-681],[188,-1745],[1736,-444]],[[798170,225611],[-800,-997],[-2016,-1571],[-1777,-12],[-1498,749],[-1559,401],[-2994,260],[-1372,-196],[-841,-585],[-187,-683],[-1101,-660],[-218,-975],[-923,-404],[-640,-1443],[-933,-413],[-1059,42],[-435,-434],[-5,-2039],[-1337,-750],[-2435,1167],[-1111,1732],[16,736],[-1545,-177],[-1158,-660],[-2380,519],[-906,1616],[-900,-506],[-1757,1459],[-1440,-479],[-1052,-929],[-3140,342],[1096,1915],[-1,1430],[-480,1653],[-855,275],[-1462,1005],[-310,912],[177,1235],[-470,872],[-1868,907],[-1342,-346],[-1994,177],[-781,1105],[547,2980],[-232,871],[867,199],[258,2795],[797,702],[605,1526],[116,1456],[771,1483],[13,1279],[-1074,2285],[-1436,612],[-405,797],[-764,311],[-770,-303],[-346,929],[-871,190],[-1992,-884],[-719,-40],[-1293,757],[-470,1153],[7,1827],[232,804],[-1352,1389],[-189,1082],[-1119,304],[-514,974],[661,1225],[-506,1517],[216,2228],[435,1364],[1158,652],[180,1027],[1650,2165],[1840,1690],[728,1380],[-1162,2081],[-829,407],[-621,-735],[-624,1309],[-255,1536],[-1334,999],[-1193,2283],[221,1122],[-355,777],[-1159,780],[-770,1015],[-1133,84],[-947,1033],[-469,1475],[-555,798],[-2453,1691],[-1483,639],[-1414,16],[-1349,981],[-438,910],[-1618,1012],[-429,813],[-205,2152],[-398,522]],[[728434,294287],[459,360],[2283,-106],[1864,710],[2864,1318],[1206,150],[1378,948],[1104,-87],[1886,1123],[719,1023],[3882,1089],[1261,948],[1654,297],[195,2678],[268,1245],[108,2336],[-380,1334],[494,1255],[351,1795],[1673,3409],[195,1069],[1591,1522]],[[753489,318703],[1276,735],[383,645],[2113,-294],[1134,229],[2554,-501],[2104,359],[3157,-459],[1478,1323],[2984,1194],[1029,267],[2008,93],[1698,1138],[1309,-17],[2718,1723],[1455,417],[1359,1006],[464,-53],[1789,1333],[934,-51],[1100,-581],[-257,-602],[-157,-2956],[460,-1141],[692,-525],[522,-1113]],[[985740,270883],[2803,-4568],[348,-2063],[-456,-2545],[156,-723],[-344,-1349],[-48,-1410],[855,-3095],[694,-646],[284,-2201],[479,-952],[351,-1879],[907,-2815]],[[897317,429196],[1774,-1115],[2680,228],[440,596],[868,-278],[2354,-2022],[-11,-1026],[1886,-1075],[279,-2008],[696,-1655],[865,-1175],[1647,-688],[934,175],[-86,-2995],[-1346,-1648],[-291,-889],[-748,-532],[105,-1813],[1117,-2011],[1228,-438],[923,-2586],[-175,-1009],[643,-1700],[1051,-1589],[-82,-1505],[822,-2074],[1231,-1283],[565,-1228],[1153,-1748],[669,-153],[888,-1962],[-93,-815],[505,-969],[799,-342],[3180,383],[996,-944],[978,-286]],[[925761,389017],[-633,-1178],[-1371,-3935],[-1430,1216],[-540,-239],[-400,-1971],[-844,385],[-808,-545],[-1925,1094],[-1514,-841],[-827,-1271],[-670,-1714],[8,-2336],[-835,-2224],[-1099,-341],[-1529,728],[-1622,360],[-352,-446],[-2843,-687],[-996,-459],[-4169,-541],[-1056,-708],[-2171,-85],[-1058,-580],[-1551,142],[-1508,-1061],[-1286,-444],[-1473,-1191],[-1784,5],[-843,-393],[-2588,73],[-168,-1412],[-417,-548],[951,-1636],[-545,-1814],[329,-993],[-288,-730]],[[885906,362697],[-531,891],[-1853,302],[-928,861],[-1368,381],[-1710,1259],[-2258,1323],[-1400,1813],[-1679,-180],[-1193,302],[-502,789],[-3246,2626],[-918,1076],[-709,-1741],[-1267,83],[-207,-2830],[1098,-861],[4,-813],[984,-1403],[599,-1699],[-420,-1412],[-2293,-192],[-2711,-413],[-791,480],[-2079,-636],[-1200,100],[713,2895],[-1141,1],[-552,440],[-1043,4279],[-996,1555],[-915,-759],[-884,893],[-1152,588],[-988,986],[599,1346],[-672,1499],[491,876],[-1113,669],[-732,3],[-544,1118],[-850,-278],[-208,1004],[437,3113],[-425,1535],[-676,402],[1405,4354],[-1342,1224],[-896,440],[-1905,387],[-2810,-208],[-660,253],[-380,875],[-959,1094],[-683,2273],[-1118,434],[-240,1913],[-2332,1222],[-322,2637],[-3303,2778]],[[833132,404644],[1924,1950],[489,1247],[1163,385],[855,676],[886,194],[1004,885],[708,2214],[2868,1395],[132,2213],[1331,1086],[696,-67],[969,545],[1429,-1],[862,967],[741,1550],[574,483],[334,1290],[2384,467],[578,-780],[1101,1070]],[[854160,422413],[5467,523],[574,613],[1300,2365],[1991,483],[876,792],[1803,404],[1564,-446],[726,-567],[851,61],[2561,-750],[1264,319],[655,-324],[882,531],[264,1607],[2933,1569],[832,-182],[635,-700],[2788,-631],[795,-1358],[1730,206],[1067,584],[2184,704],[1098,39],[1459,-661],[1599,-376],[1950,618],[1306,1280],[2003,80]],[[985740,270883],[-842,433],[-574,1342],[-1559,83],[-1151,-1089],[-778,53],[-397,1278],[-1152,559],[-446,650],[-190,2113],[-665,735],[536,1876],[528,328],[-283,1396],[-1025,-188],[-1120,214],[-1107,-1347],[-28,-1334],[-1439,-924],[-560,203],[-1268,2001],[-882,409],[-1119,-415],[-2032,297],[-862,1113],[-2318,-1687],[-582,692],[-448,1462],[-2528,-148],[924,-1038],[-848,-545],[-1380,-1652],[-602,-1648],[-1094,-980],[-995,-1531],[-270,-1300],[300,-2433],[-717,39],[-1461,887],[-2370,353],[-1165,1463],[-1220,694],[-1216,165],[-1879,1079],[-2748,-452],[-1012,621],[-582,1423],[-32,1515],[-495,818],[105,1363],[-1207,1625],[-1412,975],[-2452,655],[-1626,236],[-1139,447],[-4327,-1689],[-1839,948],[-767,849],[-1408,379],[-704,-427],[-1644,-2558],[-1327,618],[-9,2306],[350,424],[-987,1151],[-573,16],[-706,990],[-1616,-477],[-750,352],[-1831,-652],[-2617,219],[-2321,-1719],[-435,1244],[-766,925],[-1782,883],[-2286,1485],[-399,1765],[78,1854],[-1487,378],[-479,-1188],[42,-1258],[-656,-993],[63,-1387],[460,-1633],[1110,-1195],[-201,-3255],[531,-1427],[956,-1346],[-17,-466],[-1181,-1639],[-590,-146],[-646,-2155],[-915,-2246],[-1565,-179],[-984,-1172],[541,-1243],[-901,-84],[126,-1281],[-1532,-1586],[-22,-1037],[-1019,-297],[325,-960],[-763,-408],[-527,-1239],[-1570,355],[-1891,-1438],[-681,-223],[-2091,-1456],[-1274,-2435],[-1229,-853],[-640,-1520],[-1508,-1365],[-633,-879],[-150,-1491],[-1019,-1460]],[[883185,249512],[-4,2127],[-1936,3407],[-766,413],[-238,1763],[-804,1187],[532,594],[-1596,1988],[-412,1261],[-94,1922],[-1332,1402],[945,898],[334,2286],[-473,721],[-1220,564],[-2269,-48],[-1406,1847],[1074,1550],[-103,585],[978,896],[809,184],[386,1359],[1293,1212],[394,1676],[462,588],[944,82],[1648,2779],[-2316,1805],[-1118,254],[-1025,-508],[-917,214],[-1739,1766],[-580,1036],[-1334,702],[-731,1172],[-2171,1602]],[[868400,290798],[1066,552],[140,1361],[-1517,535],[-660,1085],[472,1346],[1600,-547],[-68,-896],[801,-791],[1743,-558],[1074,64],[335,660],[1672,-1198],[1831,925],[41,1980],[1290,1245],[926,321],[114,712],[1023,775],[682,-93],[615,701],[982,11],[412,-641],[1017,-380],[1644,261],[2859,-546],[619,-906],[843,100],[1008,-474],[1037,130],[2009,-496],[699,535],[607,-1283],[1445,-802],[1235,-1674],[2178,-2092],[1697,1925],[-48,780],[737,1288],[791,-199],[1248,855],[1088,1514],[1195,-208],[-33,1429],[-683,2044],[-227,1556],[-984,574],[-1838,2286],[191,806],[-757,3058],[-555,798],[-1138,417],[-1844,174],[-1180,347],[-1525,1293]],[[896309,311457],[1019,197],[1032,-553],[618,132],[1170,1337],[1697,951],[661,1119],[1250,1177],[1862,196],[911,1029],[2106,1911],[1745,1340],[835,181],[2050,1607],[363,-1496],[554,-247],[744,634],[-248,970],[974,503],[632,-1506],[758,441],[-150,1241],[1275,-1031],[831,-122],[1898,465],[751,-190],[1290,949],[1193,36],[866,1415],[1298,-567],[1264,2333],[2320,1933],[-576,3084],[820,527],[-494,899],[204,1303],[-545,1417],[-550,606],[-361,1541],[-1485,639],[-288,989],[-861,546],[876,894],[-223,819],[834,917],[-486,1040],[757,610],[-1480,922],[589,1268],[12,1656],[-675,635],[798,1844],[900,214],[528,639],[-371,1052],[208,1173],[714,761],[3258,1864],[2411,1048],[1735,-40],[755,1314],[729,502],[2060,3949],[1113,2911],[1780,1642],[1798,538],[1007,1916],[-936,1852],[360,1330],[-142,1430]],[[944651,374093],[681,-487],[1288,-1655],[3265,-373],[1331,-2032],[1222,-1513],[1193,-425],[970,-924],[118,-1237],[1053,-1031],[674,-93],[1218,-1206],[1537,-782],[1479,-87],[3679,280],[1169,-508],[1619,-291],[521,-829],[-2363,-2353],[-862,-1692],[-583,-645],[-1251,-2256],[-724,-971],[-564,-1448],[-291,-1730],[561,-2952],[-777,-1921],[-524,-3454],[2505,-3996],[1314,-1510],[215,-806],[1665,-731],[1498,-1847],[1261,-891],[796,-2563],[1279,-1315],[420,-1144],[1554,-1959],[-1008,-2107],[508,-973],[-1413,-2490],[-284,-1294],[-1398,-2483],[230,-1514],[-1059,-601],[-297,-1174],[1297,-914],[1376,-1771],[553,-1584],[931,-47],[785,-1288],[802,-60],[2312,-2048],[963,289],[1321,-594],[-7,-827],[2033,-1212],[882,-1550],[514,-2745],[1091,-1099],[-72,-551],[1473,-795],[1308,-265],[438,-2505],[-622,-1523],[25,-758],[1231,-407],[-435,-632],[-82,-1631],[639,-1043],[-521,-748],[-1810,-466],[-1256,-922],[8,-1019],[1194,-1034],[364,-770],[-1502,-4021],[566,-721],[1085,-206],[1523,-1209],[-50,-1060],[-1070,-1709],[377,-1752]],[[869087,193164],[1051,2186],[-1116,1619],[1320,845],[-907,1514],[649,509],[-1310,1323],[522,594],[-643,1257],[247,958],[-251,809],[-3135,1679],[380,2027],[604,-12],[-108,1878],[1973,2886],[1524,1288],[1872,213],[1674,968],[1429,-973],[1452,424],[804,627],[-345,1757],[415,1725],[-347,1864],[-552,877],[587,453],[608,1349],[1181,1316],[2058,2667],[-355,1512],[-773,646],[-110,1699],[-529,1334],[104,1342],[-2672,1535],[28,1515],[1143,-686],[1005,700],[196,657],[1872,424],[24,3607],[541,3604],[1200,2910],[788,922]],[[883185,249512],[988,934]],[[884173,250446],[902,-591],[-292,-1790],[-912,-1155],[95,-682],[-628,-1916],[123,-1042],[2645,-1342],[1051,-943],[933,120],[640,1245],[78,993],[515,668],[1411,-1067],[-199,-1568],[-876,-1262],[46,-1387],[1244,-1131],[62,-1674],[786,-567],[-322,-1291],[-524,-479],[-79,-988],[1413,-3359],[2420,633],[761,-657],[1635,1849],[1776,-1614],[1016,453],[688,2524],[44,2436],[308,1823],[-445,1392],[178,1073],[1111,2447],[1199,499],[471,-678],[36,-2132],[1982,-1734],[928,658],[2772,601],[830,-25],[1301,694],[268,1540],[1793,157],[-10,1170],[663,1458],[792,-448],[-252,-2126],[76,-1602],[518,-1090],[-674,-1294],[1081,-1464]],[[952933,120760],[-1,-5783],[1034,-114],[1430,-1624],[521,-1396],[-1223,-911],[-975,-1250],[-1570,-943],[-1044,79],[-1168,-589],[-596,-1384],[483,-875],[920,113],[849,874],[554,-885],[-466,-1665],[83,-1077],[939,-1237],[-899,-5148],[-260,-363],[-2883,-543],[-952,-1140],[777,-1302],[148,-901],[-451,-616],[-1752,-747],[-804,-663],[245,-1100],[742,-676],[928,-48],[1796,872],[317,-210],[322,-2691],[535,-1370],[-392,-1058],[425,-1579],[1271,-776],[-9,-975],[1289,-774],[-648,-1467],[-1640,-1757],[-402,-1924],[699,-991],[1672,-461],[786,-548],[269,-931],[-290,-1027],[-871,-690],[-1308,-300],[-1532,617],[170,-1155],[1017,-416],[1028,-1012],[-207,-1317],[-1043,-540],[-3371,-32],[-1100,-1011],[371,-1144],[1456,-2858],[618,-2118],[64,-905],[-304,-2366],[-3,-1732],[-286,-2187],[-503,-1022],[-3038,-1981]],[[925716,143834],[-798,-401],[-20,-1767],[-1982,-785],[573,-1683],[-200,-1532],[159,-1137],[861,-705],[1376,-201],[-1461,-1613],[-27,-1236],[-505,-417],[-1447,58],[-247,-1010],[-1387,-701],[-375,-1630],[381,-495],[1028,186],[1363,-1664],[-1251,-687],[402,-548]],[[884463,120189],[837,912],[12,2587],[-4307,2010],[52,694],[-803,517],[627,1471],[-534,1678],[381,2215],[633,705],[827,187],[472,1803],[-743,397],[102,1558],[-1517,1427],[-1278,-41],[-1367,1680],[-1443,1181],[-2626,1001],[-956,-70],[-234,1004]],[[878208,165995],[1220,1122],[474,906],[1214,97],[3002,-815],[1011,3209],[1220,2500],[1857,64],[1188,-251],[8288,77],[753,423],[2405,625],[843,-549],[765,-1609],[1261,-1087],[-38,-866],[501,-669],[2104,1310],[1411,352],[3902,-14],[4925,279]],[[921489,191698],[-686,-13],[-682,1327],[-273,3277],[109,1363],[-339,1849],[390,1061],[-576,1264],[-999,171],[-475,-791],[-2216,426],[-2499,1011],[-4058,909],[-1125,733],[-1695,48],[-1540,473],[-1590,-134],[-1093,301],[-1652,-49],[-502,763],[-2155,1180],[446,924],[2125,2172],[1025,1422],[630,1671],[2063,2443],[840,718],[3271,1548],[1367,1539],[1298,3353],[796,1364],[620,2500],[175,1976],[1569,2180],[733,1697],[1138,1590],[-378,1817]],[[915551,235781],[1354,576],[1705,-407],[435,-1112],[-115,-1161],[1351,-290],[611,-1014],[679,-351],[342,-1047],[1355,-1568],[-117,-976],[453,-680],[-434,-864],[743,-1305],[463,1674],[1734,1876],[2557,1431],[364,1313],[718,1210],[62,1299],[557,1921],[704,452],[603,2582],[-527,882],[302,1130],[1055,2122],[91,1560],[744,1945],[-142,746],[751,1079],[508,1500],[-20,1213],[1210,-400],[1351,-1072],[961,-392],[506,-786],[631,-2148],[1883,2583],[885,962],[1013,466],[544,753],[462,1926],[1415,840],[-159,1657],[1610,1081],[1110,-1095],[850,-2378],[-1635,-1840],[-490,-1045],[901,-1105],[-698,-972],[-15,-855],[1164,-204],[-351,-1509],[439,-1684],[1189,-811],[243,-581],[-1538,-1056],[702,-805],[306,-2021],[-501,-980],[436,-1240],[-419,-848],[229,-1415],[1218,-1729],[-136,-1073],[970,-1818],[782,-467],[-87,-877],[1123,-1589],[1377,-957],[1374,165],[647,-668]],[[748508,227847],[1905,-2687],[1344,-2830],[1579,-2132],[501,-1424],[875,-14],[855,-1400],[-238,-1562],[628,-1684],[879,-3197],[500,-2595],[794,-1802],[384,-1426],[-484,-1846],[-706,-1287],[-289,-1650],[935,-2485],[1037,-1378]],[[809242,64633],[-3185,1594],[-6159,2382],[-937,-185],[-733,397],[-1182,-654],[153,-753],[1413,-364],[-182,-897],[-721,-114],[-887,528],[-219,-926],[1043,-493],[415,-720],[-657,-771],[-1126,-677],[-877,-1520],[-233,-1073],[-723,-587],[-1525,323],[495,-1347],[-452,-511],[-1279,287],[-830,-682],[1381,-1218],[42,-1667],[-322,-1240],[-797,-1060],[-23,-1452],[-620,-814],[895,-676],[481,699],[875,-291],[-525,-2564],[-373,-997],[-1112,750],[-464,-556],[98,-912],[602,-456],[-1410,-768],[2240,-1201],[-1365,-1792],[-989,338],[-808,-1494],[-1012,-500],[419,-1747],[-1265,-1216],[793,-819],[-1245,-788],[-5292,-1207],[-3108,5488],[-4080,-153],[-2666,-5555],[-5276,2712],[493,1714],[-1536,2496],[-1174,1349],[-1165,-269],[-1100,1865],[-1243,1223],[-6197,483],[-3132,4208],[-6270,-129]],[[735177,69167],[1554,579],[688,1444],[2027,388],[1500,-242],[2016,-1261],[119,-812],[1036,-435],[995,74],[-144,1017],[612,1173],[73,1118],[944,638],[537,2418],[739,1044],[141,804],[-729,659],[280,590],[1302,905],[-986,587],[231,1577],[-159,1275],[-571,565],[592,1150],[3441,-217],[-496,-670],[1163,-1735],[-482,-345],[1090,-1129],[972,-1467],[-43,-1095],[-527,-1257],[1552,-2040],[1804,-1571],[787,1284],[1396,233],[381,-947],[1204,-85],[1013,791],[905,2154],[894,1557],[3590,575],[1922,-766],[639,-1548],[1069,-587],[1532,177],[1014,711],[879,146],[830,-1209],[2321,181],[1114,-98],[691,513],[1955,350],[1146,1348],[2048,-1416],[246,-670],[-253,-1468],[1410,-102],[-18,-1139],[-1281,-319],[-1007,1007],[-953,-933],[359,-1505],[1187,417],[2864,1586],[1106,1185],[2287,1056],[1570,386],[3072,1151],[470,568],[2013,1410],[2850,1201],[366,1620],[-641,501],[-1145,-739],[-718,231],[137,1561],[-2094,1018],[137,1551],[1989,22],[267,1315],[-944,1458],[-666,2109],[-695,308],[-1269,-494],[-155,1153],[-794,1919],[1082,1939],[-518,846],[60,1509],[1198,-148],[861,869]],[[922159,125866],[1131,-549],[-115,-749],[-826,-565],[228,-788],[1270,-862],[686,84],[605,-936],[-1299,-1881],[166,-789],[1123,-809],[-188,-1630],[-898,-1398],[1572,-57],[184,-583],[-684,-1917],[678,-967],[-635,-907],[885,-868],[663,-1511],[-970,-685],[1323,-1003],[1072,-1821],[-275,-502],[-1663,-151],[95,-943],[1063,-183],[8,-672],[-1408,-561],[-486,-1145],[116,-1040],[-1371,-1916],[754,-2205],[-822,-845],[-188,-1749],[1311,-842],[984,-1217],[1071,-590],[805,-1849],[-309,-1022],[-859,-816],[-720,-1386],[335,-725],[1261,-930],[387,-1331],[990,-594],[868,-1873],[646,-822],[190,-1257],[-4802,218],[-991,-1918],[-962,-1183],[-58,-1203],[544,-919],[-1244,-782],[439,-953],[-1253,-977],[-599,-878],[-1331,432],[-1180,-980],[-87,-1690],[-380,-1192]],[[875948,68938],[369,1197],[1248,741],[543,935],[-285,512],[-1312,-34],[114,767],[815,238],[-133,1021],[1841,-103],[877,1028],[-1185,927],[683,1323],[-667,746],[69,1300],[-347,1360],[370,460],[1165,-27],[686,802],[-173,1141],[472,1130],[101,1431],[-815,671],[564,972],[975,592],[-155,1089],[2149,1684],[745,102],[1645,1481],[1107,173],[427,1046],[-413,446],[-4477,721],[-1898,-146],[-2607,-481],[-1100,1116],[128,910],[-1234,508],[-678,702],[744,759],[1248,-98],[-217,1596],[-1226,-507],[70,1265],[1183,626],[-942,2069],[-719,-413],[-1465,30],[-1626,-797],[-1932,31],[-420,241],[234,3096],[854,2641],[75,2120],[-572,1300],[229,3103],[3249,122],[1361,1973],[1162,797],[1754,-460],[2017,587],[973,861],[975,7],[25,1753],[750,480],[1117,-412]],[[884463,120189],[872,-677],[-178,-1313],[-630,-1504],[2015,578],[3610,2199],[2595,-543],[3364,98],[3157,1326],[202,2317],[321,719],[-202,1584],[-42,3340],[209,1851],[-186,1887],[222,1075],[836,401],[999,-931],[2421,-765],[871,-1497],[1078,239],[817,2026],[1164,45],[2620,-880],[2076,251],[1832,-1075],[1115,-183],[391,-2207],[1210,-356],[468,-829],[1344,-289],[801,-891],[1088,-540],[1236,221]],[[851118,130475],[3037,-765],[21,-638],[-778,-2582],[455,-1065],[32,-1299],[-681,-910],[166,-4322],[-314,-1695],[-906,-1993],[-35,-1987],[547,-2629],[866,-2077],[69,-1560],[343,-677],[2026,-1470],[297,-971],[-400,-1406],[-1900,-923],[-1287,-2278],[470,-1976],[143,-1623],[1318,-1320],[1254,-596],[1371,-149],[514,-370],[1127,-1638],[991,-914],[173,-950],[-505,-1464],[-1642,-1506],[28,-2270],[-1172,-2371],[-300,-1600],[966,-1890],[-240,-951],[-1093,-983],[144,-967],[-891,-1517],[655,-1778],[95,-2518],[684,-1039],[2010,-1471]],[[855599,66205],[-3060,7274],[-5836,5240],[-1237,-5792],[-7917,-3360],[-2874,-1468],[-144,-1603],[-715,-702],[-1832,-322],[241,-2367],[-147,-1613],[739,-1217],[1375,-581],[-640,-892],[91,-1497],[-5091,-2054],[-1129,-4988],[-10002,2070],[672,4423],[50,1296],[-2206,1106],[-1064,870],[-671,942],[-2170,2091],[-2790,1572]],[[809242,64633],[1459,3066],[1272,2387],[1941,2005],[1323,707],[1128,1444],[618,2304],[1319,2843],[252,1628],[-504,1295],[-1922,1604],[-1501,2511],[508,3561],[1998,4332],[116,848],[-619,1952],[-36,1297],[569,964]],[[919009,65484],[-1008,-2373],[-1397,-1392],[4277,-661],[1722,577],[863,-105],[1394,-930],[81,802],[1687,1725],[392,899],[1304,1141],[967,-281],[112,-2415],[-88,-5679],[1579,-40],[106,-4605],[489,-391],[4226,7],[150,-1559],[2792,90],[1745,-106],[2345,168],[1953,-1346]],[[944700,49010],[-1811,-2048],[-575,-2523],[-592,-519],[-1893,-2929],[-1024,-1020],[-3157,-2570],[-302,-1443],[929,-1716],[-1055,-227],[-852,878],[-1272,-762],[-297,1344],[-1668,-259],[-1557,-1603],[-1044,-2493],[101,-825],[-1343,-96],[-738,-1176],[-754,1045],[-1105,184],[-1154,-710],[435,-601],[-625,-1641],[-991,176],[-272,-544],[-2150,-754],[-690,-2061],[-892,385],[-117,-1384],[-1054,-57],[-1067,-2919],[-1421,-735],[550,-1763],[1508,-319],[-800,-1996],[-879,-1044],[-376,-982],[273,-1158],[1525,-1418],[-493,-1026],[-2705,-453],[-8152,-1695],[-385,35],[-1345,1991],[-1086,332],[-1020,705],[-921,-800],[-1146,603],[-700,1564],[-654,712],[-437,1363],[-142,11326],[-12636,2611],[-5507,4483],[-10376,7009],[-892,508],[-1276,-437],[-803,176],[-438,1589],[279,2136],[-418,1830],[-962,855],[-1297,-54],[-2451,896],[-192,1101],[1016,1576],[2533,1358],[1027,1244],[223,880],[-357,1887],[-499,1002],[-603,128],[-11796,1064],[5343,5107],[-1627,3872]],[[855599,66205],[1026,411],[1206,-28],[945,779]],[[858776,67367],[1457,111],[1761,-652],[883,-955],[976,-1869],[-800,-1693],[-1430,-1460],[-379,-1255],[276,-1394],[1814,-1438],[2355,435],[3038,101],[1516,-260],[262,-764],[1235,-180],[580,700],[1417,252],[1851,-68],[373,820],[46,1337],[-432,397],[-2027,82],[-628,1433],[-1088,1308],[349,1331],[934,-143],[375,938],[1131,582],[539,763],[-1552,628],[597,1239],[44,1020],[911,-317],[788,542]],[[875948,68938],[1038,-1002],[1291,15],[2492,-319],[4197,-116],[1445,-1549],[1502,-1161],[-181,-1167],[678,-606],[516,-1222],[-372,-3477],[373,-124],[1659,701],[440,-1558],[2146,500],[409,373],[-788,1075],[599,577],[992,-1392],[1325,479],[34,2049],[783,346],[587,-453],[1272,1271],[1763,535],[915,2136],[914,-138],[398,-1124],[-859,-381],[-328,-1541],[758,-596],[1565,819],[341,858],[7477,752],[1583,1074],[2612,655],[914,-237],[2240,222],[331,272]],[[798666,102669],[-1022,-611],[-24,-792],[1465,-1471],[-691,-157],[-1119,1138],[-489,-843],[934,-1166],[31,-1755],[-922,-25],[-671,1652]],[[796158,98639],[-903,1764],[215,2403],[-832,661],[-126,2064],[-1639,34],[-1491,810],[-530,923],[218,594],[-1137,466],[-27,1658],[-494,1056],[-1109,272],[-3508,-202],[-1650,55],[-1604,-681],[-1306,-30],[-696,354],[-1883,221],[-2807,-386],[-1209,639],[268,1508],[1462,1172],[-126,907],[-659,1297],[1062,192],[1345,2923],[-563,1082],[-1526,395],[-1645,1430],[159,1215],[-1987,808],[-1388,831],[107,1213],[-2282,4011],[-715,75],[-575,1105],[151,1041],[-670,519],[-101,1437],[-1007,1107],[-518,89],[-437,1062],[746,747],[-1388,4227],[236,979],[722,237],[1497,1993],[436,1512],[-513,372],[606,1222],[-450,275],[442,2605],[1041,1197],[-945,917],[-1528,227],[-814,1170],[991,1898],[-292,1208],[221,781],[-1208,569],[-1153,139],[-2231,-1085],[30,-1776],[946,-139],[-17,-1082],[-526,-2457],[-1339,78],[-1406,-290],[-463,-1026],[746,-1483],[-219,-2213],[14,-2513],[-1477,-510],[-883,-622],[-764,464],[-580,-845],[129,-1102],[540,-770],[-461,-496],[-308,-2486],[-829,-826],[-1900,98],[-1127,-1049],[-626,272],[-2670,1818],[-1646,-311],[-1490,-1032],[-653,-54],[-870,-827],[384,-763],[-208,-1498],[-646,-1257],[-942,-124],[-372,610],[-572,2330],[-3306,-1051],[-1652,1007],[-1933,1815],[-276,1080],[-550,100],[-1249,-964],[-947,-1146],[-1192,-584],[-1487,-329],[-1150,-2007]],[[724968,136969],[3871,2225],[797,698],[506,2191],[833,435],[2062,-697],[1673,370],[1410,585],[104,716],[1056,764],[654,-673],[1348,835],[1083,1915],[2827,2734],[484,2381],[882,1425],[394,3561],[803,1431],[45,1828],[577,2527],[1374,1866],[1833,1755],[1350,2169],[3164,1653],[2680,2283],[2829,3785],[1268,4101],[1089,2405],[555,3026],[470,915],[-1992,3948],[-389,1958],[-1601,4364]],[[759007,196448],[144,1509],[1648,-1188],[1830,-480],[1146,-661],[1922,-1739],[2491,-1406],[894,-250],[1180,-798],[2542,-2278],[788,-1075],[3161,-1870],[1369,-403],[4986,-2172],[1010,-2232],[2462,-1558],[3295,524],[1898,-204],[1433,-563],[2053,-84],[2393,815],[1486,89]],[[869087,193164],[507,-1347],[1253,-426],[580,-675],[941,-2078],[363,-1557],[1987,-4232],[485,-556],[39,-2751],[-462,-418],[-404,-1457],[-1418,-1699],[-1004,-2342],[-113,-760],[1031,-189],[1967,-901],[-303,-1984],[-92,-2178],[243,-1652],[3521,33]],[[878208,165995],[16,-1061],[1036,-492],[610,-1191],[-783,-1160],[-1035,-211],[-1016,-805],[-394,-775],[260,-732],[918,-256],[-56,-1138],[-871,-935],[-145,-2986],[386,-742],[-1424,-832],[-946,-1432],[59,-1819],[-410,-1142],[-1613,51],[-581,-1503],[357,-1575],[-214,-1021],[236,-1133]],[[872598,143105],[-620,-258],[-2585,988],[-1499,96],[-2498,784],[-2791,-501],[303,2639],[-2029,-629],[-1638,-1089],[-1290,-538],[-1309,610],[-2663,829],[-1240,-516],[-722,336],[-3383,320],[-339,1740],[-1789,-1850],[-260,-655],[256,-1764],[789,706],[1132,-632],[-60,-762],[651,-477],[-566,-975],[976,-1254],[451,355],[754,-1063],[-359,-1578],[-600,-824],[216,-1885],[1341,11],[128,-1539],[-391,-1523],[154,-1732]],[[851118,130475],[-2114,313],[-4067,-965],[-60,1127],[1111,1220],[376,1101],[-1058,579],[-399,1556],[-879,1027],[-1984,-650],[-1449,-1033],[-1253,-270],[-89,2333],[-1088,538]],[[842343,190814],[1081,1337],[1255,886],[872,1],[675,-847],[2239,152],[1153,1601],[916,588],[2078,107],[1002,-234],[666,747],[1421,272],[1893,700],[2505,-503],[312,700],[1483,1140],[2500,637],[922,-463],[2084,-1549],[812,-2156],[875,-766]],[[991769,246637],[1518,-6505],[2,-2088],[-349,-4259],[-676,-2081],[606,-3328],[-423,-3498],[-139,-2473],[206,-1061],[-910,-2370],[137,-1884],[-1215,-1974],[186,-1968],[-319,-2574],[-732,-1002],[-1005,-2663],[-971,-1539],[-1691,-1256],[-1711,-3666],[-1171,-1158],[447,-1149],[-256,-961],[82,-4724],[-309,-762],[378,-1218],[-1842,-3099],[343,-2393],[79,-2276],[-302,-2611],[-682,-8506],[68,-2644],[-1153,-1945],[-833,-120],[-497,-1282],[1218,-1992],[-1139,-341],[-378,-1771],[-1511,-1461],[-3610,-387],[-1249,-759],[-139,-831],[-1001,-557],[-578,-1730],[-242,-2038],[97,-3223],[-632,-1341],[173,-571],[-407,-2168],[-1525,-202],[-2305,-1924],[-506,-674],[877,-1893],[110,-2701],[-1188,-3253],[299,-1467],[-1360,-1688],[1259,-1307],[308,-1763],[-152,-1558],[-866,-618],[-598,1747],[-958,1097],[-894,-235],[-107,-680],[978,-882],[-1098,-1248],[-1071,1966],[-1542,-662],[264,-1562],[523,-943],[18,-1005],[-2244,1140],[-186,973],[-1040,-409],[-395,-1894],[893,-1728],[-220,-1078],[-970,-736],[1327,-1133],[43,-698],[-870,-822],[-1431,96],[-550,1821],[-1127,253]],[[952933,120760],[-70,864],[908,1669],[-78,1385],[-1189,1232],[-124,821],[-958,1894],[-934,747],[-2051,128],[-191,1199],[843,1841],[-188,1037],[688,897],[-51,857],[-1852,2004],[-1531,1141],[-832,1943],[222,686],[-766,730],[2,1833],[-880,555],[201,751],[-1134,1017],[-1075,347],[-218,942],[-974,661],[-969,1150],[-700,1284],[-1011,-913],[-283,1158],[-880,1650],[-1410,187],[-993,-1573],[-1211,-775],[-1605,-1830],[-79,-1259],[654,-2705],[-2381,-255],[-1059,-361],[-1072,637],[-1986,-502]],[[925716,143834],[-768,532],[73,847],[-1084,-25],[111,1172],[-633,577],[-233,1092],[-1018,-327],[-694,457],[270,946],[-2076,1070],[272,1531],[-569,1491],[-1583,1933],[287,1141],[-598,471],[-245,1449],[1209,1477],[-869,1621],[615,1495],[-585,809],[159,1560],[-235,1460],[833,1367],[-544,928],[128,1429],[-965,39],[-460,723]],[[916514,171099],[-28,1570],[484,684],[1158,675],[1658,559],[865,1182],[-408,778],[638,1258],[-578,1339],[782,1563],[482,1797],[-230,2887],[881,977],[-201,811],[360,1072],[-810,2040],[-78,1407]],[[921489,191698],[1269,26],[2220,-1052],[312,2771],[1328,1000],[1331,189],[2352,-143],[1438,-632],[1166,-39],[1188,-728],[2373,-401],[1500,-446],[1792,-845],[1311,-135],[-163,2117],[1295,1377],[18,627],[-2319,2823],[-149,1123],[-1123,2804],[142,921],[1172,1064],[610,1201],[607,2194],[-811,3096],[639,2107],[3088,1186],[2512,-1117],[831,618],[647,-494],[658,-2521],[875,-1322],[428,-1433],[2228,-3160],[465,-1750],[306,-3796],[245,-1589],[40,-2044],[287,-1589],[1224,-2039],[1231,-1369],[691,-1295],[1189,-1163],[677,2188],[874,4849],[380,911],[550,2825],[997,2437],[-12,1259],[364,3247],[-361,735],[-2697,334],[-513,2412],[-781,967],[-53,1326],[570,705],[728,-483],[189,-1357],[1736,-759],[558,2449],[81,2028],[-199,991],[-1208,2043],[-212,2793],[-575,2747],[-604,946],[-1383,81],[-595,657],[-504,1359]],[[955939,225530],[862,694],[487,972],[782,-559],[1093,294],[475,3080],[3068,2725],[644,2245],[-577,1688],[1341,1739],[1086,471],[453,1009],[63,2535],[790,-689],[-15,-1474],[896,-1091],[538,-2448],[642,219],[1985,1364],[774,772],[1006,-233],[617,1335],[707,2504],[432,803],[-39,2308],[666,2007],[-150,1224],[1001,1369],[513,1508],[940,1727],[-190,1322],[-1002,2924],[-728,777],[776,839],[1216,-1254],[616,-1699],[1391,-765],[200,-1061],[822,-1473],[127,-1256],[-577,-1098],[597,-1643],[2164,-2306],[362,489],[1052,-1034],[1934,-1073],[1472,882],[2545,-281],[1973,719]],[[812476,195977],[1687,-917],[2623,-353],[1439,-1330],[1840,-821],[1032,-1753],[1394,-1331],[502,-1853],[780,-963],[1258,-539],[572,-703],[872,-173],[2106,711],[1278,-345],[1244,360],[2494,-1198],[1090,-172],[955,252],[85,-1301],[1194,273],[-377,1765],[-947,1267],[-306,2719],[247,975],[-893,269],[-699,1538],[402,1744],[1380,424],[716,552],[1163,-204],[958,-1558],[1921,-1074],[1857,-1424]],[[842343,190814],[514,-560],[1790,-4292],[-626,-1268],[-1203,-993],[-1194,-1537],[-218,-698],[109,-1731],[-581,-1525],[-2428,-1763],[-740,-2839],[-120,-1515],[159,-4244],[-112,-910],[-1248,-3208],[-2482,-4036],[-1115,-2766],[-1429,-1796],[-11,-3860],[263,-1371],[-826,-2110],[-58,-1426],[1160,-843],[624,-10],[2509,-1100],[2299,-59],[568,-854],[-448,-4177],[-267,-1045],[933,-927]],[[838165,137351],[405,-622],[-98,-2462],[-288,-700],[405,-1529],[-691,-1665],[-1095,-1418],[-132,-1301],[1102,276],[95,-665],[-547,-1951],[-752,-1700],[-1420,-663],[-1790,-505],[-1868,-951],[-782,113],[-1625,1055],[-1105,123],[-2231,-290],[-346,-500],[-224,-1922],[137,-1250],[1005,-1758],[189,-1248],[-991,-1962],[-1300,-3186],[-1725,-2001],[-999,-2276],[-3027,-1250],[-562,-1461],[1217,-2114],[-1321,-539],[-638,-1648]],[[817163,99381],[-631,211],[-2359,1460],[-938,-201],[-1597,182],[-1543,-451],[-1069,825],[-2290,399],[-1460,713],[-959,-222],[-4167,563],[-1484,-191]],[[798666,102669],[-422,1461],[1862,2609],[-577,4233],[-67,2533],[-896,2503],[-527,533],[-2033,859],[-991,-176],[-573,662],[-232,1616],[78,1954],[-370,1417],[-1155,966],[-1127,1986],[-1645,1630],[-347,736],[-146,1522],[-496,1121],[-1892,1860],[-462,1056],[610,1996],[1034,1728],[710,3668],[-598,2092],[-102,2761],[-819,4030],[65,1820],[739,1811],[-186,2785],[268,3269],[60,3687],[518,1604],[1578,1608],[2982,1520],[889,597],[982,1203],[1000,2071],[1239,2060],[-482,1766],[122,911],[1623,2819],[258,868]],[[799138,180424],[279,802],[-366,1214],[-107,1734],[195,1476],[675,900],[569,1877],[1924,1588],[654,1031],[874,413],[1311,1229],[2154,872],[569,1204],[1529,437],[1340,936],[770,-323],[968,163]],[[554308,14546],[-229,167],[-3368,-596],[-4964,-32],[-3191,714],[-702,6636],[16,1345],[524,1314],[-61,3892],[366,4661],[-2723,2237],[-2123,1021],[-686,-428],[-1027,203],[-1441,-670],[-984,1174],[98,1001],[-1408,488]],[[558293,93042],[-2096,-1163],[-893,-1538],[787,-2523],[-196,-1391],[-1269,-364],[-1009,1408],[-515,1336],[-342,2522],[-996,-54],[-5711,987],[-1352,-341],[-510,-965],[-984,-73],[-1931,-1481],[-882,-1005],[-1879,493],[-2691,141]],[[638563,51814],[-1477,-484],[-7156,-3074],[-781,72],[-7462,-6031],[-4218,166],[-7310,-1126],[-3984,-402],[-3672,-539],[-6077,-6817],[-3565,581]],[[602673,147196],[1113,-887],[-1033,-1179],[-875,204],[-1513,-979],[364,-1529],[-62,-1481],[1869,-1475],[1557,-674],[454,-527],[-514,-1910],[658,-2440],[-383,-864],[-1429,-952],[-68,-1040],[748,-747],[1179,353],[1255,-643],[626,-1626],[-584,-507],[-1521,-356],[-745,-888],[383,-656],[1813,-417],[-68,-1723],[416,-740],[1360,-1410],[-195,-891],[759,-1505],[-581,-1405],[541,-1477],[1194,-751],[1071,-102],[132,-551],[-623,-1311],[-903,-687],[-658,-1053],[55,-910],[1559,-1515]],[[571028,89584],[-384,555],[106,2041],[-3665,-375],[-1348,491],[-418,706],[-1564,-122],[-5462,162]],[[558293,93042],[-204,821],[826,256],[613,1511],[-756,440],[1463,2115],[429,1898],[-670,1288],[1190,1284],[-904,1036],[331,570],[985,151],[271,982],[793,344],[591,1098],[-172,777],[-729,626],[2057,1030],[-314,1686],[1031,888],[-464,836],[75,943],[-748,516],[1337,1187],[589,1227],[734,676],[275,1327],[-808,396],[2235,1965],[120,1771],[1117,-281],[922,1159],[1253,168],[1405,1428],[1669,1195],[-96,649],[778,1046],[2747,1177],[604,914],[-686,581],[221,2433],[940,195],[-570,984],[1630,1002],[-1190,1362],[970,1800],[-551,541],[910,659],[196,1079],[-1023,1374],[921,1690],[1773,1092],[1119,48],[1926,1799]],[[587504,69010],[-693,-1258],[-117,-847],[685,-1833],[179,-1312],[853,-1884],[-431,-2856],[-343,-860],[-991,-1022],[-360,-2161],[268,-1486],[-202,-1890],[2432,-108],[280,-574],[1200,-190],[78,-1620],[959,-5056],[1554,-7166],[6,-2727]],[[592861,34160],[-2258,-3847],[-3808,-7401],[-1482,-9103],[2423,-6273],[-2757,-2977],[-2409,-2376],[-3307,-2183],[-1966,2107],[-3547,2321],[-3817,2619],[-4164,4198],[-505,2194],[-5382,-2949],[-5574,4056]],[[554308,14546],[5,922],[1296,857],[1753,718],[1113,-22],[1790,2032],[1516,362],[253,498],[-2971,524],[-1171,1395],[515,735],[1399,6719],[8,1269],[-725,1716],[625,825],[-811,923],[-574,64],[-1293,1304],[558,2047],[1232,1496],[241,790],[1161,33],[380,1262],[-665,615],[1838,1425],[-398,2143],[-1188,-121],[-756,829],[-755,1967],[867,1877],[-158,1252],[921,935],[-295,1573],[794,453]],[[634917,117000],[-131,2002],[1822,1176],[1218,398],[-27,1203],[463,1122],[-191,1037],[322,721],[1868,678],[693,964],[989,471],[2885,-1626],[3219,-2496],[-3,2489],[1236,2955],[-465,666],[-1766,157],[-613,1638],[-1010,1805],[693,1647],[-835,996],[-548,2638],[-631,510],[780,1270],[-1247,3537],[367,1740],[-118,1657],[1210,407],[833,877],[6,2112],[837,1386],[-948,918],[-753,2783],[1398,1567],[397,3762],[361,1564],[-210,1556],[138,1267],[957,2064],[2214,2756],[761,1290],[488,2898],[157,2795],[1514,4708],[524,1145],[7,2568],[-696,812]],[[609683,95308],[-1737,1025],[-1407,-208],[-987,-569],[-565,-1029],[-790,95],[-298,-830],[1023,-1179],[-720,-1727],[-1046,-765],[-534,-1019],[-466,-2092],[-1088,-1809],[-1202,-966],[-1986,-1094],[-724,-1292],[-79,-991],[384,-1708],[-239,-1214],[-1884,-867],[-499,-786],[394,-2480],[-1086,-471],[-2358,153],[-2260,-2144],[-614,-1145],[-272,-1771],[-1139,585]],[[587504,69010],[-546,498],[-1404,457],[-697,-232],[-689,-1993],[-480,-503],[-975,320],[-932,-316],[826,-1731],[-2319,-97],[525,-2012],[-1125,-420],[-700,461],[-561,-876],[778,-915],[-545,-713],[-1441,-304],[-466,-1199],[-1456,-737],[-2708,-3018],[-249,-1483],[-708,-1132],[-146,-1480],[-2795,-256],[-5250,1995],[-2628,639]],[[560813,53963],[-408,1557],[447,2044],[-286,759],[-989,82],[-328,1354],[-1344,731],[1104,800],[-1381,1173],[284,2292],[-1039,934],[-136,632],[-1699,532],[-437,1237],[585,1740],[-396,666],[322,1222],[-1209,3218],[786,982],[281,906],[1652,-57],[590,962],[561,-638],[1699,96],[1690,-261],[830,-607],[1562,-450],[2173,178],[2236,1131],[330,1579],[-614,3112],[151,1691],[416,599],[1923,1454],[559,1709],[300,2262]],[[571028,89584],[1582,263],[986,552],[328,1287],[1924,227],[341,-480],[-441,-1918],[-1241,-2315],[2774,387],[3676,40],[774,1220],[-1238,2648],[672,1674],[1112,999],[-509,1030],[-897,837],[-243,807],[547,2355],[952,63],[486,-498],[1851,810],[981,-825],[1664,916],[795,-296],[634,501],[536,1204],[1779,-633],[2075,-387],[-545,1776],[-1453,1485],[1102,1964],[-81,941],[802,386],[706,-471],[1352,-145],[1478,1871],[888,-442],[1292,283],[399,-1657],[9,-1272],[-502,-388],[-1247,165],[-642,-2116],[1112,-2177],[967,493],[218,687],[1525,-40],[434,-537],[101,-1172],[562,-817],[1540,-1019],[1052,386],[1941,-817],[649,2359],[1154,-187],[751,436],[420,1768],[1114,378]],[[630686,210077],[-919,-1453],[-1019,-935],[-2479,-1701],[-1369,-549],[-3631,-3553],[-1612,-2443],[-175,-1611],[-909,-2624],[-47,-1088],[-1414,-902],[-113,-785],[-1234,-1108],[-208,-698],[-1638,-1655],[-897,-415],[-1671,-1373],[-2741,-26]],[[673285,181001],[-5108,171],[-1866,-123],[-2210,235],[-4293,-257],[-4035,0],[-1718,213],[247,902],[23,2081],[-659,1159],[-584,208]],[[653082,185590],[-2674,467],[-5031,461],[-2614,1334],[370,1089],[2555,4417],[273,2044],[547,995],[-366,3338],[182,1109],[-2838,1838],[-5481,4370],[-1521,909],[-1633,658],[-1377,175],[-1966,569],[-822,714]],[[630686,210077],[616,636],[1140,1956],[1481,1332],[449,1436],[1930,526],[-355,1598],[539,907],[-188,1621],[494,1871],[-1408,2470],[-525,318],[69,1083],[-1481,1669],[-2212,229],[809,2445],[-262,1930],[-355,881],[411,1587],[-247,1236],[496,677],[180,1330],[-175,1269],[-1073,964],[-147,987],[-1378,1801],[-105,1917],[939,3044],[1036,1451],[30,748],[1153,2553],[350,1383],[-238,1824],[219,843],[-221,1498],[-1631,2759],[-829,292],[-972,-281],[-535,514],[731,1043],[696,1597],[-875,735],[-270,881],[146,1754],[417,927],[-17,1194],[756,555],[1815,227],[706,-149],[874,1714],[1860,-1160],[2063,667],[1588,22],[1962,-838],[647,-497],[2481,-781],[1330,-732],[1148,-1175],[1046,647],[1686,-1430],[2016,960],[850,1657],[-119,3034],[1204,1718],[794,411],[952,1396],[13,975],[2797,732],[898,-251],[355,1141],[1067,1259],[1507,1001],[579,1139],[-388,2079],[216,676],[-1952,1102],[-15,1961],[1220,1207]],[[696163,290933],[1733,-856],[2159,1195],[1011,-147],[3168,10],[1461,245]],[[705695,291380],[885,-1710],[2757,-2857],[2035,-611],[1796,-1394],[-258,-908],[1140,-723],[935,-1067],[977,-290],[360,-939],[1613,-1223],[516,218],[1153,-1127],[1675,-484],[1349,874],[468,-1659],[1454,-1114],[670,-1876],[3020,-1420],[1027,650],[919,-1464],[324,-1194],[616,-594],[45,-1680],[367,-1925],[1618,-109],[715,-1092],[1027,-200],[986,-735],[-147,-1276],[-861,-2332],[754,-123],[224,-1181],[-709,-1016],[-784,-193],[-1087,-1720],[5,-1703],[1930,-1664],[502,-1406],[486,-305],[1115,302],[375,-863],[928,20],[708,-640],[1243,315],[1251,-1579],[2520,-1972],[267,-1705],[-1100,-1150],[-379,-1303],[-581,-738],[60,-1119],[-1144,-1859],[-942,-321],[-1416,-1706],[-400,-1851],[-1155,-704],[-807,-953],[804,-813],[3407,-1234],[728,-734],[-159,-1150],[1561,-838],[1352,1056],[1710,-731],[611,659],[854,1946],[1335,-900],[1161,215],[203,-1927],[-1799,-1684]],[[748508,227847],[-1055,-931],[-524,-904],[-1065,-3599],[42,-2646],[-408,-1165],[-1317,-1962],[-1538,-1618],[-3466,-2630],[-4073,-1967],[-2200,-1714],[-595,-2966]],[[709473,199265],[-1373,946],[-2371,2514],[-870,1420],[-2409,2701],[-742,1043],[-509,1537],[-1367,1740],[-1588,2796],[-707,19],[-3036,2185],[-1365,1656],[-1740,1635],[-1041,1278],[-1320,899],[-782,982],[-1300,922],[-1239,1575],[-2305,-141],[-1281,2234],[-134,852],[1001,4441],[107,1494],[512,963],[22,1903],[372,1469],[1770,3520],[414,3323],[480,1800],[651,1074],[127,2250],[829,851],[81,1461],[-384,2398],[483,2984],[-315,1273],[-1036,2535],[95,806],[-1072,1269],[404,1534],[1398,2973],[994,1047],[-477,2041],[-1313,1283],[-988,179],[-1451,-529],[-588,252],[-338,1662],[708,1387],[1148,661],[709,2444],[-65,1435],[566,751],[22,1881],[-2466,-31],[-882,622],[-936,2251],[-1164,894],[-1390,332],[-761,2390],[232,2081]],[[670876,129126],[-334,648],[-1348,147],[-43,790],[919,880],[-613,789],[-1225,601],[257,792],[1284,319],[381,868],[-636,1362],[887,1216],[-625,1124],[-1566,449],[-583,821],[-152,2263],[315,2253],[839,242],[213,1246],[-604,1168],[348,1300],[992,1021],[1006,3],[412,705],[-274,1462],[159,2534],[1340,-1067],[922,218],[288,619],[-583,799],[1221,696],[365,2259],[-437,1187],[378,786],[1495,-517],[567,1064],[160,2871],[-571,2940],[-461,1285],[57,1662],[-639,1017],[-9,1464],[-563,933],[67,3746],[620,2792],[-1896,745],[79,1373]],[[673285,181001],[2556,-320],[4033,195],[2915,-10],[1726,-229],[4116,187],[3629,449],[2482,821]],[[634917,117000],[572,-1520],[960,-419],[156,-799],[-1926,-1893],[51,-715],[-1230,-1305],[302,-776],[-587,-1115],[741,-186],[336,-982],[-714,-269],[438,-2240],[-1224,-1004],[1106,-982],[38,-1237],[1602,738],[2734,264],[2220,4],[1308,683],[1298,1377],[1410,45],[802,-1700],[852,-149],[1393,566],[1525,-735],[1265,803],[280,3714],[384,765],[2569,1777],[495,940],[1938,1589],[956,-656],[120,1355],[1690,-67],[385,-627],[247,-2675],[2569,326],[1317,-427],[-331,-3728],[813,-1458],[724,546],[643,-355],[1654,-1812]],[[674975,41517],[-1248,314],[-8660,4773],[-62,512],[-10199,2579],[-2209,504],[-5672,837],[-6255,1436],[-2107,-658]],[[638563,51814],[1593,1893],[425,1183],[-435,834],[-1063,252],[-1148,-456],[-762,228],[-175,2794],[604,701],[273,1070],[-1452,1694],[-1621,540],[346,1531],[-231,546],[326,1954],[-1435,27],[-3868,948],[-1895,-257],[-1064,166],[-2792,1564],[-1836,-137],[-1347,648],[-1490,2023],[-1369,1276],[-1263,1650],[744,1432],[-179,3167],[-459,2290],[531,1686],[239,2614],[-586,2069],[-1557,-59],[-1537,1432],[-1235,100],[-1139,558],[-225,1137],[329,886],[184,2265],[-1633,331],[-678,914]],[[609683,95308],[642,86],[-524,3100],[826,297],[730,-325],[924,-1431],[405,702],[86,1209],[827,2264],[-553,219],[-1614,-331],[-1190,513],[-216,562]],[[610026,102173],[386,1963],[678,1120],[-29,1206],[-1019,1582],[-18,1901]],[[610024,109945],[2315,1254],[837,870],[-404,645],[238,814],[-276,1101],[692,280],[1126,-352],[1240,473],[603,733],[1196,753],[1080,156],[1544,1126],[3356,934],[2163,84],[1061,-765],[338,-1023],[1769,619],[1577,-366],[819,240],[3619,-521]],[[726106,119225],[210,-819],[1354,-1851],[425,-1282],[220,-2076],[-403,-1859],[-1280,-2112],[-335,-3561],[-587,-2741],[34,-856],[973,-2584],[-374,-3849],[605,-3666],[-235,-1508],[837,-2018],[343,-2044],[1243,-1024],[439,-772],[139,-1874],[-126,-1586],[136,-3446],[381,-1523],[1056,-2225],[2981,-2624],[936,-1284],[99,-874]],[[735177,69167],[-1405,-3633],[48,-944],[886,-1969],[1261,-1494],[2320,-972],[2363,-1482],[825,-874],[-382,-4628],[1791,-3131],[1591,422],[129,-808]],[[744604,49654],[-758,-16],[317,-11083],[-13717,-5632],[769,-7005],[-11914,182],[-7500,-2074],[-2408,-5100],[-1497,-168],[-8310,713],[-71,1588],[679,1934],[-470,1630],[17,929],[-1922,443]],[[699874,118610],[1051,2254],[448,2661],[907,1594],[3530,1430],[319,833],[-472,1945],[-57,1720],[-730,1316],[-1006,451],[-645,755],[-380,2216]],[[571520,208113],[2227,-520],[3174,-1313],[1992,-1087],[3731,-720],[1478,-436],[1884,-1396],[2569,-576],[1835,130],[1719,-595],[2661,-674],[766,134],[561,822],[1000,535],[-44,1531],[546,975],[4391,-707],[544,-275],[3411,-451],[2514,-148],[108,-1009],[-1257,-2063],[-516,-1605],[451,-1016],[-138,-3350],[-891,-122],[-7,-891],[1213,-1396],[246,-1171],[761,-957],[-336,-1177],[497,-1427]],[[608610,187158],[407,-2448],[-554,-518],[-362,-2448],[656,-871],[-1031,-1422],[253,-1081],[-710,-1343],[41,-1561],[454,-1382],[1105,-332],[-612,-1656],[676,-880],[-584,-658],[519,-764],[-402,-1002],[736,-738],[-145,-1629],[1112,-1655],[-683,-1028],[615,-1813],[2038,-1730],[-457,-886],[-1368,-1069],[396,-1692],[-1741,-1128],[-321,-840],[79,-1171],[-1040,-718],[-520,-1450],[-1663,-659],[-501,134],[-1663,-2234],[-863,-662],[196,-628]],[[602673,147196],[-974,-211],[-1159,441],[-2531,496],[-484,-323],[-2556,94],[-583,-608],[37,-792],[-710,-1870],[-683,-634],[-1422,-8],[-912,458],[-1491,1344],[-1158,279],[-876,675],[-1717,244]],[[585454,146781],[-772,752],[-2079,755],[-1395,-304],[-862,-2024],[-891,-595],[-716,1067],[-991,791],[-1438,367],[-3243,-417],[-1122,464],[-550,964],[242,938],[484,4409],[11,1561],[-679,1178],[-1240,62],[-544,-1907],[-192,-1869],[-1250,-990],[-737,-1130],[-2856,-264],[-909,1250],[-1470,-377],[-2336,1307],[-491,56]],[[699874,118610],[170,-1277],[-452,-1376],[161,-1848],[-330,-521],[-1201,-448],[-1097,-849],[-1475,-2180],[199,-594],[1185,-1423],[-48,-1234],[1753,-262],[1284,340],[-84,-3279],[679,-1769],[-1066,-439],[-651,-911],[-911,-329],[-57,-1406],[-382,-554],[25,-1385],[469,-1068],[-424,-402],[-2497,-272],[-687,-2481],[293,-799],[-204,-1213],[2043,-510],[1060,-924],[-501,-2189],[-1836,532],[-1627,-95],[-309,-1701],[555,-2044],[-341,-3348],[-225,-909],[648,-1395],[234,-1731],[-934,-2374],[376,-843],[1849,-1662],[46,-1299],[-636,-1659],[45,-909],[699,-1588],[-239,-2632],[-1001,-1334],[-80,-1332],[895,-1479],[1380,-904],[2174,-631],[1055,-71],[1958,-1400],[98,-1817],[-1600,-1316],[-576,-1149],[1523,-1034],[1200,-168],[2325,572],[869,-192],[551,-875],[-1029,-1907],[-496,-3344],[244,-2120],[1043,-2386],[1665,-2429],[849,-2173],[120,-1375],[-822,-1304],[-3396,-1779],[-657,-989],[-139,-1321],[-1246,-1133],[-1784,827],[-713,-90],[-761,-1065],[-857,-329],[-406,-1309]],[[697819,25995],[-4851,1365],[-10149,5482],[-2333,6334],[-254,917],[-5257,1424]],[[674975,41517],[213,968],[1382,1661],[746,-224],[899,685],[-783,2322],[205,866],[-1017,980],[-1428,102],[-333,908],[391,715],[-984,796],[194,963],[-386,1199],[214,1343],[-1111,1995],[17,1299],[-645,1034],[-947,722],[-815,1445],[-469,2977],[-841,593],[-848,-471],[-1176,-1644],[-79,-811],[-1616,-213],[180,1396],[-395,357],[-191,1323],[-3089,343],[-832,3848],[335,1998],[-1179,2079],[-653,310],[-595,1170],[-3404,1111],[565,1317],[213,1530],[610,438],[1037,-148],[527,383],[1081,2121],[562,2666],[982,846],[632,100],[2193,-1523],[493,1495],[1065,717],[1949,221],[732,602],[-64,723],[-2128,1148],[-812,1382],[-462,2045],[1240,1231],[1077,211],[-39,2437],[817,707],[1036,178],[1158,1143],[380,923],[-275,2078],[-615,1069],[-757,191],[-1768,-1341],[-937,1176],[371,933]],[[666798,102661],[3333,1176],[682,739],[81,878],[-574,1275],[-905,1230],[-619,2563],[896,1575],[306,1735],[1480,980],[1105,1142],[-241,790],[-1025,-362],[-1485,1163],[442,1377],[1036,48],[81,672],[-1246,742],[131,1127],[1624,1197],[-179,942],[-1662,1194],[-995,106],[-869,2790],[1399,38],[1366,720],[-84,628]],[[670876,129126],[1502,287],[-37,-1537],[451,-1775],[383,111],[1706,-2084],[2428,-1160],[1193,-330],[1060,-948],[1390,-515],[506,793],[2675,-596],[776,414],[583,-744],[-620,-489],[-638,-1788],[387,-1179],[635,-787],[1304,427],[2960,-1947],[838,382],[1693,2377],[725,251],[510,-971],[1203,37],[1210,752],[1277,-861],[777,133],[837,782],[1284,449]],[[732309,205745],[-1,-2028],[-328,-1391],[-45,-3730],[-697,-1872],[395,-1079],[-727,-1980],[828,-1847],[-116,-825],[-1119,-1203],[-264,-1552],[-750,-1741],[-728,-798],[-599,-1262],[-121,-2342],[-1317,-1085],[-161,-1618],[208,-1104],[-139,-1823],[-325,-740],[-127,-1910],[113,-2125],[1034,-1879],[148,-1386],[1627,-994],[1164,-2365],[67,-607],[1227,-1377],[706,-1242],[103,-2126],[-510,-1958],[930,-2560],[-235,-2291],[429,-1035],[-429,-1069],[-1337,-1363],[-1783,-1337],[-613,-1278],[757,-1398],[-965,-2662],[-1479,-848],[-1022,-224],[-998,211],[-555,-998],[197,-1343],[-206,-785],[422,-1807]],[[724968,136969],[231,-887],[1265,-2119]],[[726464,133963],[-544,-1006],[-2381,-796],[-148,-425],[1605,-1305],[870,-1359],[-78,-2296],[24,-4805],[294,-2746]],[[726106,119225],[-761,354],[-489,1421],[-2461,1788],[645,1062],[-1219,2383],[100,2795],[-809,679],[-1804,-443],[-554,2254],[-781,875],[77,1040],[-432,2534],[-628,1098],[-1811,-31],[-400,-1288],[-1460,-501],[-1960,340],[-4063,129],[-716,462],[-2282,393],[-1459,-784]],[[702839,135785],[-43,725],[753,1138],[378,1721],[-773,2085],[18,909],[743,1364],[408,2056],[371,619],[512,2045],[516,791],[1646,4276],[-418,1004],[88,1849],[517,2097],[1215,2082],[113,3251],[-237,1689],[174,2692],[-985,1649],[-1667,1309],[-841,1775],[-350,1718],[-1487,624],[-1210,1066],[-904,-609],[-1879,1171],[-913,1145],[-1471,472],[-331,1752],[-829,1443],[-1211,401]],[[694742,182094],[-1140,480],[-1081,1501],[-116,671],[-1318,2069],[187,2155],[-1120,1718],[519,1873],[1184,963],[1741,-1013],[1116,224],[151,1068],[1434,-264],[3102,1104],[2734,-331],[666,-1557],[1131,-1151],[957,-29],[921,-496],[1519,-1607],[2254,-898],[1427,-1027],[1040,269],[46,814],[664,1249],[-602,920],[-1047,543],[-728,957],[681,2009],[-1063,2851],[-528,2106]],[[709473,199265],[2380,936],[889,750],[2523,724],[576,1117],[676,2464],[-634,1836],[-750,675],[-146,947],[1372,2193],[2541,1184],[1082,-271],[2511,-2015],[1033,-565],[392,-832],[1713,-1144],[831,-45],[2415,-693],[881,95],[877,-523],[1674,-353]],[[532648,78411],[-882,-1950],[64,-3439],[-462,-1066],[-1927,-1781],[-223,-950],[566,-674],[1147,-528],[709,-1109],[753,-578],[384,-1667],[-715,-1780],[564,-1173],[-225,-1394],[910,-223],[-234,-1234],[-808,-1974],[140,-814],[-438,-2497],[798,-125],[-205,-1493],[1330,-3929],[-618,-2593],[-647,-787],[-204,-1459],[298,-457],[-1390,-2265],[158,-1508],[914,-1291]],[[532405,37673],[-7984,-316],[-1156,-1789],[-114,-588],[-1014,-702],[-776,-1423],[-888,-1085],[-1280,310],[-743,1294],[-2685,1517],[130,2144],[-12188,624]],[[451612,99415],[-511,2472],[-1387,5499],[-1600,2628],[-276,10630],[453,9402],[-511,3976]],[[448727,159651],[375,1625],[646,1419],[488,1821],[-139,777],[614,1551],[466,208],[117,1331],[733,741],[203,845],[802,967],[10442,7084],[774,480],[1681,-432]],[[492248,87344],[-587,-815],[-1172,-750],[-519,-1846],[-657,-546],[1448,-2221],[199,-1301],[843,-1167],[1210,-2164],[74,-1483],[-469,-1987],[1117,-765],[810,17],[-16,-953],[1885,-2415],[1587,-356],[83,-1624],[-706,-3317],[-1551,-672],[-346,-572],[425,-2573],[1537,-2220],[564,-1295],[1189,-1199],[296,-979],[-29,-1462],[556,-1089],[849,-557],[939,-1286],[902,-2217],[-327,-843],[785,-960],[396,-1661],[-683,-1459],[-111,-1181],[938,-3767]],[[503707,37659],[-164,-282],[1457,-4656],[-8190,-1235],[-4796,403],[-6946,3371],[-2826,1897],[-1687,898],[-4217,3689],[-5960,5003],[-4461,3882]],[[582451,284290],[1232,-1597],[604,-2102],[1290,-2108],[-508,-939],[-517,-1939],[-1143,-1149],[83,-1226],[-957,-1399],[-397,-1514],[1428,-643],[-318,-1927],[-1005,-965],[-230,-1364],[-1300,-1397],[-569,-981],[-888,-2972],[-408,-365],[-1559,-124],[-59,-846],[-2338,-2545],[-584,-1578],[-1416,-1061],[-2086,-4115],[-52,-1268],[539,-1643],[-647,-1351],[205,-2908],[923,-1689],[986,-2861],[1137,-1018],[-182,-649],[1427,-890],[163,-1584],[1740,-1727],[969,-2466],[172,-2474],[-371,-1203],[36,-1381],[-412,-2164],[896,-1026],[-91,-1211],[-1437,188],[-760,-807],[376,-1076],[-1138,-1395],[-1433,-1107],[416,-1842],[-1191,-710]],[[514051,227920],[317,2350],[-44,1559],[237,1647],[827,1430],[195,1603],[393,521],[131,2977],[1044,2233],[1869,4896],[4304,6923],[2674,3734],[-1402,1332],[-1192,455],[-1202,-120],[-2196,170],[-2084,572],[-1493,195],[-2899,-416],[-1809,1210],[1275,784],[670,1238],[212,2408],[606,1986],[392,456],[-56,1562],[556,1335],[244,2050],[805,2117],[492,3511],[-271,747],[-1248,1239],[-24,1234],[-1061,1500],[-1007,201],[-2234,-269],[-897,1868],[-430,1664],[511,3864],[-182,2303],[175,586]],[[557166,148602],[-984,-596],[-467,-1019],[-419,-2341],[-1307,-581],[-340,-636],[425,-2888],[-1608,-1032],[-439,-1822],[632,-1417],[1064,-1246],[1246,-4526],[-98,-1303],[-1848,-1576],[-297,-679],[-408,-2392],[-853,-2455],[-45,-2374],[-586,-272],[-1730,409],[-1089,-508],[-409,-1320],[-830,-581],[-808,-1223],[-64,-1011],[-705,-622],[-1577,-132],[-1328,-1233],[-805,-1961],[-1204,-1166],[-646,-1415],[95,-1105],[480,-1129],[-241,-928],[-722,-234],[-1485,479],[-839,-604],[516,-1843],[-455,-1039],[-1119,-120],[-602,-501],[-169,-1347],[-1572,-757],[-688,-1356],[429,-2633],[767,95],[1036,3013],[692,166],[1014,-1280],[-169,-1349],[-962,-1645],[-872,-1980],[73,-1495],[818,-905],[160,-1156]],[[535824,89031],[187,-1016],[-1092,-1356],[-706,-2191],[-1736,-3234],[520,-1625],[-349,-1198]],[[532648,78411],[-2237,212],[-1658,1785],[-1398,3979],[-536,425],[-1550,-1026],[-3172,-117],[39,-2422],[-1297,-2120],[-290,-1815],[-1706,759],[-2298,644],[-3131,-42],[-400,673],[903,1983],[1053,1052],[-128,1222],[612,28],[296,1047],[-969,959],[-300,1813]],[[539733,151708],[-1081,-2342],[-200,-1303],[-670,-1648],[-1243,-621],[-191,-1237],[-1021,-769],[-302,-894],[-1602,-1683],[-736,-121],[-1066,-871],[-1869,-2824],[-1338,-397],[-680,-1410],[-1304,-1013],[-1466,-1968],[-689,-1271],[-838,-2920],[-2839,-890],[-2264,-1821],[-871,-209],[-920,-882],[-1485,-1872],[-1055,-796],[-348,-1010],[-1077,-806],[1246,-1870],[521,-432],[1223,374],[592,-246],[441,-1029],[-213,-1107],[522,-626],[-408,-1465],[-1078,-309],[-665,-1954],[409,-1199],[1679,-217],[284,-928],[-370,-705],[304,-1090],[-1408,-388],[-267,-487],[532,-1024],[830,-201],[657,-1056],[768,-298],[-460,-1441],[-1074,-1054],[372,-2344],[426,-430],[-46,-1341],[489,-710],[-223,-1267],[-695,353],[-887,-1066],[-580,-122],[379,-1597],[-698,-1529],[77,-1211],[-776,-2664]],[[514481,87450],[-5366,-1912],[-1037,61],[-61,1041],[-1004,1582],[-214,1729],[-453,1467],[-67,1254],[601,2718],[-1765,19],[-487,-2889],[-350,-878],[-1130,-311],[48,865],[1073,1608],[-126,496],[-1635,1124],[-2396,1143],[-530,-175],[-585,-1432],[-1041,-1826],[-161,-878],[-976,-373],[-1457,-1740],[-808,-491],[479,-2280],[-1164,185],[-1621,-213]],[[492248,87344],[125,1788],[-432,1069],[-6,1007],[-748,1807],[1228,1403],[190,1343],[-2278,530],[-2318,345]],[[488009,96636],[-612,-197],[-159,-1105],[-869,-688],[-335,-1301],[-1107,-743],[-498,-1888],[-1283,-2529],[-191,-1030],[-1820,422],[-1312,535],[-1011,-1034],[-1244,-494],[397,-1638],[-1324,-1329],[-1133,-531],[-121,-974],[-1131,-66],[-555,-603],[-3185,-750],[-764,-574],[-1773,-2122],[959,-1221],[648,-1328],[708,-712],[2575,580],[760,-1208],[1456,-988],[531,-1163],[-267,-1125],[-783,-633],[666,-1263],[132,-1778],[-78,-2242],[568,-1793],[103,-2202],[-279,-1743],[139,-1399],[-504,-1287],[-730,-818],[6,-759],[-5302,-199],[-745,-348],[-1698,-234],[-1244,221],[-39,-2593],[356,-1133]],[[465917,50629],[-8594,7484],[-1914,11971],[-1798,14604],[-494,3695],[-515,4959],[-990,6073]],[[451612,99415],[3109,93],[4733,-1046],[709,438],[598,1025],[-141,739],[-1982,643],[-328,784],[1557,1266],[831,1423],[-681,765],[-684,2096],[1989,310],[2634,3189],[930,1850],[959,199],[1496,-317],[1493,-751],[1082,25],[1495,-426],[492,420]],[[485524,113639],[313,-409],[1204,-3149],[246,-2056],[-479,-1918],[-1624,-984],[-619,-664],[169,-778],[-492,-1400],[522,-982],[570,-1936],[986,211],[980,-698],[709,-2240]],[[523621,159551],[-727,-2467],[951,-1740],[1082,-690],[1041,-1113],[1538,-633],[-1134,-2117],[-1891,513],[-699,-1867],[-355,-2547],[-662,-567],[-688,941],[-1847,-40],[-1176,-2139],[-2094,-637],[-1840,731],[-784,-1098],[-149,-2114],[-1449,-1264],[35,-1158],[-655,-26],[-1160,-1142],[-1019,-59],[-590,-480],[-2910,-381],[-1544,-1363],[-391,-1107],[-643,-426],[-636,626],[-1454,-614],[-402,-934],[-1065,-1339],[-905,28],[-454,-631],[-824,550],[-1870,-2861],[-2123,575],[-1439,-1428],[-2124,-207],[-972,-580],[-1296,36],[65,-3361],[-1343,-1146],[729,-852],[-2052,-2559],[611,-5103],[-783,-1122]],[[485524,113639],[-2213,-1140],[24,-683],[-1253,-3009],[-747,289],[-2011,183],[-1340,576],[-2355,-1865],[-984,-234],[-2298,973],[69,2396],[-513,1015]],[[471903,112140],[-188,1173],[-2040,2635],[-901,2015],[-57,2184],[226,910],[720,352],[1872,-61],[764,504],[100,890],[-419,1013],[530,1165],[2181,-140],[840,168],[764,742],[1243,2371],[140,988],[-931,1144],[1109,2273],[-205,1452],[-1784,-530],[-511,691],[205,762],[1483,420],[259,414],[-1023,1361],[-966,191],[-88,1333],[702,1209],[-994,1969],[885,2468],[-159,999],[-878,1427],[349,1347],[-480,659],[-1216,2989],[-1348,1107],[-1247,261],[-773,852],[460,1385],[-1606,1992],[112,3392],[-290,1772],[-772,2632],[-880,-59],[-817,1627],[-354,2020],[537,2165],[1114,743],[-513,938],[16,864]],[[573077,213172],[-1358,-2892],[-199,-2167]],[[571520,208113],[-606,-229],[-1134,916],[-812,55],[-305,-676],[1189,-1131],[-31,-952],[-1142,-1172],[-435,-1099],[-964,-306],[-490,-742],[-707,-42],[-342,-1878],[-1194,-1966],[-461,-1436],[109,-1287],[-411,-2172],[-105,-2471],[-1723,-1981],[-522,-1609],[-654,-896],[404,-721],[-1250,-741],[-810,-97],[-533,-1458],[-1538,-939],[-1469,-1492],[-752,1106],[-955,-219],[-186,-869],[344,-926],[-293,-1477],[-1129,-905],[714,-727],[-1373,-2046],[697,-1832],[-749,-1452],[1718,-571],[522,-991],[0,-877],[850,-2232],[1948,-2706],[167,-875],[-680,-1255],[1307,-1403],[1702,-719],[418,-999],[-431,-1304],[376,-1080],[-75,-2039],[-296,-2368]],[[559428,152825],[212,-1200],[-804,-395],[-1670,-2628]],[[557166,148602],[-803,655],[-2454,45],[-2787,286],[-3043,83],[-1292,242],[-770,1578],[-891,2844],[-1768,155],[-967,-846],[-1954,-380],[-704,-1556]],[[539733,151708],[-3176,1492],[240,1392],[1060,4076],[679,926],[-2225,725],[-1189,-941],[-518,-799],[-932,-133],[-695,380],[-3772,-619],[-1273,-506],[-78,1210],[-770,783],[-1339,239],[-948,-1270],[-1176,888]],[[523621,159551],[-1566,205],[-1104,-1497],[-1417,1740],[-1662,711],[-1121,122],[-1439,-517],[-904,384],[-1162,26],[-1700,1476],[2087,2583],[-698,2950],[433,661]],[[536899,209148],[762,783],[1387,343],[1412,8],[928,532],[685,930],[555,-415],[52,-1819],[556,-459],[3723,-600],[757,-847],[-339,-1207],[1322,-145],[-415,3429],[3059,11080],[10371,-3588],[4428,-1372],[2591,-965],[1779,-898],[2565,-766]],[[448727,159651],[-784,-871],[-337,-1041],[249,-1118],[1059,-737],[438,-2782],[-88,-629],[-934,-719],[-756,-2001],[630,-873],[-455,-864],[-711,-178],[218,-1629],[-320,-899],[481,-1317],[1629,-2478],[852,-1798],[529,-1817],[144,-1717],[-1062,-1345],[-1729,-816]],[[447780,134022],[-99,812],[-13267,847],[-1132,-10734],[-10863,-15979],[-2355,-4540],[-5370,-2087],[-3305,-1575],[-3286,-1421],[-5161,1166],[-449,-35],[-2075,-2881],[-4595,1288],[121,756],[-2285,72],[-944,-1948],[-2037,402],[-1401,-324],[-2708,273],[-1067,-2192],[-2020,-82],[-296,-240],[-2107,234],[-1423,-102],[-545,-1226],[-892,-4988],[-615,-5052],[702,-4110],[-12594,-751],[231,641],[1149,804],[-157,1020],[1497,1493],[120,693],[885,1520],[1448,518],[821,861],[735,1613],[-759,1483],[-211,1486],[437,1532],[902,1931],[1234,1431],[1210,2676],[1400,1970],[2005,2226],[1324,1746],[2617,589],[1126,542],[2304,728],[2564,224],[1435,1242],[1467,1796],[2414,517],[2201,1779],[696,1195],[511,1566],[1251,1006],[832,1785],[423,894],[1289,1070],[2247,1541],[1662,1518],[1773,1973]],[[428983,159329],[995,-46],[1351,1189],[993,396],[1428,-875],[1204,-34],[1306,561],[2001,2210],[1057,494],[2345,331],[511,-2201],[746,-1357],[2324,288],[3483,-634]],[[536899,209148],[-707,-505],[-1151,-2692],[-1473,-2586],[-1542,-534],[-1031,-1689],[-3827,445],[-1059,397],[-1245,41],[-1294,-373],[-1416,-1214],[-917,-1268],[-472,-1254],[-1205,-2234],[-544,1264],[-1357,-754],[56,-1073],[917,-1068],[1243,-2345],[1413,-3774],[-967,-2303],[-3748,-2295],[-205,-879],[-938,-1489],[739,-711],[-484,-869],[-147,-1882],[-557,-814],[-160,-1191],[1549,-824],[1401,-165],[902,2437],[1907,-1968],[-329,-781],[604,-2918],[-1989,-508],[-869,-523],[-655,191],[-1754,-2097],[-2220,52]],[[513368,168395],[618,1074],[250,2134],[534,1213],[-2199,-422],[-1747,362],[-1059,-339],[-589,-889],[-1237,17],[-1790,567],[-925,28],[-1868,-2970],[-677,322],[-286,1297],[-1867,1324],[-3197,-8417],[-2054,-1014],[-1158,958],[-1539,243],[-2030,-40],[-786,-229],[-4794,-515],[-1232,2266],[-3783,-100],[-864,1002],[105,2305],[-907,1391],[-2226,1983],[-1371,632],[-1960,274],[-509,920],[-250,3717],[-1091,-1207],[-1313,-558],[-2091,-338],[847,-1304],[-1249,-764]],[[467074,173318],[3,1157],[-595,916],[26,875],[-833,763],[254,1039]],[[465929,178068],[493,750],[294,2845],[2074,1376],[892,1650],[-376,592],[562,1495],[919,751],[1055,363],[-58,1221],[1209,721],[659,2656],[441,911],[1568,1229],[-426,2272],[2084,-263],[265,781],[1089,-158],[1329,2124],[-252,886],[626,1440],[1748,1281],[462,1342],[1139,436],[498,1985],[631,380],[860,2277],[1215,-344],[1978,786],[1318,-8],[329,586],[2237,937],[796,1097],[-223,941],[1354,1858],[901,-1199],[-1174,-2475],[-296,-1289],[2390,-1291],[655,90],[1999,-540],[3640,238],[809,502],[-284,842],[1614,2020],[716,404],[1770,2205],[-25,994],[1320,246],[165,510],[1540,-143],[1296,937],[423,889],[-127,3373],[835,1885],[-312,2549],[164,532],[1314,1377]],[[514051,227920],[929,-1500],[1479,-1682],[513,-1080],[2741,-525],[1466,-625],[2087,-505],[1155,-766],[3083,-223],[2910,-1174],[2319,-1822],[399,-1318],[-14,-2202],[632,-2084],[2036,-1913],[1113,-1353]],[[428983,159329],[-1379,-1852],[-1501,-2858],[-5268,-8703],[-630,-1299],[-2524,-3738],[-2097,-3492],[-3988,-7237],[-1843,-2964],[-1824,-2653],[-1134,681]],[[406795,125214],[2095,1997],[-342,2195],[-835,1129],[-2089,1778],[-1129,1491],[-586,2004],[133,1618],[934,2922],[2177,4262],[241,1000],[-128,1474],[-1086,3208],[-1012,1864],[-2503,3961],[-415,1032],[3234,2127],[149,918],[-443,795],[299,1141],[1496,1035],[148,863],[-150,2089],[1255,2218],[-293,1014],[305,1599],[1299,1406],[556,1143],[1765,671],[1163,-69],[680,665],[162,2048],[896,969],[772,2473],[484,567],[2845,1743],[268,458],[-45,2506],[-576,1070],[-102,1725],[-579,1526],[467,1989],[1279,1615],[-178,2179],[19,2082],[-469,2207],[-1417,2757],[-257,1364],[199,1627]],[[419379,212032],[279,-1417],[-283,-1618],[1279,-601],[1953,-576],[4048,-2888],[2253,-496],[921,750],[2158,-76],[1539,-556],[2301,-1135],[-606,-1019],[1858,-66],[637,-527],[1768,-682],[3275,-860],[90,-995],[-853,-3086],[165,-1470],[1687,-846],[5644,-6547],[-660,-2210],[-6458,-9614],[-2926,-4195],[-3577,-2675],[-6888,-9298]],[[669046,347042],[861,-1777],[-441,-2300],[519,-925],[-509,-589],[431,-765],[-357,-951],[411,-1032],[-494,-795],[186,-1597],[-194,-1335],[-584,-597],[196,-777],[-505,-585],[-1064,-127],[339,-1833],[845,-1479],[-419,-525],[-359,-1485],[2693,-3250],[-467,-681],[349,-875],[1711,-2218],[-455,-919],[273,-668],[-957,-1083],[520,-1561],[749,-1108],[222,-1300],[-242,-1163],[-2023,-2981],[-60,-688],[-1314,-2014],[68,-557],[-1101,-2288],[3857,51],[1956,907],[3250,413],[1733,1091],[1449,-980],[1020,-1102],[3148,-786],[1886,437],[1563,-1258],[490,-2050],[1105,-2843],[741,-1297],[3074,-60],[863,-1612],[156,-1672],[792,-1220],[1206,-1300]],[[696163,290933],[-1202,-1042],[-662,-968],[-1522,-485],[-3400,292],[-626,470],[-987,1716],[-2170,1201],[-1963,-712],[-1879,548],[-1198,-544],[-1061,3]],[[679493,291412],[-1206,40],[-1200,500],[-1445,58],[-1017,-893],[-648,514],[-1085,-1561],[-344,-1360],[-1346,-148],[-753,345],[-1797,1803],[-1678,681],[-2559,-493],[-2941,-2119]],[[661474,288779],[-597,1367],[516,206],[-757,1476],[-207,1115],[327,1510],[-87,1151],[-593,1251],[-1950,931],[-1306,-1748],[-1646,-167],[-807,216],[-2013,1079],[-1029,66],[-815,-379],[-1198,-1111],[-221,-1134],[-755,334],[-2195,-123],[-186,-811],[-1084,-256],[-752,551],[-616,-1108],[-125,-1839],[-3839,665],[-973,-637],[-322,990],[-801,-88],[-313,-1014],[-3000,-2139],[-675,302],[19,1603],[-912,1312],[-1504,637],[-1869,-278],[-997,295],[-1942,-298],[-2879,601],[-784,-1116],[-1151,546],[-883,1170],[-117,684],[-1165,1152],[-1059,249]],[[653371,361162],[993,-2086],[783,-2278],[2311,-1979],[884,-1426],[1461,136],[1806,-1617],[1389,-2235],[953,-292],[1195,77],[478,-786],[1310,-782],[1025,-200],[1087,-652]],[[627066,353136],[-2090,-1736],[-380,-528],[-94,-3268],[-960,-1228],[-1815,-1367],[-1376,-137],[-5114,-1381],[-1248,210],[-678,918],[-913,422],[-3452,-477]],[[571130,396796],[1137,398],[2666,91],[886,-887],[1688,-40],[650,256],[2280,-350],[859,-618],[2166,-788],[1576,1139],[1340,-289],[2730,-2130],[1677,-1724],[2587,-1450],[981,331],[2155,-1574],[177,-2572],[-306,-788],[421,-1263],[-193,-1287],[114,-1519],[468,-2021],[-136,-2036],[1055,-1280],[-150,-1340],[53,-3118],[-428,-432],[-499,-2384],[-1699,-947],[-525,-3055],[-1355,-2238],[-211,-868],[809,-2330],[444,-2248],[-344,-1249],[-525,-578],[620,-872],[-831,-2703],[876,-338],[1774,-1778],[1202,-2132],[237,-1502],[1902,-1582],[-535,-1519],[699,-1989],[-723,-1703],[333,-1217]],[[549031,361645],[-62,-1278],[387,-2512],[-983,-582],[-1534,-467],[-1492,-3007],[4,-1789],[445,-2210],[-159,-3452],[563,-1297],[-294,-1823],[1188,-1312],[1246,-2914],[2,-1334],[483,-1557],[86,-1268],[-150,-2766],[78,-1625],[940,-2528],[362,-1950],[-508,-2415]],[[604579,426352],[-1510,-986],[-831,-1081],[-1299,-1113],[-311,-1082],[-1055,-1313],[-2876,-2862],[-725,-1144],[-2948,-2091],[-823,-436],[-2620,-192],[-1470,-378],[-1406,407],[-1999,1660],[-2130,1048],[-2521,18],[-640,1500],[-734,218],[-1041,1283],[-910,593],[-1438,1751],[-1169,86],[-1414,635],[-830,-217],[-3200,-181],[-951,83],[-253,915],[-1122,-180],[-1012,1296],[-1266,141]],[[564075,424730],[813,-792],[510,-2068],[1254,-2156],[16,-1084],[-424,-1787],[30,-2475],[-332,-921],[442,-1812],[749,-774],[1287,-3972],[498,-737],[350,-1512],[1080,-1079],[267,-677],[-258,-1396],[147,-865],[-346,-1193],[507,-2365],[465,-269]],[[571130,396796],[-2424,-1087],[-1611,-205],[-490,-1263],[-1442,-2427],[-1814,-1296],[-634,-917],[-1863,-1450],[-1914,-1007],[-1737,-228],[976,-1103],[1225,-629],[1026,-2305],[823,-802],[2309,-635],[-1013,-1675],[-2477,-3207],[-584,-1293],[-2097,-2971],[-1066,-743],[-1960,-1905],[-1048,-2269],[-1565,-597],[-1542,-1876],[-1177,-3261]],[[549031,361645],[-1252,-671],[-1173,-1364],[-952,-386],[-2341,285],[-2440,-598],[-2411,987],[-2122,22],[-841,-192],[-1237,1105],[-2134,1158],[-407,598],[-1789,536],[-1226,2076],[254,1401],[-195,1489],[-780,548],[472,1793],[-1487,1941],[-3653,2483],[-1418,1608],[-1160,210],[-3049,-1067],[-3672,-18],[-1637,-502],[-2054,-1163],[-749,-113]],[[533184,442076],[470,-674],[2058,-1803],[-52,-1216],[1058,-643],[709,-1662],[1856,-1253],[971,-1709],[253,-948],[1178,-2061],[1014,688],[3024,-2145],[201,-515],[2363,-1576],[622,125],[1031,-1221],[771,-403],[2481,377],[1586,-78],[1206,551],[937,-756],[1377,392],[2761,-297],[1115,-805],[1170,-58],[731,344]],[[618212,295992],[-1446,-617],[-2639,-585],[-967,-1071],[-2529,-628],[-2252,-1032],[-2467,1237],[-1722,164],[-1519,-1314],[-292,-1101],[-968,-1072],[-303,-1697],[-775,-1159],[171,-491],[-1327,-1315],[-2017,-1499],[-1596,-325],[-2604,-1415],[-2183,112],[-3343,1588],[-2774,29],[-1024,509],[-1185,-20]],[[582451,284290],[-1779,-221],[-2883,1756],[-1669,1492],[-902,280],[-2147,-336],[-1318,-639],[-894,237],[-844,1126],[-879,1931],[-402,1567],[-457,134],[-1362,1403],[-1709,1004],[-814,2039],[-1377,860],[-1004,-371],[-779,-883],[-1409,-302],[-710,887],[-534,1960],[-1257,326],[-1289,-812],[-904,236],[-894,-883],[-936,66],[-847,-488],[-966,67],[-2933,-1146],[-1125,-148],[-1119,-702],[-2117,548],[-1672,-945],[-1053,-215],[-766,379],[-2765,-996],[-654,1236],[-1384,1167],[-749,30],[-1946,1317],[-1670,179],[-1351,1574],[-1671,135],[-632,311],[-807,1171],[-729,-27],[-1310,-1686],[-1358,-1383],[-309,-823],[-1505,-339],[-1181,-1086],[-1436,-2980],[-1048,-252],[-2201,404],[-1081,797],[-1786,503],[-2577,-465],[-302,291]],[[510249,293575],[-479,505],[-4019,1733],[-842,-78],[-533,680],[-1456,-57],[-1563,1155],[-1132,2374],[-2287,-131],[-1930,649],[-994,-242],[-1857,140]],[[491946,318314],[365,942],[-198,2922],[1101,2097],[-289,1424],[735,721],[1191,-1156],[1170,-689],[2642,-853],[2127,-105],[1015,-715],[2005,-737],[207,-460],[-628,-1313],[404,-878],[1393,-847],[1308,-274],[730,-536],[886,-46],[653,1172],[466,97],[2605,-1523],[963,-186],[1617,-1066],[587,-106],[1981,1516],[1330,96],[3383,1303],[1714,-338],[809,1026],[-113,1275],[-1719,999],[306,755],[1494,738],[2080,581],[885,2492],[1160,298],[2353,-1083],[1307,-1845],[1360,-858],[2866,1253],[1869,325],[283,926],[-913,826],[465,1340],[528,333],[1003,-543],[579,-1785],[1258,-964],[1781,-283],[1992,500],[3507,-1275],[1084,-248]],[[549633,323559],[1141,-769],[1561,-124],[1151,436],[725,1352],[226,2517],[532,970],[686,138],[2023,-1236],[1737,-816],[1436,-2022],[690,-253],[934,368],[1516,1609],[-112,780],[-1176,1072],[63,997],[557,592],[2500,1132],[1029,152],[1002,-1258],[1411,-528],[1651,677],[2393,326],[1691,657],[839,2521],[2620,-102],[2676,647],[2351,-279],[1220,-396],[1208,837],[764,1762],[870,270],[3077,-104],[361,297],[474,1715],[1396,687],[562,-69],[1296,-1058],[1637,394],[1234,593],[1647,230]],[[599232,338273],[1216,-88],[930,1472],[2682,1569],[914,855],[426,979],[1656,1008],[1890,496]],[[608946,344564],[927,-1050],[38,-1526],[919,-1895],[1442,-1651],[357,-1888],[-55,-2412],[173,-1528],[-243,-1361],[-1063,-1188],[-1132,-797],[-689,-1324],[-144,-941],[134,-2385],[630,-3725],[-89,-1629],[528,-1277],[1785,-2081],[164,-1075],[-977,-967],[-419,-1201],[304,-1565],[-232,-1202],[419,-2479],[-48,-1475],[999,-3471],[324,-1696],[813,-1572],[1082,-770],[1570,-323],[1648,-834],[101,-1284]],[[744922,523006],[577,-2029],[2433,-3120],[1609,-1123],[3304,-1303],[3953,-2355],[1828,-2710],[838,-728],[1202,-391],[1789,-1777],[2013,-297],[1638,-635],[606,-682],[1618,-2919],[2169,-313],[849,-458],[837,-1691],[1754,-1995],[3154,-1740],[821,-848],[1889,-2896],[-229,-2912],[437,-2092],[-117,-625],[-2261,-2976],[-892,-1969],[-1033,-570],[-1292,-18],[-731,-1184],[-1810,-741],[-3729,-937],[-3616,-2124],[-952,-1107],[-468,-1600],[-1674,-2238],[12,-694],[-709,-1815],[-598,-2978],[217,-1453],[-108,-3215],[262,-1223],[-290,-2154],[-527,-712]],[[759695,457659],[-1107,-1147],[-437,-1217],[-951,-827],[-1317,-257],[-1087,-1472],[-495,-171],[-1939,215],[-1448,-2178],[-531,-21]],[[750383,450584],[-1668,529],[-1587,-1188],[-1008,-149],[-2571,651],[-1234,-836],[-590,-1041],[-1704,-1116],[-1459,-118],[-1303,-1242],[-339,-1293],[-1699,24],[-1759,-935],[-2701,-296],[-1245,712],[-1557,374],[183,-1653]],[[682883,531483],[781,82],[1422,-490],[1574,-168],[1020,201],[1278,857],[2356,-36],[2916,-985],[1146,-24],[1110,-469],[802,302],[1264,-266],[2600,-36],[2662,-371],[3124,244],[2240,-203],[942,-728],[3444,-561],[1675,-734],[1619,-181],[1032,-1469],[1131,-1173],[1442,-346],[1067,150],[1209,-847],[1719,58],[2333,-924],[1316,-1129],[594,28],[2299,-896],[1531,860],[1863,313],[3298,-114],[1822,181],[489,-299],[3663,851],[1256,-155]],[[687824,404806],[-1496,-1314],[-2016,-560],[-1089,-1713],[-1579,-1317],[-1265,-635],[-1158,21],[-1343,-833],[-1753,-2200],[-1062,-1084],[-388,-2010],[-645,-726]],[[674030,392435],[-974,-1648],[120,-1690],[1435,-626],[1114,383],[560,-265],[961,-2205],[344,-3896],[-369,-923],[-1104,-316],[-1537,-2296],[13,-1811],[-1435,-1175],[-2115,-1370],[-2781,-2150],[-1454,-1522],[-628,-965],[-1228,-2573],[-1282,-1152],[-794,-1803],[-1082,-205],[-2783,-1709],[-1286,-1840],[-2919,-284],[-1435,768]],[[653371,361162],[-1193,134],[-1282,-244],[-1256,-743],[-1153,-1677],[1191,-1189],[-24,-1084],[-538,-720],[-1606,-414],[-1193,157],[-2644,1453],[-813,-77],[-1287,-647],[-1065,-1213],[-767,-1660],[9,-1127],[-424,-744],[-2433,233],[-2204,1381],[-1474,1462],[-1310,268],[-4839,-1575]],[[627066,353136],[-337,753],[591,2728],[-984,1595],[-319,2421],[661,436],[1034,2163],[527,1554],[-180,1725],[589,1552],[-498,1145],[379,2042],[-383,1936],[-1608,671],[-372,1371],[-1706,333],[-341,883],[-1075,1106],[474,802],[-521,1531],[-463,2824],[-79,2364],[-371,1305],[553,1563],[-176,1472],[250,1046],[-1466,4039],[-95,1194],[-1890,2276],[-559,923],[-820,320],[-1163,1943],[-967,969],[-1454,2491],[-875,1113],[-696,-91],[-1449,1155],[-1081,2031],[-231,1223],[-1107,1248],[-343,1037],[-50,2085],[-785,3850],[-982,2075],[-36,1693],[-281,928]],[[663890,420376],[-2695,-830],[-720,66],[-906,754],[-863,-406],[-1773,479],[-1109,565],[-1938,104],[-862,-724],[-463,890],[-1423,359],[-1852,1728],[-1101,366],[-953,923],[-969,11],[-1985,965],[-1800,505],[-1212,746],[-905,-692],[-1085,-1566],[-1147,-522],[-1971,-2744],[-2485,-3231],[-3343,-1830],[-879,-1449],[-1017,-822],[-1707,-693],[-2024,-494],[-2471,1636],[-1926,2015],[-1576,1131],[-4591,1160],[-1871,1211],[-2576,2085],[-900,-300],[-1228,420],[-1183,767]],[[606381,422959],[-1802,3393]],[[604579,426352],[-349,1187],[1006,2299],[-398,1076],[-70,1950],[718,2172],[60,4327],[1177,2327],[1922,1107],[491,914],[1655,1590],[633,1414]],[[677633,535514],[453,-107],[1233,-1450],[1886,-902],[454,-1094],[1009,-472]],[[665092,537538],[2155,181],[2478,-1209],[1565,-1284],[1651,-233],[1850,-632],[1339,334],[1503,819]],[[711144,432039],[-371,-950],[-1321,-775],[-482,570],[-1408,-290],[-2739,-1562],[-1650,-1345],[-2505,-1696],[-1321,-3141],[-1920,-2889],[-2607,-2248],[-680,-2579],[-579,-1319],[-1754,-1418],[-382,-1270],[84,-1981],[-2335,-1860],[-1350,-2480]],[[687824,404806],[-924,1034],[-643,241],[-959,1122],[-1001,-399],[-2204,3079],[-2579,1159],[-874,691],[-720,-23],[-1555,768],[-1515,1668],[-807,-545],[-658,1163],[-1090,-488],[-1176,735],[-516,961],[-1564,-317],[-1550,2591],[-1019,306],[-1247,1071],[-1098,152],[-235,601]],[[663890,420376],[-507,1006],[-62,1106],[-536,570],[69,2381],[-504,1658],[-627,459],[-1383,4064],[-410,509],[628,2908],[-415,672],[293,1503],[-757,2168],[-1620,1674],[-521,1847],[66,618],[-698,958],[-848,359],[-285,908],[-1563,1242],[-875,1012],[-848,-734],[-814,1239],[-1933,340],[-2201,1155],[-941,1335],[-144,2035],[-279,807],[173,1460],[565,1929],[714,1692],[235,3633],[-588,2660],[-677,1061],[-589,1742],[-2394,373],[-2717,1512],[-463,611],[-1494,407],[-2231,1381],[-2146,1024]],[[641681,494384],[1446,-957],[1343,-1239],[2898,-1353],[1167,-1521],[3458,-2492],[1297,-495],[4301,73],[2485,-319],[2300,-579],[1211,-963],[1061,-1583],[-72,-1693],[771,-783],[1208,35],[1523,-948],[2063,-1690],[2091,-496],[1059,-520],[-8,-1910]],[[728142,443007],[53,-887],[-1162,-1659],[-1687,-39],[-1406,-991],[-862,-2188],[-452,-536],[-1524,320],[-1037,-488],[-1375,-1167],[-1018,-1357],[-1623,-631],[-1709,-255],[-1879,290],[-1047,-550],[-270,-830]],[[711144,432039],[-795,183],[-1031,812],[-1169,75],[-2060,1463],[-1100,-128],[-424,1392],[-2497,684],[-489,732],[-901,-967],[-521,773],[-1298,255],[-1482,-671],[-1318,579],[-167,1131],[-691,-268],[-1128,834],[-2145,257],[-737,1007],[-934,275],[-704,1242],[-1616,641],[-564,925],[-1286,980],[-2472,1485],[-590,2291],[-1556,1983],[-1780,3323],[99,1506],[368,666],[-1123,1524],[124,1052],[-808,1322],[20,1072],[-1751,659],[-164,1644],[-859,2190],[699,1592],[-2244,2882],[-40,651],[675,1017],[-621,502],[-602,1524],[207,903],[-386,918]],[[673283,474951],[503,1417],[-134,1625],[1031,1672],[-930,1878],[-830,2237],[1149,3203],[1426,972],[571,1167],[611,475],[964,-182],[591,464],[1657,543],[1560,1747],[2439,748],[2009,1797],[783,194],[1209,1297],[739,1216],[-706,2336],[158,850],[778,1520],[-1568,1899],[-540,1500],[139,1663],[-362,1525],[682,2522],[2356,1293],[-1230,1712],[-1166,2525],[-1468,2108],[-77,1602],[-1101,1634],[-961,2579],[-34,937],[-1542,1335],[-247,2818],[185,866],[741,844]],[[682668,531489],[215,-6]],[[682883,531483],[665,-2105],[1073,-833],[1531,-210],[1781,-1995],[1365,-1006],[2566,-2626],[1546,-1135],[2750,-1410],[982,-1452],[388,-1158],[2299,-2067],[1952,-2878],[265,-2018],[78,-2378],[1005,-1301],[821,-1695],[557,-2242],[1629,-3140],[1003,-3342],[801,-978],[353,-974],[1878,-1474],[627,-1284],[-45,-717],[1494,-1576],[-574,-920],[502,-1296],[-338,-503],[1336,-1338],[-61,-1162],[1575,-2127],[174,-649],[-404,-1122],[-287,-2346],[140,-2244],[1425,-1750],[-93,-945],[441,-2239],[-273,-720],[658,-2074],[-26,-1400],[1249,-2914],[1028,-1066],[961,-1493],[-34,-523],[875,-1138],[614,45],[905,-1408],[120,-1037],[1132,-1063],[1104,-1422],[-167,-885],[826,-1531],[793,-2378],[-227,-952],[617,-1831],[203,-1619],[-555,-1421],[542,-1173],[1714,162]],[[737895,826561],[550,-715],[901,-2091],[1198,-1041],[818,-342],[468,-1187],[1328,-2224],[556,-1714],[-243,-1069],[-1900,-2526],[-1031,-1930],[-224,-2760],[594,-1357],[-1062,-934],[-1023,-2154],[-1136,-1196],[-1244,-820],[-2175,-1040],[-440,-524],[285,-1278],[916,-927],[1007,-2504],[1068,-1453],[-2910,-3500],[-786,-1403],[-474,-1613],[-1649,-294],[-886,-725]],[[730401,787240],[-1572,-1695],[-2788,-2008],[1422,-2132],[-868,-1501],[-1002,-977],[-1202,-2483],[122,-851],[774,-1224],[-146,-2651],[-1250,-210],[-2054,1151],[-1233,376],[-1722,161],[-2279,-483],[-594,-908],[-2696,-3234],[-922,-1776],[-247,-1168],[1097,-1571],[797,-3439],[-130,-1060],[-906,-1668],[-1978,-1488],[-242,-2095],[-1061,-2291],[-1249,-617],[-1374,-133],[-773,569],[50,1958],[-462,522],[-2531,377],[-1151,-108],[-662,825],[-1546,-398],[-1855,-1833],[-1386,-754],[-766,67],[-1146,942],[-772,1191],[-674,2782],[213,2332],[-151,2374],[-1026,703],[-2390,282],[-1666,2226],[-624,283],[-931,-527],[-195,-707],[-912,-797],[-408,-935],[146,-1198],[-295,-675],[-1346,-681],[-993,-963],[-1703,-4022],[-242,-2466],[372,-2646],[-607,-2548],[-1346,-994],[-255,-695],[490,-898],[-320,-1779],[-1337,-1358],[-2760,-1299],[-2342,-1487]],[[497085,834756],[3039,-360],[2008,884],[1078,-228],[1163,-663],[2663,-403],[3223,1210],[1231,155],[1212,-802],[423,434],[2765,343],[962,345],[2226,361],[1382,-576],[1450,119],[352,-1078],[741,-610],[880,1650],[813,2257],[2468,3105],[709,676],[610,1214],[154,1198],[626,1042],[1874,1333],[2448,964],[948,-314],[2132,1412],[1277,1379],[169,638],[1234,949],[956,135],[1239,-728],[689,672],[2203,-920],[1206,-314],[1675,-868],[2170,-453],[2328,-1025],[1528,825],[1147,-400],[1072,-762],[1392,116],[2111,-505],[2204,-40],[166,-4353],[886,-1107],[1273,-350],[1221,-1073],[2050,-1232],[1053,-1332],[2271,-44],[638,346],[904,-313],[706,447],[1491,-73],[1192,567],[1753,374],[1041,636],[1970,-968],[1622,-199],[1194,1447],[1156,-470],[517,-916],[1885,-300],[2651,822],[894,2087],[1574,2430],[1385,1129],[391,1196],[1447,1913],[1747,910],[1760,81],[1688,979],[2300,753],[1700,-334],[2519,1028],[706,636],[2020,97],[908,671],[1801,2134],[974,516],[2291,544],[576,333],[1628,1939],[306,-1100],[2363,-360],[786,-642],[343,-2644],[-195,-1114],[1907,-844],[1626,-2527],[-103,-828],[-886,-1724],[-2300,-786],[-2178,474],[-5549,-1036],[-2437,-975],[-588,-463],[-408,-1536],[1793,-197],[2129,45],[804,-400],[2487,-595],[1559,-144],[1599,-456],[4602,-2226],[662,-90],[1606,-921],[955,-210],[2284,-1027],[2094,-440],[587,135],[3618,1644],[1766,1582],[1294,807],[614,792],[2573,1993],[1738,977],[494,1950],[1930,424],[1161,1135],[1872,753],[2051,1494],[917,-1195],[980,-246],[791,687],[1351,-49],[1485,756],[1651,-534],[1543,932],[2221,-480],[1681,-95],[1108,-886],[1280,-533],[1739,81],[1543,844],[797,-180],[1483,287],[1590,-1387],[971,495],[974,1169],[2345,1752],[232,938],[1474,1461],[577,1583],[831,1053],[760,4135],[2455,841],[2580,222],[825,-591],[1735,-712],[853,-592],[764,-1179],[1482,-65],[1256,464],[1082,-182],[680,-943],[1171,-2530],[1845,-1712],[-180,-1731],[564,-1588],[487,-3439],[1013,-1677],[440,-3349],[-1079,-2402],[405,-3110],[-115,-1090],[782,-529],[1096,332],[878,729],[2827,-33],[2780,-1949],[1259,-1849],[141,-901],[724,-1226],[601,-172],[970,803],[303,2216],[1267,1946],[2889,1507],[1995,-273],[680,898],[1408,783],[440,579],[-7,4059],[1610,1006],[3103,359],[2385,-727],[2294,890],[3542,769],[2131,-500],[850,371],[2166,-877],[113,-2725],[-1266,-1346],[-295,-675],[-1717,-2208],[1069,-1470],[-738,-1481],[164,-1729],[652,-982],[-374,-1763],[413,-1488]],[[665092,537538],[-3062,-3655],[-764,-1264],[-633,-1828],[-1874,-2118],[-851,-1608],[-1389,-1412],[-746,-323],[-1623,-2158]],[[629852,599576],[742,-826],[846,-2409],[720,-680],[700,-2401],[885,-1782],[1274,-1470],[827,-1477],[234,-1793],[-283,-2215],[66,-1108],[863,-3423],[769,-683],[2576,-1401],[1132,-1410],[2123,-3440],[1001,-863],[218,-2387],[1074,-2727],[533,-672],[593,-1782],[725,-1067],[1262,-931],[1170,-1917],[2774,-2083],[680,-812],[586,-2123],[-76,-1087],[307,-2693],[1600,-4604],[1314,-521],[747,82],[2509,-2383],[2965,-1130],[1029,-908],[631,-1652],[124,-3260]],[[641100,483677],[1298,-2126],[-4683,-3958],[-2263,-2691],[-889,-1242]],[[634563,473660],[-1172,-2432],[-2150,-13],[-2748,327],[-1718,-517],[-1788,273],[-1533,-126],[-1813,-506],[-1309,-804],[-2056,-301],[-2087,-2648],[-2306,-2532],[-665,-1471],[-339,-1693],[-833,-2260],[-653,-539],[-295,-1713],[873,-1525],[694,-2413],[46,-1298],[-1072,-2371],[-215,-2383]],[[611424,446715],[-1715,1114],[-1715,1991],[-1298,1194],[-3592,2242],[-686,1033],[-629,1587],[-185,3282],[-686,902],[-1354,1037],[-436,905],[-1264,1493],[-1550,731],[-802,-19],[606,1979],[53,1008],[725,1537],[-341,810],[-56,1430],[-1721,2150],[-998,624],[-1182,1386],[-1789,1088],[-1457,-455],[-1031,361],[-1205,1473],[-2022,-774],[-2064,-16],[-2376,-1196],[-746,-151],[-1514,454],[-2528,-202],[-1042,392],[-1972,-24],[-1453,-692],[-4420,-1709],[-1676,-929],[-2529,945],[-124,691],[-2583,216],[-1368,806],[-882,971],[-2353,939],[-1339,-246],[-788,237],[-1349,-135],[-1348,-581],[-2533,-1775],[-1087,-204],[-1976,-826],[-2603,-794],[-1028,-1258],[257,-1392],[-437,-394]],[[529091,489144],[1859,3117],[675,1749],[714,308],[1195,-1340],[767,110],[728,1128],[-966,1688],[988,409],[56,1283],[968,386],[826,947],[1803,322],[301,1095],[1987,1523],[1268,1360],[409,2324],[599,-527],[819,642],[1048,-123],[404,902],[654,-232],[1647,534],[517,1415],[1572,999],[1351,297],[511,-355],[1828,-383],[540,536],[-96,843],[1163,-106],[-146,1179],[1594,5],[192,383],[2497,1487],[1779,-52],[1009,761],[322,1213],[602,773],[1601,1141],[2185,489],[702,429],[390,1015],[2406,1657],[1622,72]],[[515257,536080],[734,-1028],[1072,96],[244,-968],[-627,-1125],[-848,-642],[-872,-1707],[997,-1021],[-9,-1204],[883,-2185],[-315,-693],[-2006,-1045],[-810,-1694]],[[486122,628952],[369,1579],[618,702],[1003,201],[1877,-777],[354,-424],[3024,-726],[1211,277],[1001,-556],[1585,26],[1244,756],[1127,146],[1209,-350],[1962,274],[2170,-203],[155,-598],[-273,-3479],[3313,-1325],[1666,-1358],[1636,-645],[1210,-89],[1031,-654],[2003,-233],[1287,873],[723,854],[668,-3],[2362,1076],[1690,-372],[2323,-1351],[1362,-1434],[352,-1169],[1215,-2022],[1522,-616],[1587,53],[3677,1044],[1908,997]],[[654150,523172],[-1135,-1371],[-1229,-2037],[-545,-2922],[-722,-1033],[-2729,-3123],[-724,-1493],[-281,-3114],[-645,-4361],[-420,-1074],[-1260,-1729],[-941,-2559],[-455,-1895],[-1383,-2077]],[[641681,494384],[-495,-901],[-127,-1146],[678,-1591],[-209,-1514],[170,-1899],[-11,-2808],[-587,-848]],[[641100,483677],[-1074,1404],[-1376,-57],[-4390,1153],[-2762,232],[-2792,1338],[-5026,-1465],[-1039,1645],[-3605,2140],[-2393,2260],[-1386,712],[-717,686],[-3642,1957],[-270,1004],[-1269,533],[-1588,21],[-906,-288],[-1585,941],[-1567,128],[-2628,695],[-571,850],[-3289,39],[-1994,2074],[-1092,38],[-2006,1842],[-2212,1326],[-2780,1019],[-1192,1727],[-1540,250],[-918,810],[-938,354],[-1497,1426],[-728,305],[-1875,1932],[-2016,1438],[-1370,2022],[-1404,1157],[-935,1514],[-747,1708]],[[571981,520547],[1181,191],[1292,779],[1920,1736],[351,890],[2519,2251],[-69,1455],[1215,1441],[3264,2299],[1427,678],[1975,254],[1471,1101],[5946,2157],[3001,336],[1494,-146],[1250,1017],[1593,781],[2487,952],[4355,469],[1907,-11],[2191,-286],[790,202],[2311,-140],[2252,547],[2601,1000],[766,-360],[1487,51],[815,345],[1479,-535],[2032,-1589],[1069,-454],[877,-822],[1475,-388],[228,-695],[1315,-1310],[113,-703],[1262,-881],[758,-905],[1616,-1027],[1053,-1249],[2267,-1212],[1921,-708],[4681,-873],[3260,-1042],[2203,-1319],[834,-225],[1934,-1427]],[[497085,834756],[38,-2361],[900,-489],[2768,-498],[570,-709],[818,-233],[1454,-1481],[1952,-636],[1924,-1833],[1482,-280],[797,-462],[2142,-2502],[1066,-333],[1190,-1101],[662,-994],[2671,-1159],[1171,-226],[713,-984],[1779,-1851],[1833,-517],[1677,-1060],[1086,-1091],[1492,-25],[3428,-819],[2259,402],[1244,-367],[854,250],[2805,-383],[2623,246],[1768,-66],[1827,-1136],[118,-2074],[1762,-2581],[668,-1825],[240,-1384],[970,-2706],[119,-1383],[1458,-2014],[1645,-1010],[851,-818],[705,-2316],[2925,-3130],[4165,-3473],[1059,-1133],[341,-1699],[839,-2316],[427,-1903],[-787,-2135],[-343,-1918],[238,-2080],[-857,-895],[-678,-1586],[-1011,-1366],[-1111,-1022],[-956,-489],[16,-658],[-893,-1162],[-1839,-1141],[-1009,-1104],[-1072,-758],[707,-1501],[-1,-2163],[713,-1953],[443,-2546],[1274,-2537],[1019,-2376],[100,-971],[1326,-648],[1773,-232],[1256,237],[1145,-1916],[403,-2090],[940,-1095],[984,-2131],[1820,-1542],[453,-1048],[1247,-1425],[3059,-2087],[851,-247],[1113,-1180],[1718,-944],[2220,-603],[2696,84],[1808,-364],[1375,109],[1279,-369],[222,-1595],[708,-1479],[1651,-2532],[2806,1268],[1497,182],[3290,-300],[1139,-520],[3074,-569],[1956,641],[3772,1928],[2376,2013],[2059,2459],[1639,499],[2083,1416],[1295,1670],[1387,2749],[1825,2705],[1776,1801],[846,1303],[824,2975],[926,1941],[1792,951],[1494,340],[816,-145],[1814,685],[2204,1755],[1449,1713],[340,754],[1285,141],[2118,687],[1933,1337],[1084,-11],[2400,-633],[1811,290],[1974,747],[2670,-42],[5275,-506],[3671,707],[2071,-1089],[1283,-348],[2189,304],[2089,932],[2112,1266],[147,-803],[-1996,-4159],[-464,-1530],[-414,-3666],[1525,-1450],[583,-1106],[-736,-1250],[76,-1122],[2619,-620],[742,-608],[480,-1067],[-100,-879],[513,-628],[4046,-3079],[961,66]],[[672796,738930],[1850,-635],[1778,-51],[475,-1185],[1761,-1773],[341,-3000],[-24,-1573],[-492,-928],[-954,-527],[-1416,-192],[-1368,-881],[-804,-866],[334,-2853],[390,-1175],[-937,-2691],[-636,-858],[-1138,-2359],[-286,-1894],[-595,-1258],[-509,-3145],[317,-2713],[497,-1889],[-372,-476],[-1780,-688],[-1047,1386],[-1293,754]],[[666888,707460],[-3624,1303],[-1234,-1239],[-264,-859],[-2032,-2843],[-831,-1423],[-2625,-3840],[-1274,-518],[-3001,-1806],[-396,-1158],[-316,-2489],[-1027,-805],[-1228,-143],[-905,-892],[489,-2981],[-734,-2020],[355,-1870],[2433,-4917],[-1989,-571],[-1104,-1164],[-272,-707],[-777,-4869],[-1750,-3563],[188,-1383],[-315,-1617],[1037,-1524],[340,-1103],[-578,-2727],[-416,-585],[-1745,-1274],[-699,12]],[[557592,659160],[-2584,187],[-2403,824],[-1270,-1012],[-830,-273],[-1484,-1585],[-669,-318],[-3316,307],[-1749,-21],[-1024,-1088],[-2298,-515],[-2580,622],[-668,1184],[-1208,845],[-1100,422],[-2228,362],[-1564,506],[132,1237],[-379,1649],[-1373,2063],[59,2165],[-557,1038],[-2184,815],[-1332,53],[-737,-1896],[-710,-143],[-1594,405],[-1746,170],[-1273,-222],[-1131,-1460],[-1891,-983],[-661,-780],[-1744,-628],[-1691,119],[-2106,-257],[-1225,-715],[-1343,-2002]],[[404439,907344],[2192,822],[2167,2195],[5146,-197],[1451,-625],[1857,139],[3039,2327],[608,-330],[709,-1755],[1552,-1563],[1553,-800],[2026,207],[1654,-504],[1705,695],[1638,-87],[1991,-3267],[353,-1702],[1350,-2451],[1755,-1738],[404,-2206],[1113,-2121],[1569,-122],[2404,-553],[2085,-839],[4706,-3147],[1569,-1843],[83,-816],[-520,-1129],[-342,-2292],[386,-2711],[1198,-818],[843,-1095],[1995,-4875],[1215,-921],[-373,-2136],[505,-1616],[2732,-1497],[5060,-1290],[1347,-2137],[298,-7123],[319,-1634],[-323,-2102],[859,-1790],[-121,-1392],[995,-2170],[2071,-2817],[1130,17],[1821,-610],[1438,-1459],[617,-975],[3154,1073],[2834,275],[1264,-245],[1870,-1565],[2332,-1708],[933,-311],[1067,-1033],[1048,-2080],[450,-361],[4018,-848],[1626,-729],[2221,-203]],[[629098,599251],[-1142,-2880],[45,-1505],[-380,-712],[-2483,-2500],[-1186,-1494],[-1232,-983],[-3607,-2527],[-2682,-1283],[-2027,-1517],[-1196,-649],[-2495,-1917],[-1470,-1517],[-1232,-1670],[-1462,-951],[-5488,-1305],[-1816,-897],[-1189,-1581],[-3013,-2868],[-253,-756],[-765,-4172],[-1077,-450],[-619,-946],[-91,-1506],[-1895,-966],[-901,-2104],[-1385,-1940],[-1468,-935],[-1152,-169],[-1403,-1126],[-879,14],[-1875,-760],[-1419,-806],[-916,-13],[-402,-807],[-1562,-412],[-1120,-825],[-1473,40],[-1199,-1426],[-1165,536],[-2513,-773],[-1157,329],[-1425,-907],[-363,-958],[-1392,521],[-1457,-1298],[-2909,-1596],[-1843,767],[-1342,-630],[-1871,-341],[-1104,-1161],[72,-1221],[-1493,-542],[-1774,57],[-889,-1205],[-1732,123],[-1583,-873],[-2051,-57],[-1265,725],[-1559,-209],[-1307,437],[-618,-137],[-1060,-999],[-2574,823],[-1499,-234],[-1855,-743],[-246,-1002],[-918,883],[-851,-1075],[-1583,1198],[-1136,-498],[-1318,567],[-1551,-576],[-2352,635],[-746,617],[-700,-800],[-1383,-213],[-457,-944],[-1197,-112],[338,-1028],[-1085,-1320],[4,-584],[-2253,-54],[-770,-478]],[[515257,536080],[-249,2060],[-797,140],[98,1520],[-483,1394],[522,805],[798,-172],[507,610],[560,2259],[478,522],[26,1052],[-1311,667],[193,1067],[-990,1205],[-1149,846],[-626,860],[517,1412],[-1980,1248],[110,588],[1096,374],[-810,1149],[-618,2215],[1613,920],[-457,1181],[1530,1090],[583,915],[963,-93],[2850,2146],[1381,-69],[525,718],[1039,245],[792,910],[1403,711],[1030,1436],[1156,1006],[-508,1977],[1251,78],[460,857],[1550,-162],[1130,1634],[948,535],[-21,1276]],[[642594,657885],[-1117,-945],[-207,-1509],[963,-2770],[-1089,-899],[-512,-1371],[755,-1172],[1243,-1365],[517,-998],[-187,-1697],[-701,-1255],[-1065,-1049],[-1583,-1060]],[[639611,641795],[-1692,-2475],[-1024,-1176],[127,-2106],[716,-2227],[-108,-2495],[186,-866],[-301,-1929],[7,-1883],[408,-2102],[60,-2013],[-847,-2340],[-153,-2106],[-680,-1995],[-226,-2189],[-399,-1166],[-77,-1985],[-1498,-3840],[-1571,-1885],[-1392,-1070],[-190,-1603],[-1105,-2768]],[[629852,599576],[-754,-325]],[[629098,599251],[-2367,445],[-2669,-217],[-1992,246],[-2053,-247],[-1219,-489],[-861,-1511],[-1013,-351],[-2051,-155],[-2720,-1187],[-3062,-1024],[-2277,-567],[-1838,-40],[-3343,581],[-2222,-809],[-2480,-1517],[-1867,-704],[-583,-547],[-2627,1911],[-1868,623],[-1424,-124],[-2894,459],[-1911,9],[-2899,909],[-3752,500],[-2491,1210],[-1062,-65],[-2531,-1032],[-4059,-790],[-2299,-84],[-1349,1114],[-1968,2228],[-2573,2196],[-1989,1981],[-904,-1141],[-979,-540],[-659,-816],[-1167,-271],[-700,-753],[-743,-1608],[-1774,-1022],[-155,-495],[574,-1893],[-284,-1136],[-1256,-411],[-482,-741],[-1781,-1139],[-274,-660],[307,-1706],[-1836,-1494],[-382,-1386],[-1880,-1235],[-1333,-606],[-433,-1763],[-2466,105],[-1954,-1040],[-1192,-1117],[-2030,-369],[-1635,-1486],[81,-1599],[-921,60],[-160,-729]],[[530367,575212],[-596,38],[383,1429],[-1412,957],[-499,2035],[503,793],[-453,2379],[377,876],[-459,768],[210,758],[-522,682],[-331,3224],[-292,877],[1537,2501],[1650,552],[293,649],[1232,878],[722,984],[1249,169],[1054,855],[2430,2471],[1025,2002],[-68,2187],[-464,1397],[-282,2007],[-523,1664],[-159,1939],[639,2654],[-1205,2713],[-37,1367],[261,1782],[-337,627]],[[536293,619426],[4535,2481],[1369,1219],[2763,1938],[1249,-241],[2294,-1569],[2088,-62],[420,1416],[928,-83],[351,1293],[1254,1991],[412,1706],[-43,2766],[788,1969],[729,1249],[618,2261],[1685,1477],[45,2422],[-431,1250],[356,1062],[-952,1172],[786,5639],[-861,3481],[461,2130],[422,981],[33,1786]],[[557592,659160],[2788,601],[964,-774],[949,-1743],[1288,-1361],[1096,-2284],[1055,-726],[1476,1200],[2876,-460],[3941,289],[2666,-397],[4853,65],[2113,-134],[1690,466],[3071,72],[989,-214],[3758,-209],[2697,685],[3039,-12],[3746,-647],[4363,-116],[1922,325],[1894,-661],[1799,490],[2039,2188],[1142,208],[1174,-253],[1609,-739],[1772,406],[1793,1222],[1496,1419],[1067,638],[1726,-237],[1181,420],[6764,-618],[1461,386],[1119,-90],[926,353],[1620,-659],[1251,424],[1496,-311],[333,-487]],[[507131,660235],[-199,-1660],[760,-1474],[39,-4401],[-594,-2286],[-1355,-1609],[-1083,-1602],[-1445,-699],[-2102,-208],[-2353,-565],[-2413,-782],[-1087,-692],[-1660,-514],[-941,-606],[-994,-1582],[-1705,-1613],[-2059,-1419],[-755,-1756],[-721,-249],[-900,-948],[-221,-735],[-1474,-860],[-608,-1047],[394,-1345],[2198,-1666],[269,-965]],[[486122,628952],[-201,-1104],[-735,-1418],[-732,-452],[-2067,-100],[-785,-603],[-403,-2286]],[[416634,780730],[1267,-25],[1191,856],[2201,819],[1601,-299],[3280,-1333],[4710,-1145],[1675,-1337],[1287,-1323],[1209,-1650],[889,-30],[1688,-1441],[724,-1020],[892,-568],[606,-881],[1489,-1320],[555,-2153],[1352,-2487],[-22,-1066],[813,-2678],[692,-1149],[1480,-886],[1195,-1528],[1281,-2334],[1694,-752],[478,-496],[2255,-1078],[465,-804],[1383,-1093],[485,-1450],[2196,-2428],[1323,-2119],[722,-1656],[874,-2761],[1326,-2768],[-212,-1511],[542,-2032],[892,-1081],[753,-3777],[1123,-1311],[49,-576],[969,-1715],[1485,-1589],[754,-449],[1675,-1978],[579,-1414],[860,-858],[370,-1245],[1429,-1136],[218,-638],[1568,-2011],[790,-1536],[1906,-483],[1596,47],[1848,-1079],[727,-1344],[1637,-1073],[3480,-1973],[341,-1027],[1676,-1348],[294,-918],[-790,-1321],[827,-1762],[168,-958],[-458,-811],[726,-1753],[2853,-2817],[1335,-590],[2067,-359],[2619,-2400],[814,-3550],[-387,-795],[384,-1777],[1347,-1553],[1356,-177],[1190,172],[416,-651],[-2741,-3892],[-2608,-364],[-1701,-893],[-1741,-1574],[-1390,-2132],[-321,-1043],[86,-1731],[340,-1935],[1296,-4739],[938,-121],[2335,-1199],[1566,-451],[2552,-1380],[2213,-760],[1924,-101],[677,-640]],[[513044,513565],[-47,-1368],[-1444,-1223],[-185,-697],[439,-1561],[1092,-736],[2049,-160],[831,-318],[959,-3100],[146,-1037],[1348,-1650],[2370,-1119],[2279,-719],[892,-761],[889,-2234],[288,-1425],[1036,-1224],[2309,-1184],[740,-1578],[-189,-1532],[245,-795]],[[529091,489144],[1184,-1840],[1110,-1265],[442,-2245],[1413,-2258],[164,-1383],[-148,-1956],[1503,-1115],[1008,-286],[633,-1046],[2109,-1762],[422,-575],[-315,-1442],[708,-1500],[935,-701],[974,181]],[[541233,469951],[1959,-62],[1695,-276],[918,-1243],[-159,-1048],[1589,-6937],[89,-1432],[-445,-1718],[-2043,-1895],[-287,-1366],[355,-1228],[724,-988],[-499,-1230],[-1282,-1516],[-1102,-890],[-4386,-4658],[-945,-506],[-1699,-365],[-883,331],[-1648,-848]],[[533184,442076],[-1022,-1020],[-85,-625],[724,-990],[252,-1847],[-842,-1264],[-3219,-514],[-1161,-934],[-1217,-2270],[-666,-609],[-2956,-1408],[-3637,-180],[-652,-783]],[[480059,516996],[-1146,-1107],[-1349,-928],[-521,-752],[169,-2418],[-507,-1309],[-1444,-691],[-1161,-1888],[142,-3001],[-324,-1059],[-1248,-721],[-306,-920],[268,-1433],[-182,-1359],[-651,-1455],[182,-997],[-341,-673],[-335,-1953],[-35,-1562],[-326,-1801],[-675,-545],[-335,-1932],[-1594,-2684],[-283,-2429],[646,-1853]],[[502200,394198],[535,-1202],[20,-1029],[769,-862],[520,-2548],[1098,-627],[650,-1222],[649,-3214],[1144,-1371],[577,-1708],[433,-3379],[954,-2317],[29,-908]],[[509578,373811],[-437,-1668],[-175,-2494],[-794,-1347],[-1480,-964],[-1554,-2016],[-782,-460],[-2609,-828],[-1225,-753],[-483,-822],[87,-1687],[-493,-856],[-935,380],[-1380,-280],[-1139,-1866],[-130,-2775],[-580,-1680],[-1069,-1225],[-2934,-1215],[-562,-1009],[622,-1382],[1096,-1598],[-292,-1480],[-2230,-941],[-547,-729],[170,-1125],[1534,-2229],[302,-1034],[-267,-1209],[-687,-1036],[-2181,-1690],[-1660,-244],[-1484,-644],[-194,-719],[883,-2484],[748,-458],[1942,176],[1292,-1683],[-344,-983],[-1818,-1150],[892,-3426],[219,-2510]],[[469552,325965],[-149,1385],[-757,-81],[-1767,1350],[-1020,1542],[-2343,206],[-381,673],[-1075,751],[-1453,8],[-1064,838],[801,581],[-239,1851],[-829,308],[-124,2196],[-1618,73],[-256,737],[40,1850],[517,1943],[7,1493],[829,4472],[-501,1916],[326,973],[1156,1258],[326,939],[-36,1482],[-328,976],[151,1275],[-546,966],[-2700,2115],[-826,999],[-1119,451],[-48,897],[464,1815],[-120,1299],[-1731,3082],[-1555,2121],[-1070,892],[-456,-120],[-1091,880],[-1885,449],[-1782,1035],[-1350,1274],[410,1405],[-1180,3243],[-938,1014],[-1186,2160]],[[518703,429632],[-436,-1656],[-1040,-1765],[-953,-845],[-1972,-1008],[-322,-1144],[-1266,-1392],[-617,-1550],[-730,-1121],[-1803,265],[-1125,-144],[-2537,-1690],[-276,-1371],[608,-1677],[-649,-1519],[-1448,-746],[-2005,-607],[147,-1589],[-540,-4951],[-1393,-2435],[-212,-883],[-115,-2700],[328,-1315],[1853,-3591]],[[502200,394198],[-2299,168],[-542,1603],[-792,460],[-1118,-512],[-952,652],[-1404,-788],[-718,395],[-1199,1447],[-869,-311],[-1092,1019],[-212,1263],[270,1046],[-1652,444],[424,2229],[-1252,192],[-1074,1160],[-283,1120],[-1639,1354],[-1185,-88],[-1260,1091],[-601,1440],[-1691,259],[-981,1183],[-2145,109],[-1306,754],[-1334,-1003],[-1207,-81],[-632,388]],[[462081,423697],[-436,1098],[231,1520],[-781,1719],[-127,1818],[192,869],[-1496,2743],[295,2127],[-670,820],[354,2929],[461,1124],[1164,566],[1490,1484],[1069,594],[-901,738],[-615,1628],[-157,1729],[-550,1176],[622,1951],[545,2569],[-43,3202],[284,1150],[-1277,823],[-1523,205],[-1212,1981],[-1156,1332],[-237,1232],[-625,1466],[382,3461],[472,1733],[1535,1753],[520,295],[-1026,1129],[1434,3615],[1220,2575],[908,2420],[1098,1804],[1492,-437],[1691,-945],[1995,-167]],[[468703,481526],[3861,169],[3065,2528],[1641,-1181],[2024,-1050],[1739,-375],[1098,-1192],[2638,-1005],[376,-523],[2779,-776],[1662,1295],[1400,-642],[-649,-1381],[-128,-1370],[108,-2180],[-378,-864],[316,-2642],[587,-682],[-263,-1861],[-619,-1838],[1382,-793],[306,-3143],[-510,-564],[562,-1453],[130,-1244],[548,-280],[759,-1904],[-172,-1295],[936,-782],[-130,-2259],[923,-1184],[2395,-1574],[909,-978],[2292,-1108],[356,-1000],[875,-326],[2189,-1576],[380,-2138],[889,509],[1923,-888],[792,-2825],[1460,-535],[2212,-2164],[878,29],[824,-978],[1339,-175],[598,-1210],[2386,-911],[1312,-3575]],[[462081,423697],[455,-943],[2647,-1454],[543,-1225],[3508,-1955],[-349,-743],[-1222,-1347],[897,-696],[1211,-235],[360,-901],[-17,-1298],[355,-673],[900,194],[2086,-1230]],[[473455,411191],[-2010,-1804],[-960,-270],[-1196,-1010],[-559,-66],[-2195,762],[-1203,-599],[-1468,99],[-175,-588],[585,-1252],[-1028,-1103],[-650,840],[-987,-9],[-406,-517],[-868,307],[-2106,-735],[-2323,807],[-982,739],[-859,-711],[-480,-930],[-1810,-1033],[-82,-1072],[-736,-721],[-1282,-2539],[-659,-1929],[935,-3561],[-524,-1452],[453,-846],[-533,-998],[-912,316],[-865,-1059],[-936,-11],[-792,-526],[-694,-1880],[-1326,-907],[-695,-1760],[-1026,-251],[-487,-1820],[-558,-165]],[[441056,382937],[-623,-1195],[-911,-313],[-616,-989],[-825,-376],[-730,601],[-1755,-1307],[-305,-950],[-1487,-1182],[-1266,329],[-1469,737],[-1231,-777],[-312,1120],[-876,1313],[-1516,540],[-606,1319],[-1056,1494],[-833,674],[-704,-634],[-1146,-350],[-1849,1649],[-601,-36],[-284,1263],[86,2517],[-1964,-434],[-1228,-960],[-1377,869],[-744,1446],[-1010,1181],[-1365,2929],[281,1014],[-2730,1471],[-1252,22],[-2607,706],[-1023,-163],[-406,727],[-824,185],[-2368,-271],[-825,-619],[-2535,347],[-980,760],[-624,1335],[-1247,3425]],[[426140,453192],[892,-860],[1431,-500],[835,-1888],[1148,-36],[457,-1631],[1606,-11],[85,-2219],[1476,-1029],[26,-1017],[1588,-346],[515,-450],[72,-1364],[1007,-663],[-185,-1328],[2343,-1090],[248,-1014],[-383,-646],[1539,-478],[507,736],[1998,-532],[1218,14],[2336,1414],[3129,-292],[-809,-1784],[1806,-223],[228,-1587],[2056,-370],[1278,-461],[1983,-1510],[-461,-887],[564,-1257],[1724,-1568],[821,-1088],[143,-1526],[2720,-2004]],[[481199,622989],[-1373,-1945],[-1137,-3013],[-808,-1376],[-910,-497],[-1064,166],[-1162,-864],[-1326,-3393],[-212,-1128],[1248,-1469],[47,-1475],[-473,-1301],[153,-1043],[938,-1618]],[[383354,629598],[2491,-767],[1442,138],[832,-222],[2412,304],[1491,-1838],[1518,-1100],[690,-1128],[916,-726],[1630,-96],[1321,-392],[1493,-1123],[816,1],[1571,-1446],[1055,-1402],[1161,-44],[3623,-1208],[1419,-757],[1783,447],[2374,-834],[1010,442],[1046,-665],[2081,-699],[3058,512],[2157,1238],[750,704],[960,8],[1922,1033],[1465,272],[1525,985],[469,730],[1818,1025],[1548,214],[1301,-388],[1339,-1549],[2522,-1338],[1539,-510],[870,1676],[1020,1177],[548,1141],[1735,1437],[1172,2355],[882,974],[1117,611],[570,1228],[554,-9],[2117,-1310],[1162,90],[1437,-283],[1612,355],[1258,-1049],[1838,154],[881,-458],[1841,1867],[889,191],[1734,1683],[1576,40],[1147,762],[426,-917],[75,-1387],[443,-387],[1252,-52],[1439,-781],[2045,-11],[959,-855],[1022,986],[1667,-1036],[3596,-1631],[1086,18],[413,-1455],[914,-1554]],[[475120,604033],[1105,-2694],[-273,-1017],[-1945,-1956],[-201,-1191],[1545,-797],[416,-1520],[980,-1727],[1221,-558],[2476,425],[1003,-80],[1450,-1251],[1492,-983],[2043,-2294],[1166,-2401],[814,-697],[2254,-974],[1336,-210],[3013,-1730],[1099,-1380],[1455,-1331],[960,-2880],[2084,-1368],[1495,-2110],[1140,-1282],[1498,-972],[1825,-1949],[261,-1684],[-378,-1570],[-2095,-2790],[-1421,-2218],[-156,-1198],[284,-860],[3175,-2691],[-454,-1886],[-2692,-2410],[-714,-1924],[-692,-1069],[568,-1058],[2599,-1395],[1172,-1842],[3724,-2200],[1010,-1198],[345,-900],[-267,-2261],[-616,-1652],[1017,-3831],[1902,-2488],[562,-1111],[-1091,-4399],[381,-977],[705,-630]],[[513700,522864],[1285,-1231],[44,-1234],[-1420,-747],[-813,-1],[-1781,1103],[-1185,-138],[-805,-1052],[-43,-738],[1028,-1393],[2411,-491],[623,-3377]],[[513044,513565],[-4373,1607],[-1029,634],[-2138,233],[-826,444],[-2820,388],[-427,770],[-1078,871],[-1814,686],[-1591,97],[-1140,455],[-1620,-425],[-1027,937],[-1448,-474],[-1261,411],[-707,-921],[-1065,81],[-310,-932],[-679,-344],[-880,964],[-1677,42],[-2558,-505],[-581,-841],[-1936,-747]],[[480059,516996],[-892,-123],[-796,-598],[-1775,-559],[-750,806],[-1235,260],[-749,-379],[-1007,1449],[-604,-292],[-2793,-320],[-878,254],[-191,-987],[-1097,273],[-973,-896],[-1165,-389],[-1015,-853],[-108,-922],[-2136,-115],[-955,-420],[-571,1069],[-2132,829],[-911,556],[-665,1166],[-3369,264],[-1243,359],[-1121,-362],[-887,332],[-1331,-17],[-1718,1552],[-1689,481],[-1946,1052],[-704,831],[-328,1040],[-2137,1551],[-1377,1966],[-245,1063],[51,1572],[-2525,-2043]],[[418530,546253],[-240,2582],[439,2036],[-443,1240],[2685,3545],[749,545],[1821,4138],[186,1606],[1964,2226],[269,1651],[473,979],[1498,672],[-425,2449],[-1153,784],[-1340,521],[-917,-125],[-92,1073],[385,1695],[487,513],[187,1509],[-226,2385],[776,926],[-298,899],[-327,2558],[761,1595],[664,2205],[-551,1895],[1542,555],[625,-172],[776,1120],[1337,904],[1423,208],[2754,-534],[663,329],[699,1630],[4569,2547],[508,537],[1677,634],[1786,991],[1060,-493],[719,790],[980,-1066],[1842,1326],[1116,1802],[694,390],[952,-741],[417,882],[2123,245],[886,824],[870,294],[1261,1632],[749,-259],[979,737],[1117,1807],[1268,-503],[1234,1026],[-284,1481],[1894,291],[934,-443],[1479,469],[2331,-642],[2750,248],[1650,-1861],[-357,-2113],[510,-934],[1098,614],[627,1126]],[[436092,526446],[-3153,-5098],[-1529,-1484],[-1067,-2078],[-214,-1348],[-952,322],[-1180,2012],[-1863,696],[-601,1070],[-3394,472],[-680,-923],[-98,-824],[-915,-1444],[-851,-351],[-147,-1268],[1181,-526],[-596,-2300],[-1400,-774],[-936,-178],[-327,-673],[-1509,-92],[-1112,981],[-1722,546],[-2522,-2233],[-791,-1215],[55,-788],[-1266,-932],[-266,-1530],[-790,-1313],[-768,-2608],[-673,-889],[-1155,-3720],[75,-733],[873,-1065],[-87,-2174],[1269,-463],[986,-1571],[-186,-2500],[364,-2903],[534,-1355],[1212,-1799],[-204,-1385],[1483,-74],[227,-590],[39,-2102],[424,-1083],[1236,-1033],[779,-1254],[39,-1062],[1725,-988],[678,-1569],[-283,-1292],[641,-864],[1649,-565],[1450,-1793],[-75,-1257],[1116,-255],[-22,-1388],[799,-1199],[-361,-3394],[728,-2260],[1439,-599],[517,-1546],[1188,-80],[1375,-1419],[-338,-1150]],[[426140,453192],[-1339,650],[-1097,-1381],[-1808,799],[-1623,-182],[-799,-655],[-1788,-510],[-1057,-1100],[-1218,133],[-2081,-337],[-913,-731],[-2574,-851],[-731,-925],[-1244,-334],[-2399,-1388],[-2069,-279],[-1223,-1337],[-743,-331],[-1871,-1743],[-1467,-135],[-1420,-833],[-1397,-1615],[-1853,-627],[-409,-706],[-1672,-421],[-3168,380],[-1963,-230],[-914,-413],[242,-860],[-1397,-1438],[-2404,-1275],[-2268,-2091],[-1606,-458],[-1414,-803],[-1068,-1826],[-733,-857],[-1226,-837],[-450,-1347],[-953,-466],[169,-1273]],[[405433,544111],[839,-1541],[3802,960],[1923,-414],[2154,912],[1344,31],[1717,715],[1318,1479]],[[418530,546253],[1050,798],[1393,-1451],[1416,-2093],[826,-1631],[2345,-1926],[1160,-1563],[1701,-1106],[890,-233],[1167,-991],[1706,-543],[818,-917],[3565,-2053],[346,-432],[-375,-2603],[152,-1171],[-598,-1892]],[[277616,637971],[-680,724],[-1863,882],[-1922,1783],[-246,1052],[-1164,792],[-538,969],[-642,207],[-1442,-291],[-1358,1328],[-2076,552],[-3774,1577],[-1481,-667],[-1657,-1400],[-1099,-1435],[-771,-445],[-1020,-1271],[385,-1085],[-1993,-3027],[-1226,-1435],[-707,-1174],[-1610,-1689],[-1339,-639],[-2166,-591],[-1220,-1240],[-836,-2237],[-1186,820],[-787,65],[-737,-551],[-1401,-219],[-2776,1434],[-1588,247],[-921,943],[-2695,-255],[-1126,-603],[-779,1065],[-2382,1477],[-1270,-179],[-2541,-1412],[-773,1251],[-863,361],[-199,678]],[[404439,907344],[-511,-3034],[-847,-1920],[-653,-3078],[242,-1641],[-416,-1737],[324,-3543],[787,-1832],[-3587,-2181],[-968,-1563],[44,-1380],[-1957,-1719],[-390,-2880],[339,-855],[1178,-1587],[1260,-1313],[222,-577],[287,-3332],[-81,-1608],[392,-1649],[-394,-2789]],[[309160,711086],[-1642,225],[-484,1822],[-2591,1438],[-1822,-520],[-2104,-58],[-996,434],[-954,1512],[-761,2274],[-2336,374],[-580,-2138],[-1433,-1370],[-816,-1072],[-162,-1014],[1475,-2707],[127,-2206],[-646,-4547],[-684,-1518],[-858,-3026],[323,-1712],[-574,-794],[-1392,22],[-743,-1928],[-565,5],[-1443,-982],[-4000,1436],[-434,451],[-2610,1256],[-3554,676],[-997,1193],[1281,1547],[1592,394],[1202,1680],[953,467],[744,-1006],[474,619],[23,1371],[-359,665],[175,1391],[-175,1341],[-1135,2480],[-1877,381],[-1790,-4231],[-1546,-289],[-4106,1147],[-2948,1321],[-751,512],[-703,2036],[1093,2171],[173,1262],[-836,524],[-115,1046],[-1219,2382],[-450,423],[-1973,452]],[[203765,796932],[-1174,2693],[-2096,1851],[-1053,4456],[963,3260],[151,2419],[-292,1299],[279,2534],[699,826],[602,1350],[-8,2418],[-1556,2398],[250,1530],[460,956],[-848,310],[-1552,1079],[-702,-134],[-3804,1434],[-2320,1274],[-895,260],[-1932,-165],[-1013,2099],[185,1847],[1369,1909],[152,3158],[760,2594],[837,1818],[113,1418],[879,2411],[490,3844],[353,626],[1054,3221],[529,1100],[170,2195],[-318,1996],[-628,1888],[-278,3261],[-449,1432],[114,1190],[985,2076],[659,2045],[-392,1768],[-762,2009],[8,2043],[-258,1859],[1221,2047],[229,2456],[-632,2711],[-1388,2998],[-389,1141],[-523,5517],[-447,898],[-1782,1304],[-1023,317],[-1590,1350],[-2116,3391],[-371,243],[-2576,-407],[-2278,-893],[-1008,347],[-882,2055],[-665,3564],[-169,1615],[-1296,1936],[332,509],[-1387,1588],[-189,2568],[-420,1358],[156,968],[1861,532],[1175,923],[662,1789],[-2252,1728],[-853,2242],[-421,1735],[789,1954],[650,1018],[235,5082],[-597,1427],[2203,1803],[96,2042],[524,2754],[692,2098],[-574,1135],[566,1031],[1531,1409],[1672,646],[454,1121],[655,215],[152,889],[-457,2129],[688,801],[279,1547],[480,1120],[135,3073],[-145,1757],[1546,2385],[3488,245],[2565,-292],[1291,1283],[480,1050],[1602,1071],[1188,3787],[2171,1534],[1307,1604],[-100,1473],[-1316,866],[-766,1808],[-1057,653],[482,2967],[1170,1354],[1086,786],[453,1581],[789,1459],[-143,1457],[-2216,3809],[-211,904],[363,2505],[654,837],[1449,698],[791,1105],[2144,-490],[861,1192],[985,-103],[841,-795],[5000,-1919],[364,-460],[144,-1527],[2014,-401],[4375,-1105],[919,-1008],[307,-1330],[902,-1241],[576,-1951],[-506,-978],[-2137,-1624],[627,-1719],[143,-1509],[963,-1347],[1077,-1968],[2060,-1218],[1658,-190],[2546,719],[2126,-313],[4540,-1993],[2034,1516],[1191,359],[4188,456],[3898,3544],[17,1274],[693,1652],[273,2401],[471,977],[126,1591],[674,1152],[2974,2192],[1996,789],[2692,282],[1081,444],[3169,2259],[1061,602],[1325,-22],[2426,-402],[3447,-358],[2037,-720],[1463,37],[2187,1047],[1052,-506],[1638,-254],[2797,-1644],[1436,-113],[2217,130],[666,-332],[1349,370],[2102,-3120],[1606,36],[1304,-2257],[-521,-4843],[733,-832],[919,-1694],[1238,-1129],[2906,-589],[1388,-761],[1341,-1283],[-726,-1071],[-1921,-1209],[-1618,-792],[-1484,-2449],[-318,-2953],[-491,-2720],[-1067,-1733],[-1063,-356],[-276,-1382],[305,-1780],[1045,-672],[693,-2338],[1060,-1377],[1782,-1136],[1221,-481],[4056,1102],[1890,115],[825,443],[1237,-902],[472,-1048],[1854,-1776],[-226,-1830],[404,-1058],[1025,-217],[305,-561],[1210,-515],[2119,-2898],[1970,1082],[3427,1060],[753,510],[1141,-217],[980,-1220],[2349,-1145],[2338,603],[1756,-186],[1849,-1145],[959,-84],[1050,-1334],[3777,44],[732,217],[708,1077],[1098,-23],[1009,789],[955,-24],[1192,576],[110,2119],[259,714],[1236,1203],[1624,588],[673,-428],[1887,34],[1133,-603],[2835,-624],[2483,-1759],[152,-1254],[-784,-2064],[-51,-1720],[946,-1560],[1034,-528],[728,-844],[1094,-689],[1192,-2136],[1498,-959],[2273,-952],[431,-1561],[2086,-474],[2660,-1012],[3265,-380],[1566,-376],[829,-633],[2314,-686],[1020,-917],[1613,24],[1964,-693],[272,-1976],[675,-818],[960,-322],[1344,-1381],[568,-1310],[-200,-2948],[97,-1639],[-233,-2146],[489,-1779],[3811,-1500],[1767,-1010],[2229,-747],[1926,-37],[5508,-549],[1438,-584],[960,229],[1741,-469],[1554,-1081],[2966,-1638],[449,-37]],[[97612,667586],[1002,1896],[-105,2146],[467,668],[-218,1302],[288,1644],[1083,1614],[780,576],[1210,1721],[2023,1235],[834,1745],[-939,2546],[241,995],[1173,2198],[1717,1975],[558,1424],[1945,1755],[758,360],[1697,46],[1197,311],[981,1723],[1455,915],[2696,3523],[1382,-101],[760,619],[1533,330],[1004,-185],[1521,1284],[1236,29],[2203,2598],[604,1815],[334,2077],[2344,2121],[2713,1269],[2232,3422],[1134,355],[2200,192],[2329,536],[507,406],[3586,610],[2016,648],[2330,537],[1760,44],[1200,548],[1570,-85],[1816,-650],[1831,691],[2075,62],[2314,-1049],[1540,-885]],[[416634,780730],[-541,-1979],[162,-2697],[-1149,-3522],[-814,-1019],[-1500,-1278],[-512,-2121],[48,-1296],[-607,-1108],[-944,-809],[-1815,-864],[-865,-821],[-538,-1150],[-509,-2161],[-817,-2315],[-160,-3298],[656,-6152],[-353,-3879],[134,-1516],[-420,-1405],[-1184,-1940],[-273,-3815],[-1935,-2195],[-1705,-601],[-585,-1682],[-804,-1344],[-2696,-2159],[-58,-1427],[-1706,-3115],[-852,-1231],[-1405,-1287],[-491,-1480],[-181,-2572],[-480,-2131],[-435,-850],[-1146,-1072],[-68,-1162],[1267,-1852],[-310,-1294],[407,-2244],[-145,-1349],[239,-1302],[-378,-3602],[164,-2149],[-166,-960],[-854,-1494],[-460,-1341],[384,-737],[3182,-1162],[1156,-1150],[1056,-2314],[622,-2215],[-127,-896],[181,-2575],[321,-1007],[-481,-3076],[185,-2311],[-740,-723],[-2456,-1552],[-893,-367],[-422,-716],[-1590,-731],[-891,-783],[-1143,-1831],[-1016,-1019],[-2333,-6246],[-260,-2462],[312,-2673],[1782,-2898],[136,-1135],[2389,-1924],[2412,-3037],[1616,-2398],[1251,-2374],[-1697,-961],[-386,-1144],[-2810,-1768],[-2006,-457],[-567,-1016],[-72,-1337],[-452,-903],[-127,-1906],[-1479,-1628],[461,-693],[-619,-867],[-1253,-304],[-122,-796]],[[383354,629598],[-312,-2758],[317,-2145],[-700,32],[-971,-1649],[-1779,-2542],[-1135,-946],[-1685,-172],[-1746,-516],[-2172,-321],[-1685,311],[-1337,-993],[-1469,-1766],[-1538,-519],[-480,-588]],[[309169,711393],[667,1452],[-8,2008],[752,1049],[1597,1156],[794,1231],[696,435],[327,1230],[643,572],[2672,696],[560,745],[2176,5898],[-45,1824],[592,3414],[-289,2481],[150,1114],[580,1186],[231,2596],[730,3515],[-153,1407],[1587,1853],[549,1386],[308,1884],[719,2544],[-160,2347],[-328,947],[-65,3233],[92,1769],[-483,1533],[352,1404],[290,2398],[1394,5160],[1071,2382],[1501,2179],[1731,2819],[1494,2747],[3146,3782],[3813,1790],[1517,56],[1128,-272],[2564,-75],[1849,153],[1041,355],[1205,1157],[702,1964],[552,3218],[-1182,369],[203,1729],[1240,2424],[2172,1970],[3192,2105],[3769,1605],[998,961],[308,2516],[-800,1509],[-579,2697],[709,915],[3549,827],[-248,796],[-1159,1899],[-676,3002],[-1,1164],[758,1929],[-46,605],[-987,1804],[-446,2990],[45,1069],[-1430,2070],[-599,416],[248,1485],[785,1446],[-65,1318],[325,1163],[-482,2442],[273,2099],[-1046,1275],[189,1291],[-276,1358],[-1062,2504],[-410,2215],[-1002,2168],[600,798],[2995,2220],[2294,979],[1338,1812],[1318,1227],[3467,2774],[1040,1176],[2372,-580],[2882,-2021],[1964,-61],[1872,599],[2710,164],[2344,599],[2578,-169],[2932,746],[2521,449],[1823,678],[879,45],[1340,562],[4215,2282],[549,597]],[[399710,867126],[183,-634],[2258,-2043],[753,-1585],[192,-1457],[1875,-3116],[-76,-992],[968,-1486],[250,-1733],[719,-1605],[786,-1156],[470,-3377],[-614,-839],[87,-2118],[-1639,-1576],[-475,-1778],[-2089,-1451],[-1888,-2075],[-235,-771],[1860,-226],[1854,-746],[1994,840],[1361,138],[3427,-884],[1041,-1908],[1181,-781],[2910,-1055],[708,-1687],[-1114,-1038],[-441,-1417],[-2958,-4285],[-772,-467],[-246,-746],[-2571,-3180],[-2667,-1128],[-2100,-601],[-355,-567],[1482,-3899],[-42,-2147],[-2227,-1473],[-878,-1025],[-217,-1963],[456,-1790],[-164,-1264],[725,-1734],[-42,-1254],[852,-3267],[-572,-1363],[-914,-726],[-486,-1208],[2679,-1293],[2200,-2128],[1389,-512],[1169,-1278],[-9,-3537],[591,-1755],[1809,-1209],[1811,227],[1807,-921],[868,-1347]],[[230366,596951],[1959,-3011],[1932,-2010],[2493,-1541],[1674,-571],[325,-746],[-464,-1212],[412,-926],[2331,-1858],[322,-511],[-78,-1497],[1222,-926],[302,-1446],[774,319],[251,-1064],[954,555],[1245,80],[703,-1220],[2461,-290],[841,-1232],[814,-560],[1787,-210],[903,-1134],[1030,1089],[1018,-229]],[[263631,718698],[-525,-1335],[-637,-630],[-1279,-2823],[-2127,-3035],[-3368,-3337],[-401,-2417],[-1064,-2039],[-173,-1560],[-554,-1417],[105,-1621],[-240,-1952],[538,-1040],[-62,-1136],[499,-1443],[29,-934],[506,-1598],[-2046,-1823],[-961,-296],[-1253,-1413],[-995,-274],[-3386,134],[-1497,-340],[-5741,-424],[-2929,382],[-1736,-377],[-2744,908],[-113,-2191],[-375,-1273],[166,-2503],[-559,-2268],[-2257,-733],[415,-1439],[1012,-1200],[505,-1325],[287,-2811],[-327,-2122],[-1021,-2563],[-1931,-3000],[-2015,-1967],[-1355,-2356],[65,-1298],[-629,-2422],[-306,-2125],[-512,-390],[-171,-1592],[-1947,-3950],[-384,-1867],[81,-4555],[400,-881],[-126,-1080],[137,-3998],[2162,-210],[355,-406]],[[223147,634333],[-677,-2204],[108,-1122],[-275,-1134],[191,-4547],[387,-985],[300,-1876],[1087,-1396],[89,-851],[-1555,-2798],[416,-699],[-123,-1198],[-785,-837],[-547,-1584],[907,-1061],[894,-213],[1596,911],[872,-696],[-420,-2489],[425,-1986],[1306,-2464],[640,-332],[1533,-89],[768,-802],[1108,-334],[268,-1055],[-372,-2425],[1057,-1507],[-1102,-473],[-877,-1136]],[[230366,596951],[-1837,1741],[-1662,515],[-1879,-643],[-2033,-946],[-3200,-2382],[-1185,-599],[-684,104],[-1530,1875],[-1083,784],[-993,1203],[-3023,1278],[-433,-473],[-1186,511],[-2060,190],[-624,315],[-2635,-1008],[-2233,-565],[-2229,-988],[-1793,-1260],[-462,-2030],[-817,-1052],[-630,-1558],[-497,-407],[-2427,-221],[-1017,-490],[-1398,193],[-3071,-682],[-2187,-744]],[[138687,644669],[-1217,1991],[-1056,1054],[444,3629],[-252,1375],[317,530],[2402,1662],[1085,-337],[1009,509],[1510,308],[1506,26],[1944,1818],[495,1382],[-92,1172],[936,1419],[1991,366],[2169,3269],[2,2212],[406,775],[1544,1563],[1063,1656],[1075,703],[2341,-136],[2672,1442],[237,583],[1395,1348],[2461,3199],[761,750],[123,1819],[1064,536],[720,1262],[245,1084],[-15,1858],[-1803,3276],[-1288,2877],[671,2094],[616,816],[-11,954],[858,441],[1366,1941],[295,1481],[4580,3283],[244,775],[-810,2806],[-1015,1119],[-453,1013],[-186,2632],[-2962,2312],[-2213,2942],[-1332,884]],[[164529,717142],[1457,2886],[1036,10],[1108,855],[307,2476],[1692,2624],[250,1277],[-114,1132],[858,789],[476,2934],[2163,1267],[640,1193],[148,1533],[479,565],[1061,-752],[1493,328],[1432,1059],[1997,594],[356,1537],[860,984],[-24,1201],[-719,1456],[158,710],[891,648],[1582,344],[658,890],[768,2395],[1247,1107],[379,2651],[-1078,2052],[1165,2578],[-84,2630],[186,1175],[775,1660],[-815,2159],[558,2828],[679,1061],[1496,985],[1567,1586],[429,935],[1063,681],[260,1640],[-84,2141],[1088,1148],[401,2514],[1236,2588],[-305,1622],[179,1363],[440,850],[352,1746],[942,1699],[1510,1982],[-190,2499],[3077,1455],[1750,1520]],[[203765,796932],[1188,-270],[2450,363],[2178,-270],[2465,1284],[4144,157],[807,-462],[2256,-2617],[930,-633],[922,-2003],[812,-3787],[319,-2315],[1076,-1690],[2397,-1648],[627,-841],[-472,-2517],[619,-1382],[1319,-409],[2144,-1764],[183,-1512],[1437,-3359],[1605,-642],[3023,-405],[3681,-1639],[1074,-180],[3992,966],[3122,1162],[765,585],[1546,-1654],[570,-1822],[1261,-2426],[631,-603],[555,-1692],[1516,-2670],[362,-2523],[-155,-1403],[982,-1966],[3720,-3767],[572,-1586],[1685,-1863],[1021,-451],[1142,-925],[2214,-841],[806,-17],[1238,-577],[15,-482],[-882,-3155],[9,-2094],[-707,-1718],[166,-1393],[-217,-2163],[-2090,-5094],[307,-689],[-31,-1493],[-386,-612],[92,-1843],[-737,-4115],[-402,-769]],[[321932,614863],[-394,345],[-1503,15],[-1119,760],[-2361,753],[-932,-351],[-1532,245],[-3044,104],[-741,678],[-1488,271],[-1826,2114],[-178,654],[-1915,1539],[-110,1122],[-2468,3818],[-999,646],[-565,1065],[-2009,2139],[-2914,1019],[-1072,-838],[-831,-198],[-2442,-1114],[-1350,979],[-1495,249],[-1522,-1107],[-3266,-1167],[-2749,-524],[-783,-631],[-447,-1067],[-1160,-1013],[-130,2332],[81,2445],[-567,1441],[-114,2302],[-733,2202],[362,1881]],[[277616,637971],[2188,2571],[397,801],[-94,1641],[626,4050],[2129,3333],[13,1180],[1117,738],[788,1142],[2096,1540],[1592,1927],[2352,2266],[1760,2478],[437,1347],[1331,1572],[373,1155],[-68,2866],[-178,1136],[464,3764],[-26,2172],[586,1572],[2953,7052],[828,1369],[377,3243],[1112,1226],[758,1968],[215,1330],[685,910],[2165,1942],[1839,827],[1170,4826],[-209,1319],[161,2058],[533,2194],[1037,2407],[37,1193]],[[309160,711086],[9,307]],[[309169,711393],[2616,-2152],[1192,-564],[2231,-403],[2077,-1692],[317,-840],[-59,-2757],[540,-1837],[-632,-2809],[151,-2325],[996,-2221],[166,-1444],[-804,-3712],[-388,-843],[-1681,-2305],[-2327,-2690],[-914,-2185],[-358,-4047],[1488,-3459],[-63,-708],[-1346,-3001],[-100,-1464],[292,-2198],[-3,-3108],[968,-1865],[667,-1732],[379,-1721],[1170,-1427],[654,-2387],[-158,-1383],[204,-1273],[1173,-1883],[417,-1236],[970,-256],[1213,720],[1177,-398],[274,871],[1282,541],[413,996],[1297,1691],[1768,1178],[2938,-392],[1545,-908],[2391,-1005],[922,-1177],[1087,-802],[1775,-1696],[-470,-1390],[-703,212],[-4927,-1056],[-549,-1078],[470,-893],[1413,-1385],[719,-1291],[207,-1907],[-493,-1116],[194,-1186],[1159,-1641],[943,-2160],[527,-2966],[-483,-2367],[236,-866],[-583,-1707],[1044,-1220],[496,-1157],[461,-2640],[1219,-1071],[-29,-1367],[459,-1280]],[[62449,508965],[-933,-279],[-1234,756],[-1036,1755],[-2316,1130],[-1830,250],[-1140,1054],[377,3089],[-379,641],[-821,-235],[-1490,-1799],[-1277,624],[-931,-449],[-163,-1361],[-553,-1154],[-1216,-939],[-147,-776],[-854,-216],[-1315,-978],[-2064,-397],[-1082,-755],[-669,-1334],[-234,-1154],[-513,-485],[-2425,-876],[-1497,-924],[-903,-211],[-2763,941],[-2491,1532],[-2184,1928],[-1380,366],[-1891,1086],[-1797,1440],[754,74],[96,1498],[-507,523],[1185,2110],[831,1042],[1334,801],[116,1640],[1383,1940],[808,359],[1460,1596],[286,1326],[1773,722],[190,1543],[1672,382],[1032,1740],[1263,595],[938,1792],[1021,851],[2248,1031],[10,965],[-1092,732],[-1047,2314],[-183,1428],[1249,2933]],[[186834,588707],[2003,-1181],[2816,-3733],[1586,-1132],[752,-851],[977,-244],[1422,-1153],[1390,-1857],[440,-1097],[1259,-606],[506,-938],[-404,-1667],[142,-1506],[-413,-2326],[1045,-3163],[432,-1736],[1999,-3013],[1636,705],[3817,-6],[2551,502],[1233,462],[818,-70],[3417,-1232],[1122,651],[1298,20],[1808,480],[3542,-922],[2087,-212],[3691,-1196],[4358,-717],[2333,430],[1021,-294],[1921,334],[2533,220],[1585,355],[1789,77],[1380,1866],[2536,2601],[2339,2658],[3888,522]],[[138687,644669],[899,-2111],[1429,-2561],[1142,-3074],[785,-1044],[929,-2481],[675,-1215],[814,-741],[602,-2275],[-257,-1640],[255,-595]],[[89400,578760],[97,1211],[-684,3142]],[[49179,620474],[247,1359],[1331,1976],[1562,3465],[2282,2337],[1780,812],[649,782],[1073,228],[969,968],[2557,939],[1538,387],[1976,1130],[1456,1211],[-108,1368],[495,1957],[940,729],[254,836],[925,167],[2787,1689],[1176,179],[518,1285],[1780,1569],[360,899],[718,260],[300,987],[1289,435],[1555,3224],[728,606],[1844,93],[501,521],[498,2434],[2330,3028],[1177,529],[51,1018],[540,1728],[1886,2472],[1517,1024],[2520,926],[711,-116],[1093,486],[2307,387],[321,798]],[[97612,667586],[662,-875],[878,-139],[1011,682],[1693,-2511],[2024,-629],[766,-876],[2875,-1483],[3523,631],[1690,-539],[1765,652],[3961,519],[1585,-668],[2774,-3110],[796,-2003],[853,-530],[124,-2299],[341,-1499],[1168,-877],[498,-1599],[992,-1095],[535,-1035],[1917,-1645],[272,-724],[1405,-1281],[1675,-618],[1283,935],[2270,-375],[1739,74]],[[88813,583113],[-1218,-178],[-804,393],[-992,-337],[-1631,-15],[-1772,-573],[-1091,-897],[-536,254],[-856,1544],[-835,26],[-2201,1239],[-1598,-1056],[-868,352],[-1944,-26],[-1207,-1285],[-993,-2635],[198,-1132],[-680,-2646],[-765,-2013],[-1833,944],[-1445,-150],[-816,-820],[-1226,-568],[-1735,-55],[-802,-300],[-1333,127],[-1301,516],[-1104,879],[-3190,1725],[-786,-497],[-873,135],[-1234,-851],[-1244,-1196],[-1436,-2926],[-232,-860],[-889,-1209],[-545,-1630],[581,-907],[178,-1912],[-181,-1294],[242,-1092],[704,-975],[882,-590],[578,-993],[-702,-2818],[466,-2875],[-239,-1098],[386,-424],[1601,-243],[1011,-422],[398,-1507],[-1025,-836],[-1527,-2339],[-1438,130],[-480,-767],[-1082,-596],[-674,-977],[-737,-217],[-865,-1058],[-967,-322],[-222,-1607],[-681,-542],[-1421,380],[-1664,-319]],[[40118,541172],[-244,1329],[-498,741],[-1360,554],[-277,1513],[-826,1200],[-2,1040],[-931,376],[-351,690],[116,1956],[-304,266],[-3544,584],[-1072,1082],[191,696],[1257,1266],[14,674],[-2377,456],[-226,1734],[-460,1274],[1068,1434],[-420,1347],[418,958],[-615,1119],[352,1216],[524,3495],[-629,1175],[1384,2032],[924,2233],[-1162,365],[-104,898],[1376,2802],[1294,1717],[-467,2595],[22,1914],[-833,2238],[1136,361],[677,1128],[-437,1103],[979,924],[282,1473],[-448,1005],[584,1626],[-31,1105],[1407,838],[875,1703],[1501,751],[490,726],[-177,868],[-805,759],[1533,1292],[-12,1456],[1345,1628],[449,1485],[658,716],[1044,282],[1326,-304],[509,1192],[-246,1676],[1967,2304],[-355,2244],[2244,1753],[344,1074],[-322,1180],[-578,277],[884,1708]],[[49179,620474],[1577,-460],[1169,-816],[565,26],[3449,-2296],[1413,-1063],[2613,-15],[1110,1527],[1119,378],[500,678],[2578,-556],[1269,-1709],[774,-3666],[293,-726],[1591,-1414],[377,-728],[1289,-993],[-381,-900],[-68,-1667],[1324,240],[2612,-81],[566,-1405],[1800,-2179],[1428,-1237],[1155,-2051],[1850,-2593],[1773,-879],[1130,51],[2110,-802],[836,-26],[579,-951],[1228,-948],[1076,-380],[876,-828],[408,-2549],[524,-709],[-1339,-2236],[-790,-2055],[-749,-1343]],[[114355,471391],[-1655,370],[-1347,1417],[-1791,5153],[-505,626],[-1146,425]],[[101727,570508],[-1770,-508],[-3249,406],[-716,542],[-1130,-51],[-1219,514],[-909,1090],[-83,784],[-1288,993],[-707,890],[-346,1050],[-1041,1637],[131,905]],[[89400,578760],[2308,1034],[1054,-422],[945,143],[2029,803],[1261,222],[738,-522],[1713,705],[2558,1718],[797,1558],[873,558],[954,2638],[1106,638],[888,1035],[918,-72],[433,1959],[-232,1374],[1149,1396],[1187,-883],[1101,465],[2184,300],[1085,617],[746,1213],[761,-435],[1141,376],[918,-72],[1829,1764],[-916,1590],[-902,613],[-718,1215],[-1693,768],[1082,1224],[852,516],[3730,968],[1003,663],[1315,1326],[569,176],[3395,2452],[890,1143],[3516,3138],[756,149],[1655,-574],[2260,145],[2397,1266],[1180,1068],[1367,1756]],[[185558,589612],[276,-659],[1000,-246]],[[186834,588707],[463,-1602],[-388,-1264],[327,-1380],[-592,-1789],[-266,-1507],[719,-1836],[3553,-3567],[1263,-3459],[-560,-3064],[973,-1309],[544,-1360],[1097,-1654],[-656,-1281],[637,-2768],[-592,-1781],[1162,-2852],[406,-1417],[116,-2307],[-708,-726],[-456,-1587],[-629,-416],[-385,-1326],[614,-953],[-170,-1487],[2549,-2732],[900,-371],[630,-5822],[-493,-1015],[-341,-2261],[314,-765],[-1425,-990],[1603,-1355],[1692,-503],[1790,226],[3783,-654],[1311,538],[163,-797],[867,-606],[1308,148],[-821,-1261],[724,-244],[329,-1328],[993,-1835],[79,-1533],[926,-2340],[-3,-2025],[-504,-605],[-541,-2060],[35,-1944],[1203,-64],[1316,866],[1652,582],[504,-498],[2132,-372],[1325,-951],[2103,-397],[2279,-1294],[1125,306],[1276,-438],[1774,252],[976,-266],[2303,532],[3149,-629],[512,-250]],[[197696,496466],[979,958],[-53,2414],[-589,2412],[-1106,1466],[-1258,666],[-548,673],[174,1818],[2189,3672],[-91,594],[-1189,77],[-396,652],[-249,2189],[974,1284],[-1384,355],[-4403,10],[-996,-421],[-1660,-128],[-1638,1391],[-3467,275],[-1538,1672],[-1774,57],[-1398,676],[-2325,1834],[-799,1156],[-2491,1953],[-1360,1416],[-576,1036],[-1528,73],[-739,-538],[-1511,-1783],[-1419,-715],[-1498,113],[134,-1111],[-799,-950],[-1010,421],[-1110,-159],[-1385,-998],[-744,240],[-2822,-931],[-1423,-173],[-989,442],[-2004,-67],[-846,-408],[-1273,-3],[-1146,-1418],[-2641,256],[-1236,-179],[-963,-837],[-993,290],[-1385,-1040],[-579,190],[-1476,-1297],[-873,113],[-712,607],[-2392,225]],[[141091,537030],[4,1561],[1405,3143],[-537,905],[407,1808],[-163,1565],[502,788],[1381,151],[1579,1209],[1437,-88],[691,780],[2176,952],[1104,-793],[2625,-839],[1550,212],[330,618],[1245,-234],[1079,508],[938,-29],[165,2075],[999,2051],[1922,2216],[389,1180],[2284,319],[912,-202],[1180,374],[1572,1305],[2518,2778],[1115,628],[413,1377],[-1167,544],[-1380,-235],[-2744,-1],[-2762,-580],[-3594,-170],[-3128,789],[747,1926],[94,3137],[-1858,686],[-1140,-419],[-901,569],[-72,1085],[890,1141],[414,1286],[1727,2610],[90,907],[1114,983],[1131,2195],[1031,293],[1981,2017],[505,1522],[-775,1994],[472,2519],[533,1780],[-1843,1877],[-1228,817],[-1058,229],[-768,846],[-704,195],[-555,992],[-1292,801],[-1993,-304],[-2136,504],[-1498,-516],[-1433,265],[-750,-1363],[-1172,-1502],[-1397,782],[-1418,2193],[-1729,1573],[-1073,-268],[-266,2307],[-1259,1949],[-466,2617],[-443,1250],[582,632],[1328,3296],[123,1362],[1138,2500],[-82,1499],[-547,2013]],[[141582,616472],[-357,1378],[440,1481],[720,345],[1351,3361],[665,607],[278,923],[814,690],[467,1675]],[[145960,626932],[3095,-2051],[1393,-1651],[1820,-1359],[41,-739],[-572,-1716],[-1559,-1879],[-1322,-2342],[2043,-3015],[1314,-802],[763,-1045],[585,-1406],[1648,-791],[1863,850],[2413,-339],[1341,129],[1055,1072],[777,1557],[1305,263],[3059,-889],[1102,487],[1338,-809],[932,-1323],[316,-1011],[50,-2023],[930,-1359],[868,-2022],[888,-976],[2479,-1329],[2228,-1612],[1975,-1189],[490,-1937],[526,-586],[2698,-843],[1329,-3225],[387,-1410]],[[141091,537030],[1315,-1405],[1227,-146],[581,-819],[-789,-1321],[-835,-2878],[-22,-780],[-858,-1534],[-984,-858],[75,-1021],[-1484,-821],[-324,-1854],[-2116,-1777],[-128,-820],[-1111,-2371],[-276,-1639]],[[135362,516986],[-903,-211],[-776,-2316],[571,-1189],[-106,-776],[-1018,-1416],[29,-2532],[-352,-562],[-1000,-67],[-1509,-1021],[-830,-161],[-1221,467],[-1014,-1185],[-2060,-1059],[-1295,-378],[-569,-1888],[179,-939],[-366,-799],[-747,-192],[-1413,659],[-952,-738],[765,-2713],[-204,-622],[-3239,-557],[-472,-651],[-1574,-299],[-1466,-2021],[-182,-1371],[494,-974],[-513,-1097],[-53,-1920],[708,-829],[119,-982],[-623,-470],[-142,-978],[766,-1454],[-835,-345],[-521,-771],[-897,-337],[-907,1310],[-514,-251],[-254,-1079],[-855,-832],[-251,-820],[-970,-392],[-479,-846]],[[107911,479382],[-1081,-103],[-1549,-706],[-1251,-36],[-1740,2060],[-3125,2811],[-1721,236],[-1928,-421],[-3124,727],[-1115,1279],[-669,2588],[-627,704],[75,2260],[1429,2798],[-3,1335],[-787,1968],[181,1436],[-413,880],[-1156,474],[-3402,716],[-1650,-542],[-1254,52],[-1379,548],[-1897,290],[-1532,-169],[-634,388],[-1446,211],[-1625,826],[-314,1132],[-756,713],[-1352,256],[-3800,327],[-635,399],[-1477,2402],[-1646,1420],[-1259,429],[-800,-105]],[[62449,508965],[-734,1355],[-579,2357],[40,693],[907,1100],[1687,599],[666,674],[237,1034],[-367,1051],[1434,4294],[64,779],[780,1776],[1782,1007],[1226,1307],[178,1122],[547,916],[-286,1743],[-510,1229],[-1285,1059],[284,490],[1258,221],[1422,-650],[1247,-971],[991,-1137],[1927,-1274],[1154,-1292],[2060,-975],[1759,206],[2674,2409],[1093,291],[1079,-228],[1013,423],[1249,-126],[444,-576],[2171,18],[440,-685],[1181,-319],[818,170],[1426,3250],[-960,1547],[462,852],[1519,-177],[543,785],[1569,883],[2003,717],[157,1903],[1065,1527],[1232,741],[593,1022],[1232,698],[867,1100],[193,1641],[-729,1540],[-1639,1179],[-1999,1710],[-1092,1268],[-392,924],[-1599,331],[-959,1569],[-1356,86],[-786,1021],[365,1831],[-112,1217],[341,2416],[-679,1127],[973,1856],[1234,763],[751,-46],[901,818],[1128,-13],[991,-422],[736,151],[546,827],[-18,1562],[408,1114],[312,2135]],[[101727,570508],[1006,815],[238,-1893],[1755,-771],[155,-1132],[1768,-1767],[419,-707],[1087,9],[939,-1503],[1396,-131],[1719,-1289],[1633,-615],[455,-903],[1021,-835],[-1207,-525],[-400,-3022],[137,-351],[2061,-1733],[3153,-1531],[2141,1082],[1918,-170],[1539,1188],[1082,-165],[1401,1560],[1314,-18],[1257,-1274],[1602,-2325],[1650,58],[3071,-2045],[528,-493],[-115,-1817],[716,-1192],[40,-804],[867,-1023],[582,-1514],[-13,-1884],[1298,-560],[-681,-1193],[431,-967],[1401,-2038]],[[258124,547221],[-668,331],[663,3205],[-201,533],[-1415,1172],[-249,1542],[1185,1422],[108,1212],[-544,2274],[-1127,784],[-316,964],[439,1218],[-633,1520],[101,740],[1058,905],[-689,2129],[-347,2566]],[[255489,569738],[648,1956],[-409,1804],[441,1392],[-26,981],[-566,929]],[[255577,576800],[1188,2331],[528,1603],[42,3252],[503,1949],[-1003,1725],[-207,2856],[1654,1355],[1790,475],[4083,-52],[6572,1271],[2558,-197],[1320,256],[1634,-455],[1689,253],[2953,-377],[1764,-57],[1554,1241],[1875,428],[2674,-641],[455,-493],[2052,-594],[836,1684],[1538,1762],[448,-1115],[991,845],[282,969],[699,375],[297,908],[1669,2618],[902,-56],[1003,1291],[842,495],[2576,-155],[2623,-350],[2580,-1860],[727,-59],[1316,1988],[1708,842],[1824,216],[2570,1440],[1021,1458],[1140,2520],[207,1958],[1164,2887],[1714,1273]],[[321932,614863],[2407,3401],[1157,582],[569,-147],[1114,-1770],[1482,-728],[1261,-1909],[2079,-758],[1013,-112],[1156,387],[1413,1015],[1221,19]],[[290882,451442],[-149,-2699],[-905,110],[272,-1177],[-249,-1000],[-1085,-190],[331,-1206],[-954,-2240],[-35,-1321],[309,-1157],[-717,-1563],[311,-1257],[-1378,-235],[-143,-1055],[-1573,77],[-447,-306],[-209,-1720],[1407,-286],[-438,-998],[-1011,-727],[-789,786],[-491,-208],[-1458,-1865],[-1081,-439],[-144,-1358],[-1105,-1150],[-1124,176],[-918,-1072],[-1485,-701],[-104,-779],[-1256,-1227],[-1172,-182],[-1209,-908],[-642,-1618],[-1335,-204],[-1490,830],[-1034,-654],[129,-1159],[-1081,-1247],[-612,295]],[[135674,453920],[392,1967],[3401,3368],[596,1211],[1985,1115],[344,890],[2183,619],[1734,-171],[2226,865],[1292,-136],[1034,246],[1622,867],[1550,1752],[718,2225],[522,814],[1274,674],[1447,342],[1065,700],[1406,375],[1723,1453],[1268,1851],[853,424],[2152,6],[1918,-627],[1221,227],[1940,-102],[2540,561],[2220,1231],[2427,1751],[1609,169],[949,752],[134,1260],[1001,948],[1034,2276],[2014,793],[893,672],[428,1583],[634,683],[950,-253],[492,413],[722,2295],[1319,1020],[214,1584],[1342,1349],[698,-9],[1094,-680],[781,-15],[675,766],[-126,817],[-1273,-199],[-499,625],[2227,2697],[835,-339],[822,-1159]],[[197696,496466],[444,-349],[2014,-103],[1383,1333],[1592,764],[994,-95],[505,-1169],[987,-150],[1377,335],[2033,132],[1494,-828],[1367,573],[695,690],[1490,3275],[784,898],[990,576],[950,-135],[1175,-824],[3255,555],[382,1127],[636,557],[3234,-1259],[1351,607],[322,751],[-476,2736],[506,1996],[576,700]],[[388281,387391],[-32,-1055],[-1224,-1087],[-1287,-4336],[1047,21],[1151,-489],[1935,-1980],[774,-1141],[3871,-1685],[2014,-1952],[-344,-1390],[407,-1539],[543,-629],[-1219,-3244],[358,-1192],[-795,-1844],[-724,-636],[-2177,-706],[-973,-1313],[651,-2444],[969,545],[1498,-766],[1727,313],[932,-1000],[648,-1957],[1159,-1542],[-504,-2726],[498,-1619],[-596,-1810],[777,-3141],[-649,-1000],[-359,-1796],[148,-529],[-758,-1091],[-1567,-1245],[-314,-2309],[-541,-746],[602,-3415],[-541,-2825],[133,-1557],[-756,-689],[-906,727],[-238,-2043],[-1445,198],[-1042,-780],[-242,-1176],[837,-1426],[-754,-2162],[-1053,-406],[-561,-1494],[-1323,-2100],[881,-1770]],[[371934,311161],[-1526,2840],[-1003,3645],[560,1299],[-30,759],[-966,187],[-798,1176],[354,1355],[-1357,658],[-944,-736],[-725,250],[-309,995],[241,2525],[-331,606],[-968,-28],[-3045,2332],[-67,666],[-912,445],[-1307,46],[-995,1016],[-62,969],[-751,903],[-3693,2077],[120,1632],[-797,1034],[39,2255],[-518,986],[203,1648],[-836,875],[-414,1957],[516,1631],[185,3011],[-795,1818],[-1369,738],[-1243,-143],[-938,-901],[-1318,-397],[412,-883],[-272,-594],[530,-975],[102,-1588],[-1404,-1276],[-1954,631],[-744,-136],[-399,774],[-1483,550],[-1696,-259],[-1753,1817],[-3855,2182],[2291,573],[775,-176],[1785,2383],[-1439,746],[-1993,1736],[-234,782],[56,2083],[234,788],[-251,2893],[-642,1146],[-177,1250],[104,1911],[736,1976],[-629,1634],[-608,379],[69,1111]],[[366662,615026],[108,-1965],[643,-3333],[642,-2675],[206,-2882],[470,-1364],[91,-2460],[1065,-1490],[68,-879],[617,-593],[254,-1528],[1827,-2737],[531,-2116],[755,-1182],[1354,-406],[1016,-865],[1201,506],[1142,-1473],[-557,-1061],[-509,-2337],[-436,-645],[-764,-3108],[-1015,-1011],[978,-1981],[1973,-2043],[824,-3513],[789,-816],[311,-1034],[2190,-364],[2231,440],[598,-668],[1304,-666],[1014,-1866],[-157,-813],[781,-567],[548,-1622],[-209,-1830],[-1328,-1271],[135,-637],[1008,-1063],[2031,-1409],[1223,-1270],[1670,-2814],[1472,-1072],[733,-151],[885,-1141],[779,-1673],[3172,-2557],[826,23],[965,-1003],[3316,-1930]],[[405433,544111],[-430,-490],[-2949,-1507],[-702,-845],[-1097,-414],[-2405,-1439],[-972,-1470],[-1249,-1282],[525,-2297],[-48,-2582],[-353,-1111],[-1117,-580],[-1097,-2201],[-951,-937],[-317,-899],[-2565,-1344],[-1121,-1283],[-1284,-3195],[-1060,291],[-923,-445],[-1581,-181],[-1588,190],[-1516,834],[-1254,-35],[-1332,568],[-2661,77],[-2216,-322],[-1332,114],[-1532,-700]],[[297702,552324],[390,1324],[1559,8],[-105,751],[885,391],[-280,971],[736,1650],[687,436],[956,-222],[-97,1035],[2676,932],[2203,1722],[158,838],[886,1482],[3644,1228],[3013,577],[1497,-882],[1045,676],[744,-207],[1277,419],[1716,-192],[803,470],[2194,-42],[720,-247],[1167,624],[16,1249],[1056,2068],[-323,539],[-91,2008],[-678,369],[-59,1574],[-1013,2770],[909,213],[1450,1110],[1726,2382],[331,2545],[542,806],[-80,2048],[-599,1823],[73,1348],[892,3676],[566,1868],[1211,1777],[1125,858],[1648,628],[1596,1586],[721,1936],[889,1773],[869,1159],[447,3131],[-72,2524],[-1264,3265],[-1260,1744]],[[336804,614843],[1592,710]],[[338396,615553],[1911,-771],[2546,1393],[917,-76],[2955,-2396],[1714,-847],[890,-729],[700,-32],[1607,775],[889,-137],[2932,1539],[1141,-526],[2257,2057],[919,195],[1927,-520],[790,250],[4171,-702]],[[372192,424559],[3409,-3254],[1950,-23],[1782,-882],[2600,-666],[828,-437],[1688,-349],[629,-598],[807,20],[619,-577],[210,-1871],[472,-533],[1005,-2406],[1004,-370],[825,-1534],[1453,-597],[946,-2742],[709,-686],[1415,-2828],[770,-1872]],[[395313,402354],[-650,-2140],[61,-740],[-722,-1488],[-2295,-72],[-930,-369],[-682,-782],[-483,-1740],[-400,-3174],[-795,-1359],[-314,-1696],[178,-1403]],[[388281,387391],[-827,-500],[-502,990],[-2271,2142],[-2166,555],[-3150,1858],[-733,957],[-1454,870],[-294,-1794],[-1193,86],[-2061,-2196],[723,-1131],[1318,-1087],[-1892,-467],[-480,-1000],[42,-1130],[-594,-2599],[-971,-588],[-1442,185],[-1063,-337],[-1595,684],[-875,-23],[-1617,1446],[-523,2022],[-1344,-77],[-582,-1218],[-2428,-556],[-2365,-1903],[-1033,-347],[-1691,-76],[-1857,-1815],[-2265,-587],[-790,-482],[-1237,-1474],[-662,-335],[-3581,-606],[-1075,-501],[-2264,-338],[-1041,113],[-1935,-1625],[-1727,-18],[-1022,-630],[-985,-1073],[-1081,-38]],[[333696,372748],[-2320,1757],[-1463,-217],[-713,-1296],[-2952,-396],[-1762,-1477],[-3098,-367],[-585,152],[-2867,-504],[-2149,-544],[-1086,240],[-1038,-256],[-1336,-826],[-1331,-1316],[-252,-1439],[-673,-966],[-999,19],[222,-1302],[-413,-967],[-1393,570],[-74,1210],[-680,680],[-1276,-108],[-937,900],[-748,-1206],[-739,-285],[-1019,-2383],[-2693,-1218],[38,-1385],[-814,-1089],[-815,79],[-646,-1198],[-100,-1024],[-1507,-371],[14,794],[-646,1201],[-1508,-2748],[-534,-509]],[[279020,391822],[705,-164],[1239,711],[1002,-1328],[798,1632],[1242,934],[2805,332],[1454,923],[2210,539],[1054,-355],[537,331],[919,-344],[610,1177],[2537,-757],[1133,947],[988,12],[1644,2641],[853,-53],[503,-1195],[1518,10],[324,826],[-243,2107],[1024,468],[972,-409],[788,281],[1397,-263],[516,343],[1071,1820],[1446,30],[781,907],[2290,1014],[1147,782],[703,1372],[1067,501],[1055,1581],[711,-197],[729,908],[951,-323],[460,806],[780,63],[-94,995],[1544,700],[650,1480],[2215,1250],[1125,-30],[932,476],[688,896],[2690,1849],[1135,-7],[1516,484],[651,548],[1674,184],[1406,1098],[1374,82],[1156,1150],[1564,937],[2398,744],[412,577],[1647,951],[1296,1809],[1743,692],[532,1087],[1317,675],[1187,-36],[1317,-684],[226,1207],[622,1371],[874,1022]],[[361172,434578],[1686,-1000],[1362,-2175],[452,-1739],[597,-904],[3497,-1991],[1747,-718],[1679,-1492]],[[267710,504006],[-1516,-197],[-1819,-1313],[-2376,599],[-1759,-1799],[-2773,-1626],[-1736,-1649],[-543,-112],[-1317,1429],[-1653,-404],[-1416,-1247],[-264,-853],[-1161,241],[-1862,1194],[-903,1456],[-886,649],[-1627,3034],[-1115,571],[-1906,270],[-819,361],[-1179,-52],[-2222,451],[-1150,551],[-2137,-85],[-2629,439],[-466,1130],[-2319,1643],[-401,472]],[[227756,509159],[615,299],[1466,-35],[1116,778],[1278,-104],[572,1163]],[[232803,511260],[122,971],[1031,2506],[1330,615],[3237,540],[1834,2151],[1176,943],[1701,-173],[1579,-757],[430,339],[545,2281],[838,1037],[1471,113],[2197,-269],[1349,2041],[-445,1480],[-1171,760],[-204,1064],[1402,1469],[-600,1881],[2022,2406],[-87,974],[-757,1086],[-1440,654],[-416,2642],[1759,1061],[2604,-527],[452,818],[2,1555],[1021,666],[1522,2012],[1717,1189],[162,1039],[-380,1061],[-682,333]],[[258124,547221],[759,1354],[937,823],[2767,1047],[3690,23],[1843,225],[1649,681],[1986,1612],[-339,2982],[3534,5461],[1148,2478],[2792,898],[4256,649],[268,-1270],[1682,-2607],[364,-1339],[-582,-3017],[-10,-1213],[665,-817],[-306,-2681],[1639,-3594],[50,-1156],[612,-2373],[-719,-841],[724,-746],[598,211],[756,1281],[1082,396],[928,1594]],[[370306,520626],[-1425,-889],[-447,-1031],[-1533,-1120],[-779,-1156],[-2469,-1663],[-608,-1156],[-350,-1483],[-1006,-1111],[1757,237]],[[315143,460243],[-1029,-173],[-2194,-1158],[-915,-108],[-2534,1638],[-1072,-714],[-1308,777],[-581,-1002],[-1730,-429],[-1322,-749],[-311,938],[-1704,-993],[-424,775],[-2701,-1814],[-767,-1154],[-1163,-121],[-1616,-1568],[-1620,-1166],[-436,-991],[-834,-789]],[[290882,451442],[-863,975],[-1901,1538],[-939,1166],[-30,1614],[-1524,2476],[-718,1914],[-1163,1332],[-9,858],[-625,736],[23,858],[-890,449],[369,1692],[-150,1105],[-602,401],[-2136,-238],[-1409,489],[-1327,6],[-3829,-593],[-2389,-114],[-818,311],[-181,2019],[-1457,2199],[-470,1162],[-1929,1932],[-2488,282],[-1082,-146],[-7,1541],[-534,1273],[50,2447],[840,680],[-347,658],[-825,164],[-179,782],[932,546],[778,1523],[3,1691],[-819,2505],[836,1804],[1883,2068],[743,269],[1235,1374],[222,743],[-36,1785],[403,1172],[32,1476],[337,800],[-182,2840]],[[267710,504006],[1999,497],[1729,951],[1309,1302],[2679,810],[4073,2831],[1906,554],[2168,1547],[306,469],[3166,2208],[529,821],[2362,2061],[2625,1359],[3192,-686],[681,483],[1475,2],[4301,-1195],[3152,-174],[1590,423],[177,1919],[636,837],[56,842],[-581,683],[-140,1106],[-866,508],[-908,1287],[53,575],[1297,1562],[452,1109],[1449,1997],[-4111,1439],[-3222,1976],[-847,1188],[-450,2118],[-1794,3691],[-1771,1855],[-1266,322],[-622,779],[-1731,1450],[-724,1782],[-1142,-12]],[[290897,547282],[301,870],[1308,688],[1209,-1252],[456,240],[116,1386],[1654,619],[976,1117],[785,1374]],[[297702,552324],[1238,-226],[545,-1045],[685,-7],[235,1058],[1839,-729],[635,-530],[1340,-151],[1291,-1548],[2514,-259],[4037,-1316],[76,-1256],[1734,129],[919,-682],[1133,-341],[1429,315],[1414,-443],[2112,537],[3411,-855],[897,-516],[1524,348],[883,-857],[1054,157],[363,-954],[1000,-400],[3372,-2019],[1839,-76],[2310,751],[2594,-708],[1316,245],[2026,-214],[431,-527],[2976,-826],[1135,535],[2628,541],[796,-34],[539,-1092],[1671,-819],[1304,-222],[939,-654],[706,44],[1426,-2065],[2887,-1647],[1755,-3644],[766,-526],[1528,-1786],[-7,-988],[1012,-1443],[852,-1858],[2332,-2423],[1163,-672]],[[361172,434578],[-1925,-617],[-815,-849],[-1881,-672],[-2014,-501]],[[354537,431939],[-1310,1740],[2261,3066],[573,1891],[-52,1759],[257,1286],[-244,732],[40,2182],[281,1092],[870,1290],[528,130],[1102,1685],[-371,838],[-3141,-145],[-2545,-880],[-1042,41],[-1147,637],[-387,872],[-1205,-14],[-625,-882],[-1218,277],[-1088,-272],[-554,-687],[-1707,-744],[-1193,924],[-1363,276],[-297,633],[-1887,754],[-2950,131],[-2220,-238],[-2694,-569],[-3073,520],[-152,626],[-2432,2614],[-709,144],[-908,1191],[-1305,376],[-1155,908],[-1124,-23],[-1297,506],[-384,926],[-1358,365],[-726,782],[-877,153],[-566,1411]],[[315143,460243],[2553,-82],[981,885],[270,1073],[1019,1264],[696,202],[622,-707],[688,1012],[1020,0],[475,1532],[843,85],[362,1282],[1573,1121],[1216,293],[1521,2108],[282,978],[1134,1235],[996,238],[1394,-1091],[911,497],[480,1988],[1274,1682],[1159,684],[1040,-12],[272,1012],[779,116],[763,744],[1520,-82],[-178,1168],[2168,-400],[1078,303],[1251,-583],[261,1086],[1058,1484],[870,323],[968,1028],[2651,224],[1974,737],[1198,1023],[1976,581],[620,738],[1807,-333],[2801,434],[1385,992],[-1306,3969],[-383,2028],[644,2201],[-918,3294],[1102,1738],[987,2405],[-102,1555],[392,1908],[293,3291],[-137,1760]],[[363446,511254],[2039,-2062],[658,-1176],[350,-2026],[629,-1329],[1807,-1881],[531,-1126],[906,-1066],[2694,-1741],[2474,-591],[988,-1461],[1050,-878],[138,-1293],[-676,-1224],[462,-726],[281,-2814],[16,-2552],[430,-2373],[-201,-1564],[-765,-2125],[-1838,-1477],[-1104,-1692],[-627,-1541],[-1147,-1031],[-775,-1446],[-292,-1577],[377,-2810],[-1617,-3078],[-271,-1056],[1948,-1066],[955,-1334],[1197,-2355],[576,-1589],[141,-1831],[-644,-1675],[-257,-1741],[-571,-1163],[-26,-1302],[526,-2276],[-641,-785],[-426,-2147],[-389,-378],[-663,-2304],[418,-1053],[-1120,-863],[-1752,179],[-1615,-479],[-2090,-1439],[-993,-1054],[-2256,-3739],[-1109,-566]],[[488900,321668],[162,-1243],[608,-701],[2276,-1410]],[[491946,318314],[940,-1104],[1484,-2665],[481,-2005],[-31,-2461],[215,-1751],[-146,-2389],[-1379,-5074],[-353,-562]],[[493157,300303],[-435,-1062],[-1871,-21],[-980,-373],[-1944,-2082],[-877,-1812],[-318,-4723],[-433,-4333],[-664,-3338],[-2790,-4444],[-782,-1888],[1012,-7147],[-306,-1529],[-810,-2666],[-2099,-1628],[-863,-1690],[-322,-1906],[-606,-1386],[-620,-424],[-932,-2371],[-925,-1831],[-397,-1419],[-99,-1517],[-460,-2406],[-2478,-3049],[-492,-1299],[-3839,-7570],[-1240,-1978],[-1404,-1844],[-1198,-1998],[-655,-690],[-2262,-1288],[-1368,-79],[-2475,194],[-3772,-437],[-4961,-29],[-788,143],[-1445,-280],[-2078,-3333],[-2835,799],[-3589,2054],[-1568,1606],[-2423,2174],[-2651,-1242],[-770,-1207],[-902,-648],[-819,-1533],[162,-1624],[-970,-1252],[-1438,-1027],[-1391,-2219],[-1,-2146],[-405,-2129],[-2756,-794],[-558,-642],[-150,-1227],[-1738,-1681]],[[404850,205257],[-189,1408],[-1118,2220],[-884,313],[-1967,1200],[-1179,1378],[-734,1749],[-365,2958],[-516,1380],[-1393,1864],[-1585,135],[-3766,-1002],[-2350,-963],[-1016,-152],[-2341,444],[-2113,1759],[-796,208],[-2934,2420],[-1318,1700],[-918,1664],[-1533,1888],[42,896],[1059,2153],[383,1206],[-729,2879],[-623,791]],[[408948,308029],[308,-601],[2592,-734],[910,-1401],[1457,4],[331,2013],[691,895],[1541,209],[1539,-451],[1167,406],[1305,829],[2213,1741],[2208,767],[1066,1552],[1232,1086],[1156,642],[541,-122],[1845,-1332],[712,115],[336,1838],[514,1102],[584,344],[1079,-567],[683,-858],[2210,-1307],[2063,1084],[1244,1467],[307,1220],[1064,798],[1332,275],[529,-425],[68,-1082],[975,-546],[1250,450],[1955,-106],[2207,404],[1867,1172],[522,700],[1048,61],[1075,-989],[1783,-333],[2025,455],[-738,2307],[200,842],[1206,556],[1827,240],[1618,-93],[3144,137],[1769,1073],[629,1230],[1415,869]],[[469552,325965],[2964,789],[2226,-68],[1648,884],[779,51],[1640,679],[3358,113],[3299,-1114],[767,-903],[1116,-2705],[670,-1221],[881,-802]],[[388917,315413],[2145,7],[2333,-624],[2664,-1390],[1782,-73],[937,410],[1000,1002],[1226,1713],[1122,-359],[336,-1080],[-556,-2348],[789,-1851],[895,-701],[3268,-532],[1667,-593],[423,-965]],[[408948,308029],[-1027,-935],[-1498,-2108],[-1253,-696],[-993,-1066],[-307,-1042],[-692,-695],[-517,-2002],[-501,-684],[-2180,-1721],[-2611,-1028],[184,-2553],[315,-1912],[-399,-880],[142,-1070],[-445,-1660],[-483,-794],[-1029,-8],[-1154,-1288],[-1273,-650],[-253,-2468],[-684,-278],[-2001,838],[-1042,165],[-1774,765],[-368,-836],[-105,-1430],[-442,-740],[21,-1298],[617,-493],[61,-962],[1739,-570],[1411,423],[-113,-1667],[452,-635],[397,-1555],[-1055,-2961],[0,-1168],[955,-1324],[2228,-1985],[1291,-4123],[27,-767],[-1142,-1252],[-372,-1485],[-912,-1380],[569,-1046],[1423,-66],[2483,916],[1425,-1215],[555,-836],[-162,-1069],[-1824,-3201],[-790,-2614],[-386,-675],[-4948,-3112],[-1030,-1125],[-1911,-1460],[-1106,-1722],[-1687,-1911],[-790,-138],[-2501,113],[-2118,-413],[-2189,57],[-1342,-2245],[133,-536]],[[375967,235753],[-1644,1455],[-838,-333],[-760,-1024],[-2380,-2081],[-2382,-677],[369,-2106],[-400,-1870],[276,-2543],[-180,-866],[502,-1879],[752,-1053],[-411,-1007],[-1539,-276],[-1,-974],[-1879,-1003],[534,-528],[-274,-1304],[-1355,-1498],[-786,-31],[-656,-763],[-71,-889],[-1927,-1272],[-974,-1173],[-1184,-996],[-580,-892],[-51,-931],[-1381,-1897],[-390,-980],[-939,-482],[-1988,969],[-1116,-349],[-1014,341],[-1620,116],[-326,-440],[-1887,-1140],[-645,-1982],[171,-3351],[-842,-40],[-1200,507],[-1151,-636],[-294,-1393],[-738,149],[-1705,-1287],[-1425,151],[202,-1676],[-1317,-954],[-842,1032],[-1492,-241],[-635,-1182],[-946,384],[158,1103],[544,815],[-261,1085],[-591,784],[-106,3317],[-608,1436],[-568,521],[14,1167],[-1079,739],[-2464,739],[-1122,146],[-456,399],[-1818,491],[-742,-1160],[-1511,-1650],[-1620,202],[-254,-767],[-782,-274],[-810,435],[-1679,272],[-366,1225],[-1924,1103],[-985,-180]],[[328021,298384],[962,414],[2370,-225],[946,869],[602,1514],[-223,1635],[495,1025],[4794,2355],[2084,-114],[1318,657],[2690,2199],[925,1202],[526,129],[1334,-694],[1500,-94],[1857,1346],[1251,434],[1782,77],[3631,834],[1008,-570],[1735,166],[1595,-464],[2841,-449],[2819,1035],[955,9],[841,-938],[1849,-348],[1426,773]],[[371934,311161],[2285,2945],[1394,1316],[2247,194],[953,1440],[449,28],[1253,-1589],[1939,-296],[884,-366],[1958,29],[1565,646],[2056,-95]],[[135674,453920],[1619,-665],[663,-1064],[-780,-1833],[-987,-971],[-2996,-1592],[-700,-811],[-337,-1570],[1158,-1690],[1664,-255],[4805,1806],[1480,-412],[1170,-1387],[72,-1211],[551,-1675],[1522,-1377],[1256,-2006],[2249,-655],[675,-1595],[-122,-1214],[-683,-727],[489,-1697],[-76,-2022],[2884,-1818],[540,23],[1437,993],[865,-122],[892,-953],[1202,209],[775,850],[659,1419],[1958,1523],[1310,61],[2209,-2372],[546,-281]],[[158195,306324],[-588,-495],[-1934,-247],[-1691,321],[-1885,-516],[-1468,184],[-679,-215],[-1196,461],[-1646,-113],[-762,473],[-1660,252],[-662,629],[-841,-49],[-939,858],[-783,127],[-2458,1979],[-918,100],[-2457,1721],[-1274,1445],[-1241,1001],[-1176,516],[-1207,-252],[-1990,1064],[-289,717],[-1502,-142],[-990,565],[-3012,167],[-724,302],[-952,1100],[-1399,-810],[-1595,324],[-666,490],[-820,-761],[-1590,128],[-707,-303],[-1742,-6],[-1047,782],[-864,-654],[411,-1018],[-339,-509],[61,-1517],[-1179,-1660],[-952,-429],[-747,-1161],[-271,-1483],[253,-1337],[-759,-673],[-484,-1305],[-169,-2586],[-1253,-1015],[-1019,-1191],[-387,-1787],[262,-1218],[-1902,-1384],[-1508,1393],[-2080,74],[-1423,1065],[-2434,664],[-1865,-355],[-2296,1330],[-1110,233],[-2409,-220],[-1487,-393],[-2121,-100],[-619,198],[-1614,-324],[-1129,160],[-1408,877],[-1623,-779],[-1731,2027],[-1566,-582],[-2707,1551],[-1065,161],[-434,615],[-2153,-416],[-1780,756],[-2013,65],[-2334,-1214],[-1588,111],[-1732,-717],[-1781,-459],[-609,-573],[-865,-1914],[-1961,-714],[-734,-870],[-2871,-1556],[-145,-664],[-1126,-1039],[-2060,-1150],[-316,-971],[-1131,-1079],[-2338,877],[-713,651],[-3215,4162],[-919,753],[-2394,3039],[-2227,850],[-1929,-195],[-1987,993],[-3465,2116],[-2239,754],[-1665,989],[-699,1083],[-1448,362],[-417,633],[-1932,396],[-1559,-132],[-543,2631],[-770,770],[-1064,16],[-714,-552],[-958,28],[-813,829],[-1724,4005],[-669,159],[-1657,1167],[-327,1753],[-2740,481],[-1046,-41],[-553,765],[-1337,957],[-478,874],[903,1799],[-669,1033],[-65,1443],[596,1964],[508,-2261],[2277,-845],[1537,-896],[2319,-1675],[2667,-2541],[978,-564],[1319,-1925],[2750,-2607],[2488,-1296],[3920,758],[696,-658],[1125,-2433],[2073,-404],[2798,-1071],[1096,-697],[211,-1927],[866,-1455],[1416,-1002],[1096,609],[351,1825],[-902,3600],[308,1298],[870,1442],[2023,34],[3642,-394],[728,165],[2130,1139],[668,1648],[478,1945],[950,1763],[1084,-349],[1924,-1659],[1984,103],[1365,1529],[211,2656],[98,2175],[872,1568],[1388,1399],[2609,1608],[3191,1235],[1025,931],[615,1496],[-78,1734],[729,1531],[76,2206],[1103,1140],[3233,509],[1304,352],[2057,1058],[1244,1068],[1326,689],[2744,2684],[1908,1205],[2339,654],[1539,-217],[929,363],[2156,95],[2253,-111],[1205,479],[2042,-545],[2638,438],[1707,-501],[2023,127],[1330,387],[919,1056],[1605,3061],[1672,1666],[1468,2320],[890,2964],[146,3646],[730,2763],[-278,1856],[-463,908],[3148,1838],[468,2874],[-905,1216],[701,579],[178,895],[-985,1277],[1004,2270],[682,665],[-659,1190],[1779,2859],[860,604],[-59,1355],[1423,520],[-1524,1289],[-859,340],[-1066,-252],[-775,764],[-1316,557],[-1121,-83],[-910,442],[-1307,2556],[189,1390],[-230,820],[96,2082],[-362,2183],[-1266,643],[-1217,1573],[-1156,936],[-2388,1340],[-400,1207],[231,611],[-1919,-150],[-547,2105],[567,1169],[651,237],[963,-646],[483,409],[130,1974],[1419,1040],[486,3411],[624,-110],[792,1431],[-200,3510],[446,918],[-858,1331],[1143,765],[302,764],[1201,1211],[-1190,470],[-1045,-364],[-996,766],[163,1129],[-615,977],[-2531,374],[-780,725],[-1993,-313],[-1785,384],[-3098,-3094],[-1042,-602],[-2005,408],[-1416,-765],[-906,-44],[-549,568],[-2098,1027],[-1516,458],[-1648,131],[-2328,3355],[494,407],[2177,-49],[656,766],[5507,-529],[948,728],[134,825],[891,1019],[239,816],[833,714],[694,2451],[745,314],[-35,1030],[468,744],[308,1448],[-418,1607],[1628,2506],[-603,931],[2243,2541],[82,2149],[767,1252],[446,107],[570,-1895],[1838,-81],[836,-622],[1202,362],[1368,-58],[1058,-781],[549,-1364],[711,-72],[1573,1559],[1612,-824],[665,122],[217,1597],[587,1409],[623,651],[1168,-164],[357,779],[-1601,1051],[-238,440],[1594,2212],[-40,2114],[763,1222],[1071,480],[834,1292],[-469,890],[680,1190],[687,471],[123,924],[863,942],[35,715],[904,521],[-289,740],[2728,2644]],[[114355,471391],[3179,-1349],[1413,-289],[475,-671],[-300,-981],[651,-1479],[618,-611],[2395,-808],[2151,206],[1630,-1096],[1172,-1067],[792,-2261],[336,-1883],[-71,-3652],[439,-979],[1358,-605],[1334,-934],[1443,-233],[1122,1006],[1182,215]],[[279020,391822],[1732,-2014],[919,-733],[2147,-193],[1154,-712],[2566,-2815],[243,-1285],[1127,-547],[340,-1780],[-43,-3314],[316,-2019],[483,-1230],[1618,-1366],[494,-1196],[6,-1355],[346,-1946],[-83,-1466],[-717,-1812],[-130,-2838],[599,-738],[966,-258],[466,-796],[-15,-3181],[-868,-2573],[118,-702]],[[292804,354953],[476,-817],[1422,-469],[815,-686],[184,-2294],[1777,-5285],[-44,-2354],[-262,-2360],[-1173,-3676],[-35,-782],[850,-1095]],[[271475,407071],[810,-810],[1801,-501],[1501,-891],[-381,-1104],[448,-2520],[525,-1225],[1427,-2198],[824,-834],[587,-2047],[-171,-2516],[174,-603]],[[265818,419808],[-568,-705],[1423,-2946],[3074,-2947],[1541,-2345],[-591,-2377],[778,-1417]],[[271475,407071],[-2008,-1482],[277,-1422],[-36,-1613],[-1061,-969],[-2064,146],[-1081,-3107],[-1085,-2595],[-729,-461],[-1045,-1588],[-889,448],[-777,-775],[-1056,-300],[-1290,-1272],[-399,720],[-1695,-27],[-367,-1171],[1192,-1286],[1408,-147],[478,-762],[-497,-1544],[241,-2202],[-520,-193],[-1557,584],[-657,-493],[-1320,-328],[-182,1575],[-396,694],[-1364,515],[-1013,-1175],[-1130,-624],[-1918,-1781],[-1205,235],[-1597,1097],[-829,1],[-170,848],[-1037,-132],[-478,981],[-745,199],[235,1404],[757,707],[-1049,909],[654,1103],[-1534,421],[-103,1190],[-1148,1432],[-709,-305],[-2762,272],[-912,626],[-1632,-56],[-1240,1339],[-2146,373],[-3125,-938],[-2622,275],[-1108,-401],[-771,685],[-1323,-2579],[-917,-307],[-975,-1065],[-530,-1238]],[[203752,453608],[1750,1634],[2413,577],[1991,-375],[1828,-1047],[2181,-1493],[1852,-1685],[1307,-363],[1551,-1134],[793,-887],[935,-374],[2285,-16],[1032,372],[3269,-1059],[4471,-2250],[2237,-449],[1270,42],[1872,-268],[1731,-1021],[2534,-702],[1572,-678],[1231,-1925],[1490,-641],[1086,-801],[2689,-825],[1588,-776],[105,-1303],[1384,-2527],[1350,-715],[1172,-1386],[537,-1174],[1753,-1808],[1637,-763],[2102,-171],[854,-583],[939,-1399],[2150,-2225],[904,-1252],[424,-2008],[-203,-342]],[[219914,391512],[-505,-1028],[38,-812],[-1546,-341],[-1502,-1707],[-299,-726],[-1002,-516],[-647,-1237],[-1629,-266],[-1055,-2562],[84,-678]],[[161214,395765],[207,654],[-864,2319],[-1011,1266],[-738,2267],[244,871],[-226,980],[-1773,1368],[-829,-116],[-69,3257],[-319,956],[433,778],[-791,2980],[287,1392],[-568,322],[-45,1352],[-1053,1242],[-56,1285],[1608,-852],[-73,1641],[1030,1082],[1472,-281],[868,289],[303,1033],[1495,-1502],[438,463],[228,1680],[-126,1164],[979,508],[461,939],[-447,1050],[455,1264],[909,1413]],[[163643,428829],[812,-14],[882,634],[820,1217],[1544,1623],[956,1484],[1158,601],[1401,-1011],[1896,48],[2175,763],[1886,1201],[1521,1474],[697,1360],[711,2359],[1973,2133],[1409,2314],[931,986],[1729,684],[2793,770],[1581,-225],[2420,2131],[912,305],[642,-546],[956,212],[2847,2546],[4184,1103],[1273,627]],[[203752,453608],[413,-1293],[1038,-254],[836,-1545],[759,652],[588,-1416],[-510,-1250],[-370,-2371],[-562,-657],[584,-1692],[-559,-3160],[-598,-1694],[1082,-2059],[1621,-577],[148,-2218],[628,-1466],[-999,-1210],[131,-1361],[1296,-95],[1245,-595],[343,-1305],[1133,-522],[778,-1506],[717,-2705],[941,-207],[92,-1134],[880,-410],[-536,-1045],[-195,-1230],[1511,-972],[680,-863],[207,-1543],[-416,-1094],[493,-1221],[0,-2446],[-276,-1921],[1032,-1628],[-1250,-2642],[286,-628],[-2055,-1198],[-131,-1103],[503,-4449],[844,-1218],[999,-733],[1523,-2742],[1288,-1370]],[[296814,335135],[443,-1371],[-20,-1791],[-456,-2404],[-1089,-2482],[168,-1522],[1208,-1819],[1116,-2754],[690,-3419],[371,-3798],[525,-1030],[1832,-1002],[443,-1410],[-60,-1593],[-549,-2186],[-537,-1320],[761,-977],[786,713],[1809,904],[1363,-368],[904,-1231],[687,-2181],[1613,-359],[2649,-895],[2910,-549],[616,-951],[2417,-1843],[1872,-8],[1278,819],[1121,220],[2337,-597],[1749,-844],[2250,1297]],[[328021,298384],[649,-1875],[-785,-1245],[658,-989],[1995,-1543],[1029,-2486],[1386,-2091],[658,-1906],[-410,-1988],[40,-1429],[-291,-752],[486,-1520],[-551,-659],[1232,-1388],[639,-1191],[-206,-945],[58,-1905],[628,-402],[-526,-940],[-210,-1271],[-638,-1049],[-99,-1757],[472,-2559],[-2002,737],[-1124,1021],[-676,1538],[-314,1598],[-105,2988],[-973,1178],[-1603,1038],[-998,28],[-859,-1673],[-966,-675],[-481,-3344],[-2499,-2345],[-2293,-1563],[-807,-196],[-1702,-4808],[-1361,802],[-1756,176],[-1371,1431],[-1310,845],[-1034,2466],[-663,542],[-1545,-287],[-3245,-85],[-1541,148],[-1323,944],[-1288,-1432],[-147,-2084],[1668,-3647],[109,-1006],[-761,-1228],[-1627,-1067],[767,-1841],[-561,-1365],[131,-1081],[635,-1378],[872,-1211],[742,-1550],[1144,-1294],[956,37],[1923,-2710],[-398,-1220],[218,-679],[2641,-168],[3206,-714],[2835,-960],[3010,-818],[63,-1493],[-484,-950],[22,-1592],[468,-4271],[-209,-1347],[414,-2029],[823,-2032],[317,-1822],[-249,-1795],[767,-1621],[-25,-838],[-671,-1007],[-33,-1680],[-1238,-1227],[-1858,-3952],[-727,-957],[217,-3805],[565,-369],[-343,-1989]],[[315578,206806],[-768,-123],[-1061,-1146],[-1433,-88],[-1159,-1293],[-1457,-244],[-1025,-1076],[-1457,-575],[-1160,-971],[-261,-785],[-1291,579],[-1601,-175],[-665,-1184],[-1329,-937],[-1169,449],[-530,-837],[-870,-418],[-1242,-1366],[-1630,374],[-1086,-1455],[-117,-874],[-670,-1147],[-1259,-502],[-292,-1192],[-590,156],[317,2218],[494,1397],[-338,1213],[-2161,1601],[-1087,-496],[-445,1376],[-642,91],[-657,825],[-430,2156],[-1169,389],[204,2207],[-827,1284],[-2573,10],[-662,-861],[-866,526],[-1234,-910],[-2500,-34],[-673,-1056],[-1342,-509],[-2121,753],[-492,-526],[-1215,-208],[-994,257],[-1289,-348],[35,-930],[-1094,-936],[-399,-2305],[-1972,-617],[-776,-1435],[-1700,-1755],[-890,-1372],[-3333,-1193],[-2979,790],[-576,622],[-2544,917],[-897,711],[-375,1249],[543,680],[-1005,1709],[56,747],[-1193,1472],[-858,363],[-390,-1048],[-1812,-2675],[-296,-996],[-1067,-1271],[-496,-1351],[-455,253],[-1682,-194],[-1314,-1063],[-983,484],[-242,1206],[-1739,2517],[-1096,616],[-1217,-382],[-2207,548],[-379,-908],[-1104,-1280],[-1461,-204],[-300,-2262],[-1222,151],[-1879,1618],[-1207,279],[-1088,648],[-1494,-645],[-1164,-2614],[-1912,957],[-1109,1287],[-189,820],[-837,1188],[-115,1417],[-845,289],[-1019,-1208],[-1529,-404],[-2284,156],[-1298,77],[-591,-725],[-683,2588],[-1201,553],[-54,1461],[-957,2193],[901,2405],[-1315,424],[-247,2010],[-1160,1215],[-1906,955],[-700,973],[-196,1361],[397,1350],[180,1951],[-583,1539],[955,2322],[117,1300],[-2047,617],[-1246,1278],[-2039,790],[-1667,222],[-1705,-73],[-1340,618],[-54,822],[714,1029],[773,500],[736,1075],[181,1159],[1267,1620],[279,797],[947,731],[1045,1419],[337,895],[833,483],[-10,1028],[516,1123],[1888,98],[-35,875],[534,969],[1282,1495],[425,925],[-20,1784],[315,606],[-415,1100],[471,1356],[-1230,-60],[-1074,461],[-1192,-351],[-1129,-1584],[-923,-361],[-769,1099],[300,1473],[-122,1529],[-955,1223],[-566,-473],[-2303,405],[-601,-1197],[-974,-200],[-629,-631],[-822,20]],[[222846,303608],[4098,2160],[2518,2694],[841,1270],[2414,1576],[1048,1621],[572,402],[2033,-780],[477,572],[1314,479],[283,1337],[665,830],[104,843],[1042,2229],[1307,1542],[1336,97],[1544,-1188],[1002,-339],[507,1362],[818,959],[184,802],[1079,2125],[-95,1062],[484,963],[-37,898],[539,1234],[1755,391],[1549,761],[1339,-389],[1807,627],[899,635],[1343,-224],[2113,570],[719,-303],[1587,1201],[2089,439],[1875,1370],[726,218],[369,-889],[2406,1347],[1267,1554],[2890,553],[2812,-57],[1450,745],[1389,-273],[266,-562],[1134,-325],[1488,1069],[521,894],[1157,577],[1069,-64],[2103,-1157],[2430,-22],[17,-770],[1080,-1118],[926,-312],[963,-1069],[1225,-811],[1906,834],[1222,1337]],[[161214,395765],[1571,-1167],[2927,-813],[1036,-864],[1761,-179],[1878,-769],[1177,-1758],[1220,-543],[791,-718],[1842,-414],[1010,-1083],[822,-1603],[745,-564],[1170,-50],[1062,473],[2872,-202],[2198,-697],[1737,-1850],[1301,-362],[1550,300],[1974,1334],[1909,779],[1693,-167],[971,1413],[120,1037],[816,201],[1882,1210],[1277,-25],[4686,-2692],[1760,-1412],[1071,-200],[3022,-1826],[786,-915]],[[211851,381639],[651,-747],[-706,-2003],[-802,-1264],[407,-1662],[-559,-1518],[-745,-797],[-244,-1667],[2223,-1305],[367,-584],[1800,-1129],[1626,-1534],[394,-1947],[-709,-2279],[871,-1018],[697,-1996],[-799,-1231],[-501,-1310],[1944,-1313],[291,-730],[805,-223],[980,-1513],[168,-1501],[-1061,-3275],[413,-1233],[747,-574],[-85,-1330],[-1122,-1989],[-508,-1868],[472,-1670],[-748,-1318],[758,-830],[-600,-2228],[777,-1764],[643,-299],[-867,-1949],[263,-1275],[710,-1187],[-796,-2191],[42,-1897],[-345,-1406],[1261,51],[228,-843],[1057,-1361],[1125,-119],[726,-492],[1141,-1354],[340,-1111],[-1204,-655],[-728,-1263],[-993,-423],[-196,-644],[1042,-857],[985,112],[957,-984],[244,-926],[-1491,-1890],[916,-2846],[-197,-933],[-841,-808],[77,-1429],[-306,-1702]],[[222846,303608],[-819,-1603],[-3108,-1134],[-938,-930],[-1020,-1678],[-538,-2656],[-554,133],[-1502,-469],[563,-1072],[-1156,-332],[-1451,595],[-1056,42],[-607,-475],[-1005,355],[-1553,-99],[-671,260],[-1194,-398],[-539,-1823],[426,-2116],[1162,-3083],[-1122,-990],[-92,-691],[1026,-2770],[-1951,-2332],[-1572,-783],[-1381,-133],[-223,-1481],[-897,-1954],[-1061,-463],[-1064,-2618],[290,-1335],[-403,-941],[-617,-3521],[58,-1211],[-643,-1827],[238,-809],[-1433,-812],[-475,-1111],[652,-818],[200,-1623],[-232,-1176],[-850,-212],[-683,-864],[-208,-5132],[-321,-1122],[-1220,-235],[-438,-767],[435,-771]],[[193299,248623],[-1404,-1676],[-162,-1018],[-2331,769],[-1777,384],[-589,-497],[-1099,731],[212,1264],[-2673,1249],[161,1951],[2003,2058],[141,801],[-776,464],[1113,1515],[1921,-1436],[154,757],[2412,2150],[-510,1639],[1055,718],[710,1970],[908,1343],[1465,682],[-76,1536],[-738,1713],[348,1211],[-363,1084],[1287,2220],[203,1325],[-1576,819],[502,1083],[-204,686],[-1002,564],[-1601,302],[-2401,-254],[-1034,-490],[-1114,-2007],[-1380,-312],[-3190,167],[-1104,445],[-1560,-459],[-1498,129],[628,1516],[-526,1610],[145,638],[-729,2090],[-602,761],[-861,23],[-351,-1045],[-1004,-769],[-880,1558],[538,1136],[-384,920],[-981,-215],[-1458,338],[-421,717],[222,1235],[-292,2438],[-353,873],[-2019,777],[-1823,-540],[-1712,1953],[551,327],[-713,1859],[-1063,625],[-1421,1759],[-907,507],[-2063,458],[-1056,1782],[789,663],[-753,936],[-1089,3997],[1330,2146],[-279,1048]],[[158195,306324],[-956,2264],[23,992],[-402,1369],[878,2027],[228,1121],[-1083,498],[-91,635],[1261,578],[4079,5],[2231,1131],[-537,996],[-2836,2704],[-725,1439],[-2418,2869],[-304,542],[-305,2229],[-792,560],[-2092,652],[-556,632],[-276,1462],[848,2156],[765,964],[-531,817],[668,1069],[964,915],[1833,712],[2391,3197],[1491,3007],[1746,84],[-1118,983],[-716,1137],[-336,1328],[-1029,1189],[-1840,1586],[-1509,819],[-558,-135],[-1117,582],[-634,1190],[-1353,823],[491,727],[-848,1487],[-1128,1037],[-1498,76],[-774,994],[61,908],[-1063,1773],[-1822,510],[-21,1685],[984,1809],[-235,1083],[-1135,76],[152,955],[-965,-61],[-441,1845],[-637,459],[-827,-184],[-822,756],[-480,1488],[2885,1384],[1129,2608],[500,-540],[1299,-521],[1319,-2370],[805,732],[524,2693],[1097,2133],[928,1319],[-1256,-50],[8,1546],[-373,435],[370,2149],[-553,1026],[103,1007],[-546,1253],[-967,5349],[-120,2818],[881,1340],[1686,-82],[1936,-1236],[3382,1644],[1357,863],[2341,-610]],[[417481,205669],[-1084,-1057],[-2251,-109],[-658,919],[-682,-632],[48,-1029],[-1973,-1748],[-789,-915],[-936,534],[-802,-429],[-212,-2526],[-1360,871],[-1751,1955],[-425,1233],[244,2521]],[[404850,205257],[1788,-434],[637,3632],[658,1558],[-72,635],[1006,1080],[-565,1263],[1230,1459],[486,1566],[1735,-557],[7626,-3427]],[[419379,212032],[135,-1710],[-467,-2247],[-1566,-2406]]]}