<?xml version="1.0" encoding="utf-8" ?>
<kml xmlns="http://www.opengis.net/kml/2.2">
<Document id="root_doc">
<Schema name="lumbini" id="lumbini">
	<SimpleField name="STATE_CODE" type="string"></SimpleField>
	<SimpleField name="DISTRICT" type="string"></SimpleField>
	<SimpleField name="GaPa_NaPa" type="string"></SimpleField>
	<SimpleField name="Type_GN" type="string"></SimpleField>
	<SimpleField name="Province" type="string"></SimpleField>
</Schema>
<Folder><name>lumbini</name>
  <Placemark id="lumbini.1">
	<name>5</name>
	<description>GULMI</description>
	<Style><LineStyle><color>ff0000ff</color></LineStyle><PolyStyle><fill>0</fill></PolyStyle></Style>
	<ExtendedData><SchemaData schemaUrl="#lumbini">
		<SimpleData name="STATE_CODE">0</SimpleData>
		<SimpleData name="DISTRICT">Gaunpalika</SimpleData>
		<SimpleData name="GaPa_NaPa">5</SimpleData>
	</SchemaData></ExtendedData>
      <Polygon><outerBoundaryIs><LinearRing><coordinates>83.4949844540001,28.1150355820001 83.4910838280001,28.1132703320001 83.487682454,28.1132305830001 83.4858015790001,28.116213083 83.482414266,28.1175496450001 83.479852141,28.1172759580001 83.4761154540001,28.118931332 83.478116454,28.1214840820001 83.4796448290001,28.126146895 83.4802665780001,28.1299622700001 83.475720891,28.132153832 83.473504453,28.1315226450001 83.4689083910001,28.131958395 83.4676713920001,28.130599832 83.464623079,28.1297847700001 83.463244391,28.130122332 83.460460266,28.1323292700001 83.458161391,28.131604958 83.4554407030001,28.1292363950001 83.453155892,28.1262603320001 83.447255516,28.124914458 83.445626454,28.1257449570001 83.4441449540001,28.128071957 83.440764829,28.130849207 83.4378736410001,28.129219645 83.4356340790001,28.1295308320001 83.4332393290001,28.1289388320001 83.4314883910001,28.127212333 83.4286142660001,28.1258308320001 83.4257178280001,28.1256720820001 83.4221734530001,28.1280262700001 83.4221853290001,28.130853395 83.420535516,28.1364442070001 83.4156193910001,28.137630395 83.413532203,28.1404847700001 83.4132540790001,28.14391977 83.4092868920001,28.1453692700001 83.408140141,28.1483132700001 83.4060982660001,28.1487037700001 83.402427204,28.1503281450001 83.400568391,28.152479145 83.396787079,28.1557499580001 83.395765828,28.160244457 83.3931480160001,28.1642399580001 83.3919356420001,28.1673572070001 83.3864120790001,28.163639082 83.382592829,28.1636219580001 83.3781100790001,28.1626495200001 83.3720824540001,28.15763127 83.3702146420001,28.15694577 83.366837891,28.157437895 83.365970454,28.156495207 83.3622757030001,28.156782707 83.358245954,28.1584267700001 83.352005203,28.158875708 83.3507073910001,28.160514333 83.3466892660001,28.1593490820001 83.340382891,28.16000927 83.3386212660001,28.15946602 83.3421829530001,28.156768958 83.344671953,28.1533040200001 83.3453720160001,28.1506337070001 83.3503074540001,28.153443645 83.3511483290001,28.15304602 83.3520862030001,28.1500722700001 83.352094703,28.1480845200001 83.3528902030001,28.143160707 83.352478078,28.139147145 83.3508675160001,28.1346518330001 83.3507912040001,28.1327404580001 83.353250141,28.1290518320001 83.3539843280001,28.1253167080001 83.3558377030001,28.120641457 83.358444391,28.1197241450001 83.360168641,28.1175323320001 83.3595102040001,28.1124369570001 83.3568085790001,28.110409458 83.354267516,28.1101628330001 83.3514696410001,28.10866952 83.3481366410001,28.1081054570001 83.3473582660001,28.107061645 83.3419772660001,28.105280583 83.3415811410001,28.10341952 83.340333329,28.102120708 83.337542516,28.101410082 83.333751641,28.1033433330001 83.3305143910001,28.10239577 83.3337263290001,28.0990428320001 83.3384558920001,28.0976397700001 83.338241516,28.0964519570001 83.335243641,28.0941698950001 83.335701891,28.090507958 83.340556516,28.090445645 83.3419317660001,28.089585895 83.343327516,28.0842723320001 83.3443995160001,28.082339333 83.3460000160001,28.080986395 83.3478463910001,28.07803052 83.3486728290001,28.0754058950001 83.3484508910001,28.0723430830001 83.3490302660001,28.0702317070001 83.349108266,28.0672695820001 83.3505064540001,28.065186957 83.352265016,28.0645634580001 83.3587739540001,28.065900395 83.3617197660001,28.061794207 83.3658539530001,28.05980077 83.3685508290001,28.0560858330001 83.3681097030001,28.0527987080001 83.368879828,28.0517485190001 83.369255954,28.0514705200001 83.3808477030001,28.0470807080001 83.382869204,28.04654377 83.3866542660001,28.047260082 83.3859215160001,28.052064957 83.386037704,28.056011707 83.390504579,28.0599259580001 83.394132454,28.061442395 83.395091016,28.06292452 83.3984263290001,28.065389457 83.4007807040001,28.0663925200001 83.4024452040001,28.0692133330001 83.402460391,28.0723925200001 83.4017405160001,28.0756474570001 83.4021215160001,28.077034457 83.400106329,28.0797760200001 83.3978058920001,28.0808602700001 83.3954873910001,28.0842435820001 83.396580704,28.0861887070001 83.3979495790001,28.086456458 83.3997731410001,28.0884589570001 83.402724204,28.08844477 83.4114067660001,28.0889877070001 83.4155913910001,28.0900367080001 83.4200740160001,28.092415832 83.4229844540001,28.095995207 83.424807704,28.095010083 83.4253091410001,28.0918106450001 83.427723454,28.0899411450001 83.4296827030001,28.0893627080001 83.4367529530001,28.08863152 83.4377667040001,28.0879903950001 83.446499266,28.0869857700001 83.4520949530001,28.0856725200001 83.4536628920001,28.0832126450001 83.4553273290001,28.081712082 83.457816703,28.080636645 83.4601258920001,28.081063145 83.4620373290001,28.082435708 83.4637931410001,28.0852358330001 83.465196329,28.0857332080001 83.4680468920001,28.08797127 83.470657079,28.089055332 83.4741438290001,28.092209457 83.478784079,28.090523707 83.4810342040001,28.088867083 83.4832047040001,28.08510727 83.4882448910001,28.0836618320001 83.489645141,28.081045207 83.4920217660001,28.078919582 83.495605454,28.0798601450001 83.498529079,28.079275207 83.5018133290001,28.0795015200001 83.5030207660001,28.0800835200001 83.5071091410001,28.080059895 83.5111020780001,28.0836345820001 83.509438829,28.087139457 83.5032280780001,28.0941635200001 83.503039953,28.09530677 83.5070942040001,28.098996895 83.5076790780001,28.10151927 83.5043152040001,28.1063468950001 83.5014256410001,28.10718252 83.4984762670001,28.109854457 83.4976284540001,28.1127461450001 83.4949844540001,28.1150355820001</coordinates></LinearRing></outerBoundaryIs></Polygon>
  </Placemark>
  <Placemark id="lumbini.2">
	<name>5</name>
	<description>GULMI</description>
	<Style><LineStyle><color>ff0000ff</color></LineStyle><PolyStyle><fill>0</fill></PolyStyle></Style>
	<ExtendedData><SchemaData schemaUrl="#lumbini">
		<SimpleData name="STATE_CODE">0</SimpleData>
		<SimpleData name="DISTRICT">Gaunpalika</SimpleData>
		<SimpleData name="GaPa_NaPa">5</SimpleData>
	</SchemaData></ExtendedData>
      <Polygon><outerBoundaryIs><LinearRing><coordinates>83.3866542660001,28.047260082 83.382869204,28.04654377 83.3808477030001,28.0470807080001 83.369255954,28.0514705200001 83.368879828,28.0517485190001 83.3682871410001,28.0490902070001 83.365072641,28.048080332 83.3598054540001,28.0489990830001 83.3577087030001,28.0504016450001 83.354523767,28.0512147700001 83.352263328,28.0498819580001 83.3474041410001,28.045757082 83.3450955160001,28.0447104580001 83.3447954540001,28.043483832 83.3428058280001,28.041542957 83.342339828,28.039968145 83.340944703,28.039641083 83.3392853290001,28.0358967070001 83.3404103920001,28.0336932070001 83.3398355780001,28.02787377 83.3405073910001,28.0248197700001 83.3418843910001,28.0228679580001 83.3423780790001,28.019138395 83.3447699530001,28.0162143950001 83.347059266,28.01171952 83.347109016,28.00974777 83.3443456410001,28.0082432080001 83.3414237040001,28.0079043320001 83.3377440780001,28.008565832 83.334819204,28.010043082 83.331620016,28.0104449580001 83.3311527660001,28.0093258320001 83.3269097660001,28.0050001450001 83.3253881410001,28.000416957 83.323092016,27.9975041450001 83.322001329,27.99463102 83.3182835160001,27.9959618940001 83.3150527660001,27.995079457 83.314155391,27.9939332700001 83.313083954,27.9903156450001 83.3110008290001,27.9875209580001 83.3133461410001,27.9850936450001 83.3126692660001,27.9837613330001 83.3134705160001,27.9793543320001 83.3127534530001,27.97874827 83.3129915160001,27.975324458 83.312216391,27.9727642070001 83.3123592040001,27.970528895 83.3103360160001,27.9670667070001 83.3080786410001,27.9660671440001 83.3055669540001,27.9657521450001 83.3051910170001,27.964443832 83.3033378280001,27.964175019 83.3029923290001,27.9628330200001 83.300982516,27.9596188950001 83.3026096410001,27.9573731450001 83.3046658280001,27.95611102 83.3045891410001,27.9548086450001 83.3028931410001,27.9527085820001 83.3000712030001,27.9517353320001 83.2992202660001,27.950361458 83.2950630780001,27.9502409570001 83.294666266,27.949717707 83.2952179530001,27.945555395 83.2928547660001,27.943442707 83.287849141,27.943669583 83.2859657660001,27.9422180830001 83.285266828,27.94080652 83.2849657660001,27.9371836450001 83.281512391,27.9356043330001 83.2806031410001,27.9312787690001 83.2818357660001,27.927514957 83.2838210780001,27.925600644 83.289342579,27.92448302 83.2934167660001,27.9244295820001 83.2958575790001,27.9250896450001 83.2988117660001,27.926810457 83.3016682040001,27.92631277 83.304180891,27.926666207 83.3070569540001,27.9280615820001 83.3098887030001,27.927696708 83.3109642030001,27.9259557070001 83.3152952040001,27.92506352 83.3195492670001,27.923766895 83.3223103300001,27.9218288330001 83.323862767,27.9217823330001 83.3272517680001,27.9206233960001 83.329897079,27.920846082 83.3360631410001,27.9225343320001 83.3374513300001,27.922139395 83.3401948280001,27.9227662700001 83.341357578,27.925562896 83.3436015790001,27.9262166460001 83.3461832670001,27.9262650200001 83.3470360790001,27.9274672080001 83.3482161410001,27.9311054570001 83.3487067670001,27.9365093330001 83.3453160170001,27.9387022080001 83.3446206420001,27.939838395 83.3446675800001,27.943166583 83.3465892670001,27.94641577 83.34705583,27.9493128330001 83.349574767,27.950182145 83.355276642,27.95292777 83.3566260790001,27.9540825830001 83.3583759540001,27.9520871450001 83.3629333910001,27.951483271 83.365136641,27.9529149580001 83.3682269550001,27.95421752 83.3719748290001,27.956942208 83.373519828,27.95766002 83.3765100780001,27.957833771 83.37986183,27.9586792700001 83.3790129540001,27.9568162080001 83.3812752050001,27.95642702 83.3852235780001,27.9548450200001 83.387671266,27.952371708 83.3888576420001,27.951918957 83.3900980160001,27.9497629570001 83.3935705800001,27.94852152 83.394935079,27.9471511450001 83.397658516,27.9486612700001 83.3995315160001,27.9519298320001 83.3991548290001,27.95364977 83.3957507040001,27.957651082 83.3940530790001,27.9606851450001 83.392887392,27.9612327070001 83.3920930790001,27.9642730200001 83.3910481410001,27.9661614570001 83.3884271420001,27.9687874570001 83.384881578,27.9745477700001 83.385439454,27.9781897070001 83.385253704,27.9802962700001 83.386204579,27.983059957 83.388001516,27.984814332 83.3884418910001,27.9866167690001 83.3877536410001,27.9898876450001 83.388042204,27.99189927 83.3835568910001,27.9964302070001 83.3814408280001,27.997393145 83.376138703,27.998314582 83.3755098280001,27.998981832 83.3754814530001,28.0033476450001 83.3773805160001,28.0059464570001 83.3775065790001,28.009387895 83.376970579,28.012081707 83.3760120160001,28.013683832 83.3759104540001,28.015806582 83.376976454,28.0171899580001 83.380162329,28.017014832 83.3808733910001,28.0183853950001 83.383494704,28.017395333 83.385129641,28.0174997080001 83.3873632030001,28.015102207 83.3904524530001,28.0163794580001 83.3923011410001,28.017879082 83.394885016,28.0179310830001 83.3963657030001,28.016965145 83.3997851410001,28.0172508320001 83.4037273910001,28.019621332 83.4068762030001,28.019959832 83.4078290160001,28.023504082 83.409276892,28.027043645 83.4089965160001,28.0301900200001 83.4125112040001,28.0323936450001 83.413966454,28.033850645 83.4121599540001,28.035729207 83.4087167040001,28.03706377 83.405163579,28.03720852 83.4015719540001,28.03972452 83.4000934530001,28.0414395830001 83.396586579,28.042732895 83.3936823280001,28.04521327 83.3910247030001,28.0466726450001 83.3866542660001,28.047260082</coordinates></LinearRing></outerBoundaryIs></Polygon>
  </Placemark>
  <Placemark id="lumbini.3">
	<name>5</name>
	<description>GULMI</description>
	<Style><LineStyle><color>ff0000ff</color></LineStyle><PolyStyle><fill>0</fill></PolyStyle></Style>
	<ExtendedData><SchemaData schemaUrl="#lumbini">
		<SimpleData name="STATE_CODE">0</SimpleData>
		<SimpleData name="DISTRICT">Gaunpalika</SimpleData>
		<SimpleData name="GaPa_NaPa">5</SimpleData>
	</SchemaData></ExtendedData>
      <Polygon><outerBoundaryIs><LinearRing><coordinates>83.1265538280001,28.175682082 83.1235982040001,28.174447145 83.119197516,28.174935583 83.1163162660001,28.1761669580001 83.1135812040001,28.1761357080001 83.1087913280001,28.176646083 83.1061182660001,28.176396207 83.1041486410001,28.1749575200001 83.1019723910001,28.1715928950001 83.101404078,28.166711333 83.1022396400001,28.1653540830001 83.105749954,28.1627779570001 83.1049324530001,28.161700958 83.105093765,28.1596827700001 83.1063580790001,28.1596075200001 83.107102829,28.15725702 83.1086980160001,28.159223395 83.1098263910001,28.157919957 83.1097911410001,28.1557966450001 83.1111523280001,28.155467082 83.112232829,28.15676002 83.1137000160001,28.15499852 83.1107598280001,28.1527097700001 83.1114257030001,28.1512655830001 83.1099775160001,28.14853527 83.107134516,28.1474518950001 83.1077260160001,28.1454612700001 83.110003266,28.14511502 83.114706078,28.1413619570001 83.11683614,28.136757333 83.119144453,28.1341460200001 83.1162734530001,28.13348452 83.1181822030001,28.12992977 83.1185725160001,28.12826277 83.1205418280001,28.1268540200001 83.1207854530001,28.1243308950001 83.1240010160001,28.122417957 83.1227100780001,28.1206227700001 83.1252688280001,28.1148812700001 83.120949329,28.1143822080001 83.1199838910001,28.1136066450001 83.1168803910001,28.11289177 83.115435828,28.11162352 83.1117279530001,28.1102955200001 83.1104570780001,28.11147177 83.1087641410001,28.1115171450001 83.1040813280001,28.113307395 83.1004538280001,28.112277394 83.098120453,28.110285645 83.0944195160001,28.110211645 83.089961891,28.1108950820001 83.0874387040001,28.1107181450001 83.084371828,28.107227708 83.0789738280001,28.1067042070001 83.074382266,28.106799645 83.072353891,28.1079501450001 83.0685627650001,28.1053365820001 83.068156829,28.1030957080001 83.068508266,28.09820452 83.069195828,28.0961831450001 83.073444141,28.0919342070001 83.0763940160001,28.090695145 83.0800592030001,28.0930007700001 83.0852010780001,28.0952258950001 83.0871995780001,28.096430458 83.0886583910001,28.096063332 83.0922836410001,28.097206457 83.0966820780001,28.0959697700001 83.100719015,28.0944372700001 83.1011022650001,28.092490458 83.0989653280001,28.0901367700001 83.0982951410001,28.0865337700001 83.098938579,28.0842434570001 83.098386578,28.081983645 83.102377641,28.0791737700001 83.104264141,28.0770495200001 83.112221016,28.081426333 83.1168292030001,28.0810296450001 83.122195515,28.083015645 83.1247893290001,28.084715332 83.1276407660001,28.083984458 83.128462954,28.0783424580001 83.1285497650001,28.0752317070001 83.127261891,28.073815645 83.1262726410001,28.0706393940001 83.127316453,28.069150145 83.129345641,28.067858895 83.1335254530001,28.066125583 83.1366078290001,28.0655538950001 83.137291454,28.063881832 83.1395552660001,28.0620414580001 83.150143954,28.0608032700001 83.1523424530001,28.0595917700001 83.158178266,28.0610897080001 83.1603373280001,28.065391957 83.1641903280001,28.068104895 83.1662999530001,28.0688509570001 83.1695292030001,28.0727760820001 83.171540641,28.0738643330001 83.173213703,28.0788313950001 83.1769772660001,28.080146832 83.1808600160001,28.084129707 83.181393078,28.0854640200001 83.185885828,28.0874672080001 83.186643641,28.085569708 83.1883859540001,28.083594582 83.190510891,28.083634207 83.194943579,28.0827465200001 83.1969693290001,28.079960645 83.1975435790001,28.076886583 83.1971845790001,28.074109332 83.202909391,28.0724550200001 83.2042355780001,28.0752198320001 83.2062222040001,28.0768377700001 83.203097266,28.0830084570001 83.205180016,28.0849743950001 83.2069562660001,28.087768833 83.2058242030001,28.089531208 83.206036328,28.0909109570001 83.2042406410001,28.095191895 83.2047552660001,28.0978188330001 83.204168828,28.0999588330001 83.207800766,28.1012207700001 83.211824828,28.10035952 83.2128985780001,28.104280208 83.2119733280001,28.105628645 83.212105953,28.108111207 83.210395266,28.11015902 83.209207516,28.1102469570001 83.206714391,28.1124865200001 83.205325891,28.1145610200001 83.2074848290001,28.116816145 83.204300453,28.12329327 83.2007288280001,28.123762082 83.194011016,28.120097082 83.186079953,28.1196012070001 83.1851281410001,28.1220886450001 83.1849548910001,28.1256862700001 83.1814958910001,28.1254310200001 83.180502141,28.1278798320001 83.182141329,28.1296223950001 83.1817172660001,28.130793082 83.1818612660001,28.1354191450001 83.180347016,28.1384040200001 83.1776165160001,28.13860427 83.175577828,28.1363854580001 83.173872954,28.1330811450001 83.1709409530001,28.1300492070001 83.1684058910001,28.130060895 83.164657891,28.1309970200001 83.162532141,28.1308983330001 83.1617531410001,28.133413707 83.162142079,28.1351939580001 83.1600874530001,28.136453895 83.1584093280001,28.1386727070001 83.1596250160001,28.1394878950001 83.1564913290001,28.1431439570001 83.1551153280001,28.14718077 83.1537668290001,28.1486750820001 83.150456266,28.1508182700001 83.1488818280001,28.153306082 83.1484060780001,28.1555570830001 83.146997641,28.1585805820001 83.146999828,28.160338145 83.144229641,28.1618573330001 83.141120641,28.1624357700001 83.1372189530001,28.16113427 83.1361857040001,28.162670957 83.136120266,28.16431527 83.1337825150001,28.163601145 83.1323480790001,28.1645622080001 83.1319976400001,28.1681517700001 83.1333133910001,28.171185645 83.1297570790001,28.1745315200001 83.1265538280001,28.175682082</coordinates></LinearRing></outerBoundaryIs></Polygon>
  </Placemark>
  <Placemark id="lumbini.4">
	<name>5</name>
	<description>GULMI</description>
	<Style><LineStyle><color>ff0000ff</color></LineStyle><PolyStyle><fill>0</fill></PolyStyle></Style>
	<ExtendedData><SchemaData schemaUrl="#lumbini">
		<SimpleData name="STATE_CODE">0</SimpleData>
		<SimpleData name="DISTRICT">Gaunpalika</SimpleData>
		<SimpleData name="GaPa_NaPa">5</SimpleData>
	</SchemaData></ExtendedData>
      <Polygon><outerBoundaryIs><LinearRing><coordinates>83.368879828,28.0517485190001 83.3681097030001,28.0527987080001 83.3685508290001,28.0560858330001 83.3658539530001,28.05980077 83.3617197660001,28.061794207 83.3587739540001,28.065900395 83.352265016,28.0645634580001 83.3505064540001,28.065186957 83.349108266,28.0672695820001 83.3490302660001,28.0702317070001 83.3484508910001,28.0723430830001 83.3486728290001,28.0754058950001 83.3478463910001,28.07803052 83.3460000160001,28.080986395 83.3443995160001,28.082339333 83.343327516,28.0842723320001 83.3419317660001,28.089585895 83.340556516,28.090445645 83.335701891,28.090507958 83.335243641,28.0941698950001 83.338241516,28.0964519570001 83.3384558920001,28.0976397700001 83.3337263290001,28.0990428320001 83.3305143910001,28.10239577 83.3302969540001,28.103712332 83.3315426410001,28.1063672700001 83.333653703,28.107604957 83.334004829,28.109673333 83.3333335790001,28.111842832 83.3315950160001,28.114282395 83.328703454,28.1157100200001 83.328156516,28.1125666450001 83.3248625780001,28.1099760820001 83.3239872030001,28.107133457 83.320626141,28.101101708 83.315471766,28.0989597080001 83.314253454,28.0948337070001 83.3149838910001,28.09254952 83.314410954,28.0896745200001 83.3161139540001,28.087273333 83.3161423290001,28.085802395 83.3142070790001,28.0832678950001 83.3107690160001,28.0814773320001 83.309134016,28.0801537070001 83.3045411410001,28.08147977 83.301016141,28.0810241450001 83.2982681410001,28.079320207 83.2979768910001,28.0811304580001 83.293869516,28.081910395 83.2933786410001,28.0840241450001 83.290817454,28.0827045820001 83.288950953,28.0806417700001 83.2886998280001,28.074541895 83.2844722660001,28.066760645 83.282104829,28.0641671450001 83.285247579,28.0647228330001 83.2832088910001,28.060833707 83.2856890790001,28.0557587700001 83.2863195790001,28.0518023320001 83.289323079,28.0474272700001 83.2906210780001,28.043422332 83.287144954,28.0432080200001 83.284873266,28.0420568320001 83.2791578910001,28.04024902 83.2794007040001,28.03816327 83.2818862660001,28.0347963950001 83.2813300780001,28.031966395 83.281504828,28.030015645 83.2790853290001,28.0278640830001 83.2789856410001,28.0220717080001 83.277461203,28.0211431450001 83.274785953,28.021632208 83.273615266,28.0202700200001 83.2749315790001,28.018203457 83.2750500160001,28.0149032080001 83.2713922660001,28.0155245820001 83.268951391,28.0149227700001 83.2682932660001,28.011196457 83.2699369540001,28.005963894 83.269690891,28.003814645 83.270554641,28.0004055200001 83.2731270780001,27.99840427 83.270694641,27.996656333 83.2657318290001,27.996104207 83.2659130790001,27.993273582 83.2645561410001,27.9906264570001 83.2648820780001,27.9887735830001 83.2656012030001,27.9858375200001 83.2671282040001,27.9851394570001 83.2687100160001,27.983081145 83.2705710160001,27.98282927 83.2722126410001,27.980085332 83.275966204,27.9756354570001 83.2794610160001,27.972064082 83.279704016,27.97005727 83.2821592660001,27.9675363330001 83.2868738290001,27.9678744570001 83.288417704,27.9673499570001 83.290261016,27.9678062080001 83.2917486410001,27.966933957 83.294812016,27.966875208 83.298979204,27.9681577700001 83.303049328,27.9673526440001 83.3033378280001,27.964175019 83.3051910170001,27.964443832 83.3055669540001,27.9657521450001 83.3080786410001,27.9660671440001 83.3103360160001,27.9670667070001 83.3123592040001,27.970528895 83.312216391,27.9727642070001 83.3129915160001,27.975324458 83.3127534530001,27.97874827 83.3134705160001,27.9793543320001 83.3126692660001,27.9837613330001 83.3133461410001,27.9850936450001 83.3110008290001,27.9875209580001 83.313083954,27.9903156450001 83.314155391,27.9939332700001 83.3150527660001,27.995079457 83.3182835160001,27.9959618940001 83.322001329,27.99463102 83.323092016,27.9975041450001 83.3253881410001,28.000416957 83.3269097660001,28.0050001450001 83.3311527660001,28.0093258320001 83.331620016,28.0104449580001 83.334819204,28.010043082 83.3377440780001,28.008565832 83.3414237040001,28.0079043320001 83.3443456410001,28.0082432080001 83.347109016,28.00974777 83.347059266,28.01171952 83.3447699530001,28.0162143950001 83.3423780790001,28.019138395 83.3418843910001,28.0228679580001 83.3405073910001,28.0248197700001 83.3398355780001,28.02787377 83.3404103920001,28.0336932070001 83.3392853290001,28.0358967070001 83.340944703,28.039641083 83.342339828,28.039968145 83.3428058280001,28.041542957 83.3447954540001,28.043483832 83.3450955160001,28.0447104580001 83.3474041410001,28.045757082 83.352263328,28.0498819580001 83.354523767,28.0512147700001 83.3577087030001,28.0504016450001 83.3598054540001,28.0489990830001 83.365072641,28.048080332 83.3682871410001,28.0490902070001 83.368879828,28.0517485190001</coordinates></LinearRing></outerBoundaryIs></Polygon>
  </Placemark>
  <Placemark id="lumbini.5">
	<name>5</name>
	<description>GULMI</description>
	<Style><LineStyle><color>ff0000ff</color></LineStyle><PolyStyle><fill>0</fill></PolyStyle></Style>
	<ExtendedData><SchemaData schemaUrl="#lumbini">
		<SimpleData name="STATE_CODE">0</SimpleData>
		<SimpleData name="DISTRICT">Gaunpalika</SimpleData>
		<SimpleData name="GaPa_NaPa">5</SimpleData>
	</SchemaData></ExtendedData>
      <Polygon><outerBoundaryIs><LinearRing><coordinates>83.2607101410001,28.1147714580001 83.259055516,28.1156830200001 83.258717516,28.1176463950001 83.2572362660001,28.11733602 83.256116391,28.1196132700001 83.257943954,28.119851145 83.2598402670001,28.1210074570001 83.260391204,28.1238442700001 83.2615003280001,28.1256393950001 83.2604752030001,28.127459082 83.2604992030001,28.1301577080001 83.259145953,28.132228395 83.257514454,28.1391528950001 83.2547200160001,28.142768082 83.2532957660001,28.1436965820001 83.252153766,28.1496986450001 83.249597641,28.1516994570001 83.249189266,28.157188832 83.2480954540001,28.1594255200001 83.2483762040001,28.1621051450001 83.249725079,28.165860083 83.2513578290001,28.171931457 83.249369641,28.175618458 83.2457183290001,28.1771552070001 83.2443092660001,28.1783365200001 83.243386828,28.1806484570001 83.2449388910001,28.183220083 83.245353891,28.1852303950001 83.2437731410001,28.1863158950001 83.243569203,28.1876143320001 83.2410316410001,28.1899016450001 83.240372016,28.191621707 83.2383387660001,28.1927068950001 83.237172328,28.195897458 83.238943829,28.197933332 83.2385417660001,28.1997676450001 83.2396122660001,28.200594833 83.2389514530001,28.2024682700001 83.2378485790001,28.203019458 83.2351123290001,28.2072548950001 83.233415016,28.2092623950001 83.229967829,28.212115145 83.227934954,28.213261145 83.2271195160001,28.2152577700001 83.2233734530001,28.211441645 83.2183344540001,28.21215977 83.215192266,28.214555895 83.2143552030001,28.2165139580001 83.211543453,28.216028457 83.2065940790001,28.2142828950001 83.204593641,28.21435927 83.203957766,28.215309957 83.200226204,28.2155612070001 83.200925516,28.21986552 83.2040006410001,28.2220697070001 83.2043151410001,28.22444052 83.2060658280001,28.227455895 83.206370328,28.228910645 83.2079390160001,28.2309683330001 83.2060517040001,28.2319433320001 83.2046083280001,28.233552645 83.2021407030001,28.232689958 83.1986627030001,28.229946457 83.1944365160001,28.228398645 83.1934371410001,28.225658207 83.190821891,28.224564333 83.1913723910001,28.2219911450001 83.191128328,28.21918077 83.1918908910001,28.2168591450001 83.1908033280001,28.2143077700001 83.1919427660001,28.2128479580001 83.190990141,28.209841645 83.1913578910001,28.2080682070001 83.1951903290001,28.2025270820001 83.1954729540001,28.2001620200001 83.1929616410001,28.1997568950001 83.1905802030001,28.1971956450001 83.1904720160001,28.19520727 83.1885622660001,28.192766083 83.1863033910001,28.1908732700001 83.1848433910001,28.188624207 83.1852173290001,28.183683145 83.187168141,28.182135707 83.187956704,28.1786681450001 83.1877353290001,28.1772138320001 83.185740078,28.17480827 83.1861943910001,28.1704564570001 83.1854490160001,28.16781002 83.1831395780001,28.16469177 83.1820461410001,28.1644686450001 83.1796141410001,28.1587865830001 83.178240266,28.1566327080001 83.175308703,28.157519832 83.1745257030001,28.1563644570001 83.1677180780001,28.1560277080001 83.166745641,28.1565136450001 83.1625943290001,28.1609036450001 83.1589865160001,28.160694333 83.157813828,28.15984102 83.1537601410001,28.159148208 83.1494077030001,28.160249332 83.1498453280001,28.157540145 83.1484060780001,28.1555570830001 83.1488818280001,28.153306082 83.150456266,28.1508182700001 83.1537668290001,28.1486750820001 83.1551153280001,28.14718077 83.1564913290001,28.1431439570001 83.1596250160001,28.1394878950001 83.1584093280001,28.1386727070001 83.1600874530001,28.136453895 83.162142079,28.1351939580001 83.1617531410001,28.133413707 83.162532141,28.1308983330001 83.164657891,28.1309970200001 83.1684058910001,28.130060895 83.1709409530001,28.1300492070001 83.173872954,28.1330811450001 83.175577828,28.1363854580001 83.1776165160001,28.13860427 83.180347016,28.1384040200001 83.1818612660001,28.1354191450001 83.1817172660001,28.130793082 83.182141329,28.1296223950001 83.180502141,28.1278798320001 83.1814958910001,28.1254310200001 83.1849548910001,28.1256862700001 83.1851281410001,28.1220886450001 83.186079953,28.1196012070001 83.194011016,28.120097082 83.2007288280001,28.123762082 83.204300453,28.12329327 83.2074848290001,28.116816145 83.205325891,28.1145610200001 83.206714391,28.1124865200001 83.209207516,28.1102469570001 83.210395266,28.11015902 83.212105953,28.108111207 83.2151541410001,28.107546583 83.2166737030001,28.103812207 83.2166379540001,28.1016370200001 83.2198768280001,28.1004845200001 83.2205356410001,28.0980988950001 83.2218761410001,28.097183708 83.2241882650001,28.0974179570001 83.2262970780001,28.095358645 83.2291300160001,28.09543552 83.2302595790001,28.097012207 83.2323430160001,28.095065457 83.2332495160001,28.095587208 83.2323042040001,28.098860207 83.232594141,28.101158707 83.233535266,28.1025943330001 83.231706579,28.1052915830001 83.2331680780001,28.1059224580001 83.2330623290001,28.108496207 83.2337478910001,28.111164708 83.2334023290001,28.1125300200001 83.2352809540001,28.114868895 83.2392143910001,28.114667395 83.2386645780001,28.1123968320001 83.239485078,28.110303145 83.2409520160001,28.1090455200001 83.240636141,28.1059347070001 83.2411906410001,28.104200457 83.2446981410001,28.10482002 83.2469272660001,28.1040358330001 83.2483592660001,28.1014738330001 83.2494986410001,28.1014191450001 83.2500303910001,28.1035361450001 83.2540361410001,28.1039528320001 83.2553085160001,28.106565645 83.2580464530001,28.10703627 83.257895766,28.1089690200001 83.2567298910001,28.1111512700001 83.259039579,28.110732833 83.2622645160001,28.1122912070001 83.2607101410001,28.1147714580001</coordinates></LinearRing></outerBoundaryIs></Polygon>
  </Placemark>
  <Placemark id="lumbini.6">
	<name>5</name>
	<description>GULMI</description>
	<Style><LineStyle><color>ff0000ff</color></LineStyle><PolyStyle><fill>0</fill></PolyStyle></Style>
	<ExtendedData><SchemaData schemaUrl="#lumbini">
		<SimpleData name="STATE_CODE">0</SimpleData>
		<SimpleData name="DISTRICT">Gaunpalika</SimpleData>
		<SimpleData name="GaPa_NaPa">5</SimpleData>
	</SchemaData></ExtendedData>
      <Polygon><outerBoundaryIs><LinearRing><coordinates>83.556574454,28.1156367070001 83.5559873280001,28.1172344570001 83.553050516,28.11805302 83.551158016,28.1193442700001 83.5463205790001,28.1207090820001 83.5396039540001,28.1197323320001 83.5342643290001,28.116460707 83.5315900160001,28.1183310820001 83.5267825160001,28.1207243320001 83.5234546410001,28.119853145 83.5217757030001,28.120169957 83.5177487030001,28.1221165200001 83.5146176420001,28.1252259570001 83.5123681410001,28.1268267070001 83.5078360790001,28.125795145 83.506661766,28.1232097700001 83.5023725790001,28.1193788950001 83.501098642,28.1170660820001 83.4965647660001,28.1162033950001 83.4949844540001,28.1150355820001 83.4976284540001,28.1127461450001 83.4984762670001,28.109854457 83.5014256410001,28.10718252 83.5043152040001,28.1063468950001 83.5076790780001,28.10151927 83.5070942040001,28.098996895 83.503039953,28.09530677 83.5032280780001,28.0941635200001 83.509438829,28.087139457 83.5111020780001,28.0836345820001 83.5071091410001,28.080059895 83.5030207660001,28.0800835200001 83.5018133290001,28.0795015200001 83.498529079,28.079275207 83.495605454,28.0798601450001 83.4920217660001,28.078919582 83.490649579,28.078034583 83.4874123290001,28.0732075830001 83.4856130790001,28.071686895 83.4836909540001,28.0712712700001 83.4800357670001,28.067367645 83.4799120160001,28.0659298950001 83.4806287660001,28.0618825820001 83.4828862670001,28.057434895 83.483344704,28.0553089570001 83.4884047030001,28.0564425200001 83.489568578,28.05445002 83.4939513910001,28.0495317080001 83.495768141,28.04922702 83.4988552660001,28.047552895 83.4998688910001,28.0461576450001 83.5010083290001,28.0422200200001 83.5002483910001,28.0404618950001 83.5006158910001,28.0390913950001 83.5031824540001,28.0382095200001 83.5070764540001,28.03948252 83.5095220790001,28.03967177 83.513100953,28.038736833 83.515326891,28.0390763940001 83.5178340790001,28.0387219580001 83.5196213290001,28.0360612700001 83.5200038290001,28.034241707 83.522460891,28.0301686450001 83.5250632670001,28.0269014570001 83.5295728290001,28.0232076450001 83.5309848910001,28.018839708 83.537639767,28.01761902 83.542693704,28.0134324570001 83.5454653910001,28.0135724570001 83.5444207040001,28.009961145 83.5418663290001,28.0055032070001 83.537486642,27.999890582 83.5366826410001,27.998193395 83.5391219540001,27.993528708 83.5441798910001,27.988042395 83.546603141,27.9841424570001 83.550682017,27.979176082 83.5519945780001,27.976619457 83.5563527040001,27.9762815830001 83.558171766,27.9740401450001 83.5624780790001,27.9736951450001 83.5705317030001,27.97577377 83.5748572040001,27.975708207 83.5788418920001,27.974143333 83.581104204,27.9760523320001 83.5806770790001,27.978047895 83.582127454,27.979530207 83.5872428910001,27.978726582 83.5874392040001,27.97965227 83.5864522670001,27.9830112700001 83.5860158290001,27.9868885820001 83.586983079,27.98770152 83.5925350790001,27.9885213320001 83.5954301410001,27.989256395 83.5986268290001,27.991179145 83.603262204,27.9949042690001 83.6053476420001,27.997094395 83.6061283280001,27.99999827 83.6051397670001,28.002078082 83.607031454,28.0057928950001 83.607299954,28.007287332 83.606947641,28.011862208 83.605302829,28.0137618950001 83.6034812670001,28.0138671450001 83.600847017,28.014967395 83.5988348920001,28.0201082070001 83.5968992670001,28.021564583 83.5931782660001,28.02140702 83.5926077030001,28.02513952 83.5901671410001,28.026167957 83.586320329,28.0258743950001 83.5827055780001,28.029784895 83.5811996410001,28.0331400200001 83.5799630160001,28.0338853320001 83.575947016,28.032336457 83.572472829,28.03253327 83.5666598290001,28.033913958 83.5635830790001,28.0355671450001 83.5639412660001,28.0368520820001 83.5659746410001,28.038943395 83.5657172030001,28.04098227 83.5624007660001,28.041811082 83.5611883290001,28.0434385830001 83.5637430790001,28.0493333950001 83.5636949540001,28.052663582 83.5660495160001,28.057903395 83.5632013910001,28.0630094580001 83.562944454,28.0640375200001 83.5652475160001,28.0646630200001 83.5686193290001,28.064384895 83.5706482030001,28.0658488330001 83.571288516,28.0681138950001 83.5736240790001,28.0724487700001 83.5773281410001,28.0748541450001 83.5815647030001,28.076367582 83.5827047660001,28.0772622700001 83.578703267,28.081108332 83.577742266,28.0830435820001 83.577668079,28.0868858330001 83.5746696410001,28.088907207 83.571322642,28.0889938330001 83.5691885790001,28.0895557700001 83.5662633910001,28.091101145 83.564866141,28.0923805200001 83.564227891,28.0943392070001 83.5659032030001,28.0975372080001 83.5672455160001,28.0991027700001 83.567068453,28.100591395 83.562382642,28.10434902 83.5571478910001,28.1066246450001 83.5561827670001,28.1134919570001 83.556574454,28.1156367070001</coordinates></LinearRing></outerBoundaryIs></Polygon>
  </Placemark>
  <Placemark id="lumbini.7">
	<name>5</name>
	<description>GULMI</description>
	<Style><LineStyle><color>ff0000ff</color></LineStyle><PolyStyle><fill>0</fill></PolyStyle></Style>
	<ExtendedData><SchemaData schemaUrl="#lumbini">
		<SimpleData name="STATE_CODE">0</SimpleData>
		<SimpleData name="DISTRICT">Gaunpalika</SimpleData>
		<SimpleData name="GaPa_NaPa">5</SimpleData>
	</SchemaData></ExtendedData>
      <Polygon><outerBoundaryIs><LinearRing><coordinates>83.0798095160001,28.2335910200001 83.078175016,28.2338033950001 83.0727069530001,28.238991583 83.0651535160001,28.2416023330001 83.061255578,28.2424217080001 83.0569787030001,28.24276002 83.0529530150001,28.2435015820001 83.0482186410001,28.2429182070001 83.044806829,28.242989145 83.0410307660001,28.2404562080001 83.0387646410001,28.2401243950001 83.0330469530001,28.2411489580001 83.0309155160001,28.24043677 83.0269876410001,28.2382113950001 83.0264477650001,28.2358747700001 83.0290815160001,28.2359995200001 83.0303121410001,28.23157952 83.0290292030001,28.227531958 83.028652703,28.2243752700001 83.0294287660001,28.2202159570001 83.030322266,28.2179910200001 83.0317212030001,28.21630652 83.0332373900001,28.2113560830001 83.036066141,28.2059049580001 83.0363365790001,28.2035786450001 83.037613891,28.20129977 83.037063328,28.196558082 83.038406953,28.194110645 83.0392408280001,28.191388832 83.038105516,28.1856097080001 83.0372133280001,28.1836518320001 83.035649828,28.18075077 83.0358482030001,28.177507833 83.0351293910001,28.1754362070001 83.0314353900001,28.174744457 83.033004953,28.171644395 83.0348369530001,28.1695072700001 83.0367422030001,28.168135395 83.040944203,28.1676910830001 83.0438014530001,28.16869927 83.043589953,28.165888895 83.0415192040001,28.1628444570001 83.040098141,28.1620425830001 83.038819828,28.1599444570001 83.0388777650001,28.1575510820001 83.040463453,28.15594227 83.0440137030001,28.1549811450001 83.0462566410001,28.153746832 83.050652954,28.152450833 83.0528262650001,28.15039927 83.0553210780001,28.149841145 83.055237703,28.1476633950001 83.0574825780001,28.14453602 83.0588275790001,28.1446039570001 83.057625016,28.140979083 83.054640953,28.142352832 83.052945203,28.14240877 83.051481703,28.1402327700001 83.0535357040001,28.1393038950001 83.054967891,28.134501395 83.0589205160001,28.1314196450001 83.0604958280001,28.129503707 83.061079266,28.1265160200001 83.0576791400001,28.1223233330001 83.0555232660001,28.1212728950001 83.0549380150001,28.1198136450001 83.0559512040001,28.1153105820001 83.0550480780001,28.1134655820001 83.0529909540001,28.1114411450001 83.0548194530001,28.1108446440001 83.0575818290001,28.1073305200001 83.0589618910001,28.106577395 83.0625617650001,28.1068367080001 83.064936328,28.109533207 83.0674107030001,28.1088258950001 83.070580453,28.1093301450001 83.072353891,28.1079501450001 83.074382266,28.106799645 83.0789738280001,28.1067042070001 83.084371828,28.107227708 83.0874387040001,28.1107181450001 83.089961891,28.1108950820001 83.0944195160001,28.110211645 83.098120453,28.110285645 83.1004538280001,28.112277394 83.1040813280001,28.113307395 83.1087641410001,28.1115171450001 83.1104570780001,28.11147177 83.1117279530001,28.1102955200001 83.115435828,28.11162352 83.1168803910001,28.11289177 83.1199838910001,28.1136066450001 83.120949329,28.1143822080001 83.1252688280001,28.1148812700001 83.1227100780001,28.1206227700001 83.1240010160001,28.122417957 83.1207854530001,28.1243308950001 83.1205418280001,28.1268540200001 83.1185725160001,28.12826277 83.1181822030001,28.12992977 83.1162734530001,28.13348452 83.119144453,28.1341460200001 83.11683614,28.136757333 83.114706078,28.1413619570001 83.110003266,28.14511502 83.1077260160001,28.1454612700001 83.107134516,28.1474518950001 83.1099775160001,28.14853527 83.1114257030001,28.1512655830001 83.1107598280001,28.1527097700001 83.1137000160001,28.15499852 83.112232829,28.15676002 83.1111523280001,28.155467082 83.1097911410001,28.1557966450001 83.1098263910001,28.157919957 83.1086980160001,28.159223395 83.107102829,28.15725702 83.1063580790001,28.1596075200001 83.105093765,28.1596827700001 83.1049324530001,28.161700958 83.105749954,28.1627779570001 83.1022396400001,28.1653540830001 83.101404078,28.166711333 83.1019723910001,28.1715928950001 83.1041486410001,28.1749575200001 83.1061182660001,28.176396207 83.1087913280001,28.176646083 83.1135812040001,28.1761357080001 83.1163162660001,28.1761669580001 83.119197516,28.174935583 83.1235982040001,28.174447145 83.1265538280001,28.175682082 83.125557454,28.177658895 83.1235459530001,28.1798367700001 83.123545015,28.1814792700001 83.1223841400001,28.182881895 83.120663891,28.182672333 83.1169613910001,28.185633395 83.1125765150001,28.1880732700001 83.1115668290001,28.189418145 83.1101563280001,28.1886193330001 83.1064747030001,28.1896873320001 83.1021107650001,28.1921360200001 83.1012248900001,28.1954490200001 83.0999475790001,28.1977441450001 83.0999468910001,28.199194833 83.1014788910001,28.201276082 83.101768453,28.2047547080001 83.1025545150001,28.20657827 83.1041832660001,28.207953957 83.1048718900001,28.211965333 83.1081207650001,28.213870458 83.1095095160001,28.2135748950001 83.113000453,28.2151047080001 83.116326954,28.2160760830001 83.112908578,28.22020752 83.1121901400001,28.22230102 83.1091398280001,28.2231678950001 83.1012040780001,28.222080395 83.099042829,28.223313832 83.095944391,28.22417102 83.094542829,28.2261561450001 83.09033714,28.227955707 83.085416266,28.2288682070001 83.0838176410001,28.2324898950001 83.0823210780001,28.23356052 83.0798095160001,28.2335910200001</coordinates></LinearRing></outerBoundaryIs></Polygon>
  </Placemark>
  <Placemark id="lumbini.8">
	<name>5</name>
	<description>GULMI</description>
	<Style><LineStyle><color>ff0000ff</color></LineStyle><PolyStyle><fill>0</fill></PolyStyle></Style>
	<ExtendedData><SchemaData schemaUrl="#lumbini">
		<SimpleData name="STATE_CODE">0</SimpleData>
		<SimpleData name="DISTRICT">Gaunpalika</SimpleData>
		<SimpleData name="GaPa_NaPa">5</SimpleData>
	</SchemaData></ExtendedData>
      <Polygon><outerBoundaryIs><LinearRing><coordinates>83.188180016,28.2678241450001 83.1874062040001,28.27001252 83.1861613290001,28.27025102 83.1833264530001,28.269042895 83.1798836410001,28.2647762080001 83.1765605790001,28.2632017070001 83.1755526410001,28.2614358330001 83.17102664,28.25830402 83.1696173280001,28.25795027 83.1676491410001,28.2616000200001 83.164892766,28.2631647700001 83.1634362030001,28.2671830830001 83.1613758280001,28.2678382080001 83.158609766,28.2703593950001 83.157366579,28.2706179580001 83.1545367030001,28.26748702 83.1505983280001,28.265853957 83.1499900160001,28.2641129580001 83.1472331410001,28.2626991450001 83.1440042030001,28.258667583 83.141978141,28.2571455200001 83.140283766,28.2543846450001 83.137068641,28.251345708 83.1327885150001,28.2499807070001 83.129736515,28.2506245820001 83.1284048910001,28.2534047070001 83.1279717030001,28.256533457 83.126353329,28.2576286450001 83.124893704,28.256710083 83.120615141,28.256389332 83.1184663910001,28.2539546450001 83.115660516,28.2530814580001 83.1134979540001,28.251833333 83.1077038280001,28.252093395 83.1051942660001,28.253516458 83.1030340790001,28.2554967070001 83.0995721410001,28.2560357080001 83.0977709530001,28.255838833 83.0955347660001,28.256846083 83.0942190160001,28.2542789570001 83.0930285160001,28.2532174580001 83.0912373900001,28.2502703330001 83.090487641,28.2476392070001 83.0870789530001,28.2461387070001 83.0845757660001,28.2430965200001 83.0823877660001,28.238973457 83.0811310160001,28.23556727 83.0798095160001,28.2335910200001 83.0823210780001,28.23356052 83.0838176410001,28.2324898950001 83.085416266,28.2288682070001 83.09033714,28.227955707 83.094542829,28.2261561450001 83.095944391,28.22417102 83.099042829,28.223313832 83.1012040780001,28.222080395 83.1091398280001,28.2231678950001 83.1121901400001,28.22230102 83.112908578,28.22020752 83.116326954,28.2160760830001 83.113000453,28.2151047080001 83.1095095160001,28.2135748950001 83.1081207650001,28.213870458 83.1048718900001,28.211965333 83.1041832660001,28.207953957 83.1025545150001,28.20657827 83.101768453,28.2047547080001 83.1014788910001,28.201276082 83.0999468910001,28.199194833 83.0999475790001,28.1977441450001 83.1012248900001,28.1954490200001 83.1021107650001,28.1921360200001 83.1064747030001,28.1896873320001 83.1101563280001,28.1886193330001 83.1115668290001,28.189418145 83.1125765150001,28.1880732700001 83.1169613910001,28.185633395 83.120663891,28.182672333 83.1223841400001,28.182881895 83.123545015,28.1814792700001 83.1235459530001,28.1798367700001 83.125557454,28.177658895 83.1265538280001,28.175682082 83.1297570790001,28.1745315200001 83.1333133910001,28.171185645 83.1319976400001,28.1681517700001 83.1323480790001,28.1645622080001 83.1337825150001,28.163601145 83.136120266,28.16431527 83.1361857040001,28.162670957 83.1372189530001,28.16113427 83.141120641,28.1624357700001 83.144229641,28.1618573330001 83.146999828,28.160338145 83.146997641,28.1585805820001 83.1484060780001,28.1555570830001 83.1498453280001,28.157540145 83.1494077030001,28.160249332 83.1537601410001,28.159148208 83.157813828,28.15984102 83.1589865160001,28.160694333 83.1625943290001,28.1609036450001 83.166745641,28.1565136450001 83.1677180780001,28.1560277080001 83.1745257030001,28.1563644570001 83.175308703,28.157519832 83.178240266,28.1566327080001 83.1796141410001,28.1587865830001 83.1820461410001,28.1644686450001 83.1831395780001,28.16469177 83.1854490160001,28.16781002 83.1861943910001,28.1704564570001 83.185740078,28.17480827 83.1877353290001,28.1772138320001 83.187956704,28.1786681450001 83.187168141,28.182135707 83.1852173290001,28.183683145 83.1848433910001,28.188624207 83.1863033910001,28.1908732700001 83.1885622660001,28.192766083 83.1904720160001,28.19520727 83.1905802030001,28.1971956450001 83.1929616410001,28.1997568950001 83.1954729540001,28.2001620200001 83.1951903290001,28.2025270820001 83.1913578910001,28.2080682070001 83.190990141,28.209841645 83.1919427660001,28.2128479580001 83.1908033280001,28.2143077700001 83.1918908910001,28.2168591450001 83.191128328,28.21918077 83.1913723910001,28.2219911450001 83.190821891,28.224564333 83.1934371410001,28.225658207 83.1944365160001,28.228398645 83.1986627030001,28.229946457 83.2021407030001,28.232689958 83.2046083280001,28.233552645 83.2024480160001,28.2373145830001 83.2024331410001,28.2418403950001 83.2001452650001,28.24439002 83.1997940160001,28.2459267080001 83.2030894530001,28.2478478950001 83.2054085780001,28.2517803320001 83.2036611410001,28.2532073950001 83.199257516,28.2547248330001 83.1967887660001,28.2517051450001 83.194578703,28.25100852 83.1888250790001,28.2500268950001 83.1830961410001,28.249446833 83.1786982040001,28.2531633950001 83.180959515,28.2569222070001 83.1833283280001,28.2593075830001 83.183105266,28.2617857700001 83.1849459530001,28.264400332 83.188180016,28.2678241450001</coordinates></LinearRing></outerBoundaryIs></Polygon>
  </Placemark>
  <Placemark id="lumbini.9">
	<name>5</name>
	<description>GULMI</description>
	<Style><LineStyle><color>ff0000ff</color></LineStyle><PolyStyle><fill>0</fill></PolyStyle></Style>
	<ExtendedData><SchemaData schemaUrl="#lumbini">
		<SimpleData name="STATE_CODE">0</SimpleData>
		<SimpleData name="DISTRICT">Nagarpalika</SimpleData>
		<SimpleData name="GaPa_NaPa">5</SimpleData>
	</SchemaData></ExtendedData>
      <Polygon><outerBoundaryIs><LinearRing><coordinates>83.2838633280001,28.190001582 83.2821063910001,28.189583957 83.280050579,28.1908795200001 83.2782783910001,28.18880577 83.2758769530001,28.1873829570001 83.2747182030001,28.1896555820001 83.2726777660001,28.191772332 83.272804078,28.195026458 83.268943016,28.1986112700001 83.266286703,28.1995401450001 83.262927704,28.199357395 83.2609817030001,28.200364457 83.260545704,28.203863708 83.2575157030001,28.2057109580001 83.2559648910001,28.2085182700001 83.2559002660001,28.211047083 83.253789704,28.214020582 83.2493091410001,28.2167620820001 83.246204391,28.217074457 83.24411589,28.2197093950001 83.2418545790001,28.219604395 83.2390862660001,28.2209540200001 83.2357628280001,28.2216890830001 83.2353003280001,28.2255580830001 83.2332283280001,28.2281297700001 83.2302705160001,28.230949208 83.2278970780001,28.2323730200001 83.228073641,28.2349663320001 83.2257597660001,28.2356684580001 83.2238791410001,28.237137832 83.222036641,28.240667333 83.2177793290001,28.2436753330001 83.2177948900001,28.2476552700001 83.217064828,28.2485761450001 83.213907078,28.248596395 83.211154203,28.250518582 83.2074537660001,28.252205082 83.2069824530001,28.2542622080001 83.2056809540001,28.255815958 83.2031124530001,28.2576487700001 83.2000813910001,28.258583145 83.197163829,28.260984582 83.1952125160001,28.2631842070001 83.191058329,28.265097708 83.1900524540001,28.266980146 83.188180016,28.2678241450001 83.1849459530001,28.264400332 83.183105266,28.2617857700001 83.1833283280001,28.2593075830001 83.180959515,28.2569222070001 83.1786982040001,28.2531633950001 83.1830961410001,28.249446833 83.1888250790001,28.2500268950001 83.194578703,28.25100852 83.1967887660001,28.2517051450001 83.199257516,28.2547248330001 83.2036611410001,28.2532073950001 83.2054085780001,28.2517803320001 83.2030894530001,28.2478478950001 83.1997940160001,28.2459267080001 83.2001452650001,28.24439002 83.2024331410001,28.2418403950001 83.2024480160001,28.2373145830001 83.2046083280001,28.233552645 83.2060517040001,28.2319433320001 83.2079390160001,28.2309683330001 83.206370328,28.228910645 83.2060658280001,28.227455895 83.2043151410001,28.22444052 83.2040006410001,28.2220697070001 83.200925516,28.21986552 83.200226204,28.2155612070001 83.203957766,28.215309957 83.204593641,28.21435927 83.2065940790001,28.2142828950001 83.211543453,28.216028457 83.2143552030001,28.2165139580001 83.215192266,28.214555895 83.2183344540001,28.21215977 83.2233734530001,28.211441645 83.2271195160001,28.2152577700001 83.227934954,28.213261145 83.229967829,28.212115145 83.233415016,28.2092623950001 83.2351123290001,28.2072548950001 83.2378485790001,28.203019458 83.2389514530001,28.2024682700001 83.2396122660001,28.200594833 83.2385417660001,28.1997676450001 83.238943829,28.197933332 83.237172328,28.195897458 83.2383387660001,28.1927068950001 83.240372016,28.191621707 83.2410316410001,28.1899016450001 83.243569203,28.1876143320001 83.2437731410001,28.1863158950001 83.245353891,28.1852303950001 83.2449388910001,28.183220083 83.243386828,28.1806484570001 83.2443092660001,28.1783365200001 83.2457183290001,28.1771552070001 83.249369641,28.175618458 83.2513578290001,28.171931457 83.249725079,28.165860083 83.2483762040001,28.1621051450001 83.2480954540001,28.1594255200001 83.249189266,28.157188832 83.249597641,28.1516994570001 83.252153766,28.1496986450001 83.2532957660001,28.1436965820001 83.2547200160001,28.142768082 83.257514454,28.1391528950001 83.259145953,28.132228395 83.2604992030001,28.1301577080001 83.2604752030001,28.127459082 83.2615003280001,28.1256393950001 83.260391204,28.1238442700001 83.2598402670001,28.1210074570001 83.257943954,28.119851145 83.256116391,28.1196132700001 83.2572362660001,28.11733602 83.258717516,28.1176463950001 83.259055516,28.1156830200001 83.2607101410001,28.1147714580001 83.263868641,28.1152780200001 83.2660552660001,28.1147212070001 83.2671098910001,28.112461582 83.270335328,28.1093200820001 83.2713329540001,28.1078068950001 83.274263266,28.1066469570001 83.2777209530001,28.1061079570001 83.279576891,28.104779707 83.2804830160001,28.1023477700001 83.281744641,28.101715895 83.2805144530001,28.1065129580001 83.280601704,28.10764377 83.287863266,28.112358832 83.2903460780001,28.112109957 83.2907757030001,28.1145443950001 83.2919825160001,28.1157283950001 83.2933163910001,28.1193993950001 83.2961881410001,28.1190983330001 83.3001794530001,28.1200392700001 83.3044031410001,28.118860457 83.306849141,28.119452708 83.310990453,28.1192479580001 83.313478891,28.1174870200001 83.317092454,28.117868333 83.3181478290001,28.1203103330001 83.3215915160001,28.119348207 83.3241892670001,28.1199047700001 83.325174954,28.11779777 83.327014766,28.1161439580001 83.328703454,28.1157100200001 83.3315950160001,28.114282395 83.3333335790001,28.111842832 83.334004829,28.109673333 83.333653703,28.107604957 83.3315426410001,28.1063672700001 83.3302969540001,28.103712332 83.3305143910001,28.10239577 83.333751641,28.1033433330001 83.337542516,28.101410082 83.340333329,28.102120708 83.3415811410001,28.10341952 83.3419772660001,28.105280583 83.3473582660001,28.107061645 83.3481366410001,28.1081054570001 83.3514696410001,28.10866952 83.354267516,28.1101628330001 83.3568085790001,28.110409458 83.3595102040001,28.1124369570001 83.360168641,28.1175323320001 83.358444391,28.1197241450001 83.3558377030001,28.120641457 83.3539843280001,28.1253167080001 83.353250141,28.1290518320001 83.3507912040001,28.1327404580001 83.3508675160001,28.1346518330001 83.352478078,28.139147145 83.3528902030001,28.143160707 83.352094703,28.1480845200001 83.3520862030001,28.1500722700001 83.3511483290001,28.15304602 83.3503074540001,28.153443645 83.3453720160001,28.1506337070001 83.344671953,28.1533040200001 83.3421829530001,28.156768958 83.3386212660001,28.15946602 83.340382891,28.16000927 83.3466892660001,28.1593490820001 83.3507073910001,28.160514333 83.352005203,28.158875708 83.358245954,28.1584267700001 83.3622757030001,28.156782707 83.365970454,28.156495207 83.366837891,28.157437895 83.3702146420001,28.15694577 83.3720824540001,28.15763127 83.3781100790001,28.1626495200001 83.382592829,28.1636219580001 83.3864120790001,28.163639082 83.3801431410001,28.17070677 83.378140891,28.173511207 83.3748625160001,28.1758765820001 83.3726170790001,28.1762431450001 83.3719642660001,28.177760832 83.372364641,28.18132302 83.3711649530001,28.18332552 83.3662104530001,28.1862448950001 83.366410079,28.1884929570001 83.3651902660001,28.1895815830001 83.3646647030001,28.192011333 83.360434953,28.1947307080001 83.3574608280001,28.1959802700001 83.3575337030001,28.19731627 83.354743328,28.1976460830001 83.3524758280001,28.1944450820001 83.3503673290001,28.1943583950001 83.3496402660001,28.1933057700001 83.347078454,28.193485395 83.3431718910001,28.191176645 83.340164766,28.1899009580001 83.337990516,28.1901205820001 83.332874078,28.18893152 83.329387453,28.1890318330001 83.326992766,28.190337707 83.323035954,28.1897857070001 83.3206003280001,28.19065127 83.318514829,28.1902212700001 83.316027766,28.192864458 83.3126652660001,28.19399602 83.3114937660001,28.1960342080001 83.3098484540001,28.1974812080001 83.3082949540001,28.1977238330001 83.3035238910001,28.195605895 83.2994260790001,28.1926833950001 83.2925713290001,28.192833208 83.2894724540001,28.19247877 83.2864087030001,28.190287832 83.2838633280001,28.190001582</coordinates></LinearRing></outerBoundaryIs></Polygon>
  </Placemark>
  <Placemark id="lumbini.10">
	<name>5</name>
	<description>GULMI</description>
	<Style><LineStyle><color>ff0000ff</color></LineStyle><PolyStyle><fill>0</fill></PolyStyle></Style>
	<ExtendedData><SchemaData schemaUrl="#lumbini">
		<SimpleData name="STATE_CODE">0</SimpleData>
		<SimpleData name="DISTRICT">Nagarpalika</SimpleData>
		<SimpleData name="GaPa_NaPa">5</SimpleData>
	</SchemaData></ExtendedData>
      <Polygon><outerBoundaryIs><LinearRing><coordinates>83.328703454,28.1157100200001 83.327014766,28.1161439580001 83.325174954,28.11779777 83.3241892670001,28.1199047700001 83.3215915160001,28.119348207 83.3181478290001,28.1203103330001 83.317092454,28.117868333 83.313478891,28.1174870200001 83.310990453,28.1192479580001 83.306849141,28.119452708 83.3044031410001,28.118860457 83.3001794530001,28.1200392700001 83.2961881410001,28.1190983330001 83.2933163910001,28.1193993950001 83.2919825160001,28.1157283950001 83.2907757030001,28.1145443950001 83.2903460780001,28.112109957 83.287863266,28.112358832 83.280601704,28.10764377 83.2805144530001,28.1065129580001 83.281744641,28.101715895 83.2804830160001,28.1023477700001 83.279576891,28.104779707 83.2777209530001,28.1061079570001 83.274263266,28.1066469570001 83.2713329540001,28.1078068950001 83.270335328,28.1093200820001 83.2671098910001,28.112461582 83.2660552660001,28.1147212070001 83.263868641,28.1152780200001 83.2607101410001,28.1147714580001 83.2622645160001,28.1122912070001 83.259039579,28.110732833 83.2567298910001,28.1111512700001 83.257895766,28.1089690200001 83.2580464530001,28.10703627 83.2553085160001,28.106565645 83.2540361410001,28.1039528320001 83.2500303910001,28.1035361450001 83.2494986410001,28.1014191450001 83.2483592660001,28.1014738330001 83.2469272660001,28.1040358330001 83.2446981410001,28.10482002 83.2411906410001,28.104200457 83.240636141,28.1059347070001 83.2409520160001,28.1090455200001 83.239485078,28.110303145 83.2386645780001,28.1123968320001 83.2392143910001,28.114667395 83.2352809540001,28.114868895 83.2334023290001,28.1125300200001 83.2337478910001,28.111164708 83.2330623290001,28.108496207 83.2331680780001,28.1059224580001 83.231706579,28.1052915830001 83.233535266,28.1025943330001 83.232594141,28.101158707 83.2323042040001,28.098860207 83.2332495160001,28.095587208 83.2323430160001,28.095065457 83.2302595790001,28.097012207 83.2291300160001,28.09543552 83.2262970780001,28.095358645 83.2241882650001,28.0974179570001 83.2218761410001,28.097183708 83.2205356410001,28.0980988950001 83.2198768280001,28.1004845200001 83.2166379540001,28.1016370200001 83.2166737030001,28.103812207 83.2151541410001,28.107546583 83.212105953,28.108111207 83.2119733280001,28.105628645 83.2128985780001,28.104280208 83.211824828,28.10035952 83.207800766,28.1012207700001 83.204168828,28.0999588330001 83.2047552660001,28.0978188330001 83.2042406410001,28.095191895 83.206036328,28.0909109570001 83.2058242030001,28.089531208 83.2069562660001,28.087768833 83.205180016,28.0849743950001 83.203097266,28.0830084570001 83.2062222040001,28.0768377700001 83.2042355780001,28.0752198320001 83.202909391,28.0724550200001 83.2041687660001,28.0694390200001 83.207353266,28.066664207 83.2113698910001,28.06664227 83.213072578,28.065810395 83.213421204,28.064352645 83.216715578,28.0608359570001 83.2172100160001,28.0595143950001 83.2208743910001,28.05909977 83.2216389540001,28.058052708 83.2224344530001,28.0541088320001 83.2257324540001,28.05307377 83.228822516,28.051173395 83.2316833290001,28.0484097080001 83.232639266,28.0447915820001 83.2345817030001,28.0405538950001 83.2353508290001,28.0380560200001 83.2356698280001,28.034213145 83.2349506410001,28.0325711450001 83.2358502660001,28.030669582 83.235359579,28.0292634570001 83.2348664530001,28.023356145 83.2357082030001,28.0205946450001 83.2380586410001,28.0178686450001 83.2394194540001,28.0172444580001 83.2388481410001,28.015738582 83.2401899540001,28.013830457 83.2403178910001,28.010403958 83.241609328,28.009664269 83.241849141,28.0078109570001 83.2437316410001,28.008459832 83.2460272660001,28.008102395 83.245398579,28.006481207 83.246701079,28.00005127 83.2480139530001,27.9975495200001 83.2506157660001,27.997004207 83.254114766,27.99508052 83.2534130780001,27.9902980200001 83.254202391,27.9871525200001 83.255632828,27.9859937700001 83.2602678280001,27.986961895 83.2612377660001,27.9878628320001 83.2648820780001,27.9887735830001 83.2645561410001,27.9906264570001 83.2659130790001,27.993273582 83.2657318290001,27.996104207 83.270694641,27.996656333 83.2731270780001,27.99840427 83.270554641,28.0004055200001 83.269690891,28.003814645 83.2699369540001,28.005963894 83.2682932660001,28.011196457 83.268951391,28.0149227700001 83.2713922660001,28.0155245820001 83.2750500160001,28.0149032080001 83.2749315790001,28.018203457 83.273615266,28.0202700200001 83.274785953,28.021632208 83.277461203,28.0211431450001 83.2789856410001,28.0220717080001 83.2790853290001,28.0278640830001 83.281504828,28.030015645 83.2813300780001,28.031966395 83.2818862660001,28.0347963950001 83.2794007040001,28.03816327 83.2791578910001,28.04024902 83.284873266,28.0420568320001 83.287144954,28.0432080200001 83.2906210780001,28.043422332 83.289323079,28.0474272700001 83.2863195790001,28.0518023320001 83.2856890790001,28.0557587700001 83.2832088910001,28.060833707 83.285247579,28.0647228330001 83.282104829,28.0641671450001 83.2844722660001,28.066760645 83.2886998280001,28.074541895 83.288950953,28.0806417700001 83.290817454,28.0827045820001 83.2933786410001,28.0840241450001 83.293869516,28.081910395 83.2979768910001,28.0811304580001 83.2982681410001,28.079320207 83.301016141,28.0810241450001 83.3045411410001,28.08147977 83.309134016,28.0801537070001 83.3107690160001,28.0814773320001 83.3142070790001,28.0832678950001 83.3161423290001,28.085802395 83.3161139540001,28.087273333 83.314410954,28.0896745200001 83.3149838910001,28.09254952 83.314253454,28.0948337070001 83.315471766,28.0989597080001 83.320626141,28.101101708 83.3239872030001,28.107133457 83.3248625780001,28.1099760820001 83.328156516,28.1125666450001 83.328703454,28.1157100200001</coordinates></LinearRing></outerBoundaryIs></Polygon>
  </Placemark>
  <Placemark id="lumbini.11">
	<name>5</name>
	<description>GULMI</description>
	<Style><LineStyle><color>ff0000ff</color></LineStyle><PolyStyle><fill>0</fill></PolyStyle></Style>
	<ExtendedData><SchemaData schemaUrl="#lumbini">
		<SimpleData name="STATE_CODE">0</SimpleData>
		<SimpleData name="DISTRICT">Gaunpalika</SimpleData>
		<SimpleData name="GaPa_NaPa">5</SimpleData>
	</SchemaData></ExtendedData>
      <Polygon><outerBoundaryIs><LinearRing><coordinates>83.475900579,27.9724652080001 83.4708814540001,27.97360802 83.468054329,27.97508852 83.4709382660001,27.97817952 83.4701739530001,27.9799748950001 83.4666800790001,27.9813918940001 83.4637065160001,27.9855093940001 83.461611641,27.9867422080001 83.4619057670001,27.987853457 83.4637672040001,27.9894310820001 83.4625170790001,27.99311527 83.4625727660001,27.9944354580001 83.4644140170001,27.9958212700001 83.4644050780001,27.9972358950001 83.4609955160001,27.9988268320001 83.4575342040001,27.9984093320001 83.4561885790001,28.0002383950001 83.4561263910001,28.0031082080001 83.452336954,28.00680027 83.4530965160001,28.0091159580001 83.451661266,28.011386895 83.4504084540001,28.01214452 83.4486120160001,28.010433833 83.447087954,28.009910957 83.445470329,28.0104775820001 83.4430465780001,28.012550332 83.439135579,28.0118237070001 83.4378316410001,28.013711395 83.438128766,28.01751677 83.4350955780001,28.0202344570001 83.4294905790001,28.023189582 83.4253895790001,28.0249075830001 83.4237467040001,28.0283009570001 83.4212752030001,28.0307724570001 83.416875766,28.0324032070001 83.413966454,28.033850645 83.4125112040001,28.0323936450001 83.4089965160001,28.0301900200001 83.409276892,28.027043645 83.4078290160001,28.023504082 83.4068762030001,28.019959832 83.4037273910001,28.019621332 83.3997851410001,28.0172508320001 83.3963657030001,28.016965145 83.394885016,28.0179310830001 83.3923011410001,28.017879082 83.3904524530001,28.0163794580001 83.3873632030001,28.015102207 83.385129641,28.0174997080001 83.383494704,28.017395333 83.3808733910001,28.0183853950001 83.380162329,28.017014832 83.376976454,28.0171899580001 83.3759104540001,28.015806582 83.3760120160001,28.013683832 83.376970579,28.012081707 83.3775065790001,28.009387895 83.3773805160001,28.0059464570001 83.3754814530001,28.0033476450001 83.3755098280001,27.998981832 83.376138703,27.998314582 83.3814408280001,27.997393145 83.3835568910001,27.9964302070001 83.388042204,27.99189927 83.3877536410001,27.9898876450001 83.3884418910001,27.9866167690001 83.388001516,27.984814332 83.386204579,27.983059957 83.385253704,27.9802962700001 83.385439454,27.9781897070001 83.384881578,27.9745477700001 83.3884271420001,27.9687874570001 83.3910481410001,27.9661614570001 83.3920930790001,27.9642730200001 83.392887392,27.9612327070001 83.3940530790001,27.9606851450001 83.3957507040001,27.957651082 83.3991548290001,27.95364977 83.3995315160001,27.9519298320001 83.397658516,27.9486612700001 83.394935079,27.9471511450001 83.395186267,27.944873396 83.397132454,27.943354395 83.3996158290001,27.941970833 83.4006808920001,27.940235896 83.400927955,27.935162458 83.4021374530001,27.9344412070001 83.407088704,27.9340519580001 83.4113623920001,27.931877145 83.4127243290001,27.9307931450001 83.414852017,27.9312083950001 83.4204074530001,27.930457957 83.4213667670001,27.93065152 83.424368767,27.9336424570001 83.4268784550001,27.9348645200001 83.4268447050001,27.936931208 83.4294532050001,27.939685707 83.4343380160001,27.9395817710001 83.4352670160001,27.938974145 83.435717642,27.935548582 83.4388195170001,27.934992707 83.4402144540001,27.9355962710001 83.4427123280001,27.935265707 83.447254141,27.9386256450001 83.447396891,27.939966457 83.4449267670001,27.942921332 83.4461182040001,27.945207269 83.4491227660001,27.946216645 83.451906954,27.947913208 83.4579385160001,27.9496428950001 83.462134641,27.952531644 83.4644010790001,27.954568895 83.4661077040001,27.9600652070001 83.4681511420001,27.9633650820001 83.475900579,27.9724652080001</coordinates></LinearRing></outerBoundaryIs></Polygon>
  </Placemark>
  <Placemark id="lumbini.12">
	<name>5</name>
	<description>GULMI</description>
	<Style><LineStyle><color>ff0000ff</color></LineStyle><PolyStyle><fill>0</fill></PolyStyle></Style>
	<ExtendedData><SchemaData schemaUrl="#lumbini">
		<SimpleData name="STATE_CODE">0</SimpleData>
		<SimpleData name="DISTRICT">Gaunpalika</SimpleData>
		<SimpleData name="GaPa_NaPa">5</SimpleData>
	</SchemaData></ExtendedData>
      <Polygon><outerBoundaryIs><LinearRing><coordinates>83.4920217660001,28.078919582 83.489645141,28.081045207 83.4882448910001,28.0836618320001 83.4832047040001,28.08510727 83.4810342040001,28.088867083 83.478784079,28.090523707 83.4741438290001,28.092209457 83.470657079,28.089055332 83.4680468920001,28.08797127 83.465196329,28.0857332080001 83.4637931410001,28.0852358330001 83.4620373290001,28.082435708 83.4601258920001,28.081063145 83.457816703,28.080636645 83.4553273290001,28.081712082 83.4536628920001,28.0832126450001 83.4520949530001,28.0856725200001 83.446499266,28.0869857700001 83.4377667040001,28.0879903950001 83.4367529530001,28.08863152 83.4296827030001,28.0893627080001 83.427723454,28.0899411450001 83.4253091410001,28.0918106450001 83.424807704,28.095010083 83.4229844540001,28.095995207 83.4200740160001,28.092415832 83.4155913910001,28.0900367080001 83.4114067660001,28.0889877070001 83.402724204,28.08844477 83.3997731410001,28.0884589570001 83.3979495790001,28.086456458 83.396580704,28.0861887070001 83.3954873910001,28.0842435820001 83.3978058920001,28.0808602700001 83.400106329,28.0797760200001 83.4021215160001,28.077034457 83.4017405160001,28.0756474570001 83.402460391,28.0723925200001 83.4024452040001,28.0692133330001 83.4007807040001,28.0663925200001 83.3984263290001,28.065389457 83.395091016,28.06292452 83.394132454,28.061442395 83.390504579,28.0599259580001 83.386037704,28.056011707 83.3859215160001,28.052064957 83.3866542660001,28.047260082 83.3910247030001,28.0466726450001 83.3936823280001,28.04521327 83.396586579,28.042732895 83.4000934530001,28.0414395830001 83.4015719540001,28.03972452 83.405163579,28.03720852 83.4087167040001,28.03706377 83.4121599540001,28.035729207 83.413966454,28.033850645 83.416875766,28.0324032070001 83.4212752030001,28.0307724570001 83.4237467040001,28.0283009570001 83.4253895790001,28.0249075830001 83.4294905790001,28.023189582 83.4350955780001,28.0202344570001 83.438128766,28.01751677 83.4378316410001,28.013711395 83.439135579,28.0118237070001 83.4430465780001,28.012550332 83.445470329,28.0104775820001 83.447087954,28.009910957 83.4486120160001,28.010433833 83.4504084540001,28.01214452 83.451661266,28.011386895 83.4530965160001,28.0091159580001 83.452336954,28.00680027 83.4561263910001,28.0031082080001 83.4561885790001,28.0002383950001 83.4575342040001,27.9984093320001 83.4609955160001,27.9988268320001 83.4644050780001,27.9972358950001 83.4644140170001,27.9958212700001 83.4625727660001,27.9944354580001 83.4625170790001,27.99311527 83.4637672040001,27.9894310820001 83.4619057670001,27.987853457 83.461611641,27.9867422080001 83.4637065160001,27.9855093940001 83.4666800790001,27.9813918940001 83.4701739530001,27.9799748950001 83.4709382660001,27.97817952 83.468054329,27.97508852 83.4708814540001,27.97360802 83.475900579,27.9724652080001 83.4774802040001,27.97436652 83.4802916410001,27.9751285200001 83.4829710160001,27.98028077 83.484899516,27.9814951450001 83.4873707660001,27.981887957 83.490001266,27.9809252700001 83.4918410160001,27.979330083 83.495128391,27.977974895 83.502160141,27.976820457 83.503682391,27.975966269 83.5062303290001,27.9733874570001 83.5105800160001,27.9699191450001 83.511301954,27.9683400820001 83.513884078,27.9671217700001 83.5159959540001,27.9669938320001 83.521113142,27.9653375820001 83.5236852040001,27.963769332 83.5247586410001,27.96376852 83.5285485160001,27.9662296450001 83.5313307040001,27.964686833 83.5330507040001,27.9645843320001 83.5364257040001,27.968359332 83.5385198920001,27.96850177 83.541804766,27.969850707 83.5431703290001,27.9712338940001 83.546985142,27.9707252700001 83.548264767,27.971183019 83.5499241420001,27.97415327 83.5519945780001,27.976619457 83.550682017,27.979176082 83.546603141,27.9841424570001 83.5441798910001,27.988042395 83.5391219540001,27.993528708 83.5366826410001,27.998193395 83.537486642,27.999890582 83.5418663290001,28.0055032070001 83.5444207040001,28.009961145 83.5454653910001,28.0135724570001 83.542693704,28.0134324570001 83.537639767,28.01761902 83.5309848910001,28.018839708 83.5295728290001,28.0232076450001 83.5250632670001,28.0269014570001 83.522460891,28.0301686450001 83.5200038290001,28.034241707 83.5196213290001,28.0360612700001 83.5178340790001,28.0387219580001 83.515326891,28.0390763940001 83.513100953,28.038736833 83.5095220790001,28.03967177 83.5070764540001,28.03948252 83.5031824540001,28.0382095200001 83.5006158910001,28.0390913950001 83.5002483910001,28.0404618950001 83.5010083290001,28.0422200200001 83.4998688910001,28.0461576450001 83.4988552660001,28.047552895 83.495768141,28.04922702 83.4939513910001,28.0495317080001 83.489568578,28.05445002 83.4884047030001,28.0564425200001 83.483344704,28.0553089570001 83.4828862670001,28.057434895 83.4806287660001,28.0618825820001 83.4799120160001,28.0659298950001 83.4800357670001,28.067367645 83.4836909540001,28.0712712700001 83.4856130790001,28.071686895 83.4874123290001,28.0732075830001 83.490649579,28.078034583 83.4920217660001,28.078919582</coordinates></LinearRing></outerBoundaryIs></Polygon>
  </Placemark>
  <Placemark id="lumbini.13">
	<name>5</name>
	<description>PALPA</description>
	<Style><LineStyle><color>ff0000ff</color></LineStyle><PolyStyle><fill>0</fill></PolyStyle></Style>
	<ExtendedData><SchemaData schemaUrl="#lumbini">
		<SimpleData name="STATE_CODE">0</SimpleData>
		<SimpleData name="DISTRICT">Gaunpalika</SimpleData>
		<SimpleData name="GaPa_NaPa">5</SimpleData>
	</SchemaData></ExtendedData>
      <Polygon><outerBoundaryIs><LinearRing><coordinates>83.6189116410001,27.9304327080001 83.6167243290001,27.92950152 83.615585642,27.9273074590001 83.6128162050001,27.9249892080001 83.6052183290001,27.9234107070001 83.6016710170001,27.92348402 83.5990098290001,27.927548958 83.5972102040001,27.929527083 83.5949880160001,27.9310052710001 83.590042392,27.931013207 83.587246141,27.9304249580001 83.5810940800001,27.930022771 83.5783140790001,27.93052427 83.576649892,27.930054333 83.5756240800001,27.9318517080001 83.5783148290001,27.934899332 83.5784322680001,27.937047708 83.5752691430001,27.94140402 83.573048204,27.94285252 83.571110516,27.9421086450001 83.5696492660001,27.940188458 83.569192705,27.9364527700001 83.5666242670001,27.9340890830001 83.5618888920001,27.9346878330001 83.554812955,27.9293785200001 83.5503143290001,27.927928896 83.547241205,27.9290763320001 83.5427432050001,27.9276309580001 83.5405114540001,27.927607708 83.5386873290001,27.9295623950001 83.5383537660001,27.93108427 83.539246016,27.935462333 83.5375373300001,27.9380107700001 83.533029329,27.938992957 83.5320247670001,27.9378093940001 83.532903204,27.934937833 83.532646142,27.93194952 83.5306088300001,27.9299028950001 83.5297036410001,27.928090207 83.530885454,27.926065769 83.535180267,27.92402702 83.537341455,27.921371833 83.5370282040001,27.9199898950001 83.538871391,27.9191251450001 83.5405883910001,27.9171520200001 83.540467328,27.9158113330001 83.5426375800001,27.913711146 83.543438016,27.911450707 83.542325642,27.908312896 83.543513579,27.904959396 83.5421878930001,27.902644583 83.540031641,27.901060209 83.5405678920001,27.8968989580001 83.5414018280001,27.89390752 83.5458101420001,27.8903254570001 83.544796267,27.8884922080001 83.54564658,27.8878361440001 83.55016858,27.889150645 83.5530104540001,27.886594395 83.555311079,27.8874163940001 83.5573043300001,27.886470645 83.559342642,27.886483958 83.5612403920001,27.884964708 83.5662004540001,27.8837438960001 83.5672433920001,27.882036832 83.5695677040001,27.880640645 83.571348205,27.878545521 83.5749819540001,27.8760386450001 83.5739208910001,27.87334352 83.5749435160001,27.871579895 83.5710334550001,27.870791646 83.5712240180001,27.8688066460001 83.5697228920001,27.8677098960001 83.5685658290001,27.865531145 83.567604891,27.862148082 83.5654007670001,27.8587092070001 83.566794267,27.855523082 83.567524205,27.8522513950001 83.5671216430001,27.850925583 83.5697450800001,27.849480708 83.5722362670001,27.8492943950001 83.5730038930001,27.8473585190001 83.5777612670001,27.8442503320001 83.576801704,27.8407387080001 83.5744006420001,27.8374889580001 83.571765892,27.8373679590001 83.5686499540001,27.8355170830001 83.571158891,27.834453082 83.5721542050001,27.831795895 83.574885705,27.829204958 83.5765277660001,27.8263669580001 83.5779949550001,27.8214999570001 83.5793031410001,27.82039602 83.5803920170001,27.8228430820001 83.5823465180001,27.823794395 83.5841962040001,27.825699833 83.5889892660001,27.82398577 83.5909535790001,27.824381896 83.593674267,27.823397207 83.5946289550001,27.8249975200001 83.5982468290001,27.823072145 83.6009221420001,27.8232897080001 83.6033623910001,27.8278568960001 83.6071960790001,27.8291450200001 83.6064994540001,27.8340597070001 83.607592955,27.8362560210001 83.612081017,27.8402850210001 83.612896392,27.84245802 83.617885641,27.8449854570001 83.6191188920001,27.8463968950001 83.622998953,27.8464459580001 83.626402893,27.848235457 83.6264100180001,27.85133577 83.6282168930001,27.852292833 83.6321978920001,27.8519357070001 83.6336257660001,27.8549089580001 83.6339325800001,27.856926958 83.6351728930001,27.85811477 83.6390588290001,27.8585582700001 83.6394270170001,27.860657707 83.643771267,27.8619957070001 83.6452471410001,27.86430102 83.645078954,27.867511458 83.646266891,27.8711472700001 83.647529079,27.8717777700001 83.6450471420001,27.8776741450001 83.6445191430001,27.882961708 83.6437273920001,27.88626527 83.642956267,27.887350833 83.6428896420001,27.889663458 83.639556079,27.8926241460001 83.63917308,27.895346583 83.637550704,27.895662771 83.637445955,27.8972848340001 83.6354319550001,27.898294895 83.6356133290001,27.899685269 83.6345324540001,27.9018147080001 83.6345880160001,27.905226457 83.63350533,27.910027395 83.6353505170001,27.912261582 83.6345330170001,27.9145902700001 83.629023455,27.914458209 83.6244217670001,27.9162305200001 83.623002017,27.917801583 83.623711267,27.9191257700001 83.628775454,27.924593208 83.6267148910001,27.9261173950001 83.62375983,27.9259197710001 83.6217900180001,27.926726708 83.621211767,27.928992771 83.6189116410001,27.9304327080001</coordinates></LinearRing></outerBoundaryIs></Polygon>
  </Placemark>
  <Placemark id="lumbini.14">
	<name>5</name>
	<description>PALPA</description>
	<Style><LineStyle><color>ff0000ff</color></LineStyle><PolyStyle><fill>0</fill></PolyStyle></Style>
	<ExtendedData><SchemaData schemaUrl="#lumbini">
		<SimpleData name="STATE_CODE">0</SimpleData>
		<SimpleData name="DISTRICT">Gaunpalika</SimpleData>
		<SimpleData name="GaPa_NaPa">5</SimpleData>
	</SchemaData></ExtendedData>
      <Polygon><outerBoundaryIs><LinearRing><coordinates>83.6811348300001,27.8106637700001 83.679742328,27.809530146 83.6773989550001,27.810734145 83.6754550800001,27.808895083 83.6716202040001,27.8093080200001 83.6700310790001,27.8104211450001 83.668927517,27.812277771 83.6652770170001,27.8112806450001 83.6629893290001,27.812161895 83.6610612680001,27.811010894 83.658581392,27.811866708 83.656136829,27.8107572710001 83.6533868290001,27.8108587080001 83.650995767,27.8121772710001 83.6489738290001,27.811768208 83.64644358,27.8133479580001 83.6438935790001,27.81326477 83.6350343920001,27.8150196450001 83.6361917040001,27.8177732710001 83.6439026410001,27.8190433950001 83.6467408300001,27.8188227700001 83.6490094540001,27.8200222070001 83.6506713910001,27.819769208 83.655074643,27.8223390200001 83.6569789530001,27.8230116460001 83.6565210790001,27.825345896 83.6619852040001,27.8271464580001 83.6626935790001,27.827685208 83.659843455,27.8308642700001 83.6601873290001,27.834148145 83.6592840800001,27.8353260210001 83.6563201420001,27.836555146 83.6562643920001,27.8385451460001 83.6575843300001,27.8398865190001 83.6597383910001,27.840737958 83.664506454,27.8399824580001 83.665588079,27.8408402690001 83.667638266,27.8443674580001 83.667023767,27.846396708 83.6641690800001,27.847017082 83.6613348930001,27.8487701440001 83.659719453,27.8489489580001 83.657439454,27.850238457 83.65625558,27.8520022700001 83.6571342670001,27.8531213950001 83.6562041430001,27.8544322710001 83.6570577050001,27.8584011460001 83.6571655800001,27.8611428950001 83.655476078,27.861569645 83.65467283,27.8634788320001 83.652424953,27.8661289570001 83.6524897050001,27.8672212070001 83.6504417040001,27.8702395820001 83.647529079,27.8717777700001 83.646266891,27.8711472700001 83.645078954,27.867511458 83.6452471410001,27.86430102 83.643771267,27.8619957070001 83.6394270170001,27.860657707 83.6390588290001,27.8585582700001 83.6351728930001,27.85811477 83.6339325800001,27.856926958 83.6336257660001,27.8549089580001 83.6321978920001,27.8519357070001 83.6282168930001,27.852292833 83.6264100180001,27.85133577 83.626402893,27.848235457 83.622998953,27.8464459580001 83.6191188920001,27.8463968950001 83.617885641,27.8449854570001 83.612896392,27.84245802 83.612081017,27.8402850210001 83.607592955,27.8362560210001 83.6064994540001,27.8340597070001 83.6071960790001,27.8291450200001 83.6033623910001,27.8278568960001 83.6009221420001,27.8232897080001 83.5982468290001,27.823072145 83.5946289550001,27.8249975200001 83.593674267,27.823397207 83.5909535790001,27.824381896 83.5889892660001,27.82398577 83.5841962040001,27.825699833 83.5823465180001,27.823794395 83.5803920170001,27.8228430820001 83.5793031410001,27.82039602 83.5797131410001,27.818052896 83.581589142,27.8175305830001 83.585139391,27.8146892070001 83.5813116410001,27.8097271460001 83.579266078,27.8046463330001 83.5791441420001,27.8032108950001 83.581529829,27.8017988330001 83.5822227680001,27.8003411450001 83.5846068920001,27.79791577 83.5848782670001,27.796086707 83.584394328,27.7934023940001 83.5848139540001,27.7911540200001 83.5846290790001,27.7884706450001 83.5836507670001,27.7857735200001 83.5835106420001,27.7830157700001 83.5885414540001,27.7826043950001 83.590203204,27.781433771 83.59412158,27.780120832 83.5966302680001,27.777763458 83.5970295160001,27.776469395 83.5994978290001,27.7740171460001 83.599597578,27.7718805820001 83.597798642,27.769377456 83.597139392,27.767565957 83.597447329,27.7656624570001 83.5966506410001,27.760964519 83.5973159550001,27.756126458 83.5991774540001,27.751449833 83.599910891,27.74726177 83.596998892,27.74389352 83.594273829,27.7431657700001 83.589736767,27.747669708 83.5877536410001,27.7488687690001 83.582788205,27.746924645 83.5799258920001,27.74412927 83.578996767,27.740403396 83.5772843920001,27.737900332 83.575992705,27.7349111450001 83.5716792680001,27.7302879580001 83.5673059530001,27.7278983950001 83.568831393,27.726174707 83.567904453,27.723231707 83.5681728920001,27.7220321450001 83.5701216420001,27.721293583 83.570437955,27.719121645 83.571747767,27.717449145 83.573831392,27.7164830830001 83.573904767,27.7145743950001 83.5773830160001,27.7127415200001 83.5779944550001,27.710748708 83.5791510160001,27.7099715200001 83.580626206,27.7116660820001 83.583197204,27.713271395 83.5898198930001,27.714888708 83.587871642,27.709993271 83.5876534550001,27.707754208 83.5881992660001,27.7057972700001 83.590698392,27.7060822080001 83.5942490800001,27.704745583 83.5982797680001,27.704700895 83.59939058,27.705642832 83.604740453,27.704344958 83.6069693920001,27.702731145 83.611155829,27.7016576450001 83.6127141420001,27.700278833 83.6131352660001,27.6981273330001 83.6142874550001,27.695898958 83.6197293290001,27.6925451450001 83.6216853290001,27.690643833 83.623080142,27.6883685820001 83.625503393,27.6885060820001 83.6297269550001,27.692734708 83.6333512050001,27.6935792080001 83.635066141,27.6931031450001 83.6372504540001,27.691863332 83.638557517,27.6919795200001 83.6411702680001,27.6907972070001 83.6496765790001,27.69136052 83.651732892,27.6907497080001 83.65522508,27.69088702 83.6561873300001,27.68889927 83.658800205,27.6881949580001 83.65944133,27.6866485830001 83.6595453290001,27.683760582 83.6635265800001,27.6806677070001 83.6636002660001,27.679803645 83.667893017,27.6764045210001 83.669100954,27.675915521 83.6714292670001,27.673420895 83.67468433,27.6722552700001 83.6758820160001,27.672551394 83.67756058,27.6704928950001 83.6802322660001,27.6696303320001 83.6861442050001,27.663711644 83.6881992660001,27.66405252 83.691519392,27.662791833 83.6926097050001,27.664755083 83.6956976420001,27.6648543950001 83.6973226410001,27.6619335820001 83.698275767,27.6628992070001 83.6994579550001,27.6660698330001 83.699856643,27.668430895 83.7008905800001,27.669780271 83.7016949550001,27.6739857700001 83.701411142,27.676054332 83.7026695800001,27.6783044580001 83.7044952670001,27.6798337710001 83.7035882660001,27.68094877 83.7065032680001,27.6819049580001 83.7064406410001,27.683166145 83.7042160180001,27.6853840200001 83.702977204,27.6881162080001 83.6992113920001,27.6914205200001 83.696815579,27.6940192700001 83.6939674550001,27.695240519 83.6918074540001,27.6979908330001 83.69168383,27.7017182070001 83.692179455,27.7038403330001 83.6920116420001,27.706306269 83.6911580170001,27.708944396 83.6897668920001,27.7101845830001 83.687843017,27.71368227 83.6848269540001,27.718001019 83.6841417040001,27.718324395 83.6791055790001,27.7184165830001 83.6806290790001,27.7198890830001 83.684016204,27.720733958 83.68590183,27.7205058330001 83.689671891,27.7192462690001 83.693678579,27.71858052 83.696439517,27.7160977070001 83.6998465170001,27.7157170200001 83.7025479540001,27.7166163950001 83.7034253300001,27.7158917080001 83.70848083,27.7151285190001 83.7113923300001,27.7157415830001 83.7128477680001,27.714900707 83.7158237040001,27.715457395 83.717279455,27.7150925820001 83.7207888300001,27.7118278950001 83.7230581420001,27.711922707 83.7236138920001,27.7104887080001 83.7253047670001,27.709839957 83.731533954,27.7093828330001 83.7343625170001,27.713989208 83.737873891,27.7146773330001 83.7414705790001,27.7148488330001 83.7435691430001,27.715728208 83.747248267,27.718945895 83.750261955,27.719353019 83.753185204,27.7207956440001 83.755675142,27.7207323320001 83.7584182040001,27.719985771 83.761387579,27.7221367700001 83.765073204,27.7214480820001 83.770119267,27.722090645 83.7753774540001,27.723658458 83.7780327040001,27.7238477700001 83.7796592660001,27.729897583 83.779523205,27.733575457 83.7789003290001,27.7352870830001 83.7768969540001,27.736450457 83.77798683,27.7408432710001 83.7758942680001,27.7429835200001 83.7730330790001,27.748346896 83.7728943920001,27.75294302 83.7712573300001,27.7557247710001 83.767895206,27.7563058330001 83.765660079,27.755607082 83.762542517,27.756691646 83.757312643,27.756465957 83.754128892,27.7576269580001 83.75254583,27.75743902 83.7488046430001,27.7594112080001 83.7467550800001,27.759939956 83.7383726410001,27.7578642070001 83.7316270790001,27.758589145 83.7280725160001,27.7597916460001 83.7241534550001,27.760153958 83.7197195800001,27.759102582 83.7181350180001,27.759981644 83.717322267,27.762121333 83.7177725170001,27.7632301460001 83.7169167040001,27.768618958 83.7177082050001,27.771084645 83.7165261420001,27.775100895 83.7163748300001,27.7770320820001 83.7127286410001,27.778179833 83.710304454,27.7801107700001 83.7054993300001,27.7826548950001 83.7023462670001,27.7835913330001 83.699728018,27.786327269 83.6958032040001,27.787013583 83.6926893310001,27.7917564580001 83.6893408910001,27.7941159580001 83.6865620170001,27.7965872070001 83.6854086430001,27.800790582 83.6860788920001,27.8060856450001 83.6839015800001,27.8101422070001 83.6811348300001,27.8106637700001</coordinates></LinearRing></outerBoundaryIs></Polygon>
  </Placemark>
  <Placemark id="lumbini.15">
	<name>5</name>
	<description>PALPA</description>
	<Style><LineStyle><color>ff0000ff</color></LineStyle><PolyStyle><fill>0</fill></PolyStyle></Style>
	<ExtendedData><SchemaData schemaUrl="#lumbini">
		<SimpleData name="STATE_CODE">0</SimpleData>
		<SimpleData name="DISTRICT">Gaunpalika</SimpleData>
		<SimpleData name="GaPa_NaPa">5</SimpleData>
	</SchemaData></ExtendedData>
      <Polygon><outerBoundaryIs><LinearRing><coordinates>84.0001474540001,27.7726612700001 84.001280518,27.7745001440001 84.0020794540001,27.777429082 84.0021911420001,27.780585832 84.001442706,27.784311207 84.0025135180001,27.78854202 84.0050947670001,27.791881458 84.007201643,27.795442021 84.0088898920001,27.797312521 84.0101903930001,27.79760802 84.014455205,27.801026144 84.0155669550001,27.803589333 84.0162415180001,27.8089369570001 84.017161517,27.811502395 84.020223017,27.814184896 84.0223792040001,27.8153962690001 84.021884017,27.8171292710001 84.0242634560001,27.8188415820001 84.026814518,27.818049021 84.0279239550001,27.8215936450001 84.027624766,27.8240577080001 84.0285843920001,27.825934896 84.0273834540001,27.8284172080001 84.0287077670001,27.8294593950001 84.027292017,27.8319575200001 84.0271049550001,27.8350556450001 84.0248997680001,27.8365633330001 84.0223482050001,27.8406659570001 84.024403142,27.8433303960001 84.0250680180001,27.84665627 84.0245543290001,27.8482719570001 84.0262774540001,27.8496660820001 84.02783758,27.852396082 84.0293107050001,27.8534968330001 84.03062183,27.856231333 84.029534954,27.8564572070001 84.024883393,27.860943896 84.0229793290001,27.861691083 84.0194490800001,27.861129771 84.0177533290001,27.859203021 84.0179634550001,27.856901457 84.0210775180001,27.8561744580001 84.0237287050001,27.8544659570001 84.024681829,27.85234702 84.0230440170001,27.850894146 84.0206499540001,27.850732083 84.018070955,27.8512604580001 84.0094079560001,27.854424771 84.0047965160001,27.854984582 84.00228558,27.8545717700001 84.0022690800001,27.8530735210001 84.0008666420001,27.8509005830001 83.998817268,27.850429019 83.9972826420001,27.8477032070001 83.997286204,27.845356521 83.998156329,27.844088458 83.9976429540001,27.842021582 83.9921355170001,27.8383005200001 83.9910869550001,27.8362110200001 83.989599893,27.835069145 83.98838908,27.832137957 83.9851657680001,27.827180395 83.986462267,27.8261063960001 83.9872637660001,27.8232723940001 83.9872357680001,27.817890833 83.989597018,27.8153796450001 83.9888053920001,27.813310458 83.9904810790001,27.8087863330001 83.988782643,27.8094564580001 83.987798705,27.8113337070001 83.9854545790001,27.812283458 83.9835099540001,27.8119177070001 83.9813850800001,27.8123732080001 83.978691768,27.8139094580001 83.9779683930001,27.8174518330001 83.976716018,27.8184107070001 83.972112892,27.820269146 83.968311767,27.8193318960001 83.967004955,27.8174835830001 83.96474383,27.816733895 83.9621342670001,27.8145850820001 83.9598680170001,27.8143113950001 83.9547950800001,27.8180148960001 83.9533366420001,27.8182265200001 83.9521003300001,27.8196453940001 83.9490657040001,27.8191523950001 83.9478000170001,27.8174776450001 83.9481801420001,27.8160494570001 83.9499542670001,27.814389395 83.9499880810001,27.813301832 83.9485315810001,27.811450957 83.9468453920001,27.810994582 83.9428691420001,27.812380707 83.9408433930001,27.8116510200001 83.935700518,27.812068395 83.9341492040001,27.811059083 83.932613018,27.808711644 83.9307530790001,27.810351145 83.9284566420001,27.8108598960001 83.9258165790001,27.8095700820001 83.9233945170001,27.8061051450001 83.9212320170001,27.80611752 83.919387392,27.8027363950001 83.91692133,27.804941645 83.915768142,27.804679208 83.9120012050001,27.8083028950001 83.9107760800001,27.8087262700001 83.9076779540001,27.8118607070001 83.9042640800001,27.818178646 83.9011194560001,27.823118019 83.8974213930001,27.824155521 83.8945208920001,27.82650002 83.8917979550001,27.8266287710001 83.8874992040001,27.825993521 83.8838917040001,27.8249051440001 83.881171953,27.8265072080001 83.8801457050001,27.8246402710001 83.8798273300001,27.821000396 83.877458893,27.8185658960001 83.8756240160001,27.8145860820001 83.8738752040001,27.812271771 83.87597608,27.8104730200001 83.8758921420001,27.80865427 83.8740438300001,27.8074296450001 83.87493233,27.8049708950001 83.8732954550001,27.802293332 83.87432183,27.8007530830001 83.872977893,27.7982404570001 83.8683110800001,27.7963610200001 83.8663184540001,27.7964335830001 83.8644350170001,27.798225583 83.8622708290001,27.7983927070001 83.860022079,27.7993245210001 83.8570213290001,27.798687457 83.8506597670001,27.8009664580001 83.8496754540001,27.8023779580001 83.8448140790001,27.8051952710001 83.841042642,27.8055114580001 83.8400551410001,27.8037887080001 83.8379545170001,27.8031724580001 83.835768767,27.8033007700001 83.8342254550001,27.802552082 83.8301293920001,27.799293333 83.8281580170001,27.799117145 83.82536808,27.794485707 83.8213183920001,27.7923053960001 83.816986892,27.7891948330001 83.8161638300001,27.78710877 83.8172003910001,27.784411457 83.814719331,27.7842276440001 83.8118753910001,27.7848014570001 83.8079328920001,27.7847802700001 83.8046922660001,27.7833563950001 83.799122642,27.7832807070001 83.798047141,27.782627083 83.797274143,27.780295021 83.7975522040001,27.7779262080001 83.7971172680001,27.7733991440001 83.7984624540001,27.7711853320001 83.7980826420001,27.7645914570001 83.7969642670001,27.762364957 83.795573892,27.7614761450001 83.7931878910001,27.761772708 83.791939579,27.762781707 83.7894072660001,27.7660993330001 83.7850614540001,27.7675435210001 83.7807199550001,27.7664603960001 83.778594829,27.7650197080001 83.7759728290001,27.7643520820001 83.7755022050001,27.763460019 83.7705132680001,27.762185958 83.7678748930001,27.7621499570001 83.7634643920001,27.7583967690001 83.7642220180001,27.757301458 83.767895206,27.7563058330001 83.7712573300001,27.7557247710001 83.7728943920001,27.75294302 83.7730330790001,27.748346896 83.7758942680001,27.7429835200001 83.77798683,27.7408432710001 83.7768969540001,27.736450457 83.7789003290001,27.7352870830001 83.779523205,27.733575457 83.7796592660001,27.729897583 83.7780327040001,27.7238477700001 83.779602018,27.723708146 83.78437783,27.724861957 83.7865392670001,27.724217708 83.7886767050001,27.7245097690001 83.7908881420001,27.722737395 83.7943883290001,27.721679771 83.7985832050001,27.7219251450001 83.803488767,27.7211311450001 83.8067125800001,27.718100769 83.8113468290001,27.7161147080001 83.8129809540001,27.714119958 83.8177580180001,27.7133050200001 83.8231189540001,27.7104913950001 83.8249943910001,27.7118137690001 83.82588008,27.7133063950001 83.827344392,27.713912957 83.8302566410001,27.713993332 83.8331858930001,27.7133876450001 83.8356618290001,27.7138035200001 83.8408769540001,27.710697958 83.8449015180001,27.710628082 83.8483373920001,27.709302832 83.8509153300001,27.7114221460001 83.84680933,27.715526708 83.8463085180001,27.72091227 83.8465679550001,27.723326957 83.846199142,27.726878207 83.8439553920001,27.7309440820001 83.8452239550001,27.73322677 83.8473649540001,27.734878645 83.8537670790001,27.733078145 83.8619553930001,27.7342621450001 83.8645158290001,27.733720895 83.868794704,27.7337723950001 83.8711523920001,27.734489895 83.872472454,27.733904458 83.8777463910001,27.7331172080001 83.8781515790001,27.735333333 83.8809723910001,27.735017645 83.8826128920001,27.7332748950001 83.8856122670001,27.7348613950001 83.8866144550001,27.732948707 83.8895172050001,27.732039458 83.8908227040001,27.7300187070001 83.895167642,27.731100645 83.89801608,27.72986402 83.9005792040001,27.731691395 83.9040808920001,27.7301255830001 83.906116205,27.7316704580001 83.90568183,27.7332721450001 83.906410017,27.735477207 83.9096994550001,27.73455877 83.9101047670001,27.7332051440001 83.9085491420001,27.7314035210001 83.9128863290001,27.7306052700001 83.915195393,27.7308910200001 83.9176099540001,27.7283584580001 83.918658517,27.7284607070001 83.9206482050001,27.7293711450001 83.923543018,27.7265612080001 83.9263277040001,27.726668832 83.9270532670001,27.7304645200001 83.930317954,27.73397727 83.9324362680001,27.7349101450001 83.9334679550001,27.736296145 83.936287705,27.7374573330001 83.9390177670001,27.7393358950001 83.9432577040001,27.7415558330001 83.9470412050001,27.744014582 83.9485748930001,27.743570645 83.9494893930001,27.745254269 83.9540596430001,27.7464495200001 83.9590306420001,27.74711677 83.961873456,27.7465872700001 83.962578642,27.7481150200001 83.965690517,27.7478992700001 83.9668115800001,27.7469089570001 83.969630329,27.7472029570001 83.9701843920001,27.7487848960001 83.973138142,27.7495955200001 83.974217518,27.747822146 83.978836018,27.7473535830001 83.98104333,27.7487980830001 83.98343508,27.749044332 83.987988392,27.747864645 83.9897758290001,27.748266458 83.995576455,27.7506360200001 83.996414079,27.7513039570001 83.9944260180001,27.753402395 83.994404704,27.7556407700001 83.995480705,27.7592037690001 83.9948258300001,27.7603748330001 83.995870267,27.762042394 83.99624133,27.766277707 84.0001474540001,27.7726612700001</coordinates></LinearRing></outerBoundaryIs></Polygon>
  </Placemark>
  <Placemark id="lumbini.16">
	<name>5</name>
	<description>PALPA</description>
	<Style><LineStyle><color>ff0000ff</color></LineStyle><PolyStyle><fill>0</fill></PolyStyle></Style>
	<ExtendedData><SchemaData schemaUrl="#lumbini">
		<SimpleData name="STATE_CODE">0</SimpleData>
		<SimpleData name="DISTRICT">Gaunpalika</SimpleData>
		<SimpleData name="GaPa_NaPa">5</SimpleData>
	</SchemaData></ExtendedData>
      <Polygon><outerBoundaryIs><LinearRing><coordinates>83.755950329,27.876177582 83.753930579,27.876595895 83.7511603930001,27.8760764570001 83.7491403280001,27.8766482090001 83.7473546410001,27.878368833 83.746298579,27.8804157070001 83.7462946410001,27.88265627 83.747686641,27.88510927 83.7495963920001,27.8862025830001 83.751744079,27.8865313960001 83.7517206420001,27.887621208 83.7489218910001,27.8911045190001 83.7466062060001,27.8887085210001 83.7446418920001,27.8881340190001 83.7345376420001,27.8905157070001 83.731033955,27.8911136460001 83.7308390160001,27.887789583 83.729804705,27.8844932710001 83.7304292050001,27.882777332 83.728884018,27.87992452 83.7286008290001,27.877778145 83.7297547680001,27.8756954580001 83.728565642,27.87140377 83.7272468300001,27.8693793950001 83.7255587050001,27.868584083 83.724407205,27.865551457 83.7221140170001,27.864851957 83.72079483,27.853878584 83.721388704,27.8518355200001 83.7259527670001,27.8493242710001 83.730625579,27.8484557080001 83.7357797670001,27.8496051450001 83.7378662040001,27.8467119580001 83.7428923300001,27.844460457 83.747545017,27.8430790830001 83.7518384540001,27.8438698950001 83.753686142,27.8432007710001 83.750621579,27.83967527 83.748931643,27.8359378330001 83.748465455,27.832376396 83.7471167670001,27.830135582 83.747937204,27.8275512070001 83.7467369550001,27.826341832 83.741978454,27.823941271 83.7373188290001,27.823930209 83.7338093910001,27.825293146 83.7327675160001,27.8267103960001 83.7314611420001,27.8254871440001 83.7300432040001,27.8255024580001 83.726444142,27.8235977080001 83.7224711420001,27.824162894 83.7208222040001,27.822356708 83.7173533910001,27.822096958 83.7148867050001,27.8214668320001 83.7119211420001,27.823207145 83.7101534540001,27.822330207 83.705783142,27.822706833 83.703679891,27.823803458 83.7004820170001,27.823282084 83.697790018,27.8251625830001 83.6953530170001,27.824931645 83.694882454,27.8238091440001 83.6910024540001,27.8188318960001 83.6898258300001,27.8165795830001 83.6887394540001,27.8158370830001 83.6859202040001,27.8155170200001 83.6825383300001,27.814225396 83.6815017040001,27.812776645 83.6811348300001,27.8106637700001 83.6839015800001,27.8101422070001 83.6860788920001,27.8060856450001 83.6854086430001,27.800790582 83.6865620170001,27.7965872070001 83.6893408910001,27.7941159580001 83.6926893310001,27.7917564580001 83.6958032040001,27.787013583 83.699728018,27.786327269 83.7023462670001,27.7835913330001 83.7054993300001,27.7826548950001 83.710304454,27.7801107700001 83.7127286410001,27.778179833 83.7163748300001,27.7770320820001 83.7165261420001,27.775100895 83.7177082050001,27.771084645 83.7169167040001,27.768618958 83.7177725170001,27.7632301460001 83.717322267,27.762121333 83.7181350180001,27.759981644 83.7197195800001,27.759102582 83.7241534550001,27.760153958 83.7280725160001,27.7597916460001 83.7316270790001,27.758589145 83.7383726410001,27.7578642070001 83.7467550800001,27.759939956 83.7488046430001,27.7594112080001 83.75254583,27.75743902 83.754128892,27.7576269580001 83.757312643,27.756465957 83.762542517,27.756691646 83.765660079,27.755607082 83.767895206,27.7563058330001 83.7642220180001,27.757301458 83.7634643920001,27.7583967690001 83.7678748930001,27.7621499570001 83.7705132680001,27.762185958 83.7755022050001,27.763460019 83.7759728290001,27.7643520820001 83.778594829,27.7650197080001 83.7807199550001,27.7664603960001 83.7850614540001,27.7675435210001 83.7894072660001,27.7660993330001 83.791939579,27.762781707 83.7931878910001,27.761772708 83.795573892,27.7614761450001 83.7969642670001,27.762364957 83.7980826420001,27.7645914570001 83.7984624540001,27.7711853320001 83.7971172680001,27.7733991440001 83.7975522040001,27.7779262080001 83.797274143,27.780295021 83.798047141,27.782627083 83.799122642,27.7832807070001 83.8046922660001,27.7833563950001 83.8079328920001,27.7847802700001 83.8118753910001,27.7848014570001 83.814719331,27.7842276440001 83.8172003910001,27.784411457 83.8161638300001,27.78710877 83.816986892,27.7891948330001 83.8213183920001,27.7923053960001 83.82536808,27.794485707 83.8281580170001,27.799117145 83.8301293920001,27.799293333 83.8342254550001,27.802552082 83.835768767,27.8033007700001 83.8379545170001,27.8031724580001 83.8400551410001,27.8037887080001 83.841042642,27.8055114580001 83.8448140790001,27.8051952710001 83.8496754540001,27.8023779580001 83.8506597670001,27.8009664580001 83.8570213290001,27.798687457 83.860022079,27.7993245210001 83.8622708290001,27.7983927070001 83.8644350170001,27.798225583 83.8663184540001,27.7964335830001 83.8683110800001,27.7963610200001 83.872977893,27.7982404570001 83.87432183,27.8007530830001 83.8732954550001,27.802293332 83.87493233,27.8049708950001 83.8740438300001,27.8074296450001 83.8758921420001,27.80865427 83.87597608,27.8104730200001 83.8738752040001,27.812271771 83.8756240160001,27.8145860820001 83.877458893,27.8185658960001 83.8798273300001,27.821000396 83.8801457050001,27.8246402710001 83.881171953,27.8265072080001 83.8838917040001,27.8249051440001 83.8874992040001,27.825993521 83.8917979550001,27.8266287710001 83.8926201410001,27.82939127 83.8952122050001,27.8311577700001 83.8912886420001,27.8330546450001 83.8900830170001,27.835206332 83.8876625790001,27.8368109580001 83.8870274540001,27.83789577 83.8816195800001,27.8385140190001 83.8803670180001,27.840970145 83.8789117040001,27.8425077700001 83.8763675160001,27.842042958 83.8751236430001,27.843790519 83.872711268,27.843289645 83.871875892,27.8456175200001 83.869606392,27.846357771 83.8657961420001,27.8446143950001 83.861429017,27.843671333 83.8598875810001,27.84382327 83.858196767,27.8424451450001 83.8540443300001,27.840547708 83.8525670800001,27.841367458 83.8514302670001,27.84631002 83.847705079,27.8463804570001 83.8447941410001,27.845305395 83.84408733,27.845859708 83.843978705,27.848799645 83.8425020170001,27.84820452 83.8402338930001,27.8459274570001 83.8367663920001,27.844470271 83.83107433,27.839858082 83.829365017,27.8345647080001 83.828188331,27.8332658950001 83.828314704,27.8307816450001 83.827240579,27.8280455820001 83.8250105160001,27.8267971450001 83.824599392,27.8224214570001 83.8234636430001,27.8225712080001 83.82200808,27.824879895 83.8202511420001,27.825410144 83.8153235170001,27.8282828330001 83.8107798930001,27.828597082 83.8091086430001,27.8297590820001 83.806301079,27.8300575820001 83.8032162040001,27.8324743320001 83.7995087040001,27.833861207 83.7958023290001,27.83692677 83.7945344550001,27.8385900820001 83.790774641,27.8400804570001 83.789676517,27.8425112080001 83.79008108,27.845000645 83.7912376410001,27.84714602 83.790611767,27.849559458 83.792389767,27.8527390840001 83.7935222680001,27.857009895 83.7929780810001,27.86263877 83.7922465170001,27.8636350200001 83.7925194540001,27.8664672080001 83.7894741410001,27.864953083 83.7886358910001,27.865335395 83.7854797670001,27.8647009580001 83.7819337670001,27.866037958 83.7792458920001,27.8683126450001 83.7746517040001,27.8669288340001 83.772458892,27.868267771 83.77147733,27.863958708 83.7699356410001,27.8610453950001 83.7683697670001,27.8596663320001 83.7676215160001,27.8575598950001 83.76519533,27.857077394 83.7621005180001,27.858491396 83.7587285160001,27.8586208950001 83.7556737040001,27.8618150200001 83.7577706420001,27.8665098330001 83.757317142,27.868059208 83.7571387040001,27.872061708 83.755826079,27.873399707 83.755950329,27.876177582</coordinates></LinearRing></outerBoundaryIs></Polygon>
  </Placemark>
  <Placemark id="lumbini.17">
	<name>5</name>
	<description>PALPA</description>
	<Style><LineStyle><color>ff0000ff</color></LineStyle><PolyStyle><fill>0</fill></PolyStyle></Style>
	<ExtendedData><SchemaData schemaUrl="#lumbini">
		<SimpleData name="STATE_CODE">0</SimpleData>
		<SimpleData name="DISTRICT">Gaunpalika</SimpleData>
		<SimpleData name="GaPa_NaPa">5</SimpleData>
	</SchemaData></ExtendedData>
      <Polygon><outerBoundaryIs><LinearRing><coordinates>83.394935079,27.9471511450001 83.3935705800001,27.94852152 83.3900980160001,27.9497629570001 83.3888576420001,27.951918957 83.387671266,27.952371708 83.3852235780001,27.9548450200001 83.3812752050001,27.95642702 83.3790129540001,27.9568162080001 83.37986183,27.9586792700001 83.3765100780001,27.957833771 83.373519828,27.95766002 83.3719748290001,27.956942208 83.3682269550001,27.95421752 83.365136641,27.9529149580001 83.3629333910001,27.951483271 83.3583759540001,27.9520871450001 83.3566260790001,27.9540825830001 83.355276642,27.95292777 83.349574767,27.950182145 83.34705583,27.9493128330001 83.3465892670001,27.94641577 83.3446675800001,27.943166583 83.3446206420001,27.939838395 83.3453160170001,27.9387022080001 83.3487067670001,27.9365093330001 83.3482161410001,27.9311054570001 83.3470360790001,27.9274672080001 83.3461832670001,27.9262650200001 83.3436015790001,27.9262166460001 83.341357578,27.925562896 83.3401948280001,27.9227662700001 83.3374513300001,27.922139395 83.3360631410001,27.9225343320001 83.329897079,27.920846082 83.3272517680001,27.9206233960001 83.323862767,27.9217823330001 83.3223103300001,27.9218288330001 83.3195492670001,27.923766895 83.3152952040001,27.92506352 83.3109642030001,27.9259557070001 83.3104068910001,27.9240125200001 83.3108177660001,27.918506958 83.3090742040001,27.9166164580001 83.308627017,27.9145790200001 83.2994774540001,27.9106317070001 83.3003145170001,27.9080456450001 83.303206516,27.9060342080001 83.308767704,27.9059313330001 83.311477079,27.9036502700001 83.313057767,27.901546207 83.3134336420001,27.8982832080001 83.3121818910001,27.892099208 83.3109156410001,27.889428207 83.3155199540001,27.8862899580001 83.3174626420001,27.885681457 83.3200697670001,27.882521958 83.322462579,27.881956082 83.322090141,27.879774646 83.3227365170001,27.8783292690001 83.325608517,27.877348333 83.3283734550001,27.877666457 83.3300300160001,27.8787936460001 83.3325050170001,27.8771223950001 83.331862017,27.8744230200001 83.3293689540001,27.8732082700001 83.3303501410001,27.871031207 83.3285935170001,27.8694635200001 83.325817892,27.86588277 83.323921329,27.8649980210001 83.3192165790001,27.859922957 83.314689704,27.8596275200001 83.3125958300001,27.85771277 83.309345954,27.8568910820001 83.3056979550001,27.858091207 83.305313766,27.85533652 83.3067788290001,27.853710332 83.311975455,27.851173144 83.306375578,27.848313395 83.3037017670001,27.846427208 83.3025098910001,27.844783082 83.3003788300001,27.844097645 83.299542016,27.842974333 83.2990335160001,27.8403318320001 83.295274454,27.838415082 83.294616078,27.835767332 83.292806392,27.833941769 83.294106142,27.830927145 83.2922718300001,27.828108645 83.2894044540001,27.826683707 83.288006329,27.8269269570001 83.2866327670001,27.825872958 83.284277016,27.8257366460001 83.2823092660001,27.8266380210001 83.2795780170001,27.827106584 83.276509203,27.8261383940001 83.2716622030001,27.8275050830001 83.2674488920001,27.8270428330001 83.2619616410001,27.8282477700001 83.260391892,27.8297014570001 83.254639829,27.830153395 83.251930142,27.831801645 83.2501531410001,27.83169952 83.2473248300001,27.8293781460001 83.2430938910001,27.82757252 83.2412978290001,27.82735502 83.237257829,27.824760645 83.2330145780001,27.82308777 83.2358302050001,27.822042895 83.2410857040001,27.816927521 83.2427335790001,27.8158986450001 83.243230704,27.8145250200001 83.244912641,27.813974645 83.2454782040001,27.8112250820001 83.247040391,27.8113238330001 83.2481748920001,27.8102469580001 83.247878267,27.8089208960001 83.2496236410001,27.808391145 83.2492332040001,27.80520527 83.2512626420001,27.8043725200001 83.2504111410001,27.800647208 83.2479999540001,27.7978362700001 83.247320517,27.7952648950001 83.2472456420001,27.7901538950001 83.249086704,27.7897420190001 83.251965017,27.7903239570001 83.254857391,27.78986802 83.2577029540001,27.788594958 83.260437891,27.7848257700001 83.260559017,27.782057895 83.2598605160001,27.780964333 83.2590163290001,27.775206145 83.2601058910001,27.7731023960001 83.259782391,27.7717964570001 83.2577587660001,27.7702806460001 83.2578316410001,27.7669303320001 83.258853704,27.7656023320001 83.261974642,27.759980458 83.261799453,27.7569944570001 83.2667323920001,27.755982707 83.2697454550001,27.756682332 83.2748553910001,27.75707477 83.281460328,27.756784333 83.2853815170001,27.756084833 83.2935178290001,27.7586898960001 83.296171642,27.760115957 83.2985205790001,27.760542958 83.300660453,27.7634802700001 83.302086392,27.766400457 83.3039946420001,27.7677007070001 83.307501453,27.765725957 83.3095500790001,27.765438332 83.3123241420001,27.763638083 83.3155080160001,27.7623519580001 83.316685142,27.7631926440001 83.3191918910001,27.7631508320001 83.3212699540001,27.764643458 83.3256605160001,27.762654583 83.3263483920001,27.7641245200001 83.3297173290001,27.767236644 83.3310669540001,27.767218332 83.3329325160001,27.765792333 83.336694267,27.7651470210001 83.3382433300001,27.7616639570001 83.3421803300001,27.7578310820001 83.3433273300001,27.7607585210001 83.3444365170001,27.7747712070001 83.3453492040001,27.777679457 83.346008517,27.7826082080001 83.349618579,27.782316144 83.3509441410001,27.7833963950001 83.3543478920001,27.784161458 83.355835767,27.7859148320001 83.3551259530001,27.789354707 83.3557957670001,27.790172333 83.3536446420001,27.7940048940001 83.3552892660001,27.7954837080001 83.3555389540001,27.7970936450001 83.3549750160001,27.799832458 83.3550063910001,27.8042933950001 83.3566233920001,27.8078005830001 83.3557850170001,27.809197833 83.3526541420001,27.811608769 83.3505590180001,27.8150060200001 83.3498297660001,27.8162705830001 83.3508372040001,27.8202826460001 83.353362142,27.822108583 83.351575891,27.8236819570001 83.3515370170001,27.8260622080001 83.3530543300001,27.827797645 83.351129267,27.8299592070001 83.351698641,27.8319091450001 83.350721891,27.8364645830001 83.3477302040001,27.838210395 83.3481279530001,27.84274752 83.349090892,27.8442480200001 83.3484297040001,27.847893395 83.349327767,27.8494297080001 83.351455641,27.8506220200001 83.3569356400001,27.8517081460001 83.3593614540001,27.8504490830001 83.360979141,27.8513275820001 83.3648776420001,27.849308083 83.370171455,27.8484592080001 83.3708244540001,27.84655102 83.373619079,27.84489627 83.377655142,27.8414263330001 83.3766111420001,27.8389418950001 83.377583454,27.838151958 83.3804563300001,27.8378061450001 83.3826359550001,27.84007452 83.381263141,27.8417967070001 83.3795720800001,27.842423146 83.380106642,27.8441719580001 83.3830997680001,27.8454759580001 83.3859668920001,27.8489455210001 83.38723458,27.849691207 83.3874519550001,27.852625457 83.3893573290001,27.8528888330001 83.3896363910001,27.8546906460001 83.3883002050001,27.861780895 83.3909506420001,27.864949333 83.3893165170001,27.87099577 83.389445455,27.874035645 83.3914592660001,27.873092333 83.394935828,27.8723247080001 83.3973866410001,27.8724076450001 83.4001575170001,27.8705085830001 83.4032782040001,27.869046457 83.404613392,27.8674367080001 83.412863954,27.8658091460001 83.4154187660001,27.8637035830001 83.4162840170001,27.867175208 83.416247018,27.8700518950001 83.4145820790001,27.87499977 83.414566392,27.876073707 83.416184205,27.8791695210001 83.4166863290001,27.881362521 83.419894018,27.8836120830001 83.421667142,27.8873177070001 83.4209616410001,27.8903946450001 83.420798205,27.893595707 83.419814767,27.895378583 83.4180559550001,27.896334584 83.4154705180001,27.900294833 83.415855891,27.90219402 83.4127465170001,27.904292707 83.411404954,27.904684145 83.409573767,27.907984082 83.4079768290001,27.912282271 83.4032082040001,27.914628583 83.399760079,27.922420457 83.397345767,27.923170333 83.39561258,27.925112207 83.398097954,27.9301275830001 83.3964897660001,27.9327017700001 83.3967920170001,27.93592052 83.3950015790001,27.936637021 83.3943697660001,27.9378594570001 83.394589393,27.940561207 83.395353142,27.942288396 83.397132454,27.943354395 83.395186267,27.944873396 83.394935079,27.9471511450001</coordinates></LinearRing></outerBoundaryIs></Polygon>
  </Placemark>
  <Placemark id="lumbini.18">
	<name>5</name>
	<description>PALPA</description>
	<Style><LineStyle><color>ff0000ff</color></LineStyle><PolyStyle><fill>0</fill></PolyStyle></Style>
	<ExtendedData><SchemaData schemaUrl="#lumbini">
		<SimpleData name="STATE_CODE">0</SimpleData>
		<SimpleData name="DISTRICT">Gaunpalika</SimpleData>
		<SimpleData name="GaPa_NaPa">5</SimpleData>
	</SchemaData></ExtendedData>
      <Polygon><outerBoundaryIs><LinearRing><coordinates>83.7591586410001,27.9029237080001 83.7571400800001,27.903459395 83.7527597050001,27.906894896 83.7467891420001,27.90776627 83.7449884540001,27.906068395 83.744923267,27.904060083 83.748012266,27.903233207 83.7495570790001,27.901218769 83.7483377040001,27.8996664580001 83.7447972050001,27.900005145 83.7370330800001,27.9044694580001 83.736474329,27.907611645 83.7352875160001,27.9086336450001 83.7293932680001,27.9107860830001 83.7249725170001,27.913891145 83.7225013290001,27.91870127 83.7211560170001,27.920025332 83.7193570790001,27.9199065820001 83.715818142,27.917573083 83.7131687660001,27.916423582 83.7111130790001,27.916279332 83.708457643,27.91688527 83.7056986420001,27.9181203960001 83.7027999530001,27.918204395 83.7001973920001,27.9168178950001 83.697783455,27.9180874580001 83.6948538920001,27.921569332 83.692244954,27.923549145 83.689758705,27.922708707 83.68910858,27.9196566460001 83.688090329,27.9179552090001 83.6855237670001,27.916157958 83.6830827050001,27.91720152 83.681648329,27.91969377 83.681746204,27.920783833 83.6842008290001,27.922750271 83.683801455,27.924249832 83.6812459540001,27.926346896 83.6776962040001,27.9273110840001 83.6754904540001,27.9265545210001 83.6720617670001,27.9241140820001 83.6678993930001,27.919600395 83.6656841430001,27.916016395 83.6597265790001,27.907495333 83.657009267,27.902296645 83.651215016,27.902198583 83.6483455790001,27.9003298330001 83.646801705,27.898351582 83.644807955,27.899989083 83.64375033,27.902062207 83.6425487670001,27.902104207 83.6381121420001,27.900292021 83.6356133290001,27.899685269 83.6354319550001,27.898294895 83.637445955,27.8972848340001 83.637550704,27.895662771 83.63917308,27.895346583 83.639556079,27.8926241460001 83.6428896420001,27.889663458 83.642956267,27.887350833 83.6437273920001,27.88626527 83.6445191430001,27.882961708 83.6450471420001,27.8776741450001 83.647529079,27.8717777700001 83.6504417040001,27.8702395820001 83.6524897050001,27.8672212070001 83.652424953,27.8661289570001 83.65467283,27.8634788320001 83.655476078,27.861569645 83.6571655800001,27.8611428950001 83.6570577050001,27.8584011460001 83.6562041430001,27.8544322710001 83.6571342670001,27.8531213950001 83.65625558,27.8520022700001 83.657439454,27.850238457 83.659719453,27.8489489580001 83.6613348930001,27.8487701440001 83.6641690800001,27.847017082 83.667023767,27.846396708 83.667638266,27.8443674580001 83.665588079,27.8408402690001 83.664506454,27.8399824580001 83.6597383910001,27.840737958 83.6575843300001,27.8398865190001 83.6562643920001,27.8385451460001 83.6563201420001,27.836555146 83.6592840800001,27.8353260210001 83.6601873290001,27.834148145 83.659843455,27.8308642700001 83.6626935790001,27.827685208 83.6619852040001,27.8271464580001 83.6565210790001,27.825345896 83.6569789530001,27.8230116460001 83.655074643,27.8223390200001 83.6506713910001,27.819769208 83.6490094540001,27.8200222070001 83.6467408300001,27.8188227700001 83.6439026410001,27.8190433950001 83.6361917040001,27.8177732710001 83.6350343920001,27.8150196450001 83.6438935790001,27.81326477 83.64644358,27.8133479580001 83.6489738290001,27.811768208 83.650995767,27.8121772710001 83.6533868290001,27.8108587080001 83.656136829,27.8107572710001 83.658581392,27.811866708 83.6610612680001,27.811010894 83.6629893290001,27.812161895 83.6652770170001,27.8112806450001 83.668927517,27.812277771 83.6700310790001,27.8104211450001 83.6716202040001,27.8093080200001 83.6754550800001,27.808895083 83.6773989550001,27.810734145 83.679742328,27.809530146 83.6811348300001,27.8106637700001 83.6815017040001,27.812776645 83.6825383300001,27.814225396 83.6859202040001,27.8155170200001 83.6887394540001,27.8158370830001 83.6898258300001,27.8165795830001 83.6910024540001,27.8188318960001 83.694882454,27.8238091440001 83.6953530170001,27.824931645 83.697790018,27.8251625830001 83.7004820170001,27.823282084 83.703679891,27.823803458 83.705783142,27.822706833 83.7101534540001,27.822330207 83.7119211420001,27.823207145 83.7148867050001,27.8214668320001 83.7173533910001,27.822096958 83.7208222040001,27.822356708 83.7224711420001,27.824162894 83.726444142,27.8235977080001 83.7300432040001,27.8255024580001 83.7314611420001,27.8254871440001 83.7327675160001,27.8267103960001 83.7338093910001,27.825293146 83.7373188290001,27.823930209 83.741978454,27.823941271 83.7467369550001,27.826341832 83.747937204,27.8275512070001 83.7471167670001,27.830135582 83.748465455,27.832376396 83.748931643,27.8359378330001 83.750621579,27.83967527 83.753686142,27.8432007710001 83.7518384540001,27.8438698950001 83.747545017,27.8430790830001 83.7428923300001,27.844460457 83.7378662040001,27.8467119580001 83.7357797670001,27.8496051450001 83.730625579,27.8484557080001 83.7259527670001,27.8493242710001 83.721388704,27.8518355200001 83.72079483,27.853878584 83.7221140170001,27.864851957 83.724407205,27.865551457 83.7255587050001,27.868584083 83.7272468300001,27.8693793950001 83.728565642,27.87140377 83.7297547680001,27.8756954580001 83.7286008290001,27.877778145 83.728884018,27.87992452 83.7304292050001,27.882777332 83.729804705,27.8844932710001 83.7308390160001,27.887789583 83.731033955,27.8911136460001 83.7345376420001,27.8905157070001 83.7446418920001,27.8881340190001 83.7466062060001,27.8887085210001 83.7489218910001,27.8911045190001 83.7517206420001,27.887621208 83.751744079,27.8865313960001 83.7495963920001,27.8862025830001 83.747686641,27.88510927 83.7462946410001,27.88265627 83.746298579,27.8804157070001 83.7473546410001,27.878368833 83.7491403280001,27.8766482090001 83.7511603930001,27.8760764570001 83.753930579,27.876595895 83.755950329,27.876177582 83.757469454,27.879740833 83.756046455,27.8828588960001 83.7578923300001,27.8838775200001 83.757739455,27.885371021 83.756125705,27.886861896 83.7554980800001,27.889712833 83.7566066420001,27.894845832 83.7592319540001,27.90007402 83.7591586410001,27.9029237080001</coordinates></LinearRing></outerBoundaryIs></Polygon>
  </Placemark>
  <Placemark id="lumbini.19">
	<name>5</name>
	<description>PALPA</description>
	<Style><LineStyle><color>ff0000ff</color></LineStyle><PolyStyle><fill>0</fill></PolyStyle></Style>
	<ExtendedData><SchemaData schemaUrl="#lumbini">
		<SimpleData name="STATE_CODE">0</SimpleData>
		<SimpleData name="DISTRICT">Nagarpalika</SimpleData>
		<SimpleData name="GaPa_NaPa">5</SimpleData>
	</SchemaData></ExtendedData>
      <Polygon><outerBoundaryIs><LinearRing><coordinates>83.9443300170001,27.875806895 83.9431094540001,27.877160207 83.941278454,27.8778905200001 83.938775891,27.87739077 83.9376405790001,27.875506145 83.934270267,27.872282457 83.9317142040001,27.870902582 83.9278033290001,27.8680958320001 83.926236954,27.868196583 83.9226840790001,27.87124527 83.9213510160001,27.8715784570001 83.915891892,27.870918644 83.9131097040001,27.8722910820001 83.9125963920001,27.8739492070001 83.915767579,27.8769274570001 83.9150952040001,27.878237832 83.9122000790001,27.8800683320001 83.90959108,27.8808878950001 83.9002982040001,27.883022957 83.8944446420001,27.8859292700001 83.8906621410001,27.885136582 83.886309392,27.8823532070001 83.883059954,27.882151895 83.8823130790001,27.883579582 83.8822759540001,27.8873950820001 83.879615142,27.88817577 83.8753685760001,27.8854214580001 83.8721666420001,27.8844799570001 83.8642440850001,27.882816088 83.8623338360001,27.880986518 83.8622040210001,27.8792173960001 83.8632550790001,27.877176395 83.862452267,27.8741836450001 83.8598199,27.873242271 83.857286641,27.8732645200001 83.853801767,27.874244645 83.8529279570001,27.8756133360001 83.8539220170001,27.879427707 83.8526149470001,27.8812765770001 83.848012575,27.8816619450001 83.8461750060001,27.8807302640001 83.8462304540001,27.878081395 83.8485270910001,27.875522833 83.849427464,27.873328336 83.8490865080001,27.870175771 83.847566891,27.86830352 83.844172454,27.8680063940001 83.8413986420001,27.868506457 83.833501766,27.871448511 83.830055454,27.8732358880001 83.8257236460001,27.87628339 83.8232473910001,27.8775167700001 83.822166204,27.87732127 83.8199932620001,27.875154588 83.8181097670001,27.873974332 83.8125912660001,27.873603582 83.8096588290001,27.873006145 83.806181398,27.87471845 83.8000267040001,27.88181502 83.798075145,27.8828411330001 83.794466652,27.8832690200001 83.7912446350001,27.8847782130001 83.7893763230001,27.886501519 83.7869042730001,27.8897807700001 83.7834669420001,27.896122645 83.7805581810001,27.899759857 83.7771150740001,27.9031434510001 83.771423262,27.9063539630001 83.768577157,27.906786959 83.764317695,27.9097762100001 83.7585214540001,27.90918852 83.7583440160001,27.907306394 83.7602610160001,27.9044780190001 83.7591586410001,27.9029237080001 83.7592319540001,27.90007402 83.7566066420001,27.894845832 83.7554980800001,27.889712833 83.756125705,27.886861896 83.757739455,27.885371021 83.7578923300001,27.8838775200001 83.756046455,27.8828588960001 83.757469454,27.879740833 83.755950329,27.876177582 83.755826079,27.873399707 83.7571387040001,27.872061708 83.757317142,27.868059208 83.7577706420001,27.8665098330001 83.7556737040001,27.8618150200001 83.7587285160001,27.8586208950001 83.7621005180001,27.858491396 83.76519533,27.857077394 83.7676215160001,27.8575598950001 83.7683697670001,27.8596663320001 83.7699356410001,27.8610453950001 83.77147733,27.863958708 83.772458892,27.868267771 83.7746517040001,27.8669288340001 83.7792458920001,27.8683126450001 83.7819337670001,27.866037958 83.7854797670001,27.8647009580001 83.7886358910001,27.865335395 83.7894741410001,27.864953083 83.7925194540001,27.8664672080001 83.7922465170001,27.8636350200001 83.7929780810001,27.86263877 83.7935222680001,27.857009895 83.792389767,27.8527390840001 83.790611767,27.849559458 83.7912376410001,27.84714602 83.79008108,27.845000645 83.789676517,27.8425112080001 83.790774641,27.8400804570001 83.7945344550001,27.8385900820001 83.7958023290001,27.83692677 83.7995087040001,27.833861207 83.8032162040001,27.8324743320001 83.806301079,27.8300575820001 83.8091086430001,27.8297590820001 83.8107798930001,27.828597082 83.8153235170001,27.8282828330001 83.8202511420001,27.825410144 83.82200808,27.824879895 83.8234636430001,27.8225712080001 83.824599392,27.8224214570001 83.8250105160001,27.8267971450001 83.827240579,27.8280455820001 83.828314704,27.8307816450001 83.828188331,27.8332658950001 83.829365017,27.8345647080001 83.83107433,27.839858082 83.8367663920001,27.844470271 83.8402338930001,27.8459274570001 83.8425020170001,27.84820452 83.843978705,27.848799645 83.84408733,27.845859708 83.8447941410001,27.845305395 83.847705079,27.8463804570001 83.8514302670001,27.84631002 83.8525670800001,27.841367458 83.8540443300001,27.840547708 83.858196767,27.8424451450001 83.8598875810001,27.84382327 83.861429017,27.843671333 83.8657961420001,27.8446143950001 83.869606392,27.846357771 83.871875892,27.8456175200001 83.872711268,27.843289645 83.8751236430001,27.843790519 83.8763675160001,27.842042958 83.8789117040001,27.8425077700001 83.8803670180001,27.840970145 83.8816195800001,27.8385140190001 83.8870274540001,27.83789577 83.8876625790001,27.8368109580001 83.8900830170001,27.835206332 83.8912886420001,27.8330546450001 83.8952122050001,27.8311577700001 83.8926201410001,27.82939127 83.8917979550001,27.8266287710001 83.8945208920001,27.82650002 83.8974213930001,27.824155521 83.9011194560001,27.823118019 83.9042640800001,27.818178646 83.9076779540001,27.8118607070001 83.9107760800001,27.8087262700001 83.9120012050001,27.8083028950001 83.915768142,27.804679208 83.91692133,27.804941645 83.919387392,27.8027363950001 83.9212320170001,27.80611752 83.9233945170001,27.8061051450001 83.9258165790001,27.8095700820001 83.9284566420001,27.8108598960001 83.9307530790001,27.810351145 83.932613018,27.808711644 83.9341492040001,27.811059083 83.935700518,27.812068395 83.9408433930001,27.8116510200001 83.9428691420001,27.812380707 83.9468453920001,27.810994582 83.9485315810001,27.811450957 83.9499880810001,27.813301832 83.9499542670001,27.814389395 83.9481801420001,27.8160494570001 83.9478000170001,27.8174776450001 83.9490657040001,27.8191523950001 83.9521003300001,27.8196453940001 83.9533366420001,27.8182265200001 83.9547950800001,27.8180148960001 83.9598680170001,27.8143113950001 83.9621342670001,27.8145850820001 83.96474383,27.816733895 83.967004955,27.8174835830001 83.968311767,27.8193318960001 83.972112892,27.820269146 83.976716018,27.8184107070001 83.9779683930001,27.8174518330001 83.978691768,27.8139094580001 83.9813850800001,27.8123732080001 83.9835099540001,27.8119177070001 83.9854545790001,27.812283458 83.987798705,27.8113337070001 83.988782643,27.8094564580001 83.9904810790001,27.8087863330001 83.9888053920001,27.813310458 83.989597018,27.8153796450001 83.9872357680001,27.817890833 83.9872637660001,27.8232723940001 83.986462267,27.8261063960001 83.9851657680001,27.827180395 83.98838908,27.832137957 83.989599893,27.835069145 83.9910869550001,27.8362110200001 83.9921355170001,27.8383005200001 83.9976429540001,27.842021582 83.998156329,27.844088458 83.997286204,27.845356521 83.9972826420001,27.8477032070001 83.998817268,27.850429019 84.0008666420001,27.8509005830001 84.0022690800001,27.8530735210001 84.00228558,27.8545717700001 84.0000000160001,27.8558850200001 83.9994176420001,27.858430207 83.9999085790001,27.860591895 83.998410204,27.86450677 83.9963585790001,27.8660500820001 83.9911895170001,27.8666072070001 83.986830642,27.865548582 83.982975954,27.8653947070001 83.9776450790001,27.867036645 83.9756111410001,27.8689045830001 83.975199891,27.871246645 83.9728955790001,27.8723473320001 83.970563579,27.8700904570001 83.9685052040001,27.870241207 83.9643926410001,27.8721062700001 83.9603555790001,27.8728293950001 83.9566732040001,27.870560708 83.9536867670001,27.8692915820001 83.9508578290001,27.8692116450001 83.9472965790001,27.87122752 83.9443300170001,27.875806895</coordinates></LinearRing></outerBoundaryIs></Polygon>
  </Placemark>
  <Placemark id="lumbini.20">
	<name>5</name>
	<description>PALPA</description>
	<Style><LineStyle><color>ff0000ff</color></LineStyle><PolyStyle><fill>0</fill></PolyStyle></Style>
	<ExtendedData><SchemaData schemaUrl="#lumbini">
		<SimpleData name="STATE_CODE">0</SimpleData>
		<SimpleData name="DISTRICT">Gaunpalika</SimpleData>
		<SimpleData name="GaPa_NaPa">5</SimpleData>
	</SchemaData></ExtendedData>
      <Polygon><outerBoundaryIs><LinearRing><coordinates>83.4213667670001,27.93065152 83.4204074530001,27.930457957 83.414852017,27.9312083950001 83.4127243290001,27.9307931450001 83.4113623920001,27.931877145 83.407088704,27.9340519580001 83.4021374530001,27.9344412070001 83.400927955,27.935162458 83.4006808920001,27.940235896 83.3996158290001,27.941970833 83.397132454,27.943354395 83.395353142,27.942288396 83.394589393,27.940561207 83.3943697660001,27.9378594570001 83.3950015790001,27.936637021 83.3967920170001,27.93592052 83.3964897660001,27.9327017700001 83.398097954,27.9301275830001 83.39561258,27.925112207 83.397345767,27.923170333 83.399760079,27.922420457 83.4032082040001,27.914628583 83.4079768290001,27.912282271 83.409573767,27.907984082 83.411404954,27.904684145 83.4127465170001,27.904292707 83.415855891,27.90219402 83.4154705180001,27.900294833 83.4180559550001,27.896334584 83.419814767,27.895378583 83.420798205,27.893595707 83.4209616410001,27.8903946450001 83.421667142,27.8873177070001 83.419894018,27.8836120830001 83.4166863290001,27.881362521 83.416184205,27.8791695210001 83.414566392,27.876073707 83.4145820790001,27.87499977 83.416247018,27.8700518950001 83.4162840170001,27.867175208 83.4154187660001,27.8637035830001 83.412863954,27.8658091460001 83.404613392,27.8674367080001 83.4032782040001,27.869046457 83.4001575170001,27.8705085830001 83.3973866410001,27.8724076450001 83.394935828,27.8723247080001 83.3914592660001,27.873092333 83.389445455,27.874035645 83.3893165170001,27.87099577 83.3909506420001,27.864949333 83.3883002050001,27.861780895 83.3896363910001,27.8546906460001 83.3893573290001,27.8528888330001 83.3874519550001,27.852625457 83.38723458,27.849691207 83.3859668920001,27.8489455210001 83.3830997680001,27.8454759580001 83.380106642,27.8441719580001 83.3795720800001,27.842423146 83.381263141,27.8417967070001 83.3826359550001,27.84007452 83.3804563300001,27.8378061450001 83.377583454,27.838151958 83.3766111420001,27.8389418950001 83.377655142,27.8414263330001 83.373619079,27.84489627 83.3708244540001,27.84655102 83.370171455,27.8484592080001 83.3648776420001,27.849308083 83.360979141,27.8513275820001 83.3593614540001,27.8504490830001 83.3569356400001,27.8517081460001 83.351455641,27.8506220200001 83.349327767,27.8494297080001 83.3484297040001,27.847893395 83.349090892,27.8442480200001 83.3481279530001,27.84274752 83.3477302040001,27.838210395 83.350721891,27.8364645830001 83.351698641,27.8319091450001 83.351129267,27.8299592070001 83.3530543300001,27.827797645 83.3515370170001,27.8260622080001 83.351575891,27.8236819570001 83.353362142,27.822108583 83.3508372040001,27.8202826460001 83.3498297660001,27.8162705830001 83.3505590180001,27.8150060200001 83.3529272040001,27.8158971440001 83.3555925790001,27.8143933330001 83.3604483290001,27.812825145 83.3646565170001,27.8128084570001 83.3692761410001,27.810785396 83.373976391,27.8097260210001 83.37671808,27.810000146 83.378736141,27.812637895 83.3790460160001,27.816328394 83.3824714530001,27.8198140210001 83.385863267,27.8204090200001 83.3889087030001,27.8184482710001 83.3933433290001,27.81206202 83.3969488290001,27.8104125830001 83.3992042040001,27.805695396 83.403881642,27.802326583 83.4068657660001,27.8011728330001 83.4100688290001,27.798860269 83.4111480160001,27.7972515820001 83.4146690800001,27.7945205830001 83.417492204,27.794094769 83.419073579,27.791969146 83.4219059540001,27.79135602 83.4233227030001,27.793221207 83.4286592660001,27.7945700830001 83.4298217030001,27.79913277 83.4291724550001,27.8011269570001 83.4294801410001,27.8033124570001 83.4307458920001,27.80469177 83.4306416410001,27.8069792690001 83.4323880170001,27.8106711450001 83.433736266,27.8117597070001 83.4359997660001,27.810936333 83.444251954,27.8066443330001 83.445594268,27.80666102 83.4460990160001,27.8045803950001 83.4474977660001,27.8029163320001 83.448521579,27.8005467080001 83.4498690170001,27.80079577 83.4554655800001,27.7988729570001 83.458158579,27.798545082 83.4589226410001,27.8001478320001 83.459387517,27.803441707 83.4581060790001,27.8050409580001 83.4563633290001,27.8055463320001 83.4549119550001,27.807043333 83.452433016,27.806708583 83.4505105170001,27.807452332 83.4499767670001,27.809508082 83.448559204,27.81043427 83.4512480800001,27.8121710830001 83.455571955,27.81158127 83.4601985800001,27.812486145 83.4607228290001,27.8144467070001 83.463828392,27.814862707 83.468122829,27.8162737700001 83.469587828,27.8173173330001 83.4746584530001,27.8170930200001 83.476939079,27.8142450830001 83.4782102680001,27.813834769 83.4814675790001,27.816708082 83.4806462660001,27.8175759580001 83.482520267,27.820042458 83.4813171420001,27.821793396 83.4816406410001,27.8234868960001 83.4853157050001,27.8260029570001 83.4876525780001,27.828642582 83.48892908,27.8318062070001 83.4872563920001,27.8334855210001 83.4888051410001,27.8374015200001 83.4911671420001,27.8414017700001 83.4908147040001,27.8431559570001 83.4916158290001,27.844605207 83.4935957040001,27.8456752710001 83.494975454,27.8484737700001 83.494098454,27.850431207 83.491232767,27.8514676450001 83.490732016,27.8537830830001 83.492127016,27.854408769 83.4933450790001,27.8578248330001 83.494450892,27.859356457 83.4943817660001,27.861671207 83.4952810170001,27.862798207 83.4934278920001,27.8652553330001 83.493063454,27.8673163940001 83.493818204,27.869223457 83.493565641,27.8710569580001 83.491571391,27.8771913950001 83.4919249530001,27.8799793320001 83.4887698300001,27.883345395 83.488832705,27.88570352 83.490189329,27.885453582 83.4921632040001,27.886604832 83.4933656420001,27.8890664580001 83.491493829,27.8943958950001 83.4887901420001,27.8965248320001 83.4862410160001,27.8960189580001 83.483007704,27.896119707 83.480645392,27.8969343950001 83.477939517,27.9012360200001 83.4739512660001,27.904460957 83.471611141,27.904612209 83.4702435180001,27.90649102 83.4693889530001,27.90926302 83.4699957670001,27.9123113950001 83.4662502670001,27.9127121440001 83.4617381410001,27.911785271 83.4555894540001,27.911156396 83.4514590780001,27.91113102 83.4445327050001,27.914767521 83.445685955,27.9161913950001 83.4451630790001,27.917297208 83.4509353290001,27.9198406450001 83.453518704,27.919550832 83.4558027670001,27.9226465200001 83.4551920790001,27.924061083 83.4524372660001,27.9242554570001 83.4493935790001,27.92599877 83.444871891,27.926623707 83.4425187030001,27.927949896 83.4377038910001,27.9271925210001 83.436115391,27.9265903960001 83.4337405790001,27.9279547080001 83.430463079,27.9291596460001 83.429111203,27.928558332 83.4285002680001,27.926428145 83.4270609540001,27.926036332 83.4255655800001,27.9243039570001 83.4226947050001,27.925837583 83.4231125790001,27.9278700200001 83.4213667670001,27.93065152</coordinates></LinearRing></outerBoundaryIs></Polygon>
  </Placemark>
  <Placemark id="lumbini.21">
	<name>5</name>
	<description>PALPA</description>
	<Style><LineStyle><color>ff0000ff</color></LineStyle><PolyStyle><fill>0</fill></PolyStyle></Style>
	<ExtendedData><SchemaData schemaUrl="#lumbini">
		<SimpleData name="STATE_CODE">0</SimpleData>
		<SimpleData name="DISTRICT">Nagarpalika</SimpleData>
		<SimpleData name="GaPa_NaPa">5</SimpleData>
	</SchemaData></ExtendedData>
      <Polygon><outerBoundaryIs><LinearRing><coordinates>83.5297036410001,27.928090207 83.5273903290001,27.9247699580001 83.5261021430001,27.9239464570001 83.523916893,27.9257214570001 83.5250666410001,27.929089644 83.5241693300001,27.93086902 83.521324829,27.9333231460001 83.5181431410001,27.9374433950001 83.5162258290001,27.938731832 83.5110763910001,27.9405570210001 83.5080862040001,27.94013577 83.50538233,27.937871957 83.5056967040001,27.935289583 83.5090042670001,27.9332594580001 83.5114499540001,27.9333403320001 83.5107517050001,27.93091452 83.5079435170001,27.9283729580001 83.5033054530001,27.9269144580001 83.5000002040001,27.9267897080001 83.4976918300001,27.92729352 83.4946694550001,27.928963396 83.4915922050001,27.92848952 83.488229704,27.923542458 83.4858881420001,27.9225251460001 83.4831547680001,27.9236927690001 83.479828141,27.9245602080001 83.4756019540001,27.9263740820001 83.472663142,27.9270487700001 83.4695360800001,27.9284875820001 83.4671759540001,27.9310777700001 83.462509266,27.93422302 83.4549761420001,27.9326613330001 83.452342892,27.9293679570001 83.450110517,27.928474583 83.4447973920001,27.9319460830001 83.442298205,27.9325451450001 83.4427123280001,27.935265707 83.4402144540001,27.9355962710001 83.4388195170001,27.934992707 83.435717642,27.935548582 83.4352670160001,27.938974145 83.4343380160001,27.9395817710001 83.4294532050001,27.939685707 83.4268447050001,27.936931208 83.4268784550001,27.9348645200001 83.424368767,27.9336424570001 83.4213667670001,27.93065152 83.4231125790001,27.9278700200001 83.4226947050001,27.925837583 83.4255655800001,27.9243039570001 83.4270609540001,27.926036332 83.4285002680001,27.926428145 83.429111203,27.928558332 83.430463079,27.9291596460001 83.4337405790001,27.9279547080001 83.436115391,27.9265903960001 83.4377038910001,27.9271925210001 83.4425187030001,27.927949896 83.444871891,27.926623707 83.4493935790001,27.92599877 83.4524372660001,27.9242554570001 83.4551920790001,27.924061083 83.4558027670001,27.9226465200001 83.453518704,27.919550832 83.4509353290001,27.9198406450001 83.4451630790001,27.917297208 83.445685955,27.9161913950001 83.4445327050001,27.914767521 83.4514590780001,27.91113102 83.4555894540001,27.911156396 83.4617381410001,27.911785271 83.4662502670001,27.9127121440001 83.4699957670001,27.9123113950001 83.4693889530001,27.90926302 83.4702435180001,27.90649102 83.471611141,27.904612209 83.4739512660001,27.904460957 83.477939517,27.9012360200001 83.480645392,27.8969343950001 83.483007704,27.896119707 83.4862410160001,27.8960189580001 83.4887901420001,27.8965248320001 83.491493829,27.8943958950001 83.4933656420001,27.8890664580001 83.4921632040001,27.886604832 83.490189329,27.885453582 83.488832705,27.88570352 83.4887698300001,27.883345395 83.4919249530001,27.8799793320001 83.491571391,27.8771913950001 83.493565641,27.8710569580001 83.493818204,27.869223457 83.493063454,27.8673163940001 83.4934278920001,27.8652553330001 83.4952810170001,27.862798207 83.4943817660001,27.861671207 83.494450892,27.859356457 83.4933450790001,27.8578248330001 83.492127016,27.854408769 83.490732016,27.8537830830001 83.491232767,27.8514676450001 83.494098454,27.850431207 83.494975454,27.8484737700001 83.4935957040001,27.8456752710001 83.4916158290001,27.844605207 83.4908147040001,27.8431559570001 83.4911671420001,27.8414017700001 83.4888051410001,27.8374015200001 83.4872563920001,27.8334855210001 83.48892908,27.8318062070001 83.4876525780001,27.828642582 83.490664268,27.827184833 83.492395017,27.826913645 83.495536766,27.8285181460001 83.4994692050001,27.8292545200001 83.5017928290001,27.8289289580001 83.5011001410001,27.8271371450001 83.497006017,27.823852833 83.4953932670001,27.821949395 83.4951097040001,27.82008677 83.497033204,27.818358645 83.501307017,27.8181056450001 83.50466908,27.816305894 83.506973266,27.8158650830001 83.5074547040001,27.814343771 83.5108215170001,27.812293395 83.513221016,27.812430519 83.516216204,27.8117370200001 83.517226829,27.8083717690001 83.51643633,27.8060833320001 83.5164040160001,27.8012658330001 83.517281267,27.7981482700001 83.5200633910001,27.7984084570001 83.5215304540001,27.796867896 83.5242817050001,27.797585896 83.5275825160001,27.79548527 83.5294567670001,27.797181707 83.5302504540001,27.7950182700001 83.531734455,27.7958468950001 83.534029204,27.7947422710001 83.5353730790001,27.7961615200001 83.5376232670001,27.7962006450001 83.5390522660001,27.7955013960001 83.5403500800001,27.79709202 83.5424232670001,27.796324957 83.546728455,27.796537707 83.548436392,27.793643832 83.550481205,27.7954195830001 83.5483901410001,27.7970823950001 83.549836204,27.7987703950001 83.552587767,27.7984002700001 83.555541266,27.7997523330001 83.5583767040001,27.7972996450001 83.559953766,27.798875208 83.5627908290001,27.798525458 83.5640830790001,27.7993125200001 83.5625037660001,27.801137458 83.5655757040001,27.8041165830001 83.5698266420001,27.8060274580001 83.5728363280001,27.805621645 83.5754373300001,27.804176521 83.5759113920001,27.8062697080001 83.577297392,27.8066552700001 83.579266078,27.8046463330001 83.5813116410001,27.8097271460001 83.585139391,27.8146892070001 83.581589142,27.8175305830001 83.5797131410001,27.818052896 83.5793031410001,27.82039602 83.5779949550001,27.8214999570001 83.5765277660001,27.8263669580001 83.574885705,27.829204958 83.5721542050001,27.831795895 83.571158891,27.834453082 83.5686499540001,27.8355170830001 83.571765892,27.8373679590001 83.5744006420001,27.8374889580001 83.576801704,27.8407387080001 83.5777612670001,27.8442503320001 83.5730038930001,27.8473585190001 83.5722362670001,27.8492943950001 83.5697450800001,27.849480708 83.5671216430001,27.850925583 83.567524205,27.8522513950001 83.566794267,27.855523082 83.5654007670001,27.8587092070001 83.567604891,27.862148082 83.5685658290001,27.865531145 83.5697228920001,27.8677098960001 83.5712240180001,27.8688066460001 83.5710334550001,27.870791646 83.5749435160001,27.871579895 83.5739208910001,27.87334352 83.5749819540001,27.8760386450001 83.571348205,27.878545521 83.5695677040001,27.880640645 83.5672433920001,27.882036832 83.5662004540001,27.8837438960001 83.5612403920001,27.884964708 83.559342642,27.886483958 83.5573043300001,27.886470645 83.555311079,27.8874163940001 83.5530104540001,27.886594395 83.55016858,27.889150645 83.54564658,27.8878361440001 83.544796267,27.8884922080001 83.5458101420001,27.8903254570001 83.5414018280001,27.89390752 83.5405678920001,27.8968989580001 83.540031641,27.901060209 83.5421878930001,27.902644583 83.543513579,27.904959396 83.542325642,27.908312896 83.543438016,27.911450707 83.5426375800001,27.913711146 83.540467328,27.9158113330001 83.5405883910001,27.9171520200001 83.538871391,27.9191251450001 83.5370282040001,27.9199898950001 83.537341455,27.921371833 83.535180267,27.92402702 83.530885454,27.926065769 83.5297036410001,27.928090207</coordinates></LinearRing></outerBoundaryIs></Polygon>
  </Placemark>
  <Placemark id="lumbini.22">
	<name>5</name>
	<description>PALPA</description>
	<Style><LineStyle><color>ff0000ff</color></LineStyle><PolyStyle><fill>0</fill></PolyStyle></Style>
	<ExtendedData><SchemaData schemaUrl="#lumbini">
		<SimpleData name="STATE_CODE">0</SimpleData>
		<SimpleData name="DISTRICT">Gaunpalika</SimpleData>
		<SimpleData name="GaPa_NaPa">5</SimpleData>
	</SchemaData></ExtendedData>
      <Polygon><outerBoundaryIs><LinearRing><coordinates>83.579266078,27.8046463330001 83.577297392,27.8066552700001 83.5759113920001,27.8062697080001 83.5754373300001,27.804176521 83.5728363280001,27.805621645 83.5698266420001,27.8060274580001 83.5655757040001,27.8041165830001 83.5625037660001,27.801137458 83.5640830790001,27.7993125200001 83.5627908290001,27.798525458 83.559953766,27.798875208 83.5583767040001,27.7972996450001 83.555541266,27.7997523330001 83.552587767,27.7984002700001 83.549836204,27.7987703950001 83.5483901410001,27.7970823950001 83.550481205,27.7954195830001 83.548436392,27.793643832 83.546728455,27.796537707 83.5424232670001,27.796324957 83.5403500800001,27.79709202 83.5390522660001,27.7955013960001 83.5376232670001,27.7962006450001 83.5353730790001,27.7961615200001 83.534029204,27.7947422710001 83.531734455,27.7958468950001 83.5302504540001,27.7950182700001 83.5294567670001,27.797181707 83.5275825160001,27.79548527 83.5242817050001,27.797585896 83.5215304540001,27.796867896 83.5200633910001,27.7984084570001 83.517281267,27.7981482700001 83.5164040160001,27.8012658330001 83.51643633,27.8060833320001 83.517226829,27.8083717690001 83.516216204,27.8117370200001 83.513221016,27.812430519 83.5108215170001,27.812293395 83.5074547040001,27.814343771 83.506973266,27.8158650830001 83.50466908,27.816305894 83.501307017,27.8181056450001 83.497033204,27.818358645 83.4951097040001,27.82008677 83.4953932670001,27.821949395 83.497006017,27.823852833 83.5011001410001,27.8271371450001 83.5017928290001,27.8289289580001 83.4994692050001,27.8292545200001 83.495536766,27.8285181460001 83.492395017,27.826913645 83.490664268,27.827184833 83.4876525780001,27.828642582 83.4853157050001,27.8260029570001 83.4816406410001,27.8234868960001 83.4813171420001,27.821793396 83.482520267,27.820042458 83.4806462660001,27.8175759580001 83.4814675790001,27.816708082 83.4782102680001,27.813834769 83.476939079,27.8142450830001 83.4746584530001,27.8170930200001 83.469587828,27.8173173330001 83.468122829,27.8162737700001 83.463828392,27.814862707 83.4607228290001,27.8144467070001 83.4601985800001,27.812486145 83.455571955,27.81158127 83.4512480800001,27.8121710830001 83.448559204,27.81043427 83.4499767670001,27.809508082 83.4505105170001,27.807452332 83.452433016,27.806708583 83.4549119550001,27.807043333 83.4563633290001,27.8055463320001 83.4581060790001,27.8050409580001 83.459387517,27.803441707 83.4589226410001,27.8001478320001 83.458158579,27.798545082 83.4554655800001,27.7988729570001 83.4498690170001,27.80079577 83.448521579,27.8005467080001 83.4474977660001,27.8029163320001 83.4460990160001,27.8045803950001 83.445594268,27.80666102 83.444251954,27.8066443330001 83.4359997660001,27.810936333 83.433736266,27.8117597070001 83.4323880170001,27.8106711450001 83.4306416410001,27.8069792690001 83.4307458920001,27.80469177 83.4294801410001,27.8033124570001 83.4291724550001,27.8011269570001 83.4298217030001,27.79913277 83.4286592660001,27.7945700830001 83.4233227030001,27.793221207 83.4219059540001,27.79135602 83.419073579,27.791969146 83.417492204,27.794094769 83.4146690800001,27.7945205830001 83.4111480160001,27.7972515820001 83.4100688290001,27.798860269 83.4068657660001,27.8011728330001 83.403881642,27.802326583 83.3992042040001,27.805695396 83.3969488290001,27.8104125830001 83.3933433290001,27.81206202 83.3889087030001,27.8184482710001 83.385863267,27.8204090200001 83.3824714530001,27.8198140210001 83.3790460160001,27.816328394 83.378736141,27.812637895 83.37671808,27.810000146 83.373976391,27.8097260210001 83.3692761410001,27.810785396 83.3646565170001,27.8128084570001 83.3604483290001,27.812825145 83.3555925790001,27.8143933330001 83.3529272040001,27.8158971440001 83.3505590180001,27.8150060200001 83.3526541420001,27.811608769 83.3557850170001,27.809197833 83.3566233920001,27.8078005830001 83.3550063910001,27.8042933950001 83.3549750160001,27.799832458 83.3555389540001,27.7970936450001 83.3552892660001,27.7954837080001 83.3536446420001,27.7940048940001 83.3557957670001,27.790172333 83.3551259530001,27.789354707 83.355835767,27.7859148320001 83.3543478920001,27.784161458 83.3509441410001,27.7833963950001 83.349618579,27.782316144 83.346008517,27.7826082080001 83.3453492040001,27.777679457 83.3444365170001,27.7747712070001 83.3433273300001,27.7607585210001 83.3421803300001,27.7578310820001 83.3441483280001,27.757944208 83.346946018,27.7555657070001 83.348318954,27.7512354580001 83.3481277660001,27.7497521450001 83.3498090790001,27.749529895 83.3550404550001,27.751427145 83.3566461410001,27.752416145 83.3592838930001,27.7521621440001 83.3604922040001,27.7508545210001 83.3605831410001,27.748907644 83.3632095780001,27.7452983330001 83.3649428290001,27.741784146 83.3671270790001,27.7409683330001 83.3688553910001,27.73701627 83.373048516,27.73489177 83.375174078,27.7348178940001 83.375220454,27.736523957 83.377864704,27.741134333 83.378070204,27.7431885820001 83.3856580170001,27.7426922070001 83.3863665160001,27.743266208 83.3870775180001,27.7467915820001 83.3885345790001,27.747425332 83.3907633300001,27.748673895 83.393708641,27.74787452 83.3964332050001,27.7460362080001 83.3982988910001,27.7436187700001 83.399544516,27.740550957 83.4016976410001,27.7378910200001 83.405013453,27.73691252 83.4073400170001,27.734792457 83.410532016,27.7348805820001 83.4134543920001,27.7377382700001 83.4152628910001,27.7387455190001 83.4167309540001,27.74089302 83.4200682040001,27.7417306460001 83.4240428910001,27.7396962080001 83.4256583920001,27.7413274580001 83.428407893,27.7412080190001 83.4310093290001,27.739192458 83.4340757670001,27.7391982710001 83.4353345170001,27.737495332 83.4344162030001,27.73491252 83.435493766,27.732252144 83.436635455,27.7314648330001 83.4389005790001,27.732290833 83.4405612670001,27.731992957 83.4440930170001,27.7277764580001 83.444879767,27.7260827700001 83.4444523290001,27.7241812070001 83.4466533290001,27.72374552 83.4496850790001,27.7265961460001 83.4516205800001,27.7270302690001 83.4542969540001,27.7264948330001 83.4570115170001,27.7279630830001 83.46035133,27.7262026450001 83.4651707040001,27.7256685200001 83.466817829,27.723881083 83.470752829,27.7216239580001 83.4731530170001,27.7210013320001 83.4776439550001,27.721298145 83.4840105170001,27.7244290830001 83.4860343920001,27.7260498950001 83.4884787670001,27.729818144 83.4913710800001,27.729228646 83.4941520790001,27.7257210820001 83.4965456420001,27.7259644580001 83.5011244550001,27.7292979580001 83.502073517,27.72908927 83.5046668910001,27.726045707 83.5088127670001,27.724950332 83.5118620790001,27.725513957 83.515837516,27.728968895 83.5192643300001,27.726765082 83.519869455,27.7258217080001 83.523352829,27.725418582 83.5256220800001,27.726290582 83.528819517,27.7253853940001 83.5308247670001,27.72418502 83.533243579,27.725844895 83.535890517,27.7239110200001 83.5388445790001,27.722501707 83.5417151410001,27.7202141450001 83.5441412040001,27.7200393950001 83.5465060160001,27.7189843950001 83.5495075790001,27.716586582 83.553374954,27.71621552 83.555843705,27.7168258950001 83.559112955,27.7163828330001 83.5628187040001,27.7140772710001 83.565843455,27.713170645 83.5693479540001,27.7127325820001 83.5697502040001,27.7113483950001 83.573497892,27.708277708 83.5778262040001,27.706693396 83.580033642,27.7050980820001 83.582698517,27.7047947070001 83.5845668910001,27.7054298950001 83.5864223290001,27.7049548320001 83.5881992660001,27.7057972700001 83.5876534550001,27.707754208 83.587871642,27.709993271 83.5898198930001,27.714888708 83.583197204,27.713271395 83.580626206,27.7116660820001 83.5791510160001,27.7099715200001 83.5779944550001,27.710748708 83.5773830160001,27.7127415200001 83.573904767,27.7145743950001 83.573831392,27.7164830830001 83.571747767,27.717449145 83.570437955,27.719121645 83.5701216420001,27.721293583 83.5681728920001,27.7220321450001 83.567904453,27.723231707 83.568831393,27.726174707 83.5673059530001,27.7278983950001 83.5716792680001,27.7302879580001 83.575992705,27.7349111450001 83.5772843920001,27.737900332 83.578996767,27.740403396 83.5799258920001,27.74412927 83.582788205,27.746924645 83.5877536410001,27.7488687690001 83.589736767,27.747669708 83.594273829,27.7431657700001 83.596998892,27.74389352 83.599910891,27.74726177 83.5991774540001,27.751449833 83.5973159550001,27.756126458 83.5966506410001,27.760964519 83.597447329,27.7656624570001 83.597139392,27.767565957 83.597798642,27.769377456 83.599597578,27.7718805820001 83.5994978290001,27.7740171460001 83.5970295160001,27.776469395 83.5966302680001,27.777763458 83.59412158,27.780120832 83.590203204,27.781433771 83.5885414540001,27.7826043950001 83.5835106420001,27.7830157700001 83.5836507670001,27.7857735200001 83.5846290790001,27.7884706450001 83.5848139540001,27.7911540200001 83.584394328,27.7934023940001 83.5848782670001,27.796086707 83.5846068920001,27.79791577 83.5822227680001,27.8003411450001 83.581529829,27.8017988330001 83.5791441420001,27.8032108950001 83.579266078,27.8046463330001</coordinates></LinearRing></outerBoundaryIs></Polygon>
  </Placemark>
  <Placemark id="lumbini.23">
	<name>5</name>
	<description>NAWALPARASI_W</description>
	<Style><LineStyle><color>ff0000ff</color></LineStyle><PolyStyle><fill>0</fill></PolyStyle></Style>
	<ExtendedData><SchemaData schemaUrl="#lumbini">
		<SimpleData name="STATE_CODE">0</SimpleData>
		<SimpleData name="DISTRICT">Nagarpalika</SimpleData>
		<SimpleData name="GaPa_NaPa">5</SimpleData>
	</SchemaData></ExtendedData>
      <Polygon><outerBoundaryIs><LinearRing><coordinates>83.8844887670001,27.5276815190001 83.882810642,27.5293498940001 83.8808828290001,27.5321802070001 83.877638641,27.5346370190001 83.873987329,27.539900457 83.871771767,27.5416449570001 83.8687545170001,27.5431675200001 83.8640795170001,27.5449253940001 83.860481829,27.545578457 83.859458266,27.5471434570001 83.8577223290001,27.5479856440001 83.855948142,27.550452394 83.8540951410001,27.556202269 83.8527459540001,27.558804894 83.8490872670001,27.5601616440001 83.847237954,27.5585191440001 83.845826017,27.558341582 83.8436704540001,27.5560420190001 83.8432507040001,27.553850519 83.8445633910001,27.5509975190001 83.843923079,27.5490493940001 83.8412554540001,27.547548082 83.840550266,27.54563827 83.8388673920001,27.5460312070001 83.8394766420001,27.5492609570001 83.839362829,27.551330082 83.8376961420001,27.5546361450001 83.8363682040001,27.5563202070001 83.834702329,27.5595878940001 83.8352638910001,27.5612267700001 83.8338665160001,27.563118332 83.8336813290001,27.565473895 83.8415882050001,27.571722332 83.8435633920001,27.5721443320001 83.8430917040001,27.5739603320001 83.838234142,27.5855553320001 83.8351752040001,27.5877722070001 83.833175704,27.5871198940001 83.8298220170001,27.5898168320001 83.8257753920001,27.5918516450001 83.822181954,27.5922983950001 83.8188788290001,27.5900173320001 83.8161052040001,27.589086207 83.8102297040001,27.5885029570001 83.810028517,27.58966702 83.8120198290001,27.5934087690001 83.8105497670001,27.596031082 83.8082652040001,27.596718395 83.8041277040001,27.5964260820001 83.8031799550001,27.595955395 83.800701454,27.5984542690001 83.7981403920001,27.599312582 83.797004079,27.6011702700001 83.7926106420001,27.604866644 83.7919427670001,27.6064542070001 83.793881017,27.6073912690001 83.796346891,27.609527332 83.799948892,27.609785269 83.802012329,27.6123245200001 83.801709767,27.614005144 83.7992918290001,27.618467332 83.7991540790001,27.619696832 83.8008380160001,27.6208049570001 83.804242829,27.6203427070001 83.8072038920001,27.620617645 83.807016392,27.6231627070001 83.805192579,27.6251413320001 83.804894329,27.6274447690001 83.8030897670001,27.629231582 83.804644641,27.6321514570001 83.8067506420001,27.632416144 83.8117583920001,27.6350337690001 83.8123898300001,27.6397528950001 83.8106862660001,27.6409623320001 83.8089995160001,27.647607582 83.8120111410001,27.6482096450001 83.8127280790001,27.6509297700001 83.8145295160001,27.652755332 83.8140111420001,27.654392832 83.8120426410001,27.654970082 83.8130583290001,27.6575145190001 83.8139038290001,27.6621752070001 83.8105542040001,27.66209402 83.808306766,27.662675332 83.8017667670001,27.6653197690001 83.795980016,27.66616652 83.7886384540001,27.6662052070001 83.7861540160001,27.666731645 83.7808709540001,27.6665360820001 83.777516641,27.66601402 83.7703718910001,27.6663768940001 83.7679240790001,27.6643262700001 83.765208204,27.66103852 83.7620250790001,27.6623802070001 83.760862079,27.6640998940001 83.760335017,27.6672309570001 83.7576703920001,27.666784082 83.7526518290001,27.6669218320001 83.748979891,27.66656327 83.7503723290001,27.659703832 83.7502727660001,27.651654894 83.7498658910001,27.649512832 83.7504378290001,27.6421463950001 83.749470391,27.6374805200001 83.7500400160001,27.6298840200001 83.7494978920001,27.627053457 83.7492150160001,27.622226332 83.7493040790001,27.6159377070001 83.7504077040001,27.6103278320001 83.749792079,27.6087832690001 83.7517038920001,27.60690027 83.7532877660001,27.604448082 83.7529201410001,27.601922395 83.754770454,27.6003664570001 83.7562492040001,27.6003103950001 83.758590392,27.596370144 83.7617841410001,27.594107895 83.7632712660001,27.590545207 83.7635117660001,27.588835207 83.7618971420001,27.5881262070001 83.7619330790001,27.5830648940001 83.7604880160001,27.582164332 83.757616016,27.582197707 83.7548488290001,27.579816769 83.7548417040001,27.576885582 83.753072704,27.573531582 83.7537542040001,27.5711431450001 83.752224142,27.570258145 83.7518397040001,27.568334894 83.7504882040001,27.566103082 83.7522190160001,27.56379552 83.749680079,27.561520957 83.747987579,27.5614298950001 83.747570329,27.5592515820001 83.7485155790001,27.5583484570001 83.748482767,27.556236332 83.7465235170001,27.5546532070001 83.7458257040001,27.5510415200001 83.7449620790001,27.548842144 83.742318642,27.547467582 83.738022142,27.5461892070001 83.7386006420001,27.5445745820001 83.737578892,27.541072769 83.7381709540001,27.5397651440001 83.736810704,27.5377091440001 83.738028329,27.5362424570001 83.7439113290001,27.535887894 83.744221328,27.533886957 83.745296141,27.5321491440001 83.7465265170001,27.5318309570001 83.7475919540001,27.533617769 83.754425767,27.533059145 83.757253704,27.5314642700001 83.7549753280001,27.529095457 83.7543432040001,27.526932582 83.7519843910001,27.524353707 83.749261329,27.522629395 83.7481145790001,27.5204745820001 83.7500730790001,27.518478895 83.748980454,27.5167280200001 83.746451204,27.518456519 83.7452243920001,27.517838269 83.7451063290001,27.5158274570001 83.7465374540001,27.51518702 83.7445368910001,27.5114149560001 83.745919642,27.508556207 83.744645329,27.5065004570001 83.7418693290001,27.5053129560001 83.7428830790001,27.5026363320001 83.7397965160001,27.5026667070001 83.7379243920001,27.5013453940001 83.7404400170001,27.497784832 83.7442812040001,27.4951495190001 83.744499454,27.4933740820001 83.7434329540001,27.492376957 83.7406083290001,27.4930419570001 83.738344204,27.4919613320001 83.7377552670001,27.4907439570001 83.739434266,27.488025769 83.739526954,27.4853293950001 83.737543454,27.482552394 83.7372267040001,27.4807668940001 83.7404073910001,27.480393769 83.747842017,27.4783404570001 83.7477422040001,27.476343269 83.746438642,27.475930207 83.7463555160001,27.474206082 83.7484648290001,27.472305394 83.750037267,27.472854269 83.751041329,27.4738534570001 83.7535891420001,27.4748237700001 83.7543757660001,27.4759331440001 83.7577324540001,27.475422269 83.7587733920001,27.4758077070001 83.759151392,27.4804048940001 83.765219266,27.480347582 83.7632082040001,27.4862043320001 83.7644673290001,27.488149332 83.764418392,27.491834145 83.770494704,27.4931801440001 83.7734105160001,27.4931805200001 83.777516641,27.4918557070001 83.7763677660001,27.487187394 83.7759676420001,27.4834363950001 83.778149017,27.478423644 83.7847068290001,27.478438457 83.7879572040001,27.478739019 83.789452516,27.4780665820001 83.7967144550001,27.478208269 83.7992795160001,27.478476019 83.8026825790001,27.479545957 83.8058132670001,27.48212277 83.8073228910001,27.479976707 83.8089570170001,27.4788822690001 83.8109283920001,27.4762493320001 83.813355829,27.476015644 83.814998829,27.4780803310001 83.8163333910001,27.4787229570001 83.8184208910001,27.4774868320001 83.8201408290001,27.4772566450001 83.8192458290001,27.475285582 83.820336517,27.4736080820001 83.8225959540001,27.474116457 83.8237535790001,27.4776426440001 83.825635516,27.481357019 83.8263142040001,27.485198457 83.8263975790001,27.487956019 83.8279918920001,27.4893863940001 83.8324552660001,27.4891797070001 83.8333523910001,27.490193957 83.8374480790001,27.4883507070001 83.8395986410001,27.488089207 83.8418770170001,27.4860338940001 83.842298267,27.4845337690001 83.8477975170001,27.4831769570001 83.853007704,27.483168957 83.8549852660001,27.4856915820001 83.8545001420001,27.4889856450001 83.85528708,27.490166582 83.8583598920001,27.490801645 83.8616085790001,27.4921475190001 83.8622072040001,27.494050332 83.8675668290001,27.4977494570001 83.870102016,27.5002837070001 83.8727297660001,27.5052820820001 83.875315829,27.5076265820001 83.8777360170001,27.5104043320001 83.878599142,27.515793644 83.8803718290001,27.520148082 83.8835931410001,27.5212383940001 83.884798829,27.5231258320001 83.884144829,27.5270223320001 83.8844887670001,27.5276815190001</coordinates></LinearRing></outerBoundaryIs></Polygon>
  </Placemark>
  <Placemark id="lumbini.24">
	<name>5</name>
	<description>NAWALPARASI_W</description>
	<Style><LineStyle><color>ff0000ff</color></LineStyle><PolyStyle><fill>0</fill></PolyStyle></Style>
	<ExtendedData><SchemaData schemaUrl="#lumbini">
		<SimpleData name="STATE_CODE">0</SimpleData>
		<SimpleData name="DISTRICT">Gaunpalika</SimpleData>
		<SimpleData name="GaPa_NaPa">5</SimpleData>
	</SchemaData></ExtendedData>
      <Polygon><outerBoundaryIs><LinearRing><coordinates>83.704271766,27.4698378950001 83.6990128290001,27.4710406450001 83.698340079,27.4737447700001 83.695728391,27.474472457 83.6952949540001,27.4762428940001 83.697056891,27.477623206 83.698501766,27.4796481440001 83.698643329,27.481548457 83.6995860170001,27.4831210200001 83.697945954,27.485152832 83.6983996420001,27.4873832700001 83.6955135790001,27.4887557070001 83.6928507040001,27.490570894 83.6913715160001,27.489811645 83.6908287040001,27.491656269 83.6885998910001,27.4916828940001 83.6870294540001,27.4903435190001 83.685909392,27.4905689570001 83.6835510160001,27.4937903950001 83.6757083910001,27.4922694570001 83.6746882040001,27.4974751440001 83.6716221410001,27.4975604570001 83.6692618920001,27.4984642690001 83.6650052040001,27.5019764570001 83.663313766,27.501132956 83.661026141,27.500910769 83.6592984540001,27.4983025820001 83.661434516,27.497813582 83.661689391,27.494826582 83.6603932660001,27.4936478320001 83.6616035170001,27.4917575200001 83.657491828,27.489328519 83.658237016,27.4871798940001 83.6565867040001,27.486433457 83.6571548920001,27.484453644 83.6556731410001,27.4830215200001 83.6400442660001,27.4862810820001 83.636224204,27.487212082 83.6338791410001,27.486759207 83.6309813920001,27.4876722070001 83.6268808290001,27.48714002 83.625837517,27.489170331 83.6264926410001,27.491024645 83.6249783920001,27.4915102690001 83.624415517,27.4886768320001 83.6196341410001,27.4888420820001 83.6183855790001,27.4902535190001 83.6158800170001,27.490120269 83.6151279540001,27.48936452 83.6128608290001,27.4896087070001 83.6122867660001,27.485807144 83.6137338920001,27.483421519 83.6131146420001,27.4815875200001 83.6148593920001,27.4786408320001 83.6144733290001,27.475255019 83.6161893280001,27.472346707 83.6167033280001,27.4693784570001 83.6358467040001,27.460902457 83.6506957660001,27.4540445820001 83.6805341410001,27.440010769 83.6963645160001,27.432859019 83.7109404540001,27.4260414570001 83.7162075160001,27.428435145 83.7220221420001,27.4279007690001 83.722740329,27.4269070820001 83.7252745170001,27.4272257690001 83.727068016,27.4285742070001 83.727293767,27.430761207 83.7230199540001,27.4350492070001 83.723836641,27.436815457 83.724909579,27.442309956 83.720479954,27.444140207 83.718475079,27.447640644 83.717751891,27.449983644 83.7158353290001,27.4509342690001 83.715873204,27.4529313940001 83.7116093290001,27.455849331 83.7093915170001,27.4578868940001 83.7112715790001,27.463635894 83.710916142,27.465697645 83.7097683910001,27.4669543950001 83.705993391,27.467941581 83.704271766,27.4698378950001</coordinates></LinearRing></outerBoundaryIs></Polygon>
  </Placemark>
  <Placemark id="lumbini.25">
	<name>5</name>
	<description>NAWALPARASI_W</description>
	<Style><LineStyle><color>ff0000ff</color></LineStyle><PolyStyle><fill>0</fill></PolyStyle></Style>
	<ExtendedData><SchemaData schemaUrl="#lumbini">
		<SimpleData name="STATE_CODE">0</SimpleData>
		<SimpleData name="DISTRICT">Gaunpalika</SimpleData>
		<SimpleData name="GaPa_NaPa">5</SimpleData>
	</SchemaData></ExtendedData>
      <Polygon><outerBoundaryIs><LinearRing><coordinates>83.8225959540001,27.474116457 83.820336517,27.4736080820001 83.8192458290001,27.475285582 83.8201408290001,27.4772566450001 83.8184208910001,27.4774868320001 83.8163333910001,27.4787229570001 83.814998829,27.4780803310001 83.813355829,27.476015644 83.8109283920001,27.4762493320001 83.8089570170001,27.4788822690001 83.8073228910001,27.479976707 83.8058132670001,27.48212277 83.8026825790001,27.479545957 83.7992795160001,27.478476019 83.7967144550001,27.478208269 83.789452516,27.4780665820001 83.7879572040001,27.478739019 83.7847068290001,27.478438457 83.778149017,27.478423644 83.7759676420001,27.4834363950001 83.7763677660001,27.487187394 83.777516641,27.4918557070001 83.7734105160001,27.4931805200001 83.770494704,27.4931801440001 83.764418392,27.491834145 83.7644673290001,27.488149332 83.7632082040001,27.4862043320001 83.765219266,27.480347582 83.759151392,27.4804048940001 83.7587733920001,27.4758077070001 83.7577324540001,27.475422269 83.7543757660001,27.4759331440001 83.7535891420001,27.4748237700001 83.751041329,27.4738534570001 83.750037267,27.472854269 83.751173329,27.471148081 83.7516341410001,27.46900527 83.7498227040001,27.468586832 83.751089204,27.4659422070001 83.7499883290001,27.465403144 83.749906642,27.460964457 83.7512861420001,27.4580762690001 83.7541514540001,27.4557300820001 83.7531145790001,27.4533475810001 83.7554840160001,27.451117832 83.758458391,27.451858707 83.759910141,27.451075831 83.7609545160001,27.4490355190001 83.7596896420001,27.4445653940001 83.7562305170001,27.441634895 83.756140954,27.439504582 83.7570290790001,27.4384952070001 83.755369891,27.436197394 83.7608548920001,27.4330455200001 83.765227392,27.430992707 83.768180579,27.429210519 83.7719887040001,27.4263103320001 83.769507204,27.425976769 83.769193579,27.4249225200001 83.7664639540001,27.4235414570001 83.7657498290001,27.4225022700001 83.763841579,27.422447145 83.7633940790001,27.42093677 83.762004329,27.4202417070001 83.7588853920001,27.4170162070001 83.756342454,27.417857957 83.7539561410001,27.4211912060001 83.750690391,27.4219458320001 83.748985766,27.420162394 83.7498466420001,27.418573082 83.748655704,27.4161587070001 83.748797891,27.41325027 83.747383079,27.409082144 83.7679534540001,27.3996448940001 83.792815954,27.388051519 83.8140678920001,27.3783398940001 83.8153439540001,27.3822815190001 83.8187921410001,27.3890557070001 83.8225653910001,27.393605269 83.8249217040001,27.3945898320001 83.8250880160001,27.3963862690001 83.8275580170001,27.398463082 83.827883392,27.3997858320001 83.824993642,27.4015040190001 83.82427283,27.406013957 83.8232472670001,27.407188331 83.8222918920001,27.4114429570001 83.8221719540001,27.4152902070001 83.8192790790001,27.416820957 83.8186003910001,27.4184312690001 83.8192916410001,27.4202012700001 83.818819891,27.421644832 83.820076392,27.423607394 83.8204220790001,27.4275568320001 83.823086017,27.4307983310001 83.825564017,27.4327556440001 83.830507954,27.4345083310001 83.8328101420001,27.4328141450001 83.836875954,27.4324534570001 83.8366938290001,27.435454394 83.83512833,27.435827144 83.829886829,27.439602832 83.8353124540001,27.444970895 83.8339118910001,27.447027269 83.8342282660001,27.4514819570001 83.836090454,27.454128832 83.8357808920001,27.456118707 83.8367402040001,27.4580920820001 83.8386650790001,27.460028144 83.8396277040001,27.4618863950001 83.8391144540001,27.464514706 83.841205142,27.4666833320001 83.838469079,27.4681740190001 83.8296582040001,27.4700838320001 83.8261398910001,27.4711332690001 83.8260395170001,27.472624707 83.8225959540001,27.474116457</coordinates></LinearRing></outerBoundaryIs></Polygon>
  </Placemark>
  <Placemark id="lumbini.26">
	<name>5</name>
	<description>NAWALPARASI_W</description>
	<Style><LineStyle><color>ff0000ff</color></LineStyle><PolyStyle><fill>0</fill></PolyStyle></Style>
	<ExtendedData><SchemaData schemaUrl="#lumbini">
		<SimpleData name="STATE_CODE">0</SimpleData>
		<SimpleData name="DISTRICT">Nagarpalika</SimpleData>
		<SimpleData name="GaPa_NaPa">5</SimpleData>
	</SchemaData></ExtendedData>
      <Polygon><outerBoundaryIs><LinearRing><coordinates>83.703244392,27.5468074570001 83.6967923290001,27.548993582 83.6989485170001,27.554055082 83.7011246420001,27.5560522690001 83.7019399540001,27.560743019 83.7013750790001,27.562569582 83.7038412040001,27.5682905190001 83.703880891,27.5725982700001 83.7022054540001,27.573174582 83.699130579,27.57249102 83.6939674540001,27.5729716440001 83.6921137040001,27.5722047690001 83.690632641,27.5706197700001 83.6900052660001,27.5672403940001 83.688260142,27.565959331 83.6849817670001,27.559590895 83.6862689540001,27.558813082 83.6855161410001,27.555771894 83.6829552660001,27.555296707 83.680047766,27.55416402 83.677955829,27.5553483950001 83.6762551410001,27.5540108320001 83.6747552670001,27.5562773940001 83.676034454,27.5588888940001 83.6751219540001,27.560078144 83.670817641,27.5605825820001 83.6686397660001,27.563314457 83.6666667040001,27.559940769 83.6643567660001,27.556866395 83.665644016,27.5545385820001 83.6636743920001,27.5505330820001 83.663398704,27.5473282070001 83.6621060790001,27.545212957 83.6665109530001,27.541838894 83.666258204,27.5401278320001 83.6641866410001,27.5405832070001 83.663578579,27.542389144 83.6613495170001,27.543110332 83.6588350160001,27.544839457 83.659600454,27.546617144 83.6569044540001,27.5510038950001 83.6552548920001,27.5547817070001 83.6538990170001,27.5541780820001 83.6515071420001,27.5545692700001 83.649063642,27.5560320820001 83.6478227040001,27.558226769 83.6415852040001,27.5611239570001 83.6354196410001,27.5629672690001 83.634670703,27.5651923940001 83.6301699540001,27.5665727690001 83.6309816410001,27.568991582 83.6330398280001,27.5705653320001 83.6323470780001,27.5731810190001 83.6340018290001,27.5744625200001 83.633146454,27.578203769 83.6315097670001,27.577190769 83.6274803910001,27.5803797070001 83.6322688910001,27.5814395200001 83.631247203,27.584135519 83.629482329,27.5830070820001 83.626131516,27.5834584570001 83.621340767,27.5825722070001 83.6212722670001,27.579654394 83.620554079,27.5772470200001 83.615044142,27.5778027690001 83.612340891,27.57877002 83.611676892,27.576579457 83.6118352030001,27.5720691440001 83.596505704,27.5747422700001 83.5978152040001,27.5726813950001 83.5971333910001,27.5714632070001 83.597928579,27.56937377 83.598255141,27.5663555190001 83.5968535160001,27.5655097690001 83.5964086420001,27.563660457 83.5971372660001,27.562694519 83.596620392,27.560432082 83.5946722040001,27.5585038940001 83.5950883290001,27.5560116450001 83.593283328,27.554063582 83.592334329,27.551450082 83.5925659540001,27.55016677 83.5952155790001,27.548064707 83.5984618910001,27.5478936440001 83.598049641,27.5458593320001 83.594847954,27.543728957 83.5927451410001,27.5432963320001 83.5918943290001,27.5410238320001 83.592667766,27.539816645 83.5918342670001,27.53818727 83.5935661410001,27.5351708950001 83.593308516,27.5332927700001 83.5916799540001,27.5337843940001 83.5900577040001,27.532493457 83.5886990170001,27.531902707 83.5895163920001,27.529671207 83.590959641,27.530316332 83.5926218290001,27.527909019 83.5918365780001,27.523763832 83.593987891,27.5202838320001 83.5959152660001,27.5212484570001 83.5993083290001,27.518351895 83.5993670170001,27.515522457 83.5989079540001,27.5121025190001 83.596870391,27.5094700810001 83.596248266,27.50710802 83.5974123920001,27.506572082 83.5984107040001,27.5039867690001 83.597410767,27.501546832 83.5995112670001,27.497258769 83.6014538910001,27.4977540200001 83.602744079,27.496724269 83.604666266,27.496824519 83.606513142,27.4956112690001 83.6051437040001,27.493957832 83.6075845780001,27.4937187690001 83.6084817660001,27.4913565190001 83.610733892,27.4897336450001 83.6128608290001,27.4896087070001 83.6151279540001,27.48936452 83.6158800170001,27.490120269 83.6183855790001,27.4902535190001 83.6196341410001,27.4888420820001 83.624415517,27.4886768320001 83.6249783920001,27.4915102690001 83.6264926410001,27.491024645 83.625837517,27.489170331 83.6268808290001,27.48714002 83.6309813920001,27.4876722070001 83.6338791410001,27.486759207 83.636224204,27.487212082 83.6400442660001,27.4862810820001 83.6556731410001,27.4830215200001 83.6571548920001,27.484453644 83.6565867040001,27.486433457 83.658237016,27.4871798940001 83.657491828,27.489328519 83.6616035170001,27.4917575200001 83.6603932660001,27.4936478320001 83.661689391,27.494826582 83.661434516,27.497813582 83.6592984540001,27.4983025820001 83.661026141,27.500910769 83.663313766,27.501132956 83.6650052040001,27.5019764570001 83.6692618920001,27.4984642690001 83.6716221410001,27.4975604570001 83.6746882040001,27.4974751440001 83.6757083910001,27.4922694570001 83.6835510160001,27.4937903950001 83.685909392,27.4905689570001 83.6870294540001,27.4903435190001 83.6885998910001,27.4916828940001 83.6908287040001,27.491656269 83.6913715160001,27.489811645 83.6928507040001,27.490570894 83.6955135790001,27.4887557070001 83.6983996420001,27.4873832700001 83.697945954,27.485152832 83.6995860170001,27.4831210200001 83.698643329,27.481548457 83.698501766,27.4796481440001 83.697056891,27.477623206 83.6952949540001,27.4762428940001 83.695728391,27.474472457 83.698340079,27.4737447700001 83.6990128290001,27.4710406450001 83.704271766,27.4698378950001 83.7037185790001,27.4712808950001 83.7064824540001,27.472051707 83.707320392,27.473545019 83.7109338920001,27.475389394 83.710959454,27.478415457 83.7123047040001,27.4817601450001 83.713803517,27.483383394 83.7127194540001,27.4846606450001 83.715754766,27.4881328320001 83.7188261410001,27.489461394 83.7173675170001,27.492739457 83.715561392,27.4929681450001 83.717305142,27.495875832 83.7166020160001,27.4973343940001 83.7178655170001,27.499771707 83.7193282040001,27.504393769 83.718395517,27.506420457 83.716621892,27.507836207 83.704746954,27.5103185200001 83.7036784540001,27.5118055190001 83.7046192670001,27.516686081 83.704283579,27.5188200200001 83.704945578,27.5229102070001 83.703139391,27.523921832 83.7066778920001,27.5294509570001 83.705044016,27.5312143940001 83.705108829,27.532766957 83.7034408910001,27.533365895 83.7031821420001,27.53498777 83.7015852040001,27.5361238950001 83.7034305160001,27.5384407700001 83.702486766,27.5400115190001 83.702394391,27.5433802690001 83.704287579,27.544740457 83.703244392,27.5468074570001</coordinates></LinearRing></outerBoundaryIs></Polygon>
  </Placemark>
  <Placemark id="lumbini.27">
	<name>5</name>
	<description>NAWALPARASI_W</description>
	<Style><LineStyle><color>ff0000ff</color></LineStyle><PolyStyle><fill>0</fill></PolyStyle></Style>
	<ExtendedData><SchemaData schemaUrl="#lumbini">
		<SimpleData name="STATE_CODE">0</SimpleData>
		<SimpleData name="DISTRICT">Gaunpalika</SimpleData>
		<SimpleData name="GaPa_NaPa">5</SimpleData>
	</SchemaData></ExtendedData>
      <Polygon><outerBoundaryIs><LinearRing><coordinates>83.750037267,27.472854269 83.7484648290001,27.472305394 83.7463555160001,27.474206082 83.746438642,27.475930207 83.7477422040001,27.476343269 83.747842017,27.4783404570001 83.7404073910001,27.480393769 83.7372267040001,27.4807668940001 83.737543454,27.482552394 83.739526954,27.4853293950001 83.739434266,27.488025769 83.7377552670001,27.4907439570001 83.738344204,27.4919613320001 83.7406083290001,27.4930419570001 83.7434329540001,27.492376957 83.744499454,27.4933740820001 83.7442812040001,27.4951495190001 83.7404400170001,27.497784832 83.7379243920001,27.5013453940001 83.7397965160001,27.5026667070001 83.7428830790001,27.5026363320001 83.7418693290001,27.5053129560001 83.744645329,27.5065004570001 83.745919642,27.508556207 83.7445368910001,27.5114149560001 83.7465374540001,27.51518702 83.7451063290001,27.5158274570001 83.7452243920001,27.517838269 83.746451204,27.518456519 83.748980454,27.5167280200001 83.7500730790001,27.518478895 83.7481145790001,27.5204745820001 83.749261329,27.522629395 83.7519843910001,27.524353707 83.7543432040001,27.526932582 83.7549753280001,27.529095457 83.757253704,27.5314642700001 83.754425767,27.533059145 83.7475919540001,27.533617769 83.7465265170001,27.5318309570001 83.745296141,27.5321491440001 83.744221328,27.533886957 83.7439113290001,27.535887894 83.738028329,27.5362424570001 83.736810704,27.5377091440001 83.7381709540001,27.5397651440001 83.737578892,27.541072769 83.7386006420001,27.5445745820001 83.738022142,27.5461892070001 83.742318642,27.547467582 83.7449620790001,27.548842144 83.7458257040001,27.5510415200001 83.7465235170001,27.5546532070001 83.748482767,27.556236332 83.7485155790001,27.5583484570001 83.747570329,27.5592515820001 83.747987579,27.5614298950001 83.749680079,27.561520957 83.7522190160001,27.56379552 83.7504882040001,27.566103082 83.7518397040001,27.568334894 83.752224142,27.570258145 83.7537542040001,27.5711431450001 83.753072704,27.573531582 83.7548417040001,27.576885582 83.7548488290001,27.579816769 83.757616016,27.582197707 83.7604880160001,27.582164332 83.7619330790001,27.5830648940001 83.7618971420001,27.5881262070001 83.7635117660001,27.588835207 83.7632712660001,27.590545207 83.7617841410001,27.594107895 83.758590392,27.596370144 83.7562492040001,27.6003103950001 83.754770454,27.6003664570001 83.7529201410001,27.601922395 83.7532877660001,27.604448082 83.7517038920001,27.60690027 83.749792079,27.6087832690001 83.7473531420001,27.607088769 83.7451283920001,27.604783082 83.7427642040001,27.6016241450001 83.741246829,27.601400207 83.7333150170001,27.5964885820001 83.7325202040001,27.5947225190001 83.730659954,27.5945519570001 83.7308078290001,27.5927177070001 83.7294584540001,27.590794832 83.7277122670001,27.589974582 83.727467516,27.588843582 83.7288137040001,27.5870207070001 83.7283764540001,27.5858713320001 83.7253767670001,27.5861858320001 83.7242271410001,27.5855991440001 83.7264505160001,27.5817562070001 83.7241899540001,27.5809665200001 83.7246126410001,27.5794193940001 83.7236177670001,27.5783771440001 83.7197653910001,27.5783355820001 83.719047204,27.5774473320001 83.722386892,27.5732908320001 83.7197987040001,27.571119394 83.7179898910001,27.567679082 83.7190233920001,27.565172019 83.718839829,27.564036582 83.716576516,27.5636461450001 83.7160743910001,27.561605269 83.713918892,27.5604138950001 83.7144425160001,27.558528519 83.713029641,27.55685127 83.711371329,27.556301832 83.7111668920001,27.5543630820001 83.7100662030001,27.553036207 83.7113296410001,27.5515495820001 83.7104612040001,27.550363082 83.708549454,27.5504583950001 83.7063180160001,27.54970452 83.705419641,27.5480395820001 83.703244392,27.5468074570001 83.704287579,27.544740457 83.702394391,27.5433802690001 83.702486766,27.5400115190001 83.7034305160001,27.5384407700001 83.7015852040001,27.5361238950001 83.7031821420001,27.53498777 83.7034408910001,27.533365895 83.705108829,27.532766957 83.705044016,27.5312143940001 83.7066778920001,27.5294509570001 83.703139391,27.523921832 83.704945578,27.5229102070001 83.704283579,27.5188200200001 83.7046192670001,27.516686081 83.7036784540001,27.5118055190001 83.704746954,27.5103185200001 83.716621892,27.507836207 83.718395517,27.506420457 83.7193282040001,27.504393769 83.7178655170001,27.499771707 83.7166020160001,27.4973343940001 83.717305142,27.495875832 83.715561392,27.4929681450001 83.7173675170001,27.492739457 83.7188261410001,27.489461394 83.715754766,27.4881328320001 83.7127194540001,27.4846606450001 83.713803517,27.483383394 83.7123047040001,27.4817601450001 83.710959454,27.478415457 83.7109338920001,27.475389394 83.707320392,27.473545019 83.7064824540001,27.472051707 83.7037185790001,27.4712808950001 83.704271766,27.4698378950001 83.705993391,27.467941581 83.7097683910001,27.4669543950001 83.710916142,27.465697645 83.7112715790001,27.463635894 83.7093915170001,27.4578868940001 83.7116093290001,27.455849331 83.715873204,27.4529313940001 83.7158353290001,27.4509342690001 83.717751891,27.449983644 83.718475079,27.447640644 83.720479954,27.444140207 83.724909579,27.442309956 83.723836641,27.436815457 83.7230199540001,27.4350492070001 83.727293767,27.430761207 83.727068016,27.4285742070001 83.7252745170001,27.4272257690001 83.722740329,27.4269070820001 83.7220221420001,27.4279007690001 83.7162075160001,27.428435145 83.7109404540001,27.4260414570001 83.7375075160001,27.413865894 83.747383079,27.409082144 83.748797891,27.41325027 83.748655704,27.4161587070001 83.7498466420001,27.418573082 83.748985766,27.420162394 83.750690391,27.4219458320001 83.7539561410001,27.4211912060001 83.756342454,27.417857957 83.7588853920001,27.4170162070001 83.762004329,27.4202417070001 83.7633940790001,27.42093677 83.763841579,27.422447145 83.7657498290001,27.4225022700001 83.7664639540001,27.4235414570001 83.769193579,27.4249225200001 83.769507204,27.425976769 83.7719887040001,27.4263103320001 83.768180579,27.429210519 83.765227392,27.430992707 83.7608548920001,27.4330455200001 83.755369891,27.436197394 83.7570290790001,27.4384952070001 83.756140954,27.439504582 83.7562305170001,27.441634895 83.7596896420001,27.4445653940001 83.7609545160001,27.4490355190001 83.759910141,27.451075831 83.758458391,27.451858707 83.7554840160001,27.451117832 83.7531145790001,27.4533475810001 83.7541514540001,27.4557300820001 83.7512861420001,27.4580762690001 83.749906642,27.460964457 83.7499883290001,27.465403144 83.751089204,27.4659422070001 83.7498227040001,27.468586832 83.7516341410001,27.46900527 83.751173329,27.471148081 83.750037267,27.472854269</coordinates></LinearRing></outerBoundaryIs></Polygon>
  </Placemark>
  <Placemark id="lumbini.28">
	<name>5</name>
	<description>NAWALPARASI_W</description>
	<Style><LineStyle><color>ff0000ff</color></LineStyle><PolyStyle><fill>0</fill></PolyStyle></Style>
	<ExtendedData><SchemaData schemaUrl="#lumbini">
		<SimpleData name="STATE_CODE">0</SimpleData>
		<SimpleData name="DISTRICT">Nagarpalika</SimpleData>
		<SimpleData name="GaPa_NaPa">5</SimpleData>
	</SchemaData></ExtendedData>
      <Polygon><outerBoundaryIs><LinearRing><coordinates>83.6973226410001,27.6619335820001 83.6956976420001,27.6648543950001 83.6926097050001,27.664755083 83.691519392,27.662791833 83.6881992660001,27.66405252 83.6861442050001,27.663711644 83.6802322660001,27.6696303320001 83.67756058,27.6704928950001 83.6758820160001,27.672551394 83.67468433,27.6722552700001 83.6714292670001,27.673420895 83.669100954,27.675915521 83.667893017,27.6764045210001 83.6636002660001,27.679803645 83.6635265800001,27.6806677070001 83.6595453290001,27.683760582 83.65944133,27.6866485830001 83.658800205,27.6881949580001 83.6561873300001,27.68889927 83.65522508,27.69088702 83.651732892,27.6907497080001 83.6496765790001,27.69136052 83.6411702680001,27.6907972070001 83.638557517,27.6919795200001 83.6372504540001,27.691863332 83.635066141,27.6931031450001 83.6345488920001,27.6894327700001 83.635854953,27.6883057700001 83.6356817660001,27.6864505200001 83.634673703,27.6850533940001 83.6358082040001,27.683679957 83.6343926420001,27.682015457 83.6345975780001,27.6802311450001 83.633807017,27.6791008320001 83.635556954,27.6782118950001 83.6337282040001,27.676972832 83.6314034540001,27.6695339570001 83.6327605160001,27.6675315190001 83.6314743290001,27.664197582 83.6283503910001,27.6635371450001 83.6256748920001,27.661440457 83.6214308290001,27.6595042700001 83.6199580160001,27.6576904570001 83.6165870780001,27.6554360820001 83.6131075170001,27.6511549570001 83.611063017,27.6492086440001 83.6057490160001,27.64852577 83.601674329,27.645016582 83.6006019540001,27.6428202070001 83.6011226410001,27.64151077 83.5998820170001,27.639137895 83.6003596410001,27.637846332 83.6024353290001,27.637175395 83.602974078,27.6360373950001 83.6015868920001,27.6345418940001 83.5989532670001,27.635186457 83.5972355790001,27.634084832 83.5977778290001,27.6327753950001 83.6000247040001,27.6310940820001 83.598591829,27.6297338320001 83.5967002660001,27.6297960200001 83.5949598290001,27.6308739570001 83.5938263290001,27.6295935200001 83.5950736410001,27.6263659570001 83.5912322660001,27.6251542700001 83.5887947040001,27.6256660820001 83.589205141,27.623455957 83.5872017660001,27.6205933320001 83.5836673910001,27.6190799570001 83.584379266,27.6178885200001 83.5832723290001,27.61635977 83.5810928920001,27.6179101440001 83.5788781410001,27.6169918320001 83.576566954,27.617621145 83.5752355170001,27.615534332 83.5738752670001,27.61067652 83.5755128920001,27.60428002 83.5763693920001,27.603359707 83.5754857040001,27.6015631440001 83.576695704,27.600170082 83.5778150790001,27.5970144570001 83.5820767660001,27.5933808940001 83.5813138290001,27.5909393320001 83.582414891,27.5896203940001 83.583883266,27.590182144 83.584629641,27.588397269 83.584293266,27.585063457 83.582556267,27.5830432070001 83.5828620790001,27.578781645 83.582649641,27.5746855190001 83.588987516,27.5732309570001 83.5913812040001,27.5736373940001 83.5922611410001,27.5756234570001 83.596505704,27.5747422700001 83.6118352030001,27.5720691440001 83.611676892,27.576579457 83.612340891,27.57877002 83.615044142,27.5778027690001 83.620554079,27.5772470200001 83.6212722670001,27.579654394 83.621340767,27.5825722070001 83.626131516,27.5834584570001 83.629482329,27.5830070820001 83.631247203,27.584135519 83.6322688910001,27.5814395200001 83.6274803910001,27.5803797070001 83.6315097670001,27.577190769 83.633146454,27.578203769 83.6340018290001,27.5744625200001 83.6323470780001,27.5731810190001 83.6330398280001,27.5705653320001 83.6309816410001,27.568991582 83.6301699540001,27.5665727690001 83.634670703,27.5651923940001 83.6354196410001,27.5629672690001 83.6415852040001,27.5611239570001 83.6478227040001,27.558226769 83.649063642,27.5560320820001 83.6515071420001,27.5545692700001 83.6538990170001,27.5541780820001 83.6552548920001,27.5547817070001 83.6569044540001,27.5510038950001 83.659600454,27.546617144 83.6588350160001,27.544839457 83.6613495170001,27.543110332 83.663578579,27.542389144 83.6641866410001,27.5405832070001 83.666258204,27.5401278320001 83.6665109530001,27.541838894 83.6621060790001,27.545212957 83.663398704,27.5473282070001 83.6636743920001,27.5505330820001 83.665644016,27.5545385820001 83.6643567660001,27.556866395 83.6666667040001,27.559940769 83.6686397660001,27.563314457 83.670817641,27.5605825820001 83.6751219540001,27.560078144 83.676034454,27.5588888940001 83.6747552670001,27.5562773940001 83.6762551410001,27.5540108320001 83.677955829,27.5553483950001 83.680047766,27.55416402 83.6829552660001,27.555296707 83.6855161410001,27.555771894 83.6862689540001,27.558813082 83.6849817670001,27.559590895 83.688260142,27.565959331 83.6900052660001,27.5672403940001 83.690632641,27.5706197700001 83.6921137040001,27.5722047690001 83.6939674540001,27.5729716440001 83.699130579,27.57249102 83.7022054540001,27.573174582 83.703880891,27.5725982700001 83.7038412040001,27.5682905190001 83.7013750790001,27.562569582 83.7019399540001,27.560743019 83.7011246420001,27.5560522690001 83.6989485170001,27.554055082 83.6967923290001,27.548993582 83.703244392,27.5468074570001 83.705419641,27.5480395820001 83.7063180160001,27.54970452 83.708549454,27.5504583950001 83.7104612040001,27.550363082 83.7113296410001,27.5515495820001 83.7100662030001,27.553036207 83.7111668920001,27.5543630820001 83.711371329,27.556301832 83.713029641,27.55685127 83.7144425160001,27.558528519 83.713918892,27.5604138950001 83.7160743910001,27.561605269 83.716576516,27.5636461450001 83.718839829,27.564036582 83.7190233920001,27.565172019 83.7179898910001,27.567679082 83.7197987040001,27.571119394 83.722386892,27.5732908320001 83.719047204,27.5774473320001 83.7197653910001,27.5783355820001 83.7236177670001,27.5783771440001 83.7246126410001,27.5794193940001 83.7241899540001,27.5809665200001 83.7264505160001,27.5817562070001 83.7242271410001,27.5855991440001 83.7253767670001,27.5861858320001 83.7283764540001,27.5858713320001 83.7288137040001,27.5870207070001 83.727467516,27.588843582 83.7277122670001,27.589974582 83.7294584540001,27.590794832 83.7308078290001,27.5927177070001 83.730659954,27.5945519570001 83.7325202040001,27.5947225190001 83.7333150170001,27.5964885820001 83.741246829,27.601400207 83.7427642040001,27.6016241450001 83.7451283920001,27.604783082 83.7473531420001,27.607088769 83.749792079,27.6087832690001 83.7504077040001,27.6103278320001 83.7493040790001,27.6159377070001 83.7492150160001,27.622226332 83.7494978920001,27.627053457 83.7500400160001,27.6298840200001 83.749470391,27.6374805200001 83.7504378290001,27.6421463950001 83.7498658910001,27.649512832 83.7502727660001,27.651654894 83.7503723290001,27.659703832 83.748979891,27.66656327 83.7468320790001,27.6666338320001 83.744339579,27.6677935820001 83.7428008910001,27.6695010820001 83.7353091410001,27.669087582 83.733384517,27.67052577 83.7309515790001,27.6712002690001 83.729068704,27.67080402 83.727226579,27.6722670820001 83.7224958910001,27.6697033940001 83.7209859540001,27.666951957 83.719390704,27.6658656450001 83.717943641,27.6632294570001 83.7163269540001,27.6621452700001 83.7140769530001,27.661955644 83.7116241420001,27.6608268320001 83.7101465160001,27.6589373320001 83.7079397040001,27.658711645 83.7067566410001,27.660658707 83.705066641,27.6619683320001 83.7036373290001,27.66134477 83.701588454,27.6621933320001 83.6973226410001,27.6619335820001</coordinates></LinearRing></outerBoundaryIs></Polygon>
  </Placemark>
  <Placemark id="lumbini.29">
	<name>5</name>
	<description>NAWALPARASI_W</description>
	<Style><LineStyle><color>ff0000ff</color></LineStyle><PolyStyle><fill>0</fill></PolyStyle></Style>
	<ExtendedData><SchemaData schemaUrl="#lumbini">
		<SimpleData name="STATE_CODE">0</SimpleData>
		<SimpleData name="DISTRICT">Gaunpalika</SimpleData>
		<SimpleData name="GaPa_NaPa">5</SimpleData>
	</SchemaData></ExtendedData>
      <Polygon><outerBoundaryIs><LinearRing><coordinates>83.8997598290001,27.4985842070001 83.8993093290001,27.5000325820001 83.896529017,27.503476269 83.893938329,27.505602207 83.888942392,27.5082858320001 83.8876439540001,27.5084292070001 83.8847215790001,27.5073843320001 83.8828983290001,27.5074956450001 83.8807843290001,27.508759707 83.878517329,27.509348957 83.8777360170001,27.5104043320001 83.875315829,27.5076265820001 83.8727297660001,27.5052820820001 83.870102016,27.5002837070001 83.8675668290001,27.4977494570001 83.8622072040001,27.494050332 83.8616085790001,27.4921475190001 83.8583598920001,27.490801645 83.85528708,27.490166582 83.8545001420001,27.4889856450001 83.8549852660001,27.4856915820001 83.853007704,27.483168957 83.8477975170001,27.4831769570001 83.842298267,27.4845337690001 83.8418770170001,27.4860338940001 83.8395986410001,27.488089207 83.8374480790001,27.4883507070001 83.8333523910001,27.490193957 83.8324552660001,27.4891797070001 83.8279918920001,27.4893863940001 83.8263975790001,27.487956019 83.8263142040001,27.485198457 83.825635516,27.481357019 83.8237535790001,27.4776426440001 83.8225959540001,27.474116457 83.8260395170001,27.472624707 83.8261398910001,27.4711332690001 83.8296582040001,27.4700838320001 83.838469079,27.4681740190001 83.841205142,27.4666833320001 83.8391144540001,27.464514706 83.8396277040001,27.4618863950001 83.8386650790001,27.460028144 83.8367402040001,27.4580920820001 83.8357808920001,27.456118707 83.836090454,27.454128832 83.8342282660001,27.4514819570001 83.8339118910001,27.447027269 83.8353124540001,27.444970895 83.829886829,27.439602832 83.83512833,27.435827144 83.8366938290001,27.435454394 83.836875954,27.4324534570001 83.8328101420001,27.4328141450001 83.830507954,27.4345083310001 83.825564017,27.4327556440001 83.823086017,27.4307983310001 83.8204220790001,27.4275568320001 83.820076392,27.423607394 83.818819891,27.421644832 83.8192916410001,27.4202012700001 83.8186003910001,27.4184312690001 83.8192790790001,27.416820957 83.8221719540001,27.4152902070001 83.8222918920001,27.4114429570001 83.8232472670001,27.407188331 83.82427283,27.406013957 83.824993642,27.4015040190001 83.827883392,27.3997858320001 83.8275580170001,27.398463082 83.8250880160001,27.3963862690001 83.8249217040001,27.3945898320001 83.8225653910001,27.393605269 83.8187921410001,27.3890557070001 83.8153439540001,27.3822815190001 83.8140678920001,27.3783398940001 83.8320508290001,27.3700991440001 83.834761266,27.3682587700001 83.864833704,27.346452019 83.868086829,27.3474931440001 83.873485267,27.351578019 83.878963517,27.353318206 83.8851112670001,27.3559793950001 83.886695579,27.3576143940001 83.889709704,27.358063644 83.8898675790001,27.359072456 83.892692642,27.3613695810001 83.8944719550001,27.367775082 83.899408705,27.369954082 83.903721954,27.374637207 83.9055794540001,27.376263206 83.908288891,27.381707831 83.908305204,27.386049519 83.9073236420001,27.389532957 83.8984898290001,27.3893575810001 83.892513454,27.3898675820001 83.8873383920001,27.390730019 83.8808767670001,27.3909864560001 83.8752129540001,27.391877332 83.8747492670001,27.392560582 83.8760265160001,27.3965965190001 83.8773523290001,27.4029115820001 83.8776159540001,27.405709894 83.8733249540001,27.4127645820001 83.8723113290001,27.4179243940001 83.869485017,27.4244612690001 83.8694077040001,27.427022332 83.8714302670001,27.429454519 83.8785840790001,27.432886395 83.882222266,27.4342975820001 83.8932242670001,27.436802207 83.8976135790001,27.4375614570001 83.8947168920001,27.4409553950001 83.891154391,27.443294956 83.8898022660001,27.446313144 83.889163142,27.450214144 83.889164829,27.4548852070001 83.890258454,27.4584920820001 83.891858142,27.461458394 83.8857925170001,27.4637957690001 83.887945954,27.4682519570001 83.887754704,27.4703165190001 83.888632767,27.4724090820001 83.887580267,27.476754269 83.887179829,27.480772894 83.8840018290001,27.4818105200001 83.882659704,27.4837161450001 83.8801245160001,27.4847316450001 83.877758079,27.487225332 83.8768121420001,27.4894675200001 83.882355454,27.4922974570001 83.884734892,27.4942897070001 83.8857122050001,27.4959422700001 83.8884271420001,27.4953532690001 83.8906995790001,27.4966503320001 83.8924178920001,27.4985697070001 83.896117454,27.499402957 83.8997598290001,27.4985842070001</coordinates></LinearRing></outerBoundaryIs></Polygon>
  </Placemark>
  <Placemark id="lumbini.30">
	<name>5</name>
	<description>RUPANDEHI</description>
	<Style><LineStyle><color>ff0000ff</color></LineStyle><PolyStyle><fill>0</fill></PolyStyle></Style>
	<ExtendedData><SchemaData schemaUrl="#lumbini">
		<SimpleData name="STATE_CODE">0</SimpleData>
		<SimpleData name="DISTRICT">Upamahanagarpalika</SimpleData>
		<SimpleData name="GaPa_NaPa">5</SimpleData>
	</SchemaData></ExtendedData>
      <Polygon><outerBoundaryIs><LinearRing><coordinates>83.4941520790001,27.7257210820001 83.4913710800001,27.729228646 83.4884787670001,27.729818144 83.4860343920001,27.7260498950001 83.4840105170001,27.7244290830001 83.4776439550001,27.721298145 83.4731530170001,27.7210013320001 83.470752829,27.7216239580001 83.466817829,27.723881083 83.4651707040001,27.7256685200001 83.46035133,27.7262026450001 83.4570115170001,27.7279630830001 83.4542969540001,27.7264948330001 83.4516205800001,27.7270302690001 83.4496850790001,27.7265961460001 83.4466533290001,27.72374552 83.4444523290001,27.7241812070001 83.444879767,27.7260827700001 83.4440930170001,27.7277764580001 83.4405612670001,27.731992957 83.4389005790001,27.732290833 83.436635455,27.7314648330001 83.435493766,27.732252144 83.4344162030001,27.73491252 83.4353345170001,27.737495332 83.4340757670001,27.7391982710001 83.4310093290001,27.739192458 83.428407893,27.7412080190001 83.4256583920001,27.7413274580001 83.4240428910001,27.7396962080001 83.4200682040001,27.7417306460001 83.4167309540001,27.74089302 83.4152628910001,27.7387455190001 83.4134543920001,27.7377382700001 83.410532016,27.7348805820001 83.4073400170001,27.734792457 83.405013453,27.73691252 83.4016976410001,27.7378910200001 83.399544516,27.740550957 83.3982988910001,27.7436187700001 83.3964332050001,27.7460362080001 83.393708641,27.74787452 83.3907633300001,27.748673895 83.3885345790001,27.747425332 83.3900787040001,27.7438106450001 83.3913118280001,27.74290677 83.392760266,27.740171644 83.3924308910001,27.738572645 83.3933564540001,27.7360698950001 83.392297016,27.7351040820001 83.3924074540001,27.7320042700001 83.3914748290001,27.7310975820001 83.3923253280001,27.728287645 83.394243579,27.7237832700001 83.3944125780001,27.7220465820001 83.392697453,27.7178241450001 83.3905765170001,27.715966832 83.3891551410001,27.7137425820001 83.3877506410001,27.714049957 83.384855766,27.712857082 83.383106953,27.7095933320001 83.3830892030001,27.7082890820001 83.384773828,27.70492777 83.3817014530001,27.7045169570001 83.381590954,27.7028106450001 83.3831019530001,27.7001142070001 83.383073579,27.6985052690001 83.384845204,27.6957017070001 83.3850860780001,27.694333145 83.386834891,27.6908863950001 83.3863188290001,27.6891150820001 83.3876219540001,27.6849284570001 83.3877630160001,27.6815129570001 83.3889260160001,27.680112395 83.387569704,27.678835957 83.3824159530001,27.677576582 83.379340079,27.675507269 83.3780198910001,27.671534582 83.371436391,27.6690725820001 83.3701372660001,27.666503332 83.371092516,27.664930457 83.3698447040001,27.662993332 83.3680610160001,27.6620826450001 83.365046266,27.661567957 83.365127079,27.6593141440001 83.3659799530001,27.657100019 83.3634836410001,27.65521577 83.3635160160001,27.6537244570001 83.364997766,27.65055877 83.3679107660001,27.64958827 83.368831953,27.6517315190001 83.373522016,27.6521544570001 83.3771736410001,27.652983207 83.3784067660001,27.6524878320001 83.3811536410001,27.653510957 83.3823921410001,27.6558879570001 83.3869283920001,27.6543940820001 83.389598203,27.652887207 83.3909407660001,27.655438395 83.394999828,27.65532977 83.398339203,27.657059207 83.4002730780001,27.65590102 83.4022438910001,27.657324332 83.4051322030001,27.656811019 83.4077656410001,27.6572690190001 83.4117615170001,27.657249957 83.413290703,27.6581680200001 83.4154978290001,27.656175895 83.414917454,27.6550588320001 83.410512392,27.6505837070001 83.406258828,27.6472193320001 83.4028292660001,27.643682332 83.4043840790001,27.6431723320001 83.407122266,27.6435812070001 83.4091224540001,27.6445644570001 83.412405016,27.644765707 83.4132231410001,27.643534894 83.416434516,27.641804269 83.4185818920001,27.641815519 83.4213878290001,27.6399431450001 83.422538516,27.640419582 83.4237815160001,27.6382766450001 83.4234695160001,27.636592019 83.4246591410001,27.635003957 83.424732141,27.6333999570001 83.4236620780001,27.6309021450001 83.4214372660001,27.629396894 83.4230564540001,27.6256692700001 83.427316203,27.623956207 83.4294383280001,27.6240687690001 83.428809266,27.6211666450001 83.4274543910001,27.619191207 83.4275638290001,27.618004769 83.4341342660001,27.6154007700001 83.4355709540001,27.6210250820001 83.4371525160001,27.624905832 83.4399352030001,27.6288793320001 83.4442006410001,27.6374370820001 83.445287641,27.6390570190001 83.448718204,27.6416836450001 83.451711704,27.644725957 83.452627954,27.645119832 83.452002828,27.647574644 83.4518818280001,27.6506293320001 83.4511468920001,27.6555296450001 83.452028204,27.6612915200001 83.451806391,27.666313394 83.459354766,27.6658828320001 83.462760141,27.666446582 83.4658352660001,27.6674445200001 83.4710685160001,27.667918082 83.475266204,27.6674579570001 83.4806180790001,27.667304394 83.4879231410001,27.6695857070001 83.4913872660001,27.670455895 83.4931792040001,27.6729152070001 83.4974569540001,27.670981269 83.500873954,27.667611207 83.5023036420001,27.66670702 83.5027294540001,27.66810302 83.5005697030001,27.6688127690001 83.4989413280001,27.6717943950001 83.4991833290001,27.6756267700001 83.4986854540001,27.6769020200001 83.5016918910001,27.6768362070001 83.5029527660001,27.6781967700001 83.5044484540001,27.6810881440001 83.504374328,27.6829787070001 83.5053484540001,27.684146519 83.5053705160001,27.686441395 83.5061410160001,27.68877052 83.5054712660001,27.69127952 83.505704516,27.6928913950001 83.5037945160001,27.6998705190001 83.5008342670001,27.70531802 83.498489954,27.706374582 83.4964574540001,27.708551519 83.4942217660001,27.71487252 83.4915357660001,27.7186805200001 83.4906455780001,27.7209088320001 83.4927118910001,27.7217828940001 83.4941520790001,27.7257210820001</coordinates></LinearRing></outerBoundaryIs></Polygon>
  </Placemark>
  <Placemark id="lumbini.31">
	<name>5</name>
	<description>RUPANDEHI</description>
	<Style><LineStyle><color>ff0000ff</color></LineStyle><PolyStyle><fill>0</fill></PolyStyle></Style>
	<ExtendedData><SchemaData schemaUrl="#lumbini">
		<SimpleData name="STATE_CODE">0</SimpleData>
		<SimpleData name="DISTRICT">Nagarpalika</SimpleData>
		<SimpleData name="GaPa_NaPa">5</SimpleData>
	</SchemaData></ExtendedData>
      <Polygon><outerBoundaryIs><LinearRing><coordinates>83.5881992660001,27.7057972700001 83.5864223290001,27.7049548320001 83.5845668910001,27.7054298950001 83.582698517,27.7047947070001 83.580033642,27.7050980820001 83.5778262040001,27.706693396 83.573497892,27.708277708 83.5697502040001,27.7113483950001 83.5693479540001,27.7127325820001 83.565843455,27.713170645 83.5628187040001,27.7140772710001 83.559112955,27.7163828330001 83.555843705,27.7168258950001 83.553374954,27.71621552 83.5495075790001,27.716586582 83.5465060160001,27.7189843950001 83.5441412040001,27.7200393950001 83.5417151410001,27.7202141450001 83.5388445790001,27.722501707 83.535890517,27.7239110200001 83.533243579,27.725844895 83.5308247670001,27.72418502 83.528819517,27.7253853940001 83.5256220800001,27.726290582 83.523352829,27.725418582 83.519869455,27.7258217080001 83.5192643300001,27.726765082 83.515837516,27.728968895 83.5118620790001,27.725513957 83.5088127670001,27.724950332 83.5046668910001,27.726045707 83.502073517,27.72908927 83.5011244550001,27.7292979580001 83.4965456420001,27.7259644580001 83.4941520790001,27.7257210820001 83.4927118910001,27.7217828940001 83.4906455780001,27.7209088320001 83.4915357660001,27.7186805200001 83.4942217660001,27.71487252 83.4964574540001,27.708551519 83.498489954,27.706374582 83.5008342670001,27.70531802 83.5037945160001,27.6998705190001 83.505704516,27.6928913950001 83.5054712660001,27.69127952 83.5061410160001,27.68877052 83.5053705160001,27.686441395 83.5053484540001,27.684146519 83.504374328,27.6829787070001 83.5044484540001,27.6810881440001 83.5029527660001,27.6781967700001 83.5016918910001,27.6768362070001 83.4986854540001,27.6769020200001 83.4991833290001,27.6756267700001 83.4989413280001,27.6717943950001 83.5005697030001,27.6688127690001 83.5027294540001,27.66810302 83.5023036420001,27.66670702 83.5064578290001,27.6641833940001 83.514773017,27.658330332 83.5178586420001,27.6564095200001 83.519236516,27.656145769 83.5313989540001,27.6564785200001 83.5320593910001,27.652394332 83.533562391,27.6512891450001 83.534187891,27.6478728320001 83.536254204,27.646489769 83.536846079,27.644776832 83.540700642,27.641948832 83.5388346410001,27.6418997690001 83.5383909540001,27.640456457 83.5413580790001,27.6390875820001 83.5458395160001,27.6349121440001 83.5452677660001,27.632412394 83.5474523920001,27.631492145 83.5497657660001,27.6327745200001 83.550889516,27.63237202 83.5507727040001,27.6274683940001 83.548024641,27.62558202 83.544109016,27.6252105200001 83.544117579,27.6216859570001 83.5459130780001,27.619857332 83.5484785790001,27.6202087070001 83.550010141,27.6187018950001 83.5504568280001,27.6158759570001 83.548819704,27.6151779570001 83.5459163290001,27.615547582 83.5453123290001,27.613661457 83.546988829,27.612543207 83.5507259540001,27.612381644 83.550629579,27.608917644 83.5521475790001,27.607205332 83.5518260790001,27.605209707 83.552242704,27.600856019 83.5538568920001,27.598647644 83.5539168290001,27.595894957 83.552609266,27.5938622690001 83.551110328,27.592744957 83.5508608910001,27.59140152 83.5522626410001,27.5890932070001 83.5464228290001,27.5853533320001 83.5453999540001,27.5840525190001 83.546287454,27.5827105820001 83.5480332660001,27.5823417070001 83.5490461410001,27.581135519 83.548421891,27.5792696440001 83.5466747660001,27.57675027 83.544185204,27.576800769 83.5360440160001,27.5782969570001 83.5354901410001,27.576165019 83.5328611410001,27.575734207 83.5326423280001,27.5729941450001 83.534302703,27.5706350190001 83.532470516,27.569089895 83.5324745790001,27.56686502 83.5337455790001,27.565255957 83.531548017,27.5617510820001 83.529393391,27.5618678320001 83.527286766,27.5605360820001 83.529203953,27.557755957 83.533042079,27.5558734570001 83.534902016,27.5544671440001 83.535539079,27.5522037700001 83.533779204,27.550616082 83.5299615170001,27.552731082 83.5291356420001,27.551512019 83.5293203910001,27.5496691440001 83.5321540790001,27.5466753320001 83.5321433280001,27.5439788320001 83.5350127040001,27.5400508320001 83.535881391,27.5411662700001 83.539149954,27.539353894 83.5406473290001,27.5391264570001 83.5457838290001,27.5368010190001 83.5480784530001,27.537300519 83.5494708290001,27.5384400190001 83.5537556410001,27.5387697690001 83.5553187040001,27.536771082 83.559583079,27.5364167700001 83.5594976410001,27.5414890820001 83.559967892,27.543155832 83.5582053910001,27.546455957 83.5593543910001,27.5482896440001 83.558941641,27.5494977700001 83.5606797040001,27.55123402 83.5585047040001,27.5541424570001 83.557482829,27.558227957 83.5613033290001,27.558531144 83.5679787030001,27.555900707 83.572502892,27.554750332 83.574720454,27.5545224570001 83.579109579,27.5529923940001 83.5831010160001,27.5522462700001 83.5876785170001,27.5497010820001 83.592334329,27.551450082 83.593283328,27.554063582 83.5950883290001,27.5560116450001 83.5946722040001,27.5585038940001 83.596620392,27.560432082 83.5971372660001,27.562694519 83.5964086420001,27.563660457 83.5968535160001,27.5655097690001 83.598255141,27.5663555190001 83.597928579,27.56937377 83.5971333910001,27.5714632070001 83.5978152040001,27.5726813950001 83.596505704,27.5747422700001 83.5922611410001,27.5756234570001 83.5913812040001,27.5736373940001 83.588987516,27.5732309570001 83.582649641,27.5746855190001 83.5828620790001,27.578781645 83.582556267,27.5830432070001 83.584293266,27.585063457 83.584629641,27.588397269 83.583883266,27.590182144 83.582414891,27.5896203940001 83.5813138290001,27.5909393320001 83.5820767660001,27.5933808940001 83.5778150790001,27.5970144570001 83.576695704,27.600170082 83.5754857040001,27.6015631440001 83.5763693920001,27.603359707 83.5755128920001,27.60428002 83.5738752670001,27.61067652 83.5752355170001,27.615534332 83.576566954,27.617621145 83.5788781410001,27.6169918320001 83.5810928920001,27.6179101440001 83.5832723290001,27.61635977 83.584379266,27.6178885200001 83.5836673910001,27.6190799570001 83.5872017660001,27.6205933320001 83.589205141,27.623455957 83.5887947040001,27.6256660820001 83.5912322660001,27.6251542700001 83.5950736410001,27.6263659570001 83.5938263290001,27.6295935200001 83.5949598290001,27.6308739570001 83.5967002660001,27.6297960200001 83.598591829,27.6297338320001 83.6000247040001,27.6310940820001 83.5977778290001,27.6327753950001 83.5972355790001,27.634084832 83.5989532670001,27.635186457 83.6015868920001,27.6345418940001 83.602974078,27.6360373950001 83.6024353290001,27.637175395 83.6003596410001,27.637846332 83.5998820170001,27.639137895 83.6011226410001,27.64151077 83.6006019540001,27.6428202070001 83.601674329,27.645016582 83.6057490160001,27.64852577 83.611063017,27.6492086440001 83.6131075170001,27.6511549570001 83.6165870780001,27.6554360820001 83.6199580160001,27.6576904570001 83.6214308290001,27.6595042700001 83.6256748920001,27.661440457 83.6283503910001,27.6635371450001 83.6314743290001,27.664197582 83.6327605160001,27.6675315190001 83.6314034540001,27.6695339570001 83.6337282040001,27.676972832 83.635556954,27.6782118950001 83.633807017,27.6791008320001 83.6345975780001,27.6802311450001 83.6343926420001,27.682015457 83.6358082040001,27.683679957 83.634673703,27.6850533940001 83.6356817660001,27.6864505200001 83.635854953,27.6883057700001 83.6345488920001,27.6894327700001 83.635066141,27.6931031450001 83.6333512050001,27.6935792080001 83.6297269550001,27.692734708 83.625503393,27.6885060820001 83.623080142,27.6883685820001 83.6216853290001,27.690643833 83.6197293290001,27.6925451450001 83.6142874550001,27.695898958 83.6131352660001,27.6981273330001 83.6127141420001,27.700278833 83.611155829,27.7016576450001 83.6069693920001,27.702731145 83.604740453,27.704344958 83.59939058,27.705642832 83.5982797680001,27.704700895 83.5942490800001,27.704745583 83.590698392,27.7060822080001 83.5881992660001,27.7057972700001</coordinates></LinearRing></outerBoundaryIs></Polygon>
  </Placemark>
  <Placemark id="lumbini.32">
	<name>5</name>
	<description>RUPANDEHI</description>
	<Style><LineStyle><color>ff0000ff</color></LineStyle><PolyStyle><fill>0</fill></PolyStyle></Style>
	<ExtendedData><SchemaData schemaUrl="#lumbini">
		<SimpleData name="STATE_CODE">0</SimpleData>
		<SimpleData name="DISTRICT">Gaunpalika</SimpleData>
		<SimpleData name="GaPa_NaPa">5</SimpleData>
	</SchemaData></ExtendedData>
      <Polygon><outerBoundaryIs><LinearRing><coordinates>83.328591203,27.645039582 83.328362079,27.646818769 83.329017766,27.6506103950001 83.3280204540001,27.651830832 83.3226450160001,27.650353769 83.320671078,27.6502877070001 83.3142449540001,27.6486923950001 83.3106105160001,27.646993395 83.3086794530001,27.6469272690001 83.3068695160001,27.647741894 83.304787391,27.6503172070001 83.302852267,27.648184332 83.303437891,27.647440395 83.3021904540001,27.642670895 83.3004108910001,27.639906894 83.3028470780001,27.6386149570001 83.3044281410001,27.634353832 83.304234642,27.6318460190001 83.3062938290001,27.6293878320001 83.3048633910001,27.6259735200001 83.3048413280001,27.6234485190001 83.306719328,27.61910077 83.307277329,27.6159243320001 83.3053539540001,27.614628582 83.3052910160001,27.611198519 83.3086246410001,27.610247207 83.310765766,27.6110859570001 83.3119125160001,27.6097332690001 83.314881954,27.6086648950001 83.315565516,27.605910957 83.3147550780001,27.6051397690001 83.310195578,27.6064281440001 83.3094768280001,27.604757082 83.3074125780001,27.605297394 83.3059366410001,27.6045205820001 83.3010845160001,27.60785602 83.299953954,27.6099735820001 83.3010541410001,27.6123370190001 83.301102267,27.6147877070001 83.2998460160001,27.6164443320001 83.298064766,27.616356395 83.2956691410001,27.6180072070001 83.2940972660001,27.6156390190001 83.2918916410001,27.6205354570001 83.2904664540001,27.618646332 83.2883259530001,27.6176560820001 83.2862979540001,27.6188505820001 83.2877206410001,27.6210465820001 83.2853737660001,27.6217994570001 83.282632016,27.6207834570001 83.281592329,27.62190852 83.2821802660001,27.623716707 83.284626766,27.624038457 83.2839480160001,27.625758832 83.2819057660001,27.625996457 83.2809907660001,27.624800269 83.2776771410001,27.625566082 83.2770825160001,27.6217858320001 83.2740967660001,27.621824394 83.275146766,27.6192801450001 83.278693703,27.6160427070001 83.2788081410001,27.6151023950001 83.2809673290001,27.6136017700001 83.280324641,27.6104913940001 83.281348328,27.6085990820001 83.280175516,27.607498644 83.2780427660001,27.60834727 83.2755795780001,27.607449957 83.272826454,27.607988332 83.2707888910001,27.6076121450001 83.2670027660001,27.6084135200001 83.264969078,27.6103567690001 83.261344766,27.609800519 83.2608297030001,27.606819332 83.2617834530001,27.605675895 83.2610850780001,27.6042890190001 83.261994954,27.603260457 83.2643197660001,27.602566519 83.264677078,27.600783645 83.263904891,27.5978462690001 83.262752703,27.5968608950001 83.2608548910001,27.5979225200001 83.2598231410001,27.595229707 83.2605343290001,27.589308207 83.2599260160001,27.5874073320001 83.259868828,27.5836659570001 83.2591372030001,27.5809408320001 83.255322016,27.580205145 83.2545098910001,27.582481957 83.2433744530001,27.5840983320001 83.2454935160001,27.587753895 83.2453712660001,27.589653082 83.2441805160001,27.5908718320001 83.244685641,27.594960895 83.2443765790001,27.5960332070001 83.2458243280001,27.597652145 83.2449323910001,27.6018667700001 83.2456646410001,27.604325707 83.2447540780001,27.6054308940001 83.2468617660001,27.60780477 83.2479933910001,27.6114165820001 83.2464014540001,27.6117712070001 83.246579953,27.6164135820001 83.2434865160001,27.6164689570001 83.239778329,27.6174730820001 83.237031329,27.615998145 83.234873141,27.615622957 83.232284953,27.61388477 83.2332326410001,27.61175552 83.2323993910001,27.6102323320001 83.233605078,27.6094628320001 83.2334043290001,27.607647582 83.2312331410001,27.6035785820001 83.229662578,27.6029697070001 83.2269217040001,27.599267519 83.226069141,27.5969996440001 83.2235278910001,27.5958325190001 83.222749891,27.5932445190001 83.2215303290001,27.591730457 83.2215496410001,27.5876938320001 83.220709141,27.585732894 83.218867829,27.5848673940001 83.216373891,27.58500902 83.2150657660001,27.579062832 83.2137917030001,27.577995145 83.2136382030001,27.5754671440001 83.2109162030001,27.57407077 83.208668453,27.5699739570001 83.211257641,27.568860457 83.2103082030001,27.565089207 83.2107810160001,27.564031395 83.2089942040001,27.5631299570001 83.2083698280001,27.5616145820001 83.206262516,27.5596485820001 83.2078590780001,27.556309207 83.2105565780001,27.555936457 83.211321829,27.5540273940001 83.2126586410001,27.5528255190001 83.2126629540001,27.551158082 83.2145607030001,27.549878144 83.2166127660001,27.5495445820001 83.2161986410001,27.5476152700001 83.2191995160001,27.546639332 83.2187174530001,27.5417312070001 83.2204442660001,27.5394393940001 83.2225234540001,27.537964082 83.2224569530001,27.5359555200001 83.223378579,27.534439832 83.2264505160001,27.532825582 83.226914078,27.5309688940001 83.2259394530001,27.529634457 83.2272214530001,27.5271956450001 83.2292597030001,27.5251445820001 83.2295837030001,27.5225177070001 83.2305107660001,27.522416832 83.2320973910001,27.5224526440001 83.2329108910001,27.524047895 83.2319496410001,27.5249699570001 83.2317696410001,27.527238894 83.2304068290001,27.528528769 83.2325379540001,27.529921519 83.2330922040001,27.531567207 83.2367070160001,27.5334125200001 83.2382351410001,27.5348605200001 83.242085016,27.535269644 83.2438660780001,27.537452269 83.2443335790001,27.539972957 83.2469805160001,27.5393712690001 83.2482952660001,27.5416551440001 83.2512789530001,27.5404369560001 83.2506132660001,27.539165269 83.2515110780001,27.5377012070001 83.2506438280001,27.533777145 83.2490983910001,27.5308038950001 83.248979766,27.529438145 83.252690891,27.528885019 83.255135828,27.5271290810001 83.256211953,27.52965527 83.2603486410001,27.528614582 83.2616278290001,27.528804144 83.2614460780001,27.5310528320001 83.262206953,27.5322482070001 83.2623668910001,27.5350650820001 83.2611871410001,27.5361712070001 83.264665891,27.5389312070001 83.265627953,27.5405767070001 83.2636069540001,27.54337077 83.266188141,27.5434700820001 83.2669725160001,27.5416691450001 83.2701015170001,27.540417457 83.274309954,27.5400468940001 83.278403891,27.540113332 83.2801549540001,27.5391047700001 83.2806212660001,27.5376630820001 83.287404703,27.535622145 83.289801766,27.5370627070001 83.2925603910001,27.540878832 83.291721828,27.542988832 83.2933074530001,27.5436377070001 83.2976534540001,27.539422207 83.2995917040001,27.536663332 83.3024236410001,27.5371220820001 83.305124328,27.536260145 83.3065903280001,27.53726927 83.3094896420001,27.5370377690001 83.3124048910001,27.536061644 83.312476266,27.537970957 83.3108940170001,27.539908144 83.313405141,27.544049832 83.3127806410001,27.5464159570001 83.3137403280001,27.5472510820001 83.313897641,27.550191957 83.312382766,27.552328082 83.313423329,27.5542082690001 83.314840578,27.5552148940001 83.3184772660001,27.5546393320001 83.3199005170001,27.552780269 83.3222393280001,27.5524080820001 83.3244175790001,27.5509046440001 83.3252898910001,27.54840427 83.328336016,27.5490485820001 83.327531891,27.550448144 83.3279964530001,27.555592769 83.326052641,27.557354645 83.3278323920001,27.5584260200001 83.3302823280001,27.5572758320001 83.3321146420001,27.557713332 83.3303967030001,27.559706519 83.331031453,27.5616613940001 83.3293331410001,27.562442957 83.3305871410001,27.5642631440001 83.3327327040001,27.5701243940001 83.3309522040001,27.5700345820001 83.3303767040001,27.572750769 83.3329078290001,27.576235582 83.3324050160001,27.5776682690001 83.3282227660001,27.580588145 83.3276505790001,27.582805707 83.3279662030001,27.587058332 83.3274180160001,27.592168707 83.3265153290001,27.59566627 83.3298590160001,27.5996537070001 83.3297432040001,27.603590582 83.328274078,27.6050546450001 83.3284979540001,27.6066036450001 83.329755516,27.607604769 83.3338215160001,27.6087345190001 83.335380204,27.60964002 83.3370659540001,27.61358777 83.3368182660001,27.615172832 83.338935829,27.618736832 83.3391133280001,27.6208225820001 83.3372172040001,27.62195977 83.3334197040001,27.6221672070001 83.3313536410001,27.623075645 83.328371453,27.6260396440001 83.3279860790001,27.628734207 83.3318537040001,27.630684332 83.3321585790001,27.632903895 83.3315402040001,27.635211457 83.329985391,27.6365803320001 83.3283332660001,27.63945827 83.3270149530001,27.640769645 83.3267843290001,27.6428511450001 83.3273720160001,27.6445372690001 83.328591203,27.645039582</coordinates></LinearRing></outerBoundaryIs></Polygon>
  </Placemark>
  <Placemark id="lumbini.33">
	<name>5</name>
	<description>RUPANDEHI</description>
	<Style><LineStyle><color>ff0000ff</color></LineStyle><PolyStyle><fill>0</fill></PolyStyle></Style>
	<ExtendedData><SchemaData schemaUrl="#lumbini">
		<SimpleData name="STATE_CODE">0</SimpleData>
		<SimpleData name="DISTRICT">Gaunpalika</SimpleData>
		<SimpleData name="GaPa_NaPa">5</SimpleData>
	</SchemaData></ExtendedData>
      <Polygon><outerBoundaryIs><LinearRing><coordinates>83.3086794530001,27.6469272690001 83.308706016,27.648840894 83.305895391,27.651279582 83.3040517030001,27.65354927 83.3036722030001,27.6553073320001 83.3005643910001,27.657304395 83.2999705780001,27.6589665820001 83.2970598910001,27.6604839570001 83.295168328,27.660783457 83.2939263910001,27.6629410190001 83.295327204,27.6673277690001 83.292208579,27.670529457 83.2895629540001,27.6761635820001 83.2886757030001,27.676964582 83.284210016,27.67886177 83.281480204,27.681426645 83.279431641,27.68149952 83.2775362660001,27.680435894 83.2777133910001,27.678467019 83.276687704,27.675456207 83.2731925160001,27.670045207 83.2692485160001,27.669356582 83.264288579,27.6694498950001 83.2648193910001,27.667672457 83.2679512660001,27.665484582 83.2680563910001,27.6633032070001 83.2661225160001,27.6610568940001 83.263833579,27.6601467690001 83.261292203,27.661110207 83.2607087660001,27.6589816440001 83.2632197660001,27.6591867700001 83.2643242660001,27.6580622070001 83.2615515160001,27.655572207 83.2594845780001,27.656095957 83.2580261410001,27.6585430820001 83.2556141410001,27.659254457 83.2551572030001,27.6627809570001 83.254239704,27.6647119570001 83.254375328,27.666474957 83.253470141,27.671716082 83.255296641,27.6715138320001 83.256854516,27.675021832 83.2585288910001,27.675010457 83.2615918280001,27.6782782700001 83.2612661410001,27.680582519 83.261660078,27.682870332 83.260789141,27.6844631450001 83.260420266,27.6884662690001 83.260758766,27.691606645 83.2623143910001,27.696495457 83.2609863910001,27.6972374580001 83.2557745780001,27.6916340820001 83.2534695160001,27.6904867700001 83.249447391,27.6906522690001 83.246532954,27.691238895 83.2406045160001,27.6917706450001 83.2309354540001,27.6936058320001 83.2294146410001,27.691999895 83.229166266,27.690274645 83.2302736410001,27.687803332 83.230325641,27.6861226450001 83.229116704,27.6856511450001 83.2294133290001,27.6837461440001 83.2283155790001,27.681118144 83.2302700160001,27.678152895 83.229005703,27.675964019 83.2294837040001,27.673042394 83.228982016,27.671214207 83.230146828,27.668334832 83.229533641,27.6666458940001 83.228054016,27.6665338940001 83.227097578,27.6648160190001 83.2271316410001,27.663047207 83.2255502660001,27.6613888950001 83.2265581410001,27.6600994570001 83.2254668910001,27.6578843950001 83.2266686410001,27.6545245820001 83.2263123910001,27.647397019 83.2241678280001,27.647249645 83.222611891,27.6454787070001 83.2248645160001,27.6428694570001 83.2251078910001,27.641275582 83.223698454,27.6396227700001 83.2258662660001,27.6376583320001 83.226042453,27.636158832 83.2278299540001,27.6353452070001 83.2287616410001,27.633730332 83.2287312660001,27.631958895 83.2302332660001,27.6299771450001 83.2303103290001,27.6275248950001 83.2322773290001,27.6257825820001 83.2326136410001,27.6246495190001 83.231727891,27.6227424570001 83.232338203,27.6204150200001 83.2315515160001,27.6146659570001 83.232284953,27.61388477 83.234873141,27.615622957 83.237031329,27.615998145 83.239778329,27.6174730820001 83.2434865160001,27.6164689570001 83.246579953,27.6164135820001 83.2464014540001,27.6117712070001 83.2479933910001,27.6114165820001 83.2468617660001,27.60780477 83.2447540780001,27.6054308940001 83.2456646410001,27.604325707 83.2449323910001,27.6018667700001 83.2458243280001,27.597652145 83.2443765790001,27.5960332070001 83.244685641,27.594960895 83.2441805160001,27.5908718320001 83.2453712660001,27.589653082 83.2454935160001,27.587753895 83.2433744530001,27.5840983320001 83.2545098910001,27.582481957 83.255322016,27.580205145 83.2591372030001,27.5809408320001 83.259868828,27.5836659570001 83.2599260160001,27.5874073320001 83.2605343290001,27.589308207 83.2598231410001,27.595229707 83.2608548910001,27.5979225200001 83.262752703,27.5968608950001 83.263904891,27.5978462690001 83.264677078,27.600783645 83.2643197660001,27.602566519 83.261994954,27.603260457 83.2610850780001,27.6042890190001 83.2617834530001,27.605675895 83.2608297030001,27.606819332 83.261344766,27.609800519 83.264969078,27.6103567690001 83.2670027660001,27.6084135200001 83.2707888910001,27.6076121450001 83.272826454,27.607988332 83.2755795780001,27.607449957 83.2780427660001,27.60834727 83.280175516,27.607498644 83.281348328,27.6085990820001 83.280324641,27.6104913940001 83.2809673290001,27.6136017700001 83.2788081410001,27.6151023950001 83.278693703,27.6160427070001 83.275146766,27.6192801450001 83.2740967660001,27.621824394 83.2770825160001,27.6217858320001 83.2776771410001,27.625566082 83.2809907660001,27.624800269 83.2819057660001,27.625996457 83.2839480160001,27.625758832 83.284626766,27.624038457 83.2821802660001,27.623716707 83.281592329,27.62190852 83.282632016,27.6207834570001 83.2853737660001,27.6217994570001 83.2877206410001,27.6210465820001 83.2862979540001,27.6188505820001 83.2883259530001,27.6176560820001 83.2904664540001,27.618646332 83.2918916410001,27.6205354570001 83.2940972660001,27.6156390190001 83.2956691410001,27.6180072070001 83.298064766,27.616356395 83.2998460160001,27.6164443320001 83.301102267,27.6147877070001 83.3010541410001,27.6123370190001 83.299953954,27.6099735820001 83.3010845160001,27.60785602 83.3059366410001,27.6045205820001 83.3074125780001,27.605297394 83.3094768280001,27.604757082 83.310195578,27.6064281440001 83.3147550780001,27.6051397690001 83.315565516,27.605910957 83.314881954,27.6086648950001 83.3119125160001,27.6097332690001 83.310765766,27.6110859570001 83.3086246410001,27.610247207 83.3052910160001,27.611198519 83.3053539540001,27.614628582 83.307277329,27.6159243320001 83.306719328,27.61910077 83.3048413280001,27.6234485190001 83.3048633910001,27.6259735200001 83.3062938290001,27.6293878320001 83.304234642,27.6318460190001 83.3044281410001,27.634353832 83.3028470780001,27.6386149570001 83.3004108910001,27.639906894 83.3021904540001,27.642670895 83.303437891,27.647440395 83.302852267,27.648184332 83.304787391,27.6503172070001 83.3068695160001,27.647741894 83.3086794530001,27.6469272690001</coordinates></LinearRing></outerBoundaryIs></Polygon>
  </Placemark>
  <Placemark id="lumbini.34">
	<name>5</name>
	<description>RUPANDEHI</description>
	<Style><LineStyle><color>ff0000ff</color></LineStyle><PolyStyle><fill>0</fill></PolyStyle></Style>
	<ExtendedData><SchemaData schemaUrl="#lumbini">
		<SimpleData name="STATE_CODE">0</SimpleData>
		<SimpleData name="DISTRICT">Gaunpalika</SimpleData>
		<SimpleData name="GaPa_NaPa">5</SimpleData>
	</SchemaData></ExtendedData>
      <Polygon><outerBoundaryIs><LinearRing><coordinates>83.3908468910001,27.4794723320001 83.3892062030001,27.4810108940001 83.3871748290001,27.4812907690001 83.3838793290001,27.4836748320001 83.379771641,27.4802718940001 83.3782088290001,27.4785455190001 83.3748035790001,27.469989582 83.3696200160001,27.4706747700001 83.3654099540001,27.4678666450001 83.363001329,27.4653735200001 83.3609233910001,27.4665802690001 83.357787016,27.466373957 83.3569868910001,27.4652443310001 83.354083141,27.46630277 83.3502220780001,27.46716252 83.349310329,27.464856707 83.347926891,27.463236895 83.3463603280001,27.462922645 83.3460880160001,27.461321519 83.347809016,27.4587121440001 83.3465033910001,27.4582321440001 83.342781641,27.4589344560001 83.3404422030001,27.4578470820001 83.336933392,27.4586810820001 83.3367176410001,27.460124206 83.3381917660001,27.462890832 83.337144391,27.4655417070001 83.3359138910001,27.4668738940001 83.3376556410001,27.469307895 83.3376717660001,27.4707430820001 83.3395212040001,27.4722072700001 83.3418490780001,27.470131081 83.343209453,27.470627144 83.3456170170001,27.4729175190001 83.347496704,27.472761582 83.3493271410001,27.471468207 83.3508190780001,27.4718000820001 83.351527704,27.475767956 83.3546565170001,27.475040144 83.355771954,27.4753567070001 83.3583630790001,27.478286269 83.355080704,27.480940457 83.352927391,27.480585207 83.349981954,27.480862582 83.3473841410001,27.480595457 83.3474155790001,27.482885894 83.3447660790001,27.483268332 83.3454468290001,27.487421145 83.3446013290001,27.4889853940001 83.342888454,27.4883725820001 83.339524516,27.4893088950001 83.3369260160001,27.489445457 83.327167391,27.488062832 83.323395141,27.485460894 83.3221162660001,27.4839902690001 83.3216948290001,27.4809623310001 83.3214456410001,27.4788964570001 83.3189787040001,27.473877332 83.317159766,27.469292394 83.3168625160001,27.467339082 83.3119102040001,27.4679826440001 83.3111955160001,27.464883269 83.3090807040001,27.4599018320001 83.3105403910001,27.457296082 83.306738641,27.4554427690001 83.304140703,27.454955957 83.303536954,27.451356144 83.3013186410001,27.4518098950001 83.2998213910001,27.450622207 83.298540141,27.4510377060001 83.295932141,27.449226207 83.296070141,27.4457632690001 83.300010828,27.443251457 83.297678454,27.442614582 83.296558454,27.4412505820001 83.2978752660001,27.4398965820001 83.301439642,27.4398310190001 83.302091766,27.438988082 83.3017615160001,27.436357645 83.2995418290001,27.4335169570001 83.3007047040001,27.4284254560001 83.3067261410001,27.427649957 83.3122829540001,27.427359332 83.3174016410001,27.427745519 83.320446266,27.429279019 83.3234958290001,27.432033145 83.3256196410001,27.4325917690001 83.3281557660001,27.4307943320001 83.3339182660001,27.4309664570001 83.335185391,27.42853102 83.3376682030001,27.426401395 83.3359678290001,27.423604332 83.334298016,27.422190582 83.3343558290001,27.4155613940001 83.3386037660001,27.418138207 83.340094079,27.411287832 83.340839391,27.4089942690001 83.3431627030001,27.405690457 83.3451702660001,27.4035404570001 83.3534362660001,27.402762207 83.3533193910001,27.4053610820001 83.3537628280001,27.4084996440001 83.3573594530001,27.410553894 83.360491079,27.411642332 83.362499078,27.413621457 83.365909016,27.4146501440001 83.3670735160001,27.4162327070001 83.3700093290001,27.416185082 83.373671141,27.415407332 83.374512704,27.4115615200001 83.3757905160001,27.411402519 83.376823954,27.4138463940001 83.378637891,27.4153144570001 83.3854773910001,27.414094644 83.389990266,27.4124401450001 83.395946516,27.415365707 83.3952701410001,27.417213082 83.3972771410001,27.420509457 83.3978412660001,27.4223328950001 83.396797829,27.423898895 83.395273391,27.42450827 83.3936637040001,27.4276490820001 83.3938375160001,27.4295723320001 83.392258267,27.4300686440001 83.387424766,27.43412727 83.3862795160001,27.4360018310001 83.3884212030001,27.439127394 83.3859682660001,27.442194457 83.3882862670001,27.4435269570001 83.3920358290001,27.4447054570001 83.393647141,27.4465808310001 83.3974600170001,27.4462092700001 83.400749266,27.44886352 83.402362516,27.4539497690001 83.4039248290001,27.457063582 83.401964891,27.45978102 83.401839641,27.4634201440001 83.404634704,27.466067707 83.4030913290001,27.467047145 83.4014466410001,27.465519269 83.400029454,27.465382269 83.3975597660001,27.466592457 83.3978089540001,27.4692154570001 83.3961112040001,27.4693638320001 83.3926864530001,27.470971332 83.3906593280001,27.4704998940001 83.391007954,27.472960894 83.392109141,27.474473082 83.3938704540001,27.4751892690001 83.3939305790001,27.477608456 83.3919762660001,27.4781572700001 83.3908468910001,27.4794723320001</coordinates></LinearRing></outerBoundaryIs></Polygon>
  </Placemark>
  <Placemark id="lumbini.35">
	<name>5</name>
	<description>RUPANDEHI</description>
	<Style><LineStyle><color>ff0000ff</color></LineStyle><PolyStyle><fill>0</fill></PolyStyle></Style>
	<ExtendedData><SchemaData schemaUrl="#lumbini">
		<SimpleData name="STATE_CODE">0</SimpleData>
		<SimpleData name="DISTRICT">Nagarpalika</SimpleData>
		<SimpleData name="GaPa_NaPa">5</SimpleData>
	</SchemaData></ExtendedData>
      <Polygon><outerBoundaryIs><LinearRing><coordinates>83.3124048910001,27.536061644 83.3094896420001,27.5370377690001 83.3065903280001,27.53726927 83.305124328,27.536260145 83.3024236410001,27.5371220820001 83.2995917040001,27.536663332 83.2976534540001,27.539422207 83.2933074530001,27.5436377070001 83.291721828,27.542988832 83.2925603910001,27.540878832 83.289801766,27.5370627070001 83.287404703,27.535622145 83.2806212660001,27.5376630820001 83.2801549540001,27.5391047700001 83.278403891,27.540113332 83.274309954,27.5400468940001 83.2701015170001,27.540417457 83.2669725160001,27.5416691450001 83.266188141,27.5434700820001 83.2636069540001,27.54337077 83.265627953,27.5405767070001 83.264665891,27.5389312070001 83.2611871410001,27.5361712070001 83.2623668910001,27.5350650820001 83.262206953,27.5322482070001 83.2614460780001,27.5310528320001 83.2616278290001,27.528804144 83.2603486410001,27.528614582 83.256211953,27.52965527 83.255135828,27.5271290810001 83.252690891,27.528885019 83.248979766,27.529438145 83.2490983910001,27.5308038950001 83.2506438280001,27.533777145 83.2515110780001,27.5377012070001 83.2506132660001,27.539165269 83.2512789530001,27.5404369560001 83.2482952660001,27.5416551440001 83.2469805160001,27.5393712690001 83.2443335790001,27.539972957 83.2438660780001,27.537452269 83.242085016,27.535269644 83.2382351410001,27.5348605200001 83.2367070160001,27.5334125200001 83.2330922040001,27.531567207 83.2325379540001,27.529921519 83.2304068290001,27.528528769 83.2317696410001,27.527238894 83.2319496410001,27.5249699570001 83.2329108910001,27.524047895 83.2320973910001,27.5224526440001 83.2305107660001,27.522416832 83.232343454,27.5201479570001 83.2328171410001,27.518043144 83.234288329,27.516203207 83.2333559530001,27.5148893320001 83.2336748290001,27.5123774570001 83.232775578,27.511810645 83.2315519540001,27.506666082 83.2291543910001,27.504459582 83.2302925160001,27.5018619570001 83.231949329,27.501232644 83.2299766410001,27.497074395 83.2291011410001,27.4943866450001 83.2262423290001,27.4950318940001 83.2261216410001,27.492255894 83.2242418290001,27.4925725190001 83.2231573290001,27.4913119570001 83.224867266,27.4894035200001 83.2237406410001,27.4886368320001 83.2249182040001,27.485601769 83.221660016,27.482449457 83.2231857660001,27.4813545820001 83.221040266,27.4798081440001 83.2239402660001,27.479201645 83.224050704,27.477065457 83.222602953,27.474225582 83.2232892660001,27.47268152 83.2264856410001,27.472162269 83.2255065780001,27.4709428940001 83.2261024530001,27.468479894 83.2283800150001,27.469417707 83.2293702040001,27.468822894 83.228251641,27.466833394 83.2284171410001,27.463896457 83.2274477030001,27.4630403950001 83.227003203,27.460443019 83.2259053290001,27.4595817690001 83.225563578,27.456587832 83.2244947660001,27.454562394 83.221713391,27.4540053310001 83.2197332040001,27.4526088320001 83.2210121410001,27.4507160810001 83.2191918280001,27.449250519 83.2199254540001,27.4463528950001 83.2190311410001,27.444908207 83.219692766,27.442405019 83.2220138910001,27.44047527 83.2230877040001,27.438100707 83.226353079,27.4378728950001 83.2292918910001,27.4352423940001 83.2317935780001,27.43448677 83.2333158910001,27.430575769 83.232308016,27.429401394 83.230293078,27.428812582 83.2251769530001,27.4248513320001 83.225613078,27.4236893950001 83.2248251410001,27.421135269 83.220537016,27.4182185820001 83.2190384530001,27.417675457 83.221817329,27.4154842070001 83.228176454,27.4114850190001 83.230016203,27.4109062690001 83.242180578,27.406256956 83.2591559540001,27.394023395 83.2608557660001,27.3958353310001 83.2650016410001,27.4019970190001 83.2673608910001,27.4011745820001 83.2698627030001,27.395817332 83.270839579,27.3945723320001 83.2730347040001,27.3936857690001 83.2756311410001,27.3945995820001 83.2752810790001,27.396576645 83.2740032030001,27.3991627070001 83.274276329,27.400321644 83.276179766,27.401633519 83.2793930160001,27.402442207 83.2844330790001,27.4011480820001 83.286242954,27.4013965820001 83.2888908290001,27.4033619570001 83.290715891,27.4062392070001 83.291087641,27.4098942690001 83.2900472030001,27.413991207 83.2884155780001,27.422338519 83.2885068290001,27.425507082 83.2910905160001,27.428309207 83.294289516,27.4293182690001 83.2977657040001,27.4290853320001 83.3007047040001,27.4284254560001 83.2995418290001,27.4335169570001 83.3017615160001,27.436357645 83.302091766,27.438988082 83.301439642,27.4398310190001 83.2978752660001,27.4398965820001 83.296558454,27.4412505820001 83.297678454,27.442614582 83.300010828,27.443251457 83.296070141,27.4457632690001 83.295932141,27.449226207 83.298540141,27.4510377060001 83.2998213910001,27.450622207 83.3013186410001,27.4518098950001 83.303536954,27.451356144 83.304140703,27.454955957 83.306738641,27.4554427690001 83.3105403910001,27.457296082 83.3090807040001,27.4599018320001 83.3111955160001,27.464883269 83.3119102040001,27.4679826440001 83.3168625160001,27.467339082 83.317159766,27.469292394 83.3189787040001,27.473877332 83.3214456410001,27.4788964570001 83.3216948290001,27.4809623310001 83.3180781410001,27.482165395 83.314252266,27.4844707070001 83.3118477660001,27.486789769 83.3118470160001,27.4883873310001 83.3140605780001,27.490194332 83.313126578,27.4929877070001 83.3138897040001,27.494340832 83.3136928910001,27.4961878940001 83.3176357660001,27.4963223940001 83.3192644530001,27.497099769 83.318813891,27.4997850190001 83.3214094530001,27.4977533320001 83.323236266,27.5000135820001 83.325073391,27.501422082 83.3254876410001,27.503152519 83.3283515160001,27.502658707 83.328997954,27.504261582 83.331761704,27.5065652070001 83.330530078,27.5084050190001 83.327814141,27.5096803320001 83.3282438910001,27.5114808320001 83.3258258280001,27.510988519 83.3249033910001,27.513723332 83.3228373910001,27.513593707 83.320131453,27.51454627 83.3189574530001,27.516239582 83.320313829,27.5180672070001 83.3235115160001,27.5178480820001 83.3250336410001,27.518403832 83.3257282660001,27.520291269 83.323329953,27.522797832 83.321450579,27.523840082 83.3193798280001,27.5235299570001 83.315882141,27.5239460190001 83.310836641,27.5239978320001 83.311128517,27.5249875820001 83.3094785160001,27.5265137700001 83.3109130160001,27.5296595820001 83.3098390160001,27.530545519 83.3107068290001,27.531924019 83.3111258910001,27.535105394 83.3124048910001,27.536061644</coordinates></LinearRing></outerBoundaryIs><innerBoundaryIs><LinearRing><coordinates>83.271027454,27.5058698940001 83.286312953,27.505788894 83.2867591410001,27.504881832 83.286512391,27.493501457 83.2863272660001,27.47816577 83.2859155790001,27.463086144 83.2852165780001,27.4621348950001 83.2699515780001,27.46217527 83.2695888910001,27.4625705190001 83.2698392660001,27.4814762070001 83.2702569530001,27.5049407070001 83.271027454,27.5058698940001</coordinates></LinearRing></innerBoundaryIs></Polygon>
  </Placemark>
  <Placemark id="lumbini.36">
	<name>5</name>
	<description>RUPANDEHI</description>
	<Style><LineStyle><color>ff0000ff</color></LineStyle><PolyStyle><fill>0</fill></PolyStyle></Style>
	<ExtendedData><SchemaData schemaUrl="#lumbini">
		<SimpleData name="STATE_CODE">0</SimpleData>
		<SimpleData name="DISTRICT">Gaunpalika</SimpleData>
		<SimpleData name="GaPa_NaPa">5</SimpleData>
	</SchemaData></ExtendedData>
      <Polygon><outerBoundaryIs><LinearRing><coordinates>83.294757266,27.3359119570001 83.2963886410001,27.334713019 83.2967495170001,27.3331871440001 83.301916078,27.3343525810001 83.3036185160001,27.333634519 83.306790891,27.33120652 83.309605328,27.333334769 83.3142313290001,27.331775769 83.3182388910001,27.331025894 83.3175252660001,27.332653894 83.3186034540001,27.334520707 83.320651329,27.3357311450001 83.3202411410001,27.337216207 83.323724204,27.3363102070001 83.3265457030001,27.3366262070001 83.3273600160001,27.3349535190001 83.3290363290001,27.333883019 83.3313546410001,27.3341017070001 83.3337730790001,27.3325156440001 83.3370197660001,27.333501395 83.339593828,27.3326110190001 83.3424407030001,27.3342964560001 83.3445581410001,27.334453081 83.346743517,27.3382813320001 83.3487970790001,27.338252519 83.3509943290001,27.339582831 83.3532353910001,27.3394239570001 83.3547763280001,27.3404352690001 83.3531838910001,27.3424226440001 83.357580517,27.344390269 83.3615056410001,27.3439998320001 83.3612845160001,27.34796577 83.359827641,27.3498951440001 83.3656763910001,27.3541143940001 83.366613203,27.355583144 83.368119516,27.3550687060001 83.370669766,27.355978269 83.371733641,27.3579665190001 83.373925141,27.3576852690001 83.3752000160001,27.3567523310001 83.3761757660001,27.3584715810001 83.375692391,27.361736831 83.3744193910001,27.3635588940001 83.3748496410001,27.3668259570001 83.3768248910001,27.369770519 83.382847891,27.370052269 83.3853500160001,27.371060707 83.3874463280001,27.3726178320001 83.390272016,27.376121019 83.3884951420001,27.380344144 83.3900978290001,27.383223645 83.3875363280001,27.385301956 83.386896204,27.386492832 83.3866623910001,27.389350769 83.3876058910001,27.390862269 83.3911229540001,27.391981082 83.394665891,27.3955098320001 83.3980693920001,27.395574207 83.399558079,27.397821332 83.4019592660001,27.398472457 83.4023112040001,27.3993720820001 83.4055278290001,27.401908582 83.4062917040001,27.40399002 83.407584828,27.405313332 83.408633766,27.4090500190001 83.4080922670001,27.410735582 83.4091318910001,27.412272145 83.4116414540001,27.41246102 83.4114268910001,27.4147752700001 83.409385829,27.414917895 83.4076124540001,27.4186222070001 83.4037943920001,27.4194543310001 83.4022492660001,27.42121902 83.3978412660001,27.4223328950001 83.3972771410001,27.420509457 83.3952701410001,27.417213082 83.395946516,27.415365707 83.389990266,27.4124401450001 83.3854773910001,27.414094644 83.378637891,27.4153144570001 83.376823954,27.4138463940001 83.3757905160001,27.411402519 83.374512704,27.4115615200001 83.373671141,27.415407332 83.3700093290001,27.416185082 83.3670735160001,27.4162327070001 83.365909016,27.4146501440001 83.362499078,27.413621457 83.360491079,27.411642332 83.3573594530001,27.410553894 83.3537628280001,27.4084996440001 83.3533193910001,27.4053610820001 83.3534362660001,27.402762207 83.3614868290001,27.4024855820001 83.3617417660001,27.395466894 83.359774578,27.392822331 83.3570729530001,27.391076895 83.3493188910001,27.3914155190001 83.348251829,27.3895557070001 83.3500273290001,27.3893767070001 83.3478089530001,27.3818387690001 83.346032703,27.381042957 83.3449445790001,27.3816696440001 83.338167829,27.38270727 83.333996766,27.382978456 83.329976329,27.381844519 83.3298924530001,27.3778885190001 83.3270672040001,27.3779088320001 83.3260142030001,27.3764798940001 83.3233474530001,27.3769002070001 83.3210289530001,27.375841957 83.320022141,27.374474144 83.318352329,27.3754385190001 83.315908204,27.3726872070001 83.3138412660001,27.373247957 83.3099342660001,27.373323457 83.3089332660001,27.3720142700001 83.3095147660001,27.3695440820001 83.3104885160001,27.368316894 83.3072038280001,27.3672287690001 83.3056597660001,27.3673338950001 83.303862704,27.366223769 83.304358016,27.3627422700001 83.306218829,27.3620903940001 83.3030749530001,27.3594346450001 83.3031584540001,27.3569912070001 83.302484329,27.353657395 83.3053637660001,27.351886832 83.305655453,27.3493430190001 83.3070856410001,27.3474884570001 83.306726267,27.34437052 83.308021829,27.3409967060001 83.3035472660001,27.3363938310001 83.3003576410001,27.3348435190001 83.2976652660001,27.3367705810001 83.294757266,27.3359119570001</coordinates></LinearRing></outerBoundaryIs></Polygon>
  </Placemark>
  <Placemark id="lumbini.37">
	<name>5</name>
	<description>RUPANDEHI</description>
	<Style><LineStyle><color>ff0000ff</color></LineStyle><PolyStyle><fill>0</fill></PolyStyle></Style>
	<ExtendedData><SchemaData schemaUrl="#lumbini">
		<SimpleData name="STATE_CODE">0</SimpleData>
		<SimpleData name="DISTRICT">Gaunpalika</SimpleData>
		<SimpleData name="GaPa_NaPa">5</SimpleData>
	</SchemaData></ExtendedData>
      <Polygon><outerBoundaryIs><LinearRing><coordinates>83.4434477660001,27.535036894 83.444287328,27.53408352 83.4431260160001,27.532081894 83.440342641,27.5318698950001 83.435929704,27.532224457 83.4340428290001,27.532735707 83.429003578,27.532915894 83.4285398910001,27.5322032070001 83.425916392,27.5328942690001 83.420514891,27.5317909570001 83.4190471410001,27.528943957 83.4169798290001,27.5291632070001 83.4141388290001,27.5308977070001 83.4121384540001,27.5302574570001 83.4099084540001,27.527806582 83.4071227040001,27.52299527 83.4021389540001,27.523226644 83.3963762670001,27.5228136440001 83.3921032040001,27.521596894 83.392476704,27.5237511440001 83.391946454,27.525587832 83.3896265160001,27.525898082 83.3885777670001,27.5246230820001 83.3876669540001,27.520498832 83.3864390790001,27.519922519 83.385078203,27.516477706 83.383386891,27.5155134570001 83.378961953,27.5161188320001 83.380531766,27.5191675190001 83.380257704,27.520766082 83.3810303290001,27.523468269 83.3801047030001,27.5273407070001 83.3819188290001,27.528998207 83.3851805790001,27.530262769 83.3860505790001,27.5358083940001 83.387323703,27.53738452 83.3881960790001,27.540933207 83.3890759540001,27.5425030820001 83.3884600160001,27.5440663320001 83.3829123290001,27.5446397700001 83.377082016,27.5443113950001 83.3731490160001,27.5467780820001 83.3731382660001,27.548853894 83.374759704,27.5494863320001 83.3738426410001,27.5547215820001 83.370284703,27.5562940190001 83.3698178280001,27.5542565820001 83.3683896410001,27.553356582 83.368226141,27.550903082 83.366791204,27.549813457 83.366081078,27.546714394 83.3660507660001,27.543947894 83.3598151410001,27.544724832 83.3580309540001,27.54292952 83.355883641,27.5428654560001 83.3556390790001,27.5459443940001 83.352107828,27.546638769 83.351668266,27.5490148320001 83.3498024530001,27.5508293950001 83.346023266,27.550398769 83.345893141,27.5526522700001 83.3468020780001,27.55360202 83.3466794540001,27.5578525190001 83.3462013910001,27.5592740820001 83.343681829,27.560117394 83.342950391,27.5613459570001 83.344323516,27.564141394 83.342645454,27.5662048940001 83.338478642,27.565569082 83.3367202030001,27.5673364570001 83.336734516,27.5684873320001 83.3351100790001,27.5708127070001 83.3327327040001,27.5701243940001 83.3305871410001,27.5642631440001 83.3293331410001,27.562442957 83.331031453,27.5616613940001 83.3303967030001,27.559706519 83.3321146420001,27.557713332 83.3302823280001,27.5572758320001 83.3278323920001,27.5584260200001 83.326052641,27.557354645 83.3279964530001,27.555592769 83.327531891,27.550448144 83.328336016,27.5490485820001 83.3252898910001,27.54840427 83.3244175790001,27.5509046440001 83.3222393280001,27.5524080820001 83.3199005170001,27.552780269 83.3184772660001,27.5546393320001 83.314840578,27.5552148940001 83.313423329,27.5542082690001 83.312382766,27.552328082 83.313897641,27.550191957 83.3137403280001,27.5472510820001 83.3127806410001,27.5464159570001 83.313405141,27.544049832 83.3108940170001,27.539908144 83.312476266,27.537970957 83.3124048910001,27.536061644 83.3111258910001,27.535105394 83.3107068290001,27.531924019 83.3098390160001,27.530545519 83.3109130160001,27.5296595820001 83.3094785160001,27.5265137700001 83.311128517,27.5249875820001 83.310836641,27.5239978320001 83.315882141,27.5239460190001 83.3193798280001,27.5235299570001 83.321450579,27.523840082 83.323329953,27.522797832 83.3257282660001,27.520291269 83.3250336410001,27.518403832 83.3235115160001,27.5178480820001 83.320313829,27.5180672070001 83.3189574530001,27.516239582 83.320131453,27.51454627 83.3228373910001,27.513593707 83.3249033910001,27.513723332 83.3258258280001,27.510988519 83.3282438910001,27.5114808320001 83.327814141,27.5096803320001 83.330530078,27.5084050190001 83.331761704,27.5065652070001 83.328997954,27.504261582 83.3283515160001,27.502658707 83.3254876410001,27.503152519 83.325073391,27.501422082 83.323236266,27.5000135820001 83.3214094530001,27.4977533320001 83.318813891,27.4997850190001 83.3192644530001,27.497099769 83.3176357660001,27.4963223940001 83.3136928910001,27.4961878940001 83.3138897040001,27.494340832 83.313126578,27.4929877070001 83.3140605780001,27.490194332 83.3118470160001,27.4883873310001 83.3118477660001,27.486789769 83.314252266,27.4844707070001 83.3180781410001,27.482165395 83.3216948290001,27.4809623310001 83.3221162660001,27.4839902690001 83.323395141,27.485460894 83.327167391,27.488062832 83.3369260160001,27.489445457 83.339524516,27.4893088950001 83.342888454,27.4883725820001 83.3446013290001,27.4889853940001 83.3454468290001,27.487421145 83.3447660790001,27.483268332 83.3474155790001,27.482885894 83.3473841410001,27.480595457 83.349981954,27.480862582 83.352927391,27.480585207 83.355080704,27.480940457 83.3583630790001,27.478286269 83.355771954,27.4753567070001 83.3546565170001,27.475040144 83.351527704,27.475767956 83.3508190780001,27.4718000820001 83.3493271410001,27.471468207 83.347496704,27.472761582 83.3456170170001,27.4729175190001 83.343209453,27.470627144 83.3418490780001,27.470131081 83.3395212040001,27.4722072700001 83.3376717660001,27.4707430820001 83.3376556410001,27.469307895 83.3359138910001,27.4668738940001 83.337144391,27.4655417070001 83.3381917660001,27.462890832 83.3367176410001,27.460124206 83.336933392,27.4586810820001 83.3404422030001,27.4578470820001 83.342781641,27.4589344560001 83.3465033910001,27.4582321440001 83.347809016,27.4587121440001 83.3460880160001,27.461321519 83.3463603280001,27.462922645 83.347926891,27.463236895 83.349310329,27.464856707 83.3502220780001,27.46716252 83.354083141,27.46630277 83.3569868910001,27.4652443310001 83.357787016,27.466373957 83.3609233910001,27.4665802690001 83.363001329,27.4653735200001 83.3654099540001,27.4678666450001 83.3696200160001,27.4706747700001 83.3748035790001,27.469989582 83.3782088290001,27.4785455190001 83.379771641,27.4802718940001 83.3838793290001,27.4836748320001 83.3871748290001,27.4812907690001 83.3892062030001,27.4810108940001 83.3908468910001,27.4794723320001 83.4086592040001,27.478766207 83.4058758910001,27.480342894 83.406904453,27.48174177 83.4051203910001,27.4829774570001 83.404405829,27.4845810190001 83.4018988290001,27.485960269 83.4016661410001,27.4876967070001 83.398465892,27.489745332 83.395687954,27.491994269 83.3937550160001,27.492635706 83.3946058910001,27.4951124570001 83.397487954,27.4964788940001 83.3986625790001,27.500926957 83.4013648280001,27.5049234570001 83.4049031420001,27.503963895 83.4067202040001,27.503962582 83.4086967040001,27.5064937070001 83.4084753290001,27.5085032700001 83.4093487660001,27.512408395 83.4139505160001,27.516647457 83.4178870160001,27.516005082 83.420035892,27.5168263940001 83.4233173910001,27.5196628320001 83.4214260160001,27.5214850200001 83.4239088910001,27.523214706 83.4261677040001,27.52251102 83.4277853280001,27.5200287700001 83.4289819540001,27.5170710190001 83.4330983290001,27.51243277 83.4340980160001,27.5118253320001 83.438386704,27.5124113320001 83.442491766,27.5137388320001 83.444303641,27.5193285820001 83.447297141,27.5197827690001 83.4468902660001,27.521999269 83.4496705160001,27.523871894 83.451721391,27.5262357070001 83.4534727660001,27.5258860820001 83.4544138910001,27.5277829570001 83.4570652030001,27.527427769 83.4570880790001,27.5297317070001 83.4583064540001,27.533951519 83.4538125780001,27.534599707 83.4434477660001,27.535036894</coordinates></LinearRing></outerBoundaryIs></Polygon>
  </Placemark>
  <Placemark id="lumbini.38">
	<name>5</name>
	<description>RUPANDEHI</description>
	<Style><LineStyle><color>ff0000ff</color></LineStyle><PolyStyle><fill>0</fill></PolyStyle></Style>
	<ExtendedData><SchemaData schemaUrl="#lumbini">
		<SimpleData name="STATE_CODE">0</SimpleData>
		<SimpleData name="DISTRICT">Gaunpalika</SimpleData>
		<SimpleData name="GaPa_NaPa">5</SimpleData>
	</SchemaData></ExtendedData>
      <Polygon><outerBoundaryIs><LinearRing><coordinates>83.5291356420001,27.551512019 83.5247670790001,27.5509060200001 83.5186263290001,27.5535813320001 83.517219954,27.552838582 83.5132126410001,27.553359394 83.512844203,27.554308082 83.5080746410001,27.5526418320001 83.504553329,27.5521125810001 83.5037007670001,27.5512633320001 83.502039079,27.5527872690001 83.5020826420001,27.555619269 83.5009376410001,27.557027707 83.4968377660001,27.558669207 83.4920419530001,27.55456077 83.486631829,27.5543242700001 83.4875522670001,27.5558056450001 83.4860875160001,27.5568337070001 83.479932891,27.5564113950001 83.4783122040001,27.557529082 83.4721125790001,27.559101019 83.472120891,27.5626526450001 83.4686995160001,27.5639641450001 83.4661433910001,27.5641010190001 83.4665637040001,27.566711082 83.4647543290001,27.567205082 83.4643453910001,27.5652471450001 83.463831204,27.563218895 83.461678829,27.5629578320001 83.4609532040001,27.561449957 83.4584986410001,27.562760457 83.458241828,27.560794082 83.4560300790001,27.5601581440001 83.455635079,27.55856127 83.4578915160001,27.5543437700001 83.4614431420001,27.55294952 83.4622418920001,27.5516055190001 83.458567891,27.5487165820001 83.4574680160001,27.5439714570001 83.455016953,27.542921644 83.4531320790001,27.5439003320001 83.4489897660001,27.5449828320001 83.4475259540001,27.542865019 83.445939642,27.542605957 83.4431125780001,27.53958227 83.441889641,27.5373096440001 83.4434477660001,27.535036894 83.4538125780001,27.534599707 83.4583064540001,27.533951519 83.4570880790001,27.5297317070001 83.4570652030001,27.527427769 83.4606977670001,27.5264084570001 83.4702504540001,27.5248408320001 83.472364767,27.5255461450001 83.475869516,27.5283980190001 83.4753081410001,27.529882894 83.477918704,27.531099957 83.4816196420001,27.5337763950001 83.4827175780001,27.5369643940001 83.4848751420001,27.5373469570001 83.4854743280001,27.5386647070001 83.489135703,27.53862402 83.4921387040001,27.5379220190001 83.494687641,27.536667644 83.4952833290001,27.532899269 83.4950487030001,27.5312805190001 83.490848704,27.5273344570001 83.4893552670001,27.52411577 83.487435641,27.5240635820001 83.487482829,27.5207783320001 83.4851200790001,27.518734269 83.4814403280001,27.518253519 83.4815731420001,27.5164375190001 83.4791679530001,27.514113519 83.476797891,27.5126852070001 83.476678516,27.510098832 83.4746788290001,27.509901707 83.4744545780001,27.511417269 83.470678954,27.510405582 83.468699454,27.5071284570001 83.468716391,27.5044613320001 83.467457079,27.50287702 83.467298203,27.5000625820001 83.4692808290001,27.500289019 83.469496953,27.4977670820001 83.472278954,27.498835957 83.477568079,27.4982444570001 83.4782398290001,27.4960604570001 83.4823253280001,27.495387457 83.4825804530001,27.5009686440001 83.4855750790001,27.501871082 83.4869795170001,27.4993467690001 83.489593766,27.499864082 83.4899255780001,27.502606895 83.4942707660001,27.5013613940001 83.4981262030001,27.501073019 83.5008867660001,27.503120519 83.5035976410001,27.5023562690001 83.5038045790001,27.499256582 83.5069157660001,27.4998723940001 83.5078516410001,27.501597395 83.5109148290001,27.5041444560001 83.5098252660001,27.5048717070001 83.5063817670001,27.5039817700001 83.504784267,27.5049689570001 83.5054490790001,27.507189457 83.5054002040001,27.5095585820001 83.5066311410001,27.5102737070001 83.511838454,27.51025602 83.5123622040001,27.5111355820001 83.5151433920001,27.511120519 83.5153697040001,27.512750457 83.5210873290001,27.5125355820001 83.5229632030001,27.5162448940001 83.524290078,27.517639457 83.5268047040001,27.517697707 83.5294836420001,27.5217435820001 83.5360228920001,27.521557957 83.536804954,27.5218742070001 83.536862016,27.525329082 83.5442850160001,27.525407769 83.545058204,27.5242053320001 83.5521343290001,27.5220485190001 83.554314204,27.523231207 83.5549183910001,27.5254625200001 83.5536216420001,27.525659207 83.5521680160001,27.528542832 83.5531623910001,27.532885207 83.5553368920001,27.5314615820001 83.5603418910001,27.5296610190001 83.5639808290001,27.5288127690001 83.5717810780001,27.5292634570001 83.574392892,27.528820207 83.578042016,27.526753082 83.5810861410001,27.528181644 83.5831367660001,27.531200207 83.583196704,27.532430144 83.5870827040001,27.532759894 83.5900577040001,27.532493457 83.5916799540001,27.5337843940001 83.593308516,27.5332927700001 83.5935661410001,27.5351708950001 83.5918342670001,27.53818727 83.592667766,27.539816645 83.5918943290001,27.5410238320001 83.5927451410001,27.5432963320001 83.594847954,27.543728957 83.598049641,27.5458593320001 83.5984618910001,27.5478936440001 83.5952155790001,27.548064707 83.5925659540001,27.55016677 83.592334329,27.551450082 83.5876785170001,27.5497010820001 83.5831010160001,27.5522462700001 83.579109579,27.5529923940001 83.574720454,27.5545224570001 83.572502892,27.554750332 83.5679787030001,27.555900707 83.5613033290001,27.558531144 83.557482829,27.558227957 83.5585047040001,27.5541424570001 83.5606797040001,27.55123402 83.558941641,27.5494977700001 83.5593543910001,27.5482896440001 83.5582053910001,27.546455957 83.559967892,27.543155832 83.5594976410001,27.5414890820001 83.559583079,27.5364167700001 83.5553187040001,27.536771082 83.5537556410001,27.5387697690001 83.5494708290001,27.5384400190001 83.5480784530001,27.537300519 83.5457838290001,27.5368010190001 83.5406473290001,27.5391264570001 83.539149954,27.539353894 83.535881391,27.5411662700001 83.5350127040001,27.5400508320001 83.5321433280001,27.5439788320001 83.5321540790001,27.5466753320001 83.5293203910001,27.5496691440001 83.5291356420001,27.551512019</coordinates></LinearRing></outerBoundaryIs></Polygon>
  </Placemark>
  <Placemark id="lumbini.39">
	<name>5</name>
	<description>RUPANDEHI</description>
	<Style><LineStyle><color>ff0000ff</color></LineStyle><PolyStyle><fill>0</fill></PolyStyle></Style>
	<ExtendedData><SchemaData schemaUrl="#lumbini">
		<SimpleData name="STATE_CODE">0</SimpleData>
		<SimpleData name="DISTRICT">Gaunpalika</SimpleData>
		<SimpleData name="GaPa_NaPa">5</SimpleData>
	</SchemaData></ExtendedData>
      <Polygon><outerBoundaryIs><LinearRing><coordinates>83.5900577040001,27.532493457 83.5870827040001,27.532759894 83.583196704,27.532430144 83.5831367660001,27.531200207 83.5810861410001,27.528181644 83.578042016,27.526753082 83.574392892,27.528820207 83.5717810780001,27.5292634570001 83.5639808290001,27.5288127690001 83.5603418910001,27.5296610190001 83.5553368920001,27.5314615820001 83.5531623910001,27.532885207 83.5521680160001,27.528542832 83.5536216420001,27.525659207 83.5549183910001,27.5254625200001 83.554314204,27.523231207 83.5521343290001,27.5220485190001 83.545058204,27.5242053320001 83.5442850160001,27.525407769 83.536862016,27.525329082 83.536804954,27.5218742070001 83.5360228920001,27.521557957 83.5294836420001,27.5217435820001 83.5268047040001,27.517697707 83.524290078,27.517639457 83.5229632030001,27.5162448940001 83.5210873290001,27.5125355820001 83.5153697040001,27.512750457 83.5151433920001,27.511120519 83.5123622040001,27.5111355820001 83.511838454,27.51025602 83.5066311410001,27.5102737070001 83.5054002040001,27.5095585820001 83.5054490790001,27.507189457 83.504784267,27.5049689570001 83.5063817670001,27.5039817700001 83.5098252660001,27.5048717070001 83.5109148290001,27.5041444560001 83.5078516410001,27.501597395 83.5069157660001,27.4998723940001 83.5038045790001,27.499256582 83.5035976410001,27.5023562690001 83.5008867660001,27.503120519 83.4981262030001,27.501073019 83.4942707660001,27.5013613940001 83.4899255780001,27.502606895 83.489593766,27.499864082 83.4869795170001,27.4993467690001 83.4855750790001,27.501871082 83.4825804530001,27.5009686440001 83.4823253280001,27.495387457 83.4782398290001,27.4960604570001 83.477568079,27.4982444570001 83.472278954,27.498835957 83.4712584540001,27.4971217070001 83.472080266,27.4949968940001 83.4681721410001,27.4942329570001 83.4663352030001,27.4953677070001 83.466143329,27.492058957 83.4683861410001,27.4880713320001 83.475517079,27.4879630190001 83.4755972660001,27.485196832 83.477170141,27.4844626440001 83.477062892,27.4819891450001 83.478636141,27.480286832 83.482257829,27.4792330820001 83.4821270780001,27.4753492070001 83.509635141,27.474106207 83.519476329,27.473867457 83.5822535170001,27.470831832 83.6130215790001,27.4694901440001 83.6167033280001,27.4693784570001 83.6161893280001,27.472346707 83.6144733290001,27.475255019 83.6148593920001,27.4786408320001 83.6131146420001,27.4815875200001 83.6137338920001,27.483421519 83.6122867660001,27.485807144 83.6128608290001,27.4896087070001 83.610733892,27.4897336450001 83.6084817660001,27.4913565190001 83.6075845780001,27.4937187690001 83.6051437040001,27.493957832 83.606513142,27.4956112690001 83.604666266,27.496824519 83.602744079,27.496724269 83.6014538910001,27.4977540200001 83.5995112670001,27.497258769 83.597410767,27.501546832 83.5984107040001,27.5039867690001 83.5974123920001,27.506572082 83.596248266,27.50710802 83.596870391,27.5094700810001 83.5989079540001,27.5121025190001 83.5993670170001,27.515522457 83.5993083290001,27.518351895 83.5959152660001,27.5212484570001 83.593987891,27.5202838320001 83.5918365780001,27.523763832 83.5926218290001,27.527909019 83.590959641,27.530316332 83.5895163920001,27.529671207 83.5886990170001,27.531902707 83.5900577040001,27.532493457</coordinates></LinearRing></outerBoundaryIs></Polygon>
  </Placemark>
  <Placemark id="lumbini.40">
	<name>5</name>
	<description>RUPANDEHI</description>
	<Style><LineStyle><color>ff0000ff</color></LineStyle><PolyStyle><fill>0</fill></PolyStyle></Style>
	<ExtendedData><SchemaData schemaUrl="#lumbini">
		<SimpleData name="STATE_CODE">0</SimpleData>
		<SimpleData name="DISTRICT">Nagarpalika</SimpleData>
		<SimpleData name="GaPa_NaPa">5</SimpleData>
	</SchemaData></ExtendedData>
      <Polygon><outerBoundaryIs><LinearRing><coordinates>83.3421803300001,27.7578310820001 83.3382433300001,27.7616639570001 83.336694267,27.7651470210001 83.3329325160001,27.765792333 83.3310669540001,27.767218332 83.3297173290001,27.767236644 83.3263483920001,27.7641245200001 83.3256605160001,27.762654583 83.3212699540001,27.764643458 83.3191918910001,27.7631508320001 83.316685142,27.7631926440001 83.3155080160001,27.7623519580001 83.3123241420001,27.763638083 83.3095500790001,27.765438332 83.307501453,27.765725957 83.3039946420001,27.7677007070001 83.302086392,27.766400457 83.300660453,27.7634802700001 83.2985205790001,27.760542958 83.296171642,27.760115957 83.2935178290001,27.7586898960001 83.2853815170001,27.756084833 83.281460328,27.756784333 83.2748553910001,27.75707477 83.2697454550001,27.756682332 83.2667323920001,27.755982707 83.261799453,27.7569944570001 83.261974642,27.759980458 83.258853704,27.7656023320001 83.2578316410001,27.7669303320001 83.256696203,27.7659923950001 83.2553130790001,27.762726894 83.253410391,27.760622644 83.249429579,27.7585929570001 83.2508907040001,27.7564055190001 83.250785766,27.7547328950001 83.248076579,27.751044957 83.246418266,27.75212802 83.2437777040001,27.752436269 83.2423657040001,27.7506347070001 83.2395218290001,27.7501858950001 83.2378238910001,27.7520853950001 83.2348238910001,27.7566288950001 83.2319612030001,27.7580796450001 83.2286633910001,27.762499457 83.225431454,27.762641645 83.2238335160001,27.7614165200001 83.2216093280001,27.76168152 83.2167325790001,27.7593186440001 83.2143279540001,27.75914027 83.2138967660001,27.7563580820001 83.2128022030001,27.753466019 83.214237391,27.749455707 83.2157012660001,27.748730707 83.2154684530001,27.747197333 83.217232891,27.7450864570001 83.2168282660001,27.7428412690001 83.2182115790001,27.7412178320001 83.2195581410001,27.73798752 83.2198523900001,27.7361051440001 83.2188558280001,27.7335205200001 83.2201604540001,27.7316642070001 83.2190329530001,27.7298392070001 83.2176662040001,27.7295156440001 83.217466078,27.726912957 83.2189437040001,27.7257322070001 83.2191285160001,27.7239033320001 83.2208126410001,27.7229922700001 83.2215969540001,27.7198445820001 83.2239062030001,27.717479332 83.2245842030001,27.7142904570001 83.2244050790001,27.7124143950001 83.223122141,27.710049333 83.224517516,27.707317957 83.2247220790001,27.7055478950001 83.2237000160001,27.7038025200001 83.2271163290001,27.703205645 83.226386328,27.6996342690001 83.229023016,27.6992090200001 83.228773329,27.6968135820001 83.2277247660001,27.6952396450001 83.2312420790001,27.6948372700001 83.2309354540001,27.6936058320001 83.2406045160001,27.6917706450001 83.246532954,27.691238895 83.249447391,27.6906522690001 83.2534695160001,27.6904867700001 83.2557745780001,27.6916340820001 83.2609863910001,27.6972374580001 83.2623143910001,27.696495457 83.260758766,27.691606645 83.260420266,27.6884662690001 83.260789141,27.6844631450001 83.261660078,27.682870332 83.2612661410001,27.680582519 83.2615918280001,27.6782782700001 83.2585288910001,27.675010457 83.256854516,27.675021832 83.255296641,27.6715138320001 83.253470141,27.671716082 83.254375328,27.666474957 83.254239704,27.6647119570001 83.2551572030001,27.6627809570001 83.2556141410001,27.659254457 83.2580261410001,27.6585430820001 83.2594845780001,27.656095957 83.2615515160001,27.655572207 83.2643242660001,27.6580622070001 83.2632197660001,27.6591867700001 83.2607087660001,27.6589816440001 83.261292203,27.661110207 83.263833579,27.6601467690001 83.2661225160001,27.6610568940001 83.2680563910001,27.6633032070001 83.2679512660001,27.665484582 83.2648193910001,27.667672457 83.264288579,27.6694498950001 83.2692485160001,27.669356582 83.2731925160001,27.670045207 83.276687704,27.675456207 83.2777133910001,27.678467019 83.2775362660001,27.680435894 83.279431641,27.68149952 83.281480204,27.681426645 83.284210016,27.67886177 83.2886757030001,27.676964582 83.2895629540001,27.6761635820001 83.292208579,27.670529457 83.295327204,27.6673277690001 83.2939263910001,27.6629410190001 83.295168328,27.660783457 83.2970598910001,27.6604839570001 83.2999705780001,27.6589665820001 83.3005643910001,27.657304395 83.3036722030001,27.6553073320001 83.3040517030001,27.65354927 83.305895391,27.651279582 83.308706016,27.648840894 83.3086794530001,27.6469272690001 83.3106105160001,27.646993395 83.3142449540001,27.6486923950001 83.320671078,27.6502877070001 83.3226450160001,27.650353769 83.3280204540001,27.651830832 83.329017766,27.6506103950001 83.328362079,27.646818769 83.328591203,27.645039582 83.3318439540001,27.6460503320001 83.3323086410001,27.6470273320001 83.336143328,27.647736207 83.337134829,27.647091082 83.3390007030001,27.6500062700001 83.3386044540001,27.6513807700001 83.3407780160001,27.653322582 83.347003391,27.652781207 83.3525318910001,27.6594973320001 83.3559892040001,27.659057644 83.3569712660001,27.659694019 83.361337329,27.65824302 83.3633966410001,27.6583112070001 83.365127079,27.6593141440001 83.365046266,27.661567957 83.3680610160001,27.6620826450001 83.3698447040001,27.662993332 83.371092516,27.664930457 83.3701372660001,27.666503332 83.371436391,27.6690725820001 83.3780198910001,27.671534582 83.379340079,27.675507269 83.3824159530001,27.677576582 83.387569704,27.678835957 83.3889260160001,27.680112395 83.3877630160001,27.6815129570001 83.3876219540001,27.6849284570001 83.3863188290001,27.6891150820001 83.386834891,27.6908863950001 83.3850860780001,27.694333145 83.384845204,27.6957017070001 83.383073579,27.6985052690001 83.3831019530001,27.7001142070001 83.381590954,27.7028106450001 83.3817014530001,27.7045169570001 83.384773828,27.70492777 83.3830892030001,27.7082890820001 83.383106953,27.7095933320001 83.384855766,27.712857082 83.3877506410001,27.714049957 83.3891551410001,27.7137425820001 83.3905765170001,27.715966832 83.392697453,27.7178241450001 83.3944125780001,27.7220465820001 83.394243579,27.7237832700001 83.3923253280001,27.728287645 83.3914748290001,27.7310975820001 83.3924074540001,27.7320042700001 83.392297016,27.7351040820001 83.3933564540001,27.7360698950001 83.3924308910001,27.738572645 83.392760266,27.740171644 83.3913118280001,27.74290677 83.3900787040001,27.7438106450001 83.3885345790001,27.747425332 83.3870775180001,27.7467915820001 83.3863665160001,27.743266208 83.3856580170001,27.7426922070001 83.378070204,27.7431885820001 83.377864704,27.741134333 83.375220454,27.736523957 83.375174078,27.7348178940001 83.373048516,27.73489177 83.3688553910001,27.73701627 83.3671270790001,27.7409683330001 83.3649428290001,27.741784146 83.3632095780001,27.7452983330001 83.3605831410001,27.748907644 83.3604922040001,27.7508545210001 83.3592838930001,27.7521621440001 83.3566461410001,27.752416145 83.3550404550001,27.751427145 83.3498090790001,27.749529895 83.3481277660001,27.7497521450001 83.348318954,27.7512354580001 83.346946018,27.7555657070001 83.3441483280001,27.757944208 83.3421803300001,27.7578310820001</coordinates></LinearRing></outerBoundaryIs></Polygon>
  </Placemark>
  <Placemark id="lumbini.41">
	<name>5</name>
	<description>RUPANDEHI</description>
	<Style><LineStyle><color>ff0000ff</color></LineStyle><PolyStyle><fill>0</fill></PolyStyle></Style>
	<ExtendedData><SchemaData schemaUrl="#lumbini">
		<SimpleData name="STATE_CODE">0</SimpleData>
		<SimpleData name="DISTRICT">Gaunpalika</SimpleData>
		<SimpleData name="GaPa_NaPa">5</SimpleData>
	</SchemaData></ExtendedData>
      <Polygon><outerBoundaryIs><LinearRing><coordinates>83.3534362660001,27.402762207 83.3451702660001,27.4035404570001 83.3431627030001,27.405690457 83.340839391,27.4089942690001 83.340094079,27.411287832 83.3386037660001,27.418138207 83.3343558290001,27.4155613940001 83.334298016,27.422190582 83.3359678290001,27.423604332 83.3376682030001,27.426401395 83.335185391,27.42853102 83.3339182660001,27.4309664570001 83.3281557660001,27.4307943320001 83.3256196410001,27.4325917690001 83.3234958290001,27.432033145 83.320446266,27.429279019 83.3174016410001,27.427745519 83.3122829540001,27.427359332 83.3067261410001,27.427649957 83.3007047040001,27.4284254560001 83.2977657040001,27.4290853320001 83.294289516,27.4293182690001 83.2910905160001,27.428309207 83.2885068290001,27.425507082 83.2884155780001,27.422338519 83.2900472030001,27.413991207 83.291087641,27.4098942690001 83.290715891,27.4062392070001 83.2888908290001,27.4033619570001 83.286242954,27.4013965820001 83.2844330790001,27.4011480820001 83.2793930160001,27.402442207 83.276179766,27.401633519 83.274276329,27.400321644 83.2740032030001,27.3991627070001 83.2752810790001,27.396576645 83.2756311410001,27.3945995820001 83.2730347040001,27.3936857690001 83.270839579,27.3945723320001 83.2698627030001,27.395817332 83.2673608910001,27.4011745820001 83.2650016410001,27.4019970190001 83.2608557660001,27.3958353310001 83.2591559540001,27.394023395 83.274300016,27.3834322060001 83.274292266,27.383116269 83.2676442040001,27.3653638320001 83.2748127660001,27.3524626450001 83.294598266,27.336184207 83.294757266,27.3359119570001 83.2976652660001,27.3367705810001 83.3003576410001,27.3348435190001 83.3035472660001,27.3363938310001 83.308021829,27.3409967060001 83.306726267,27.34437052 83.3070856410001,27.3474884570001 83.305655453,27.3493430190001 83.3053637660001,27.351886832 83.302484329,27.353657395 83.3031584540001,27.3569912070001 83.3030749530001,27.3594346450001 83.306218829,27.3620903940001 83.304358016,27.3627422700001 83.303862704,27.366223769 83.3056597660001,27.3673338950001 83.3072038280001,27.3672287690001 83.3104885160001,27.368316894 83.3095147660001,27.3695440820001 83.3089332660001,27.3720142700001 83.3099342660001,27.373323457 83.3138412660001,27.373247957 83.315908204,27.3726872070001 83.318352329,27.3754385190001 83.320022141,27.374474144 83.3210289530001,27.375841957 83.3233474530001,27.3769002070001 83.3260142030001,27.3764798940001 83.3270672040001,27.3779088320001 83.3298924530001,27.3778885190001 83.329976329,27.381844519 83.333996766,27.382978456 83.338167829,27.38270727 83.3449445790001,27.3816696440001 83.346032703,27.381042957 83.3478089530001,27.3818387690001 83.3500273290001,27.3893767070001 83.348251829,27.3895557070001 83.3493188910001,27.3914155190001 83.3570729530001,27.391076895 83.359774578,27.392822331 83.3617417660001,27.395466894 83.3614868290001,27.4024855820001 83.3534362660001,27.402762207</coordinates></LinearRing></outerBoundaryIs></Polygon>
  </Placemark>
  <Placemark id="lumbini.42">
	<name>5</name>
	<description>RUPANDEHI</description>
	<Style><LineStyle><color>ff0000ff</color></LineStyle><PolyStyle><fill>0</fill></PolyStyle></Style>
	<ExtendedData><SchemaData schemaUrl="#lumbini">
		<SimpleData name="STATE_CODE">0</SimpleData>
		<SimpleData name="DISTRICT">Nagarpalika</SimpleData>
		<SimpleData name="GaPa_NaPa">5</SimpleData>
	</SchemaData></ExtendedData>
      <Polygon><outerBoundaryIs><LinearRing><coordinates>83.472278954,27.498835957 83.469496953,27.4977670820001 83.4692808290001,27.500289019 83.467298203,27.5000625820001 83.467457079,27.50287702 83.468716391,27.5044613320001 83.468699454,27.5071284570001 83.470678954,27.510405582 83.4744545780001,27.511417269 83.4746788290001,27.509901707 83.476678516,27.510098832 83.476797891,27.5126852070001 83.4791679530001,27.514113519 83.4815731420001,27.5164375190001 83.4814403280001,27.518253519 83.4851200790001,27.518734269 83.487482829,27.5207783320001 83.487435641,27.5240635820001 83.4893552670001,27.52411577 83.490848704,27.5273344570001 83.4950487030001,27.5312805190001 83.4952833290001,27.532899269 83.494687641,27.536667644 83.4921387040001,27.5379220190001 83.489135703,27.53862402 83.4854743280001,27.5386647070001 83.4848751420001,27.5373469570001 83.4827175780001,27.5369643940001 83.4816196420001,27.5337763950001 83.477918704,27.531099957 83.4753081410001,27.529882894 83.475869516,27.5283980190001 83.472364767,27.5255461450001 83.4702504540001,27.5248408320001 83.4606977670001,27.5264084570001 83.4570652030001,27.527427769 83.4544138910001,27.5277829570001 83.4534727660001,27.5258860820001 83.451721391,27.5262357070001 83.4496705160001,27.523871894 83.4468902660001,27.521999269 83.447297141,27.5197827690001 83.444303641,27.5193285820001 83.442491766,27.5137388320001 83.438386704,27.5124113320001 83.4340980160001,27.5118253320001 83.4330983290001,27.51243277 83.4289819540001,27.5170710190001 83.4277853280001,27.5200287700001 83.4261677040001,27.52251102 83.4239088910001,27.523214706 83.4214260160001,27.5214850200001 83.4233173910001,27.5196628320001 83.420035892,27.5168263940001 83.4178870160001,27.516005082 83.4139505160001,27.516647457 83.4093487660001,27.512408395 83.4084753290001,27.5085032700001 83.4086967040001,27.5064937070001 83.4067202040001,27.503962582 83.4049031420001,27.503963895 83.4013648280001,27.5049234570001 83.3986625790001,27.500926957 83.397487954,27.4964788940001 83.3946058910001,27.4951124570001 83.3937550160001,27.492635706 83.395687954,27.491994269 83.398465892,27.489745332 83.4016661410001,27.4876967070001 83.4018988290001,27.485960269 83.404405829,27.4845810190001 83.4051203910001,27.4829774570001 83.406904453,27.48174177 83.4058758910001,27.480342894 83.4086592040001,27.478766207 83.4228990780001,27.478191957 83.4493580160001,27.476760144 83.4684461410001,27.475891082 83.4821270780001,27.4753492070001 83.482257829,27.4792330820001 83.478636141,27.480286832 83.477062892,27.4819891450001 83.477170141,27.4844626440001 83.4755972660001,27.485196832 83.475517079,27.4879630190001 83.4683861410001,27.4880713320001 83.466143329,27.492058957 83.4663352030001,27.4953677070001 83.4681721410001,27.4942329570001 83.472080266,27.4949968940001 83.4712584540001,27.4971217070001 83.472278954,27.498835957</coordinates></LinearRing></outerBoundaryIs></Polygon>
  </Placemark>
  <Placemark id="lumbini.43">
	<name>5</name>
	<description>RUPANDEHI</description>
	<Style><LineStyle><color>ff0000ff</color></LineStyle><PolyStyle><fill>0</fill></PolyStyle></Style>
	<ExtendedData><SchemaData schemaUrl="#lumbini">
		<SimpleData name="STATE_CODE">0</SimpleData>
		<SimpleData name="DISTRICT">Gaunpalika</SimpleData>
		<SimpleData name="GaPa_NaPa">5</SimpleData>
	</SchemaData></ExtendedData>
      <Polygon><outerBoundaryIs><LinearRing><coordinates>83.424565391,27.595137019 83.4193824530001,27.59916352 83.4149247660001,27.599068082 83.4122382040001,27.600455707 83.411648579,27.603145082 83.4134072030001,27.6031187070001 83.4146215160001,27.6056668320001 83.4146185160001,27.6090356440001 83.4141070160001,27.6110191450001 83.4151383280001,27.6130475200001 83.413090766,27.613548832 83.411253204,27.6163931450001 83.4082774540001,27.617186019 83.4074959540001,27.618705769 83.4046257030001,27.620649832 83.4048667040001,27.6235661440001 83.4030720160001,27.624282769 83.4017785780001,27.623552832 83.3968078280001,27.624330082 83.3948132660001,27.6232631450001 83.3912963290001,27.6190079570001 83.3908625160001,27.616090769 83.3929240790001,27.614917457 83.3946471420001,27.6166714570001 83.4001100790001,27.6169727070001 83.3956251420001,27.613927394 83.392296329,27.6109795190001 83.391941204,27.6094616450001 83.390140203,27.6083774570001 83.3845588290001,27.6075946450001 83.3833413280001,27.6063098320001 83.3818410790001,27.6083520190001 83.3803350790001,27.608595769 83.379409266,27.606664645 83.377083767,27.605034082 83.3741309540001,27.605751895 83.3746407660001,27.603901707 83.3743302660001,27.6012535190001 83.3711186410001,27.599973145 83.371530454,27.5987158940001 83.3703522660001,27.596569269 83.3654594540001,27.596034769 83.3656839540001,27.591753082 83.3638053910001,27.5905779570001 83.3632366410001,27.5891809570001 83.363069141,27.5827763940001 83.3636758910001,27.581863082 83.3606203290001,27.5804703320001 83.356222954,27.5807749570001 83.354028079,27.5789663950001 83.350857266,27.578315332 83.3460657670001,27.579220207 83.3441886410001,27.577406207 83.342686266,27.5774148950001 83.3384872660001,27.5729430820001 83.3381562040001,27.5709874570001 83.336734516,27.5684873320001 83.3367202030001,27.5673364570001 83.338478642,27.565569082 83.342645454,27.5662048940001 83.344323516,27.564141394 83.342950391,27.5613459570001 83.343681829,27.560117394 83.3462013910001,27.5592740820001 83.3466794540001,27.5578525190001 83.3468020780001,27.55360202 83.345893141,27.5526522700001 83.346023266,27.550398769 83.3498024530001,27.5508293950001 83.351668266,27.5490148320001 83.352107828,27.546638769 83.3556390790001,27.5459443940001 83.355883641,27.5428654560001 83.3580309540001,27.54292952 83.3598151410001,27.544724832 83.3660507660001,27.543947894 83.366081078,27.546714394 83.366791204,27.549813457 83.368226141,27.550903082 83.3683896410001,27.553356582 83.3698178280001,27.5542565820001 83.370284703,27.5562940190001 83.3738426410001,27.5547215820001 83.374759704,27.5494863320001 83.3731382660001,27.548853894 83.3731490160001,27.5467780820001 83.377082016,27.5443113950001 83.3829123290001,27.5446397700001 83.3884600160001,27.5440663320001 83.3890759540001,27.5425030820001 83.3881960790001,27.540933207 83.387323703,27.53738452 83.3860505790001,27.5358083940001 83.3851805790001,27.530262769 83.3819188290001,27.528998207 83.3801047030001,27.5273407070001 83.3810303290001,27.523468269 83.380257704,27.520766082 83.380531766,27.5191675190001 83.378961953,27.5161188320001 83.383386891,27.5155134570001 83.385078203,27.516477706 83.3864390790001,27.519922519 83.3876669540001,27.520498832 83.3885777670001,27.5246230820001 83.3896265160001,27.525898082 83.391946454,27.525587832 83.392476704,27.5237511440001 83.3921032040001,27.521596894 83.3963762670001,27.5228136440001 83.4021389540001,27.523226644 83.4071227040001,27.52299527 83.4099084540001,27.527806582 83.4121384540001,27.5302574570001 83.4141388290001,27.5308977070001 83.4169798290001,27.5291632070001 83.4190471410001,27.528943957 83.420514891,27.5317909570001 83.425916392,27.5328942690001 83.4285398910001,27.5322032070001 83.429003578,27.532915894 83.4340428290001,27.532735707 83.435929704,27.532224457 83.440342641,27.5318698950001 83.4431260160001,27.532081894 83.444287328,27.53408352 83.4434477660001,27.535036894 83.441889641,27.5373096440001 83.4431125780001,27.53958227 83.445939642,27.542605957 83.4475259540001,27.542865019 83.4489897660001,27.5449828320001 83.4531320790001,27.5439003320001 83.455016953,27.542921644 83.4574680160001,27.5439714570001 83.458567891,27.5487165820001 83.4622418920001,27.5516055190001 83.4614431420001,27.55294952 83.4578915160001,27.5543437700001 83.455635079,27.55856127 83.4560300790001,27.5601581440001 83.458241828,27.560794082 83.4584986410001,27.562760457 83.4609532040001,27.561449957 83.461678829,27.5629578320001 83.463831204,27.563218895 83.4643453910001,27.5652471450001 83.4629086410001,27.56722727 83.460207767,27.568329207 83.4585363910001,27.5704843950001 83.458506329,27.5731243320001 83.4570808290001,27.5725839570001 83.451251079,27.568158769 83.4487879540001,27.5691688320001 83.4465740790001,27.5672940200001 83.4456923910001,27.5642465820001 83.4439435790001,27.566024457 83.440442766,27.568433769 83.4382598290001,27.567172645 83.434354828,27.566276832 83.434634391,27.563721394 83.4363767660001,27.5603867070001 83.4344994530001,27.5560804570001 83.434342266,27.554155145 83.4320365790001,27.5501766450001 83.4284850780001,27.5530097070001 83.4266698910001,27.554881832 83.424280266,27.561165207 83.4243477040001,27.56267052 83.4226781410001,27.564001644 83.4215715780001,27.5635908940001 83.4184278290001,27.5655589570001 83.415830016,27.5687025190001 83.4176381410001,27.5704746440001 83.420529641,27.571673645 83.4203318290001,27.572990582 83.4180283910001,27.5745604570001 83.4187868290001,27.578458207 83.420321329,27.5810685820001 83.422448516,27.5862175820001 83.424565391,27.595137019</coordinates></LinearRing></outerBoundaryIs></Polygon>
  </Placemark>
  <Placemark id="lumbini.44">
	<name>5</name>
	<description>RUPANDEHI</description>
	<Style><LineStyle><color>ff0000ff</color></LineStyle><PolyStyle><fill>0</fill></PolyStyle></Style>
	<ExtendedData><SchemaData schemaUrl="#lumbini">
		<SimpleData name="STATE_CODE">0</SimpleData>
		<SimpleData name="DISTRICT">Gaunpalika</SimpleData>
		<SimpleData name="GaPa_NaPa">5</SimpleData>
	</SchemaData></ExtendedData>
      <Polygon><outerBoundaryIs><LinearRing><coordinates>83.365127079,27.6593141440001 83.3633966410001,27.6583112070001 83.361337329,27.65824302 83.3569712660001,27.659694019 83.3559892040001,27.659057644 83.3525318910001,27.6594973320001 83.347003391,27.652781207 83.3407780160001,27.653322582 83.3386044540001,27.6513807700001 83.3390007030001,27.6500062700001 83.337134829,27.647091082 83.336143328,27.647736207 83.3323086410001,27.6470273320001 83.3318439540001,27.6460503320001 83.328591203,27.645039582 83.3273720160001,27.6445372690001 83.3267843290001,27.6428511450001 83.3270149530001,27.640769645 83.3283332660001,27.63945827 83.329985391,27.6365803320001 83.3315402040001,27.635211457 83.3321585790001,27.632903895 83.3318537040001,27.630684332 83.3279860790001,27.628734207 83.328371453,27.6260396440001 83.3313536410001,27.623075645 83.3334197040001,27.6221672070001 83.3372172040001,27.62195977 83.3391133280001,27.6208225820001 83.338935829,27.618736832 83.3368182660001,27.615172832 83.3370659540001,27.61358777 83.335380204,27.60964002 83.3338215160001,27.6087345190001 83.329755516,27.607604769 83.3284979540001,27.6066036450001 83.328274078,27.6050546450001 83.3297432040001,27.603590582 83.3298590160001,27.5996537070001 83.3265153290001,27.59566627 83.3274180160001,27.592168707 83.3279662030001,27.587058332 83.3276505790001,27.582805707 83.3282227660001,27.580588145 83.3324050160001,27.5776682690001 83.3329078290001,27.576235582 83.3303767040001,27.572750769 83.3309522040001,27.5700345820001 83.3327327040001,27.5701243940001 83.3351100790001,27.5708127070001 83.336734516,27.5684873320001 83.3381562040001,27.5709874570001 83.3384872660001,27.5729430820001 83.342686266,27.5774148950001 83.3441886410001,27.577406207 83.3460657670001,27.579220207 83.350857266,27.578315332 83.354028079,27.5789663950001 83.356222954,27.5807749570001 83.3606203290001,27.5804703320001 83.3636758910001,27.581863082 83.363069141,27.5827763940001 83.3632366410001,27.5891809570001 83.3638053910001,27.5905779570001 83.3656839540001,27.591753082 83.3654594540001,27.596034769 83.3703522660001,27.596569269 83.371530454,27.5987158940001 83.3711186410001,27.599973145 83.3743302660001,27.6012535190001 83.3746407660001,27.603901707 83.3741309540001,27.605751895 83.377083767,27.605034082 83.379409266,27.606664645 83.3803350790001,27.608595769 83.3818410790001,27.6083520190001 83.3833413280001,27.6063098320001 83.3845588290001,27.6075946450001 83.390140203,27.6083774570001 83.391941204,27.6094616450001 83.392296329,27.6109795190001 83.3956251420001,27.613927394 83.4001100790001,27.6169727070001 83.3946471420001,27.6166714570001 83.3929240790001,27.614917457 83.3908625160001,27.616090769 83.3912963290001,27.6190079570001 83.3948132660001,27.6232631450001 83.3968078280001,27.624330082 83.4017785780001,27.623552832 83.4030720160001,27.624282769 83.4048667040001,27.6235661440001 83.4046257030001,27.620649832 83.4074959540001,27.618705769 83.4082774540001,27.617186019 83.411253204,27.6163931450001 83.413090766,27.613548832 83.4151383280001,27.6130475200001 83.4141070160001,27.6110191450001 83.4146185160001,27.6090356440001 83.4146215160001,27.6056668320001 83.4134072030001,27.6031187070001 83.411648579,27.603145082 83.4122382040001,27.600455707 83.4149247660001,27.599068082 83.4193824530001,27.59916352 83.424565391,27.595137019 83.4246269540001,27.599598332 83.4289836410001,27.610201144 83.4331941410001,27.6130682690001 83.4341342660001,27.6154007700001 83.4275638290001,27.618004769 83.4274543910001,27.619191207 83.428809266,27.6211666450001 83.4294383280001,27.6240687690001 83.427316203,27.623956207 83.4230564540001,27.6256692700001 83.4214372660001,27.629396894 83.4236620780001,27.6309021450001 83.424732141,27.6333999570001 83.4246591410001,27.635003957 83.4234695160001,27.636592019 83.4237815160001,27.6382766450001 83.422538516,27.640419582 83.4213878290001,27.6399431450001 83.4185818920001,27.641815519 83.416434516,27.641804269 83.4132231410001,27.643534894 83.412405016,27.644765707 83.4091224540001,27.6445644570001 83.407122266,27.6435812070001 83.4043840790001,27.6431723320001 83.4028292660001,27.643682332 83.406258828,27.6472193320001 83.410512392,27.6505837070001 83.414917454,27.6550588320001 83.4154978290001,27.656175895 83.413290703,27.6581680200001 83.4117615170001,27.657249957 83.4077656410001,27.6572690190001 83.4051322030001,27.656811019 83.4022438910001,27.657324332 83.4002730780001,27.65590102 83.398339203,27.657059207 83.394999828,27.65532977 83.3909407660001,27.655438395 83.389598203,27.652887207 83.3869283920001,27.6543940820001 83.3823921410001,27.6558879570001 83.3811536410001,27.653510957 83.3784067660001,27.6524878320001 83.3771736410001,27.652983207 83.373522016,27.6521544570001 83.368831953,27.6517315190001 83.3679107660001,27.64958827 83.364997766,27.65055877 83.3635160160001,27.6537244570001 83.3634836410001,27.65521577 83.3659799530001,27.657100019 83.365127079,27.6593141440001</coordinates></LinearRing></outerBoundaryIs></Polygon>
  </Placemark>
  <Placemark id="lumbini.45">
	<name>5</name>
	<description>RUPANDEHI</description>
	<Style><LineStyle><color>ff0000ff</color></LineStyle><PolyStyle><fill>0</fill></PolyStyle></Style>
	<ExtendedData><SchemaData schemaUrl="#lumbini">
		<SimpleData name="STATE_CODE">0</SimpleData>
		<SimpleData name="DISTRICT">Nagarpalika</SimpleData>
		<SimpleData name="GaPa_NaPa">5</SimpleData>
	</SchemaData></ExtendedData>
      <Polygon><outerBoundaryIs><LinearRing><coordinates>83.5023036420001,27.66670702 83.500873954,27.667611207 83.4974569540001,27.670981269 83.4931792040001,27.6729152070001 83.4913872660001,27.670455895 83.4879231410001,27.6695857070001 83.4806180790001,27.667304394 83.475266204,27.6674579570001 83.4710685160001,27.667918082 83.4658352660001,27.6674445200001 83.462760141,27.666446582 83.459354766,27.6658828320001 83.451806391,27.666313394 83.452028204,27.6612915200001 83.4511468920001,27.6555296450001 83.4518818280001,27.6506293320001 83.452002828,27.647574644 83.452627954,27.645119832 83.451711704,27.644725957 83.448718204,27.6416836450001 83.445287641,27.6390570190001 83.4442006410001,27.6374370820001 83.4399352030001,27.6288793320001 83.4371525160001,27.624905832 83.4355709540001,27.6210250820001 83.4341342660001,27.6154007700001 83.4331941410001,27.6130682690001 83.4289836410001,27.610201144 83.4246269540001,27.599598332 83.424565391,27.595137019 83.422448516,27.5862175820001 83.420321329,27.5810685820001 83.4187868290001,27.578458207 83.4180283910001,27.5745604570001 83.4203318290001,27.572990582 83.420529641,27.571673645 83.4176381410001,27.5704746440001 83.415830016,27.5687025190001 83.4184278290001,27.5655589570001 83.4215715780001,27.5635908940001 83.4226781410001,27.564001644 83.4243477040001,27.56267052 83.424280266,27.561165207 83.4266698910001,27.554881832 83.4284850780001,27.5530097070001 83.4320365790001,27.5501766450001 83.434342266,27.554155145 83.4344994530001,27.5560804570001 83.4363767660001,27.5603867070001 83.434634391,27.563721394 83.434354828,27.566276832 83.4382598290001,27.567172645 83.440442766,27.568433769 83.4439435790001,27.566024457 83.4456923910001,27.5642465820001 83.4465740790001,27.5672940200001 83.4487879540001,27.5691688320001 83.451251079,27.568158769 83.4570808290001,27.5725839570001 83.458506329,27.5731243320001 83.4585363910001,27.5704843950001 83.460207767,27.568329207 83.4629086410001,27.56722727 83.4643453910001,27.5652471450001 83.4647543290001,27.567205082 83.4665637040001,27.566711082 83.4661433910001,27.5641010190001 83.4686995160001,27.5639641450001 83.472120891,27.5626526450001 83.4721125790001,27.559101019 83.4783122040001,27.557529082 83.479932891,27.5564113950001 83.4860875160001,27.5568337070001 83.4875522670001,27.5558056450001 83.486631829,27.5543242700001 83.4920419530001,27.55456077 83.4968377660001,27.558669207 83.5009376410001,27.557027707 83.5020826420001,27.555619269 83.502039079,27.5527872690001 83.5037007670001,27.5512633320001 83.504553329,27.5521125810001 83.5080746410001,27.5526418320001 83.512844203,27.554308082 83.5132126410001,27.553359394 83.517219954,27.552838582 83.5186263290001,27.5535813320001 83.5247670790001,27.5509060200001 83.5291356420001,27.551512019 83.5299615170001,27.552731082 83.533779204,27.550616082 83.535539079,27.5522037700001 83.534902016,27.5544671440001 83.533042079,27.5558734570001 83.529203953,27.557755957 83.527286766,27.5605360820001 83.529393391,27.5618678320001 83.531548017,27.5617510820001 83.5337455790001,27.565255957 83.5324745790001,27.56686502 83.532470516,27.569089895 83.534302703,27.5706350190001 83.5326423280001,27.5729941450001 83.5328611410001,27.575734207 83.5354901410001,27.576165019 83.5360440160001,27.5782969570001 83.544185204,27.576800769 83.5466747660001,27.57675027 83.548421891,27.5792696440001 83.5490461410001,27.581135519 83.5480332660001,27.5823417070001 83.546287454,27.5827105820001 83.5453999540001,27.5840525190001 83.5464228290001,27.5853533320001 83.5522626410001,27.5890932070001 83.5508608910001,27.59140152 83.551110328,27.592744957 83.552609266,27.5938622690001 83.5539168290001,27.595894957 83.5538568920001,27.598647644 83.552242704,27.600856019 83.5518260790001,27.605209707 83.5521475790001,27.607205332 83.550629579,27.608917644 83.5507259540001,27.612381644 83.546988829,27.612543207 83.5453123290001,27.613661457 83.5459163290001,27.615547582 83.548819704,27.6151779570001 83.5504568280001,27.6158759570001 83.550010141,27.6187018950001 83.5484785790001,27.6202087070001 83.5459130780001,27.619857332 83.544117579,27.6216859570001 83.544109016,27.6252105200001 83.548024641,27.62558202 83.5507727040001,27.6274683940001 83.550889516,27.63237202 83.5497657660001,27.6327745200001 83.5474523920001,27.631492145 83.5452677660001,27.632412394 83.5458395160001,27.6349121440001 83.5413580790001,27.6390875820001 83.5383909540001,27.640456457 83.5388346410001,27.6418997690001 83.540700642,27.641948832 83.536846079,27.644776832 83.536254204,27.646489769 83.534187891,27.6478728320001 83.533562391,27.6512891450001 83.5320593910001,27.652394332 83.5313989540001,27.6564785200001 83.519236516,27.656145769 83.5178586420001,27.6564095200001 83.514773017,27.658330332 83.5064578290001,27.6641833940001 83.5023036420001,27.66670702</coordinates></LinearRing></outerBoundaryIs></Polygon>
  </Placemark>
  <Placemark id="lumbini.46">
	<name>5</name>
	<description>RUPANDEHI</description>
	<Style><LineStyle><color>ff0000ff</color></LineStyle><PolyStyle><fill>0</fill></PolyStyle></Style>
	<ExtendedData><SchemaData schemaUrl="#lumbini">
		<SimpleData name="STATE_CODE">0</SimpleData>
		<SimpleData name="DISTRICT">Development Area</SimpleData>
		<SimpleData name="GaPa_NaPa">5</SimpleData>
	</SchemaData></ExtendedData>
      <Polygon><outerBoundaryIs><LinearRing><coordinates>83.271027454,27.5058698940001 83.2702569530001,27.5049407070001 83.2698392660001,27.4814762070001 83.2695888910001,27.4625705190001 83.2699515780001,27.46217527 83.2852165780001,27.4621348950001 83.2859155790001,27.463086144 83.2863272660001,27.47816577 83.286512391,27.493501457 83.2867591410001,27.504881832 83.286312953,27.505788894 83.271027454,27.5058698940001</coordinates></LinearRing></outerBoundaryIs></Polygon>
  </Placemark>
  <Placemark id="lumbini.47">
	<name>5</name>
	<description>KAPILBASTU</description>
	<Style><LineStyle><color>ff0000ff</color></LineStyle><PolyStyle><fill>0</fill></PolyStyle></Style>
	<ExtendedData><SchemaData schemaUrl="#lumbini">
		<SimpleData name="STATE_CODE">0</SimpleData>
		<SimpleData name="DISTRICT">Nagarpalika</SimpleData>
		<SimpleData name="GaPa_NaPa">5</SimpleData>
	</SchemaData></ExtendedData>
      <Polygon><outerBoundaryIs><LinearRing><coordinates>83.2143279540001,27.75914027 83.212468829,27.7587281450001 83.2043807650001,27.760058207 83.199622391,27.75887327 83.1965278910001,27.757402207 83.193160828,27.756441769 83.1899908280001,27.754622645 83.1874962040001,27.753951457 83.1839227030001,27.756342395 83.1817780150001,27.756923144 83.1801862040001,27.7584209570001 83.1773695780001,27.7570120820001 83.1760195780001,27.756886707 83.171418078,27.757698582 83.1655622650001,27.7580401450001 83.162028703,27.759070207 83.1576488910001,27.75819977 83.154179641,27.759230019 83.149518329,27.7598693320001 83.1437644530001,27.7611898320001 83.1396492040001,27.763736457 83.1387617660001,27.764656019 83.136853204,27.7645899570001 83.133711953,27.7668717070001 83.13009814,27.7684735820001 83.1288928280001,27.7678860820001 83.127396828,27.765622582 83.124977266,27.764738645 83.1234422030001,27.761667145 83.1215288280001,27.765172582 83.118183329,27.7664328320001 83.116370891,27.7660422070001 83.1128956410001,27.769372832 83.1104533910001,27.770277707 83.1086959530001,27.7688562070001 83.105675079,27.7683132070001 83.101985266,27.76907677 83.1005851400001,27.772686707 83.0981524530001,27.7751708320001 83.0972695790001,27.778599145 83.0953965150001,27.7828038320001 83.091722266,27.7824255200001 83.0915258910001,27.7804522700001 83.0925742040001,27.7776320190001 83.0916709530001,27.7765295200001 83.0925595150001,27.7752018950001 83.0918570790001,27.7737555190001 83.09207839,27.771234457 83.091137078,27.7709913950001 83.0894008280001,27.772803019 83.0891518290001,27.774446207 83.0871825780001,27.773882707 83.0849037660001,27.7695423320001 83.079415828,27.767378207 83.0804368290001,27.76379302 83.079324829,27.7624002700001 83.079154266,27.759012457 83.0796748910001,27.756479895 83.0779300780001,27.7555544570001 83.075941641,27.752732144 83.0743768280001,27.7513701440001 83.0724717030001,27.7464477080001 83.071002703,27.743443707 83.069397703,27.741946145 83.069511703,27.737075582 83.069925766,27.7333758940001 83.0743286410001,27.732356145 83.0775393910001,27.728469707 83.0801745790001,27.724326644 83.0804851410001,27.722668082 83.0802171400001,27.7186500820001 83.081692079,27.7156364570001 83.0823302030001,27.7125495820001 83.0801876410001,27.711102645 83.081009828,27.7085155820001 83.0804571410001,27.705908145 83.0820935780001,27.7045765190001 83.0820098280001,27.700925269 83.085580641,27.694865957 83.0856897040001,27.6924207700001 83.0851112660001,27.6911512070001 83.0858215150001,27.688734894 83.084092329,27.686929708 83.0815743910001,27.6824162070001 83.081604203,27.677946707 83.0794368910001,27.6727202700001 83.0815602040001,27.672030395 83.086647391,27.674015707 83.098359266,27.676671394 83.101864891,27.6756990820001 83.103401266,27.6761467700001 83.111508266,27.6811673940001 83.1158672030001,27.6817954570001 83.1180182030001,27.6816399570001 83.1200406400001,27.6794483940001 83.1167981410001,27.6782409570001 83.112137203,27.67485602 83.1127370780001,27.6740475820001 83.1151405160001,27.673839582 83.1175167660001,27.6721263950001 83.115316766,27.666629519 83.1133682030001,27.6645457700001 83.1080408280001,27.662246269 83.103768953,27.659468207 83.102706578,27.656356644 83.099757766,27.650462082 83.098859453,27.6494138320001 83.1019760780001,27.645857769 83.103417016,27.6431617690001 83.1060263910001,27.6436366450001 83.1078625160001,27.640586645 83.109536329,27.638907395 83.1134322030001,27.6393023950001 83.1171150160001,27.6384549570001 83.1176841400001,27.63683402 83.1158130160001,27.629863582 83.1180783280001,27.6308030820001 83.127450266,27.6297363940001 83.1295816410001,27.632766582 83.1315366410001,27.63400627 83.1326876410001,27.6323032070001 83.135725203,27.631315832 83.140627329,27.630412144 83.1408922030001,27.6263004570001 83.140566704,27.6199265820001 83.1416622040001,27.61795227 83.141068578,27.6157847690001 83.1387955160001,27.6118446450001 83.138680578,27.608842957 83.1380693280001,27.6072123320001 83.140371266,27.605092144 83.1396442650001,27.6024206450001 83.1424272660001,27.6019662690001 83.144857766,27.603082332 83.1464773910001,27.602774207 83.150255766,27.600766644 83.1497126410001,27.598367082 83.1522711410001,27.59822702 83.152574578,27.596189144 83.1541348910001,27.59443652 83.153706453,27.593125145 83.1560597660001,27.592694957 83.1590607040001,27.595382457 83.1611642030001,27.5986150200001 83.162048204,27.5971875820001 83.161228141,27.5960363940001 83.162377828,27.5917675200001 83.1621023910001,27.5890650200001 83.1663675790001,27.587924082 83.1666667040001,27.5864660820001 83.1710112040001,27.585706832 83.1735647030001,27.5863515190001 83.1763832660001,27.5861268940001 83.177913016,27.5898408940001 83.1784172660001,27.592781707 83.180104703,27.5956211440001 83.1914635160001,27.5908410820001 83.1900288910001,27.586823145 83.1927981410001,27.5867873940001 83.1975540160001,27.5857183320001 83.201595641,27.5854889570001 83.205075391,27.583408207 83.212753079,27.5854985190001 83.2147222660001,27.5856495190001 83.217173641,27.58819727 83.2215496410001,27.5876938320001 83.2215303290001,27.591730457 83.222749891,27.5932445190001 83.2235278910001,27.5958325190001 83.226069141,27.5969996440001 83.2269217040001,27.599267519 83.229662578,27.6029697070001 83.2312331410001,27.6035785820001 83.2334043290001,27.607647582 83.233605078,27.6094628320001 83.2323993910001,27.6102323320001 83.2332326410001,27.61175552 83.232284953,27.61388477 83.2315515160001,27.6146659570001 83.232338203,27.6204150200001 83.231727891,27.6227424570001 83.2326136410001,27.6246495190001 83.2322773290001,27.6257825820001 83.2303103290001,27.6275248950001 83.2302332660001,27.6299771450001 83.2287312660001,27.631958895 83.2287616410001,27.633730332 83.2278299540001,27.6353452070001 83.226042453,27.636158832 83.2258662660001,27.6376583320001 83.223698454,27.6396227700001 83.2251078910001,27.641275582 83.2248645160001,27.6428694570001 83.222611891,27.6454787070001 83.2241678280001,27.647249645 83.2263123910001,27.647397019 83.2266686410001,27.6545245820001 83.2254668910001,27.6578843950001 83.2265581410001,27.6600994570001 83.2255502660001,27.6613888950001 83.2271316410001,27.663047207 83.227097578,27.6648160190001 83.228054016,27.6665338940001 83.229533641,27.6666458940001 83.230146828,27.668334832 83.228982016,27.671214207 83.2294837040001,27.673042394 83.229005703,27.675964019 83.2302700160001,27.678152895 83.2283155790001,27.681118144 83.2294133290001,27.6837461440001 83.229116704,27.6856511450001 83.230325641,27.6861226450001 83.2302736410001,27.687803332 83.229166266,27.690274645 83.2294146410001,27.691999895 83.2309354540001,27.6936058320001 83.2312420790001,27.6948372700001 83.2277247660001,27.6952396450001 83.228773329,27.6968135820001 83.229023016,27.6992090200001 83.226386328,27.6996342690001 83.2271163290001,27.703205645 83.2237000160001,27.7038025200001 83.2247220790001,27.7055478950001 83.224517516,27.707317957 83.223122141,27.710049333 83.2244050790001,27.7124143950001 83.2245842030001,27.7142904570001 83.2239062030001,27.717479332 83.2215969540001,27.7198445820001 83.2208126410001,27.7229922700001 83.2191285160001,27.7239033320001 83.2189437040001,27.7257322070001 83.217466078,27.726912957 83.2176662040001,27.7295156440001 83.2190329530001,27.7298392070001 83.2201604540001,27.7316642070001 83.2188558280001,27.7335205200001 83.2198523900001,27.7361051440001 83.2195581410001,27.73798752 83.2182115790001,27.7412178320001 83.2168282660001,27.7428412690001 83.217232891,27.7450864570001 83.2154684530001,27.747197333 83.2157012660001,27.748730707 83.214237391,27.749455707 83.2128022030001,27.753466019 83.2138967660001,27.7563580820001 83.2143279540001,27.75914027</coordinates></LinearRing></outerBoundaryIs></Polygon>
  </Placemark>
  <Placemark id="lumbini.48">
	<name>5</name>
	<description>KAPILBASTU</description>
	<Style><LineStyle><color>ff0000ff</color></LineStyle><PolyStyle><fill>0</fill></PolyStyle></Style>
	<ExtendedData><SchemaData schemaUrl="#lumbini">
		<SimpleData name="STATE_CODE">0</SimpleData>
		<SimpleData name="DISTRICT">Gaunpalika</SimpleData>
		<SimpleData name="GaPa_NaPa">5</SimpleData>
	</SchemaData></ExtendedData>
      <Polygon><outerBoundaryIs><LinearRing><coordinates>82.82397789,27.572247395 82.821598453,27.575024957 82.822023766,27.57663502 82.82496789,27.5789274570001 82.82512639,27.579770394 82.8234974530001,27.583932895 82.8250682650001,27.5891106450001 82.8268665160001,27.590662394 82.830600766,27.5904411450001 82.8320232030001,27.5915293950001 82.8323078280001,27.597170082 82.83077389,27.60091377 82.83419489,27.6033070820001 82.8357767030001,27.605274207 82.8353914530001,27.6067037070001 82.833594078,27.6078460200001 82.8291979530001,27.6121093950001 82.8278815780001,27.615606707 82.8279005160001,27.6173080820001 82.8296515160001,27.619450457 82.829253828,27.621739394 82.8279337650001,27.623995769 82.827794516,27.627737645 82.826940203,27.6319495820001 82.829904453,27.631814395 82.831697703,27.6325063940001 82.8326512660001,27.634887957 82.832191579,27.637020707 82.8302519540001,27.6375503940001 82.8276030160001,27.636639082 82.8236755780001,27.636569707 82.8226103280001,27.6375127700001 82.8222012030001,27.640582269 82.8244916400001,27.642560082 82.824226765,27.644583894 82.8191210780001,27.6479451440001 82.8155692660001,27.6521632700001 82.8162373910001,27.6535317070001 82.8179698900001,27.6538917070001 82.819856391,27.655597707 82.817967265,27.6573413940001 82.814276578,27.657458832 82.812022078,27.659237707 82.8117874530001,27.6607495820001 82.8076173900001,27.6614177070001 82.8060681410001,27.66337402 82.8031221410001,27.6655303320001 82.8019137030001,27.6692742070001 82.792728765,27.672727707 82.7957491400001,27.677399457 82.7944173280001,27.6818663940001 82.792564703,27.6864912070001 82.79154764,27.68799627 82.7879336410001,27.690737519 82.7863498280001,27.696289644 82.784102078,27.699257145 82.783571953,27.7028623320001 82.7814660780001,27.7073290820001 82.7787245160001,27.7096513320001 82.7785532660001,27.712788145 82.777887515,27.714686457 82.77819614,27.718274207 82.7769846410001,27.7211333320001 82.771735703,27.7253194570001 82.7691395780001,27.7284865820001 82.7662537030001,27.7306877070001 82.7658952030001,27.7330512070001 82.7689575780001,27.7345517690001 82.7693734530001,27.7355955190001 82.7665357660001,27.7369938950001 82.765178828,27.7390438950001 82.7652513900001,27.7426453940001 82.763874141,27.7446568940001 82.7639803900001,27.7485270820001 82.7653283910001,27.7493107070001 82.764568765,27.7533875820001 82.7632997650001,27.7547322070001 82.76281964,27.7581662690001 82.7643530780001,27.758531894 82.7647991410001,27.759997894 82.7615114530001,27.7613086440001 82.7596669530001,27.760608457 82.758939953,27.7624271440001 82.7573776410001,27.76163702 82.756701391,27.763228332 82.753244453,27.7644944570001 82.755051016,27.765690707 82.7525134530001,27.766428144 82.7490737030001,27.769090894 82.7469751410001,27.7695523950001 82.7440585150001,27.769433458 82.7404380150001,27.7698156450001 82.737958828,27.7694613940001 82.736032578,27.7705380200001 82.7333753280001,27.774170832 82.733887828,27.771093707 82.7330915160001,27.7667050200001 82.7280002030001,27.7645217080001 82.727417453,27.763058894 82.725805828,27.761780582 82.7257355780001,27.7588041450001 82.7237646410001,27.757874395 82.7201025150001,27.7586663320001 82.7172885780001,27.7574219570001 82.714047953,27.7577122700001 82.7121237650001,27.7596662070001 82.7083377660001,27.7594481450001 82.7050512650001,27.7582283950001 82.7015968900001,27.7585772690001 82.6980603280001,27.7565045200001 82.6985297030001,27.7549702690001 82.701079328,27.753141957 82.7015387650001,27.7509962070001 82.70369064,27.749843207 82.7037631410001,27.747682519 82.70284064,27.7451177070001 82.705379265,27.7426394570001 82.7058113900001,27.738796832 82.708163578,27.735443645 82.707841516,27.7314743320001 82.7085955780001,27.7289432700001 82.7081475780001,27.7264843940001 82.710094391,27.7246660820001 82.7099605780001,27.7217070200001 82.7096083280001,27.717223082 82.7079960770001,27.7131763950001 82.7072076410001,27.705622207 82.7090561410001,27.699067332 82.712760953,27.694418082 82.717656015,27.691641082 82.7202479530001,27.6872723320001 82.7167821400001,27.6808621440001 82.7172129530001,27.679537269 82.716231328,27.677001332 82.718240016,27.675059332 82.717939765,27.672367207 82.7151722660001,27.670748707 82.7154895780001,27.6695423950001 82.717386015,27.668871832 82.7173747030001,27.6666674570001 82.713704578,27.664912019 82.7150798900001,27.662921269 82.7183852650001,27.66190727 82.7217737030001,27.66164752 82.7211390150001,27.6594938320001 82.7214235160001,27.657610332 82.7228839530001,27.6571793320001 82.7258777650001,27.6589531440001 82.7275442650001,27.6582329570001 82.7291581410001,27.6552718940001 82.7307733280001,27.6545692070001 82.7326124530001,27.652081707 82.73233564,27.650628457 82.7333735160001,27.6486232070001 82.732802141,27.647742582 82.7306325770001,27.647720457 82.7305048900001,27.645043457 82.7329792030001,27.6449939570001 82.734587203,27.6462788320001 82.735285891,27.6425873320001 82.7379342030001,27.643132645 82.7397892650001,27.6394719570001 82.739442953,27.6368629570001 82.737059828,27.635765082 82.7386023280001,27.6329273320001 82.740177266,27.632194832 82.7392165780001,27.6305571450001 82.735812953,27.628969394 82.7358950160001,27.627781145 82.7385313280001,27.6262754570001 82.7367198900001,27.624226207 82.7336313280001,27.624500332 82.7331784530001,27.6232688320001 82.7371514530001,27.622601145 82.7380576400001,27.620752582 82.736029515,27.6202896450001 82.735250765,27.6179632070001 82.737145452,27.6158935190001 82.7365234530001,27.614527332 82.7382223280001,27.6112487070001 82.7368568910001,27.6094720190001 82.7379945150001,27.6078940200001 82.7443665150001,27.6042990820001 82.7456048280001,27.601706644 82.7473632030001,27.6001342070001 82.7466317020001,27.596064207 82.7468811400001,27.595145895 82.7517219530001,27.5936440200001 82.756757077,27.589156519 82.7577868910001,27.5875751450001 82.7572522030001,27.5860947690001 82.754382578,27.5846860190001 82.7528087030001,27.5796473940001 82.7530013900001,27.5769755200001 82.750688015,27.5755490820001 82.7510818910001,27.573720644 82.749752141,27.5711050200001 82.7505030780001,27.569719707 82.7529862660001,27.5672308320001 82.7534003280001,27.565479269 82.7523969530001,27.563899957 82.749896015,27.562600457 82.7524813910001,27.5618881450001 82.7559050780001,27.559886019 82.762482828,27.5597890820001 82.7653287030001,27.5591443320001 82.7683812660001,27.5575604570001 82.7693121400001,27.555497519 82.773162578,27.55369052 82.7758482030001,27.5584297070001 82.7784177650001,27.5591201440001 82.7835942660001,27.5593370190001 82.7864587650001,27.5588815190001 82.793711703,27.55972977 82.7947217030001,27.561308894 82.7971135780001,27.5631955200001 82.8021625150001,27.5609874570001 82.8031565150001,27.5590037700001 82.8025080780001,27.5576940820001 82.8049081400001,27.555032082 82.806545891,27.5546987070001 82.807839953,27.552755957 82.8107888280001,27.5508250190001 82.817250953,27.549688894 82.8200468910001,27.5495208940001 82.8236895780001,27.5503369570001 82.823857203,27.552274207 82.8256717030001,27.556409457 82.8267010150001,27.559809269 82.826651203,27.5633082690001 82.8244166410001,27.570188957 82.82397789,27.572247395</coordinates></LinearRing></outerBoundaryIs></Polygon>
  </Placemark>
  <Placemark id="lumbini.49">
	<name>5</name>
	<description>KAPILBASTU</description>
	<Style><LineStyle><color>ff0000ff</color></LineStyle><PolyStyle><fill>0</fill></PolyStyle></Style>
	<ExtendedData><SchemaData schemaUrl="#lumbini">
		<SimpleData name="STATE_CODE">0</SimpleData>
		<SimpleData name="DISTRICT">Nagarpalika</SimpleData>
		<SimpleData name="GaPa_NaPa">5</SimpleData>
	</SchemaData></ExtendedData>
      <Polygon><outerBoundaryIs><LinearRing><coordinates>83.079415828,27.767378207 83.0768237660001,27.764662457 83.0747856400001,27.7643262070001 83.0716019530001,27.7652592700001 83.0687153910001,27.7643170200001 83.069541578,27.76287402 83.0685274530001,27.759873144 83.068729766,27.7584214570001 83.065396203,27.7582794570001 83.0621970780001,27.7599567070001 83.0637229530001,27.7631935200001 83.061072515,27.764344269 83.0595394540001,27.763537394 83.057996766,27.761121707 83.0568275160001,27.7604165820001 83.054583828,27.756515957 83.053740266,27.7577488950001 83.053106454,27.7623337700001 83.0512312660001,27.763476144 83.052005453,27.764539707 83.0511612660001,27.7668262070001 83.0518821410001,27.768385707 83.050415828,27.7695330820001 83.0487885160001,27.773224457 83.038464516,27.779930832 83.034942641,27.7835930200001 83.034660516,27.787783145 83.0353458290001,27.792311769 83.032875516,27.7956111450001 83.0283580780001,27.796948957 83.0254423900001,27.7974067690001 83.0239745150001,27.7986937690001 83.022434328,27.8028839570001 83.0222198910001,27.805569645 83.0228364530001,27.807884394 83.0212848290001,27.8091120820001 83.018371765,27.8094907070001 83.018388454,27.8112304570001 83.021688516,27.816768145 83.022039078,27.8187470830001 83.02055814,27.819824082 83.0197295780001,27.817446895 83.018445141,27.8168127700001 83.0138042030001,27.812605707 83.0126654530001,27.811020458 83.010675828,27.805469395 83.008059265,27.8027250820001 83.0061267030001,27.7984378950001 83.000906141,27.79480377 82.9990271410001,27.7929445820001 82.9932455780001,27.7920813320001 82.9850646400001,27.7943453950001 82.9830505780001,27.7929678950001 82.9752718280001,27.7941986450001 82.970027203,27.792842019 82.9651161410001,27.7950118950001 82.962630141,27.7954309570001 82.960002391,27.7927759570001 82.9576904530001,27.79220352 82.9549327650001,27.7901972070001 82.9514798910001,27.79170077 82.946858078,27.790000519 82.943966704,27.7899017070001 82.940800391,27.787846894 82.939087391,27.7877299570001 82.93654064,27.7851112070001 82.9344155780001,27.785013645 82.9318442030001,27.784156769 82.9306024530001,27.7844698320001 82.9272189530001,27.7873923940001 82.923302704,27.7863331450001 82.921177454,27.7845905200001 82.919251891,27.7856110820001 82.916078203,27.7889592700001 82.913560203,27.787969332 82.9119918910001,27.788042707 82.9126527660001,27.77953302 82.9134274530001,27.778257583 82.9128997650001,27.7752617080001 82.9112707030001,27.7724421450001 82.9094998910001,27.7713835820001 82.90854139,27.7697605820001 82.908292266,27.7674956450001 82.9069890160001,27.76290527 82.9082270160001,27.7624073320001 82.9093392030001,27.7591310820001 82.9094927660001,27.7559397700001 82.907418453,27.752663145 82.9080994540001,27.749837019 82.9071638280001,27.746729583 82.9079275780001,27.74326102 82.9117344540001,27.738636457 82.915611078,27.7352509570001 82.9182407040001,27.7320519570001 82.919211078,27.7320640200001 82.919497391,27.7295505820001 82.9188823280001,27.7284086450001 82.9161351400001,27.727489145 82.913419891,27.7245708950001 82.9134957650001,27.722574707 82.9148897650001,27.721191332 82.913970265,27.7186052070001 82.915847828,27.717288769 82.912828453,27.7153721440001 82.914077391,27.712178082 82.916587953,27.713456707 82.917979078,27.7126080190001 82.918594328,27.710568644 82.92021264,27.711066395 82.9193578910001,27.7126142700001 82.9218421410001,27.712552395 82.9228202030001,27.711380019 82.9227923280001,27.7094145820001 82.921016078,27.707482957 82.9251203910001,27.7057527700001 82.925448766,27.704451207 82.9224782030001,27.7031646450001 82.924773578,27.7017588940001 82.923398266,27.6996949570001 82.926216578,27.69716727 82.9269033900001,27.6944922070001 82.925211016,27.6928771450001 82.9257812660001,27.6907178330001 82.9238278280001,27.6889179570001 82.9220833900001,27.685939707 82.9235980780001,27.6848211450001 82.9229560790001,27.6827607070001 82.920369141,27.682995519 82.917195829,27.681513207 82.918388328,27.678688707 82.9202058910001,27.6787209570001 82.918855954,27.67530802 82.9163241400001,27.674279707 82.9178373280001,27.671719395 82.9171152660001,27.6704096450001 82.914617203,27.6696229570001 82.9183092660001,27.665938082 82.918614016,27.664196394 82.9165546410001,27.6629145200001 82.917012265,27.660352769 82.914049828,27.6581139570001 82.9150705160001,27.6557370830001 82.917708641,27.655064957 82.9185165790001,27.6538192080001 82.9176543900001,27.6495142700001 82.9180327030001,27.647953644 82.9196606400001,27.64695777 82.918605079,27.6456273950001 82.9156100160001,27.646127457 82.914524391,27.6456045200001 82.9147952660001,27.642073333 82.9160719530001,27.6416140200001 82.919366203,27.6428197700001 82.918617016,27.640936707 82.9171490780001,27.640264207 82.917604828,27.638877957 82.9201321400001,27.6380018950001 82.9219022650001,27.6355337700001 82.920691391,27.633031208 82.9234758910001,27.632687332 82.9245913280001,27.6343295200001 82.923411516,27.635935832 82.9246727660001,27.6372407700001 82.926885015,27.635863457 82.9262222660001,27.6321603320001 82.9290633910001,27.63145802 82.930581078,27.6324489570001 82.9295102030001,27.6341915830001 82.9310678910001,27.6348872070001 82.9324980160001,27.633388832 82.931174641,27.631201332 82.932682453,27.630111894 82.9345330790001,27.6313850820001 82.935418391,27.629731269 82.9347970160001,27.6274815200001 82.9373778280001,27.627415582 82.9359680150001,27.624209895 82.935277328,27.6213662070001 82.9334535780001,27.6171037070001 82.9322285160001,27.6165482700001 82.932916703,27.6145432070001 82.9334647030001,27.610201832 82.933013266,27.608659582 82.9280344530001,27.603695832 82.9208288900001,27.6035181440001 82.9109860780001,27.6038722070001 82.91264864,27.5995035820001 82.913049266,27.5961493950001 82.9124720780001,27.5942947070001 82.9165288900001,27.5922822690001 82.9187637650001,27.5896643950001 82.9204153900001,27.584546457 82.9223562660001,27.585696457 82.9228781400001,27.5871670820001 82.9341942660001,27.585979582 82.936531641,27.5861442070001 82.937517454,27.5881080190001 82.940520953,27.588469332 82.9377843280001,27.591162707 82.937735703,27.5941699570001 82.942062203,27.5997557700001 82.944922515,27.602464707 82.947681016,27.602034394 82.9530050160001,27.599653645 82.9558584530001,27.598880894 82.9590070780001,27.596955144 82.960492641,27.6018037700001 82.960377328,27.6051670190001 82.9627592040001,27.6067349570001 82.9669315780001,27.605412207 82.9719814530001,27.604258395 82.9723242030001,27.602541644 82.9691470160001,27.6009319570001 82.967794703,27.5994958950001 82.968680454,27.5962195820001 82.970409578,27.5955127070001 82.973908953,27.5953174570001 82.9749057660001,27.5940297070001 82.9755948900001,27.5914490820001 82.9779493280001,27.588296395 82.9782693280001,27.586689957 82.977040828,27.5853948320001 82.975173828,27.585223145 82.972754954,27.5858483320001 82.9707955160001,27.5853397070001 82.971741078,27.5820795820001 82.972000328,27.578782769 82.977479266,27.578942769 82.9814542030001,27.579666957 82.984367266,27.579489832 82.988020954,27.5773210190001 82.9913212660001,27.5734574570001 82.9921151410001,27.571861207 82.9924382040001,27.56864827 82.991395266,27.565987394 82.9899509530001,27.5640702690001 82.9907043910001,27.5615598950001 82.9948767650001,27.5609426440001 82.9952000160001,27.558569145 82.993054515,27.556364957 82.9936591410001,27.5547153950001 82.993103578,27.5532019570001 82.9928103280001,27.549271644 82.997642016,27.549252457 83.002108078,27.549595894 83.007524953,27.54894202 83.012578391,27.5470398320001 83.0143630790001,27.5479008950001 83.0150507660001,27.551157082 83.0149428290001,27.555314707 83.0166409540001,27.559085769 83.0174147650001,27.562417082 83.0201625780001,27.566894957 83.021702953,27.570215832 83.023519578,27.5712326450001 83.0275328910001,27.571881332 83.0320435780001,27.5731718320001 83.035992391,27.573034582 83.037900516,27.5722197690001 83.040039828,27.5724037700001 83.0441848290001,27.5761688320001 83.052438329,27.5786328950001 83.054667829,27.580270394 83.0557550780001,27.582130207 83.055581766,27.5862513320001 83.055975641,27.588381769 83.0572532030001,27.5895366440001 83.0629974540001,27.589631894 83.0648766410001,27.5899244570001 83.0685183290001,27.591690769 83.0710629540001,27.5952253950001 83.0710239530001,27.5975153320001 83.0685958280001,27.6025983320001 83.068781765,27.6044948950001 83.070769328,27.6074730190001 83.075477203,27.609878145 83.074436641,27.612867582 83.0688972660001,27.6145430820001 83.0670253280001,27.61640777 83.0679877030001,27.618298269 83.0669971400001,27.6210013940001 83.0708637650001,27.6209709570001 83.070829578,27.622360644 83.0693777660001,27.6245982070001 83.0673212660001,27.6252409570001 83.0669850780001,27.6275401450001 83.064999954,27.62789902 83.063308266,27.630283832 83.065556078,27.630578832 83.06303389,27.632678207 83.064778141,27.633364644 83.0672446410001,27.6352472070001 83.067509204,27.63670202 83.0658004530001,27.6397320200001 83.0667727650001,27.640361269 83.077922141,27.6412504570001 83.0885732660001,27.641399832 83.0896190780001,27.6425461440001 83.090015141,27.6447847690001 83.091238328,27.6465842700001 83.0930797030001,27.647708707 83.0964197660001,27.6481614570001 83.098859453,27.6494138320001 83.099757766,27.650462082 83.102706578,27.656356644 83.103768953,27.659468207 83.1080408280001,27.662246269 83.1133682030001,27.6645457700001 83.115316766,27.666629519 83.1175167660001,27.6721263950001 83.1151405160001,27.673839582 83.1127370780001,27.6740475820001 83.112137203,27.67485602 83.1167981410001,27.6782409570001 83.1200406400001,27.6794483940001 83.1180182030001,27.6816399570001 83.1158672030001,27.6817954570001 83.111508266,27.6811673940001 83.103401266,27.6761467700001 83.101864891,27.6756990820001 83.098359266,27.676671394 83.086647391,27.674015707 83.0815602040001,27.672030395 83.0794368910001,27.6727202700001 83.081604203,27.677946707 83.0815743910001,27.6824162070001 83.084092329,27.686929708 83.0858215150001,27.688734894 83.0851112660001,27.6911512070001 83.0856897040001,27.6924207700001 83.085580641,27.694865957 83.0820098280001,27.700925269 83.0820935780001,27.7045765190001 83.0804571410001,27.705908145 83.081009828,27.7085155820001 83.0801876410001,27.711102645 83.0823302030001,27.7125495820001 83.081692079,27.7156364570001 83.0802171400001,27.7186500820001 83.0804851410001,27.722668082 83.0801745790001,27.724326644 83.0775393910001,27.728469707 83.0743286410001,27.732356145 83.069925766,27.7333758940001 83.069511703,27.737075582 83.069397703,27.741946145 83.071002703,27.743443707 83.0724717030001,27.7464477080001 83.0743768280001,27.7513701440001 83.075941641,27.752732144 83.0779300780001,27.7555544570001 83.0796748910001,27.756479895 83.079154266,27.759012457 83.079324829,27.7624002700001 83.0804368290001,27.76379302 83.079415828,27.767378207</coordinates></LinearRing></outerBoundaryIs></Polygon>
  </Placemark>
  <Placemark id="lumbini.50">
	<name>5</name>
	<description>KAPILBASTU</description>
	<Style><LineStyle><color>ff0000ff</color></LineStyle><PolyStyle><fill>0</fill></PolyStyle></Style>
	<ExtendedData><SchemaData schemaUrl="#lumbini">
		<SimpleData name="STATE_CODE">0</SimpleData>
		<SimpleData name="DISTRICT">Nagarpalika</SimpleData>
		<SimpleData name="GaPa_NaPa">5</SimpleData>
	</SchemaData></ExtendedData>
      <Polygon><outerBoundaryIs><LinearRing><coordinates>83.1424272660001,27.6019662690001 83.1396442650001,27.6024206450001 83.140371266,27.605092144 83.1380693280001,27.6072123320001 83.138680578,27.608842957 83.1387955160001,27.6118446450001 83.141068578,27.6157847690001 83.1416622040001,27.61795227 83.140566704,27.6199265820001 83.1408922030001,27.6263004570001 83.140627329,27.630412144 83.135725203,27.631315832 83.1326876410001,27.6323032070001 83.1315366410001,27.63400627 83.1295816410001,27.632766582 83.127450266,27.6297363940001 83.1180783280001,27.6308030820001 83.1158130160001,27.629863582 83.1176841400001,27.63683402 83.1171150160001,27.6384549570001 83.1134322030001,27.6393023950001 83.109536329,27.638907395 83.1078625160001,27.640586645 83.1060263910001,27.6436366450001 83.103417016,27.6431617690001 83.1019760780001,27.645857769 83.098859453,27.6494138320001 83.0964197660001,27.6481614570001 83.0930797030001,27.647708707 83.091238328,27.6465842700001 83.090015141,27.6447847690001 83.0896190780001,27.6425461440001 83.0885732660001,27.641399832 83.077922141,27.6412504570001 83.0667727650001,27.640361269 83.0658004530001,27.6397320200001 83.067509204,27.63670202 83.0672446410001,27.6352472070001 83.064778141,27.633364644 83.06303389,27.632678207 83.065556078,27.630578832 83.063308266,27.630283832 83.064999954,27.62789902 83.0669850780001,27.6275401450001 83.0673212660001,27.6252409570001 83.0693777660001,27.6245982070001 83.070829578,27.622360644 83.0708637650001,27.6209709570001 83.0669971400001,27.6210013940001 83.0679877030001,27.618298269 83.0670253280001,27.61640777 83.0688972660001,27.6145430820001 83.074436641,27.612867582 83.075477203,27.609878145 83.070769328,27.6074730190001 83.068781765,27.6044948950001 83.0685958280001,27.6025983320001 83.0710239530001,27.5975153320001 83.0710629540001,27.5952253950001 83.0685183290001,27.591690769 83.0648766410001,27.5899244570001 83.0629974540001,27.589631894 83.0572532030001,27.5895366440001 83.055975641,27.588381769 83.055581766,27.5862513320001 83.0557550780001,27.582130207 83.054667829,27.580270394 83.052438329,27.5786328950001 83.0441848290001,27.5761688320001 83.040039828,27.5724037700001 83.037900516,27.5722197690001 83.035992391,27.573034582 83.0320435780001,27.5731718320001 83.0275328910001,27.571881332 83.023519578,27.5712326450001 83.021702953,27.570215832 83.0201625780001,27.566894957 83.0174147650001,27.562417082 83.0166409540001,27.559085769 83.0149428290001,27.555314707 83.0150507660001,27.551157082 83.0143630790001,27.5479008950001 83.012578391,27.5470398320001 83.007524953,27.54894202 83.002108078,27.549595894 82.997642016,27.549252457 82.9928103280001,27.549271644 82.9898988910001,27.5444783950001 82.9874225780001,27.5421927690001 82.9862928910001,27.5379945820001 82.9872622650001,27.5355219570001 82.9910816410001,27.5322262070001 82.9949944530001,27.5296575190001 82.996242953,27.527836644 82.996853328,27.522890707 82.996000516,27.5196692690001 82.9946905780001,27.5177442070001 83.0047032030001,27.5151830820001 83.007709828,27.5147600820001 83.0159145160001,27.5122844570001 83.016839578,27.511135832 83.012854266,27.5065723320001 83.017642578,27.5059203320001 83.0175209540001,27.501566957 83.0137493290001,27.4977925200001 83.0113032660001,27.497235894 83.010490141,27.4957792700001 83.0108147030001,27.494206707 83.0131554530001,27.493632145 83.016571829,27.4912917070001 83.0189810780001,27.488032457 83.025297391,27.4842545820001 83.028430078,27.48525127 83.0289008280001,27.486208957 83.0321640160001,27.4862475190001 83.0341770160001,27.4890074570001 83.0366036400001,27.4887399570001 83.037396265,27.4896795820001 83.0374952660001,27.494258394 83.0403665790001,27.4975747070001 83.0408961410001,27.502021144 83.038101016,27.505203582 83.0377284530001,27.5103228940001 83.041200954,27.5139277070001 83.042232266,27.5135625200001 83.046098203,27.515188832 83.0485702030001,27.515185457 83.0509130780001,27.5133038320001 83.052374516,27.5105836440001 83.052438953,27.5089752700001 83.053600391,27.507211957 83.0532782660001,27.5060071450001 83.0553638910001,27.5056219570001 83.0557523290001,27.503402082 83.0578798290001,27.503477457 83.0601587040001,27.5080123320001 83.0619863910001,27.5096965820001 83.06557739,27.511837207 83.0683726410001,27.514457581 83.0711898910001,27.513691269 83.0714049530001,27.5163325820001 83.074587766,27.52008127 83.077082266,27.519064395 83.0799855160001,27.5194830190001 83.082006828,27.517912457 83.081942203,27.516323519 83.0832108290001,27.5153662060001 83.0869527040001,27.515438144 83.0885869530001,27.514557644 83.0923719530001,27.514535019 83.0923070160001,27.511738957 83.087489453,27.509198332 83.088779453,27.5055198320001 83.0953806410001,27.504730394 83.1001967660001,27.5037868950001 83.1066053280001,27.5055227070001 83.1084765160001,27.5069584570001 83.1099183900001,27.510650082 83.109488953,27.512317082 83.1099627030001,27.5143846440001 83.1091032030001,27.516260957 83.112114079,27.516564519 83.1141347660001,27.514264645 83.116218641,27.5138988320001 83.1167430780001,27.5190534560001 83.1200755780001,27.5212158320001 83.121154328,27.52790377 83.1232955780001,27.5293952070001 83.1248650160001,27.5292562070001 83.1257729530001,27.5310308950001 83.129687329,27.536069082 83.1280078280001,27.539713895 83.1245958910001,27.5423007690001 83.1232690780001,27.5447292690001 83.1190736410001,27.547595394 83.1169596400001,27.550382144 83.1163015160001,27.5556307690001 83.115122704,27.5610340200001 83.1168970780001,27.565127019 83.115946953,27.5672577070001 83.1167387030001,27.5718160820001 83.1180593280001,27.5733858940001 83.1194472660001,27.5765219560001 83.129900703,27.5792075200001 83.131563203,27.585995957 83.1412762030001,27.595900832 83.1429734530001,27.599074769 83.1424272660001,27.6019662690001</coordinates></LinearRing></outerBoundaryIs></Polygon>
  </Placemark>
  <Placemark id="lumbini.51">
	<name>5</name>
	<description>KAPILBASTU</description>
	<Style><LineStyle><color>ff0000ff</color></LineStyle><PolyStyle><fill>0</fill></PolyStyle></Style>
	<ExtendedData><SchemaData schemaUrl="#lumbini">
		<SimpleData name="STATE_CODE">0</SimpleData>
		<SimpleData name="DISTRICT">Nagarpalika</SimpleData>
		<SimpleData name="GaPa_NaPa">5</SimpleData>
	</SchemaData></ExtendedData>
      <Polygon><outerBoundaryIs><LinearRing><coordinates>82.8715087030001,27.568131457 82.867361078,27.5694875820001 82.8605457030001,27.5723650200001 82.8575813900001,27.57149902 82.8556108280001,27.569736457 82.8540988280001,27.5704437690001 82.8425033280001,27.5689623320001 82.841538578,27.5689700190001 82.8353401410001,27.570669019 82.8353487030001,27.571510645 82.831437453,27.5721885200001 82.82397789,27.572247395 82.8244166410001,27.570188957 82.826651203,27.5633082690001 82.8267010150001,27.559809269 82.8256717030001,27.556409457 82.823857203,27.552274207 82.8236895780001,27.5503369570001 82.8200468910001,27.5495208940001 82.817250953,27.549688894 82.8107888280001,27.5508250190001 82.807839953,27.552755957 82.806545891,27.5546987070001 82.8049081400001,27.555032082 82.8025080780001,27.5576940820001 82.8031565150001,27.5590037700001 82.8021625150001,27.5609874570001 82.7971135780001,27.5631955200001 82.7947217030001,27.561308894 82.793711703,27.55972977 82.7864587650001,27.5588815190001 82.7835942660001,27.5593370190001 82.7784177650001,27.5591201440001 82.7758482030001,27.5584297070001 82.773162578,27.55369052 82.7693121400001,27.555497519 82.7683812660001,27.5575604570001 82.7653287030001,27.5591443320001 82.762482828,27.5597890820001 82.7559050780001,27.559886019 82.7524813910001,27.5618881450001 82.749896015,27.562600457 82.7476820780001,27.5623458310001 82.7454943270001,27.5605053940001 82.746061765,27.558362582 82.7487413280001,27.555780832 82.748544515,27.5544952700001 82.7445508910001,27.5542291450001 82.7429508910001,27.553370832 82.7430119530001,27.5520650820001 82.7401945780001,27.5506339570001 82.7427498910001,27.549258207 82.7402528280001,27.54800377 82.739868265,27.546290082 82.742663453,27.5446480190001 82.7435670780001,27.5399339570001 82.7442485780001,27.5388255820001 82.7437576410001,27.537034207 82.746014453,27.535445957 82.7450070150001,27.5337266450001 82.746194953,27.5301657690001 82.749174328,27.526050207 82.7504567660001,27.526562644 82.7514345160001,27.5226546440001 82.7493067650001,27.5195783950001 82.748387015,27.5208177690001 82.7454916400001,27.520442019 82.7442353900001,27.521139019 82.7441065780001,27.5180265820001 82.7406827030001,27.5185664570001 82.738736891,27.5178719570001 82.7381506410001,27.51521552 82.739243141,27.5139213940001 82.7391401400001,27.510502332 82.7372782030001,27.508427769 82.7369467660001,27.5059857690001 82.737142078,27.502761207 82.7377491410001,27.5023628320001 82.7677845160001,27.500757207 82.787280765,27.5000169570001 82.80390364,27.496345519 82.8229452040001,27.4996712070001 82.834938515,27.501886207 82.851048516,27.499314957 82.860933453,27.498750957 82.872335015,27.4984286440001 82.881785016,27.4984800820001 82.894835141,27.4996402690001 82.8941777030001,27.5014920200001 82.8947541410001,27.504896769 82.895498515,27.506290332 82.89503039,27.5105238950001 82.8932043280001,27.511840582 82.8937512030001,27.513460394 82.8959783280001,27.515759207 82.8972057650001,27.5187720820001 82.899166516,27.5204527070001 82.8990213280001,27.523502082 82.899719578,27.52508477 82.8973180790001,27.5284072690001 82.89238964,27.5294059570001 82.8901445160001,27.532402457 82.8909926410001,27.5339908940001 82.8957224530001,27.5344639570001 82.8938991410001,27.539041019 82.892886515,27.540407019 82.8908706400001,27.5415077700001 82.8878625780001,27.5417500190001 82.8833940790001,27.5399362700001 82.8821778910001,27.538554645 82.87934914,27.539585582 82.8746996400001,27.5405317070001 82.865626578,27.541847832 82.863826891,27.5417812690001 82.861675141,27.5443402700001 82.8622983280001,27.5464414570001 82.8617250780001,27.551556207 82.862476078,27.55262277 82.8656945160001,27.554668457 82.866905204,27.5563388940001 82.868979515,27.557770519 82.8703418280001,27.5594782690001 82.8695797030001,27.5634047070001 82.8711245160001,27.5659037070001 82.8715087030001,27.568131457</coordinates></LinearRing></outerBoundaryIs></Polygon>
  </Placemark>
  <Placemark id="lumbini.52">
	<name>5</name>
	<description>KAPILBASTU</description>
	<Style><LineStyle><color>ff0000ff</color></LineStyle><PolyStyle><fill>0</fill></PolyStyle></Style>
	<ExtendedData><SchemaData schemaUrl="#lumbini">
		<SimpleData name="STATE_CODE">0</SimpleData>
		<SimpleData name="DISTRICT">Nagarpalika</SimpleData>
		<SimpleData name="GaPa_NaPa">5</SimpleData>
	</SchemaData></ExtendedData>
      <Polygon><outerBoundaryIs><LinearRing><coordinates>82.9928103280001,27.549271644 82.993103578,27.5532019570001 82.9936591410001,27.5547153950001 82.993054515,27.556364957 82.9952000160001,27.558569145 82.9948767650001,27.5609426440001 82.9907043910001,27.5615598950001 82.9899509530001,27.5640702690001 82.991395266,27.565987394 82.9924382040001,27.56864827 82.9921151410001,27.571861207 82.9913212660001,27.5734574570001 82.988020954,27.5773210190001 82.984367266,27.579489832 82.9814542030001,27.579666957 82.977479266,27.578942769 82.972000328,27.578782769 82.971741078,27.5820795820001 82.9707955160001,27.5853397070001 82.972754954,27.5858483320001 82.975173828,27.585223145 82.977040828,27.5853948320001 82.9782693280001,27.586689957 82.9779493280001,27.588296395 82.9755948900001,27.5914490820001 82.9749057660001,27.5940297070001 82.973908953,27.5953174570001 82.970409578,27.5955127070001 82.968680454,27.5962195820001 82.967794703,27.5994958950001 82.9691470160001,27.6009319570001 82.9723242030001,27.602541644 82.9719814530001,27.604258395 82.9669315780001,27.605412207 82.9627592040001,27.6067349570001 82.960377328,27.6051670190001 82.960492641,27.6018037700001 82.9590070780001,27.596955144 82.9558584530001,27.598880894 82.9530050160001,27.599653645 82.947681016,27.602034394 82.944922515,27.602464707 82.942062203,27.5997557700001 82.937735703,27.5941699570001 82.9377843280001,27.591162707 82.940520953,27.588469332 82.937517454,27.5881080190001 82.936531641,27.5861442070001 82.9341942660001,27.585979582 82.9228781400001,27.5871670820001 82.9223562660001,27.585696457 82.9204153900001,27.584546457 82.9187637650001,27.5896643950001 82.9165288900001,27.5922822690001 82.9124720780001,27.5942947070001 82.9041530150001,27.59222127 82.903927953,27.589065207 82.904711578,27.587902645 82.901502141,27.5872297070001 82.8987636410001,27.587296082 82.897211579,27.5862571440001 82.8965063900001,27.584157707 82.897553078,27.5828754570001 82.8970070780001,27.580247082 82.8959487650001,27.579694895 82.8885285150001,27.579335644 82.88751139,27.57627252 82.8846852030001,27.5759632690001 82.8822085150001,27.5736465190001 82.8736544530001,27.569504894 82.8715087030001,27.568131457 82.8711245160001,27.5659037070001 82.8695797030001,27.5634047070001 82.8703418280001,27.5594782690001 82.868979515,27.557770519 82.866905204,27.5563388940001 82.8656945160001,27.554668457 82.862476078,27.55262277 82.8617250780001,27.551556207 82.8622983280001,27.5464414570001 82.861675141,27.5443402700001 82.863826891,27.5417812690001 82.865626578,27.541847832 82.8746996400001,27.5405317070001 82.87934914,27.539585582 82.8821778910001,27.538554645 82.8833940790001,27.5399362700001 82.8878625780001,27.5417500190001 82.8908706400001,27.5415077700001 82.892886515,27.540407019 82.8938991410001,27.539041019 82.8957224530001,27.5344639570001 82.8909926410001,27.5339908940001 82.8901445160001,27.532402457 82.89238964,27.5294059570001 82.8973180790001,27.5284072690001 82.899719578,27.52508477 82.8990213280001,27.523502082 82.899166516,27.5204527070001 82.8972057650001,27.5187720820001 82.8959783280001,27.515759207 82.8937512030001,27.513460394 82.8932043280001,27.511840582 82.89503039,27.5105238950001 82.895498515,27.506290332 82.8947541410001,27.504896769 82.8941777030001,27.5014920200001 82.894835141,27.4996402690001 82.899972516,27.49994952 82.9152939530001,27.501161832 82.927130704,27.501152082 82.9314228910001,27.500995582 82.9415476410001,27.491156457 82.946740891,27.4768660190001 82.9562043280001,27.4677609570001 82.9628458280001,27.4658249570001 82.9656477030001,27.467251456 82.967818015,27.469203457 82.968754141,27.470749207 82.967965828,27.47159852 82.962722328,27.4721236450001 82.9617970780001,27.473371269 82.962233515,27.4763438320001 82.964413328,27.4790789570001 82.964100703,27.483149269 82.96514639,27.4868597070001 82.9708372040001,27.4889055190001 82.9724440780001,27.4901764570001 82.9752177650001,27.494449957 82.9759502650001,27.4977360820001 82.975422515,27.50069252 82.974270328,27.502624457 82.9722898900001,27.504085457 82.9678859530001,27.5054675820001 82.9582820780001,27.506016457 82.9572997660001,27.506900332 82.959734015,27.5109596450001 82.9623920780001,27.513393707 82.9655234530001,27.5146512690001 82.968844953,27.513786957 82.9741098910001,27.510028457 82.977905578,27.509038832 82.9825517040001,27.508502019 82.985340453,27.5085675190001 82.9877216410001,27.5102455200001 82.9926165780001,27.515278832 82.9946905780001,27.5177442070001 82.996000516,27.5196692690001 82.996853328,27.522890707 82.996242953,27.527836644 82.9949944530001,27.5296575190001 82.9910816410001,27.5322262070001 82.9872622650001,27.5355219570001 82.9862928910001,27.5379945820001 82.9874225780001,27.5421927690001 82.9898988910001,27.5444783950001 82.9928103280001,27.549271644</coordinates></LinearRing></outerBoundaryIs></Polygon>
  </Placemark>
  <Placemark id="lumbini.53">
	<name>5</name>
	<description>KAPILBASTU</description>
	<Style><LineStyle><color>ff0000ff</color></LineStyle><PolyStyle><fill>0</fill></PolyStyle></Style>
	<ExtendedData><SchemaData schemaUrl="#lumbini">
		<SimpleData name="STATE_CODE">0</SimpleData>
		<SimpleData name="DISTRICT">Gaunpalika</SimpleData>
		<SimpleData name="GaPa_NaPa">5</SimpleData>
	</SchemaData></ExtendedData>
      <Polygon><outerBoundaryIs><LinearRing><coordinates>83.1560597660001,27.592694957 83.153706453,27.593125145 83.1541348910001,27.59443652 83.152574578,27.596189144 83.1522711410001,27.59822702 83.1497126410001,27.598367082 83.150255766,27.600766644 83.1464773910001,27.602774207 83.144857766,27.603082332 83.1424272660001,27.6019662690001 83.1429734530001,27.599074769 83.1412762030001,27.595900832 83.131563203,27.585995957 83.129900703,27.5792075200001 83.1194472660001,27.5765219560001 83.1180593280001,27.5733858940001 83.1167387030001,27.5718160820001 83.115946953,27.5672577070001 83.1168970780001,27.565127019 83.115122704,27.5610340200001 83.1163015160001,27.5556307690001 83.1169596400001,27.550382144 83.1190736410001,27.547595394 83.1232690780001,27.5447292690001 83.1245958910001,27.5423007690001 83.1280078280001,27.539713895 83.129687329,27.536069082 83.1257729530001,27.5310308950001 83.1248650160001,27.5292562070001 83.1232955780001,27.5293952070001 83.121154328,27.52790377 83.1200755780001,27.5212158320001 83.1167430780001,27.5190534560001 83.116218641,27.5138988320001 83.1141347660001,27.514264645 83.112114079,27.516564519 83.1091032030001,27.516260957 83.1099627030001,27.5143846440001 83.109488953,27.512317082 83.1099183900001,27.510650082 83.1084765160001,27.5069584570001 83.1066053280001,27.5055227070001 83.1001967660001,27.5037868950001 83.0953806410001,27.504730394 83.088779453,27.5055198320001 83.0882201410001,27.5047558320001 83.0856398910001,27.505255645 83.083618266,27.5039178320001 83.0822203910001,27.5006459570001 83.0803283910001,27.5002837070001 83.0774253910001,27.500686457 83.0762859530001,27.4994062700001 83.073576641,27.4980683950001 83.0729960790001,27.495368082 83.0704589540001,27.493801019 83.0708245160001,27.492345895 83.0747374530001,27.4900456440001 83.0765434530001,27.489813957 83.0867775780001,27.4901319570001 83.0898516400001,27.488310895 83.0894857660001,27.4849983940001 83.0897432660001,27.482452644 83.0892055780001,27.4808448310001 83.084500141,27.476617144 83.0851277030001,27.473110332 83.087623454,27.46916227 83.087520328,27.466250895 83.0866215780001,27.464144332 83.0828880160001,27.4630908940001 83.082890891,27.461019519 83.081776516,27.4597757070001 83.0790720780001,27.4596608320001 83.073197828,27.4548902700001 83.071463641,27.4513835820001 83.0768500790001,27.452610769 83.0786530780001,27.452629519 83.1144519540001,27.4542966440001 83.1240128910001,27.455061082 83.149461328,27.456374082 83.1571414530001,27.4570503320001 83.166503703,27.4574608950001 83.170888141,27.457098957 83.1760283900001,27.4556199570001 83.174631704,27.457195644 83.1771984530001,27.457763707 83.1789902660001,27.4593965810001 83.1801934530001,27.4593043950001 83.1816073910001,27.4607703940001 83.181466141,27.4620466440001 83.1832171410001,27.4651098320001 83.1830350160001,27.466823645 83.184061328,27.468828832 83.1842834540001,27.4715897070001 83.1837402040001,27.473732394 83.181435891,27.4759820190001 83.1769900780001,27.475768519 83.1701428280001,27.477072707 83.1706232660001,27.4783323950001 83.1686282040001,27.4798683940001 83.1688492660001,27.4865667070001 83.167301954,27.488635582 83.1664331410001,27.492333145 83.1654511410001,27.4942090820001 83.1656237030001,27.495649644 83.1640352030001,27.496700644 83.1630869530001,27.500000582 83.1600360790001,27.503007957 83.1594279540001,27.5041957070001 83.1576193290001,27.5148100820001 83.1589963910001,27.51663927 83.161200578,27.5176724570001 83.1623963910001,27.520222706 83.162887454,27.5227685190001 83.1663958290001,27.52867202 83.165850016,27.5335402700001 83.164736578,27.5365887070001 83.163893204,27.547059957 83.1631373280001,27.5497563320001 83.163236516,27.5540710820001 83.162215453,27.5585032070001 83.164941953,27.561563457 83.1588352650001,27.562893957 83.1595950780001,27.5682303940001 83.1576798280001,27.5684038320001 83.155455703,27.5701367070001 83.155822829,27.572002707 83.154144328,27.573445582 83.1546345790001,27.576135895 83.155720391,27.5789764570001 83.1568370160001,27.578951707 83.156770828,27.582888645 83.1547502660001,27.5862338320001 83.1548848910001,27.587996832 83.1561470780001,27.590060082 83.1560597660001,27.592694957</coordinates></LinearRing></outerBoundaryIs></Polygon>
  </Placemark>
  <Placemark id="lumbini.54">
	<name>5</name>
	<description>KAPILBASTU</description>
	<Style><LineStyle><color>ff0000ff</color></LineStyle><PolyStyle><fill>0</fill></PolyStyle></Style>
	<ExtendedData><SchemaData schemaUrl="#lumbini">
		<SimpleData name="STATE_CODE">0</SimpleData>
		<SimpleData name="DISTRICT">Nagarpalika</SimpleData>
		<SimpleData name="GaPa_NaPa">5</SimpleData>
	</SchemaData></ExtendedData>
      <Polygon><outerBoundaryIs><LinearRing><coordinates>82.9119918910001,27.788042707 82.9089595790001,27.788257957 82.905774078,27.790245332 82.904031016,27.7927810200001 82.9008585780001,27.79348227 82.8974314530001,27.793421145 82.8936462660001,27.7915475830001 82.8906272030001,27.791257144 82.885118016,27.79248977 82.88171214,27.7925051450001 82.879181203,27.79353152 82.8745161400001,27.792227832 82.866888891,27.792693457 82.864668141,27.7907822700001 82.8616282030001,27.7903196450001 82.856090953,27.7921103950001 82.8508005780001,27.792066457 82.8461337030001,27.793135394 82.8441073280001,27.790365895 82.8425748280001,27.790138707 82.839830453,27.79096402 82.8356493910001,27.790931207 82.832419266,27.7927810200001 82.8285840780001,27.7920445820001 82.823864266,27.7932995190001 82.819518578,27.7952298320001 82.817463015,27.7955100820001 82.8156963280001,27.7936516440001 82.813904203,27.793473895 82.809183015,27.794807269 82.806233515,27.794842707 82.807302453,27.7934057690001 82.8076550160001,27.791346645 82.806070703,27.7902951450001 82.805430453,27.787566457 82.8057725790001,27.785624582 82.8072440780001,27.7819890820001 82.8060991410001,27.777505207 82.804223516,27.775677332 82.8013837660001,27.7757588320001 82.7997962030001,27.7736715820001 82.794475891,27.7726935200001 82.7921810780001,27.7718702700001 82.7877054530001,27.7720228950001 82.7857355780001,27.769812582 82.7846783910001,27.7765537070001 82.7835576410001,27.7773109570001 82.7799615150001,27.7768550820001 82.7743568910001,27.7773402070001 82.771964891,27.7768767690001 82.767240078,27.7767557700001 82.7655958280001,27.777077207 82.760892578,27.7769562080001 82.75821639,27.7772886450001 82.7517792030001,27.7769486440001 82.7498742660001,27.7773578320001 82.7480897030001,27.7767189570001 82.7441375160001,27.77663577 82.7375458280001,27.77595977 82.7334188280001,27.774793958 82.7333753280001,27.774170832 82.736032578,27.7705380200001 82.737958828,27.7694613940001 82.7404380150001,27.7698156450001 82.7440585150001,27.769433458 82.7469751410001,27.7695523950001 82.7490737030001,27.769090894 82.7525134530001,27.766428144 82.755051016,27.765690707 82.753244453,27.7644944570001 82.756701391,27.763228332 82.7573776410001,27.76163702 82.758939953,27.7624271440001 82.7596669530001,27.760608457 82.7615114530001,27.7613086440001 82.7647991410001,27.759997894 82.7643530780001,27.758531894 82.76281964,27.7581662690001 82.7632997650001,27.7547322070001 82.764568765,27.7533875820001 82.7653283910001,27.7493107070001 82.7639803900001,27.7485270820001 82.763874141,27.7446568940001 82.7652513900001,27.7426453940001 82.765178828,27.7390438950001 82.7665357660001,27.7369938950001 82.7693734530001,27.7355955190001 82.7689575780001,27.7345517690001 82.7658952030001,27.7330512070001 82.7662537030001,27.7306877070001 82.7691395780001,27.7284865820001 82.771735703,27.7253194570001 82.7769846410001,27.7211333320001 82.77819614,27.718274207 82.777887515,27.714686457 82.7785532660001,27.712788145 82.7787245160001,27.7096513320001 82.7814660780001,27.7073290820001 82.783571953,27.7028623320001 82.784102078,27.699257145 82.7863498280001,27.696289644 82.7879336410001,27.690737519 82.79154764,27.68799627 82.792564703,27.6864912070001 82.7944173280001,27.6818663940001 82.7957491400001,27.677399457 82.792728765,27.672727707 82.8019137030001,27.6692742070001 82.8031221410001,27.6655303320001 82.8060681410001,27.66337402 82.8076173900001,27.6614177070001 82.8117874530001,27.6607495820001 82.812022078,27.659237707 82.814276578,27.657458832 82.817967265,27.6573413940001 82.819856391,27.655597707 82.8179698900001,27.6538917070001 82.8162373910001,27.6535317070001 82.8155692660001,27.6521632700001 82.8191210780001,27.6479451440001 82.824226765,27.644583894 82.8244916400001,27.642560082 82.8222012030001,27.640582269 82.8226103280001,27.6375127700001 82.8236755780001,27.636569707 82.8276030160001,27.636639082 82.8302519540001,27.6375503940001 82.832191579,27.637020707 82.8326512660001,27.634887957 82.831697703,27.6325063940001 82.829904453,27.631814395 82.826940203,27.6319495820001 82.827794516,27.627737645 82.8279337650001,27.623995769 82.829253828,27.621739394 82.8296515160001,27.619450457 82.8279005160001,27.6173080820001 82.8278815780001,27.615606707 82.8291979530001,27.6121093950001 82.833594078,27.6078460200001 82.8353914530001,27.6067037070001 82.8357767030001,27.605274207 82.83419489,27.6033070820001 82.83077389,27.60091377 82.8323078280001,27.597170082 82.8320232030001,27.5915293950001 82.830600766,27.5904411450001 82.8268665160001,27.590662394 82.8250682650001,27.5891106450001 82.8234974530001,27.583932895 82.82512639,27.579770394 82.82496789,27.5789274570001 82.822023766,27.57663502 82.821598453,27.575024957 82.82397789,27.572247395 82.831437453,27.5721885200001 82.8353487030001,27.571510645 82.8353401410001,27.570669019 82.841538578,27.5689700190001 82.8425033280001,27.5689623320001 82.8540988280001,27.5704437690001 82.8556108280001,27.569736457 82.8575813900001,27.57149902 82.8605457030001,27.5723650200001 82.867361078,27.5694875820001 82.8715087030001,27.568131457 82.8736544530001,27.569504894 82.8822085150001,27.5736465190001 82.8846852030001,27.5759632690001 82.88751139,27.57627252 82.8885285150001,27.579335644 82.8959487650001,27.579694895 82.8970070780001,27.580247082 82.897553078,27.5828754570001 82.8965063900001,27.584157707 82.897211579,27.5862571440001 82.8987636410001,27.587296082 82.901502141,27.5872297070001 82.904711578,27.587902645 82.903927953,27.589065207 82.9041530150001,27.59222127 82.9124720780001,27.5942947070001 82.913049266,27.5961493950001 82.91264864,27.5995035820001 82.9109860780001,27.6038722070001 82.9208288900001,27.6035181440001 82.9280344530001,27.603695832 82.933013266,27.608659582 82.9334647030001,27.610201832 82.932916703,27.6145432070001 82.9322285160001,27.6165482700001 82.9334535780001,27.6171037070001 82.935277328,27.6213662070001 82.9359680150001,27.624209895 82.9373778280001,27.627415582 82.9347970160001,27.6274815200001 82.935418391,27.629731269 82.9345330790001,27.6313850820001 82.932682453,27.630111894 82.931174641,27.631201332 82.9324980160001,27.633388832 82.9310678910001,27.6348872070001 82.9295102030001,27.6341915830001 82.930581078,27.6324489570001 82.9290633910001,27.63145802 82.9262222660001,27.6321603320001 82.926885015,27.635863457 82.9246727660001,27.6372407700001 82.923411516,27.635935832 82.9245913280001,27.6343295200001 82.9234758910001,27.632687332 82.920691391,27.633031208 82.9219022650001,27.6355337700001 82.9201321400001,27.6380018950001 82.917604828,27.638877957 82.9171490780001,27.640264207 82.918617016,27.640936707 82.919366203,27.6428197700001 82.9160719530001,27.6416140200001 82.9147952660001,27.642073333 82.914524391,27.6456045200001 82.9156100160001,27.646127457 82.918605079,27.6456273950001 82.9196606400001,27.64695777 82.9180327030001,27.647953644 82.9176543900001,27.6495142700001 82.9185165790001,27.6538192080001 82.917708641,27.655064957 82.9150705160001,27.6557370830001 82.914049828,27.6581139570001 82.917012265,27.660352769 82.9165546410001,27.6629145200001 82.918614016,27.664196394 82.9183092660001,27.665938082 82.914617203,27.6696229570001 82.9171152660001,27.6704096450001 82.9178373280001,27.671719395 82.9163241400001,27.674279707 82.918855954,27.67530802 82.9202058910001,27.6787209570001 82.918388328,27.678688707 82.917195829,27.681513207 82.920369141,27.682995519 82.9229560790001,27.6827607070001 82.9235980780001,27.6848211450001 82.9220833900001,27.685939707 82.9238278280001,27.6889179570001 82.9257812660001,27.6907178330001 82.925211016,27.6928771450001 82.9269033900001,27.6944922070001 82.926216578,27.69716727 82.923398266,27.6996949570001 82.924773578,27.7017588940001 82.9224782030001,27.7031646450001 82.925448766,27.704451207 82.9251203910001,27.7057527700001 82.921016078,27.707482957 82.9227923280001,27.7094145820001 82.9228202030001,27.711380019 82.9218421410001,27.712552395 82.9193578910001,27.7126142700001 82.92021264,27.711066395 82.918594328,27.710568644 82.917979078,27.7126080190001 82.916587953,27.713456707 82.914077391,27.712178082 82.912828453,27.7153721440001 82.915847828,27.717288769 82.913970265,27.7186052070001 82.9148897650001,27.721191332 82.9134957650001,27.722574707 82.913419891,27.7245708950001 82.9161351400001,27.727489145 82.9188823280001,27.7284086450001 82.919497391,27.7295505820001 82.919211078,27.7320640200001 82.9182407040001,27.7320519570001 82.915611078,27.7352509570001 82.9117344540001,27.738636457 82.9079275780001,27.74326102 82.9071638280001,27.746729583 82.9080994540001,27.749837019 82.907418453,27.752663145 82.9094927660001,27.7559397700001 82.9093392030001,27.7591310820001 82.9082270160001,27.7624073320001 82.9069890160001,27.76290527 82.908292266,27.7674956450001 82.90854139,27.7697605820001 82.9094998910001,27.7713835820001 82.9112707030001,27.7724421450001 82.9128997650001,27.7752617080001 82.9134274530001,27.778257583 82.9126527660001,27.77953302 82.9119918910001,27.788042707</coordinates></LinearRing></outerBoundaryIs></Polygon>
  </Placemark>
  <Placemark id="lumbini.55">
	<name>5</name>
	<description>KAPILBASTU</description>
	<Style><LineStyle><color>ff0000ff</color></LineStyle><PolyStyle><fill>0</fill></PolyStyle></Style>
	<ExtendedData><SchemaData schemaUrl="#lumbini">
		<SimpleData name="STATE_CODE">0</SimpleData>
		<SimpleData name="DISTRICT">Gaunpalika</SimpleData>
		<SimpleData name="GaPa_NaPa">5</SimpleData>
	</SchemaData></ExtendedData>
      <Polygon><outerBoundaryIs><LinearRing><coordinates>83.2215496410001,27.5876938320001 83.217173641,27.58819727 83.2147222660001,27.5856495190001 83.212753079,27.5854985190001 83.205075391,27.583408207 83.201595641,27.5854889570001 83.1975540160001,27.5857183320001 83.1927981410001,27.5867873940001 83.1900288910001,27.586823145 83.1914635160001,27.5908410820001 83.180104703,27.5956211440001 83.1784172660001,27.592781707 83.177913016,27.5898408940001 83.1763832660001,27.5861268940001 83.1735647030001,27.5863515190001 83.1710112040001,27.585706832 83.1666667040001,27.5864660820001 83.1663675790001,27.587924082 83.1621023910001,27.5890650200001 83.162377828,27.5917675200001 83.161228141,27.5960363940001 83.162048204,27.5971875820001 83.1611642030001,27.5986150200001 83.1590607040001,27.595382457 83.1560597660001,27.592694957 83.1561470780001,27.590060082 83.1548848910001,27.587996832 83.1547502660001,27.5862338320001 83.156770828,27.582888645 83.1568370160001,27.578951707 83.155720391,27.5789764570001 83.1546345790001,27.576135895 83.154144328,27.573445582 83.155822829,27.572002707 83.155455703,27.5701367070001 83.1576798280001,27.5684038320001 83.1595950780001,27.5682303940001 83.1588352650001,27.562893957 83.164941953,27.561563457 83.162215453,27.5585032070001 83.163236516,27.5540710820001 83.1631373280001,27.5497563320001 83.163893204,27.547059957 83.164736578,27.5365887070001 83.165850016,27.5335402700001 83.1663958290001,27.52867202 83.162887454,27.5227685190001 83.1623963910001,27.520222706 83.161200578,27.5176724570001 83.1589963910001,27.51663927 83.1576193290001,27.5148100820001 83.1594279540001,27.5041957070001 83.1600360790001,27.503007957 83.1630869530001,27.500000582 83.1640352030001,27.496700644 83.1656237030001,27.495649644 83.1654511410001,27.4942090820001 83.1664331410001,27.492333145 83.167301954,27.488635582 83.1688492660001,27.4865667070001 83.1686282040001,27.4798683940001 83.1706232660001,27.4783323950001 83.1701428280001,27.477072707 83.1769900780001,27.475768519 83.181435891,27.4759820190001 83.1837402040001,27.473732394 83.1842834540001,27.4715897070001 83.184061328,27.468828832 83.1830350160001,27.466823645 83.1832171410001,27.4651098320001 83.181466141,27.4620466440001 83.1816073910001,27.4607703940001 83.1801934530001,27.4593043950001 83.1789902660001,27.4593965810001 83.1771984530001,27.457763707 83.174631704,27.457195644 83.1760283900001,27.4556199570001 83.1801089530001,27.454865582 83.189880203,27.45423677 83.1980115160001,27.4458990200001 83.201628703,27.4400080200001 83.2072319530001,27.431614457 83.2125224530001,27.424141832 83.2190384530001,27.417675457 83.220537016,27.4182185820001 83.2248251410001,27.421135269 83.225613078,27.4236893950001 83.2251769530001,27.4248513320001 83.230293078,27.428812582 83.232308016,27.429401394 83.2333158910001,27.430575769 83.2317935780001,27.43448677 83.2292918910001,27.4352423940001 83.226353079,27.4378728950001 83.2230877040001,27.438100707 83.2220138910001,27.44047527 83.219692766,27.442405019 83.2190311410001,27.444908207 83.2199254540001,27.4463528950001 83.2191918280001,27.449250519 83.2210121410001,27.4507160810001 83.2197332040001,27.4526088320001 83.221713391,27.4540053310001 83.2244947660001,27.454562394 83.225563578,27.456587832 83.2259053290001,27.4595817690001 83.227003203,27.460443019 83.2274477030001,27.4630403950001 83.2284171410001,27.463896457 83.228251641,27.466833394 83.2293702040001,27.468822894 83.2283800150001,27.469417707 83.2261024530001,27.468479894 83.2255065780001,27.4709428940001 83.2264856410001,27.472162269 83.2232892660001,27.47268152 83.222602953,27.474225582 83.224050704,27.477065457 83.2239402660001,27.479201645 83.221040266,27.4798081440001 83.2231857660001,27.4813545820001 83.221660016,27.482449457 83.2249182040001,27.485601769 83.2237406410001,27.4886368320001 83.224867266,27.4894035200001 83.2231573290001,27.4913119570001 83.2242418290001,27.4925725190001 83.2261216410001,27.492255894 83.2262423290001,27.4950318940001 83.2291011410001,27.4943866450001 83.2299766410001,27.497074395 83.231949329,27.501232644 83.2302925160001,27.5018619570001 83.2291543910001,27.504459582 83.2315519540001,27.506666082 83.232775578,27.511810645 83.2336748290001,27.5123774570001 83.2333559530001,27.5148893320001 83.234288329,27.516203207 83.2328171410001,27.518043144 83.232343454,27.5201479570001 83.2305107660001,27.522416832 83.2295837030001,27.5225177070001 83.2292597030001,27.5251445820001 83.2272214530001,27.5271956450001 83.2259394530001,27.529634457 83.226914078,27.5309688940001 83.2264505160001,27.532825582 83.223378579,27.534439832 83.2224569530001,27.5359555200001 83.2225234540001,27.537964082 83.2204442660001,27.5394393940001 83.2187174530001,27.5417312070001 83.2191995160001,27.546639332 83.2161986410001,27.5476152700001 83.2166127660001,27.5495445820001 83.2145607030001,27.549878144 83.2126629540001,27.551158082 83.2126586410001,27.5528255190001 83.211321829,27.5540273940001 83.2105565780001,27.555936457 83.2078590780001,27.556309207 83.206262516,27.5596485820001 83.2083698280001,27.5616145820001 83.2089942040001,27.5631299570001 83.2107810160001,27.564031395 83.2103082030001,27.565089207 83.211257641,27.568860457 83.208668453,27.5699739570001 83.2109162030001,27.57407077 83.2136382030001,27.5754671440001 83.2137917030001,27.577995145 83.2150657660001,27.579062832 83.216373891,27.58500902 83.218867829,27.5848673940001 83.220709141,27.585732894 83.2215496410001,27.5876938320001</coordinates></LinearRing></outerBoundaryIs></Polygon>
  </Placemark>
  <Placemark id="lumbini.56">
	<name>5</name>
	<description>KAPILBASTU</description>
	<Style><LineStyle><color>ff0000ff</color></LineStyle><PolyStyle><fill>0</fill></PolyStyle></Style>
	<ExtendedData><SchemaData schemaUrl="#lumbini">
		<SimpleData name="STATE_CODE">0</SimpleData>
		<SimpleData name="DISTRICT">Gaunpalika</SimpleData>
		<SimpleData name="GaPa_NaPa">5</SimpleData>
	</SchemaData></ExtendedData>
      <Polygon><outerBoundaryIs><LinearRing><coordinates>83.088779453,27.5055198320001 83.087489453,27.509198332 83.0923070160001,27.511738957 83.0923719530001,27.514535019 83.0885869530001,27.514557644 83.0869527040001,27.515438144 83.0832108290001,27.5153662060001 83.081942203,27.516323519 83.082006828,27.517912457 83.0799855160001,27.5194830190001 83.077082266,27.519064395 83.074587766,27.52008127 83.0714049530001,27.5163325820001 83.0711898910001,27.513691269 83.0683726410001,27.514457581 83.06557739,27.511837207 83.0619863910001,27.5096965820001 83.0601587040001,27.5080123320001 83.0578798290001,27.503477457 83.0557523290001,27.503402082 83.0553638910001,27.5056219570001 83.0532782660001,27.5060071450001 83.053600391,27.507211957 83.052438953,27.5089752700001 83.052374516,27.5105836440001 83.0509130780001,27.5133038320001 83.0485702030001,27.515185457 83.046098203,27.515188832 83.042232266,27.5135625200001 83.041200954,27.5139277070001 83.0377284530001,27.5103228940001 83.038101016,27.505203582 83.0408961410001,27.502021144 83.0403665790001,27.4975747070001 83.0374952660001,27.494258394 83.037396265,27.4896795820001 83.0366036400001,27.4887399570001 83.0341770160001,27.4890074570001 83.0321640160001,27.4862475190001 83.0289008280001,27.486208957 83.028430078,27.48525127 83.025297391,27.4842545820001 83.0189810780001,27.488032457 83.016571829,27.4912917070001 83.0131554530001,27.493632145 83.0108147030001,27.494206707 83.010490141,27.4957792700001 83.0113032660001,27.497235894 83.0137493290001,27.4977925200001 83.0175209540001,27.501566957 83.017642578,27.5059203320001 83.012854266,27.5065723320001 83.016839578,27.511135832 83.0159145160001,27.5122844570001 83.007709828,27.5147600820001 83.0047032030001,27.5151830820001 82.9946905780001,27.5177442070001 82.9926165780001,27.515278832 82.9877216410001,27.5102455200001 82.985340453,27.5085675190001 82.9825517040001,27.508502019 82.977905578,27.509038832 82.9741098910001,27.510028457 82.968844953,27.513786957 82.9655234530001,27.5146512690001 82.9623920780001,27.513393707 82.959734015,27.5109596450001 82.9572997660001,27.506900332 82.9582820780001,27.506016457 82.9678859530001,27.5054675820001 82.9722898900001,27.504085457 82.974270328,27.502624457 82.975422515,27.50069252 82.9759502650001,27.4977360820001 82.9752177650001,27.494449957 82.9724440780001,27.4901764570001 82.9708372040001,27.4889055190001 82.96514639,27.4868597070001 82.964100703,27.483149269 82.964413328,27.4790789570001 82.962233515,27.4763438320001 82.9617970780001,27.473371269 82.962722328,27.4721236450001 82.967965828,27.47159852 82.968754141,27.470749207 82.967818015,27.469203457 82.9656477030001,27.467251456 82.9628458280001,27.4658249570001 82.9686040160001,27.4640852690001 82.9882195160001,27.4606640820001 83.0007937660001,27.4578983320001 83.0218586410001,27.453636707 83.0361358280001,27.4486909570001 83.0544003900001,27.44992402 83.0703690780001,27.4511528940001 83.071463641,27.4513835820001 83.073197828,27.4548902700001 83.0790720780001,27.4596608320001 83.081776516,27.4597757070001 83.082890891,27.461019519 83.0828880160001,27.4630908940001 83.0866215780001,27.464144332 83.087520328,27.466250895 83.087623454,27.46916227 83.0851277030001,27.473110332 83.084500141,27.476617144 83.0892055780001,27.4808448310001 83.0897432660001,27.482452644 83.0894857660001,27.4849983940001 83.0898516400001,27.488310895 83.0867775780001,27.4901319570001 83.0765434530001,27.489813957 83.0747374530001,27.4900456440001 83.0708245160001,27.492345895 83.0704589540001,27.493801019 83.0729960790001,27.495368082 83.073576641,27.4980683950001 83.0762859530001,27.4994062700001 83.0774253910001,27.500686457 83.0803283910001,27.5002837070001 83.0822203910001,27.5006459570001 83.083618266,27.5039178320001 83.0856398910001,27.505255645 83.0882201410001,27.5047558320001 83.088779453,27.5055198320001</coordinates></LinearRing></outerBoundaryIs></Polygon>
  </Placemark>
  <Placemark id="lumbini.57">
	<name>5</name>
	<description>ARGHAKHANCHI</description>
	<Style><LineStyle><color>ff0000ff</color></LineStyle><PolyStyle><fill>0</fill></PolyStyle></Style>
	<ExtendedData><SchemaData schemaUrl="#lumbini">
		<SimpleData name="STATE_CODE">0</SimpleData>
		<SimpleData name="DISTRICT">Nagarpalika</SimpleData>
		<SimpleData name="GaPa_NaPa">5</SimpleData>
	</SchemaData></ExtendedData>
      <Polygon><outerBoundaryIs><LinearRing><coordinates>83.0746538910001,28.03057877 83.0722131410001,28.032349207 83.0712307030001,28.033718832 83.0711170160001,28.038927582 83.0698992650001,28.041845645 83.067104203,28.0444573950001 83.06496064,28.044571395 83.0606115790001,28.0463263950001 83.0564927660001,28.0467854570001 83.050198203,28.0464555820001 83.0460487660001,28.0476789570001 83.0436315160001,28.050405644 83.039274016,28.050402395 83.03795489,28.0517084570001 83.0373238910001,28.0543798320001 83.0363079540001,28.0553631440001 83.033906265,28.056122395 83.0307466410001,28.0559918320001 83.027386703,28.056509582 83.025497703,28.0572722700001 83.0232305160001,28.0592190830001 83.0189478280001,28.06007077 83.0152076410001,28.0602221450001 83.0150099530001,28.06234377 83.0134932660001,28.0656968330001 83.0134920780001,28.067456583 83.0118151400001,28.0699668950001 83.0103313280001,28.07408502 83.006489016,28.0754988950001 83.0026085790001,28.0748638950001 83.000000141,28.072848207 82.996998954,28.0731760200001 82.9967088910001,28.0744192700001 82.999249578,28.07818302 82.9995870160001,28.0808500200001 82.9991043910001,28.0828296450001 82.9998320780001,28.083811832 82.9984060150001,28.085098708 82.9971265780001,28.088771395 82.9949664530001,28.0894347070001 82.9939795780001,28.0863072080001 82.9904310160001,28.0795691450001 82.989113016,28.0783749570001 82.9870758910001,28.0736717070001 82.9852123910001,28.071428833 82.979981953,28.068727833 82.977231266,28.0655171450001 82.977063704,28.061357833 82.97456164,28.0595004570001 82.9732760780001,28.05718052 82.9707006410001,28.05431177 82.969040266,28.0530990190001 82.9664890780001,28.052827145 82.9637356410001,28.046868207 82.962810953,28.0408621450001 82.965295079,28.040201832 82.967140391,28.0404593330001 82.9723396410001,28.0382422700001 82.9744828280001,28.034100145 82.9744762660001,28.0328817700001 82.9764628900001,28.0315000190001 82.976427266,28.028911957 82.977362015,28.027269645 82.9786037040001,28.023037333 82.9774808910001,28.0215172700001 82.9782638280001,28.01964602 82.9762375780001,28.0175192070001 82.976522328,28.0145995820001 82.973948078,28.0143028950001 82.9738951410001,28.01237802 82.9755575780001,28.006535645 82.9737518910001,28.0055700820001 82.970281829,28.006002145 82.9702644530001,28.002685457 82.9675900780001,28.00362877 82.9653442040001,28.000394645 82.962153141,27.9988250820001 82.956285515,27.997483394 82.9562223290001,27.9960615200001 82.954336078,27.993944458 82.9552789530001,27.99279877 82.9590022030001,27.99192902 82.9617846400001,27.992051582 82.965744203,27.989719145 82.966213828,27.9878523950001 82.9676617650001,27.988075333 82.9689748910001,27.99020827 82.9695091400001,27.9928339580001 82.9708713910001,27.9933517700001 82.9767458910001,27.991274833 82.9784721410001,27.98867727 82.97701914,27.986290707 82.9777426410001,27.9841301450001 82.9797432030001,27.9840299570001 82.9825568910001,27.9829745820001 82.9838863910001,27.981321645 82.986625141,27.9815381450001 82.9887175150001,27.980585644 82.9901405160001,27.9775457690001 82.9927386410001,27.9760012690001 82.996173953,27.975945145 83.0000000160001,27.978468333 83.0017479530001,27.977131833 83.001169829,27.9755280200001 83.0039540160001,27.9696844580001 83.0054253280001,27.968828645 83.009259516,27.968030582 83.0113839530001,27.96619352 83.012359641,27.9634863320001 83.0185680160001,27.956789207 83.018062828,27.954170708 83.019346704,27.9520906450001 83.0164813280001,27.9495883330001 83.017277891,27.948010207 83.019605078,27.9469776450001 83.014881953,27.941808833 83.0147893290001,27.9412734580001 83.017509266,27.937288145 83.0178388290001,27.9361737080001 83.0150467660001,27.9326363320001 83.015121078,27.9317163320001 83.017867391,27.92813277 83.016648703,27.9233544570001 83.0156875160001,27.922023145 83.0188228280001,27.92201627 83.020891453,27.9225160830001 83.024342329,27.921739582 83.0262174530001,27.920345083 83.0278318910001,27.920579769 83.028612578,27.9193105200001 83.0307795160001,27.9190053940001 83.031691203,27.917924269 83.032027203,27.91531852 83.0335677030001,27.91285427 83.0345238290001,27.910013583 83.0348293900001,27.906640458 83.0382895160001,27.906725583 83.0410972660001,27.9098993330001 83.0469617030001,27.9116682690001 83.0512700790001,27.9126253320001 83.0533459530001,27.9137745190001 83.0570412660001,27.913723083 83.0603625780001,27.9147678320001 83.0626793900001,27.914440707 83.0675136410001,27.9125602070001 83.0702645160001,27.9107738330001 83.071290516,27.9084884580001 83.0750488910001,27.9083399570001 83.0759242660001,27.9078540200001 83.0790207650001,27.9080755200001 83.0798286410001,27.9091774570001 83.0860453290001,27.9061368330001 83.0876275160001,27.907288957 83.090374953,27.9106733950001 83.094454016,27.9140055830001 83.0980926410001,27.9146229580001 83.100008954,27.913150833 83.101960578,27.912730395 83.1066153290001,27.913487145 83.1101637040001,27.91182702 83.114922704,27.9128458330001 83.118742641,27.911782832 83.1225734540001,27.9136145190001 83.1278917660001,27.917210895 83.1286823290001,27.9191157070001 83.125768141,27.9228177700001 83.1291227040001,27.926489583 83.1304638280001,27.929492145 83.1309080790001,27.9363516450001 83.1274808910001,27.9341730200001 83.1275542650001,27.9331017690001 83.1259068910001,27.9288608320001 83.1240515160001,27.92892577 83.1230833280001,27.931132958 83.1207402030001,27.93236577 83.116094703,27.9371169570001 83.1159277040001,27.941903645 83.119217641,27.9469155200001 83.1216519540001,27.9486932070001 83.1223111410001,27.950213583 83.1202807660001,27.9512091450001 83.118230328,27.950846395 83.11355489,27.95308377 83.11169664,27.95452927 83.110323829,27.957331708 83.1055172650001,27.961623457 83.1039127660001,27.9640113950001 83.099880016,27.9632675830001 83.096293578,27.9637810830001 83.0983707650001,27.9680454570001 83.0999796410001,27.9693284570001 83.0984675780001,27.970548208 83.0955573900001,27.971801645 83.0946362660001,27.9737990830001 83.091236828,27.9754981450001 83.088017704,27.974477333 83.0853520780001,27.9763571450001 83.0823758280001,27.977494769 83.0807363280001,27.97718602 83.07968714,27.9758952070001 83.0783360790001,27.9762335820001 83.0769024530001,27.978561395 83.0764825780001,27.9808622080001 83.0770405160001,27.98234827 83.0757917650001,27.9853451450001 83.0766913290001,27.986675582 83.077195391,27.992105145 83.075151578,27.993539895 83.072820703,27.991267957 83.0717446410001,27.99118177 83.068264829,27.9929180830001 83.0641093900001,27.995579208 83.059270891,27.9954153320001 83.058544516,27.9973552070001 83.0603642030001,28.0000006450001 83.0622575790001,28.001890707 83.062833266,28.0045028320001 83.0650388280001,28.0076427070001 83.067129891,28.0126137080001 83.0687986410001,28.0154881450001 83.071335828,28.0171771440001 83.07192739,28.021831144 83.0708722030001,28.0237237700001 83.0659545780001,28.0253306450001 83.063265454,28.025657519 83.0616108280001,28.0275955820001 83.0593610160001,28.0292204580001 83.0590037040001,28.0302897080001 83.0609411410001,28.0311512700001 83.063292641,28.0299287070001 83.066307828,28.0302831450001 83.0686318290001,28.0295205200001 83.071795578,28.0299728950001 83.074108391,28.029692895 83.0746538910001,28.03057877</coordinates></LinearRing></outerBoundaryIs></Polygon>
  </Placemark>
  <Placemark id="lumbini.58">
	<name>5</name>
	<description>ARGHAKHANCHI</description>
	<Style><LineStyle><color>ff0000ff</color></LineStyle><PolyStyle><fill>0</fill></PolyStyle></Style>
	<ExtendedData><SchemaData schemaUrl="#lumbini">
		<SimpleData name="STATE_CODE">0</SimpleData>
		<SimpleData name="DISTRICT">Gaunpalika</SimpleData>
		<SimpleData name="GaPa_NaPa">5</SimpleData>
	</SchemaData></ExtendedData>
      <Polygon><outerBoundaryIs><LinearRing><coordinates>83.202909391,28.0724550200001 83.1971845790001,28.074109332 83.1975435790001,28.076886583 83.1969693290001,28.079960645 83.194943579,28.0827465200001 83.190510891,28.083634207 83.1883859540001,28.083594582 83.186643641,28.085569708 83.185885828,28.0874672080001 83.181393078,28.0854640200001 83.1808600160001,28.084129707 83.1832675790001,28.082463207 83.1876503280001,28.078576895 83.187212828,28.076886707 83.1896011410001,28.074816083 83.1900670160001,28.0730747700001 83.1887109530001,28.0699260820001 83.1888145790001,28.0687467070001 83.196601828,28.060588895 83.197653766,28.0605995830001 83.200615079,28.0587148330001 83.1990538910001,28.057870958 83.198374953,28.0537312700001 83.199423203,28.0532072070001 83.2006687030001,28.0499610200001 83.1975865780001,28.0502160200001 83.196096766,28.049713207 83.1943957660001,28.051133645 83.1923893910001,28.0492762700001 83.1913932030001,28.047431644 83.1924313910001,28.0451860200001 83.1925356410001,28.0432214570001 83.191247516,28.038344957 83.1863624530001,28.037070645 83.1826356400001,28.033842458 83.1789350780001,28.0318393950001 83.175633453,28.0294641450001 83.1762124540001,28.028143207 83.1745706410001,28.0229124570001 83.1743540790001,28.018184332 83.1749097030001,28.0153380200001 83.172329953,28.01277752 83.1723715780001,28.0109434570001 83.1734520780001,28.0099865830001 83.1740100790001,28.0067905820001 83.1725309540001,28.0037718950001 83.1740783280001,28.001588144 83.1777482040001,28.0020455820001 83.1784812660001,28.001594208 83.1784631410001,27.9977855830001 83.1812696410001,27.997310457 83.182075329,27.993416457 83.1842113910001,27.992497332 83.186459079,27.9886930820001 83.191565891,27.985124457 83.1941230150001,27.98443102 83.1962098910001,27.9822275820001 83.1980207660001,27.9813379570001 83.200187579,27.9793063330001 83.204675453,27.9798242700001 83.205650641,27.9788123320001 83.2117505780001,27.9776200200001 83.2122014540001,27.976740395 83.211053328,27.9740285830001 83.212220953,27.9716526450001 83.213442329,27.970917333 83.2115977660001,27.9673960820001 83.212141203,27.9645202070001 83.2134662660001,27.9606063950001 83.211907141,27.95791702 83.213480265,27.9551756440001 83.212845078,27.952577332 83.214723953,27.9497542080001 83.2169960790001,27.948221582 83.2195974540001,27.947503082 83.2203273910001,27.946654333 83.2207117040001,27.945810395 83.2202765160001,27.942152832 83.222646829,27.9403589570001 83.221521765,27.9380850200001 83.2224247660001,27.937223707 83.2275728910001,27.9364878320001 83.2288599540001,27.9380631450001 83.2313948280001,27.935967707 83.232668829,27.9378294580001 83.2338127040001,27.9359473320001 83.2352861410001,27.9348792700001 83.2341847660001,27.9320934570001 83.237596141,27.9329855190001 83.2388605780001,27.9343620820001 83.240353391,27.9341424580001 83.2418517660001,27.9363167070001 83.2427655160001,27.935990083 83.2443915160001,27.9382237070001 83.242897203,27.940243895 83.244862766,27.940969895 83.247287703,27.939676832 83.246204204,27.938161458 83.251027579,27.936646707 83.2531593910001,27.9376262700001 83.2556253280001,27.940793957 83.257659329,27.9396067700001 83.2575397030001,27.9374603320001 83.258478391,27.9361184570001 83.262005516,27.9382154570001 83.2622192040001,27.936533395 83.263420453,27.9359058320001 83.2645351410001,27.9379198950001 83.2663536410001,27.9384891450001 83.2666694530001,27.9361600820001 83.269526328,27.9383390200001 83.2716419530001,27.9364640200001 83.2722307660001,27.9388317070001 83.271931829,27.9413548950001 83.274100328,27.940840645 83.276411953,27.943296332 83.2778050790001,27.942748582 83.279570891,27.945483457 83.281626578,27.945176082 83.2847405780001,27.947457582 83.285188641,27.9485383950001 83.2876642030001,27.950462332 83.290008141,27.950718082 83.2920758280001,27.9525766450001 83.293076204,27.9522117700001 83.294666266,27.949717707 83.2950630780001,27.9502409570001 83.2992202660001,27.950361458 83.3000712030001,27.9517353320001 83.3028931410001,27.9527085820001 83.3045891410001,27.9548086450001 83.3046658280001,27.95611102 83.3026096410001,27.9573731450001 83.300982516,27.9596188950001 83.3029923290001,27.9628330200001 83.3033378280001,27.964175019 83.303049328,27.9673526440001 83.298979204,27.9681577700001 83.294812016,27.966875208 83.2917486410001,27.966933957 83.290261016,27.9678062080001 83.288417704,27.9673499570001 83.2868738290001,27.9678744570001 83.2821592660001,27.9675363330001 83.279704016,27.97005727 83.2794610160001,27.972064082 83.275966204,27.9756354570001 83.2722126410001,27.980085332 83.2705710160001,27.98282927 83.2687100160001,27.983081145 83.2671282040001,27.9851394570001 83.2656012030001,27.9858375200001 83.2648820780001,27.9887735830001 83.2612377660001,27.9878628320001 83.2602678280001,27.986961895 83.255632828,27.9859937700001 83.254202391,27.9871525200001 83.2534130780001,27.9902980200001 83.254114766,27.99508052 83.2506157660001,27.997004207 83.2480139530001,27.9975495200001 83.246701079,28.00005127 83.245398579,28.006481207 83.2460272660001,28.008102395 83.2437316410001,28.008459832 83.241849141,28.0078109570001 83.241609328,28.009664269 83.2403178910001,28.010403958 83.2401899540001,28.013830457 83.2388481410001,28.015738582 83.2394194540001,28.0172444580001 83.2380586410001,28.0178686450001 83.2357082030001,28.0205946450001 83.2348664530001,28.023356145 83.235359579,28.0292634570001 83.2358502660001,28.030669582 83.2349506410001,28.0325711450001 83.2356698280001,28.034213145 83.2353508290001,28.0380560200001 83.2345817030001,28.0405538950001 83.232639266,28.0447915820001 83.2316833290001,28.0484097080001 83.228822516,28.051173395 83.2257324540001,28.05307377 83.2224344530001,28.0541088320001 83.2216389540001,28.058052708 83.2208743910001,28.05909977 83.2172100160001,28.0595143950001 83.216715578,28.0608359570001 83.213421204,28.064352645 83.213072578,28.065810395 83.2113698910001,28.06664227 83.207353266,28.066664207 83.2041687660001,28.0694390200001 83.202909391,28.0724550200001</coordinates></LinearRing></outerBoundaryIs></Polygon>
  </Placemark>
  <Placemark id="lumbini.59">
	<name>5</name>
	<description>ARGHAKHANCHI</description>
	<Style><LineStyle><color>ff0000ff</color></LineStyle><PolyStyle><fill>0</fill></PolyStyle></Style>
	<ExtendedData><SchemaData schemaUrl="#lumbini">
		<SimpleData name="STATE_CODE">0</SimpleData>
		<SimpleData name="DISTRICT">Gaunpalika</SimpleData>
		<SimpleData name="GaPa_NaPa">5</SimpleData>
	</SchemaData></ExtendedData>
      <Polygon><outerBoundaryIs><LinearRing><coordinates>83.0529909540001,28.1114411450001 83.0502356410001,28.110691145 83.0527253910001,28.108513083 83.0527684530001,28.106679145 83.047031266,28.1007598320001 83.0444581410001,28.10094952 83.04248239,28.1031309580001 83.042053266,28.105002832 83.040729829,28.1047815200001 83.0361198910001,28.10057527 83.0324195160001,28.09899477 83.0290366410001,28.099503332 83.0269107030001,28.1021234580001 83.0233480160001,28.105134895 83.0215273910001,28.1054445830001 83.0183841410001,28.1073127700001 83.014531579,28.1077724580001 83.0117112030001,28.111210832 83.0058899530001,28.111838833 83.004476578,28.1138162080001 83.0020886410001,28.1081178950001 83.0025511410001,28.10701127 83.003684579,28.1052032700001 83.00454139,28.0980823950001 83.003908203,28.0956997700001 83.0010575160001,28.0946525200001 82.9989717660001,28.09452452 82.9974694530001,28.091537707 82.9956431410001,28.091014457 82.9949664530001,28.0894347070001 82.9971265780001,28.088771395 82.9984060150001,28.085098708 82.9998320780001,28.083811832 82.9991043910001,28.0828296450001 82.9995870160001,28.0808500200001 82.999249578,28.07818302 82.9967088910001,28.0744192700001 82.996998954,28.0731760200001 83.000000141,28.072848207 83.0026085790001,28.0748638950001 83.006489016,28.0754988950001 83.0103313280001,28.07408502 83.0118151400001,28.0699668950001 83.0134920780001,28.067456583 83.0134932660001,28.0656968330001 83.0150099530001,28.06234377 83.0152076410001,28.0602221450001 83.0189478280001,28.06007077 83.0232305160001,28.0592190830001 83.025497703,28.0572722700001 83.027386703,28.056509582 83.0307466410001,28.0559918320001 83.033906265,28.056122395 83.0363079540001,28.0553631440001 83.0373238910001,28.0543798320001 83.03795489,28.0517084570001 83.039274016,28.050402395 83.0436315160001,28.050405644 83.0460487660001,28.0476789570001 83.050198203,28.0464555820001 83.0564927660001,28.0467854570001 83.0606115790001,28.0463263950001 83.06496064,28.044571395 83.067104203,28.0444573950001 83.0698992650001,28.041845645 83.0711170160001,28.038927582 83.0712307030001,28.033718832 83.0722131410001,28.032349207 83.0746538910001,28.03057877 83.0746037660001,28.0329858330001 83.075401641,28.034162082 83.077667766,28.034301457 83.0814578900001,28.0320548330001 83.084972328,28.0313134580001 83.0874327660001,28.0346689570001 83.089682516,28.035956395 83.0914825780001,28.0355012700001 83.0934385150001,28.0381448950001 83.0963368910001,28.038791207 83.098265891,28.0382803950001 83.0970881410001,28.0366798950001 83.0973752660001,28.0340465200001 83.099700016,28.0325658950001 83.102444516,28.0317423320001 83.1050300160001,28.03169602 83.107285141,28.032545457 83.1107184540001,28.032529395 83.114983329,28.0314130200001 83.1164594530001,28.0305110200001 83.119778829,28.025931895 83.1214365150001,28.02493402 83.122159266,28.0220754580001 83.1258293290001,28.022019895 83.1292840790001,28.02292627 83.130842891,28.022590957 83.133920828,28.0197968950001 83.1373128910001,28.0226723320001 83.1384683910001,28.02419802 83.1417394540001,28.024125957 83.143033953,28.026020207 83.1458835780001,28.026353832 83.1482436410001,28.0278778950001 83.1512882660001,28.0281606450001 83.1527615780001,28.029850708 83.153665328,28.032554707 83.155122953,28.033382707 83.1576137650001,28.0362295200001 83.1592005160001,28.035014145 83.1628216410001,28.0347609570001 83.16590439,28.035197145 83.1689025790001,28.036968395 83.172101141,28.0357828950001 83.174125141,28.03297702 83.1743295780001,28.0312612700001 83.175633453,28.0294641450001 83.1789350780001,28.0318393950001 83.1826356400001,28.033842458 83.1863624530001,28.037070645 83.191247516,28.038344957 83.1925356410001,28.0432214570001 83.1924313910001,28.0451860200001 83.1913932030001,28.047431644 83.1923893910001,28.0492762700001 83.1943957660001,28.051133645 83.196096766,28.049713207 83.1975865780001,28.0502160200001 83.2006687030001,28.0499610200001 83.199423203,28.0532072070001 83.198374953,28.0537312700001 83.1990538910001,28.057870958 83.200615079,28.0587148330001 83.197653766,28.0605995830001 83.196601828,28.060588895 83.1888145790001,28.0687467070001 83.1887109530001,28.0699260820001 83.1900670160001,28.0730747700001 83.1896011410001,28.074816083 83.187212828,28.076886707 83.1876503280001,28.078576895 83.1832675790001,28.082463207 83.1808600160001,28.084129707 83.1769772660001,28.080146832 83.173213703,28.0788313950001 83.171540641,28.0738643330001 83.1695292030001,28.0727760820001 83.1662999530001,28.0688509570001 83.1641903280001,28.068104895 83.1603373280001,28.065391957 83.158178266,28.0610897080001 83.1523424530001,28.0595917700001 83.150143954,28.0608032700001 83.1395552660001,28.0620414580001 83.137291454,28.063881832 83.1366078290001,28.0655538950001 83.1335254530001,28.066125583 83.129345641,28.067858895 83.127316453,28.069150145 83.1262726410001,28.0706393940001 83.127261891,28.073815645 83.1285497650001,28.0752317070001 83.128462954,28.0783424580001 83.1276407660001,28.083984458 83.1247893290001,28.084715332 83.122195515,28.083015645 83.1168292030001,28.0810296450001 83.112221016,28.081426333 83.104264141,28.0770495200001 83.102377641,28.0791737700001 83.098386578,28.081983645 83.098938579,28.0842434570001 83.0982951410001,28.0865337700001 83.0989653280001,28.0901367700001 83.1011022650001,28.092490458 83.100719015,28.0944372700001 83.0966820780001,28.0959697700001 83.0922836410001,28.097206457 83.0886583910001,28.096063332 83.0871995780001,28.096430458 83.0852010780001,28.0952258950001 83.0800592030001,28.0930007700001 83.0763940160001,28.090695145 83.073444141,28.0919342070001 83.069195828,28.0961831450001 83.068508266,28.09820452 83.068156829,28.1030957080001 83.0685627650001,28.1053365820001 83.072353891,28.1079501450001 83.070580453,28.1093301450001 83.0674107030001,28.1088258950001 83.064936328,28.109533207 83.0625617650001,28.1068367080001 83.0589618910001,28.106577395 83.0575818290001,28.1073305200001 83.0548194530001,28.1108446440001 83.0529909540001,28.1114411450001</coordinates></LinearRing></outerBoundaryIs></Polygon>
  </Placemark>
  <Placemark id="lumbini.60">
	<name>5</name>
	<description>ARGHAKHANCHI</description>
	<Style><LineStyle><color>ff0000ff</color></LineStyle><PolyStyle><fill>0</fill></PolyStyle></Style>
	<ExtendedData><SchemaData schemaUrl="#lumbini">
		<SimpleData name="STATE_CODE">0</SimpleData>
		<SimpleData name="DISTRICT">Gaunpalika</SimpleData>
		<SimpleData name="GaPa_NaPa">5</SimpleData>
	</SchemaData></ExtendedData>
      <Polygon><outerBoundaryIs><LinearRing><coordinates>83.2203273910001,27.946654333 83.2179314540001,27.9461985190001 83.216435704,27.94494002 83.212338516,27.946268145 83.2099653910001,27.9443841450001 83.207445766,27.944268145 83.2053849530001,27.947295395 83.203257453,27.947098145 83.194753016,27.947587895 83.1939689540001,27.94820602 83.191028266,27.9478615830001 83.1872607660001,27.949982832 83.1835670780001,27.9501234580001 83.1821607030001,27.9489012700001 83.177535516,27.950967457 83.175530516,27.9532140200001 83.1755607040001,27.9557163330001 83.1724838280001,27.956507894 83.171017641,27.955628145 83.1723417030001,27.9505257070001 83.171804078,27.9469350200001 83.1702263910001,27.945246895 83.170932953,27.9435567080001 83.169591703,27.94144127 83.1689335780001,27.939009582 83.166331079,27.937127957 83.168292578,27.9317653950001 83.169428516,27.930551645 83.167799766,27.927696645 83.165487328,27.9269538950001 83.164995891,27.925082833 83.1635210160001,27.923952458 83.165895891,27.922960582 83.1663207660001,27.92085802 83.167924579,27.9193199580001 83.170447891,27.9183717070001 83.1726478290001,27.9201042070001 83.1751462660001,27.921008208 83.1801602040001,27.920237145 83.181335516,27.9173064570001 83.1814447030001,27.9150373320001 83.180897578,27.9101560190001 83.1855544530001,27.90709027 83.186891578,27.906608582 83.1869528280001,27.9038856450001 83.1888340150001,27.9024256450001 83.1899215160001,27.897973644 83.188360641,27.8962113320001 83.1865398290001,27.8953454570001 83.1830945790001,27.892583707 83.181386516,27.8900375200001 83.1855593910001,27.8868763950001 83.1878004540001,27.8838617070001 83.188387516,27.8814554570001 83.1901509530001,27.880238395 83.1919029540001,27.8758083320001 83.1916936410001,27.874200645 83.1929308910001,27.869695332 83.1955316410001,27.8680950200001 83.1989486410001,27.8668243330001 83.201360891,27.8649385190001 83.2050588290001,27.863592582 83.2101473910001,27.863472895 83.2113621410001,27.860379707 83.2117533910001,27.8538047700001 83.2114637660001,27.8510708320001 83.2086765780001,27.844870332 83.206455266,27.8421883950001 83.2035968910001,27.837821832 83.2023783910001,27.8365760820001 83.2002780780001,27.835826082 83.198117579,27.8340221450001 83.197265579,27.832491895 83.1977645790001,27.826068832 83.1989152030001,27.8230520820001 83.2008893280001,27.8229822070001 83.2006612650001,27.8212007700001 83.2011883910001,27.818487207 83.203079953,27.8176339570001 83.204911328,27.815841769 83.2074192030001,27.81625102 83.2089952030001,27.8140195820001 83.211251265,27.8131840830001 83.2118687650001,27.814257082 83.2146293280001,27.816100395 83.216337953,27.8181701450001 83.2186554530001,27.818194582 83.2224594530001,27.8222006440001 83.2250695160001,27.824327269 83.2259971410001,27.8231253320001 83.2276878280001,27.824276458 83.2330145780001,27.82308777 83.237257829,27.824760645 83.2412978290001,27.82735502 83.2430938910001,27.82757252 83.2473248300001,27.8293781460001 83.2501531410001,27.83169952 83.251930142,27.831801645 83.254639829,27.830153395 83.260391892,27.8297014570001 83.2619616410001,27.8282477700001 83.2674488920001,27.8270428330001 83.2716622030001,27.8275050830001 83.276509203,27.8261383940001 83.2795780170001,27.827106584 83.2823092660001,27.8266380210001 83.284277016,27.8257366460001 83.2866327670001,27.825872958 83.288006329,27.8269269570001 83.2894044540001,27.826683707 83.2922718300001,27.828108645 83.294106142,27.830927145 83.292806392,27.833941769 83.294616078,27.835767332 83.295274454,27.838415082 83.2990335160001,27.8403318320001 83.299542016,27.842974333 83.3003788300001,27.844097645 83.3025098910001,27.844783082 83.3037017670001,27.846427208 83.306375578,27.848313395 83.311975455,27.851173144 83.3067788290001,27.853710332 83.305313766,27.85533652 83.3056979550001,27.858091207 83.309345954,27.8568910820001 83.3125958300001,27.85771277 83.314689704,27.8596275200001 83.3192165790001,27.859922957 83.323921329,27.8649980210001 83.325817892,27.86588277 83.3285935170001,27.8694635200001 83.3303501410001,27.871031207 83.3293689540001,27.8732082700001 83.331862017,27.8744230200001 83.3325050170001,27.8771223950001 83.3300300160001,27.8787936460001 83.3283734550001,27.877666457 83.325608517,27.877348333 83.3227365170001,27.8783292690001 83.322090141,27.879774646 83.322462579,27.881956082 83.3200697670001,27.882521958 83.3174626420001,27.885681457 83.3155199540001,27.8862899580001 83.3109156410001,27.889428207 83.3121818910001,27.892099208 83.3134336420001,27.8982832080001 83.313057767,27.901546207 83.311477079,27.9036502700001 83.308767704,27.9059313330001 83.303206516,27.9060342080001 83.3003145170001,27.9080456450001 83.2994774540001,27.9106317070001 83.308627017,27.9145790200001 83.3090742040001,27.9166164580001 83.3108177660001,27.918506958 83.3104068910001,27.9240125200001 83.3109642030001,27.9259557070001 83.3098887030001,27.927696708 83.3070569540001,27.9280615820001 83.304180891,27.926666207 83.3016682040001,27.92631277 83.2988117660001,27.926810457 83.2958575790001,27.9250896450001 83.2934167660001,27.9244295820001 83.289342579,27.92448302 83.2838210780001,27.925600644 83.2818357660001,27.927514957 83.2806031410001,27.9312787690001 83.281512391,27.9356043330001 83.2849657660001,27.9371836450001 83.285266828,27.94080652 83.2859657660001,27.9422180830001 83.287849141,27.943669583 83.2928547660001,27.943442707 83.2952179530001,27.945555395 83.294666266,27.949717707 83.293076204,27.9522117700001 83.2920758280001,27.9525766450001 83.290008141,27.950718082 83.2876642030001,27.950462332 83.285188641,27.9485383950001 83.2847405780001,27.947457582 83.281626578,27.945176082 83.279570891,27.945483457 83.2778050790001,27.942748582 83.276411953,27.943296332 83.274100328,27.940840645 83.271931829,27.9413548950001 83.2722307660001,27.9388317070001 83.2716419530001,27.9364640200001 83.269526328,27.9383390200001 83.2666694530001,27.9361600820001 83.2663536410001,27.9384891450001 83.2645351410001,27.9379198950001 83.263420453,27.9359058320001 83.2622192040001,27.936533395 83.262005516,27.9382154570001 83.258478391,27.9361184570001 83.2575397030001,27.9374603320001 83.257659329,27.9396067700001 83.2556253280001,27.940793957 83.2531593910001,27.9376262700001 83.251027579,27.936646707 83.246204204,27.938161458 83.247287703,27.939676832 83.244862766,27.940969895 83.242897203,27.940243895 83.2443915160001,27.9382237070001 83.2427655160001,27.935990083 83.2418517660001,27.9363167070001 83.240353391,27.9341424580001 83.2388605780001,27.9343620820001 83.237596141,27.9329855190001 83.2341847660001,27.9320934570001 83.2352861410001,27.9348792700001 83.2338127040001,27.9359473320001 83.232668829,27.9378294580001 83.2313948280001,27.935967707 83.2288599540001,27.9380631450001 83.2275728910001,27.9364878320001 83.2224247660001,27.937223707 83.221521765,27.9380850200001 83.222646829,27.9403589570001 83.2202765160001,27.942152832 83.2207117040001,27.945810395 83.2203273910001,27.946654333</coordinates></LinearRing></outerBoundaryIs></Polygon>
  </Placemark>
  <Placemark id="lumbini.61">
	<name>5</name>
	<description>ARGHAKHANCHI</description>
	<Style><LineStyle><color>ff0000ff</color></LineStyle><PolyStyle><fill>0</fill></PolyStyle></Style>
	<ExtendedData><SchemaData schemaUrl="#lumbini">
		<SimpleData name="STATE_CODE">0</SimpleData>
		<SimpleData name="DISTRICT">Nagarpalika</SimpleData>
		<SimpleData name="GaPa_NaPa">5</SimpleData>
	</SchemaData></ExtendedData>
      <Polygon><outerBoundaryIs><LinearRing><coordinates>83.175633453,28.0294641450001 83.1743295780001,28.0312612700001 83.174125141,28.03297702 83.172101141,28.0357828950001 83.1689025790001,28.036968395 83.16590439,28.035197145 83.1628216410001,28.0347609570001 83.1592005160001,28.035014145 83.1576137650001,28.0362295200001 83.155122953,28.033382707 83.153665328,28.032554707 83.1527615780001,28.029850708 83.1512882660001,28.0281606450001 83.1482436410001,28.0278778950001 83.1458835780001,28.026353832 83.143033953,28.026020207 83.1417394540001,28.024125957 83.1384683910001,28.02419802 83.1373128910001,28.0226723320001 83.133920828,28.0197968950001 83.130842891,28.022590957 83.1292840790001,28.02292627 83.1258293290001,28.022019895 83.122159266,28.0220754580001 83.1214365150001,28.02493402 83.119778829,28.025931895 83.1164594530001,28.0305110200001 83.114983329,28.0314130200001 83.1107184540001,28.032529395 83.107285141,28.032545457 83.1050300160001,28.03169602 83.102444516,28.0317423320001 83.099700016,28.0325658950001 83.0973752660001,28.0340465200001 83.0970881410001,28.0366798950001 83.098265891,28.0382803950001 83.0963368910001,28.038791207 83.0934385150001,28.0381448950001 83.0914825780001,28.0355012700001 83.089682516,28.035956395 83.0874327660001,28.0346689570001 83.084972328,28.0313134580001 83.0814578900001,28.0320548330001 83.077667766,28.034301457 83.075401641,28.034162082 83.0746037660001,28.0329858330001 83.0746538910001,28.03057877 83.074108391,28.029692895 83.071795578,28.0299728950001 83.0686318290001,28.0295205200001 83.066307828,28.0302831450001 83.063292641,28.0299287070001 83.0609411410001,28.0311512700001 83.0590037040001,28.0302897080001 83.0593610160001,28.0292204580001 83.0616108280001,28.0275955820001 83.063265454,28.025657519 83.0659545780001,28.0253306450001 83.0708722030001,28.0237237700001 83.07192739,28.021831144 83.071335828,28.0171771440001 83.0687986410001,28.0154881450001 83.067129891,28.0126137080001 83.0650388280001,28.0076427070001 83.062833266,28.0045028320001 83.0622575790001,28.001890707 83.0603642030001,28.0000006450001 83.058544516,27.9973552070001 83.059270891,27.9954153320001 83.0641093900001,27.995579208 83.068264829,27.9929180830001 83.0717446410001,27.99118177 83.072820703,27.991267957 83.075151578,27.993539895 83.077195391,27.992105145 83.0766913290001,27.986675582 83.0757917650001,27.9853451450001 83.0770405160001,27.98234827 83.0764825780001,27.9808622080001 83.0769024530001,27.978561395 83.0783360790001,27.9762335820001 83.07968714,27.9758952070001 83.0807363280001,27.97718602 83.0823758280001,27.977494769 83.0853520780001,27.9763571450001 83.088017704,27.974477333 83.091236828,27.9754981450001 83.0946362660001,27.9737990830001 83.0955573900001,27.971801645 83.0984675780001,27.970548208 83.0999796410001,27.9693284570001 83.0983707650001,27.9680454570001 83.096293578,27.9637810830001 83.099880016,27.9632675830001 83.1039127660001,27.9640113950001 83.1055172650001,27.961623457 83.110323829,27.957331708 83.11169664,27.95452927 83.11355489,27.95308377 83.118230328,27.950846395 83.1202807660001,27.9512091450001 83.1223111410001,27.950213583 83.1216519540001,27.9486932070001 83.119217641,27.9469155200001 83.1159277040001,27.941903645 83.116094703,27.9371169570001 83.1207402030001,27.93236577 83.1230833280001,27.931132958 83.1240515160001,27.92892577 83.1259068910001,27.9288608320001 83.1275542650001,27.9331017690001 83.1274808910001,27.9341730200001 83.1309080790001,27.9363516450001 83.1304638280001,27.929492145 83.1291227040001,27.926489583 83.125768141,27.9228177700001 83.1286823290001,27.9191157070001 83.1278917660001,27.917210895 83.1225734540001,27.9136145190001 83.118742641,27.911782832 83.1212304540001,27.910237395 83.124655578,27.905814395 83.1276847660001,27.903595394 83.1359265790001,27.900389332 83.1387393910001,27.8999015200001 83.1384808910001,27.8944148950001 83.1396530790001,27.8907490820001 83.1437090790001,27.890494582 83.1459593910001,27.891189895 83.1484843280001,27.8930511450001 83.149808266,27.8948147080001 83.1508262660001,27.8981241450001 83.153033829,27.89878077 83.156458329,27.901238457 83.1598333910001,27.904442707 83.1616873280001,27.903109269 83.1634478280001,27.902808583 83.1626278900001,27.898009082 83.1623410160001,27.89420327 83.164754579,27.8911900200001 83.1707842660001,27.8909601440001 83.175760391,27.891472832 83.1798808280001,27.8911792700001 83.181386516,27.8900375200001 83.1830945790001,27.892583707 83.1865398290001,27.8953454570001 83.188360641,27.8962113320001 83.1899215160001,27.897973644 83.1888340150001,27.9024256450001 83.1869528280001,27.9038856450001 83.186891578,27.906608582 83.1855544530001,27.90709027 83.180897578,27.9101560190001 83.1814447030001,27.9150373320001 83.181335516,27.9173064570001 83.1801602040001,27.920237145 83.1751462660001,27.921008208 83.1726478290001,27.9201042070001 83.170447891,27.9183717070001 83.167924579,27.9193199580001 83.1663207660001,27.92085802 83.165895891,27.922960582 83.1635210160001,27.923952458 83.164995891,27.925082833 83.165487328,27.9269538950001 83.167799766,27.927696645 83.169428516,27.930551645 83.168292578,27.9317653950001 83.166331079,27.937127957 83.1689335780001,27.939009582 83.169591703,27.94144127 83.170932953,27.9435567080001 83.1702263910001,27.945246895 83.171804078,27.9469350200001 83.1723417030001,27.9505257070001 83.171017641,27.955628145 83.1724838280001,27.956507894 83.1755607040001,27.9557163330001 83.175530516,27.9532140200001 83.177535516,27.950967457 83.1821607030001,27.9489012700001 83.1835670780001,27.9501234580001 83.1872607660001,27.949982832 83.191028266,27.9478615830001 83.1939689540001,27.94820602 83.194753016,27.947587895 83.203257453,27.947098145 83.2053849530001,27.947295395 83.207445766,27.944268145 83.2099653910001,27.9443841450001 83.212338516,27.946268145 83.216435704,27.94494002 83.2179314540001,27.9461985190001 83.2203273910001,27.946654333 83.2195974540001,27.947503082 83.2169960790001,27.948221582 83.214723953,27.9497542080001 83.212845078,27.952577332 83.213480265,27.9551756440001 83.211907141,27.95791702 83.2134662660001,27.9606063950001 83.212141203,27.9645202070001 83.2115977660001,27.9673960820001 83.213442329,27.970917333 83.212220953,27.9716526450001 83.211053328,27.9740285830001 83.2122014540001,27.976740395 83.2117505780001,27.9776200200001 83.205650641,27.9788123320001 83.204675453,27.9798242700001 83.200187579,27.9793063330001 83.1980207660001,27.9813379570001 83.1962098910001,27.9822275820001 83.1941230150001,27.98443102 83.191565891,27.985124457 83.186459079,27.9886930820001 83.1842113910001,27.992497332 83.182075329,27.993416457 83.1812696410001,27.997310457 83.1784631410001,27.9977855830001 83.1784812660001,28.001594208 83.1777482040001,28.0020455820001 83.1740783280001,28.001588144 83.1725309540001,28.0037718950001 83.1740100790001,28.0067905820001 83.1734520780001,28.0099865830001 83.1723715780001,28.0109434570001 83.172329953,28.01277752 83.1749097030001,28.0153380200001 83.1743540790001,28.018184332 83.1745706410001,28.0229124570001 83.1762124540001,28.028143207 83.175633453,28.0294641450001</coordinates></LinearRing></outerBoundaryIs></Polygon>
  </Placemark>
  <Placemark id="lumbini.62">
	<name>5</name>
	<description>ARGHAKHANCHI</description>
	<Style><LineStyle><color>ff0000ff</color></LineStyle><PolyStyle><fill>0</fill></PolyStyle></Style>
	<ExtendedData><SchemaData schemaUrl="#lumbini">
		<SimpleData name="STATE_CODE">0</SimpleData>
		<SimpleData name="DISTRICT">Nagarpalika</SimpleData>
		<SimpleData name="GaPa_NaPa">5</SimpleData>
	</SchemaData></ExtendedData>
      <Polygon><outerBoundaryIs><LinearRing><coordinates>83.0156875160001,27.922023145 83.0139490160001,27.9203141450001 83.0116726410001,27.920218832 83.0109247650001,27.922216957 83.0109305780001,27.9244393330001 83.0087069530001,27.9268691440001 83.0066210160001,27.931770332 83.005501016,27.9314915190001 83.004011641,27.929073395 83.0013620780001,27.9318338320001 82.9999998280001,27.9324128320001 82.996419765,27.930613395 82.9941111410001,27.9299670820001 82.9929582030001,27.928762894 82.99272289,27.9259160820001 82.9892342030001,27.9255701450001 82.9872212650001,27.929458583 82.9858577030001,27.9299719570001 82.9789920160001,27.926257207 82.9754152030001,27.928080707 82.9729672660001,27.9279180820001 82.9707055160001,27.9260940200001 82.9663527650001,27.9280942070001 82.9642725780001,27.928493707 82.962815516,27.9264454570001 82.9588794530001,27.927595707 82.9565062030001,27.92775827 82.9549544530001,27.9296619580001 82.9517184530001,27.929914895 82.9494337040001,27.930671332 82.9446937660001,27.930763708 82.9432697650001,27.927571582 82.9397143910001,27.92544602 82.9327862660001,27.9238538320001 82.9311374530001,27.92309877 82.9295352650001,27.9192892070001 82.927879078,27.917559333 82.928072516,27.914621083 82.9272776400001,27.91284152 82.9240689530001,27.9106663950001 82.9213748280001,27.907933395 82.9201306410001,27.9049342700001 82.9177152030001,27.9039857700001 82.9128947660001,27.904746458 82.9086192660001,27.9076435200001 82.9053809530001,27.9086217070001 82.9029410780001,27.9083406440001 82.9007763910001,27.9116805200001 82.8972756410001,27.9139493330001 82.895094703,27.9136385830001 82.8926403280001,27.912001208 82.89151014,27.9082603950001 82.8900492650001,27.906497895 82.888874828,27.9062921450001 82.8837633900001,27.9067765200001 82.8819262660001,27.905308645 82.8818567660001,27.903701708 82.8798092660001,27.90128227 82.8780087660001,27.9010555200001 82.876051766,27.902023269 82.8736388900001,27.9056607700001 82.8703950780001,27.9091019570001 82.868744516,27.9094403330001 82.8646071410001,27.907700708 82.8647622030001,27.906106832 82.863373015,27.9036091450001 82.8613263290001,27.9034591450001 82.8565761400001,27.9046380820001 82.853321328,27.9033273320001 82.8512748910001,27.9013812690001 82.849157765,27.901108644 82.84444189,27.9037788320001 82.8407612030001,27.90425327 82.8375730160001,27.906234394 82.8359558280001,27.9065320820001 82.8336014530001,27.90582177 82.8304515780001,27.906352333 82.826237453,27.90549752 82.8252084530001,27.9023347080001 82.8225694530001,27.9000177070001 82.82250564,27.89673227 82.8207530160001,27.8953320200001 82.8196276400001,27.8930820200001 82.8165678280001,27.8897618940001 82.8152290780001,27.8873069570001 82.814872203,27.8849236450001 82.8101613910001,27.8805873950001 82.8081132030001,27.8798116450001 82.8071592030001,27.8775743950001 82.807685328,27.875898082 82.805796828,27.8734767070001 82.807446891,27.871735707 82.8112197660001,27.8713847700001 82.811946391,27.8698275190001 82.81096489,27.867930707 82.8095616410001,27.8671943320001 82.807376391,27.8673085820001 82.804345266,27.868236708 82.7998720150001,27.86652152 82.795200203,27.8657250200001 82.7940232650001,27.8642798330001 82.795954641,27.8623293320001 82.7977624530001,27.861526145 82.801020453,27.860988207 82.8087452030001,27.859232207 82.8095798910001,27.8575969570001 82.8071468900001,27.8557167700001 82.8050994530001,27.8553517070001 82.7976400780001,27.85662927 82.795015391,27.8562386450001 82.792282329,27.85448877 82.791289641,27.852183332 82.791187828,27.850348207 82.7856892030001,27.846681145 82.7830742030001,27.84294677 82.7816330780001,27.842128582 82.7766353910001,27.8419219570001 82.772929203,27.841022707 82.7650865780001,27.83793402 82.7607417030001,27.8368933940001 82.7560377660001,27.833990332 82.754656578,27.8320646450001 82.7541635150001,27.829458894 82.7506848900001,27.827884269 82.7504222030001,27.8229026440001 82.7546936400001,27.821616895 82.7576560150001,27.819373957 82.759009953,27.8174954570001 82.7587751400001,27.813432332 82.761437265,27.8112272070001 82.7649545780001,27.8103314570001 82.769478328,27.8106380200001 82.7719283280001,27.809671645 82.7730548900001,27.807310457 82.775339516,27.8046211440001 82.781373516,27.8025875820001 82.784232203,27.7986803320001 82.7865356410001,27.7961420820001 82.789447641,27.794281519 82.79013389,27.7954923950001 82.7885402030001,27.801897082 82.7901883900001,27.8044564580001 82.7927363910001,27.805480457 82.7967528280001,27.805553832 82.8007394530001,27.8019945200001 82.7995014530001,27.796320832 82.8001703910001,27.7944946440001 82.802061015,27.793813895 82.806233515,27.794842707 82.809183015,27.794807269 82.813904203,27.793473895 82.8156963280001,27.7936516440001 82.817463015,27.7955100820001 82.819518578,27.7952298320001 82.823864266,27.7932995190001 82.8285840780001,27.7920445820001 82.832419266,27.7927810200001 82.8356493910001,27.790931207 82.839830453,27.79096402 82.8425748280001,27.790138707 82.8441073280001,27.790365895 82.8461337030001,27.793135394 82.8508005780001,27.792066457 82.856090953,27.7921103950001 82.8616282030001,27.7903196450001 82.864668141,27.7907822700001 82.866888891,27.792693457 82.8745161400001,27.792227832 82.879181203,27.79353152 82.88171214,27.7925051450001 82.885118016,27.79248977 82.8906272030001,27.791257144 82.8936462660001,27.7915475830001 82.8974314530001,27.793421145 82.9008585780001,27.79348227 82.904031016,27.7927810200001 82.905774078,27.790245332 82.9089595790001,27.788257957 82.9119918910001,27.788042707 82.913560203,27.787969332 82.916078203,27.7889592700001 82.919251891,27.7856110820001 82.921177454,27.7845905200001 82.923302704,27.7863331450001 82.9272189530001,27.7873923940001 82.9306024530001,27.7844698320001 82.9318442030001,27.784156769 82.9344155780001,27.785013645 82.93654064,27.7851112070001 82.939087391,27.7877299570001 82.940800391,27.787846894 82.943966704,27.7899017070001 82.946858078,27.790000519 82.9514798910001,27.79170077 82.9549327650001,27.7901972070001 82.9576904530001,27.79220352 82.960002391,27.7927759570001 82.962630141,27.7954309570001 82.9651161410001,27.7950118950001 82.970027203,27.792842019 82.9752718280001,27.7941986450001 82.9830505780001,27.7929678950001 82.9850646400001,27.7943453950001 82.9932455780001,27.7920813320001 82.9990271410001,27.7929445820001 83.000906141,27.79480377 83.0061267030001,27.7984378950001 83.008059265,27.8027250820001 83.010675828,27.805469395 83.0126654530001,27.811020458 83.0138042030001,27.812605707 83.018445141,27.8168127700001 83.0197295780001,27.817446895 83.02055814,27.819824082 83.022039078,27.8187470830001 83.021688516,27.816768145 83.018388454,27.8112304570001 83.018371765,27.8094907070001 83.0212848290001,27.8091120820001 83.0228364530001,27.807884394 83.0222198910001,27.805569645 83.022434328,27.8028839570001 83.0239745150001,27.7986937690001 83.0254423900001,27.7974067690001 83.0283580780001,27.796948957 83.032875516,27.7956111450001 83.0353458290001,27.792311769 83.034660516,27.787783145 83.034942641,27.7835930200001 83.038464516,27.779930832 83.0487885160001,27.773224457 83.050415828,27.7695330820001 83.0518821410001,27.768385707 83.0511612660001,27.7668262070001 83.052005453,27.764539707 83.0512312660001,27.763476144 83.053106454,27.7623337700001 83.053740266,27.7577488950001 83.054583828,27.756515957 83.0568275160001,27.7604165820001 83.057996766,27.761121707 83.0595394540001,27.763537394 83.061072515,27.764344269 83.0637229530001,27.7631935200001 83.0621970780001,27.7599567070001 83.065396203,27.7582794570001 83.068729766,27.7584214570001 83.0685274530001,27.759873144 83.069541578,27.76287402 83.0687153910001,27.7643170200001 83.0716019530001,27.7652592700001 83.0747856400001,27.7643262070001 83.0768237660001,27.764662457 83.079415828,27.767378207 83.0849037660001,27.7695423320001 83.0871825780001,27.773882707 83.0891518290001,27.774446207 83.0894008280001,27.772803019 83.091137078,27.7709913950001 83.09207839,27.771234457 83.0918570790001,27.7737555190001 83.0925595150001,27.7752018950001 83.0916709530001,27.7765295200001 83.0925742040001,27.7776320190001 83.0915258910001,27.7804522700001 83.091722266,27.7824255200001 83.0953965150001,27.7828038320001 83.0972695790001,27.778599145 83.0981524530001,27.7751708320001 83.1005851400001,27.772686707 83.101985266,27.76907677 83.105675079,27.7683132070001 83.1086959530001,27.7688562070001 83.1104533910001,27.770277707 83.1128956410001,27.769372832 83.116370891,27.7660422070001 83.118183329,27.7664328320001 83.1215288280001,27.765172582 83.1234422030001,27.761667145 83.124977266,27.764738645 83.127396828,27.765622582 83.1288928280001,27.7678860820001 83.13009814,27.7684735820001 83.133711953,27.7668717070001 83.136853204,27.7645899570001 83.1387617660001,27.764656019 83.1396492040001,27.763736457 83.1437644530001,27.7611898320001 83.149518329,27.7598693320001 83.154179641,27.759230019 83.1576488910001,27.75819977 83.162028703,27.759070207 83.1655622650001,27.7580401450001 83.171418078,27.757698582 83.1760195780001,27.756886707 83.1773695780001,27.7570120820001 83.1801862040001,27.7584209570001 83.1817780150001,27.756923144 83.1839227030001,27.756342395 83.1874962040001,27.753951457 83.1899908280001,27.754622645 83.193160828,27.756441769 83.1965278910001,27.757402207 83.199622391,27.75887327 83.2043807650001,27.760058207 83.212468829,27.7587281450001 83.2143279540001,27.75914027 83.2167325790001,27.7593186440001 83.2216093280001,27.76168152 83.2238335160001,27.7614165200001 83.225431454,27.762641645 83.2286633910001,27.762499457 83.2319612030001,27.7580796450001 83.2348238910001,27.7566288950001 83.2378238910001,27.7520853950001 83.2395218290001,27.7501858950001 83.2423657040001,27.7506347070001 83.2437777040001,27.752436269 83.246418266,27.75212802 83.248076579,27.751044957 83.250785766,27.7547328950001 83.2508907040001,27.7564055190001 83.249429579,27.7585929570001 83.253410391,27.760622644 83.2553130790001,27.762726894 83.256696203,27.7659923950001 83.2578316410001,27.7669303320001 83.2577587660001,27.7702806460001 83.259782391,27.7717964570001 83.2601058910001,27.7731023960001 83.2590163290001,27.775206145 83.2598605160001,27.780964333 83.260559017,27.782057895 83.260437891,27.7848257700001 83.2577029540001,27.788594958 83.254857391,27.78986802 83.251965017,27.7903239570001 83.249086704,27.7897420190001 83.2472456420001,27.7901538950001 83.247320517,27.7952648950001 83.2479999540001,27.7978362700001 83.2504111410001,27.800647208 83.2512626420001,27.8043725200001 83.2492332040001,27.80520527 83.2496236410001,27.808391145 83.247878267,27.8089208960001 83.2481748920001,27.8102469580001 83.247040391,27.8113238330001 83.2454782040001,27.8112250820001 83.244912641,27.813974645 83.243230704,27.8145250200001 83.2427335790001,27.8158986450001 83.2410857040001,27.816927521 83.2358302050001,27.822042895 83.2330145780001,27.82308777 83.2276878280001,27.824276458 83.2259971410001,27.8231253320001 83.2250695160001,27.824327269 83.2224594530001,27.8222006440001 83.2186554530001,27.818194582 83.216337953,27.8181701450001 83.2146293280001,27.816100395 83.2118687650001,27.814257082 83.211251265,27.8131840830001 83.2089952030001,27.8140195820001 83.2074192030001,27.81625102 83.204911328,27.815841769 83.203079953,27.8176339570001 83.2011883910001,27.818487207 83.2006612650001,27.8212007700001 83.2008893280001,27.8229822070001 83.1989152030001,27.8230520820001 83.1977645790001,27.826068832 83.197265579,27.832491895 83.198117579,27.8340221450001 83.2002780780001,27.835826082 83.2023783910001,27.8365760820001 83.2035968910001,27.837821832 83.206455266,27.8421883950001 83.2086765780001,27.844870332 83.2114637660001,27.8510708320001 83.2117533910001,27.8538047700001 83.2113621410001,27.860379707 83.2101473910001,27.863472895 83.2050588290001,27.863592582 83.201360891,27.8649385190001 83.1989486410001,27.8668243330001 83.1955316410001,27.8680950200001 83.1929308910001,27.869695332 83.1916936410001,27.874200645 83.1919029540001,27.8758083320001 83.1901509530001,27.880238395 83.188387516,27.8814554570001 83.1878004540001,27.8838617070001 83.1855593910001,27.8868763950001 83.181386516,27.8900375200001 83.1798808280001,27.8911792700001 83.175760391,27.891472832 83.1707842660001,27.8909601440001 83.164754579,27.8911900200001 83.1623410160001,27.89420327 83.1626278900001,27.898009082 83.1634478280001,27.902808583 83.1616873280001,27.903109269 83.1598333910001,27.904442707 83.156458329,27.901238457 83.153033829,27.89878077 83.1508262660001,27.8981241450001 83.149808266,27.8948147080001 83.1484843280001,27.8930511450001 83.1459593910001,27.891189895 83.1437090790001,27.890494582 83.1396530790001,27.8907490820001 83.1384808910001,27.8944148950001 83.1387393910001,27.8999015200001 83.1359265790001,27.900389332 83.1276847660001,27.903595394 83.124655578,27.905814395 83.1212304540001,27.910237395 83.118742641,27.911782832 83.114922704,27.9128458330001 83.1101637040001,27.91182702 83.1066153290001,27.913487145 83.101960578,27.912730395 83.100008954,27.913150833 83.0980926410001,27.9146229580001 83.094454016,27.9140055830001 83.090374953,27.9106733950001 83.0876275160001,27.907288957 83.0860453290001,27.9061368330001 83.0798286410001,27.9091774570001 83.0790207650001,27.9080755200001 83.0759242660001,27.9078540200001 83.0750488910001,27.9083399570001 83.071290516,27.9084884580001 83.0702645160001,27.9107738330001 83.0675136410001,27.9125602070001 83.0626793900001,27.914440707 83.0603625780001,27.9147678320001 83.0570412660001,27.913723083 83.0533459530001,27.9137745190001 83.0512700790001,27.9126253320001 83.0469617030001,27.9116682690001 83.0410972660001,27.9098993330001 83.0382895160001,27.906725583 83.0348293900001,27.906640458 83.0345238290001,27.910013583 83.0335677030001,27.91285427 83.032027203,27.91531852 83.031691203,27.917924269 83.0307795160001,27.9190053940001 83.028612578,27.9193105200001 83.0278318910001,27.920579769 83.0262174530001,27.920345083 83.024342329,27.921739582 83.020891453,27.9225160830001 83.0188228280001,27.92201627 83.0156875160001,27.922023145</coordinates></LinearRing></outerBoundaryIs></Polygon>
  </Placemark>
  <Placemark id="lumbini.63">
	<name>5</name>
	<description>PYUTHAN</description>
	<Style><LineStyle><color>ff0000ff</color></LineStyle><PolyStyle><fill>0</fill></PolyStyle></Style>
	<ExtendedData><SchemaData schemaUrl="#lumbini">
		<SimpleData name="STATE_CODE">0</SimpleData>
		<SimpleData name="DISTRICT">Gaunpalika</SimpleData>
		<SimpleData name="GaPa_NaPa">5</SimpleData>
	</SchemaData></ExtendedData>
      <Polygon><outerBoundaryIs><LinearRing><coordinates>82.962810953,28.0408621450001 82.960507578,28.0427241450001 82.957970328,28.041764083 82.9555008280001,28.043304332 82.9525486410001,28.0436044570001 82.951572641,28.0445648950001 82.9491308280001,28.044480833 82.948075578,28.0461670820001 82.9433678280001,28.046476145 82.940107454,28.048210833 82.937224454,28.0490842070001 82.9340570150001,28.0492717700001 82.9312875150001,28.0460600820001 82.926922516,28.044020333 82.9253612030001,28.0418332080001 82.921749328,28.039943583 82.921009703,28.03843977 82.922047203,28.03694527 82.9181989530001,28.037670833 82.9180567650001,28.0386623950001 82.9159899540001,28.039970457 82.9156626400001,28.04215177 82.914235391,28.043480645 82.9122162030001,28.042596083 82.9077012660001,28.0434311450001 82.9034691400001,28.0450872070001 82.9013724530001,28.0455217700001 82.898842766,28.0488855830001 82.896088266,28.050472083 82.893807515,28.0524774570001 82.893387578,28.053933832 82.8893292660001,28.0560646440001 82.8880876410001,28.056264395 82.8862600780001,28.0551102700001 82.8855665780001,28.0537374570001 82.8795923910001,28.0468167070001 82.876774454,28.0447902700001 82.8742698280001,28.0412525200001 82.8722072030001,28.0421673330001 82.8708756410001,28.043627395 82.8685551410001,28.04875902 82.86673389,28.050435957 82.860454765,28.0527958320001 82.859234578,28.0525014570001 82.8592903910001,28.049352395 82.861090953,28.047810645 82.8622578900001,28.0447294570001 82.8547353910001,28.0442382700001 82.8509407650001,28.0427062690001 82.849594515,28.042620582 82.8475760160001,28.043724894 82.844339265,28.0447242700001 82.8411754530001,28.0444268320001 82.8366291400001,28.042421082 82.8337435780001,28.0400593320001 82.832553578,28.036786895 82.8310262030001,28.0339741450001 82.830332641,28.031154895 82.828779265,28.027904145 82.8286764530001,28.0263037080001 82.8271792030001,28.0222886450001 82.824122516,28.0224092070001 82.823068703,28.01985977 82.8204217030001,28.0183164580001 82.8190364530001,28.0167433330001 82.816803141,28.0158284570001 82.810731515,28.0155910820001 82.8080935150001,28.014620645 82.8087518280001,28.0120567070001 82.8104777660001,28.0093891450001 82.810726828,28.00650577 82.8114193280001,28.0052212690001 82.8134350780001,28.005929082 82.8222177660001,28.0038138950001 82.825552078,28.0039213950001 82.828895328,28.0048478320001 82.8304705780001,28.006190082 82.833208766,28.0102518320001 82.8397269530001,28.009988833 82.844031016,28.0106027080001 82.8501877030001,28.0105324580001 82.852939828,28.0099756450001 82.8556372030001,28.010295958 82.8588256410001,28.0085897700001 82.861539953,28.00851077 82.858330703,28.004414083 82.856958078,28.000131894 82.854250703,27.9982886450001 82.858712703,27.9921643330001 82.86208314,27.988893832 82.863771516,27.9863786450001 82.866245953,27.98535902 82.8694817030001,27.98329427 82.8673619530001,27.982026895 82.866420953,27.978772582 82.8651918910001,27.976790582 82.8637622030001,27.9758718950001 82.8653438280001,27.9736287700001 82.8649199530001,27.9710645820001 82.862253766,27.969677582 82.86208064,27.968739833 82.8659165780001,27.9693512700001 82.8739027030001,27.965071645 82.87742289,27.967275332 82.8794517040001,27.966696207 82.8797855780001,27.9642713320001 82.8790793900001,27.9630089570001 82.8816035150001,27.9617322080001 82.88371089,27.962144145 82.8891555160001,27.9614887700001 82.892357953,27.9598066450001 82.8954782660001,27.9602513950001 82.8971762030001,27.959547582 82.8996738910001,27.9598089570001 82.9020596410001,27.9593339570001 82.902750203,27.958139207 82.9011173910001,27.9550532700001 82.9062646410001,27.950114957 82.9096920160001,27.9491223950001 82.9137763910001,27.949626208 82.9173319540001,27.950450645 82.9185719530001,27.949395458 82.9179342030001,27.946841019 82.920313078,27.945041207 82.923031015,27.94395702 82.925084703,27.941624394 82.930227141,27.941957707 82.9325307030001,27.942783332 82.934064391,27.9419672080001 82.9335513280001,27.939325769 82.933716453,27.937201708 82.9358506410001,27.935826208 82.940608141,27.9346445200001 82.942475266,27.9336752080001 82.9446937660001,27.930763708 82.9494337040001,27.930671332 82.9517184530001,27.929914895 82.9549544530001,27.9296619580001 82.9565062030001,27.92775827 82.9588794530001,27.927595707 82.962815516,27.9264454570001 82.9642725780001,27.928493707 82.9663527650001,27.9280942070001 82.9707055160001,27.9260940200001 82.9729672660001,27.9279180820001 82.9754152030001,27.928080707 82.9789920160001,27.926257207 82.9858577030001,27.9299719570001 82.9872212650001,27.929458583 82.9892342030001,27.9255701450001 82.99272289,27.9259160820001 82.9929582030001,27.928762894 82.9941111410001,27.9299670820001 82.996419765,27.930613395 82.9999998280001,27.9324128320001 83.0013620780001,27.9318338320001 83.004011641,27.929073395 83.005501016,27.9314915190001 83.0066210160001,27.931770332 83.0087069530001,27.9268691440001 83.0109305780001,27.9244393330001 83.0109247650001,27.922216957 83.0116726410001,27.920218832 83.0139490160001,27.9203141450001 83.0156875160001,27.922023145 83.016648703,27.9233544570001 83.017867391,27.92813277 83.015121078,27.9317163320001 83.0150467660001,27.9326363320001 83.0178388290001,27.9361737080001 83.017509266,27.937288145 83.0147893290001,27.9412734580001 83.014881953,27.941808833 83.019605078,27.9469776450001 83.017277891,27.948010207 83.0164813280001,27.9495883330001 83.019346704,27.9520906450001 83.018062828,27.954170708 83.0185680160001,27.956789207 83.012359641,27.9634863320001 83.0113839530001,27.96619352 83.009259516,27.968030582 83.0054253280001,27.968828645 83.0039540160001,27.9696844580001 83.001169829,27.9755280200001 83.0017479530001,27.977131833 83.0000000160001,27.978468333 82.996173953,27.975945145 82.9927386410001,27.9760012690001 82.9901405160001,27.9775457690001 82.9887175150001,27.980585644 82.986625141,27.9815381450001 82.9838863910001,27.981321645 82.9825568910001,27.9829745820001 82.9797432030001,27.9840299570001 82.9777426410001,27.9841301450001 82.97701914,27.986290707 82.9784721410001,27.98867727 82.9767458910001,27.991274833 82.9708713910001,27.9933517700001 82.9695091400001,27.9928339580001 82.9689748910001,27.99020827 82.9676617650001,27.988075333 82.966213828,27.9878523950001 82.965744203,27.989719145 82.9617846400001,27.992051582 82.9590022030001,27.99192902 82.9552789530001,27.99279877 82.954336078,27.993944458 82.9562223290001,27.9960615200001 82.956285515,27.997483394 82.962153141,27.9988250820001 82.9653442040001,28.000394645 82.9675900780001,28.00362877 82.9702644530001,28.002685457 82.970281829,28.006002145 82.9737518910001,28.0055700820001 82.9755575780001,28.006535645 82.9738951410001,28.01237802 82.973948078,28.0143028950001 82.976522328,28.0145995820001 82.9762375780001,28.0175192070001 82.9782638280001,28.01964602 82.9774808910001,28.0215172700001 82.9786037040001,28.023037333 82.977362015,28.027269645 82.976427266,28.028911957 82.9764628900001,28.0315000190001 82.9744762660001,28.0328817700001 82.9744828280001,28.034100145 82.9723396410001,28.0382422700001 82.967140391,28.0404593330001 82.965295079,28.040201832 82.962810953,28.0408621450001</coordinates></LinearRing></outerBoundaryIs></Polygon>
  </Placemark>
  <Placemark id="lumbini.64">
	<name>5</name>
	<description>PYUTHAN</description>
	<Style><LineStyle><color>ff0000ff</color></LineStyle><PolyStyle><fill>0</fill></PolyStyle></Style>
	<ExtendedData><SchemaData schemaUrl="#lumbini">
		<SimpleData name="STATE_CODE">0</SimpleData>
		<SimpleData name="DISTRICT">Gaunpalika</SimpleData>
		<SimpleData name="GaPa_NaPa">5</SimpleData>
	</SchemaData></ExtendedData>
      <Polygon><outerBoundaryIs><LinearRing><coordinates>83.0991904530001,28.272669895 83.0993756410001,28.275723645 83.0979634540001,28.2777989580001 83.0951727660001,28.2773812080001 83.0917208280001,28.2809996450001 83.089309266,28.2856605200001 83.0867783910001,28.289271458 83.0829835160001,28.291077957 83.0810975780001,28.2911893950001 83.080454516,28.2931997700001 83.0780536410001,28.2973100200001 83.076970391,28.298295395 83.072300828,28.30085602 83.070739578,28.30329777 83.071080828,28.309134333 83.0708025160001,28.3111967080001 83.0688715790001,28.3131802710001 83.066396953,28.314465145 83.063169766,28.3176083330001 83.06061464,28.3174057700001 83.053229204,28.3188460210001 83.0518646400001,28.319621646 83.049938829,28.322162145 83.046723516,28.32446127 83.0454582660001,28.324490832 83.042023079,28.3221113330001 83.0357651410001,28.321555145 83.031417703,28.3235232700001 83.0260160160001,28.3250030830001 83.020198828,28.3256292080001 83.017914703,28.3284195200001 83.0175904530001,28.330237708 83.015598766,28.3323395830001 83.0122493910001,28.3335540200001 83.008619766,28.332437957 83.005322203,28.3329982700001 83.0027338290001,28.330669082 82.999468328,28.322069958 82.9976302030001,28.31929502 82.998235203,28.316562832 82.9976696410001,28.312134583 82.9958343280001,28.3104448330001 82.995238579,28.308969458 82.9925212030001,28.3074536450001 82.991939953,28.3051595200001 82.9903643900001,28.302102082 82.991226016,28.30065102 82.990033516,28.2989750200001 82.9852787660001,28.295120207 82.9843915160001,28.2931598960001 82.9849772030001,28.2915737070001 82.9852492030001,28.2869845820001 82.984786829,28.28460327 82.983686703,28.282963958 82.983016078,28.2803170830001 82.984050703,28.2790545820001 82.984356016,28.276857208 82.987034641,28.2734140200001 82.9881862030001,28.2683305210001 82.9853733910001,28.2656452700001 82.982353641,28.2635336450001 82.9817744530001,28.262604395 82.978344141,28.262411833 82.9743692660001,28.2589482700001 82.9729078280001,28.2563315830001 82.9700719530001,28.2528403330001 82.9674381400001,28.2507742070001 82.9670531410001,28.2485897080001 82.9679136410001,28.2479644580001 82.9708758900001,28.247957458 82.9734983910001,28.2467498950001 82.9746467030001,28.243171332 82.975328141,28.23764902 82.971016078,28.236869895 82.96741839,28.2342053950001 82.96650564,28.2308482080001 82.962055015,28.226390333 82.9619458280001,28.2199325820001 82.9610963900001,28.2170338330001 82.9584442660001,28.2141055820001 82.953370266,28.2103803950001 82.950433203,28.2104865200001 82.9474147660001,28.209865458 82.945827266,28.210069832 82.9427881400001,28.209353708 82.9406948290001,28.2080673950001 82.9408493280001,28.2070555820001 82.943148953,28.2055933950001 82.9447574530001,28.2053485820001 82.950020828,28.2025193330001 82.9497457040001,28.1976711450001 82.953148453,28.196068333 82.9580891400001,28.195751833 82.9611550160001,28.19656702 82.967226328,28.19404102 82.971629578,28.193891395 82.9753713280001,28.193068958 82.976793328,28.1922560830001 82.979048828,28.1921713950001 82.9821480780001,28.190985207 82.980236453,28.186876145 82.9815921410001,28.185300145 82.9810616410001,28.18390427 82.9818040790001,28.18022777 82.980446579,28.1766372700001 82.9826969540001,28.176417083 82.98899464,28.17665327 82.995831578,28.1759951450001 82.9983961410001,28.177739832 82.999531204,28.1778767700001 83.0000000150001,28.1757188330001 83.003526078,28.1761055200001 83.0085303280001,28.1737210200001 83.0128647660001,28.173032645 83.0199685790001,28.1705026450001 83.023419829,28.171465832 83.0251332030001,28.173418333 83.0254924540001,28.1757807700001 83.027067641,28.176971958 83.0287567660001,28.179571708 83.03171939,28.18172702 83.0372133280001,28.1836518320001 83.038105516,28.1856097080001 83.0392408280001,28.191388832 83.038406953,28.194110645 83.037063328,28.196558082 83.037613891,28.20129977 83.0363365790001,28.2035786450001 83.036066141,28.2059049580001 83.0332373900001,28.2113560830001 83.0317212030001,28.21630652 83.030322266,28.2179910200001 83.0294287660001,28.2202159570001 83.028652703,28.2243752700001 83.0290292030001,28.227531958 83.0303121410001,28.23157952 83.0290815160001,28.2359995200001 83.0264477650001,28.2358747700001 83.0269876410001,28.2382113950001 83.0309155160001,28.24043677 83.0330469530001,28.2411489580001 83.0387646410001,28.2401243950001 83.0410307660001,28.2404562080001 83.044806829,28.242989145 83.0482186410001,28.2429182070001 83.0529530150001,28.2435015820001 83.0569787030001,28.24276002 83.061255578,28.2424217080001 83.0651535160001,28.2416023330001 83.0727069530001,28.238991583 83.078175016,28.2338033950001 83.0798095160001,28.2335910200001 83.0811310160001,28.23556727 83.0823877660001,28.238973457 83.0845757660001,28.2430965200001 83.0870789530001,28.2461387070001 83.090487641,28.2476392070001 83.0912373900001,28.2502703330001 83.0930285160001,28.2532174580001 83.0942190160001,28.2542789570001 83.0955347660001,28.256846083 83.0968625780001,28.2604060200001 83.0975135780001,28.2646969580001 83.0974320780001,28.268804833 83.0991904530001,28.272669895</coordinates></LinearRing></outerBoundaryIs></Polygon>
  </Placemark>
  <Placemark id="lumbini.65">
	<name>5</name>
	<description>PYUTHAN</description>
	<Style><LineStyle><color>ff0000ff</color></LineStyle><PolyStyle><fill>0</fill></PolyStyle></Style>
	<ExtendedData><SchemaData schemaUrl="#lumbini">
		<SimpleData name="STATE_CODE">0</SimpleData>
		<SimpleData name="DISTRICT">Gaunpalika</SimpleData>
		<SimpleData name="GaPa_NaPa">5</SimpleData>
	</SchemaData></ExtendedData>
      <Polygon><outerBoundaryIs><LinearRing><coordinates>83.0372133280001,28.1836518320001 83.03171939,28.18172702 83.0287567660001,28.179571708 83.027067641,28.176971958 83.0254924540001,28.1757807700001 83.0251332030001,28.173418333 83.023419829,28.171465832 83.0199685790001,28.1705026450001 83.0128647660001,28.173032645 83.0085303280001,28.1737210200001 83.003526078,28.1761055200001 83.0000000150001,28.1757188330001 82.999531204,28.1778767700001 82.9983961410001,28.177739832 82.995831578,28.1759951450001 82.98899464,28.17665327 82.9826969540001,28.176417083 82.980446579,28.1766372700001 82.9818040790001,28.18022777 82.9810616410001,28.18390427 82.9815921410001,28.185300145 82.980236453,28.186876145 82.9821480780001,28.190985207 82.979048828,28.1921713950001 82.976793328,28.1922560830001 82.9753713280001,28.193068958 82.971629578,28.193891395 82.967226328,28.19404102 82.9611550160001,28.19656702 82.9580891400001,28.195751833 82.953148453,28.196068333 82.9497457040001,28.1976711450001 82.945919453,28.194905083 82.9446108280001,28.1948025200001 82.94083039,28.1918674570001 82.9367058280001,28.189274832 82.937429454,28.1861467700001 82.934870141,28.1834645820001 82.934757453,28.1809302070001 82.9358165790001,28.17984877 82.9333120780001,28.1786538330001 82.9288750160001,28.177599457 82.926937954,28.175052957 82.926821203,28.173165957 82.925672078,28.1715957700001 82.9254914530001,28.169669895 82.924125766,28.1684047700001 82.9192068900001,28.168853332 82.918315078,28.1673437700001 82.917922891,28.1646694570001 82.9179690160001,28.160338145 82.9198082650001,28.1577130200001 82.9185208900001,28.1538697070001 82.9175568910001,28.1497425200001 82.9167924530001,28.1482677700001 82.9130633280001,28.147728333 82.909681828,28.1464290820001 82.908394141,28.14279327 82.9130935790001,28.142404207 82.9158515780001,28.1401496450001 82.9158753280001,28.1359896450001 82.9151785160001,28.1340370830001 82.9156123280001,28.12944027 82.9147939530001,28.1262663320001 82.9162447040001,28.1229951450001 82.9190825160001,28.123225145 82.925232828,28.1244713950001 82.928199078,28.125927333 82.9281509530001,28.1240521450001 82.9311390780001,28.1211267080001 82.9324768910001,28.1187682070001 82.9326752650001,28.116206833 82.93377789,28.1140405200001 82.9371980160001,28.11487477 82.939030078,28.115890645 82.9401387030001,28.117981645 82.939187141,28.120223583 82.9412511400001,28.1205712080001 82.9443727030001,28.1184271450001 82.944032516,28.1156788320001 82.9443490780001,28.111552583 82.9435387030001,28.1091729570001 82.9455929530001,28.108049395 82.9475959530001,28.1057229580001 82.950808141,28.1043419580001 82.9522559530001,28.1024782700001 82.9565533910001,28.1028831450001 82.960740828,28.103713708 82.964173391,28.1043645820001 82.968105015,28.102758582 82.9698962030001,28.101470207 82.9716318280001,28.101498957 82.9726719540001,28.1032305200001 82.973506516,28.106203583 82.9748767660001,28.1060626450001 82.977455078,28.1069663330001 82.9815099530001,28.110148333 82.9825370780001,28.1098738950001 82.9807678910001,28.105571895 82.984634703,28.103734708 82.9882393280001,28.106881582 82.9911445160001,28.108276958 82.9936532660001,28.108299958 82.9965452660001,28.105209895 83.0000000160001,28.1040845200001 83.0025511410001,28.10701127 83.0020886410001,28.1081178950001 83.004476578,28.1138162080001 83.0058899530001,28.111838833 83.0117112030001,28.111210832 83.014531579,28.1077724580001 83.0183841410001,28.1073127700001 83.0215273910001,28.1054445830001 83.0233480160001,28.105134895 83.0269107030001,28.1021234580001 83.0290366410001,28.099503332 83.0324195160001,28.09899477 83.0361198910001,28.10057527 83.040729829,28.1047815200001 83.042053266,28.105002832 83.04248239,28.1031309580001 83.0444581410001,28.10094952 83.047031266,28.1007598320001 83.0527684530001,28.106679145 83.0527253910001,28.108513083 83.0502356410001,28.110691145 83.0529909540001,28.1114411450001 83.0550480780001,28.1134655820001 83.0559512040001,28.1153105820001 83.0549380150001,28.1198136450001 83.0555232660001,28.1212728950001 83.0576791400001,28.1223233330001 83.061079266,28.1265160200001 83.0604958280001,28.129503707 83.0589205160001,28.1314196450001 83.054967891,28.134501395 83.0535357040001,28.1393038950001 83.051481703,28.1402327700001 83.052945203,28.14240877 83.054640953,28.142352832 83.057625016,28.140979083 83.0588275790001,28.1446039570001 83.0574825780001,28.14453602 83.055237703,28.1476633950001 83.0553210780001,28.149841145 83.0528262650001,28.15039927 83.050652954,28.152450833 83.0462566410001,28.153746832 83.0440137030001,28.1549811450001 83.040463453,28.15594227 83.0388777650001,28.1575510820001 83.038819828,28.1599444570001 83.040098141,28.1620425830001 83.0415192040001,28.1628444570001 83.043589953,28.165888895 83.0438014530001,28.16869927 83.040944203,28.1676910830001 83.0367422030001,28.168135395 83.0348369530001,28.1695072700001 83.033004953,28.171644395 83.0314353900001,28.174744457 83.0351293910001,28.1754362070001 83.0358482030001,28.177507833 83.035649828,28.18075077 83.0372133280001,28.1836518320001</coordinates></LinearRing></outerBoundaryIs></Polygon>
  </Placemark>
  <Placemark id="lumbini.66">
	<name>5</name>
	<description>PYUTHAN</description>
	<Style><LineStyle><color>ff0000ff</color></LineStyle><PolyStyle><fill>0</fill></PolyStyle></Style>
	<ExtendedData><SchemaData schemaUrl="#lumbini">
		<SimpleData name="STATE_CODE">0</SimpleData>
		<SimpleData name="DISTRICT">Gaunpalika</SimpleData>
		<SimpleData name="GaPa_NaPa">5</SimpleData>
	</SchemaData></ExtendedData>
      <Polygon><outerBoundaryIs><LinearRing><coordinates>83.0025511410001,28.10701127 83.0000000160001,28.1040845200001 82.9965452660001,28.105209895 82.9936532660001,28.108299958 82.9911445160001,28.108276958 82.9882393280001,28.106881582 82.984634703,28.103734708 82.9807678910001,28.105571895 82.9825370780001,28.1098738950001 82.9815099530001,28.110148333 82.977455078,28.1069663330001 82.9748767660001,28.1060626450001 82.973506516,28.106203583 82.9726719540001,28.1032305200001 82.9716318280001,28.101498957 82.9698962030001,28.101470207 82.968105015,28.102758582 82.964173391,28.1043645820001 82.960740828,28.103713708 82.958583828,28.1015675200001 82.959468578,28.099329395 82.9606830160001,28.0982917700001 82.9609588910001,28.0946817700001 82.9573209540001,28.0924680200001 82.9528672660001,28.091071395 82.9485245160001,28.0906072700001 82.9458127660001,28.09291927 82.945409016,28.096419957 82.9432010780001,28.097181332 82.9414786410001,28.0967528950001 82.9407125160001,28.0920136450001 82.9395184540001,28.0903597070001 82.9377085780001,28.08972077 82.9349817660001,28.0871570200001 82.9308402030001,28.085022082 82.9302272030001,28.083476395 82.9276115150001,28.0842975200001 82.9258687660001,28.0869280200001 82.924984953,28.0895156450001 82.9216952660001,28.0893070830001 82.9170810780001,28.09011902 82.915984016,28.0897630200001 82.911616516,28.09053827 82.9095237650001,28.088486645 82.9091735160001,28.0873625830001 82.906610641,28.0853004570001 82.904379953,28.08820202 82.9006732030001,28.09145727 82.9009887650001,28.0938805820001 82.900355453,28.095337457 82.8966840780001,28.1008670200001 82.8921164530001,28.1036119570001 82.8879802660001,28.1035085830001 82.886098453,28.104057332 82.883751703,28.105698708 82.879990578,28.10733077 82.877358078,28.1078078950001 82.8744294530001,28.1093202700001 82.873809953,28.107607332 82.8716863280001,28.1054104580001 82.8691453910001,28.104135145 82.874805828,28.0994980830001 82.8806092660001,28.09656977 82.882771453,28.0928107070001 82.8823798290001,28.0918960830001 82.883374078,28.0898827080001 82.8813917040001,28.0880255820001 82.8785894530001,28.088733645 82.878658016,28.085961458 82.879820141,28.0833742080001 82.8771650150001,28.08354652 82.871096391,28.086235582 82.866184328,28.0889182070001 82.863447578,28.0909667070001 82.862121266,28.092853083 82.861315265,28.0953055200001 82.8591042030001,28.0965866450001 82.853918766,28.092392207 82.8515013900001,28.088784833 82.8524255780001,28.08728552 82.8519087660001,28.0851694580001 82.8488673910001,28.0811732700001 82.8493234530001,28.07983477 82.8490898910001,28.07611927 82.8517402030001,28.075848207 82.8517925780001,28.0747792700001 82.853463515,28.073010895 82.853491891,28.0717138950001 82.8521369530001,28.0691532070001 82.8517428910001,28.0664132700001 82.846829078,28.06662477 82.841631453,28.068194082 82.8370202660001,28.0685183320001 82.8354763280001,28.070170207 82.829748453,28.0730453950001 82.8267963900001,28.0733202070001 82.8232116410001,28.079306457 82.82257314,28.0820782700001 82.8193622650001,28.0797990820001 82.8177123280001,28.077296458 82.816735953,28.0735474570001 82.8179235160001,28.072296583 82.8177599530001,28.0707722700001 82.8196842030001,28.0657938950001 82.821803453,28.0634455200001 82.8245421410001,28.0632682070001 82.8273593910001,28.0646932700001 82.82981664,28.064172833 82.8306282660001,28.0616483950001 82.8284002030001,28.0591318950001 82.827663516,28.055856583 82.8255690780001,28.0538736440001 82.825121703,28.051778395 82.8272412040001,28.0471399570001 82.8291271400001,28.0450623950001 82.8319630780001,28.043931458 82.834015078,28.0437977070001 82.8366291400001,28.042421082 82.8411754530001,28.0444268320001 82.844339265,28.0447242700001 82.8475760160001,28.043724894 82.849594515,28.042620582 82.8509407650001,28.0427062690001 82.8547353910001,28.0442382700001 82.8622578900001,28.0447294570001 82.861090953,28.047810645 82.8592903910001,28.049352395 82.859234578,28.0525014570001 82.860454765,28.0527958320001 82.86673389,28.050435957 82.8685551410001,28.04875902 82.8708756410001,28.043627395 82.8722072030001,28.0421673330001 82.8742698280001,28.0412525200001 82.876774454,28.0447902700001 82.8795923910001,28.0468167070001 82.8855665780001,28.0537374570001 82.8862600780001,28.0551102700001 82.8880876410001,28.056264395 82.8893292660001,28.0560646440001 82.893387578,28.053933832 82.893807515,28.0524774570001 82.896088266,28.050472083 82.898842766,28.0488855830001 82.9013724530001,28.0455217700001 82.9034691400001,28.0450872070001 82.9077012660001,28.0434311450001 82.9122162030001,28.042596083 82.914235391,28.043480645 82.9156626400001,28.04215177 82.9159899540001,28.039970457 82.9180567650001,28.0386623950001 82.9181989530001,28.037670833 82.922047203,28.03694527 82.921009703,28.03843977 82.921749328,28.039943583 82.9253612030001,28.0418332080001 82.926922516,28.044020333 82.9312875150001,28.0460600820001 82.9340570150001,28.0492717700001 82.937224454,28.0490842070001 82.940107454,28.048210833 82.9433678280001,28.046476145 82.948075578,28.0461670820001 82.9491308280001,28.044480833 82.951572641,28.0445648950001 82.9525486410001,28.0436044570001 82.9555008280001,28.043304332 82.957970328,28.041764083 82.960507578,28.0427241450001 82.962810953,28.0408621450001 82.9637356410001,28.046868207 82.9664890780001,28.052827145 82.969040266,28.0530990190001 82.9707006410001,28.05431177 82.9732760780001,28.05718052 82.97456164,28.0595004570001 82.977063704,28.061357833 82.977231266,28.0655171450001 82.979981953,28.068727833 82.9852123910001,28.071428833 82.9870758910001,28.0736717070001 82.989113016,28.0783749570001 82.9904310160001,28.0795691450001 82.9939795780001,28.0863072080001 82.9949664530001,28.0894347070001 82.9956431410001,28.091014457 82.9974694530001,28.091537707 82.9989717660001,28.09452452 83.0010575160001,28.0946525200001 83.003908203,28.0956997700001 83.00454139,28.0980823950001 83.003684579,28.1052032700001 83.0025511410001,28.10701127</coordinates></LinearRing></outerBoundaryIs></Polygon>
  </Placemark>
  <Placemark id="lumbini.67">
	<name>5</name>
	<description>PYUTHAN</description>
	<Style><LineStyle><color>ff0000ff</color></LineStyle><PolyStyle><fill>0</fill></PolyStyle></Style>
	<ExtendedData><SchemaData schemaUrl="#lumbini">
		<SimpleData name="STATE_CODE">0</SimpleData>
		<SimpleData name="DISTRICT">Gaunpalika</SimpleData>
		<SimpleData name="GaPa_NaPa">5</SimpleData>
	</SchemaData></ExtendedData>
      <Polygon><outerBoundaryIs><LinearRing><coordinates>82.8177123280001,28.077296458 82.8155583290001,28.078232207 82.8149900780001,28.0793057070001 82.8118146410001,28.0785901450001 82.8093110780001,28.07636202 82.808441891,28.0749398950001 82.8048513910001,28.0732752700001 82.801858515,28.0712390200001 82.8015337030001,28.078130645 82.8031934530001,28.0793950820001 82.8027470160001,28.0821458950001 82.80073064,28.0840142700001 82.7980632030001,28.0848798330001 82.7960897030001,28.0845151450001 82.7948354530001,28.08540427 82.7933308280001,28.0890097700001 82.7903135780001,28.091421957 82.7884590780001,28.094552832 82.7870347030001,28.0957111450001 82.7841565160001,28.0993833320001 82.7832563900001,28.10150952 82.7810253900001,28.1034976450001 82.77359289,28.09956902 82.76961214,28.0966613950001 82.7651462650001,28.0918452700001 82.7622913280001,28.0878375820001 82.7604230160001,28.086877707 82.7550315780001,28.0867499570001 82.751168578,28.0878518320001 82.7501696410001,28.0886820200001 82.745360953,28.0885930200001 82.740533203,28.087549333 82.7368940160001,28.085487707 82.7337013900001,28.081941145 82.729344515,28.079261332 82.7283997660001,28.07772527 82.724863891,28.0744798320001 82.7230694530001,28.0724011450001 82.719130578,28.072357708 82.7164647650001,28.0715093320001 82.714352078,28.072707832 82.7099178280001,28.0781212700001 82.7083160770001,28.079516208 82.7073027660001,28.08179427 82.7067569530001,28.085707832 82.705172141,28.0887294570001 82.7024218910001,28.0905398940001 82.6997580780001,28.0906658320001 82.698667266,28.0887220820001 82.698669953,28.0835919570001 82.6972933900001,28.079353332 82.6970738910001,28.0767523320001 82.692316765,28.0718295830001 82.6908683280001,28.069616207 82.6904940780001,28.065867645 82.688443578,28.0637432070001 82.6870804530001,28.0614763950001 82.6864764530001,28.0584137070001 82.6866427030001,28.0536822070001 82.685613953,28.0520660830001 82.6871048900001,28.0509974570001 82.6891799520001,28.051154895 82.6917565160001,28.050595145 82.692892703,28.052191958 82.697781203,28.0517150200001 82.7018784530001,28.05285252 82.706522578,28.053058832 82.7119603900001,28.05130502 82.7137272030001,28.0503695200001 82.71580714,28.048333832 82.7202623900001,28.0465208950001 82.7182618900001,28.0455637700001 82.7147608910001,28.0430223330001 82.714182453,28.041415144 82.7120594530001,28.04018827 82.7100244530001,28.035934582 82.7054020160001,28.035624957 82.7034717660001,28.034300457 82.7026752030001,28.031680457 82.7005247660001,28.029325144 82.698433578,28.025885207 82.6986298900001,28.0228030820001 82.696852516,28.0212904570001 82.6968470780001,28.0188132690001 82.698045328,28.01747777 82.697441891,28.016287645 82.6987288280001,28.013335457 82.7021078270001,28.0094576450001 82.7043294530001,28.008458895 82.707110266,28.005870332 82.714568328,28.0026509570001 82.7185970770001,28.0025690200001 82.723364141,28.0018688320001 82.731725328,27.993993645 82.7338375780001,27.992573769 82.7372108280001,27.991151895 82.7424673900001,27.990410395 82.7461962660001,27.993544333 82.746971203,27.995220832 82.748319515,27.9957317070001 82.7547753280001,28.000841645 82.757424578,28.0006873950001 82.758044516,28.002955833 82.761639953,28.0033853320001 82.7663139530001,28.002529457 82.773724266,28.0039223320001 82.778637141,28.0034629580001 82.784006703,28.0037835200001 82.7901586410001,28.0032196450001 82.79537614,28.003500145 82.8006907660001,28.005060395 82.8029724530001,28.00458402 82.8051860160001,28.0058440820001 82.806269828,28.0052443320001 82.8096947650001,28.005865145 82.810726828,28.00650577 82.8104777660001,28.0093891450001 82.8087518280001,28.0120567070001 82.8080935150001,28.014620645 82.810731515,28.0155910820001 82.816803141,28.0158284570001 82.8190364530001,28.0167433330001 82.8204217030001,28.0183164580001 82.823068703,28.01985977 82.824122516,28.0224092070001 82.8271792030001,28.0222886450001 82.8286764530001,28.0263037080001 82.828779265,28.027904145 82.830332641,28.031154895 82.8310262030001,28.0339741450001 82.832553578,28.036786895 82.8337435780001,28.0400593320001 82.8366291400001,28.042421082 82.834015078,28.0437977070001 82.8319630780001,28.043931458 82.8291271400001,28.0450623950001 82.8272412040001,28.0471399570001 82.825121703,28.051778395 82.8255690780001,28.0538736440001 82.827663516,28.055856583 82.8284002030001,28.0591318950001 82.8306282660001,28.0616483950001 82.82981664,28.064172833 82.8273593910001,28.0646932700001 82.8245421410001,28.0632682070001 82.821803453,28.0634455200001 82.8196842030001,28.0657938950001 82.8177599530001,28.0707722700001 82.8179235160001,28.072296583 82.816735953,28.0735474570001 82.8177123280001,28.077296458</coordinates></LinearRing></outerBoundaryIs></Polygon>
  </Placemark>
  <Placemark id="lumbini.68">
	<name>5</name>
	<description>PYUTHAN</description>
	<Style><LineStyle><color>ff0000ff</color></LineStyle><PolyStyle><fill>0</fill></PolyStyle></Style>
	<ExtendedData><SchemaData schemaUrl="#lumbini">
		<SimpleData name="STATE_CODE">0</SimpleData>
		<SimpleData name="DISTRICT">Gaunpalika</SimpleData>
		<SimpleData name="GaPa_NaPa">5</SimpleData>
	</SchemaData></ExtendedData>
      <Polygon><outerBoundaryIs><LinearRing><coordinates>82.9566944530001,28.3600077070001 82.954082391,28.360238082 82.948545203,28.3624312690001 82.9468092660001,28.36190802 82.9428670780001,28.3618098320001 82.940778891,28.3593863940001 82.9378020780001,28.3549391450001 82.934406515,28.3512060200001 82.932671139,28.350745707 82.9292907660001,28.34848577 82.9284340780001,28.344943831 82.927130328,28.34332277 82.9282100140001,28.3409692070001 82.9266919520001,28.336003019 82.927030078,28.333027707 82.9245434530001,28.3291187070001 82.923492078,28.3244607080001 82.9223415770001,28.321550458 82.9200873280001,28.31891102 82.916446578,28.3178398950001 82.91423939,28.3152933310001 82.909144202,28.3120897700001 82.906056016,28.310829321 82.9039012650001,28.3076552700001 82.90328064,28.30420077 82.90213464,28.301357958 82.9022742660001,28.29973477 82.900861766,28.2984352070001 82.898625016,28.2975643950001 82.8962567820001,28.294721596 82.893752766,28.2953547070001 82.8921495770001,28.295007894 82.8896975160001,28.2930995830001 82.8887553910001,28.2909509580001 82.8909779530001,28.285883896 82.8910755780001,28.279876895 82.8907140150001,28.2769817070001 82.8888920160001,28.275859145 82.8875513280001,28.273301207 82.8853262650001,28.2708803950001 82.880948516,28.267665833 82.879460141,28.26790177 82.876408703,28.2659433330001 82.8745075780001,28.263775396 82.8712514530001,28.2633041450001 82.8659423980001,28.2592262060001 82.862846829,28.257458957 82.857869328,28.257712957 82.855242015,28.2563690200001 82.8507209530001,28.2558843950001 82.850321953,28.2548116450001 82.8518992030001,28.2497533320001 82.8519339530001,28.246922333 82.853197203,28.2439865200001 82.8547993910001,28.2384749570001 82.8542832030001,28.235377645 82.8523501400001,28.232405957 82.8479520160001,28.2324930820001 82.8438816070001,28.231840133 82.840776078,28.2309412070001 82.8387553910001,28.2283498950001 82.8385552650001,28.2261892070001 82.8356342310001,28.2235164640001 82.833178203,28.221915645 82.831324828,28.219898707 82.8282002650001,28.2186582080001 82.8242467650001,28.2162847700001 82.819450703,28.2147477070001 82.8184523900001,28.2132907700001 82.8208658900001,28.211757145 82.8212830150001,28.2103642700001 82.8249725150001,28.2074248330001 82.8267036400001,28.20542727 82.8266125170001,28.2032472070001 82.827408828,28.1995631450001 82.8269878290001,28.19835477 82.823769703,28.195545458 82.8224016400001,28.19498552 82.8204869530001,28.19281227 82.8171964530001,28.1879378950001 82.8161507030001,28.187283645 82.8189728280001,28.1848692080001 82.8213595780001,28.18348652 82.8236082650001,28.180230083 82.8255146400001,28.180296083 82.8297473280001,28.1818483330001 82.8335107660001,28.179613208 82.8359969530001,28.179950207 82.8394130780001,28.1790316450001 82.8460351410001,28.1764142070001 82.848497766,28.173362207 82.8506197660001,28.16992377 82.852558328,28.1685073950001 82.854702891,28.165583457 82.855179766,28.1629703950001 82.8584202040001,28.1627267700001 82.8619950780001,28.1633453330001 82.8637387030001,28.1626717080001 82.8667818280001,28.1628638330001 82.8708878910001,28.161767458 82.8706659530001,28.1602969570001 82.8721494530001,28.1597564570001 82.878459703,28.1549915200001 82.879455266,28.162151457 82.8800678280001,28.1640492700001 82.8825697650001,28.1649968950001 82.885709391,28.166940208 82.887260203,28.1687802070001 82.888527578,28.1713263950001 82.891706765,28.173134395 82.8945046410001,28.1712935200001 82.8964088280001,28.1685903330001 82.8971517030001,28.1664733330001 82.8970790160001,28.1635082700001 82.8961264530001,28.16097827 82.8970442660001,28.156868332 82.8978194530001,28.155933707 82.901251766,28.1547634570001 82.9036247650001,28.151601333 82.9067795160001,28.1513354580001 82.909796891,28.148796582 82.9130633280001,28.147728333 82.9167924530001,28.1482677700001 82.9175568910001,28.1497425200001 82.9185208900001,28.1538697070001 82.9198082650001,28.1577130200001 82.9179690160001,28.160338145 82.917922891,28.1646694570001 82.918315078,28.1673437700001 82.9192068900001,28.168853332 82.924125766,28.1684047700001 82.9254914530001,28.169669895 82.925672078,28.1715957700001 82.926821203,28.173165957 82.926937954,28.175052957 82.9288750160001,28.177599457 82.9333120780001,28.1786538330001 82.9358165790001,28.17984877 82.934757453,28.1809302070001 82.934870141,28.1834645820001 82.937429454,28.1861467700001 82.9367058280001,28.189274832 82.94083039,28.1918674570001 82.9446108280001,28.1948025200001 82.945919453,28.194905083 82.9497457040001,28.1976711450001 82.950020828,28.2025193330001 82.9447574530001,28.2053485820001 82.943148953,28.2055933950001 82.9408493280001,28.2070555820001 82.9406948290001,28.2080673950001 82.9427881400001,28.209353708 82.945827266,28.210069832 82.9474147660001,28.209865458 82.950433203,28.2104865200001 82.953370266,28.2103803950001 82.9584442660001,28.2141055820001 82.9610963900001,28.2170338330001 82.9619458280001,28.2199325820001 82.962055015,28.226390333 82.96650564,28.2308482080001 82.96741839,28.2342053950001 82.971016078,28.236869895 82.975328141,28.23764902 82.9746467030001,28.243171332 82.9734983910001,28.2467498950001 82.9708758900001,28.247957458 82.9679136410001,28.2479644580001 82.9670531410001,28.2485897080001 82.9674381400001,28.2507742070001 82.9700719530001,28.2528403330001 82.9729078280001,28.2563315830001 82.9743692660001,28.2589482700001 82.978344141,28.262411833 82.9817744530001,28.262604395 82.982353641,28.2635336450001 82.9853733910001,28.2656452700001 82.9881862030001,28.2683305210001 82.987034641,28.2734140200001 82.984356016,28.276857208 82.984050703,28.2790545820001 82.983016078,28.2803170830001 82.983686703,28.282963958 82.984786829,28.28460327 82.9852492030001,28.2869845820001 82.9849772030001,28.2915737070001 82.9843915160001,28.2931598960001 82.9852787660001,28.295120207 82.990033516,28.2989750200001 82.991226016,28.30065102 82.9903643900001,28.302102082 82.991939953,28.3051595200001 82.9925212030001,28.3074536450001 82.995238579,28.308969458 82.9958343280001,28.3104448330001 82.9976696410001,28.312134583 82.998235203,28.316562832 82.9976302030001,28.31929502 82.999468328,28.322069958 83.0027338290001,28.330669082 83.005322203,28.3329982700001 83.003047328,28.336214645 83.0011593280001,28.3402075830001 83.0008567660001,28.3421230820001 82.999722015,28.34306902 82.9991156410001,28.3457921460001 82.9954533910001,28.3512632700001 82.9909538910001,28.3530213330001 82.9848931400001,28.3567823330001 82.9820345790001,28.3592652080001 82.979345891,28.359441395 82.9738591400001,28.3587008330001 82.9693292040001,28.357502583 82.9632353910001,28.3596108950001 82.959246265,28.359357145 82.9566944530001,28.3600077070001</coordinates></LinearRing></outerBoundaryIs></Polygon>
  </Placemark>
  <Placemark id="lumbini.69">
	<name>5</name>
	<description>PYUTHAN</description>
	<Style><LineStyle><color>ff0000ff</color></LineStyle><PolyStyle><fill>0</fill></PolyStyle></Style>
	<ExtendedData><SchemaData schemaUrl="#lumbini">
		<SimpleData name="STATE_CODE">0</SimpleData>
		<SimpleData name="DISTRICT">Nagarpalika</SimpleData>
		<SimpleData name="GaPa_NaPa">5</SimpleData>
	</SchemaData></ExtendedData>
      <Polygon><outerBoundaryIs><LinearRing><coordinates>82.8012510780001,28.1866779580001 82.7950164540001,28.188457333 82.793939703,28.186214395 82.7922567030001,28.1847331450001 82.7905661400001,28.1816635820001 82.7899648280001,28.1790976450001 82.792170641,28.1764166450001 82.7921005790001,28.17435177 82.7937594540001,28.16767277 82.791253016,28.1625497700001 82.7913098910001,28.1609417080001 82.789989765,28.1576407700001 82.7905332660001,28.154277332 82.7945756410001,28.15061302 82.7963130150001,28.14827302 82.7969237030001,28.144680083 82.8002650160001,28.142945082 82.8014356400001,28.13910652 82.796052703,28.136270833 82.7917526400001,28.1348003950001 82.790801828,28.1309093950001 82.788559391,28.12779427 82.787458766,28.1245403950001 82.7891548910001,28.120553145 82.789311453,28.1191016450001 82.787733765,28.115811895 82.7857142030001,28.113307895 82.7839083280001,28.112847457 82.7804135150001,28.1107770200001 82.7785062660001,28.1087701450001 82.7810253900001,28.1034976450001 82.7832563900001,28.10150952 82.7841565160001,28.0993833320001 82.7870347030001,28.0957111450001 82.7884590780001,28.094552832 82.7903135780001,28.091421957 82.7933308280001,28.0890097700001 82.7948354530001,28.08540427 82.7960897030001,28.0845151450001 82.7980632030001,28.0848798330001 82.80073064,28.0840142700001 82.8027470160001,28.0821458950001 82.8031934530001,28.0793950820001 82.8015337030001,28.078130645 82.801858515,28.0712390200001 82.8048513910001,28.0732752700001 82.808441891,28.0749398950001 82.8093110780001,28.07636202 82.8118146410001,28.0785901450001 82.8149900780001,28.0793057070001 82.8155583290001,28.078232207 82.8177123280001,28.077296458 82.8193622650001,28.0797990820001 82.82257314,28.0820782700001 82.8232116410001,28.079306457 82.8267963900001,28.0733202070001 82.829748453,28.0730453950001 82.8354763280001,28.070170207 82.8370202660001,28.0685183320001 82.841631453,28.068194082 82.846829078,28.06662477 82.8517428910001,28.0664132700001 82.8521369530001,28.0691532070001 82.853491891,28.0717138950001 82.853463515,28.073010895 82.8517925780001,28.0747792700001 82.8517402030001,28.075848207 82.8490898910001,28.07611927 82.8493234530001,28.07983477 82.8488673910001,28.0811732700001 82.8519087660001,28.0851694580001 82.8524255780001,28.08728552 82.8515013900001,28.088784833 82.853918766,28.092392207 82.8591042030001,28.0965866450001 82.861315265,28.0953055200001 82.862121266,28.092853083 82.863447578,28.0909667070001 82.866184328,28.0889182070001 82.871096391,28.086235582 82.8771650150001,28.08354652 82.879820141,28.0833742080001 82.878658016,28.085961458 82.8785894530001,28.088733645 82.8813917040001,28.0880255820001 82.883374078,28.0898827080001 82.8823798290001,28.0918960830001 82.882771453,28.0928107070001 82.8806092660001,28.09656977 82.874805828,28.0994980830001 82.8691453910001,28.104135145 82.8716863280001,28.1054104580001 82.873809953,28.107607332 82.8744294530001,28.1093202700001 82.877358078,28.1078078950001 82.879990578,28.10733077 82.883751703,28.105698708 82.886098453,28.104057332 82.8879802660001,28.1035085830001 82.8921164530001,28.1036119570001 82.8966840780001,28.1008670200001 82.900355453,28.095337457 82.9009887650001,28.0938805820001 82.9006732030001,28.09145727 82.904379953,28.08820202 82.906610641,28.0853004570001 82.9091735160001,28.0873625830001 82.9095237650001,28.088486645 82.911616516,28.09053827 82.915984016,28.0897630200001 82.9170810780001,28.09011902 82.9216952660001,28.0893070830001 82.924984953,28.0895156450001 82.9258687660001,28.0869280200001 82.9276115150001,28.0842975200001 82.9302272030001,28.083476395 82.9308402030001,28.085022082 82.9349817660001,28.0871570200001 82.9377085780001,28.08972077 82.9395184540001,28.0903597070001 82.9407125160001,28.0920136450001 82.9414786410001,28.0967528950001 82.9432010780001,28.097181332 82.945409016,28.096419957 82.9458127660001,28.09291927 82.9485245160001,28.0906072700001 82.9528672660001,28.091071395 82.9573209540001,28.0924680200001 82.9609588910001,28.0946817700001 82.9606830160001,28.0982917700001 82.959468578,28.099329395 82.958583828,28.1015675200001 82.960740828,28.103713708 82.9565533910001,28.1028831450001 82.9522559530001,28.1024782700001 82.950808141,28.1043419580001 82.9475959530001,28.1057229580001 82.9455929530001,28.108049395 82.9435387030001,28.1091729570001 82.9443490780001,28.111552583 82.944032516,28.1156788320001 82.9443727030001,28.1184271450001 82.9412511400001,28.1205712080001 82.939187141,28.120223583 82.9401387030001,28.117981645 82.939030078,28.115890645 82.9371980160001,28.11487477 82.93377789,28.1140405200001 82.9326752650001,28.116206833 82.9324768910001,28.1187682070001 82.9311390780001,28.1211267080001 82.9281509530001,28.1240521450001 82.928199078,28.125927333 82.925232828,28.1244713950001 82.9190825160001,28.123225145 82.9162447040001,28.1229951450001 82.9147939530001,28.1262663320001 82.9156123280001,28.12944027 82.9151785160001,28.1340370830001 82.9158753280001,28.1359896450001 82.9158515780001,28.1401496450001 82.9130935790001,28.142404207 82.908394141,28.14279327 82.909681828,28.1464290820001 82.9130633280001,28.147728333 82.909796891,28.148796582 82.9067795160001,28.1513354580001 82.9036247650001,28.151601333 82.901251766,28.1547634570001 82.8978194530001,28.155933707 82.8970442660001,28.156868332 82.8961264530001,28.16097827 82.8970790160001,28.1635082700001 82.8971517030001,28.1664733330001 82.8964088280001,28.1685903330001 82.8945046410001,28.1712935200001 82.891706765,28.173134395 82.888527578,28.1713263950001 82.887260203,28.1687802070001 82.885709391,28.166940208 82.8825697650001,28.1649968950001 82.8800678280001,28.1640492700001 82.879455266,28.162151457 82.878459703,28.1549915200001 82.8721494530001,28.1597564570001 82.8706659530001,28.1602969570001 82.8708878910001,28.161767458 82.8667818280001,28.1628638330001 82.8637387030001,28.1626717080001 82.8619950780001,28.1633453330001 82.8584202040001,28.1627267700001 82.855179766,28.1629703950001 82.854702891,28.165583457 82.852558328,28.1685073950001 82.8506197660001,28.16992377 82.848497766,28.173362207 82.8460351410001,28.1764142070001 82.8394130780001,28.1790316450001 82.8359969530001,28.179950207 82.8335107660001,28.179613208 82.8297473280001,28.1818483330001 82.8255146400001,28.180296083 82.8236082650001,28.180230083 82.8213595780001,28.18348652 82.8189728280001,28.1848692080001 82.8161507030001,28.187283645 82.814140953,28.1865645820001 82.8066806790001,28.1862545010001 82.8012510780001,28.1866779580001</coordinates></LinearRing></outerBoundaryIs></Polygon>
  </Placemark>
  <Placemark id="lumbini.70">
	<name>5</name>
	<description>PYUTHAN</description>
	<Style><LineStyle><color>ff0000ff</color></LineStyle><PolyStyle><fill>0</fill></PolyStyle></Style>
	<ExtendedData><SchemaData schemaUrl="#lumbini">
		<SimpleData name="STATE_CODE">0</SimpleData>
		<SimpleData name="DISTRICT">Gaunpalika</SimpleData>
		<SimpleData name="GaPa_NaPa">5</SimpleData>
	</SchemaData></ExtendedData>
      <Polygon><outerBoundaryIs><LinearRing><coordinates>82.9446937660001,27.930763708 82.942475266,27.9336752080001 82.940608141,27.9346445200001 82.9358506410001,27.935826208 82.933716453,27.937201708 82.9335513280001,27.939325769 82.934064391,27.9419672080001 82.9325307030001,27.942783332 82.930227141,27.941957707 82.925084703,27.941624394 82.923031015,27.94395702 82.920313078,27.945041207 82.9179342030001,27.946841019 82.9185719530001,27.949395458 82.9173319540001,27.950450645 82.9137763910001,27.949626208 82.9096920160001,27.9491223950001 82.9062646410001,27.950114957 82.9011173910001,27.9550532700001 82.902750203,27.958139207 82.9020596410001,27.9593339570001 82.8996738910001,27.9598089570001 82.8971762030001,27.959547582 82.8954782660001,27.9602513950001 82.892357953,27.9598066450001 82.8891555160001,27.9614887700001 82.88371089,27.962144145 82.8816035150001,27.9617322080001 82.8790793900001,27.9630089570001 82.8797855780001,27.9642713320001 82.8794517040001,27.966696207 82.87742289,27.967275332 82.8739027030001,27.965071645 82.8659165780001,27.9693512700001 82.86208064,27.968739833 82.862253766,27.969677582 82.8649199530001,27.9710645820001 82.8653438280001,27.9736287700001 82.8637622030001,27.9758718950001 82.8651918910001,27.976790582 82.866420953,27.978772582 82.8673619530001,27.982026895 82.8694817030001,27.98329427 82.866245953,27.98535902 82.863771516,27.9863786450001 82.86208314,27.988893832 82.858712703,27.9921643330001 82.854250703,27.9982886450001 82.856958078,28.000131894 82.858330703,28.004414083 82.861539953,28.00851077 82.8588256410001,28.0085897700001 82.8556372030001,28.010295958 82.852939828,28.0099756450001 82.8501877030001,28.0105324580001 82.844031016,28.0106027080001 82.8397269530001,28.009988833 82.833208766,28.0102518320001 82.8304705780001,28.006190082 82.828895328,28.0048478320001 82.825552078,28.0039213950001 82.8222177660001,28.0038138950001 82.8134350780001,28.005929082 82.8114193280001,28.0052212690001 82.810726828,28.00650577 82.8096947650001,28.005865145 82.806269828,28.0052443320001 82.8051860160001,28.0058440820001 82.8029724530001,28.00458402 82.8006907660001,28.005060395 82.79537614,28.003500145 82.7901586410001,28.0032196450001 82.784006703,28.0037835200001 82.778637141,28.0034629580001 82.773724266,28.0039223320001 82.7663139530001,28.002529457 82.761639953,28.0033853320001 82.758044516,28.002955833 82.757424578,28.0006873950001 82.7547753280001,28.000841645 82.748319515,27.9957317070001 82.746971203,27.995220832 82.7461962660001,27.993544333 82.7424673900001,27.990410395 82.743554203,27.9893193950001 82.7437807030001,27.9864743320001 82.746314828,27.983300645 82.747078328,27.9813132080001 82.7469145160001,27.9766597070001 82.7484292030001,27.974482832 82.7508033280001,27.976006957 82.7562048280001,27.9766830830001 82.758951391,27.9775471450001 82.760597078,27.976950582 82.7625213900001,27.97729502 82.7646267650001,27.976725145 82.7619688280001,27.972579395 82.761508765,27.9693017070001 82.7647685160001,27.9684939570001 82.767581078,27.9682890830001 82.7681882030001,27.9674958320001 82.7681267030001,27.962647019 82.765413391,27.960565144 82.7637414530001,27.95746602 82.7622522030001,27.955875645 82.7601558280001,27.954694895 82.7551410780001,27.946972208 82.753549203,27.945218332 82.7535666410001,27.943255707 82.75566014,27.9423654570001 82.757337578,27.944911957 82.759313515,27.943693395 82.7642177660001,27.942356832 82.7663592650001,27.941119395 82.7671622660001,27.9380785820001 82.7692715150001,27.9356090200001 82.77164989,27.93416152 82.772979078,27.9312720820001 82.7776322650001,27.9257453320001 82.7750345160001,27.9236962690001 82.7722267030001,27.922319895 82.771262515,27.9212689570001 82.7734376400001,27.917737269 82.772695641,27.905929019 82.7740591400001,27.9026337080001 82.776453766,27.899579895 82.7762530150001,27.8953862700001 82.776241515,27.893504582 82.7776872650001,27.8926961450001 82.779248828,27.8937568320001 82.779766453,27.8966267070001 82.7820483900001,27.897093582 82.784879641,27.8912617070001 82.7890007030001,27.8921778320001 82.7896028910001,27.88946902 82.7916669530001,27.8888170820001 82.7930309530001,27.883319644 82.793002266,27.8807789580001 82.796311453,27.8804040200001 82.799272203,27.8819188950001 82.8024142660001,27.8781536450001 82.805204141,27.878613333 82.8071592030001,27.8775743950001 82.8081132030001,27.8798116450001 82.8101613910001,27.8805873950001 82.814872203,27.8849236450001 82.8152290780001,27.8873069570001 82.8165678280001,27.8897618940001 82.8196276400001,27.8930820200001 82.8207530160001,27.8953320200001 82.82250564,27.89673227 82.8225694530001,27.9000177070001 82.8252084530001,27.9023347080001 82.826237453,27.90549752 82.8304515780001,27.906352333 82.8336014530001,27.90582177 82.8359558280001,27.9065320820001 82.8375730160001,27.906234394 82.8407612030001,27.90425327 82.84444189,27.9037788320001 82.849157765,27.901108644 82.8512748910001,27.9013812690001 82.853321328,27.9033273320001 82.8565761400001,27.9046380820001 82.8613263290001,27.9034591450001 82.863373015,27.9036091450001 82.8647622030001,27.906106832 82.8646071410001,27.907700708 82.868744516,27.9094403330001 82.8703950780001,27.9091019570001 82.8736388900001,27.9056607700001 82.876051766,27.902023269 82.8780087660001,27.9010555200001 82.8798092660001,27.90128227 82.8818567660001,27.903701708 82.8819262660001,27.905308645 82.8837633900001,27.9067765200001 82.888874828,27.9062921450001 82.8900492650001,27.906497895 82.89151014,27.9082603950001 82.8926403280001,27.912001208 82.895094703,27.9136385830001 82.8972756410001,27.9139493330001 82.9007763910001,27.9116805200001 82.9029410780001,27.9083406440001 82.9053809530001,27.9086217070001 82.9086192660001,27.9076435200001 82.9128947660001,27.904746458 82.9177152030001,27.9039857700001 82.9201306410001,27.9049342700001 82.9213748280001,27.907933395 82.9240689530001,27.9106663950001 82.9272776400001,27.91284152 82.928072516,27.914621083 82.927879078,27.917559333 82.9295352650001,27.9192892070001 82.9311374530001,27.92309877 82.9327862660001,27.9238538320001 82.9397143910001,27.92544602 82.9432697650001,27.927571582 82.9446937660001,27.930763708</coordinates></LinearRing></outerBoundaryIs></Polygon>
  </Placemark>
  <Placemark id="lumbini.71">
	<name>5</name>
	<description>PYUTHAN</description>
	<Style><LineStyle><color>ff0000ff</color></LineStyle><PolyStyle><fill>0</fill></PolyStyle></Style>
	<ExtendedData><SchemaData schemaUrl="#lumbini">
		<SimpleData name="STATE_CODE">0</SimpleData>
		<SimpleData name="DISTRICT">Nagarpalika</SimpleData>
		<SimpleData name="GaPa_NaPa">5</SimpleData>
	</SchemaData></ExtendedData>
      <Polygon><outerBoundaryIs><LinearRing><coordinates>82.7899648280001,28.1790976450001 82.7885408920001,28.177713392 82.7847080230001,28.177824021 82.781991958,28.177499771 82.7782510160001,28.1791402700001 82.7747136450001,28.17963217 82.7702941410001,28.1806933330001 82.7680472040001,28.180488145 82.766405106,28.179582596 82.762975694,28.180208206 82.7599978910001,28.1797635200001 82.7581973900001,28.182057333 82.7558269500001,28.188241959 82.7544765470001,28.1902751920001 82.751111984,28.192598343 82.7482407030001,28.1923600820001 82.7472629550001,28.193189621 82.7479638280001,28.1962356450001 82.744264603,28.197984696 82.7428073880001,28.2000942230001 82.7371120450001,28.2009296410001 82.7352619170001,28.206823349 82.7344303130001,28.2074031830001 82.730325699,28.2061214450001 82.7280445090001,28.2078800200001 82.7207775110001,28.2086658480001 82.718976975,28.2091808320001 82.714244078,28.20960102 82.7109590160001,28.208349582 82.706754684,28.207490921 82.702945953,28.2094967080001 82.6993012030001,28.21069827 82.69841339,28.21011452 82.698109516,28.207765458 82.697172015,28.20661052 82.698602265,28.2055660830001 82.6983219530001,28.2035059580001 82.6926023280001,28.199668145 82.6919883910001,28.198586209 82.691213141,28.194470645 82.689231578,28.192179895 82.6871759530001,28.186874457 82.685574515,28.1856252060001 82.6838857810001,28.1865785030001 82.6836452480001,28.1882610320001 82.684244156,28.1924381260001 82.680607577,28.1919729580001 82.674407515,28.1905707700001 82.671880828,28.191453208 82.66967214,28.189577333 82.667107328,28.188699645 82.6652696410001,28.189441958 82.664253203,28.1908082080001 82.659834452,28.190618332 82.6544634530001,28.18709152 82.6517374530001,28.1867533330001 82.6505429530001,28.185081208 82.6447591400001,28.1831944580001 82.6433228280001,28.183166708 82.6418693910001,28.18124377 82.6386505780001,28.1808847080001 82.6375724530001,28.180165582 82.633259577,28.179698457 82.6265353910001,28.1780046440001 82.626759952,28.1767210200001 82.6241401400001,28.174576394 82.6212789530001,28.1747912700001 82.617339014,28.1705396450001 82.615439827,28.1698707680001 82.6142972640001,28.167783768 82.613341265,28.162752332 82.6123287020001,28.1604094570001 82.6123348890001,28.1583520820001 82.610526952,28.154430957 82.6089431390001,28.151865706 82.606163515,28.15017027 82.6047463900001,28.150464895 82.6018773900001,28.1480443950001 82.5945247650001,28.148178957 82.5919651410001,28.147135206 82.590437389,28.142248957 82.590366202,28.1398840200001 82.594107201,28.137982333 82.595107764,28.136402145 82.600985139,28.1331437690001 82.602470515,28.131347395 82.60619689,28.13068602 82.6059832020001,28.128321832 82.607160703,28.126806518 82.607307953,28.123805394 82.609300514,28.1192956450001 82.6085703900001,28.116470581 82.608890515,28.1120566450001 82.607945891,28.1090962700001 82.6086310150001,28.105714768 82.6084795770001,28.1022932070001 82.6063807640001,28.0991022690001 82.6039838890001,28.0969617690001 82.6023381400001,28.0935610820001 82.6099190780001,28.0926612700001 82.6126608910001,28.0913242070001 82.6144192660001,28.087845208 82.6179968270001,28.0856478950001 82.6207185160001,28.0826274570001 82.621770891,28.0798000200001 82.624193453,28.076530582 82.626692453,28.0748682070001 82.62741714,28.072258457 82.6267172030001,28.07047377 82.6286783900001,28.0695593940001 82.630739141,28.070495894 82.6348308280001,28.070155395 82.63814039,28.0691775830001 82.6417406410001,28.0688320200001 82.6449381410001,28.0668016450001 82.6501218910001,28.0650005200001 82.650416202,28.0639137700001 82.652652828,28.0631709580001 82.6554743280001,28.0633520820001 82.6582864530001,28.05988502 82.6623322020001,28.059753083 82.6642368280001,28.0582826450001 82.6664782030001,28.05862927 82.6697454530001,28.056813333 82.6716977660001,28.058305395 82.67498714,28.055036645 82.6764345780001,28.0543850830001 82.6792205780001,28.05464427 82.68157189,28.053353895 82.685613953,28.0520660830001 82.6866427030001,28.0536822070001 82.6864764530001,28.0584137070001 82.6870804530001,28.0614763950001 82.688443578,28.0637432070001 82.6904940780001,28.065867645 82.6908683280001,28.069616207 82.692316765,28.0718295830001 82.6970738910001,28.0767523320001 82.6972933900001,28.079353332 82.698669953,28.0835919570001 82.698667266,28.0887220820001 82.6997580780001,28.0906658320001 82.7024218910001,28.0905398940001 82.705172141,28.0887294570001 82.7067569530001,28.085707832 82.7073027660001,28.08179427 82.7083160770001,28.079516208 82.7099178280001,28.0781212700001 82.714352078,28.072707832 82.7164647650001,28.0715093320001 82.719130578,28.072357708 82.7230694530001,28.0724011450001 82.724863891,28.0744798320001 82.7283997660001,28.07772527 82.729344515,28.079261332 82.7337013900001,28.081941145 82.7368940160001,28.085487707 82.740533203,28.087549333 82.745360953,28.0885930200001 82.7501696410001,28.0886820200001 82.751168578,28.0878518320001 82.7550315780001,28.0867499570001 82.7604230160001,28.086877707 82.7622913280001,28.0878375820001 82.7651462650001,28.0918452700001 82.76961214,28.0966613950001 82.77359289,28.09956902 82.7810253900001,28.1034976450001 82.7785062660001,28.1087701450001 82.7804135150001,28.1107770200001 82.7839083280001,28.112847457 82.7857142030001,28.113307895 82.787733765,28.115811895 82.789311453,28.1191016450001 82.7891548910001,28.120553145 82.787458766,28.1245403950001 82.788559391,28.12779427 82.790801828,28.1309093950001 82.7917526400001,28.1348003950001 82.796052703,28.136270833 82.8014356400001,28.13910652 82.8002650160001,28.142945082 82.7969237030001,28.144680083 82.7963130150001,28.14827302 82.7945756410001,28.15061302 82.7905332660001,28.154277332 82.789989765,28.1576407700001 82.7913098910001,28.1609417080001 82.791253016,28.1625497700001 82.7937594540001,28.16767277 82.7921005790001,28.17435177 82.792170641,28.1764166450001 82.7899648280001,28.1790976450001</coordinates></LinearRing></outerBoundaryIs></Polygon>
  </Placemark>
  <Placemark id="lumbini.72">
	<name>5</name>
	<description>ROLPA</description>
	<Style><LineStyle><color>ff0000ff</color></LineStyle><PolyStyle><fill>0</fill></PolyStyle></Style>
	<ExtendedData><SchemaData schemaUrl="#lumbini">
		<SimpleData name="STATE_CODE">0</SimpleData>
		<SimpleData name="DISTRICT">Gaunpalika</SimpleData>
		<SimpleData name="GaPa_NaPa">5</SimpleData>
	</SchemaData></ExtendedData>
      <Polygon><outerBoundaryIs><LinearRing><coordinates>82.642546328,28.4948460200001 82.6398478280001,28.4980539580001 82.6368477650001,28.499275895 82.6351108550001,28.5006427760001 82.629927265,28.502041895 82.6287224530001,28.503326895 82.6259993900001,28.504167895 82.6240160150001,28.5065795830001 82.6195928280001,28.5086055830001 82.6175075780001,28.508970145 82.6158148910001,28.510610958 82.613035202,28.5095462800001 82.607099443,28.509649229 82.602636337,28.5068492890001 82.599750891,28.5067558330001 82.596196078,28.510935272 82.593794765,28.512563959 82.5901062030001,28.5143372090001 82.5868097030001,28.5126471460001 82.582428265,28.5135805200001 82.5784931410001,28.5139387080001 82.575597702,28.5159205840001 82.5706565150001,28.517506396 82.568497203,28.520515459 82.5665874530001,28.5216142080001 82.5639217030001,28.522138709 82.560892703,28.52331352 82.554245016,28.5236377090001 82.5500517030001,28.5242787710001 82.546871953,28.525489958 82.5461864470001,28.526372908 82.5456638910001,28.529925458 82.544616703,28.531705334 82.542814203,28.53811052 82.5372615160001,28.5422217710001 82.5372125150001,28.5456522700001 82.5377425780001,28.5483987700001 82.5377205770001,28.5524679590001 82.536461891,28.554552271 82.53365089,28.556087457 82.530950078,28.55812002 82.5282388910001,28.558070333 82.5243782650001,28.55591027 82.5238780970001,28.5542926790001 82.5220892030001,28.5536521450001 82.5186739520001,28.5544675830001 82.5164089200001,28.552782059 82.5109189520001,28.551109646 82.508256891,28.552093271 82.5016847030001,28.5538773330001 82.496992203,28.553702458 82.49407655,28.5524948230001 82.493570328,28.5512828820001 82.4937343600001,28.548334121 82.4959619580001,28.5438065230001 82.4948596950001,28.5399494170001 82.4929073280001,28.5379796460001 82.4864560780001,28.5353163950001 82.4829263280001,28.531211145 82.4812528910001,28.530182708 82.4765535160001,28.5288556450001 82.4749087650001,28.529200583 82.471559524,28.526453018 82.468466452,28.525410708 82.465175672,28.5213330120001 82.468050003,28.518304825 82.4702396390001,28.5169620510001 82.471494674,28.5126209260001 82.4729328160001,28.5112857820001 82.474859237,28.507936478 82.4770946510001,28.50507164 82.4778537750001,28.5000019070001 82.478803634,28.4982967380001 82.4786853790001,28.496099472 82.4796352390001,28.49523735 82.479795456,28.4931049350001 82.4811038980001,28.4908008570001 82.4784679410001,28.4853115080001 82.4787616730001,28.482263565 82.476854324,28.474191665 82.4758701330001,28.4721164700001 82.475957871,28.4702854170001 82.478292465,28.467874527 82.4792385100001,28.466215134 82.4813175200001,28.4645786290001 82.4836864470001,28.46355629 82.487314224,28.462884903 82.489816665,28.460702896 82.4912548070001,28.458234787 82.4913272850001,28.4561748510001 82.493803024,28.4559383390001 82.4989986410001,28.4545421600001 82.5000019070001,28.4536457070001 82.5035114290001,28.4535236360001 82.506032943,28.454763412 82.5090465550001,28.45448494 82.5137043000001,28.4529972080001 82.5171184540001,28.4512882230001 82.5208835600001,28.4510364540001 82.5203914640001,28.448534012 82.5190067290001,28.446977616 82.5159397130001,28.43972969 82.514734268,28.4378910070001 82.514799118,28.4354114540001 82.5134792330001,28.4339923860001 82.5121097570001,28.42902565 82.5128612520001,28.4262447360001 82.5120067600001,28.4205532070001 82.5124645230001,28.419736862 82.5112323760001,28.4159297950001 82.50917244,28.4138507850001 82.5092563630001,28.412168503 82.508272172,28.410215378 82.509569168,28.409421921 82.5095500950001,28.407339096 82.5104465490001,28.405988693 82.5123233790001,28.404951096 82.5137386330001,28.4050807950001 82.5165424350001,28.40381813 82.5171031950001,28.405485153 82.5197048190001,28.404817581 82.5212650300001,28.407312393 82.5218563080001,28.4117870330001 82.523794174,28.4131755830001 82.5283985140001,28.4181385040001 82.5308399200001,28.4237422940001 82.5324840550001,28.424840927 82.534353256,28.424913406 82.535795212,28.423952103 82.538324356,28.4242572790001 82.541128159,28.425210953 82.5444889070001,28.4245853420001 82.5476245880001,28.4246997830001 82.5501575470001,28.4253826140001 82.553026199,28.426931381 82.555582047,28.4300365450001 82.5590229030001,28.433263778 82.5612316130001,28.434041977 82.5623111730001,28.4331493380001 82.5613498690001,28.4294834140001 82.5613765720001,28.423051834 82.562856674,28.4207935330001 82.566480637,28.418981552 82.567056656,28.4198093420001 82.566671372,28.42266655 82.565748215,28.4249706260001 82.5674343110001,28.427061081 82.571271897,28.428552627 82.5773448950001,28.4293155670001 82.5810604100001,28.4321193690001 82.5840663910001,28.432367325 82.5884037020001,28.4357547760001 82.589470464,28.434485658 82.5936601400001,28.4351061450001 82.5952816020001,28.4344158170001 82.597665787,28.4348163600001 82.6031308870001,28.434396083 82.60524559,28.4333286290001 82.608484268,28.430967331 82.6106624620001,28.4268474580001 82.6147441860001,28.4270915990001 82.6151065830001,28.4242534640001 82.6178455360001,28.423246384 82.6226100920001,28.423681259 82.624577576,28.42196133 82.6265036390001,28.4226033940001 82.6295146940001,28.4223423010001 82.6333332070001,28.4249362950001 82.6376819610001,28.425813675 82.6395473490001,28.424222946 82.6442027030001,28.4225597070001 82.6468944550001,28.4241504670001 82.6507445170001,28.4234368310001 82.6531429300001,28.424261093 82.6573429100001,28.423261643 82.6613093890001,28.4236358950001 82.6598377230001,28.426813125 82.6584873200001,28.4284305570001 82.655000687,28.431364059 82.6536426540001,28.433626175 82.6525630950001,28.438238144 82.649807765,28.438677333 82.646032334,28.4403705600001 82.6444301610001,28.4417133330001 82.6401767730001,28.4397869110001 82.6359386440001,28.442083359 82.6329326630001,28.4441814420001 82.6296939850001,28.447629928 82.6325152030001,28.4488207700001 82.6343780160001,28.4513186450001 82.629364702,28.4540700200001 82.628255203,28.455340145 82.6241621400001,28.458136708 82.6180727650001,28.464774833 82.6172644530001,28.47011752 82.6157935160001,28.4712485200001 82.6173130780001,28.4726310200001 82.6183089530001,28.475169957 82.6198498910001,28.476606771 82.6205698910001,28.47849777 82.622430266,28.4804904580001 82.623170203,28.4826658330001 82.6250260150001,28.4841058320001 82.6278323910001,28.4844319580001 82.6293193870001,28.4859899630001 82.634208141,28.486887333 82.6362742030001,28.488545833 82.639573828,28.4894248320001 82.6410825780001,28.4930425200001 82.642546328,28.4948460200001</coordinates></LinearRing></outerBoundaryIs></Polygon>
  </Placemark>
  <Placemark id="lumbini.73">
	<name>5</name>
	<description>ROLPA</description>
	<Style><LineStyle><color>ff0000ff</color></LineStyle><PolyStyle><fill>0</fill></PolyStyle></Style>
	<ExtendedData><SchemaData schemaUrl="#lumbini">
		<SimpleData name="STATE_CODE">0</SimpleData>
		<SimpleData name="DISTRICT">Gaunpalika</SimpleData>
		<SimpleData name="GaPa_NaPa">5</SimpleData>
	</SchemaData></ExtendedData>
      <Polygon><outerBoundaryIs><LinearRing><coordinates>82.906056016,28.310829321 82.9043598170001,28.3118572230001 82.9019489290001,28.314229965 82.898870468,28.3135662080001 82.894464493,28.313573837 82.891351699,28.314577102 82.888910293,28.318574906 82.886651993,28.3198413850001 82.88625145,28.322759628 82.8823146820001,28.3220729830001 82.874792099,28.3223400110001 82.8728961950001,28.3220615390001 82.8714008330001,28.3208293920001 82.8693599700001,28.323511124 82.8675632470001,28.3250675200001 82.8636455540001,28.325765609 82.8607270160001,28.3275991450001 82.8559856410001,28.328947068 82.8535442350001,28.327989578 82.8495960230001,28.324571609 82.844247818,28.318651199 82.8424434660001,28.318254471 82.8391551980001,28.3184795380001 82.8373432160001,28.3192729950001 82.835477622,28.3186243920001 82.8322010040001,28.3164196020001 82.8306179050001,28.314554215 82.828748703,28.313856125 82.8272418980001,28.3104953760001 82.8264484410001,28.3098049160001 82.8234030140001,28.310091707 82.8206462860001,28.312086106 82.8135318760001,28.3159542080001 82.8128832630001,28.3187087040001 82.811129887,28.3217999570001 82.8092250820001,28.3224620820001 82.8077449800001,28.3239650720001 82.8052692420001,28.3283176420001 82.8031183510001,28.329682909 82.802255631,28.3344860070001 82.800287246,28.3372898100001 82.8001575470001,28.339582443 82.7988193250001,28.3458898310001 82.7970476390001,28.3482362070001 82.793787002,28.3439693450001 82.7933063510001,28.3423404690001 82.79122734,28.340547562 82.791707993,28.3379879 82.789739609,28.335737228 82.7885150910001,28.3354244230001 82.78217125,28.3287410730001 82.7811603550001,28.326890946 82.778921127,28.3246707910001 82.779020309,28.323637009 82.7775287630001,28.320692062 82.7778263100001,28.3190822610001 82.7747364050001,28.3181400300001 82.771593093,28.312421799 82.7703075410001,28.312009812 82.769754409,28.3074169160001 82.7700595860001,28.3056545260001 82.7694339750001,28.303113937 82.767831802,28.300970077 82.768102646,28.298707962 82.766084671,28.297060012 82.766359326,28.2932051450001 82.7650737760001,28.2914676670001 82.764619823,28.2896404300001 82.76063256,28.2864979990001 82.758825302,28.2849292760001 82.7581882480001,28.281988144 82.7560787200001,28.280164719 82.7529582980001,28.274766922 82.7500934600001,28.2730922700001 82.7467556000001,28.2730770110001 82.7468929290001,28.2709369660001 82.7447986600001,28.2685565950001 82.745061874,28.2671794890001 82.7441082000001,28.2642536170001 82.7412052160001,28.259634018 82.7400150300001,28.256795884 82.735204696,28.249830246 82.7340297700001,28.2468051910001 82.736631393,28.244470597 82.7387828820001,28.2442989350001 82.740472793,28.2434024820001 82.7480525970001,28.2453022 82.7525501250001,28.248258591 82.7556362160001,28.248903275 82.759389878,28.2472248080001 82.7622852330001,28.2476215360001 82.763929368,28.2465610510001 82.7622127550001,28.243726731 82.7644290920001,28.243223191 82.7660617830001,28.241075516 82.768899918,28.240552903 82.7717952740001,28.241140366 82.7735233320001,28.2422008520001 82.7765102400001,28.2419834140001 82.7775516520001,28.238687515 82.779668809,28.2372303010001 82.7814731600001,28.2368183140001 82.7851238270001,28.2347354890001 82.7858791360001,28.2315731050001 82.789304734,28.2304439550001 82.7902698520001,28.228254318 82.7941112520001,28.2263317110001 82.793855668,28.2237148290001 82.7922649380001,28.221086502 82.7922115330001,28.2197895050001 82.7961864470001,28.217470169 82.7975749980001,28.213644027 82.797655106,28.2112369540001 82.7966861740001,28.2055568700001 82.7955188760001,28.2014179230001 82.7983722700001,28.198339463 82.798837662,28.1967182160001 82.7984600080001,28.192739487 82.7989444740001,28.191270828 82.7974300400001,28.189847946 82.8012510780001,28.1866779580001 82.8066806790001,28.1862545010001 82.814140953,28.1865645820001 82.8161507030001,28.187283645 82.8171964530001,28.1879378950001 82.8204869530001,28.19281227 82.8224016400001,28.19498552 82.823769703,28.195545458 82.8269878290001,28.19835477 82.827408828,28.1995631450001 82.8266125170001,28.2032472070001 82.8267036400001,28.20542727 82.8249725150001,28.2074248330001 82.8212830150001,28.2103642700001 82.8208658900001,28.211757145 82.8184523900001,28.2132907700001 82.819450703,28.2147477070001 82.8242467650001,28.2162847700001 82.8282002650001,28.2186582080001 82.831324828,28.219898707 82.833178203,28.221915645 82.8356342310001,28.2235164640001 82.8385552650001,28.2261892070001 82.8387553910001,28.2283498950001 82.840776078,28.2309412070001 82.8438816070001,28.231840133 82.8479520160001,28.2324930820001 82.8523501400001,28.232405957 82.8542832030001,28.235377645 82.8547993910001,28.2384749570001 82.853197203,28.2439865200001 82.8519339530001,28.246922333 82.8518992030001,28.2497533320001 82.850321953,28.2548116450001 82.8507209530001,28.2558843950001 82.855242015,28.2563690200001 82.857869328,28.257712957 82.862846829,28.257458957 82.8659423980001,28.2592262060001 82.8712514530001,28.2633041450001 82.8745075780001,28.263775396 82.876408703,28.2659433330001 82.879460141,28.26790177 82.880948516,28.267665833 82.8853262650001,28.2708803950001 82.8875513280001,28.273301207 82.8888920160001,28.275859145 82.8907140150001,28.2769817070001 82.8910755780001,28.279876895 82.8909779530001,28.285883896 82.8887553910001,28.2909509580001 82.8896975160001,28.2930995830001 82.8921495770001,28.295007894 82.893752766,28.2953547070001 82.8962567820001,28.294721596 82.898625016,28.2975643950001 82.900861766,28.2984352070001 82.9022742660001,28.29973477 82.90213464,28.301357958 82.90328064,28.30420077 82.9039012650001,28.3076552700001 82.906056016,28.310829321</coordinates></LinearRing></outerBoundaryIs></Polygon>
  </Placemark>
  <Placemark id="lumbini.74">
	<name>5</name>
	<description>ROLPA</description>
	<Style><LineStyle><color>ff0000ff</color></LineStyle><PolyStyle><fill>0</fill></PolyStyle></Style>
	<ExtendedData><SchemaData schemaUrl="#lumbini">
		<SimpleData name="STATE_CODE">0</SimpleData>
		<SimpleData name="DISTRICT">Gaunpalika</SimpleData>
		<SimpleData name="GaPa_NaPa">5</SimpleData>
	</SchemaData></ExtendedData>
      <Polygon><outerBoundaryIs><LinearRing><coordinates>82.589470464,28.434485658 82.5884037020001,28.4357547760001 82.5840663910001,28.432367325 82.5810604100001,28.4321193690001 82.5773448950001,28.4293155670001 82.571271897,28.428552627 82.5674343110001,28.427061081 82.565748215,28.4249706260001 82.566671372,28.42266655 82.567056656,28.4198093420001 82.566480637,28.418981552 82.562856674,28.4207935330001 82.5613765720001,28.423051834 82.5613498690001,28.4294834140001 82.5623111730001,28.4331493380001 82.5612316130001,28.434041977 82.5590229030001,28.433263778 82.555582047,28.4300365450001 82.553026199,28.426931381 82.5501575470001,28.4253826140001 82.5476245880001,28.4246997830001 82.5444889070001,28.4245853420001 82.541128159,28.425210953 82.538324356,28.4242572790001 82.535795212,28.423952103 82.534353256,28.424913406 82.5324840550001,28.424840927 82.5308399200001,28.4237422940001 82.5283985140001,28.4181385040001 82.523794174,28.4131755830001 82.5218563080001,28.4117870330001 82.5212650300001,28.407312393 82.5197048190001,28.404817581 82.5171031950001,28.405485153 82.5165424350001,28.40381813 82.5137386330001,28.4050807950001 82.5123233790001,28.404951096 82.5104465490001,28.405988693 82.5095500950001,28.407339096 82.509569168,28.409421921 82.508272172,28.410215378 82.5092563630001,28.412168503 82.50917244,28.4138507850001 82.5112323760001,28.4159297950001 82.5124645230001,28.419736862 82.5120067600001,28.4205532070001 82.5128612520001,28.4262447360001 82.5121097570001,28.42902565 82.5134792330001,28.4339923860001 82.514799118,28.4354114540001 82.514734268,28.4378910070001 82.5159397130001,28.43972969 82.5190067290001,28.446977616 82.5203914640001,28.448534012 82.5208835600001,28.4510364540001 82.5171184540001,28.4512882230001 82.5137043000001,28.4529972080001 82.5090465550001,28.45448494 82.506032943,28.454763412 82.5035114290001,28.4535236360001 82.5000019070001,28.4536457070001 82.4989986410001,28.4545421600001 82.493803024,28.4559383390001 82.4913272850001,28.4561748510001 82.4912548070001,28.458234787 82.489816665,28.460702896 82.487314224,28.462884903 82.4836864470001,28.46355629 82.4813175200001,28.4645786290001 82.4792385100001,28.466215134 82.4742565160001,28.461381912 82.4729709630001,28.458517074 82.473707199,28.457479477 82.47413063,28.4542827600001 82.4735927580001,28.4516773230001 82.4707813260001,28.448068619 82.4665203100001,28.4440517420001 82.4656391140001,28.437200547 82.4655513760001,28.433820724 82.4610042570001,28.4351596830001 82.4553089140001,28.435243606 82.4522914880001,28.434747696 82.4485759740001,28.4330196380001 82.4482173920001,28.4309902200001 82.448690415,28.4276599880001 82.449857712,28.425657272 82.4499835970001,28.423288346 82.4517520780001,28.4204560200001 82.4517668280001,28.4190617080001 82.45444689,28.417526208 82.4547995770001,28.416311083 82.4572647030001,28.4155763950001 82.4585789530001,28.4138682080001 82.4595661160001,28.4106884 82.4605541230001,28.409814834 82.4578270150001,28.4064726450001 82.4549782650001,28.4067940830001 82.451539391,28.4066435830001 82.44876264,28.4058790830001 82.4463132650001,28.407662395 82.444345765,28.4082540200001 82.4422298280001,28.4078681450001 82.4416548900001,28.4067688330001 82.4391507030001,28.405590708 82.4392900780001,28.399766895 82.440010327,28.3983674580001 82.440381265,28.3949436450001 82.4394165160001,28.391565583 82.43992789,28.386886082 82.437321953,28.3853615830001 82.434857015,28.385022083 82.43385614,28.3838189570001 82.4333172030001,28.381442458 82.4315493280001,28.3791555830001 82.4297976400001,28.3778768330001 82.4283037020001,28.3696067700001 82.4255403280001,28.365710521 82.4251311400001,28.3629558330001 82.421174265,28.362433208 82.418722141,28.3631717060001 82.418066025,28.360181809 82.418722153,28.357973099 82.420289993,28.356084824 82.4247951500001,28.3531551360001 82.4268856050001,28.3523082740001 82.4305629510001,28.3499322700001 82.438029827,28.3503748320001 82.4428362640001,28.349863957 82.4485683440001,28.3489322660001 82.450304014,28.349096644 82.452943802,28.3472347260001 82.4547827630001,28.3470592670001 82.4571097990001,28.3449954540001 82.461549759,28.3451557160001 82.465021134,28.3436908730001 82.4693470000001,28.3434848790001 82.4720008910001,28.3444133950001 82.4741827620001,28.345781646 82.4776199510001,28.3465498320001 82.4791026400001,28.3477360800001 82.4815510760001,28.3477207080001 82.483014702,28.346843145 82.486588451,28.3462425170001 82.4869750140001,28.3446163940001 82.4927959440001,28.340532303 82.495794296,28.33994484 82.5000003270001,28.340368142 82.503459202,28.3390729560001 82.5064907070001,28.339597702 82.5089761390001,28.3377325210001 82.514238575,28.3384441440001 82.5167776390001,28.340844894 82.518590927,28.34176445 82.5220717010001,28.3422987070001 82.5279302000001,28.340879956 82.5303443270001,28.341848956 82.5327053070001,28.3402957910001 82.5363395140001,28.3393552680001 82.537703391,28.3418423300001 82.538042325,28.344742454 82.540198887,28.34871108 82.5408767010001,28.3512628920001 82.5449366390001,28.3526282080001 82.5495093260001,28.3552102690001 82.5533591390001,28.3583935830001 82.5552630760001,28.36240208 82.5573315760001,28.365855142 82.558968328,28.370763142 82.5585047000001,28.37503758 82.5592746740001,28.377374649 82.5612812050001,28.3763790130001 82.5642751400001,28.377604767 82.563815516,28.380293395 82.564021138,28.383065704 82.5663333890001,28.385682079 82.5683868250001,28.390339329 82.5717093260001,28.39327983 82.5728602,28.3962831440001 82.5770598890001,28.3996657060001 82.577757825,28.4007783930001 82.576308199,28.403745456 82.5766260130001,28.406264079 82.5758397010001,28.407442455 82.5775455150001,28.41086883 82.578659202,28.4154350210001 82.5783945740001,28.42163358 82.5797887620001,28.424483708 82.582160388,28.4260604570001 82.583050513,28.427515769 82.5874395760001,28.4300833950001 82.5885051380001,28.431350955 82.589470464,28.434485658</coordinates></LinearRing></outerBoundaryIs></Polygon>
  </Placemark>
  <Placemark id="lumbini.75">
	<name>5</name>
	<description>ROLPA</description>
	<Style><LineStyle><color>ff0000ff</color></LineStyle><PolyStyle><fill>0</fill></PolyStyle></Style>
	<ExtendedData><SchemaData schemaUrl="#lumbini">
		<SimpleData name="STATE_CODE">0</SimpleData>
		<SimpleData name="DISTRICT">Nagarpalika</SimpleData>
		<SimpleData name="GaPa_NaPa">5</SimpleData>
	</SchemaData></ExtendedData>
      <Polygon><outerBoundaryIs><LinearRing><coordinates>82.6613093890001,28.4236358950001 82.6573429100001,28.423261643 82.6531429300001,28.424261093 82.6507445170001,28.4234368310001 82.6468944550001,28.4241504670001 82.6442027030001,28.4225597070001 82.6395473490001,28.424222946 82.6376819610001,28.425813675 82.6333332070001,28.4249362950001 82.6295146940001,28.4223423010001 82.6265036390001,28.4226033940001 82.624577576,28.42196133 82.6226100920001,28.423681259 82.6178455360001,28.423246384 82.6151065830001,28.4242534640001 82.6147441860001,28.4270915990001 82.6106624620001,28.4268474580001 82.608484268,28.430967331 82.60524559,28.4333286290001 82.6031308870001,28.434396083 82.597665787,28.4348163600001 82.5952816020001,28.4344158170001 82.5936601400001,28.4351061450001 82.589470464,28.434485658 82.5885051380001,28.431350955 82.5874395760001,28.4300833950001 82.583050513,28.427515769 82.582160388,28.4260604570001 82.5797887620001,28.424483708 82.5783945740001,28.42163358 82.578659202,28.4154350210001 82.5775455150001,28.41086883 82.5758397010001,28.407442455 82.5766260130001,28.406264079 82.576308199,28.403745456 82.577757825,28.4007783930001 82.5770598890001,28.3996657060001 82.5728602,28.3962831440001 82.5717093260001,28.39327983 82.5683868250001,28.390339329 82.5663333890001,28.385682079 82.564021138,28.383065704 82.563815516,28.380293395 82.5642751400001,28.377604767 82.5612812050001,28.3763790130001 82.5592746740001,28.377374649 82.5585047000001,28.37503758 82.558968328,28.370763142 82.5573315760001,28.365855142 82.5552630760001,28.36240208 82.5533591390001,28.3583935830001 82.5495093260001,28.3552102690001 82.5449366390001,28.3526282080001 82.5408767010001,28.3512628920001 82.540198887,28.34871108 82.538042325,28.344742454 82.537703391,28.3418423300001 82.5363395140001,28.3393552680001 82.5365537000001,28.334306768 82.5348165140001,28.332510518 82.5316600150001,28.3302387680001 82.5272658250001,28.328456644 82.5248882020001,28.326786456 82.52351314,28.3246104580001 82.524175702,28.322488143 82.52687339,28.322136018 82.5328495780001,28.319671645 82.5363730750001,28.3203005180001 82.5377425140001,28.3200580210001 82.5398259500001,28.3184538310001 82.5407600760001,28.3157590820001 82.5418087,28.315576268 82.545793889,28.3170760830001 82.5487985770001,28.317234392 82.552373075,28.318431892 82.557203202,28.3169129570001 82.5602865750001,28.314574581 82.5624344510001,28.3111028920001 82.5629078260001,28.309382145 82.561930326,28.304591642 82.5629084510001,28.3020099570001 82.5661572010001,28.2973247670001 82.5684525140001,28.2955283320001 82.570189703,28.297376145 82.5717127030001,28.297416894 82.5758506380001,28.295465892 82.5815840130001,28.2957669570001 82.5848828890001,28.29527783 82.5842954510001,28.2913532700001 82.5878015770001,28.290257081 82.5891185140001,28.2890841440001 82.587764264,28.2869788950001 82.587861639,28.2842345190001 82.5838145770001,28.2811042700001 82.582855828,28.279797269 82.5863386390001,28.2785857710001 82.585740076,28.276874208 82.58290764,28.274897955 82.582928139,28.2729152050001 82.584277012,28.270826706 82.5836521360001,28.2686771420001 82.581221514,28.267979645 82.5770297020001,28.2650891430001 82.5750575120001,28.2651114550001 82.5724711390001,28.263902333 82.5708629520001,28.265787269 82.567621639,28.2673482050001 82.5657335770001,28.2672923320001 82.561852828,28.2659837040001 82.56072514,28.265094333 82.5543825120001,28.2626564560001 82.5502752030001,28.260393143 82.5516676400001,28.258413708 82.553173514,28.251786082 82.554874639,28.250491144 82.5604512,28.2488174550001 82.5618318250001,28.2478326450001 82.564882389,28.248997144 82.5722904520001,28.2489687070001 82.5741181380001,28.2482004550001 82.581415577,28.2437758940001 82.5856910780001,28.2419184560001 82.5880195120001,28.242109455 82.5901598890001,28.2368707700001 82.591700889,28.2366655820001 82.5955180130001,28.237722268 82.6010913900001,28.2359002060001 82.60324689,28.2337949550001 82.6053946380001,28.232569331 82.6037933870001,28.229850395 82.600206638,28.2268878310001 82.60147664,28.2252111450001 82.6046178880001,28.2271178930001 82.6063098260001,28.2269772060001 82.6089560120001,28.225729582 82.611486514,28.225831957 82.618094075,28.223588767 82.6201016370001,28.2238550170001 82.6231479640001,28.2261791230001 82.6248836520001,28.228059769 82.6262874600001,28.226774216 82.62971014,28.2259390830001 82.6344312000001,28.228501705 82.6356906890001,28.229967118 82.638672818,28.230112175 82.6406762170001,28.2310886650001 82.641290665,28.232404709 82.6439418790001,28.2339878080001 82.644384384,28.2351360330001 82.6428737640001,28.236467362 82.6400481370001,28.237315208 82.6363502090001,28.2363336230001 82.634492874,28.2348003390001 82.632513046,28.236539841 82.6336128250001,28.239628768 82.6343441010001,28.23975563 82.638494327,28.243126832 82.641380504,28.246452097 82.643775953,28.2480205200001 82.646144828,28.248917083 82.6467914580001,28.250253678 82.6496303280001,28.2508961450001 82.6513908960001,28.2522785130001 82.6535420760001,28.2528027060001 82.65823664,28.2527631450001 82.662205015,28.2510942700001 82.6654323910001,28.25158377 82.6691417690001,28.2534961700001 82.6720447540001,28.254159929 82.674673081,28.2535991670001 82.6806011200001,28.2554645540001 82.6859147640001,28.2559287060001 82.6863689450001,28.259050175 82.6853694910001,28.260671615 82.6861133570001,28.2626476290001 82.687990186,28.2655086550001 82.690172196,28.2677364350001 82.6940670020001,28.2696247100001 82.6971988280001,28.272825519 82.7009296420001,28.272932053 82.701528549,28.273794174 82.700937271,28.275857925 82.7027490140001,28.2758810190001 82.7043094640001,28.2744159700001 82.707632065,28.273870468 82.709466934,28.2725811 82.712705612,28.273588181 82.715627671,28.273313522 82.723974228,28.2766246800001 82.7257785800001,28.276647568 82.726419449,28.2777423860001 82.7263203250001,28.280587708 82.727304459,28.282083512 82.7261180130001,28.2828620830001 82.7192668920001,28.2820491790001 82.716638565,28.2836399080001 82.7131234500001,28.281616768 82.7109127050001,28.281244278 82.7092272020001,28.283319395 82.7100322640001,28.2860927680001 82.7085208890001,28.288496018 82.7044239040001,28.288503647 82.6989689530001,28.2876617690001 82.6958808250001,28.2835625810001 82.6936208990001,28.2825031940001 82.6911144250001,28.284292221 82.691404343,28.287103653 82.686637015,28.2867631450001 82.6841401390001,28.285685583 82.6804752350001,28.2855968480001 82.6777744290001,28.286447525 82.6795805770001,28.287809517 82.6800917,28.289244769 82.679169765,28.2927776450001 82.6777792030001,28.2947787700001 82.677142889,28.2969179570001 82.677800942,28.2990201860001 82.67701149,28.301713943 82.677358627,28.305532455 82.6768362030001,28.306333518 82.6731853490001,28.3074512480001 82.669366837,28.3117160800001 82.6692447670001,28.314638137 82.671163559,28.319078446 82.6727504730001,28.3210315700001 82.676019668,28.3231830600001 82.6781368260001,28.3258419040001 82.6818141940001,28.32701683 82.6850528720001,28.329931259 82.6878261570001,28.3313503260001 82.6883830080001,28.336068794 82.690568924,28.339380265 82.693319321,28.3410282130001 82.697095871,28.3454113 82.694280624,28.348230362 82.6937732700001,28.3499469760001 82.6942615510001,28.3517589570001 82.6956768040001,28.3533496860001 82.6991596220001,28.3554553980001 82.7007656100001,28.3570613860001 82.7056560520001,28.3576068880001 82.706537246,28.358507156 82.703813553,28.3596477510001 82.703248978,28.3607501990001 82.7034969330001,28.363405228 82.7021465300001,28.366514206 82.7038326270001,28.3696842190001 82.706281662,28.3712749480001 82.707761765,28.3731670380001 82.708501815,28.3753070830001 82.710544901,28.3768733320001 82.709280139,28.378522832 82.7103856370001,28.381339644 82.7103307620001,28.3841635200001 82.7096262630001,28.3891988930001 82.712261138,28.391743644 82.7131117000001,28.394348269 82.7124334520001,28.3971685170001 82.7146951380001,28.4040433920001 82.715979389,28.4063272070001 82.7168463240001,28.4093132040001 82.715944827,28.412763017 82.712862451,28.415314704 82.7122640140001,28.4168747050001 82.7089828910001,28.4184655830001 82.708026638,28.419433333 82.707967576,28.423249771 82.707537388,28.4254406430001 82.704620887,28.428839645 82.7042507020001,28.4314710190001 82.698632516,28.4317038950001 82.6897005770001,28.4301361440001 82.688338952,28.4287717080001 82.6832855150001,28.426789646 82.6796111400001,28.426571333 82.6769591400001,28.427222333 82.6724315770001,28.4243832060001 82.6696050780001,28.421289895 82.6685767020001,28.4209572070001 82.6648048900001,28.42205727 82.6613093890001,28.4236358950001</coordinates></LinearRing></outerBoundaryIs></Polygon>
  </Placemark>
  <Placemark id="lumbini.76">
	<name>5</name>
	<description>ROLPA</description>
	<Style><LineStyle><color>ff0000ff</color></LineStyle><PolyStyle><fill>0</fill></PolyStyle></Style>
	<ExtendedData><SchemaData schemaUrl="#lumbini">
		<SimpleData name="STATE_CODE">0</SimpleData>
		<SimpleData name="DISTRICT">Gaunpalika</SimpleData>
		<SimpleData name="GaPa_NaPa">5</SimpleData>
	</SchemaData></ExtendedData>
      <Polygon><outerBoundaryIs><LinearRing><coordinates>82.5502752030001,28.260393143 82.547306828,28.2616587040001 82.5451760780001,28.2612164560001 82.5418092630001,28.259788708 82.5394900750001,28.2592946440001 82.5337547010001,28.2595762070001 82.5308588890001,28.260905393 82.5283272620001,28.2587666430001 82.525073702,28.258853393 82.5216267000001,28.257146768 82.518963951,28.2565201420001 82.5172142630001,28.2552740190001 82.5137945760001,28.254005143 82.5116020140001,28.2550956420001 82.5089930140001,28.253589644 82.5092766390001,28.2522482700001 82.511761015,28.2505247670001 82.5147739510001,28.2500002670001 82.5187067640001,28.245104956 82.5196024510001,28.2400840810001 82.518323265,28.2355742680001 82.5170681380001,28.2326889570001 82.517182953,28.2307410830001 82.5161149520001,28.227411143 82.514510386,28.2257920800001 82.5090067630001,28.22365677 82.5079002640001,28.221817458 82.5076655130001,28.2185235790001 82.505688578,28.214813642 82.5058288880001,28.2135360830001 82.5073740130001,28.2116738300001 82.507585202,28.210128581 82.5037673900001,28.211429143 82.502626015,28.2125535820001 82.4981796390001,28.2147848330001 82.496136828,28.216909706 82.494033513,28.2176252680001 82.4910145760001,28.2166047050001 82.4846401390001,28.219074269 82.484187702,28.219873267 82.4785003910001,28.221868144 82.4754218890001,28.225952894 82.474299328,28.22970752 82.4704424510001,28.2302882070001 82.4691588250001,28.2297899540001 82.4654687650001,28.232182455 82.4623116370001,28.2355120180001 82.4572313260001,28.237179268 82.4540578260001,28.2391440810001 82.45170189,28.2395999570001 82.4471658250001,28.238493082 82.445474699,28.2384725790001 82.4424682640001,28.2417528290001 82.4423143270001,28.2432794540001 82.439201202,28.2465021450001 82.43826039,28.246063082 82.436982889,28.243371645 82.4341400150001,28.241863019 82.4328125150001,28.241843083 82.429286265,28.2396083310001 82.4285840780001,28.2378154570001 82.430089266,28.2347813320001 82.4302016400001,28.2309812070001 82.4295175140001,28.229912332 82.4267960780001,28.2291240820001 82.42604714,28.227920457 82.4240942650001,28.229617019 82.4215213900001,28.2298422690001 82.4196363880001,28.228923395 82.419103453,28.2269550190001 82.4167485770001,28.2245452070001 82.4089763260001,28.220930394 82.407615702,28.215503144 82.405589766,28.2129364570001 82.4063217020001,28.211408395 82.4042430150001,28.205726832 82.404942202,28.2020379570001 82.4036262020001,28.19920677 82.4039981390001,28.1971252070001 82.4031680150001,28.1958613950001 82.4034973280001,28.1936292070001 82.402517952,28.192441332 82.4034966400001,28.1881720810001 82.4049810770001,28.1859280190001 82.405094202,28.1842100810001 82.4034087640001,28.182905394 82.401109515,28.1800165810001 82.401049765,28.178853083 82.402873701,28.1772192080001 82.4024102010001,28.175308645 82.4004562650001,28.1715995810001 82.4008024520001,28.1705718320001 82.3986918270001,28.168750333 82.4018817030001,28.1680183940001 82.4050447020001,28.1641125190001 82.4108583280001,28.160806456 82.415823576,28.159453581 82.4202476390001,28.1565495200001 82.4241310150001,28.1550766450001 82.427325264,28.1543824570001 82.429678015,28.1549647680001 82.4326585760001,28.153902644 82.4390413900001,28.1489200820001 82.447546888,28.1474318320001 82.4496663260001,28.1475132080001 82.456672014,28.1463267070001 82.4597831390001,28.1446558320001 82.4613245770001,28.1443957700001 82.466237328,28.141494019 82.4686755770001,28.1417318950001 82.4716987640001,28.140255645 82.475186014,28.1401550200001 82.4770363270001,28.142661644 82.4793825150001,28.144159082 82.4816508900001,28.1437871430001 82.483846451,28.1398900200001 82.483237703,28.136760957 82.4841262020001,28.133735207 82.486490201,28.1303527700001 82.488475389,28.131199769 82.488877265,28.132422519 82.491395577,28.1335389560001 82.4927348890001,28.135699082 82.494528765,28.136182583 82.49703564,28.134765583 82.4973500150001,28.136596207 82.499817389,28.1400770820001 82.502936327,28.1421127080001 82.5031830770001,28.1452578330001 82.5042230160001,28.1483778320001 82.5059041390001,28.149751957 82.5091537650001,28.149990395 82.5124152650001,28.148812144 82.5135219520001,28.1491038950001 82.518053702,28.148564207 82.5216648270001,28.1468910190001 82.5215530150001,28.1454189570001 82.5201792650001,28.142845956 82.5177697660001,28.1396774570001 82.5184720770001,28.1389450830001 82.5223685780001,28.138984894 82.524197701,28.1386008320001 82.5259976410001,28.136722956 82.5291778260001,28.1353336440001 82.5329133270001,28.135653457 82.5356769530001,28.133677581 82.5400006400001,28.1324941440001 82.540829827,28.131821707 82.544030266,28.131406832 82.5464987010001,28.133745332 82.5481335160001,28.1343333940001 82.550292702,28.133688519 82.5541282030001,28.135258519 82.5557405160001,28.136723832 82.5591372650001,28.1360940820001 82.5638025150001,28.133476581 82.5632983900001,28.132207957 82.561097014,28.1312057690001 82.562830826,28.12943727 82.5626327030001,28.1279079560001 82.5636538900001,28.125513832 82.5650345780001,28.1248582700001 82.5640061390001,28.1227382070001 82.5668862650001,28.1209793940001 82.5666097650001,28.1186664570001 82.568587515,28.1169680190001 82.5691478890001,28.1153225830001 82.571768702,28.114578394 82.573123078,28.11327952 82.5764305150001,28.1131853320001 82.5799132020001,28.1096886450001 82.5831764530001,28.110627019 82.5845052650001,28.11016927 82.5855778280001,28.1083913320001 82.58744139,28.107990956 82.588235764,28.10605902 82.589885515,28.1052007060001 82.590658702,28.1028872690001 82.5933999530001,28.102924457 82.5969133280001,28.101302333 82.5978350140001,28.100346207 82.599016766,28.095988456 82.5990192020001,28.0930828940001 82.599897577,28.092566145 82.6023381400001,28.0935610820001 82.6039838890001,28.0969617690001 82.6063807640001,28.0991022690001 82.6084795770001,28.1022932070001 82.6086310150001,28.105714768 82.607945891,28.1090962700001 82.608890515,28.1120566450001 82.6085703900001,28.116470581 82.609300514,28.1192956450001 82.607307953,28.123805394 82.607160703,28.126806518 82.6059832020001,28.128321832 82.60619689,28.13068602 82.602470515,28.131347395 82.600985139,28.1331437690001 82.595107764,28.136402145 82.594107201,28.137982333 82.590366202,28.1398840200001 82.590437389,28.142248957 82.5919651410001,28.147135206 82.5945247650001,28.148178957 82.6018773900001,28.1480443950001 82.6047463900001,28.150464895 82.606163515,28.15017027 82.6089431390001,28.151865706 82.610526952,28.154430957 82.6123348890001,28.1583520820001 82.6123287020001,28.1604094570001 82.613341265,28.162752332 82.6142972640001,28.167783768 82.615439827,28.1698707680001 82.617339014,28.1705396450001 82.6212789530001,28.1747912700001 82.6241401400001,28.174576394 82.626759952,28.1767210200001 82.6265353910001,28.1780046440001 82.633259577,28.179698457 82.6305965770001,28.184005518 82.6265708880001,28.18449308 82.6256593910001,28.185686392 82.625880765,28.1913690810001 82.6284033250001,28.195427954 82.628606796,28.196748734 82.6262420150001,28.2008025170001 82.6218643870001,28.201875208 82.620138388,28.203464017 82.6174225520001,28.208405235 82.6169185640001,28.2117137910001 82.6176673260001,28.214184081 82.6195888460001,28.2184505480001 82.6207614520001,28.222361456 82.6201016370001,28.2238550170001 82.618094075,28.223588767 82.611486514,28.225831957 82.6089560120001,28.225729582 82.6063098260001,28.2269772060001 82.6046178880001,28.2271178930001 82.60147664,28.2252111450001 82.600206638,28.2268878310001 82.6037933870001,28.229850395 82.6053946380001,28.232569331 82.60324689,28.2337949550001 82.6010913900001,28.2359002060001 82.5955180130001,28.237722268 82.591700889,28.2366655820001 82.5901598890001,28.2368707700001 82.5880195120001,28.242109455 82.5856910780001,28.2419184560001 82.581415577,28.2437758940001 82.5741181380001,28.2482004550001 82.5722904520001,28.2489687070001 82.564882389,28.248997144 82.5618318250001,28.2478326450001 82.5604512,28.2488174550001 82.554874639,28.250491144 82.553173514,28.251786082 82.5516676400001,28.258413708 82.5502752030001,28.260393143</coordinates></LinearRing></outerBoundaryIs></Polygon>
  </Placemark>
  <Placemark id="lumbini.77">
	<name>5</name>
	<description>ROLPA</description>
	<Style><LineStyle><color>ff0000ff</color></LineStyle><PolyStyle><fill>0</fill></PolyStyle></Style>
	<ExtendedData><SchemaData schemaUrl="#lumbini">
		<SimpleData name="STATE_CODE">0</SimpleData>
		<SimpleData name="DISTRICT">Gaunpalika</SimpleData>
		<SimpleData name="GaPa_NaPa">5</SimpleData>
	</SchemaData></ExtendedData>
      <Polygon><outerBoundaryIs><LinearRing><coordinates>82.465175672,28.5213330120001 82.4617211400001,28.520872583 82.449689203,28.5229866450001 82.4461608280001,28.5227738950001 82.443617015,28.523633332 82.439620265,28.525611332 82.4346981050001,28.526025772 82.432043827,28.524443895 82.4293209530001,28.5255350830001 82.4266380160001,28.5259016460001 82.4246905150001,28.5270093950001 82.422964703,28.527070333 82.4200591050001,28.528634922 82.41861964,28.5243433950001 82.418233872,28.519498825 82.418785078,28.517386958 82.4176848280001,28.516617958 82.416074753,28.513219834 82.4137554170001,28.512845993 82.4125766750001,28.5101833350001 82.4123288900001,28.5080925830001 82.4103795770001,28.5067908950001 82.4093934530001,28.503597895 82.4114055630001,28.5000019070001 82.4111843110001,28.4994869240001 82.4136301400001,28.4963600200001 82.4135646820001,28.492544174 82.411165237,28.48838234 82.4086110150001,28.4875174580001 82.407632828,28.4864711760001 82.4072170260001,28.4843273160001 82.4080075780001,28.4805238330001 82.407518387,28.478075027 82.405247993,28.475537343 82.4032039640001,28.4725055700001 82.4022922520001,28.469697953 82.398492327,28.468803646 82.3977603910001,28.466535568 82.3984889980001,28.4618663790001 82.3974979530001,28.460316145 82.3932867650001,28.4579997070001 82.3885943280001,28.457564958 82.385438078,28.4559165200001 82.3814373010001,28.4529743190001 82.375696577,28.4481852700001 82.375520706,28.4459056850001 82.377450943,28.4403553010001 82.377500534,28.438444137 82.378839493,28.43577385 82.378786087,28.4311771390001 82.3773290770001,28.4293864580001 82.3710980770001,28.42595277 82.3694750780001,28.4255133950001 82.3674066400001,28.426098145 82.3595859530001,28.424337958 82.3530530780001,28.4237962080001 82.3522502650001,28.4217603330001 82.3532365780001,28.41780277 82.355777328,28.414783958 82.3548104530001,28.4113443320001 82.35567489,28.409794957 82.3582487020001,28.4085894580001 82.3629120150001,28.408019521 82.3641826400001,28.405331333 82.3669345150001,28.403747208 82.3674520150001,28.40242227 82.3656010770001,28.39685752 82.3647077030001,28.395282895 82.36444764,28.3919106450001 82.3654580770001,28.3881896460001 82.3682682030001,28.3869116450001 82.370058515,28.38394527 82.373027952,28.380935333 82.375124703,28.3794501450001 82.3770292030001,28.3771998330001 82.3794065150001,28.3757207080001 82.384986703,28.3734985200001 82.39029614,28.373266206 82.3935209520001,28.3741558950001 82.3966222010001,28.3729578950001 82.3990235140001,28.372746083 82.4018128280001,28.37373252 82.40627814,28.3731812080001 82.410538015,28.3732500190001 82.41297239,28.372026895 82.413632702,28.37056052 82.4129148260001,28.366288582 82.4149637630001,28.3662132060001 82.4162249520001,28.3631840210001 82.418722141,28.3631717060001 82.421174265,28.362433208 82.4251311400001,28.3629558330001 82.4255403280001,28.365710521 82.4283037020001,28.3696067700001 82.4297976400001,28.3778768330001 82.4315493280001,28.3791555830001 82.4333172030001,28.381442458 82.43385614,28.3838189570001 82.434857015,28.385022083 82.437321953,28.3853615830001 82.43992789,28.386886082 82.4394165160001,28.391565583 82.440381265,28.3949436450001 82.440010327,28.3983674580001 82.4392900780001,28.399766895 82.4391507030001,28.405590708 82.4416548900001,28.4067688330001 82.4422298280001,28.4078681450001 82.444345765,28.4082540200001 82.4463132650001,28.407662395 82.44876264,28.4058790830001 82.451539391,28.4066435830001 82.4549782650001,28.4067940830001 82.4578270150001,28.4064726450001 82.4605541230001,28.409814834 82.4595661160001,28.4106884 82.4585789530001,28.4138682080001 82.4572647030001,28.4155763950001 82.4547995770001,28.416311083 82.45444689,28.417526208 82.4517668280001,28.4190617080001 82.4517520780001,28.4204560200001 82.4499835970001,28.423288346 82.449857712,28.425657272 82.448690415,28.4276599880001 82.4482173920001,28.4309902200001 82.4485759740001,28.4330196380001 82.4522914880001,28.434747696 82.4553089140001,28.435243606 82.4610042570001,28.4351596830001 82.4655513760001,28.433820724 82.4656391140001,28.437200547 82.4665203100001,28.4440517420001 82.4707813260001,28.448068619 82.4735927580001,28.4516773230001 82.47413063,28.4542827600001 82.473707199,28.457479477 82.4729709630001,28.458517074 82.4742565160001,28.461381912 82.4792385100001,28.466215134 82.478292465,28.467874527 82.475957871,28.4702854170001 82.4758701330001,28.4721164700001 82.476854324,28.474191665 82.4787616730001,28.482263565 82.4784679410001,28.4853115080001 82.4811038980001,28.4908008570001 82.479795456,28.4931049350001 82.4796352390001,28.49523735 82.4786853790001,28.496099472 82.478803634,28.4982967380001 82.4778537750001,28.5000019070001 82.4770946510001,28.50507164 82.474859237,28.507936478 82.4729328160001,28.5112857820001 82.471494674,28.5126209260001 82.4702396390001,28.5169620510001 82.468050003,28.518304825 82.465175672,28.5213330120001</coordinates></LinearRing></outerBoundaryIs></Polygon>
  </Placemark>
  <Placemark id="lumbini.78">
	<name>5</name>
	<description>ROLPA</description>
	<Style><LineStyle><color>ff0000ff</color></LineStyle><PolyStyle><fill>0</fill></PolyStyle></Style>
	<ExtendedData><SchemaData schemaUrl="#lumbini">
		<SimpleData name="STATE_CODE">0</SimpleData>
		<SimpleData name="DISTRICT">Gaunpalika</SimpleData>
		<SimpleData name="GaPa_NaPa">5</SimpleData>
	</SchemaData></ExtendedData>
      <Polygon><outerBoundaryIs><LinearRing><coordinates>82.881247827,28.4762090200001 82.87920339,28.4762914570001 82.876039953,28.477366207 82.8731546400001,28.4776446450001 82.871192578,28.47862102 82.8668814530001,28.4720225190001 82.864925514,28.467142396 82.8632013900001,28.463671833 82.861698764,28.4616356440001 82.8608015140001,28.4591848950001 82.860868639,28.456972394 82.8591292030001,28.4551056450001 82.8578240790001,28.4527868330001 82.8576107650001,28.450723082 82.8560902030001,28.4484791460001 82.8559973280001,28.4471811450001 82.85457789,28.445508895 82.855415953,28.443474268 82.8531591400001,28.4399066450001 82.85116614,28.4377127700001 82.8425113900001,28.434375082 82.8395450140001,28.432881207 82.8364632650001,28.4302198950001 82.8326408900001,28.4246556430001 82.8314415780001,28.42237577 82.8291073280001,28.419896706 82.8284692020001,28.417827018 82.829668203,28.412316957 82.82630364,28.409783895 82.823866577,28.406972207 82.8239076410001,28.4036901440001 82.8248044530001,28.4024209570001 82.8227042020001,28.40020552 82.819731829,28.3989908940001 82.8179060150001,28.39717927 82.815930452,28.398741332 82.8136102650001,28.398969332 82.8123607640001,28.3974492080001 82.8133404530001,28.3961966460001 82.812330327,28.3927700190001 82.8094969520001,28.392474583 82.8056487650001,28.395229269 82.8021559530001,28.396881583 82.7999657020001,28.3970720830001 82.7977447650001,28.398142207 82.7960103280001,28.3998481450001 82.7912098900001,28.401391582 82.787950579,28.4032508330001 82.785962139,28.4085820190001 82.784432016,28.4092360810001 82.782198953,28.4113570820001 82.779719953,28.4124222080001 82.777348078,28.415421645 82.7740875160001,28.41536977 82.7713488900001,28.4166061450001 82.7686650150001,28.416771457 82.767166391,28.418264833 82.7652031390001,28.4191426450001 82.762570139,28.42216877 82.7551162030001,28.4280880810001 82.7525624530001,28.4298355830001 82.75075164,28.432259957 82.746569703,28.4350098310001 82.74587339,28.436108769 82.743065889,28.4378380200001 82.7411733270001,28.437973893 82.7395516400001,28.439215458 82.7375476400001,28.442610082 82.7330193270001,28.4416723940001 82.7311987020001,28.4429390820001 82.7282676400001,28.4477055180001 82.7247845780001,28.44941677 82.724112952,28.443168332 82.7219915150001,28.4421400200001 82.71980339,28.443554207 82.7138348280001,28.444023583 82.709805766,28.442140083 82.705712578,28.435965208 82.704615265,28.4337823320001 82.7042507020001,28.4314710190001 82.704620887,28.428839645 82.707537388,28.4254406430001 82.707967576,28.423249771 82.708026638,28.419433333 82.7089828910001,28.4184655830001 82.7122640140001,28.4168747050001 82.712862451,28.415314704 82.715944827,28.412763017 82.7168463240001,28.4093132040001 82.715979389,28.4063272070001 82.7146951380001,28.4040433920001 82.7124334520001,28.3971685170001 82.7131117000001,28.394348269 82.712261138,28.391743644 82.7096262630001,28.3891988930001 82.7103307620001,28.3841635200001 82.7103856370001,28.381339644 82.709280139,28.378522832 82.710544901,28.3768733320001 82.713747825,28.3750480790001 82.7152957920001,28.372144699 82.7178980150001,28.3690232050001 82.7168102260001,28.366670609 82.7166690830001,28.364610672 82.715608596,28.360139847 82.7135264510001,28.3578219560001 82.7139759070001,28.3544292450001 82.715456008,28.3512821200001 82.7149105070001,28.3478260040001 82.715982437,28.3450641630001 82.717885971,28.343542099 82.7194351410001,28.338681767 82.720647812,28.337617874 82.725606918,28.3372364040001 82.726198013,28.334582831 82.7258167270001,28.333093643 82.7276554110001,28.3319568640001 82.7296085360001,28.3294239050001 82.729692459,28.3261585230001 82.7269503900001,28.3228815200001 82.7254238130001,28.3183689110001 82.723974228,28.3156528480001 82.7260231380001,28.311209583 82.729513168,28.3104839330001 82.7321262360001,28.306238174 82.732820932,28.302998189 82.7346210480001,28.297990799 82.735525131,28.296945571 82.7365634510001,28.2938960170001 82.7356015780001,28.2919830820001 82.7419490820001,28.289510727 82.743955612,28.2879886630001 82.745088578,28.2898120880001 82.7494869230001,28.2866382600001 82.7491283420001,28.284975052 82.75023079,28.2841854100001 82.752641677,28.2842235570001 82.76063256,28.2864979990001 82.764619823,28.2896404300001 82.7650737760001,28.2914676670001 82.766359326,28.2932051450001 82.766084671,28.297060012 82.768102646,28.298707962 82.767831802,28.300970077 82.7694339750001,28.303113937 82.7700595860001,28.3056545260001 82.769754409,28.3074169160001 82.7703075410001,28.312009812 82.771593093,28.312421799 82.7747364050001,28.3181400300001 82.7778263100001,28.3190822610001 82.7775287630001,28.320692062 82.779020309,28.323637009 82.778921127,28.3246707910001 82.7811603550001,28.326890946 82.78217125,28.3287410730001 82.7885150910001,28.3354244230001 82.789739609,28.335737228 82.791707993,28.3379879 82.79122734,28.340547562 82.7933063510001,28.3423404690001 82.793787002,28.3439693450001 82.7970476390001,28.3482362070001 82.7988193250001,28.3458898310001 82.8001575470001,28.339582443 82.800287246,28.3372898100001 82.802255631,28.3344860070001 82.8031183510001,28.329682909 82.8052692420001,28.3283176420001 82.8077449800001,28.3239650720001 82.8092250820001,28.3224620820001 82.811129887,28.3217999570001 82.8128832630001,28.3187087040001 82.8135318760001,28.3159542080001 82.8206462860001,28.312086106 82.8234030140001,28.310091707 82.8264484410001,28.3098049160001 82.8272418980001,28.3104953760001 82.828748703,28.313856125 82.8306179050001,28.314554215 82.8322010040001,28.3164196020001 82.835477622,28.3186243920001 82.8373432160001,28.3192729950001 82.8391551980001,28.3184795380001 82.8424434660001,28.318254471 82.844247818,28.318651199 82.8495960230001,28.324571609 82.8535442350001,28.327989578 82.8559856410001,28.328947068 82.8607270160001,28.3275991450001 82.8636455540001,28.325765609 82.8675632470001,28.3250675200001 82.8693599700001,28.323511124 82.8714008330001,28.3208293920001 82.8728961950001,28.3220615390001 82.874792099,28.3223400110001 82.8823146820001,28.3220729830001 82.88625145,28.322759628 82.886651993,28.3198413850001 82.888910293,28.318574906 82.891351699,28.314577102 82.894464493,28.313573837 82.898870468,28.3135662080001 82.9019489290001,28.314229965 82.9043598170001,28.3118572230001 82.906056016,28.310829321 82.909144202,28.3120897700001 82.91423939,28.3152933310001 82.916446578,28.3178398950001 82.9200873280001,28.31891102 82.9223415770001,28.321550458 82.923492078,28.3244607080001 82.9245434530001,28.3291187070001 82.927030078,28.333027707 82.9266919520001,28.336003019 82.9282100140001,28.3409692070001 82.927130328,28.34332277 82.9284340780001,28.344943831 82.9292907660001,28.34848577 82.932671139,28.350745707 82.934406515,28.3512060200001 82.9378020780001,28.3549391450001 82.940778891,28.3593863940001 82.9428670780001,28.3618098320001 82.9468092660001,28.36190802 82.948545203,28.3624312690001 82.954082391,28.360238082 82.9566944530001,28.3600077070001 82.9577467030001,28.361364832 82.9586823280001,28.3642868320001 82.958313328,28.3668085200001 82.9566622020001,28.3721427080001 82.9530522650001,28.373849894 82.951175016,28.3759380810001 82.9500707650001,28.3782668330001 82.9501728290001,28.380503332 82.9522887040001,28.3840548320001 82.9492118910001,28.3871128960001 82.947848703,28.3914610190001 82.944606015,28.3932340200001 82.9440810770001,28.394619645 82.945570703,28.3982927070001 82.9437759520001,28.398757082 82.9403005780001,28.3983691440001 82.9396821390001,28.400938458 82.9378496400001,28.401975457 82.9351345150001,28.4011443320001 82.9314945770001,28.4011970810001 82.9293427640001,28.402075831 82.924650016,28.401113896 82.919790828,28.4017567710001 82.9178601390001,28.4033093310001 82.920250265,28.4060828940001 82.92115089,28.4090228320001 82.9202542030001,28.412390771 82.9205459520001,28.4165238320001 82.9201468900001,28.418066019 82.9174172030001,28.4218998320001 82.9161008900001,28.423100832 82.914201141,28.4275458330001 82.9152959520001,28.4296482080001 82.915252265,28.431712019 82.9161884520001,28.4341943320001 82.912296015,28.436308707 82.909603078,28.4396305820001 82.9080077660001,28.442893456 82.9041875780001,28.4456218330001 82.9026057020001,28.447222207 82.9010026390001,28.44780702 82.895977078,28.447572332 82.892093516,28.450241206 82.890929703,28.450376082 82.888286828,28.4523195200001 82.8885623910001,28.4565133950001 82.887317953,28.4573897710001 82.884806514,28.461136707 82.884762015,28.466072458 82.8825488900001,28.4679470200001 82.882362265,28.4705466450001 82.8806681410001,28.473253394 82.881247827,28.4762090200001</coordinates></LinearRing></outerBoundaryIs></Polygon>
  </Placemark>
  <Placemark id="lumbini.79">
	<name>5</name>
	<description>ROLPA</description>
	<Style><LineStyle><color>ff0000ff</color></LineStyle><PolyStyle><fill>0</fill></PolyStyle></Style>
	<ExtendedData><SchemaData schemaUrl="#lumbini">
		<SimpleData name="STATE_CODE">0</SimpleData>
		<SimpleData name="DISTRICT">Gaunpalika</SimpleData>
		<SimpleData name="GaPa_NaPa">5</SimpleData>
	</SchemaData></ExtendedData>
      <Polygon><outerBoundaryIs><LinearRing><coordinates>82.76063256,28.2864979990001 82.752641677,28.2842235570001 82.75023079,28.2841854100001 82.7491283420001,28.284975052 82.7494869230001,28.2866382600001 82.745088578,28.2898120880001 82.743955612,28.2879886630001 82.7419490820001,28.289510727 82.7356015780001,28.2919830820001 82.7365634510001,28.2938960170001 82.735525131,28.296945571 82.7346210480001,28.297990799 82.732820932,28.302998189 82.7321262360001,28.306238174 82.729513168,28.3104839330001 82.7260231380001,28.311209583 82.723974228,28.3156528480001 82.7254238130001,28.3183689110001 82.7269503900001,28.3228815200001 82.729692459,28.3261585230001 82.7296085360001,28.3294239050001 82.7276554110001,28.3319568640001 82.7258167270001,28.333093643 82.726198013,28.334582831 82.725606918,28.3372364040001 82.720647812,28.337617874 82.7194351410001,28.338681767 82.717885971,28.343542099 82.715982437,28.3450641630001 82.7149105070001,28.3478260040001 82.715456008,28.3512821200001 82.7139759070001,28.3544292450001 82.7135264510001,28.3578219560001 82.715608596,28.360139847 82.7166690830001,28.364610672 82.7168102260001,28.366670609 82.7178980150001,28.3690232050001 82.7152957920001,28.372144699 82.713747825,28.3750480790001 82.710544901,28.3768733320001 82.708501815,28.3753070830001 82.707761765,28.3731670380001 82.706281662,28.3712749480001 82.7038326270001,28.3696842190001 82.7021465300001,28.366514206 82.7034969330001,28.363405228 82.703248978,28.3607501990001 82.703813553,28.3596477510001 82.706537246,28.358507156 82.7056560520001,28.3576068880001 82.7007656100001,28.3570613860001 82.6991596220001,28.3554553980001 82.6956768040001,28.3533496860001 82.6942615510001,28.3517589570001 82.6937732700001,28.3499469760001 82.694280624,28.348230362 82.697095871,28.3454113 82.693319321,28.3410282130001 82.690568924,28.339380265 82.6883830080001,28.336068794 82.6878261570001,28.3313503260001 82.6850528720001,28.329931259 82.6818141940001,28.32701683 82.6781368260001,28.3258419040001 82.676019668,28.3231830600001 82.6727504730001,28.3210315700001 82.671163559,28.319078446 82.6692447670001,28.314638137 82.669366837,28.3117160800001 82.6731853490001,28.3074512480001 82.6768362030001,28.306333518 82.677358627,28.305532455 82.67701149,28.301713943 82.677800942,28.2990201860001 82.677142889,28.2969179570001 82.6777792030001,28.2947787700001 82.679169765,28.2927776450001 82.6800917,28.289244769 82.6795805770001,28.287809517 82.6777744290001,28.286447525 82.6804752350001,28.2855968480001 82.6841401390001,28.285685583 82.686637015,28.2867631450001 82.691404343,28.287103653 82.6911144250001,28.284292221 82.6936208990001,28.2825031940001 82.6958808250001,28.2835625810001 82.6989689530001,28.2876617690001 82.7044239040001,28.288503647 82.7085208890001,28.288496018 82.7100322640001,28.2860927680001 82.7092272020001,28.283319395 82.7109127050001,28.281244278 82.7131234500001,28.281616768 82.716638565,28.2836399080001 82.7192668920001,28.2820491790001 82.7261180130001,28.2828620830001 82.727304459,28.282083512 82.7263203250001,28.280587708 82.726419449,28.2777423860001 82.7257785800001,28.276647568 82.723974228,28.2766246800001 82.715627671,28.273313522 82.712705612,28.273588181 82.709466934,28.2725811 82.707632065,28.273870468 82.7043094640001,28.2744159700001 82.7027490140001,28.2758810190001 82.700937271,28.275857925 82.701528549,28.273794174 82.7009296420001,28.272932053 82.6971988280001,28.272825519 82.6940670020001,28.2696247100001 82.690172196,28.2677364350001 82.687990186,28.2655086550001 82.6861133570001,28.2626476290001 82.6853694910001,28.260671615 82.6863689450001,28.259050175 82.6859147640001,28.2559287060001 82.6806011200001,28.2554645540001 82.674673081,28.2535991670001 82.6720447540001,28.254159929 82.6691417690001,28.2534961700001 82.6654323910001,28.25158377 82.662205015,28.2510942700001 82.65823664,28.2527631450001 82.6535420760001,28.2528027060001 82.6513908960001,28.2522785130001 82.6496303280001,28.2508961450001 82.6467914580001,28.250253678 82.646144828,28.248917083 82.643775953,28.2480205200001 82.641380504,28.246452097 82.638494327,28.243126832 82.6343441010001,28.23975563 82.6336128250001,28.239628768 82.632513046,28.236539841 82.634492874,28.2348003390001 82.6363502090001,28.2363336230001 82.6400481370001,28.237315208 82.6428737640001,28.236467362 82.644384384,28.2351360330001 82.6439418790001,28.2339878080001 82.641290665,28.232404709 82.6406762170001,28.2310886650001 82.638672818,28.230112175 82.6356906890001,28.229967118 82.6344312000001,28.228501705 82.62971014,28.2259390830001 82.6262874600001,28.226774216 82.6248836520001,28.228059769 82.6231479640001,28.2261791230001 82.6201016370001,28.2238550170001 82.6207614520001,28.222361456 82.6195888460001,28.2184505480001 82.6176673260001,28.214184081 82.6169185640001,28.2117137910001 82.6174225520001,28.208405235 82.620138388,28.203464017 82.6218643870001,28.201875208 82.6262420150001,28.2008025170001 82.628606796,28.196748734 82.6284033250001,28.195427954 82.625880765,28.1913690810001 82.6256593910001,28.185686392 82.6265708880001,28.18449308 82.6305965770001,28.184005518 82.633259577,28.179698457 82.6375724530001,28.180165582 82.6386505780001,28.1808847080001 82.6418693910001,28.18124377 82.6433228280001,28.183166708 82.6447591400001,28.1831944580001 82.6505429530001,28.185081208 82.6517374530001,28.1867533330001 82.6544634530001,28.18709152 82.659834452,28.190618332 82.664253203,28.1908082080001 82.6652696410001,28.189441958 82.667107328,28.188699645 82.66967214,28.189577333 82.671880828,28.191453208 82.674407515,28.1905707700001 82.680607577,28.1919729580001 82.684244156,28.1924381260001 82.6836452480001,28.1882610320001 82.6838857810001,28.1865785030001 82.685574515,28.1856252060001 82.6871759530001,28.186874457 82.689231578,28.192179895 82.691213141,28.194470645 82.6919883910001,28.198586209 82.6926023280001,28.199668145 82.6983219530001,28.2035059580001 82.698602265,28.2055660830001 82.697172015,28.20661052 82.698109516,28.207765458 82.69841339,28.21011452 82.6993012030001,28.21069827 82.702945953,28.2094967080001 82.706754684,28.207490921 82.7109590160001,28.208349582 82.714244078,28.20960102 82.718976975,28.2091808320001 82.7207775110001,28.2086658480001 82.7280445090001,28.2078800200001 82.730325699,28.2061214450001 82.7344303130001,28.2074031830001 82.7352619170001,28.206823349 82.7371120450001,28.2009296410001 82.7428073880001,28.2000942230001 82.744264603,28.197984696 82.7479638280001,28.1962356450001 82.7472629550001,28.193189621 82.7482407030001,28.1923600820001 82.751111984,28.192598343 82.7544765470001,28.1902751920001 82.7558269500001,28.188241959 82.7581973900001,28.182057333 82.7599978910001,28.1797635200001 82.762975694,28.180208206 82.766405106,28.179582596 82.7680472040001,28.180488145 82.7702941410001,28.1806933330001 82.7747136450001,28.17963217 82.7782510160001,28.1791402700001 82.781991958,28.177499771 82.7847080230001,28.177824021 82.7885408920001,28.177713392 82.7899648280001,28.1790976450001 82.7905661400001,28.1816635820001 82.7922567030001,28.1847331450001 82.793939703,28.186214395 82.7950164540001,28.188457333 82.8012510780001,28.1866779580001 82.7974300400001,28.189847946 82.7989444740001,28.191270828 82.7984600080001,28.192739487 82.798837662,28.1967182160001 82.7983722700001,28.198339463 82.7955188760001,28.2014179230001 82.7966861740001,28.2055568700001 82.797655106,28.2112369540001 82.7975749980001,28.213644027 82.7961864470001,28.217470169 82.7922115330001,28.2197895050001 82.7922649380001,28.221086502 82.793855668,28.2237148290001 82.7941112520001,28.2263317110001 82.7902698520001,28.228254318 82.789304734,28.2304439550001 82.7858791360001,28.2315731050001 82.7851238270001,28.2347354890001 82.7814731600001,28.2368183140001 82.779668809,28.2372303010001 82.7775516520001,28.238687515 82.7765102400001,28.2419834140001 82.7735233320001,28.2422008520001 82.7717952740001,28.241140366 82.768899918,28.240552903 82.7660617830001,28.241075516 82.7644290920001,28.243223191 82.7622127550001,28.243726731 82.763929368,28.2465610510001 82.7622852330001,28.2476215360001 82.759389878,28.2472248080001 82.7556362160001,28.248903275 82.7525501250001,28.248258591 82.7480525970001,28.2453022 82.740472793,28.2434024820001 82.7387828820001,28.2442989350001 82.736631393,28.244470597 82.7340297700001,28.2468051910001 82.735204696,28.249830246 82.7400150300001,28.256795884 82.7412052160001,28.259634018 82.7441082000001,28.2642536170001 82.745061874,28.2671794890001 82.7447986600001,28.2685565950001 82.7468929290001,28.2709369660001 82.7467556000001,28.2730770110001 82.7500934600001,28.2730922700001 82.7529582980001,28.274766922 82.7560787200001,28.280164719 82.7581882480001,28.281988144 82.758825302,28.2849292760001 82.76063256,28.2864979990001</coordinates></LinearRing></outerBoundaryIs></Polygon>
  </Placemark>
  <Placemark id="lumbini.80">
	<name>5</name>
	<description>ROLPA</description>
	<Style><LineStyle><color>ff0000ff</color></LineStyle><PolyStyle><fill>0</fill></PolyStyle></Style>
	<ExtendedData><SchemaData schemaUrl="#lumbini">
		<SimpleData name="STATE_CODE">0</SimpleData>
		<SimpleData name="DISTRICT">Gaunpalika</SimpleData>
		<SimpleData name="GaPa_NaPa">5</SimpleData>
	</SchemaData></ExtendedData>
      <Polygon><outerBoundaryIs><LinearRing><coordinates>82.871192578,28.47862102 82.869641641,28.4792578330001 82.8652687030001,28.4793748330001 82.8631593910001,28.4783826450001 82.8596308900001,28.4778003960001 82.8578253910001,28.4782454580001 82.8553878910001,28.4777669580001 82.853531016,28.4787439570001 82.851391391,28.4780558950001 82.8493281400001,28.478248271 82.8459673280001,28.4793071450001 82.8433152650001,28.4783483950001 82.8372658910001,28.477874958 82.8348802030001,28.478102646 82.831596516,28.479849895 82.8303941400001,28.4817683960001 82.8282232030001,28.4838116450001 82.8261348280001,28.484213271 82.8220468900001,28.4867000830001 82.81984764,28.4873893330001 82.8168155160001,28.4876314570001 82.8144627660001,28.488603583 82.8124907650001,28.4901136460001 82.8115580780001,28.4928554580001 82.807664141,28.493299645 82.8035618900001,28.4950615820001 82.8021932650001,28.496405333 82.8001702030001,28.496673958 82.7973809530001,28.4982149580001 82.7953603280001,28.498294082 82.792629828,28.5004716450001 82.790400328,28.5007225200001 82.7857743900001,28.499117208 82.7823024530001,28.4991360830001 82.7780472650001,28.5000953950001 82.774017078,28.5000906450001 82.7691527650001,28.5006670830001 82.7656328910001,28.5016322710001 82.7593632030001,28.5059697070001 82.7551668280001,28.5050628330001 82.753918953,28.505597333 82.750517453,28.508904833 82.7470028280001,28.5101447700001 82.7446019530001,28.5122318950001 82.7433887650001,28.5151600830001 82.7447860780001,28.5186764580001 82.7441510150001,28.521725083 82.7443300780001,28.5248827080001 82.73992114,28.5263104580001 82.7372754530001,28.5264640830001 82.7325414530001,28.525689083 82.727424328,28.52353427 82.7255985780001,28.523433707 82.7233178280001,28.5221625200001 82.720480953,28.521973395 82.715955453,28.518594208 82.7129762660001,28.5141264580001 82.7078170780001,28.5100530830001 82.704838953,28.5090456460001 82.6994108910001,28.511427833 82.696897328,28.5122384580001 82.6925087650001,28.511833145 82.6927182030001,28.51340752 82.696311516,28.517480021 82.6962818910001,28.5204574580001 82.6941425160001,28.5220566460001 82.692070265,28.5222419570001 82.6891141410001,28.523697833 82.6870656410001,28.52250952 82.6840323910001,28.51973252 82.6883287030001,28.515544333 82.6870785150001,28.5155660830001 82.6836003910001,28.5173145200001 82.682905077,28.5151805200001 82.6776273900001,28.5126365200001 82.6742227660001,28.5101941450001 82.672110891,28.5077528960001 82.6703762020001,28.5046860200001 82.6694547020001,28.5019541460001 82.66772689,28.502196645 82.6618011410001,28.4988042700001 82.660722703,28.4971198330001 82.659221953,28.4926609570001 82.6559452650001,28.49365277 82.648594266,28.4938934570001 82.6461807650001,28.494543895 82.642546328,28.4948460200001 82.6410825780001,28.4930425200001 82.639573828,28.4894248320001 82.6362742030001,28.488545833 82.634208141,28.486887333 82.6293193870001,28.4859899630001 82.6278323910001,28.4844319580001 82.6250260150001,28.4841058320001 82.623170203,28.4826658330001 82.622430266,28.4804904580001 82.6205698910001,28.47849777 82.6198498910001,28.476606771 82.6183089530001,28.475169957 82.6173130780001,28.4726310200001 82.6157935160001,28.4712485200001 82.6172644530001,28.47011752 82.6180727650001,28.464774833 82.6241621400001,28.458136708 82.628255203,28.455340145 82.629364702,28.4540700200001 82.6343780160001,28.4513186450001 82.6325152030001,28.4488207700001 82.6296939850001,28.447629928 82.6329326630001,28.4441814420001 82.6359386440001,28.442083359 82.6401767730001,28.4397869110001 82.6444301610001,28.4417133330001 82.646032334,28.4403705600001 82.649807765,28.438677333 82.6525630950001,28.438238144 82.6536426540001,28.433626175 82.655000687,28.431364059 82.6584873200001,28.4284305570001 82.6598377230001,28.426813125 82.6613093890001,28.4236358950001 82.6648048900001,28.42205727 82.6685767020001,28.4209572070001 82.6696050780001,28.421289895 82.6724315770001,28.4243832060001 82.6769591400001,28.427222333 82.6796111400001,28.426571333 82.6832855150001,28.426789646 82.688338952,28.4287717080001 82.6897005770001,28.4301361440001 82.698632516,28.4317038950001 82.7042507020001,28.4314710190001 82.704615265,28.4337823320001 82.705712578,28.435965208 82.709805766,28.442140083 82.7138348280001,28.444023583 82.71980339,28.443554207 82.7219915150001,28.4421400200001 82.724112952,28.443168332 82.7247845780001,28.44941677 82.7282676400001,28.4477055180001 82.7311987020001,28.4429390820001 82.7330193270001,28.4416723940001 82.7375476400001,28.442610082 82.7395516400001,28.439215458 82.7411733270001,28.437973893 82.743065889,28.4378380200001 82.74587339,28.436108769 82.746569703,28.4350098310001 82.75075164,28.432259957 82.7525624530001,28.4298355830001 82.7551162030001,28.4280880810001 82.762570139,28.42216877 82.7652031390001,28.4191426450001 82.767166391,28.418264833 82.7686650150001,28.416771457 82.7713488900001,28.4166061450001 82.7740875160001,28.41536977 82.777348078,28.415421645 82.779719953,28.4124222080001 82.782198953,28.4113570820001 82.784432016,28.4092360810001 82.785962139,28.4085820190001 82.787950579,28.4032508330001 82.7912098900001,28.401391582 82.7960103280001,28.3998481450001 82.7977447650001,28.398142207 82.7999657020001,28.3970720830001 82.8021559530001,28.396881583 82.8056487650001,28.395229269 82.8094969520001,28.392474583 82.812330327,28.3927700190001 82.8133404530001,28.3961966460001 82.8123607640001,28.3974492080001 82.8136102650001,28.398969332 82.815930452,28.398741332 82.8179060150001,28.39717927 82.819731829,28.3989908940001 82.8227042020001,28.40020552 82.8248044530001,28.4024209570001 82.8239076410001,28.4036901440001 82.823866577,28.406972207 82.82630364,28.409783895 82.829668203,28.412316957 82.8284692020001,28.417827018 82.8291073280001,28.419896706 82.8314415780001,28.42237577 82.8326408900001,28.4246556430001 82.8364632650001,28.4302198950001 82.8395450140001,28.432881207 82.8425113900001,28.434375082 82.85116614,28.4377127700001 82.8531591400001,28.4399066450001 82.855415953,28.443474268 82.85457789,28.445508895 82.8559973280001,28.4471811450001 82.8560902030001,28.4484791460001 82.8576107650001,28.450723082 82.8578240790001,28.4527868330001 82.8591292030001,28.4551056450001 82.860868639,28.456972394 82.8608015140001,28.4591848950001 82.861698764,28.4616356440001 82.8632013900001,28.463671833 82.864925514,28.467142396 82.8668814530001,28.4720225190001 82.871192578,28.47862102</coordinates></LinearRing></outerBoundaryIs></Polygon>
  </Placemark>
  <Placemark id="lumbini.81">
	<name>5</name>
	<description>ROLPA</description>
	<Style><LineStyle><color>ff0000ff</color></LineStyle><PolyStyle><fill>0</fill></PolyStyle></Style>
	<ExtendedData><SchemaData schemaUrl="#lumbini">
		<SimpleData name="STATE_CODE">0</SimpleData>
		<SimpleData name="DISTRICT">Gaunpalika</SimpleData>
		<SimpleData name="GaPa_NaPa">5</SimpleData>
	</SchemaData></ExtendedData>
      <Polygon><outerBoundaryIs><LinearRing><coordinates>82.418722141,28.3631717060001 82.4162249520001,28.3631840210001 82.4149637630001,28.3662132060001 82.4129148260001,28.366288582 82.413632702,28.37056052 82.41297239,28.372026895 82.410538015,28.3732500190001 82.40627814,28.3731812080001 82.4018128280001,28.37373252 82.3990235140001,28.372746083 82.3966222010001,28.3729578950001 82.3935209520001,28.3741558950001 82.39029614,28.373266206 82.384986703,28.3734985200001 82.38546089,28.372692832 82.3846971400001,28.3645568950001 82.3825626400001,28.363590457 82.38019639,28.359939582 82.37832589,28.3588712060001 82.3784810160001,28.3576514580001 82.380393327,28.356483831 82.3814159520001,28.3532340200001 82.3811865760001,28.3516188940001 82.378000076,28.3495418950001 82.374441764,28.348134019 82.3728960760001,28.346026769 82.36785889,28.34381927 82.3650580780001,28.3407070810001 82.3649026410001,28.3389670820001 82.366114452,28.335232708 82.3653050760001,28.3324547710001 82.3662137650001,28.329688957 82.3692334520001,28.329809832 82.368511889,28.3272227080001 82.369024702,28.3247609580001 82.368037202,28.322708957 82.3660804510001,28.321661519 82.365803639,28.319002332 82.3703338890001,28.318850895 82.3744027650001,28.3175669570001 82.3769944520001,28.316200832 82.3786148280001,28.3139488940001 82.379327953,28.310591706 82.3791097650001,28.308200394 82.3779928260001,28.3065873940001 82.3781656400001,28.3045170190001 82.3824882650001,28.298612458 82.3843577640001,28.296926394 82.3835840780001,28.2961311450001 82.3847870770001,28.2940592690001 82.3851580150001,28.291898895 82.3882458890001,28.2907306450001 82.3932250780001,28.285170957 82.3971297030001,28.2827984570001 82.3975440140001,28.2818828320001 82.3973827020001,28.2769463330001 82.4007094520001,28.272165832 82.401752764,28.2715167060001 82.4021744520001,28.268496269 82.405258577,28.265017519 82.4054144520001,28.262139645 82.408487952,28.260440895 82.4094702030001,28.258937331 82.4121315150001,28.258115769 82.413853702,28.256410583 82.4151787640001,28.253723644 82.4177697650001,28.253089894 82.4203180760001,28.25375152 82.4239233270001,28.252565707 82.426488389,28.251083958 82.4286056400001,28.2521920190001 82.430506951,28.251382581 82.4319773890001,28.2494542060001 82.4352335770001,28.248808707 82.4383627030001,28.2476658950001 82.439201202,28.2465021450001 82.4423143270001,28.2432794540001 82.4424682640001,28.2417528290001 82.445474699,28.2384725790001 82.4471658250001,28.238493082 82.45170189,28.2395999570001 82.4540578260001,28.2391440810001 82.4572313260001,28.237179268 82.4623116370001,28.2355120180001 82.4654687650001,28.232182455 82.4691588250001,28.2297899540001 82.4704424510001,28.2302882070001 82.474299328,28.22970752 82.4754218890001,28.225952894 82.4785003910001,28.221868144 82.484187702,28.219873267 82.4846401390001,28.219074269 82.4910145760001,28.2166047050001 82.494033513,28.2176252680001 82.496136828,28.216909706 82.4981796390001,28.2147848330001 82.502626015,28.2125535820001 82.5037673900001,28.211429143 82.507585202,28.210128581 82.5073740130001,28.2116738300001 82.5058288880001,28.2135360830001 82.505688578,28.214813642 82.5076655130001,28.2185235790001 82.5079002640001,28.221817458 82.5090067630001,28.22365677 82.514510386,28.2257920800001 82.5161149520001,28.227411143 82.517182953,28.2307410830001 82.5170681380001,28.2326889570001 82.518323265,28.2355742680001 82.5196024510001,28.2400840810001 82.5187067640001,28.245104956 82.5147739510001,28.2500002670001 82.511761015,28.2505247670001 82.5092766390001,28.2522482700001 82.5089930140001,28.253589644 82.5116020140001,28.2550956420001 82.5137945760001,28.254005143 82.5172142630001,28.2552740190001 82.518963951,28.2565201420001 82.5216267000001,28.257146768 82.525073702,28.258853393 82.5283272620001,28.2587666430001 82.5308588890001,28.260905393 82.5337547010001,28.2595762070001 82.5394900750001,28.2592946440001 82.5418092630001,28.259788708 82.5451760780001,28.2612164560001 82.547306828,28.2616587040001 82.5502752030001,28.260393143 82.5543825120001,28.2626564560001 82.56072514,28.265094333 82.561852828,28.2659837040001 82.5657335770001,28.2672923320001 82.567621639,28.2673482050001 82.5708629520001,28.265787269 82.5724711390001,28.263902333 82.5750575120001,28.2651114550001 82.5770297020001,28.2650891430001 82.581221514,28.267979645 82.5836521360001,28.2686771420001 82.584277012,28.270826706 82.582928139,28.2729152050001 82.58290764,28.274897955 82.585740076,28.276874208 82.5863386390001,28.2785857710001 82.582855828,28.279797269 82.5838145770001,28.2811042700001 82.587861639,28.2842345190001 82.587764264,28.2869788950001 82.5891185140001,28.2890841440001 82.5878015770001,28.290257081 82.5842954510001,28.2913532700001 82.5848828890001,28.29527783 82.5815840130001,28.2957669570001 82.5758506380001,28.295465892 82.5717127030001,28.297416894 82.570189703,28.297376145 82.5684525140001,28.2955283320001 82.5661572010001,28.2973247670001 82.5629084510001,28.3020099570001 82.561930326,28.304591642 82.5629078260001,28.309382145 82.5624344510001,28.3111028920001 82.5602865750001,28.314574581 82.557203202,28.3169129570001 82.552373075,28.318431892 82.5487985770001,28.317234392 82.545793889,28.3170760830001 82.5418087,28.315576268 82.5407600760001,28.3157590820001 82.5398259500001,28.3184538310001 82.5377425140001,28.3200580210001 82.5363730750001,28.3203005180001 82.5328495780001,28.319671645 82.52687339,28.322136018 82.524175702,28.322488143 82.52351314,28.3246104580001 82.5248882020001,28.326786456 82.5272658250001,28.328456644 82.5316600150001,28.3302387680001 82.5348165140001,28.332510518 82.5365537000001,28.334306768 82.5363395140001,28.3393552680001 82.5327053070001,28.3402957910001 82.5303443270001,28.341848956 82.5279302000001,28.340879956 82.5220717010001,28.3422987070001 82.518590927,28.34176445 82.5167776390001,28.340844894 82.514238575,28.3384441440001 82.5089761390001,28.3377325210001 82.5064907070001,28.339597702 82.503459202,28.3390729560001 82.5000003270001,28.340368142 82.495794296,28.33994484 82.4927959440001,28.340532303 82.4869750140001,28.3446163940001 82.486588451,28.3462425170001 82.483014702,28.346843145 82.4815510760001,28.3477207080001 82.4791026400001,28.3477360800001 82.4776199510001,28.3465498320001 82.4741827620001,28.345781646 82.4720008910001,28.3444133950001 82.4693470000001,28.3434848790001 82.465021134,28.3436908730001 82.461549759,28.3451557160001 82.4571097990001,28.3449954540001 82.4547827630001,28.3470592670001 82.452943802,28.3472347260001 82.450304014,28.349096644 82.4485683440001,28.3489322660001 82.4428362640001,28.349863957 82.438029827,28.3503748320001 82.4305629510001,28.3499322700001 82.4268856050001,28.3523082740001 82.4247951500001,28.3531551360001 82.420289993,28.356084824 82.418722153,28.357973099 82.418066025,28.360181809 82.418722141,28.3631717060001</coordinates></LinearRing></outerBoundaryIs></Polygon>
  </Placemark>
  <Placemark id="lumbini.82">
	<name>5</name>
	<description>DANG</description>
	<Style><LineStyle><color>ff0000ff</color></LineStyle><PolyStyle><fill>0</fill></PolyStyle></Style>
	<ExtendedData><SchemaData schemaUrl="#lumbini">
		<SimpleData name="STATE_CODE">0</SimpleData>
		<SimpleData name="DISTRICT">Gaunpalika</SimpleData>
		<SimpleData name="GaPa_NaPa">5</SimpleData>
	</SchemaData></ExtendedData>
      <Polygon><outerBoundaryIs><LinearRing><coordinates>82.130535265,28.253473333 82.1286775140001,28.254111332 82.1249187020001,28.253876145 82.1196549520001,28.2514083950001 82.117358327,28.252850708 82.1156798900001,28.2530990830001 82.1134711400001,28.2544097700001 82.110177702,28.2581500200001 82.107783764,28.2588282080001 82.105836578,28.25829127 82.102564327,28.2588636450001 82.0955343270001,28.254586332 82.094134077,28.251766208 82.0944151400001,28.2500357700001 82.09328264,28.249038645 82.0878805150001,28.2483462700001 82.083110703,28.2484518320001 82.079681077,28.244889582 82.0757520770001,28.241877145 82.071368702,28.239071145 82.0704868270001,28.2369235200001 82.0687794520001,28.2375798320001 82.0636453270001,28.2405257070001 82.0561368890001,28.241980395 82.0539524530001,28.2408940830001 82.0507542650001,28.235937333 82.0487926390001,28.2341812700001 82.047722515,28.231554395 82.044269952,28.2303038320001 82.042192265,28.2233868320001 82.0399407030001,28.21908577 82.0375370770001,28.2171389580001 82.038356702,28.2147728950001 82.0342347640001,28.2148943330001 82.03276314,28.213964645 82.0287655770001,28.2083229570001 82.028314702,28.2047278950001 82.0253703280001,28.2014380200001 82.020752203,28.201686895 82.018830327,28.2009047700001 82.01574114,28.204280333 82.0110220770001,28.2057885200001 82.008934765,28.207949457 82.0041371400001,28.2108951450001 82.0015153900001,28.215101707 81.998542764,28.217821708 81.9945646400001,28.2204925830001 81.9911415770001,28.2202625200001 81.985221702,28.22205827 81.9802832650001,28.221022083 81.9746378900001,28.2223506450001 81.973902202,28.2231094580001 81.971874202,28.2280579580001 81.966546077,28.235741708 81.965116702,28.2418838950001 81.9674177650001,28.2423527070001 81.970772702,28.243917208 81.9759013890001,28.2427955200001 81.9782472640001,28.2449581450001 81.980476077,28.249707082 81.9831851390001,28.2506735200001 81.9860768280001,28.250788082 81.9872341400001,28.2534712070001 81.9856237640001,28.254992208 81.9858873900001,28.2585774570001 81.9841439520001,28.259011958 81.9829672650001,28.257549458 81.9817589520001,28.258047708 81.9813665770001,28.259794458 81.9772707640001,28.2585785200001 81.9745660150001,28.256140895 81.9721992020001,28.255406458 81.9709674520001,28.257332895 81.9686331390001,28.258502333 81.9682365770001,28.26206302 81.9658784520001,28.265409708 81.963553952,28.266355645 81.963200827,28.27008977 81.961774952,28.2755481450001 81.9592535140001,28.27679777 81.957236327,28.2785085200001 81.955741828,28.28104577 81.952733202,28.2815609580001 81.949843952,28.282668395 81.947555014,28.28237302 81.9455740770001,28.283018457 81.944500453,28.281649707 81.9409256390001,28.279813082 81.9384493900001,28.279132958 81.937992702,28.2766070210001 81.9366227020001,28.27498752 81.934174452,28.269325645 81.9373515140001,28.266025707 81.9402987030001,28.2638508950001 81.9421615150001,28.2595807700001 81.949457452,28.2546007070001 81.9514938900001,28.2516490830001 81.954251764,28.24889102 81.95506564,28.2472360200001 81.9549317020001,28.243347457 81.9536204520001,28.241080208 81.949073265,28.2381224580001 81.9466901390001,28.237572707 81.9431295150001,28.234055207 81.9401633900001,28.2318691450001 81.9364246390001,28.2325039580001 81.9340667020001,28.231825207 81.9323915150001,28.232389395 81.9294482650001,28.2324364570001 81.9280101400001,28.2318415830001 81.9250268900001,28.2295425200001 81.9231135200001,28.2268789890001 81.924270629,28.223835009 81.922721863,28.220226306 81.927703857,28.2171898070001 81.9295959470001,28.21325876 81.928512573,28.20933153 81.9331915870001,28.207494508 81.9364438270001,28.2079188320001 81.939819335,28.2062034780001 81.940734863,28.2042751480001 81.940338135,28.2016258410001 81.9450454710001,28.1995086850001 81.9476699830001,28.1994171320001 81.9489288330001,28.1987323930001 81.950845552,28.1957466110001 81.954353332,28.1938018970001 81.956436157,28.194454211 81.9614639280001,28.1940860920001 81.9625854490001,28.1950092490001 81.9645004270001,28.1942634760001 81.9660186770001,28.191726702 81.9649245150001,28.1880700830001 81.9654092650001,28.1861173950001 81.9670791620001,28.1843548000001 81.970634461,28.1823806940001 81.972549438,28.1821956810001 81.9750213620001,28.18481447 81.9776458740001,28.1840095700001 81.9805526740001,28.1819038570001 81.9806518560001,28.179456729 81.9823303220001,28.1776600060001 81.985656739,28.1774540120001 81.987892151,28.175586718 81.9884033210001,28.1729850950001 81.99105072,28.170257586 81.9958343500001,28.166667956 81.9981231680001,28.16538431 82.0000000000001,28.163507479 82.001136779,28.161251086 82.0043982020001,28.157901645 82.0077893270001,28.1525477700001 82.0094299310001,28.150939959 82.0115837020001,28.1474841450001 82.0139766400001,28.1447365830001 82.0163500150001,28.140060083 82.0178243270001,28.1387744570001 82.020372453,28.132018707 82.020462765,28.128121708 82.02001239,28.125043207 82.0207941400001,28.1239477080001 82.020369078,28.121051707 82.0189696400001,28.1193226450001 82.0182964520001,28.1160180200001 82.0200538270001,28.1108631450001 82.0193242020001,28.1081138320001 82.021093765,28.105138395 82.0213662640001,28.1009286450001 82.02284889,28.099175895 82.024826202,28.098272208 82.0339218270001,28.096308832 82.0387697030001,28.0949004570001 82.0429635770001,28.095721457 82.045817577,28.0950635200001 82.052048202,28.08981777 82.053677265,28.0900376450001 82.0556652020001,28.091432458 82.0580566400001,28.090326582 82.060155578,28.0879346450001 82.0645090770001,28.0865765820001 82.067799703,28.08470327 82.0733259520001,28.083748708 82.0765357020001,28.080747708 82.0790840780001,28.0793424570001 82.0809633900001,28.079855583 82.0847729530001,28.078729083 82.0870730780001,28.0768834570001 82.0901553900001,28.079322645 82.0900116400001,28.086626832 82.089209264,28.0908137700001 82.0901407650001,28.0934279570001 82.095067015,28.09525452 82.096043577,28.0967808950001 82.0978486400001,28.0978268320001 82.0973535150001,28.0998048330001 82.0981390150001,28.1012312070001 82.0985097650001,28.1039107080001 82.0995838270001,28.105937145 82.101220514,28.1068061450001 82.1012242030001,28.1085974580001 82.1021834520001,28.1099637080001 82.104050515,28.110144958 82.1057723900001,28.1130482070001 82.1096708900001,28.1147855200001 82.11615514,28.119244958 82.1167101400001,28.120986707 82.122341202,28.12660802 82.1257737020001,28.130870895 82.1309328900001,28.132294958 82.13254914,28.133761582 82.1335439530001,28.137056208 82.136907077,28.1418428320001 82.1396563900001,28.143742145 82.1421448280001,28.1440147700001 82.1448055770001,28.1423591450001 82.147471452,28.142266895 82.1510685150001,28.1434482700001 82.1555380770001,28.1453982080001 82.1572626400001,28.14682752 82.1617932650001,28.1491038950001 82.1648543900001,28.15023977 82.1627800150001,28.15308652 82.1618048890001,28.1556576450001 82.158690703,28.1592395820001 82.15584864,28.1599178320001 82.1536648900001,28.16133052 82.1529380150001,28.163042207 82.1535353900001,28.165453395 82.1528891400001,28.1675660820001 82.154418202,28.1690714580001 82.155099014,28.171484207 82.15443314,28.1733104570001 82.1566143270001,28.17785602 82.1552997650001,28.180037457 82.1539403900001,28.180597145 82.1532075150001,28.182651832 82.1532185780001,28.1852822700001 82.153959828,28.1879201450001 82.15408239,28.192040895 82.1533742650001,28.195582083 82.1523451400001,28.1972715200001 82.1533477030001,28.199625145 82.1550405770001,28.201697708 82.1548652650001,28.2055863320001 82.1557805150001,28.211645145 82.1553666390001,28.213895645 82.158411077,28.2205703320001 82.1598307020001,28.2230647700001 82.1630018270001,28.2271595830001 82.1666526400001,28.230665957 82.16844489,28.2317877080001 82.1713790150001,28.23483077 82.1709182650001,28.2382458330001 82.171077014,28.24199177 82.170180202,28.2437997070001 82.17041714,28.2460176450001 82.1719552650001,28.2514233950001 82.1702639520001,28.2512371450001 82.165881202,28.2464602700001 82.162672828,28.2416370830001 82.1610190150001,28.2411277080001 82.1558277030001,28.2410860200001 82.154736202,28.2403303950001 82.1541117020001,28.237996207 82.1502252650001,28.2389381450001 82.148839202,28.2374359570001 82.14565514,28.236988895 82.1444297640001,28.239025145 82.144713015,28.2409742080001 82.1398917650001,28.2450053950001 82.136170952,28.2488716450001 82.1350922650001,28.251068957 82.130535265,28.253473333</coordinates></LinearRing></outerBoundaryIs></Polygon>
  </Placemark>
  <Placemark id="lumbini.83">
	<name>5</name>
	<description>DANG</description>
	<Style><LineStyle><color>ff0000ff</color></LineStyle><PolyStyle><fill>0</fill></PolyStyle></Style>
	<ExtendedData><SchemaData schemaUrl="#lumbini">
		<SimpleData name="STATE_CODE">0</SimpleData>
		<SimpleData name="DISTRICT">Gaunpalika</SimpleData>
		<SimpleData name="GaPa_NaPa">5</SimpleData>
	</SchemaData></ExtendedData>
      <Polygon><outerBoundaryIs><LinearRing><coordinates>82.685613953,28.0520660830001 82.68157189,28.053353895 82.6792205780001,28.05464427 82.6764345780001,28.0543850830001 82.67498714,28.055036645 82.6716977660001,28.058305395 82.6697454530001,28.056813333 82.6664782030001,28.05862927 82.6642368280001,28.0582826450001 82.6623322020001,28.059753083 82.6582864530001,28.05988502 82.6554743280001,28.0633520820001 82.652652828,28.0631709580001 82.650416202,28.0639137700001 82.6501218910001,28.0650005200001 82.6449381410001,28.0668016450001 82.6417406410001,28.0688320200001 82.63814039,28.0691775830001 82.6348308280001,28.070155395 82.630739141,28.070495894 82.6286783900001,28.0695593940001 82.6267172030001,28.07047377 82.62741714,28.072258457 82.626692453,28.0748682070001 82.624193453,28.076530582 82.621770891,28.0798000200001 82.6207185160001,28.0826274570001 82.6179968270001,28.0856478950001 82.6144192660001,28.087845208 82.6126608910001,28.0913242070001 82.6099190780001,28.0926612700001 82.6023381400001,28.0935610820001 82.599897577,28.092566145 82.5990192020001,28.0930828940001 82.5976700150001,28.093369082 82.5966434530001,28.0919553950001 82.594781078,28.0913430200001 82.589646578,28.08650777 82.5878533270001,28.0819006450001 82.5843695780001,28.0778130200001 82.581542578,28.0765115200001 82.5800437020001,28.075135645 82.5775193280001,28.071578958 82.573581328,28.066933707 82.5699612650001,28.064982958 82.5640234530001,28.064079458 82.5602488280001,28.0647054570001 82.5585338910001,28.0640918940001 82.555900765,28.060418645 82.5548718900001,28.0600738950001 82.5492095160001,28.05995102 82.5473643280001,28.06059702 82.5449837030001,28.0605176450001 82.5445092030001,28.0621594580001 82.5418939520001,28.06129702 82.5372667030001,28.0604424570001 82.5341585150001,28.0612913320001 82.5301972020001,28.059884207 82.528311328,28.0599361450001 82.5255924530001,28.0586278320001 82.5233673280001,28.0568240200001 82.523583203,28.0558675820001 82.5271473280001,28.051463895 82.5291837650001,28.05082027 82.5319475780001,28.050734769 82.533598952,28.0497259580001 82.5357021400001,28.0473435820001 82.5377357030001,28.048477457 82.5408208900001,28.04831627 82.5426057020001,28.0447076450001 82.5425008280001,28.04317702 82.5463502650001,28.03913677 82.547236141,28.037194707 82.5499769530001,28.038342707 82.553987078,28.038348894 82.5591997660001,28.0377065820001 82.561283141,28.03673802 82.5643713270001,28.036607895 82.568064453,28.035125958 82.5702952660001,28.0349574580001 82.57225214,28.033224895 82.575106578,28.032370208 82.5764757030001,28.0334402070001 82.5820008270001,28.035714958 82.5846987020001,28.036045083 82.5884053280001,28.0346055200001 82.5939923280001,28.033954457 82.5943655770001,28.0307908950001 82.595120265,28.0288675190001 82.5949346410001,28.026519394 82.596891827,28.0231508950001 82.599618391,28.01999327 82.603807703,28.013841083 82.606981891,28.0108547070001 82.609958641,28.00954477 82.614045828,28.0090581440001 82.618048828,28.007941207 82.621043328,28.008117833 82.6240192660001,28.0070557700001 82.6232737030001,28.0059112700001 82.6195785780001,28.00382352 82.615881765,28.0023267070001 82.6132777650001,28.000222707 82.6119005150001,27.996946645 82.6101131400001,27.994336457 82.6101423910001,27.9923537070001 82.6087453270001,27.9895195820001 82.608662703,27.9878403330001 82.6074056410001,27.985711457 82.6054590150001,27.9851773950001 82.603429766,27.9830000200001 82.6015129520001,27.9819134570001 82.6004466410001,27.978509645 82.599210391,27.976437332 82.5996047030001,27.97293777 82.6014530780001,27.969687644 82.6047791400001,27.9681512700001 82.6100942030001,27.9640292080001 82.6105381400001,27.962971082 82.6136369530001,27.959259645 82.6142564520001,27.956712082 82.6122312030001,27.954643208 82.610274577,27.9510657700001 82.607192265,27.95062627 82.605095141,27.946492332 82.6034330150001,27.9458212070001 82.601841827,27.94221127 82.6000649530001,27.94071777 82.5977656410001,27.939676895 82.5995583900001,27.9351335200001 82.5989120770001,27.9327558950001 82.595056953,27.929860583 82.591568953,27.9306212070001 82.5897984530001,27.92878252 82.5884165150001,27.9255174570001 82.5896157660001,27.924367895 82.594268265,27.9228881450001 82.5975948270001,27.925241269 82.5975267650001,27.922743145 82.5989785780001,27.92306927 82.600626328,27.924561457 82.6024857030001,27.9221077070001 82.6039995150001,27.9211958330001 82.6078445780001,27.923290019 82.60928189,27.9204123320001 82.611295952,27.9204010820001 82.6123085780001,27.9214083950001 82.6139460780001,27.9194283320001 82.6152080780001,27.919560645 82.6161884530001,27.921253458 82.6187752020001,27.920221333 82.622209141,27.919831582 82.6233407650001,27.917291332 82.6251917650001,27.917239895 82.626258578,27.918692145 82.6301047030001,27.918840957 82.6318160150001,27.9168682070001 82.635746828,27.9177057700001 82.639572516,27.9168208950001 82.6431615160001,27.9177519580001 82.644700265,27.9172526450001 82.6461953900001,27.918111207 82.6492936400001,27.91827927 82.6517730780001,27.9171664570001 82.654059203,27.9175069570001 82.6555214530001,27.9166661450001 82.6579266410001,27.917731895 82.659337641,27.916696582 82.6636756400001,27.9160416440001 82.669745703,27.91567402 82.6765019530001,27.9138620200001 82.678254828,27.914090957 82.678705515,27.909948582 82.6831307030001,27.9096638950001 82.686657703,27.9097787700001 82.6898853900001,27.910675832 82.691594578,27.9139768950001 82.6957638280001,27.9118573320001 82.699996453,27.9126779580001 82.70038114,27.91422477 82.702240766,27.915541832 82.7013638910001,27.9166299570001 82.7025188280001,27.9179673940001 82.704934515,27.91794952 82.705554078,27.9166107080001 82.7078203900001,27.91729752 82.7067092650001,27.918464769 82.7073736400001,27.9196487070001 82.70931914,27.919531582 82.7107071400001,27.918574458 82.7124609530001,27.9202152070001 82.7158564530001,27.91824352 82.7152351400001,27.916868332 82.7212182660001,27.9159832070001 82.7230129530001,27.9169338940001 82.7243802030001,27.91638027 82.725727266,27.914488583 82.72826989,27.9142571450001 82.732885953,27.911847332 82.736710766,27.9115372700001 82.738654765,27.912793707 82.7397451400001,27.9098730200001 82.740685328,27.9089565830001 82.7437402030001,27.910040333 82.7447858900001,27.9084277700001 82.750617515,27.908507833 82.7515893280001,27.90745852 82.754705953,27.9062278330001 82.7554698280001,27.9068077700001 82.756105516,27.9098479570001 82.7571713280001,27.909929769 82.7579463280001,27.9077257700001 82.7572717030001,27.906205895 82.7603148910001,27.904311082 82.76282739,27.9070635200001 82.7649257030001,27.904668332 82.768194828,27.9064415830001 82.768938328,27.9022947080001 82.7702997650001,27.8991054570001 82.7729990780001,27.8986151450001 82.7752343280001,27.8957878320001 82.7762530150001,27.8953862700001 82.776453766,27.899579895 82.7740591400001,27.9026337080001 82.772695641,27.905929019 82.7734376400001,27.917737269 82.771262515,27.9212689570001 82.7722267030001,27.922319895 82.7750345160001,27.9236962690001 82.7776322650001,27.9257453320001 82.772979078,27.9312720820001 82.77164989,27.93416152 82.7692715150001,27.9356090200001 82.7671622660001,27.9380785820001 82.7663592650001,27.941119395 82.7642177660001,27.942356832 82.759313515,27.943693395 82.757337578,27.944911957 82.75566014,27.9423654570001 82.7535666410001,27.943255707 82.753549203,27.945218332 82.7551410780001,27.946972208 82.7601558280001,27.954694895 82.7622522030001,27.955875645 82.7637414530001,27.95746602 82.765413391,27.960565144 82.7681267030001,27.962647019 82.7681882030001,27.9674958320001 82.767581078,27.9682890830001 82.7647685160001,27.9684939570001 82.761508765,27.9693017070001 82.7619688280001,27.972579395 82.7646267650001,27.976725145 82.7625213900001,27.97729502 82.760597078,27.976950582 82.758951391,27.9775471450001 82.7562048280001,27.9766830830001 82.7508033280001,27.976006957 82.7484292030001,27.974482832 82.7469145160001,27.9766597070001 82.747078328,27.9813132080001 82.746314828,27.983300645 82.7437807030001,27.9864743320001 82.743554203,27.9893193950001 82.7424673900001,27.990410395 82.7372108280001,27.991151895 82.7338375780001,27.992573769 82.731725328,27.993993645 82.723364141,28.0018688320001 82.7185970770001,28.0025690200001 82.714568328,28.0026509570001 82.707110266,28.005870332 82.7043294530001,28.008458895 82.7021078270001,28.0094576450001 82.6987288280001,28.013335457 82.697441891,28.016287645 82.698045328,28.01747777 82.6968470780001,28.0188132690001 82.696852516,28.0212904570001 82.6986298900001,28.0228030820001 82.698433578,28.025885207 82.7005247660001,28.029325144 82.7026752030001,28.031680457 82.7034717660001,28.034300457 82.7054020160001,28.035624957 82.7100244530001,28.035934582 82.7120594530001,28.04018827 82.714182453,28.041415144 82.7147608910001,28.0430223330001 82.7182618900001,28.0455637700001 82.7202623900001,28.0465208950001 82.71580714,28.048333832 82.7137272030001,28.0503695200001 82.7119603900001,28.05130502 82.706522578,28.053058832 82.7018784530001,28.05285252 82.697781203,28.0517150200001 82.692892703,28.052191958 82.6917565160001,28.050595145 82.6891799520001,28.051154895 82.6871048900001,28.0509974570001 82.685613953,28.0520660830001</coordinates></LinearRing></outerBoundaryIs></Polygon>
  </Placemark>
  <Placemark id="lumbini.84">
	<name>5</name>
	<description>DANG</description>
	<Style><LineStyle><color>ff0000ff</color></LineStyle><PolyStyle><fill>0</fill></PolyStyle></Style>
	<ExtendedData><SchemaData schemaUrl="#lumbini">
		<SimpleData name="STATE_CODE">0</SimpleData>
		<SimpleData name="DISTRICT">Gaunpalika</SimpleData>
		<SimpleData name="GaPa_NaPa">5</SimpleData>
	</SchemaData></ExtendedData>
      <Polygon><outerBoundaryIs><LinearRing><coordinates>82.2148863900001,28.1258664580001 82.21364264,28.12785602 82.2140121400001,28.1294229580001 82.2122453280001,28.1321932700001 82.209987078,28.132747895 82.2086796400001,28.1346273950001 82.2060573270001,28.136818583 82.2031422650001,28.1382248950001 82.2036693900001,28.141094395 82.2025049530001,28.1434893320001 82.203566702,28.1465933330001 82.203736765,28.1487711450001 82.2028122020001,28.1508255200001 82.199880577,28.1516949580001 82.196544202,28.15428252 82.1941167030001,28.1581005200001 82.191164202,28.15503777 82.1888407650001,28.153374957 82.1861087650001,28.1497957070001 82.1837611400001,28.1445797700001 82.1849622030001,28.142814145 82.1855924530001,28.1401849580001 82.184729265,28.13864927 82.1818128900001,28.136253708 82.1825818280001,28.1347152070001 82.177762203,28.1315373320001 82.177389765,28.130292895 82.1756158900001,28.1294756450001 82.1761359530001,28.1271700200001 82.174344578,28.1260257700001 82.1748815770001,28.122876208 82.176452452,28.1205547700001 82.1752218280001,28.1188958320001 82.1767217650001,28.1148604580001 82.17685514,28.112740833 82.1758808270001,28.111307583 82.174101389,28.1124034580001 82.169186202,28.1120280820001 82.1690252650001,28.109674145 82.167391265,28.1090540820001 82.1660795770001,28.1102338950001 82.1646058900001,28.109136458 82.164036702,28.1068536450001 82.1612930150001,28.1041853950001 82.158786327,28.1052105200001 82.1579680150001,28.107317832 82.1558748890001,28.1071098950001 82.151754327,28.1075506450001 82.1491890780001,28.107391708 82.14747714,28.1092334570001 82.1427030770001,28.1092440190001 82.138746827,28.1073006450001 82.134012827,28.1111706450001 82.13009514,28.113089083 82.1265016400001,28.1139601450001 82.1243386400001,28.11383127 82.1222120150001,28.114692457 82.1191637030001,28.1174066450001 82.1167101400001,28.120986707 82.11615514,28.119244958 82.1096708900001,28.1147855200001 82.1057723900001,28.1130482070001 82.104050515,28.110144958 82.1021834520001,28.1099637080001 82.1012242030001,28.1085974580001 82.101220514,28.1068061450001 82.0995838270001,28.105937145 82.0985097650001,28.1039107080001 82.0981390150001,28.1012312070001 82.0973535150001,28.0998048330001 82.0978486400001,28.0978268320001 82.096043577,28.0967808950001 82.095067015,28.09525452 82.0901407650001,28.0934279570001 82.089209264,28.0908137700001 82.0900116400001,28.086626832 82.0901553900001,28.079322645 82.0927493890001,28.0778084570001 82.095833327,28.077386833 82.09757189,28.0765629580001 82.101362577,28.0734868330001 82.1042220150001,28.0725275830001 82.107049078,28.072998957 82.10929364,28.0726017700001 82.1122961390001,28.07010252 82.11583914,28.0693337700001 82.1186491390001,28.0676729580001 82.1203786400001,28.0672302080001 82.1249850140001,28.0629578320001 82.127045578,28.063238707 82.131717952,28.060996082 82.135435327,28.0575677080001 82.139057015,28.05635777 82.1419778280001,28.055803332 82.1456641390001,28.05453627 82.148908265,28.052993083 82.1535380780001,28.049829582 82.1578373890001,28.047943333 82.1642799520001,28.0458448950001 82.166983203,28.0454925820001 82.1721775770001,28.0459898330001 82.174776765,28.04659252 82.176215578,28.0455492080001 82.1781158270001,28.04216452 82.1806086400001,28.0408910200001 82.1815919520001,28.039075457 82.182089702,28.0359893950001 82.185117828,28.0337523320001 82.1910503280001,28.0328504570001 82.193345202,28.0307910820001 82.194696202,28.0278735200001 82.1984175150001,28.028238145 82.2022037030001,28.026776957 82.205624453,28.024411957 82.205274515,28.0219288320001 82.2064158900001,28.020772707 82.2080627020001,28.0209410200001 82.2099371400001,28.022194707 82.2123840150001,28.0208127080001 82.2117441400001,28.0188962070001 82.2122880150001,28.017573832 82.2152893900001,28.0153250820001 82.2165727030001,28.0152708950001 82.219006515,28.0135459570001 82.220689952,28.0156133950001 82.223682952,28.018373019 82.2254968280001,28.01943527 82.2291933270001,28.02043552 82.2286509530001,28.02450127 82.230773765,28.0288995820001 82.230521389,28.031523457 82.22741639,28.03361777 82.2245358900001,28.036174832 82.2213302650001,28.0361356440001 82.218004577,28.0385295830001 82.2184237650001,28.0407480820001 82.2216708280001,28.040845582 82.223511515,28.042557333 82.2260788900001,28.0433668950001 82.2277158900001,28.044599895 82.2337790770001,28.0467181450001 82.2357939520001,28.0482431450001 82.23393414,28.0526208320001 82.230100765,28.055509145 82.2271273900001,28.058166333 82.223688515,28.0606628950001 82.216700577,28.06483102 82.2135773900001,28.0675050200001 82.2113931390001,28.0676168320001 82.2089122030001,28.066788145 82.2062157650001,28.066816395 82.2040875150001,28.068075895 82.204020389,28.0690691450001 82.2114823270001,28.074436082 82.21547264,28.078382832 82.2202097030001,28.0818037700001 82.22245214,28.083999208 82.226627265,28.0904865200001 82.2293803270001,28.093141958 82.2334072030001,28.09633202 82.2375818900001,28.09857527 82.246610827,28.1011668950001 82.249237265,28.10265902 82.2514959530001,28.104576395 82.2529587650001,28.1068551450001 82.2526487650001,28.112310832 82.255613327,28.119588707 82.25540864,28.121514957 82.2497135770001,28.119931394 82.245889328,28.1183237700001 82.2420200770001,28.1189837700001 82.240305452,28.117925395 82.2363264530001,28.1175575830001 82.2299035780001,28.12039027 82.2268035150001,28.1210655200001 82.2248216400001,28.1204989570001 82.2167126400001,28.1208847080001 82.211830014,28.12067302 82.2096984520001,28.121152083 82.2125867020001,28.124535457 82.2148863900001,28.1258664580001</coordinates></LinearRing></outerBoundaryIs></Polygon>
  </Placemark>
  <Placemark id="lumbini.85">
	<name>5</name>
	<description>DANG</description>
	<Style><LineStyle><color>ff0000ff</color></LineStyle><PolyStyle><fill>0</fill></PolyStyle></Style>
	<ExtendedData><SchemaData schemaUrl="#lumbini">
		<SimpleData name="STATE_CODE">0</SimpleData>
		<SimpleData name="DISTRICT">Gaunpalika</SimpleData>
		<SimpleData name="GaPa_NaPa">5</SimpleData>
	</SchemaData></ExtendedData>
      <Polygon><outerBoundaryIs><LinearRing><coordinates>82.6023461400001,27.8335573320001 82.5994964530001,27.8339413320001 82.596610953,27.8336119570001 82.594192391,27.8351327070001 82.592470453,27.8351332070001 82.586766578,27.833254332 82.5849087030001,27.83304127 82.582168015,27.834630707 82.58003539,27.834856958 82.577385453,27.8339633320001 82.5757335150001,27.8348915820001 82.573845141,27.83756802 82.571373328,27.8384493950001 82.5696327030001,27.8382485830001 82.5647558270001,27.8344439580001 82.562502453,27.8338181440001 82.5606790150001,27.834101457 82.558114828,27.8362585200001 82.5573185160001,27.8376985200001 82.554791203,27.8394543320001 82.5522855150001,27.8392633940001 82.5482050150001,27.8355928940001 82.542859578,27.83601027 82.539997203,27.8356258320001 82.537895328,27.8347823940001 82.5324425160001,27.8336100820001 82.5302813900001,27.83526777 82.5304721400001,27.8386290190001 82.528755952,27.8407087690001 82.5249123900001,27.8414618950001 82.5185313900001,27.840520457 82.5158853900001,27.8392512070001 82.514254141,27.839341957 82.5112576400001,27.8409949570001 82.505508015,27.8434707070001 82.5044727650001,27.8435429570001 82.495641015,27.838700395 82.4902060150001,27.836850645 82.487322265,27.8353612070001 82.4858658900001,27.835295708 82.4833275780001,27.8363427690001 82.4830592650001,27.8327562690001 82.484472516,27.83007452 82.487783328,27.8264631440001 82.4881690780001,27.8212092700001 82.4888394530001,27.8173352690001 82.4887252660001,27.80482477 82.4927021400001,27.8001705820001 82.4930028900001,27.797994832 82.49598339,27.7965683950001 82.49717689,27.793875332 82.496412578,27.7893761450001 82.4973215780001,27.784946769 82.496769327,27.7825072700001 82.4950738900001,27.781695395 82.494537515,27.778454832 82.4917563280001,27.7752633320001 82.491544391,27.7725561440001 82.49197164,27.7694269580001 82.491595766,27.7647001440001 82.4936677650001,27.761393082 82.4963453270001,27.7591690200001 82.499696391,27.7553403320001 82.4996821410001,27.7533755200001 82.4966376400001,27.752169957 82.496573578,27.7490145200001 82.4935752650001,27.7478805820001 82.4928394520001,27.746830457 82.4908707650001,27.747278082 82.490441327,27.7454891450001 82.487855327,27.745762895 82.487604327,27.743250145 82.4852682650001,27.7420796440001 82.4852795770001,27.738941332 82.485997765,27.7376341450001 82.487921015,27.737394582 82.489809015,27.7322870190001 82.4882718910001,27.730284457 82.4888157660001,27.7272058950001 82.4878052660001,27.725887895 82.487089203,27.720806082 82.485877203,27.7202392080001 82.4830984530001,27.7159690830001 82.4803057030001,27.717681957 82.4792817650001,27.7175192070001 82.476468765,27.719099145 82.4741534520001,27.71777702 82.4719792650001,27.7173353950001 82.4722903910001,27.7160573950001 82.4714340780001,27.714022582 82.47286239,27.7098517690001 82.4717001400001,27.7067462700001 82.4706250150001,27.702040332 82.4704826400001,27.6996910820001 82.469439203,27.697676207 82.4703435150001,27.6952233320001 82.469855453,27.6929882700001 82.4707595770001,27.690478957 82.4667105770001,27.685637582 82.466801516,27.681347832 82.467602765,27.6803828320001 82.46732639,27.676866332 82.4751487650001,27.6763297690001 82.4836713280001,27.682467644 82.4859360770001,27.680618269 82.4919947020001,27.6810585200001 82.494414765,27.684021644 82.5022372650001,27.684838207 82.518375765,27.690236832 82.5254567650001,27.688133082 82.528784703,27.687699207 82.5328934520001,27.686395895 82.5408588280001,27.687432082 82.543084327,27.6855537070001 82.5454289530001,27.686902645 82.5514121400001,27.688659644 82.5564703900001,27.6883266450001 82.5638367650001,27.6916113940001 82.5786773900001,27.6956877690001 82.5868675780001,27.6984270200001 82.5931060780001,27.6966902070001 82.59562314,27.696758582 82.5993852660001,27.700390645 82.602036953,27.7040474570001 82.60698239,27.7057848320001 82.620934515,27.7022380820001 82.6248660160001,27.7046708940001 82.6294850780001,27.7090055190001 82.6297680150001,27.7113366450001 82.6404633280001,27.708935582 82.6571813900001,27.7131303950001 82.6661580780001,27.7219122070001 82.668454641,27.7154841450001 82.6736118910001,27.7140717070001 82.682636453,27.713580332 82.6912062660001,27.7149453320001 82.6972339530001,27.718205895 82.701403203,27.721663144 82.7039086400001,27.7161816450001 82.7071970160001,27.7164695820001 82.7099605780001,27.7217070200001 82.710094391,27.7246660820001 82.7081475780001,27.7264843940001 82.7085955780001,27.7289432700001 82.707841516,27.7314743320001 82.708163578,27.735443645 82.7058113900001,27.738796832 82.705379265,27.7426394570001 82.70284064,27.7451177070001 82.7037631410001,27.747682519 82.70369064,27.749843207 82.7015387650001,27.7509962070001 82.701079328,27.753141957 82.6985297030001,27.7549702690001 82.6980603280001,27.7565045200001 82.7015968900001,27.7585772690001 82.7050512650001,27.7582283950001 82.7083377660001,27.7594481450001 82.7121237650001,27.7596662070001 82.714047953,27.7577122700001 82.7172885780001,27.7574219570001 82.7201025150001,27.7586663320001 82.7237646410001,27.757874395 82.7257355780001,27.7588041450001 82.725805828,27.761780582 82.727417453,27.763058894 82.7280002030001,27.7645217080001 82.7330915160001,27.7667050200001 82.733887828,27.771093707 82.7333753280001,27.774170832 82.7334188280001,27.774793958 82.7375458280001,27.77595977 82.7441375160001,27.77663577 82.7480897030001,27.7767189570001 82.7498742660001,27.7773578320001 82.7517792030001,27.7769486440001 82.75821639,27.7772886450001 82.760892578,27.7769562080001 82.7655958280001,27.777077207 82.767240078,27.7767557700001 82.771964891,27.7768767690001 82.7743568910001,27.7773402070001 82.7799615150001,27.7768550820001 82.7835576410001,27.7773109570001 82.7846783910001,27.7765537070001 82.7857355780001,27.769812582 82.7877054530001,27.7720228950001 82.7921810780001,27.7718702700001 82.794475891,27.7726935200001 82.7997962030001,27.7736715820001 82.8013837660001,27.7757588320001 82.804223516,27.775677332 82.8060991410001,27.777505207 82.8072440780001,27.7819890820001 82.8057725790001,27.785624582 82.805430453,27.787566457 82.806070703,27.7902951450001 82.8076550160001,27.791346645 82.807302453,27.7934057690001 82.806233515,27.794842707 82.802061015,27.793813895 82.8001703910001,27.7944946440001 82.7995014530001,27.796320832 82.8007394530001,27.8019945200001 82.7967528280001,27.805553832 82.7927363910001,27.805480457 82.7901883900001,27.8044564580001 82.7885402030001,27.801897082 82.79013389,27.7954923950001 82.789447641,27.794281519 82.7865356410001,27.7961420820001 82.784232203,27.7986803320001 82.781373516,27.8025875820001 82.775339516,27.8046211440001 82.7730548900001,27.807310457 82.7719283280001,27.809671645 82.769478328,27.8106380200001 82.7649545780001,27.8103314570001 82.761437265,27.8112272070001 82.7587751400001,27.813432332 82.759009953,27.8174954570001 82.7576560150001,27.819373957 82.7546936400001,27.821616895 82.7504222030001,27.8229026440001 82.7484189530001,27.823398895 82.744008765,27.8223662070001 82.7418523270001,27.8227752070001 82.7391441410001,27.8223737070001 82.736354578,27.8209720190001 82.731740266,27.820898082 82.7197134530001,27.8221655830001 82.715242328,27.823890582 82.7125712650001,27.8254517070001 82.70875914,27.826740457 82.7046283910001,27.8267491440001 82.6999440160001,27.825432644 82.6899375150001,27.8235850820001 82.6879653270001,27.82382577 82.68588164,27.8227050190001 82.6810477660001,27.8221129570001 82.6776173280001,27.822098145 82.6718827020001,27.8214497070001 82.669320203,27.82166427 82.665655266,27.82113252 82.656589453,27.8183192700001 82.6488875160001,27.818036583 82.640618078,27.8182442070001 82.6290597030001,27.8209928320001 82.6257830770001,27.8211362070001 82.6242110150001,27.8219913940001 82.6220059520001,27.8221769570001 82.6160603280001,27.820890207 82.6113673900001,27.820434769 82.6099989530001,27.821582832 82.611860015,27.8255473950001 82.611392015,27.8266977700001 82.6071118900001,27.830167332 82.6060610160001,27.8315238320001 82.6023461400001,27.8335573320001</coordinates></LinearRing></outerBoundaryIs></Polygon>
  </Placemark>
  <Placemark id="lumbini.86">
	<name>5</name>
	<description>DANG</description>
	<Style><LineStyle><color>ff0000ff</color></LineStyle><PolyStyle><fill>0</fill></PolyStyle></Style>
	<ExtendedData><SchemaData schemaUrl="#lumbini">
		<SimpleData name="STATE_CODE">0</SimpleData>
		<SimpleData name="DISTRICT">Upamahanagarpalika</SimpleData>
		<SimpleData name="GaPa_NaPa">5</SimpleData>
	</SchemaData></ExtendedData>
      <Polygon><outerBoundaryIs><LinearRing><coordinates>82.5990192020001,28.0930828940001 82.599016766,28.095988456 82.5978350140001,28.100346207 82.5969133280001,28.101302333 82.5933999530001,28.102924457 82.590658702,28.1028872690001 82.589885515,28.1052007060001 82.588235764,28.10605902 82.58744139,28.107990956 82.5855778280001,28.1083913320001 82.5845052650001,28.11016927 82.5831764530001,28.110627019 82.5799132020001,28.1096886450001 82.5764305150001,28.1131853320001 82.573123078,28.11327952 82.571768702,28.114578394 82.5691478890001,28.1153225830001 82.568587515,28.1169680190001 82.5666097650001,28.1186664570001 82.5668862650001,28.1209793940001 82.5640061390001,28.1227382070001 82.5650345780001,28.1248582700001 82.5636538900001,28.125513832 82.5626327030001,28.1279079560001 82.562830826,28.12943727 82.561097014,28.1312057690001 82.5632983900001,28.132207957 82.5638025150001,28.133476581 82.5591372650001,28.1360940820001 82.5557405160001,28.136723832 82.5541282030001,28.135258519 82.550292702,28.133688519 82.5481335160001,28.1343333940001 82.5464987010001,28.133745332 82.544030266,28.131406832 82.540829827,28.131821707 82.5400006400001,28.1324941440001 82.5356769530001,28.133677581 82.5329133270001,28.135653457 82.5291778260001,28.1353336440001 82.5259976410001,28.136722956 82.524197701,28.1386008320001 82.5223685780001,28.138984894 82.5184720770001,28.1389450830001 82.5177697660001,28.1396774570001 82.5201792650001,28.142845956 82.5215530150001,28.1454189570001 82.5216648270001,28.1468910190001 82.518053702,28.148564207 82.5135219520001,28.1491038950001 82.5124152650001,28.148812144 82.5091537650001,28.149990395 82.5059041390001,28.149751957 82.5042230160001,28.1483778320001 82.5031830770001,28.1452578330001 82.502936327,28.1421127080001 82.499817389,28.1400770820001 82.4973500150001,28.136596207 82.49703564,28.134765583 82.494528765,28.136182583 82.4927348890001,28.135699082 82.491395577,28.1335389560001 82.488877265,28.132422519 82.488475389,28.131199769 82.486490201,28.1303527700001 82.4841262020001,28.133735207 82.483237703,28.136760957 82.483846451,28.1398900200001 82.4816508900001,28.1437871430001 82.4793825150001,28.144159082 82.4770363270001,28.142661644 82.475186014,28.1401550200001 82.4716987640001,28.140255645 82.4686755770001,28.1417318950001 82.466237328,28.141494019 82.4613245770001,28.1443957700001 82.4597831390001,28.1446558320001 82.456672014,28.1463267070001 82.4496663260001,28.1475132080001 82.447546888,28.1474318320001 82.4390413900001,28.1489200820001 82.4326585760001,28.153902644 82.4316149520001,28.1528510200001 82.431026515,28.1504230200001 82.429618578,28.149154083 82.4278368270001,28.1454548950001 82.426280515,28.1438807070001 82.4256362030001,28.139574082 82.4264117020001,28.138507958 82.4289179530001,28.1383668330001 82.430388577,28.1352179580001 82.428716202,28.130926582 82.425605515,28.12745102 82.424239077,28.1265470820001 82.4207090150001,28.1260332700001 82.4159700150001,28.127826145 82.4131367030001,28.1259580830001 82.41078414,28.1264042080001 82.405033765,28.12349227 82.4003080780001,28.12333527 82.397627765,28.125000395 82.395473515,28.12327177 82.39401939,28.120288395 82.3912323900001,28.117334333 82.389098265,28.1135433950001 82.3886068900001,28.1090296450001 82.3880289520001,28.1068788330001 82.3891573280001,28.105739457 82.3903542030001,28.1021696450001 82.39162014,28.1001693330001 82.3918124520001,28.098256582 82.3906263270001,28.094760583 82.3915483280001,28.090843895 82.391472827,28.087855457 82.3895801400001,28.086270708 82.389140453,28.0832408950001 82.3903252650001,28.081072208 82.393353328,28.0790313950001 82.3932545770001,28.0747843950001 82.389687515,28.0734737700001 82.3876754520001,28.071335145 82.3834980780001,28.068879957 82.381713453,28.067359395 82.3785212650001,28.0668973950001 82.3749568900001,28.0658660820001 82.37186789,28.0670092070001 82.3704070150001,28.06844052 82.3667852030001,28.0695978950001 82.3634303900001,28.0664300190001 82.362281889,28.065861645 82.3599787030001,28.066405645 82.3575180780001,28.0648507700001 82.3527318270001,28.062599145 82.3525483270001,28.0594673320001 82.3513680770001,28.0582337070001 82.34745989,28.0572704570001 82.3442987020001,28.0552281450001 82.341985515,28.0550093950001 82.33862214,28.053517207 82.339225265,28.0495971450001 82.3367365770001,28.0496236450001 82.3369117030001,28.04815777 82.338913452,28.04644627 82.3417672030001,28.0463868320001 82.342778514,28.0448925200001 82.340006203,28.04028577 82.3402717020001,28.0386746450001 82.338752953,28.035077583 82.335113827,28.0286450200001 82.3357227650001,28.0260221450001 82.33544464,28.0238815820001 82.3386017020001,28.024448707 82.342029703,28.023224145 82.3460400150001,28.023918082 82.3481800770001,28.0228458330001 82.34970939,28.0234625200001 82.354068327,28.0217365820001 82.356807577,28.0184812700001 82.3561608270001,28.015457832 82.354759953,28.0116386440001 82.3534735150001,28.01066552 82.34859314,28.0096328320001 82.3480743900001,28.0088032080001 82.351741077,28.0052184580001 82.3508391400001,28.003219519 82.3470640150001,28.003655832 82.344078827,28.003112082 82.3421280150001,28.0000471450001 82.3438143270001,27.9985440200001 82.3471014520001,27.99746502 82.3491787030001,27.9975619570001 82.352288328,27.99672602 82.353451453,27.995681269 82.355991078,27.995311083 82.35794889,27.9933877070001 82.3572095150001,27.9912765830001 82.35548764,27.990673208 82.3519720770001,27.9872718940001 82.35100964,27.9838228950001 82.34828314,27.97809227 82.3490490780001,27.9758219570001 82.3477254530001,27.9730915820001 82.346217203,27.9717098950001 82.3430743280001,27.9705246450001 82.34007589,27.967914395 82.338575953,27.9678657700001 82.335435078,27.964965707 82.3370846400001,27.9649970200001 82.338704953,27.9636953950001 82.344753015,27.962244395 82.3456175150001,27.9592196450001 82.3490115160001,27.9578440820001 82.3496637650001,27.955890707 82.352835827,27.9541450200001 82.3557827020001,27.9559433950001 82.358805015,27.9549773320001 82.3610293900001,27.9550230200001 82.3649903900001,27.953350458 82.3689900150001,27.9502673320001 82.37047289,27.9484883320001 82.3731827030001,27.947252145 82.376778265,27.947250083 82.3806282020001,27.945372895 82.3842772030001,27.944587207 82.386894328,27.9413822080001 82.3915385770001,27.939280083 82.392686515,27.937619333 82.395502391,27.9364267070001 82.3971676400001,27.934404269 82.4012919520001,27.935451958 82.4034130150001,27.9352476450001 82.4070104530001,27.9324857080001 82.4084760150001,27.933941582 82.4176536400001,27.9321148330001 82.42165414,27.9302439570001 82.428556578,27.929820582 82.430804515,27.927403645 82.432867452,27.9266128950001 82.4363282020001,27.9278537700001 82.439229077,27.9267586450001 82.4430853280001,27.9268355830001 82.447258328,27.927430207 82.45093339,27.9264914570001 82.4583334530001,27.9227247700001 82.4590448910001,27.919669395 82.458375265,27.9168000820001 82.4596813270001,27.9145776450001 82.4629294520001,27.913850645 82.4643388270001,27.91218202 82.466685328,27.914194207 82.4696048910001,27.914438332 82.4715525770001,27.9153063950001 82.475221515,27.91298177 82.476953515,27.911104332 82.481913515,27.908404832 82.4820489530001,27.907489707 82.485363453,27.906535832 82.4875010150001,27.905039645 82.4889330780001,27.9059062700001 82.4936503900001,27.9062815820001 82.4940195780001,27.908982458 82.4954034530001,27.9107225820001 82.4964275780001,27.9146864570001 82.49979089,27.918877519 82.5048710780001,27.9214797070001 82.507833265,27.9210402690001 82.513499515,27.9190870200001 82.5165447030001,27.91765352 82.521877266,27.9174581450001 82.5235595770001,27.917900332 82.5233310780001,27.9152787080001 82.519433577,27.9131275190001 82.5225558280001,27.9120984570001 82.5219446410001,27.90930352 82.5248370780001,27.9079652080001 82.52502889,27.9102976450001 82.5266077030001,27.911695207 82.530004515,27.912006707 82.530758016,27.9140586450001 82.533122765,27.91347927 82.5393192650001,27.9151468950001 82.5440475780001,27.9144456450001 82.5483064530001,27.912825707 82.54933864,27.910395583 82.5492182030001,27.908790332 82.55010314,27.90620527 82.5526360150001,27.903872145 82.554290328,27.9014507700001 82.55712214,27.8991973940001 82.5586975780001,27.898724332 82.5624507650001,27.896541332 82.565317765,27.897022457 82.567909452,27.898472957 82.5705180160001,27.8990098950001 82.5673274530001,27.903328582 82.565182452,27.905591583 82.56327264,27.909079707 82.560272953,27.9111193950001 82.5620890150001,27.913913269 82.562112702,27.916128895 82.561191578,27.9184677690001 82.5607667030001,27.9219240190001 82.5620010150001,27.9237777070001 82.564656078,27.9241777080001 82.5657212030001,27.9271396450001 82.568016265,27.9285103330001 82.570231515,27.927046708 82.5730197650001,27.9271997070001 82.5753476410001,27.926675582 82.577921953,27.9268014570001 82.5808325780001,27.924832645 82.58735039,27.925141082 82.5884165150001,27.9255174570001 82.5897984530001,27.92878252 82.591568953,27.9306212070001 82.595056953,27.929860583 82.5989120770001,27.9327558950001 82.5995583900001,27.9351335200001 82.5977656410001,27.939676895 82.6000649530001,27.94071777 82.601841827,27.94221127 82.6034330150001,27.9458212070001 82.605095141,27.946492332 82.607192265,27.95062627 82.610274577,27.9510657700001 82.6122312030001,27.954643208 82.6142564520001,27.956712082 82.6136369530001,27.959259645 82.6105381400001,27.962971082 82.6100942030001,27.9640292080001 82.6047791400001,27.9681512700001 82.6014530780001,27.969687644 82.5996047030001,27.97293777 82.599210391,27.976437332 82.6004466410001,27.978509645 82.6015129520001,27.9819134570001 82.603429766,27.9830000200001 82.6054590150001,27.9851773950001 82.6074056410001,27.985711457 82.608662703,27.9878403330001 82.6087453270001,27.9895195820001 82.6101423910001,27.9923537070001 82.6101131400001,27.994336457 82.6119005150001,27.996946645 82.6132777650001,28.000222707 82.615881765,28.0023267070001 82.6195785780001,28.00382352 82.6232737030001,28.0059112700001 82.6240192660001,28.0070557700001 82.621043328,28.008117833 82.618048828,28.007941207 82.614045828,28.0090581440001 82.609958641,28.00954477 82.606981891,28.0108547070001 82.603807703,28.013841083 82.599618391,28.01999327 82.596891827,28.0231508950001 82.5949346410001,28.026519394 82.595120265,28.0288675190001 82.5943655770001,28.0307908950001 82.5939923280001,28.033954457 82.5884053280001,28.0346055200001 82.5846987020001,28.036045083 82.5820008270001,28.035714958 82.5764757030001,28.0334402070001 82.575106578,28.032370208 82.57225214,28.033224895 82.5702952660001,28.0349574580001 82.568064453,28.035125958 82.5643713270001,28.036607895 82.561283141,28.03673802 82.5591997660001,28.0377065820001 82.553987078,28.038348894 82.5499769530001,28.038342707 82.547236141,28.037194707 82.5463502650001,28.03913677 82.5425008280001,28.04317702 82.5426057020001,28.0447076450001 82.5408208900001,28.04831627 82.5377357030001,28.048477457 82.5357021400001,28.0473435820001 82.533598952,28.0497259580001 82.5319475780001,28.050734769 82.5291837650001,28.05082027 82.5271473280001,28.051463895 82.523583203,28.0558675820001 82.5233673280001,28.0568240200001 82.5255924530001,28.0586278320001 82.528311328,28.0599361450001 82.5301972020001,28.059884207 82.5341585150001,28.0612913320001 82.5372667030001,28.0604424570001 82.5418939520001,28.06129702 82.5445092030001,28.0621594580001 82.5449837030001,28.0605176450001 82.5473643280001,28.06059702 82.5492095160001,28.05995102 82.5548718900001,28.0600738950001 82.555900765,28.060418645 82.5585338910001,28.0640918940001 82.5602488280001,28.0647054570001 82.5640234530001,28.064079458 82.5699612650001,28.064982958 82.573581328,28.066933707 82.5775193280001,28.071578958 82.5800437020001,28.075135645 82.581542578,28.0765115200001 82.5843695780001,28.0778130200001 82.5878533270001,28.0819006450001 82.589646578,28.08650777 82.594781078,28.0913430200001 82.5966434530001,28.0919553950001 82.5976700150001,28.093369082 82.5990192020001,28.0930828940001</coordinates></LinearRing></outerBoundaryIs></Polygon>
  </Placemark>
  <Placemark id="lumbini.87">
	<name>5</name>
	<description>DANG</description>
	<Style><LineStyle><color>ff0000ff</color></LineStyle><PolyStyle><fill>0</fill></PolyStyle></Style>
	<ExtendedData><SchemaData schemaUrl="#lumbini">
		<SimpleData name="STATE_CODE">0</SimpleData>
		<SimpleData name="DISTRICT">Nagarpalika</SimpleData>
		<SimpleData name="GaPa_NaPa">5</SimpleData>
	</SchemaData></ExtendedData>
      <Polygon><outerBoundaryIs><LinearRing><coordinates>82.219006515,28.0135459570001 82.2165727030001,28.0152708950001 82.2152893900001,28.0153250820001 82.2122880150001,28.017573832 82.2117441400001,28.0188962070001 82.2123840150001,28.0208127080001 82.2099371400001,28.022194707 82.2080627020001,28.0209410200001 82.2064158900001,28.020772707 82.205274515,28.0219288320001 82.205624453,28.024411957 82.2022037030001,28.026776957 82.1984175150001,28.028238145 82.194696202,28.0278735200001 82.196019203,28.023521207 82.195012515,28.01795752 82.1941913270001,28.016398957 82.1915238280001,28.0140373950001 82.1911217030001,28.0119720820001 82.1917117030001,28.005986082 82.192587953,28.0033185200001 82.192185889,28.0021872070001 82.1895626400001,27.9997643950001 82.1877955780001,27.994915457 82.1879983890001,27.9916221450001 82.1892289520001,27.98979977 82.189000515,27.98803752 82.1908898890001,27.985634207 82.1921490780001,27.98255727 82.1920270780001,27.9811121450001 82.194114014,27.979762957 82.1944921400001,27.9759603950001 82.1978659530001,27.9728108950001 82.200106765,27.96971402 82.2028529520001,27.9674587700001 82.2047840770001,27.96675602 82.2090605770001,27.9661680200001 82.2099186400001,27.9655197700001 82.209958015,27.9624985200001 82.211342077,27.9600407070001 82.2112097020001,27.95825502 82.2121887650001,27.956389707 82.2170233900001,27.953553958 82.2226900780001,27.952815645 82.2265782650001,27.9497375830001 82.232739827,27.9438911450001 82.23321414,27.9423663320001 82.2327040150001,27.9404532070001 82.233278828,27.9370436450001 82.2320595780001,27.9347082080001 82.2323570770001,27.932828457 82.234741639,27.931081207 82.2412801400001,27.929339332 82.2434753900001,27.927995207 82.2455819520001,27.923955832 82.2471023270001,27.922193645 82.249707765,27.922799519 82.25024589,27.9259643950001 82.2519889530001,27.9285475200001 82.255694765,27.9305442690001 82.2581225150001,27.9353591450001 82.2599424530001,27.9367593330001 82.26190239,27.9370323950001 82.2651394530001,27.9352317070001 82.2654568900001,27.9330967700001 82.2647497020001,27.9301748950001 82.2651352650001,27.9286530200001 82.267036203,27.925731957 82.2715657030001,27.9235965820001 82.2778857650001,27.9238922690001 82.2799045780001,27.923573457 82.28353164,27.91780477 82.2866756400001,27.917012895 82.2898232650001,27.917601645 82.2971176400001,27.917090957 82.3062604520001,27.912679645 82.3109902020001,27.909780832 82.3123352650001,27.908432519 82.3153662650001,27.90652877 82.3176864530001,27.903977582 82.319072265,27.900458395 82.321069578,27.8981042070001 82.3250463900001,27.8954963950001 82.3269483270001,27.8949704570001 82.3328748900001,27.894622269 82.3361150150001,27.8950759570001 82.3397933900001,27.8966262700001 82.345509765,27.895765145 82.3529326400001,27.893531207 82.3604742650001,27.889707394 82.363789641,27.887251645 82.3669690150001,27.88585977 82.3703089520001,27.885632582 82.3741448280001,27.886025332 82.382292765,27.890101708 82.3844338900001,27.8901907700001 82.3875652020001,27.889577208 82.393427891,27.887316207 82.3941256410001,27.8856374580001 82.394213703,27.8825052070001 82.3923592030001,27.878555582 82.3926597650001,27.875653519 82.3949797020001,27.8728303950001 82.3994672030001,27.8727397690001 82.4056252650001,27.874655395 82.4112655150001,27.87364602 82.413429265,27.872962832 82.4156301400001,27.8714760820001 82.4190959530001,27.867117894 82.4235301400001,27.8632122070001 82.42783189,27.8616201450001 82.429725766,27.8622570200001 82.432573765,27.8641676450001 82.434437265,27.8663907070001 82.4376668900001,27.8676294570001 82.4426306400001,27.8656126450001 82.4481615770001,27.8624075820001 82.451727765,27.86084277 82.4535097030001,27.86111952 82.45916364,27.8629187700001 82.4646362650001,27.86179602 82.4670868270001,27.860445644 82.4709827030001,27.855689145 82.475932765,27.8491908940001 82.477972702,27.845248145 82.4833275780001,27.8363427690001 82.4858658900001,27.835295708 82.487322265,27.8353612070001 82.4902060150001,27.836850645 82.495641015,27.838700395 82.5044727650001,27.8435429570001 82.505508015,27.8434707070001 82.5112576400001,27.8409949570001 82.514254141,27.839341957 82.5158853900001,27.8392512070001 82.5185313900001,27.840520457 82.5249123900001,27.8414618950001 82.528755952,27.8407087690001 82.5304721400001,27.8386290190001 82.5302813900001,27.83526777 82.5324425160001,27.8336100820001 82.537895328,27.8347823940001 82.539997203,27.8356258320001 82.542859578,27.83601027 82.5482050150001,27.8355928940001 82.5522855150001,27.8392633940001 82.554791203,27.8394543320001 82.5573185160001,27.8376985200001 82.558114828,27.8362585200001 82.5606790150001,27.834101457 82.562502453,27.8338181440001 82.5647558270001,27.8344439580001 82.5696327030001,27.8382485830001 82.571373328,27.8384493950001 82.573845141,27.83756802 82.5757335150001,27.8348915820001 82.577385453,27.8339633320001 82.58003539,27.834856958 82.582168015,27.834630707 82.5849087030001,27.83304127 82.586766578,27.833254332 82.592470453,27.8351332070001 82.594192391,27.8351327070001 82.596610953,27.8336119570001 82.5994964530001,27.8339413320001 82.6023461400001,27.8335573320001 82.6054172030001,27.834138894 82.607609827,27.8338497070001 82.61132689,27.834654207 82.614700703,27.8366328320001 82.6157145780001,27.838215457 82.6149755150001,27.8397240830001 82.6152242030001,27.841678083 82.6135557650001,27.842173394 82.6174757030001,27.8443920820001 82.617360515,27.845670145 82.619712641,27.848213645 82.616580765,27.8494095820001 82.6140192030001,27.849092833 82.613597203,27.850182832 82.6177420160001,27.852514269 82.6192517650001,27.855040332 82.618122515,27.857485895 82.620255828,27.858614957 82.61948964,27.86018202 82.620209328,27.861784207 82.6239845150001,27.8621129570001 82.6229760160001,27.8634971440001 82.6247583900001,27.8647308320001 82.6261652030001,27.869733019 82.6253311400001,27.87049402 82.6249665780001,27.8731254570001 82.6255568270001,27.8744353320001 82.625187452,27.879762645 82.627189141,27.8854475200001 82.6286767660001,27.8932545820001 82.628434891,27.900027145 82.629586078,27.9023803320001 82.6299468280001,27.9049648330001 82.6289168900001,27.909380895 82.628955203,27.913970082 82.6318160150001,27.9168682070001 82.6301047030001,27.918840957 82.626258578,27.918692145 82.6251917650001,27.917239895 82.6233407650001,27.917291332 82.622209141,27.919831582 82.6187752020001,27.920221333 82.6161884530001,27.921253458 82.6152080780001,27.919560645 82.6139460780001,27.9194283320001 82.6123085780001,27.9214083950001 82.611295952,27.9204010820001 82.60928189,27.9204123320001 82.6078445780001,27.923290019 82.6039995150001,27.9211958330001 82.6024857030001,27.9221077070001 82.600626328,27.924561457 82.5989785780001,27.92306927 82.5975267650001,27.922743145 82.5975948270001,27.925241269 82.594268265,27.9228881450001 82.5896157660001,27.924367895 82.5884165150001,27.9255174570001 82.58735039,27.925141082 82.5808325780001,27.924832645 82.577921953,27.9268014570001 82.5753476410001,27.926675582 82.5730197650001,27.9271997070001 82.570231515,27.927046708 82.568016265,27.9285103330001 82.5657212030001,27.9271396450001 82.564656078,27.9241777080001 82.5620010150001,27.9237777070001 82.5607667030001,27.9219240190001 82.561191578,27.9184677690001 82.562112702,27.916128895 82.5620890150001,27.913913269 82.560272953,27.9111193950001 82.56327264,27.909079707 82.565182452,27.905591583 82.5673274530001,27.903328582 82.5705180160001,27.8990098950001 82.567909452,27.898472957 82.565317765,27.897022457 82.5624507650001,27.896541332 82.5586975780001,27.898724332 82.55712214,27.8991973940001 82.554290328,27.9014507700001 82.5526360150001,27.903872145 82.55010314,27.90620527 82.5492182030001,27.908790332 82.54933864,27.910395583 82.5483064530001,27.912825707 82.5440475780001,27.9144456450001 82.5393192650001,27.9151468950001 82.533122765,27.91347927 82.530758016,27.9140586450001 82.530004515,27.912006707 82.5266077030001,27.911695207 82.52502889,27.9102976450001 82.5248370780001,27.9079652080001 82.5219446410001,27.90930352 82.5225558280001,27.9120984570001 82.519433577,27.9131275190001 82.5233310780001,27.9152787080001 82.5235595770001,27.917900332 82.521877266,27.9174581450001 82.5165447030001,27.91765352 82.513499515,27.9190870200001 82.507833265,27.9210402690001 82.5048710780001,27.9214797070001 82.49979089,27.918877519 82.4964275780001,27.9146864570001 82.4954034530001,27.9107225820001 82.4940195780001,27.908982458 82.4936503900001,27.9062815820001 82.4889330780001,27.9059062700001 82.4875010150001,27.905039645 82.485363453,27.906535832 82.4820489530001,27.907489707 82.481913515,27.908404832 82.476953515,27.911104332 82.475221515,27.91298177 82.4715525770001,27.9153063950001 82.4696048910001,27.914438332 82.466685328,27.914194207 82.4643388270001,27.91218202 82.4629294520001,27.913850645 82.4596813270001,27.9145776450001 82.458375265,27.9168000820001 82.4590448910001,27.919669395 82.4583334530001,27.9227247700001 82.45093339,27.9264914570001 82.447258328,27.927430207 82.4430853280001,27.9268355830001 82.439229077,27.9267586450001 82.4363282020001,27.9278537700001 82.432867452,27.9266128950001 82.430804515,27.927403645 82.428556578,27.929820582 82.42165414,27.9302439570001 82.4176536400001,27.9321148330001 82.4084760150001,27.933941582 82.4070104530001,27.9324857080001 82.4034130150001,27.9352476450001 82.4012919520001,27.935451958 82.3971676400001,27.934404269 82.395502391,27.9364267070001 82.392686515,27.937619333 82.3915385770001,27.939280083 82.386894328,27.9413822080001 82.3842772030001,27.944587207 82.3806282020001,27.945372895 82.376778265,27.947250083 82.3731827030001,27.947252145 82.37047289,27.9484883320001 82.3689900150001,27.9502673320001 82.3649903900001,27.953350458 82.3610293900001,27.9550230200001 82.358805015,27.9549773320001 82.3557827020001,27.9559433950001 82.352835827,27.9541450200001 82.3496637650001,27.955890707 82.3490115160001,27.9578440820001 82.3456175150001,27.9592196450001 82.344753015,27.962244395 82.338704953,27.9636953950001 82.3370846400001,27.9649970200001 82.335435078,27.964965707 82.3317485160001,27.9640177690001 82.329836265,27.964058833 82.3280788900001,27.966424332 82.3259938900001,27.967358145 82.3243645150001,27.96892602 82.322634952,27.96936902 82.3193813280001,27.9691882070001 82.3149835780001,27.970105645 82.312221202,27.969989895 82.310949141,27.972598707 82.306573202,27.9742421450001 82.306521015,27.9761309570001 82.30487064,27.977680708 82.3036697030001,27.980785145 82.3025901400001,27.9818308320001 82.298812453,27.9835451450001 82.2970153270001,27.9834132070001 82.294671328,27.9852130200001 82.289946452,27.98408427 82.2858982650001,27.9857758950001 82.2837022020001,27.9893587070001 82.2813117650001,27.9914475200001 82.2790138270001,27.9948168940001 82.2776610780001,27.9957432080001 82.2750852030001,27.996033332 82.2746355150001,27.99680677 82.2671328280001,27.9957345830001 82.2648444530001,27.9949050820001 82.26338214,27.995162269 82.258653015,27.997450332 82.2556856400001,27.9971977700001 82.2549130150001,28.000000082 82.2532107640001,28.001829458 82.2501889530001,28.0027593950001 82.2482772020001,28.0042319570001 82.24504039,28.005540395 82.238255015,28.0058724570001 82.2363742030001,28.0067895830001 82.2332681400001,28.0107272700001 82.2296333900001,28.0107169570001 82.2272272020001,28.012119145 82.2221683270001,28.0126898950001 82.219006515,28.0135459570001</coordinates></LinearRing></outerBoundaryIs></Polygon>
  </Placemark>
  <Placemark id="lumbini.88">
	<name>5</name>
	<description>DANG</description>
	<Style><LineStyle><color>ff0000ff</color></LineStyle><PolyStyle><fill>0</fill></PolyStyle></Style>
	<ExtendedData><SchemaData schemaUrl="#lumbini">
		<SimpleData name="STATE_CODE">0</SimpleData>
		<SimpleData name="DISTRICT">Gaunpalika</SimpleData>
		<SimpleData name="GaPa_NaPa">5</SimpleData>
	</SchemaData></ExtendedData>
      <Polygon><outerBoundaryIs><LinearRing><coordinates>82.4833275780001,27.8363427690001 82.477972702,27.845248145 82.475932765,27.8491908940001 82.4709827030001,27.855689145 82.4670868270001,27.860445644 82.4646362650001,27.86179602 82.45916364,27.8629187700001 82.4535097030001,27.86111952 82.451727765,27.86084277 82.4481615770001,27.8624075820001 82.4426306400001,27.8656126450001 82.4376668900001,27.8676294570001 82.434437265,27.8663907070001 82.432573765,27.8641676450001 82.429725766,27.8622570200001 82.42783189,27.8616201450001 82.4235301400001,27.8632122070001 82.4190959530001,27.867117894 82.4156301400001,27.8714760820001 82.413429265,27.872962832 82.4112655150001,27.87364602 82.4056252650001,27.874655395 82.3994672030001,27.8727397690001 82.3949797020001,27.8728303950001 82.3926597650001,27.875653519 82.3923592030001,27.878555582 82.394213703,27.8825052070001 82.3941256410001,27.8856374580001 82.393427891,27.887316207 82.3875652020001,27.889577208 82.3844338900001,27.8901907700001 82.382292765,27.890101708 82.3741448280001,27.886025332 82.3703089520001,27.885632582 82.3669690150001,27.88585977 82.363789641,27.887251645 82.3604742650001,27.889707394 82.3529326400001,27.893531207 82.345509765,27.895765145 82.3397933900001,27.8966262700001 82.3361150150001,27.8950759570001 82.3328748900001,27.894622269 82.3269483270001,27.8949704570001 82.3250463900001,27.8954963950001 82.321069578,27.8981042070001 82.319072265,27.900458395 82.3176864530001,27.903977582 82.3153662650001,27.90652877 82.3123352650001,27.908432519 82.3109902020001,27.909780832 82.3062604520001,27.912679645 82.2971176400001,27.917090957 82.2898232650001,27.917601645 82.2866756400001,27.917012895 82.28353164,27.91780477 82.2799045780001,27.923573457 82.2778857650001,27.9238922690001 82.2715657030001,27.9235965820001 82.267036203,27.925731957 82.2651352650001,27.9286530200001 82.2647497020001,27.9301748950001 82.2654568900001,27.9330967700001 82.2651394530001,27.9352317070001 82.26190239,27.9370323950001 82.2599424530001,27.9367593330001 82.2581225150001,27.9353591450001 82.255694765,27.9305442690001 82.2519889530001,27.9285475200001 82.25024589,27.9259643950001 82.249707765,27.922799519 82.2471023270001,27.922193645 82.2455819520001,27.923955832 82.2434753900001,27.927995207 82.2412801400001,27.929339332 82.234741639,27.931081207 82.2323570770001,27.932828457 82.2320595780001,27.9347082080001 82.233278828,27.9370436450001 82.2327040150001,27.9404532070001 82.23321414,27.9423663320001 82.232739827,27.9438911450001 82.2265782650001,27.9497375830001 82.2226900780001,27.952815645 82.2170233900001,27.953553958 82.2121887650001,27.956389707 82.2112097020001,27.95825502 82.211342077,27.9600407070001 82.209958015,27.9624985200001 82.2099186400001,27.9655197700001 82.2090605770001,27.9661680200001 82.2047840770001,27.96675602 82.2028529520001,27.9674587700001 82.200106765,27.96971402 82.1978659530001,27.9728108950001 82.1944921400001,27.9759603950001 82.1950475780001,27.97234352 82.1918167650001,27.9699575820001 82.1919928900001,27.967598395 82.1935270770001,27.9657463950001 82.194139265,27.9638233950001 82.1934838270001,27.960722457 82.194228577,27.9592427700001 82.193407827,27.956869645 82.1945241400001,27.9542338950001 82.1926434520001,27.953095019 82.1895580780001,27.9524449570001 82.1877882650001,27.9526091450001 82.184694703,27.951670145 82.181929515,27.952061708 82.1789737650001,27.9515817070001 82.176006827,27.9521778320001 82.1695702650001,27.9553032700001 82.1647027650001,27.9563845820001 82.1586156400001,27.960104458 82.1520314530001,27.9617412700001 82.1489431400001,27.961895645 82.1441434530001,27.9588605820001 82.1431457020001,27.958580082 82.1385449520001,27.9610345200001 82.1351555150001,27.962032644 82.1339435770001,27.958464457 82.1322931400001,27.9581530830001 82.129796577,27.9546089580001 82.1283239530001,27.953677957 82.1249842650001,27.949971395 82.121387327,27.9486357690001 82.1192773280001,27.9488357070001 82.1175646400001,27.9499258330001 82.1156259530001,27.95010627 82.11613414,27.9525139570001 82.1117070770001,27.950318457 82.1088344520001,27.95066877 82.1047108280001,27.9484998950001 82.1018857020001,27.9488993320001 82.099002827,27.94998952 82.097103765,27.9534678950001 82.097062765,27.955128707 82.092897764,27.9531313320001 82.0919498900001,27.9508465820001 82.0898832650001,27.949804833 82.0870580770001,27.9503348320001 82.0856597650001,27.951455894 82.08074464,27.952428582 82.0769226400001,27.9524382700001 82.0728337020001,27.9516624570001 82.0709784520001,27.9521372080001 82.0691475150001,27.950242707 82.0686901390001,27.946636395 82.067962014,27.945186832 82.06823839,27.943519645 82.0666760770001,27.9423111450001 82.0673850140001,27.9390883940001 82.0687968280001,27.9386239570001 82.0692643900001,27.9348277080001 82.0707531400001,27.9314160820001 82.0698129520001,27.9292010820001 82.067306827,27.927963832 82.067845827,27.9269804570001 82.067068265,27.925140958 82.0697978270001,27.9248941450001 82.0692353900001,27.9221392690001 82.072933327,27.9224692070001 82.082443389,27.9089773950001 82.091978328,27.89927277 82.0932925770001,27.8945267080001 82.102797078,27.885992645 82.115939202,27.877552645 82.1241221400001,27.865693207 82.1252455150001,27.8648921450001 82.141329952,27.859787394 82.1499507650001,27.8579920820001 82.1520289520001,27.857900332 82.1557725770001,27.8659550200001 82.156330515,27.865896207 82.1789666400001,27.854584082 82.1957890150001,27.848058957 82.210434327,27.8428120830001 82.2188609520001,27.8342661450001 82.2298530150001,27.8233347070001 82.2323915150001,27.820640832 82.2499649530001,27.812584207 82.2546771400001,27.8099897700001 82.258508578,27.807060332 82.280410578,27.790818082 82.290151703,27.7838598320001 82.305806703,27.7724615820001 82.3099913900001,27.7701365830001 82.3385043900001,27.7546550820001 82.36908514,27.7425045200001 82.3748823270001,27.7338964570001 82.3757107650001,27.7330287070001 82.384080328,27.7204013940001 82.3948832030001,27.709687144 82.4037028280001,27.702622207 82.41479939,27.69806027 82.4292136400001,27.6881096440001 82.4389842030001,27.6849177070001 82.450666202,27.67854427 82.46732639,27.676866332 82.467602765,27.6803828320001 82.466801516,27.681347832 82.4667105770001,27.685637582 82.4707595770001,27.690478957 82.469855453,27.6929882700001 82.4703435150001,27.6952233320001 82.469439203,27.697676207 82.4704826400001,27.6996910820001 82.4706250150001,27.702040332 82.4717001400001,27.7067462700001 82.47286239,27.7098517690001 82.4714340780001,27.714022582 82.4722903910001,27.7160573950001 82.4719792650001,27.7173353950001 82.4741534520001,27.71777702 82.476468765,27.719099145 82.4792817650001,27.7175192070001 82.4803057030001,27.717681957 82.4830984530001,27.7159690830001 82.485877203,27.7202392080001 82.487089203,27.720806082 82.4878052660001,27.725887895 82.4888157660001,27.7272058950001 82.4882718910001,27.730284457 82.489809015,27.7322870190001 82.487921015,27.737394582 82.485997765,27.7376341450001 82.4852795770001,27.738941332 82.4852682650001,27.7420796440001 82.487604327,27.743250145 82.487855327,27.745762895 82.490441327,27.7454891450001 82.4908707650001,27.747278082 82.4928394520001,27.746830457 82.4935752650001,27.7478805820001 82.496573578,27.7490145200001 82.4966376400001,27.752169957 82.4996821410001,27.7533755200001 82.499696391,27.7553403320001 82.4963453270001,27.7591690200001 82.4936677650001,27.761393082 82.491595766,27.7647001440001 82.49197164,27.7694269580001 82.491544391,27.7725561440001 82.4917563280001,27.7752633320001 82.494537515,27.778454832 82.4950738900001,27.781695395 82.496769327,27.7825072700001 82.4973215780001,27.784946769 82.496412578,27.7893761450001 82.49717689,27.793875332 82.49598339,27.7965683950001 82.4930028900001,27.797994832 82.4927021400001,27.8001705820001 82.4887252660001,27.80482477 82.4888394530001,27.8173352690001 82.4881690780001,27.8212092700001 82.487783328,27.8264631440001 82.484472516,27.83007452 82.4830592650001,27.8327562690001 82.4833275780001,27.8363427690001</coordinates></LinearRing></outerBoundaryIs></Polygon>
  </Placemark>
  <Placemark id="lumbini.89">
	<name>5</name>
	<description>DANG</description>
	<Style><LineStyle><color>ff0000ff</color></LineStyle><PolyStyle><fill>0</fill></PolyStyle></Style>
	<ExtendedData><SchemaData schemaUrl="#lumbini">
		<SimpleData name="STATE_CODE">0</SimpleData>
		<SimpleData name="DISTRICT">Gaunpalika</SimpleData>
		<SimpleData name="GaPa_NaPa">5</SimpleData>
	</SchemaData></ExtendedData>
      <Polygon><outerBoundaryIs><LinearRing><coordinates>82.7762530150001,27.8953862700001 82.7752343280001,27.8957878320001 82.7729990780001,27.8986151450001 82.7702997650001,27.8991054570001 82.768938328,27.9022947080001 82.768194828,27.9064415830001 82.7649257030001,27.904668332 82.76282739,27.9070635200001 82.7603148910001,27.904311082 82.7572717030001,27.906205895 82.7579463280001,27.9077257700001 82.7571713280001,27.909929769 82.756105516,27.9098479570001 82.7554698280001,27.9068077700001 82.754705953,27.9062278330001 82.7515893280001,27.90745852 82.750617515,27.908507833 82.7447858900001,27.9084277700001 82.7437402030001,27.910040333 82.740685328,27.9089565830001 82.7397451400001,27.9098730200001 82.738654765,27.912793707 82.736710766,27.9115372700001 82.732885953,27.911847332 82.72826989,27.9142571450001 82.725727266,27.914488583 82.7243802030001,27.91638027 82.7230129530001,27.9169338940001 82.7212182660001,27.9159832070001 82.7152351400001,27.916868332 82.7158564530001,27.91824352 82.7124609530001,27.9202152070001 82.7107071400001,27.918574458 82.70931914,27.919531582 82.7073736400001,27.9196487070001 82.7067092650001,27.918464769 82.7078203900001,27.91729752 82.705554078,27.9166107080001 82.704934515,27.91794952 82.7025188280001,27.9179673940001 82.7013638910001,27.9166299570001 82.702240766,27.915541832 82.70038114,27.91422477 82.699996453,27.9126779580001 82.6957638280001,27.9118573320001 82.691594578,27.9139768950001 82.6898853900001,27.910675832 82.686657703,27.9097787700001 82.6831307030001,27.9096638950001 82.678705515,27.909948582 82.678254828,27.914090957 82.6765019530001,27.9138620200001 82.669745703,27.91567402 82.6636756400001,27.9160416440001 82.659337641,27.916696582 82.6579266410001,27.917731895 82.6555214530001,27.9166661450001 82.654059203,27.9175069570001 82.6517730780001,27.9171664570001 82.6492936400001,27.91827927 82.6461953900001,27.918111207 82.644700265,27.9172526450001 82.6431615160001,27.9177519580001 82.639572516,27.9168208950001 82.635746828,27.9177057700001 82.6318160150001,27.9168682070001 82.628955203,27.913970082 82.6289168900001,27.909380895 82.6299468280001,27.9049648330001 82.629586078,27.9023803320001 82.628434891,27.900027145 82.6286767660001,27.8932545820001 82.627189141,27.8854475200001 82.625187452,27.879762645 82.6255568270001,27.8744353320001 82.6249665780001,27.8731254570001 82.6253311400001,27.87049402 82.6261652030001,27.869733019 82.6247583900001,27.8647308320001 82.6229760160001,27.8634971440001 82.6239845150001,27.8621129570001 82.620209328,27.861784207 82.61948964,27.86018202 82.620255828,27.858614957 82.618122515,27.857485895 82.6192517650001,27.855040332 82.6177420160001,27.852514269 82.613597203,27.850182832 82.6140192030001,27.849092833 82.616580765,27.8494095820001 82.619712641,27.848213645 82.617360515,27.845670145 82.6174757030001,27.8443920820001 82.6135557650001,27.842173394 82.6152242030001,27.841678083 82.6149755150001,27.8397240830001 82.6157145780001,27.838215457 82.614700703,27.8366328320001 82.61132689,27.834654207 82.607609827,27.8338497070001 82.6054172030001,27.834138894 82.6023461400001,27.8335573320001 82.6060610160001,27.8315238320001 82.6071118900001,27.830167332 82.611392015,27.8266977700001 82.611860015,27.8255473950001 82.6099989530001,27.821582832 82.6113673900001,27.820434769 82.6160603280001,27.820890207 82.6220059520001,27.8221769570001 82.6242110150001,27.8219913940001 82.6257830770001,27.8211362070001 82.6290597030001,27.8209928320001 82.640618078,27.8182442070001 82.6488875160001,27.818036583 82.656589453,27.8183192700001 82.665655266,27.82113252 82.669320203,27.82166427 82.6718827020001,27.8214497070001 82.6776173280001,27.822098145 82.6810477660001,27.8221129570001 82.68588164,27.8227050190001 82.6879653270001,27.82382577 82.6899375150001,27.8235850820001 82.6999440160001,27.825432644 82.7046283910001,27.8267491440001 82.70875914,27.826740457 82.7125712650001,27.8254517070001 82.715242328,27.823890582 82.7197134530001,27.8221655830001 82.731740266,27.820898082 82.736354578,27.8209720190001 82.7391441410001,27.8223737070001 82.7418523270001,27.8227752070001 82.744008765,27.8223662070001 82.7484189530001,27.823398895 82.7504222030001,27.8229026440001 82.7506848900001,27.827884269 82.7541635150001,27.829458894 82.754656578,27.8320646450001 82.7560377660001,27.833990332 82.7607417030001,27.8368933940001 82.7650865780001,27.83793402 82.772929203,27.841022707 82.7766353910001,27.8419219570001 82.7816330780001,27.842128582 82.7830742030001,27.84294677 82.7856892030001,27.846681145 82.791187828,27.850348207 82.791289641,27.852183332 82.792282329,27.85448877 82.795015391,27.8562386450001 82.7976400780001,27.85662927 82.8050994530001,27.8553517070001 82.8071468900001,27.8557167700001 82.8095798910001,27.8575969570001 82.8087452030001,27.859232207 82.801020453,27.860988207 82.7977624530001,27.861526145 82.795954641,27.8623293320001 82.7940232650001,27.8642798330001 82.795200203,27.8657250200001 82.7998720150001,27.86652152 82.804345266,27.868236708 82.807376391,27.8673085820001 82.8095616410001,27.8671943320001 82.81096489,27.867930707 82.811946391,27.8698275190001 82.8112197660001,27.8713847700001 82.807446891,27.871735707 82.805796828,27.8734767070001 82.807685328,27.875898082 82.8071592030001,27.8775743950001 82.805204141,27.878613333 82.8024142660001,27.8781536450001 82.799272203,27.8819188950001 82.796311453,27.8804040200001 82.793002266,27.8807789580001 82.7930309530001,27.883319644 82.7916669530001,27.8888170820001 82.7896028910001,27.88946902 82.7890007030001,27.8921778320001 82.784879641,27.8912617070001 82.7820483900001,27.897093582 82.779766453,27.8966267070001 82.779248828,27.8937568320001 82.7776872650001,27.8926961450001 82.776241515,27.893504582 82.7762530150001,27.8953862700001</coordinates></LinearRing></outerBoundaryIs></Polygon>
  </Placemark>
  <Placemark id="lumbini.90">
	<name>5</name>
	<description>DANG</description>
	<Style><LineStyle><color>ff0000ff</color></LineStyle><PolyStyle><fill>0</fill></PolyStyle></Style>
	<ExtendedData><SchemaData schemaUrl="#lumbini">
		<SimpleData name="STATE_CODE">0</SimpleData>
		<SimpleData name="DISTRICT">Gaunpalika</SimpleData>
		<SimpleData name="GaPa_NaPa">5</SimpleData>
	</SchemaData></ExtendedData>
      <Polygon><outerBoundaryIs><LinearRing><coordinates>82.2458524530001,28.237779833 82.2395761400001,28.239332645 82.235030577,28.2398249570001 82.2292053900001,28.2436449570001 82.2269655150001,28.2461083330001 82.2246892650001,28.2478500820001 82.2187558270001,28.2494010830001 82.214196578,28.246811145 82.209173327,28.245881083 82.2044667650001,28.243589958 82.2003471400001,28.2428500820001 82.1952223900001,28.2470143950001 82.1918633270001,28.248230457 82.1887704530001,28.248358895 82.18425139,28.2496412080001 82.1819322640001,28.2496996450001 82.17766814,28.248863333 82.1733548270001,28.25126027 82.1719552650001,28.2514233950001 82.17041714,28.2460176450001 82.170180202,28.2437997070001 82.171077014,28.24199177 82.1709182650001,28.2382458330001 82.1713790150001,28.23483077 82.16844489,28.2317877080001 82.1666526400001,28.230665957 82.1630018270001,28.2271595830001 82.1598307020001,28.2230647700001 82.158411077,28.2205703320001 82.1553666390001,28.213895645 82.1557805150001,28.211645145 82.1548652650001,28.2055863320001 82.1550405770001,28.201697708 82.1533477030001,28.199625145 82.1523451400001,28.1972715200001 82.1533742650001,28.195582083 82.15408239,28.192040895 82.153959828,28.1879201450001 82.1532185780001,28.1852822700001 82.1532075150001,28.182651832 82.1539403900001,28.180597145 82.1552997650001,28.180037457 82.1566143270001,28.17785602 82.15443314,28.1733104570001 82.155099014,28.171484207 82.154418202,28.1690714580001 82.1528891400001,28.1675660820001 82.1535353900001,28.165453395 82.1529380150001,28.163042207 82.1536648900001,28.16133052 82.15584864,28.1599178320001 82.158690703,28.1592395820001 82.1618048890001,28.1556576450001 82.1627800150001,28.15308652 82.1648543900001,28.15023977 82.1617932650001,28.1491038950001 82.1572626400001,28.14682752 82.1555380770001,28.1453982080001 82.1510685150001,28.1434482700001 82.147471452,28.142266895 82.1448055770001,28.1423591450001 82.1421448280001,28.1440147700001 82.1396563900001,28.143742145 82.136907077,28.1418428320001 82.1335439530001,28.137056208 82.13254914,28.133761582 82.1309328900001,28.132294958 82.1257737020001,28.130870895 82.122341202,28.12660802 82.1167101400001,28.120986707 82.1191637030001,28.1174066450001 82.1222120150001,28.114692457 82.1243386400001,28.11383127 82.1265016400001,28.1139601450001 82.13009514,28.113089083 82.134012827,28.1111706450001 82.138746827,28.1073006450001 82.1427030770001,28.1092440190001 82.14747714,28.1092334570001 82.1491890780001,28.107391708 82.151754327,28.1075506450001 82.1558748890001,28.1071098950001 82.1579680150001,28.107317832 82.158786327,28.1052105200001 82.1612930150001,28.1041853950001 82.164036702,28.1068536450001 82.1646058900001,28.109136458 82.1660795770001,28.1102338950001 82.167391265,28.1090540820001 82.1690252650001,28.109674145 82.169186202,28.1120280820001 82.174101389,28.1124034580001 82.1758808270001,28.111307583 82.17685514,28.112740833 82.1767217650001,28.1148604580001 82.1752218280001,28.1188958320001 82.176452452,28.1205547700001 82.1748815770001,28.122876208 82.174344578,28.1260257700001 82.1761359530001,28.1271700200001 82.1756158900001,28.1294756450001 82.177389765,28.130292895 82.177762203,28.1315373320001 82.1825818280001,28.1347152070001 82.1818128900001,28.136253708 82.184729265,28.13864927 82.1855924530001,28.1401849580001 82.1849622030001,28.142814145 82.1837611400001,28.1445797700001 82.1861087650001,28.1497957070001 82.1888407650001,28.153374957 82.191164202,28.15503777 82.1941167030001,28.1581005200001 82.196544202,28.15428252 82.199880577,28.1516949580001 82.2028122020001,28.1508255200001 82.203736765,28.1487711450001 82.203566702,28.1465933330001 82.2025049530001,28.1434893320001 82.2036693900001,28.141094395 82.2031422650001,28.1382248950001 82.2060573270001,28.136818583 82.2086796400001,28.1346273950001 82.209987078,28.132747895 82.2122453280001,28.1321932700001 82.2140121400001,28.1294229580001 82.21364264,28.12785602 82.2148863900001,28.1258664580001 82.21673264,28.1256380200001 82.2187839530001,28.126382333 82.2207150780001,28.1262320820001 82.22218639,28.1270468320001 82.2240060770001,28.129352145 82.2248630770001,28.1314764570001 82.2262617650001,28.1371333320001 82.225845264,28.1400653950001 82.226784578,28.1425318330001 82.2263680770001,28.1453533330001 82.2270786400001,28.1471157070001 82.228859077,28.1491753330001 82.2306914530001,28.150316208 82.2318712650001,28.152369895 82.2358105770001,28.155152145 82.23830889,28.1562982070001 82.2400345770001,28.159481645 82.2390931400001,28.161288208 82.2390714530001,28.163332332 82.2398673900001,28.1651322070001 82.2390315150001,28.1690359570001 82.2399922020001,28.1714276450001 82.2424057650001,28.1724187070001 82.245709015,28.177074458 82.2452615780001,28.1810332700001 82.24602889,28.183859833 82.2448845770001,28.188822208 82.2451202650001,28.191035458 82.247381514,28.1948816450001 82.2487445150001,28.1983208950001 82.25078589,28.2000416450001 82.2508862030001,28.204063208 82.250253952,28.2073942700001 82.2495087020001,28.2080237700001 82.2497520150001,28.21027302 82.253127765,28.21244627 82.255348702,28.214952582 82.255156453,28.2160463320001 82.2520614530001,28.2191202070001 82.2496119520001,28.2176582070001 82.2490570150001,28.221787208 82.247322577,28.2255277080001 82.246164015,28.2297862080001 82.246516264,28.2335190200001 82.2458524530001,28.237779833</coordinates></LinearRing></outerBoundaryIs></Polygon>
  </Placemark>
  <Placemark id="lumbini.91">
	<name>5</name>
	<description>DANG</description>
	<Style><LineStyle><color>ff0000ff</color></LineStyle><PolyStyle><fill>0</fill></PolyStyle></Style>
	<ExtendedData><SchemaData schemaUrl="#lumbini">
		<SimpleData name="STATE_CODE">0</SimpleData>
		<SimpleData name="DISTRICT">Upamahanagarpalika</SimpleData>
		<SimpleData name="GaPa_NaPa">5</SimpleData>
	</SchemaData></ExtendedData>
      <Polygon><outerBoundaryIs><LinearRing><coordinates>82.2859544520001,28.2469287700001 82.283373139,28.2481215820001 82.2804442030001,28.247821958 82.2773441400001,28.2483472700001 82.2753382650001,28.246626645 82.2725801400001,28.2454837700001 82.2698229530001,28.24489577 82.266203202,28.2434291450001 82.262241702,28.2437635200001 82.259851139,28.243365958 82.25855339,28.239860833 82.25213589,28.2389181450001 82.2498497650001,28.2394376450001 82.2473488900001,28.238853582 82.2458524530001,28.237779833 82.246516264,28.2335190200001 82.246164015,28.2297862080001 82.247322577,28.2255277080001 82.2490570150001,28.221787208 82.2496119520001,28.2176582070001 82.2520614530001,28.2191202070001 82.255156453,28.2160463320001 82.255348702,28.214952582 82.253127765,28.21244627 82.2497520150001,28.21027302 82.2495087020001,28.2080237700001 82.250253952,28.2073942700001 82.2508862030001,28.204063208 82.25078589,28.2000416450001 82.2487445150001,28.1983208950001 82.247381514,28.1948816450001 82.2451202650001,28.191035458 82.2448845770001,28.188822208 82.24602889,28.183859833 82.2452615780001,28.1810332700001 82.245709015,28.177074458 82.2424057650001,28.1724187070001 82.2399922020001,28.1714276450001 82.2390315150001,28.1690359570001 82.2398673900001,28.1651322070001 82.2390714530001,28.163332332 82.2390931400001,28.161288208 82.2400345770001,28.159481645 82.23830889,28.1562982070001 82.2358105770001,28.155152145 82.2318712650001,28.152369895 82.2306914530001,28.150316208 82.228859077,28.1491753330001 82.2270786400001,28.1471157070001 82.2263680770001,28.1453533330001 82.226784578,28.1425318330001 82.225845264,28.1400653950001 82.2262617650001,28.1371333320001 82.2248630770001,28.1314764570001 82.2240060770001,28.129352145 82.22218639,28.1270468320001 82.2207150780001,28.1262320820001 82.2187839530001,28.126382333 82.21673264,28.1256380200001 82.2148863900001,28.1258664580001 82.2125867020001,28.124535457 82.2096984520001,28.121152083 82.211830014,28.12067302 82.2167126400001,28.1208847080001 82.2248216400001,28.1204989570001 82.2268035150001,28.1210655200001 82.2299035780001,28.12039027 82.2363264530001,28.1175575830001 82.240305452,28.117925395 82.2420200770001,28.1189837700001 82.245889328,28.1183237700001 82.2497135770001,28.119931394 82.25540864,28.121514957 82.255613327,28.119588707 82.2526487650001,28.112310832 82.2529587650001,28.1068551450001 82.2514959530001,28.104576395 82.249237265,28.10265902 82.246610827,28.1011668950001 82.2375818900001,28.09857527 82.2334072030001,28.09633202 82.2293803270001,28.093141958 82.226627265,28.0904865200001 82.22245214,28.083999208 82.2202097030001,28.0818037700001 82.21547264,28.078382832 82.2114823270001,28.074436082 82.204020389,28.0690691450001 82.2040875150001,28.068075895 82.2062157650001,28.066816395 82.2089122030001,28.066788145 82.2113931390001,28.0676168320001 82.2135773900001,28.0675050200001 82.216700577,28.06483102 82.223688515,28.0606628950001 82.2271273900001,28.058166333 82.230100765,28.055509145 82.23393414,28.0526208320001 82.2357939520001,28.0482431450001 82.2337790770001,28.0467181450001 82.2277158900001,28.044599895 82.2260788900001,28.0433668950001 82.223511515,28.042557333 82.2216708280001,28.040845582 82.2184237650001,28.0407480820001 82.218004577,28.0385295830001 82.2213302650001,28.0361356440001 82.2245358900001,28.036174832 82.22741639,28.03361777 82.230521389,28.031523457 82.230773765,28.0288995820001 82.2286509530001,28.02450127 82.2291933270001,28.02043552 82.2254968280001,28.01943527 82.223682952,28.018373019 82.220689952,28.0156133950001 82.219006515,28.0135459570001 82.2221683270001,28.0126898950001 82.2272272020001,28.012119145 82.2296333900001,28.0107169570001 82.2332681400001,28.0107272700001 82.2363742030001,28.0067895830001 82.238255015,28.0058724570001 82.24504039,28.005540395 82.2482772020001,28.0042319570001 82.2501889530001,28.0027593950001 82.2532107640001,28.001829458 82.2549130150001,28.000000082 82.2556856400001,27.9971977700001 82.258653015,27.997450332 82.26338214,27.995162269 82.2648444530001,27.9949050820001 82.2671328280001,27.9957345830001 82.2746355150001,27.99680677 82.2750852030001,27.996033332 82.2776610780001,27.9957432080001 82.2790138270001,27.9948168940001 82.2813117650001,27.9914475200001 82.2837022020001,27.9893587070001 82.2858982650001,27.9857758950001 82.289946452,27.98408427 82.294671328,27.9852130200001 82.2970153270001,27.9834132070001 82.298812453,27.9835451450001 82.3025901400001,27.9818308320001 82.3036697030001,27.980785145 82.30487064,27.977680708 82.306521015,27.9761309570001 82.306573202,27.9742421450001 82.310949141,27.972598707 82.312221202,27.969989895 82.3149835780001,27.970105645 82.3193813280001,27.9691882070001 82.322634952,27.96936902 82.3243645150001,27.96892602 82.3259938900001,27.967358145 82.3280788900001,27.966424332 82.329836265,27.964058833 82.3317485160001,27.9640177690001 82.335435078,27.964965707 82.338575953,27.9678657700001 82.34007589,27.967914395 82.3430743280001,27.9705246450001 82.346217203,27.9717098950001 82.3477254530001,27.9730915820001 82.3490490780001,27.9758219570001 82.34828314,27.97809227 82.35100964,27.9838228950001 82.3519720770001,27.9872718940001 82.35548764,27.990673208 82.3572095150001,27.9912765830001 82.35794889,27.9933877070001 82.355991078,27.995311083 82.353451453,27.995681269 82.352288328,27.99672602 82.3491787030001,27.9975619570001 82.3471014520001,27.99746502 82.3438143270001,27.9985440200001 82.3421280150001,28.0000471450001 82.344078827,28.003112082 82.3470640150001,28.003655832 82.3508391400001,28.003219519 82.351741077,28.0052184580001 82.3480743900001,28.0088032080001 82.34859314,28.0096328320001 82.3534735150001,28.01066552 82.354759953,28.0116386440001 82.3561608270001,28.015457832 82.356807577,28.0184812700001 82.354068327,28.0217365820001 82.34970939,28.0234625200001 82.3481800770001,28.0228458330001 82.3460400150001,28.023918082 82.342029703,28.023224145 82.3386017020001,28.024448707 82.33544464,28.0238815820001 82.3357227650001,28.0260221450001 82.335113827,28.0286450200001 82.338752953,28.035077583 82.3402717020001,28.0386746450001 82.340006203,28.04028577 82.342778514,28.0448925200001 82.3417672030001,28.0463868320001 82.338913452,28.04644627 82.3369117030001,28.04815777 82.3367365770001,28.0496236450001 82.339225265,28.0495971450001 82.33862214,28.053517207 82.341985515,28.0550093950001 82.3442987020001,28.0552281450001 82.34745989,28.0572704570001 82.3513680770001,28.0582337070001 82.3525483270001,28.0594673320001 82.3527318270001,28.062599145 82.3575180780001,28.0648507700001 82.3599787030001,28.066405645 82.362281889,28.065861645 82.3634303900001,28.0664300190001 82.3667852030001,28.0695978950001 82.3704070150001,28.06844052 82.37186789,28.0670092070001 82.3749568900001,28.0658660820001 82.3785212650001,28.0668973950001 82.381713453,28.067359395 82.3834980780001,28.068879957 82.3876754520001,28.071335145 82.389687515,28.0734737700001 82.3932545770001,28.0747843950001 82.393353328,28.0790313950001 82.3903252650001,28.081072208 82.389140453,28.0832408950001 82.3895801400001,28.086270708 82.391472827,28.087855457 82.3915483280001,28.090843895 82.3906263270001,28.094760583 82.3918124520001,28.098256582 82.39162014,28.1001693330001 82.3903542030001,28.1021696450001 82.3891573280001,28.105739457 82.3880289520001,28.1068788330001 82.3886068900001,28.1090296450001 82.389098265,28.1135433950001 82.3912323900001,28.117334333 82.39401939,28.120288395 82.395473515,28.12327177 82.397627765,28.125000395 82.4003080780001,28.12333527 82.405033765,28.12349227 82.41078414,28.1264042080001 82.4131367030001,28.1259580830001 82.4159700150001,28.127826145 82.4207090150001,28.1260332700001 82.424239077,28.1265470820001 82.425605515,28.12745102 82.428716202,28.130926582 82.430388577,28.1352179580001 82.4289179530001,28.1383668330001 82.4264117020001,28.138507958 82.4256362030001,28.139574082 82.426280515,28.1438807070001 82.4278368270001,28.1454548950001 82.429618578,28.149154083 82.431026515,28.1504230200001 82.4316149520001,28.1528510200001 82.4326585760001,28.153902644 82.429678015,28.1549647680001 82.427325264,28.1543824570001 82.4241310150001,28.1550766450001 82.4202476390001,28.1565495200001 82.415823576,28.159453581 82.4108583280001,28.160806456 82.4050447020001,28.1641125190001 82.4018817030001,28.1680183940001 82.3986918270001,28.168750333 82.3966933280001,28.171146207 82.3955903900001,28.1742887070001 82.3957337030001,28.176064958 82.3981993900001,28.1801185200001 82.398573953,28.1830203330001 82.3964489530001,28.184918957 82.3943783270001,28.1891902080001 82.391899202,28.1884777700001 82.388968015,28.1883947700001 82.3805541400001,28.1844552700001 82.3784533910001,28.1853878320001 82.3718681400001,28.1890702700001 82.3690122030001,28.189696708 82.367279077,28.1916180200001 82.36739264,28.1931418950001 82.3654006400001,28.1948922080001 82.3649567030001,28.196624582 82.3612455160001,28.1985543320001 82.3602425780001,28.200540458 82.3584419530001,28.2019931450001 82.3567999530001,28.2054113950001 82.3559212650001,28.206060833 82.351281015,28.2070609580001 82.349028828,28.2085157700001 82.348242015,28.2102492070001 82.348490203,28.212570457 82.3479490770001,28.2162259580001 82.3453359530001,28.218363208 82.34212239,28.2202063330001 82.3414671400001,28.2219859570001 82.33943414,28.22338877 82.3343893900001,28.224139645 82.330951015,28.2242656450001 82.3293858900001,28.2251471450001 82.3239193900001,28.2243000830001 82.3217721400001,28.22476527 82.3148169520001,28.2230433330001 82.3137080770001,28.22863977 82.3118727030001,28.231551708 82.30739564,28.2312268330001 82.304473703,28.232213582 82.30359789,28.2336138960001 82.3030323900001,28.236811457 82.30321539,28.243697207 82.301740953,28.2458453950001 82.29988589,28.245030582 82.2968751400001,28.2454449580001 82.2939970780001,28.2466813950001 82.289133453,28.24556327 82.2859544520001,28.2469287700001</coordinates></LinearRing></outerBoundaryIs></Polygon>
  </Placemark>
  <Placemark id="lumbini.92">
	<name>5</name>
	<description>BANKE</description>
	<Style><LineStyle><color>ff0000ff</color></LineStyle><PolyStyle><fill>0</fill></PolyStyle></Style>
	<ExtendedData><SchemaData schemaUrl="#lumbini">
		<SimpleData name="STATE_CODE">0</SimpleData>
		<SimpleData name="DISTRICT">Gaunpalika</SimpleData>
		<SimpleData name="GaPa_NaPa">5</SimpleData>
	</SchemaData></ExtendedData>
      <Polygon><outerBoundaryIs><LinearRing><coordinates>81.7383733890001,28.3150043320001 81.7347902650001,28.31589002 81.728281327,28.3158233950001 81.7266638900001,28.3161456450001 81.723655701,28.3195909570001 81.720766327,28.3189406450001 81.7188131390001,28.319959458 81.7165610770001,28.3231908330001 81.7129057020001,28.3243945200001 81.71040464,28.3294320200001 81.7081785770001,28.3301046450001 81.7049295150001,28.3337065200001 81.7016013890001,28.334632895 81.69896364,28.3342899570001 81.6911852650001,28.3363601450001 81.6876126390001,28.337743145 81.6856808900001,28.337543082 81.6809347010001,28.3360800200001 81.6774547640001,28.335934895 81.675418452,28.337535583 81.676097327,28.3349015200001 81.677752577,28.332632645 81.6822021390001,28.333803958 81.6831116390001,28.333454208 81.683757202,28.3311338950001 81.686231327,28.3322202700001 81.6871203270001,28.329501582 81.6857757640001,28.3266972070001 81.6870602020001,28.324709833 81.68459964,28.320629395 81.682975389,28.3167322080001 81.6830218900001,28.3154323950001 81.67982864,28.313947958 81.6801890150001,28.317490707 81.6819591390001,28.3192935210001 81.6825672640001,28.3223948950001 81.6817975760001,28.324445145 81.6785714520001,28.322243395 81.6767457020001,28.31779877 81.6742825140001,28.3141288960001 81.6741990140001,28.310688645 81.6729502640001,28.3075338950001 81.6704330760001,28.3044372700001 81.663913327,28.2872250200001 81.66287264,28.28772202 81.6606693890001,28.2903543950001 81.6552048890001,28.29368377 81.6523113270001,28.292057395 81.6514182640001,28.2904529580001 81.651563389,28.28853902 81.6486159520001,28.28535377 81.6478353890001,28.282410957 81.642831389,28.2798669580001 81.6473217020001,28.2779753950001 81.6483297650001,28.27703202 81.646059952,28.2743556450001 81.648045702,28.271780957 81.6478258270001,28.2697694570001 81.649427389,28.2679614570001 81.6487563890001,28.265943082 81.6461584510001,28.2670270830001 81.644624514,28.266332645 81.6440060770001,28.263817583 81.6421914520001,28.2620866450001 81.639427826,28.2616754580001 81.636232702,28.260264395 81.634160765,28.258509707 81.6322211390001,28.2587668950001 81.6250555770001,28.2547567070001 81.624348452,28.2535528330001 81.623999514,28.2505130820001 81.6226126390001,28.2489626450001 81.618918202,28.24857102 81.6159024510001,28.24953227 81.613055639,28.2469729580001 81.6124763270001,28.24414627 81.612519702,28.240470708 81.6109772020001,28.237379832 81.6072284510001,28.2356479580001 81.603083515,28.2361288320001 81.599272139,28.23431802 81.5978852640001,28.2347144570001 81.596301827,28.237920645 81.5929052640001,28.2349685200001 81.5907961390001,28.2358507700001 81.591095201,28.23776952 81.5923662650001,28.239555458 81.5912320140001,28.240167333 81.588045702,28.236528208 81.585562952,28.235009145 81.5840098890001,28.2323963330001 81.583962264,28.2307855830001 81.5849863890001,28.22845052 81.583816889,28.227835145 81.5795738260001,28.229479832 81.577197326,28.2278834580001 81.5779224520001,28.2264048320001 81.5798388900001,28.2255980200001 81.579991389,28.222824458 81.5782528270001,28.222484395 81.5757058890001,28.2190092070001 81.570867139,28.2151600820001 81.568084389,28.213630645 81.565762389,28.2134687700001 81.564252514,28.2144362070001 81.5637976400001,28.21197427 81.5632973890001,28.210448833 81.563834451,28.2087928330001 81.5633592020001,28.2071747700001 81.560721576,28.205935583 81.55865414,28.2059508950001 81.554060452,28.2045774580001 81.551617702,28.2033035200001 81.550060826,28.20356027 81.546290764,28.2028150200001 81.543789889,28.203740958 81.5410249510001,28.2024613950001 81.538693327,28.19866202 81.535710389,28.1975320830001 81.532859139,28.197130332 81.5298419520001,28.194849708 81.5294920150001,28.1917983320001 81.5314971390001,28.1900374570001 81.5321860770001,28.188385458 81.532135451,28.184592895 81.529168139,28.1804573950001 81.5255744520001,28.1796769580001 81.522386451,28.1798246450001 81.5201898890001,28.1791108950001 81.5198554520001,28.176309958 81.525619077,28.1739527080001 81.520870889,28.172116332 81.524411764,28.168395708 81.523215076,28.16578752 81.521759139,28.164822895 81.5232081390001,28.1638381450001 81.5278765140001,28.1630869580001 81.528957764,28.1621532080001 81.528185702,28.159173395 81.5308212020001,28.157333458 81.532619014,28.159088583 81.5348017640001,28.158748395 81.5347609510001,28.162324707 81.5357407010001,28.163376832 81.5376278260001,28.1628392700001 81.5413968890001,28.1634110200001 81.5413143270001,28.166985208 81.5430980140001,28.1679008950001 81.544608139,28.1669428320001 81.5477835140001,28.1665150200001 81.5495014510001,28.1691140830001 81.555008576,28.165987332 81.558106701,28.166017583 81.5609428270001,28.1711051450001 81.5612990770001,28.172297207 81.5587544520001,28.175775457 81.5605713260001,28.175431895 81.5641643260001,28.177154457 81.5652654510001,28.1786886450001 81.5685131390001,28.180441832 81.5697894510001,28.179360332 81.5746616390001,28.182390395 81.5802440150001,28.1837747700001 81.580248764,28.1852457700001 81.5838640140001,28.187786707 81.5843932020001,28.18898252 81.586388577,28.189231207 81.5874592640001,28.1878007070001 81.5921263270001,28.187990395 81.59429664,28.1873063950001 81.598746389,28.1850443330001 81.600123577,28.1825699570001 81.600827139,28.1787154570001 81.602625076,28.1774959570001 81.6016356390001,28.1749575200001 81.5990423900001,28.1720222700001 81.6004593260001,28.170526957 81.603049389,28.170296708 81.6044847640001,28.1689343950001 81.606207264,28.1689335200001 81.6083355150001,28.1674146450001 81.606585452,28.1668064580001 81.603300452,28.16421502 81.601174889,28.1617628320001 81.6013284520001,28.1579287700001 81.5999111400001,28.15703927 81.596403702,28.1524743950001 81.5994797640001,28.150326583 81.5984077640001,28.1486796450001 81.5998338890001,28.14626602 81.6029824510001,28.1438154580001 81.6046575770001,28.1462177700001 81.6065338270001,28.14759702 81.6057345770001,28.1492003330001 81.6077716400001,28.1532367080001 81.6095590770001,28.1539620200001 81.6114543890001,28.15619852 81.613373014,28.1553618950001 81.615427826,28.155752082 81.616983389,28.1570830200001 81.6189605760001,28.157148583 81.6214288890001,28.1581594570001 81.6243399510001,28.156377333 81.6260140140001,28.156177895 81.6254380770001,28.1590369570001 81.628050951,28.1612405830001 81.6295775140001,28.1632461450001 81.6260792640001,28.165656083 81.6262318890001,28.167038458 81.6282549520001,28.1696847700001 81.629078764,28.1723207700001 81.6283359510001,28.175056458 81.629074889,28.1791639570001 81.632151827,28.181699333 81.632561077,28.1846124570001 81.6321482640001,28.1870488330001 81.6343437020001,28.1889339580001 81.6349397010001,28.1913182700001 81.634783514,28.193760207 81.635943577,28.1951627080001 81.6383753900001,28.2001443950001 81.637782514,28.2014106450001 81.6349227640001,28.2039643950001 81.6354505770001,28.2050269580001 81.6351480770001,28.208150957 81.6375447010001,28.2083360830001 81.6412722640001,28.209277582 81.6474553900001,28.2098125200001 81.649374514,28.21337277 81.6512115140001,28.2136618320001 81.6560185760001,28.2135350820001 81.6613277020001,28.211487957 81.666394139,28.211212958 81.6705118260001,28.2151186450001 81.6741439510001,28.2156918950001 81.6747007020001,28.218051458 81.6765262640001,28.219522457 81.6769617020001,28.221634395 81.6756176390001,28.225217145 81.6755853270001,28.2271644580001 81.677176139,28.229374395 81.679658514,28.229637332 81.6811501390001,28.22613277 81.6915330140001,28.2305637700001 81.6933808900001,28.231497457 81.6941628270001,28.233727145 81.7042642010001,28.237400458 81.704438764,28.2407048950001 81.7050104520001,28.2419180200001 81.7065590770001,28.248705708 81.7075094510001,28.2513992070001 81.7103340770001,28.26159827 81.7120559510001,28.26895352 81.713663765,28.2734055820001 81.714337077,28.276240332 81.7156547020001,28.2780541450001 81.7188426390001,28.279783708 81.7194910150001,28.2806895200001 81.7199854520001,28.2839043330001 81.7214553270001,28.285586333 81.72305514,28.2862028320001 81.7253797640001,28.289216083 81.7237399510001,28.2917290830001 81.7239983270001,28.2951683950001 81.725759264,28.3004497700001 81.7284875770001,28.302316895 81.729599014,28.30380452 81.7316440770001,28.304808832 81.7331548270001,28.3067974580001 81.73621439,28.3074894580001 81.7379323270001,28.3098355830001 81.7380747020001,28.3114389570001 81.737211077,28.3139412080001 81.7383733890001,28.3150043320001</coordinates></LinearRing></outerBoundaryIs></Polygon>
  </Placemark>
  <Placemark id="lumbini.93">
	<name>5</name>
	<description>BANKE</description>
	<Style><LineStyle><color>ff0000ff</color></LineStyle><PolyStyle><fill>0</fill></PolyStyle></Style>
	<ExtendedData><SchemaData schemaUrl="#lumbini">
		<SimpleData name="STATE_CODE">0</SimpleData>
		<SimpleData name="DISTRICT">Gaunpalika</SimpleData>
		<SimpleData name="GaPa_NaPa">5</SimpleData>
	</SchemaData></ExtendedData>
      <Polygon><outerBoundaryIs><LinearRing><coordinates>81.7540981390001,27.969413645 81.755973452,27.973753457 81.7578520150001,27.979182958 81.757462639,27.984378958 81.755868514,27.9888642070001 81.7521067640001,27.996772708 81.7489858900001,27.9970672700001 81.7448378270001,27.99816602 81.7417739520001,27.997600457 81.7371336400001,27.9942771450001 81.7338443890001,27.9927897700001 81.731380576,27.9922185200001 81.727978389,27.9921576450001 81.7252477640001,27.9931197070001 81.722991015,27.9946252070001 81.721604202,27.9969880200001 81.7209442640001,28.000001707 81.721069077,28.0019455830001 81.7224062020001,28.0058418950001 81.7233480770001,28.0068861450001 81.7263210140001,28.0080752690001 81.7319480150001,28.0113960200001 81.7384577020001,28.016690457 81.739582139,28.019017332 81.7401724520001,28.0254083950001 81.740040327,28.0295989570001 81.7381310760001,28.0346902700001 81.7359484520001,28.036071582 81.7363062640001,28.038756832 81.738694202,28.043233957 81.739698515,28.0465407070001 81.738365452,28.049273457 81.73439389,28.0525143950001 81.7288570150001,28.0557229570001 81.7221053270001,28.058660208 81.7199426390001,28.060081708 81.7186512640001,28.0617219580001 81.7175743270001,28.065973833 81.7175345140001,28.069552458 81.719471077,28.074151832 81.722681139,28.07913927 81.725244827,28.082076957 81.7258841390001,28.0848306450001 81.726741765,28.0859091450001 81.7323399510001,28.086626145 81.735964639,28.0904310820001 81.735672327,28.0923301450001 81.736470452,28.095389895 81.7335618270001,28.094035895 81.728578139,28.092992958 81.7294597650001,28.0950640820001 81.7282548890001,28.097218394 81.728342077,28.1003337700001 81.726227389,28.1016197700001 81.721600327,28.1024067700001 81.7205624520001,28.1041698330001 81.72178289,28.1047816450001 81.719596014,28.106812458 81.7201758890001,28.1110533950001 81.7175837650001,28.114065458 81.7166393270001,28.11881077 81.7155818270001,28.1194638320001 81.7143144510001,28.1226336450001 81.713694327,28.12621977 81.7145609520001,28.127363707 81.7110656390001,28.1253218950001 81.7107163900001,28.1229185820001 81.7090742650001,28.12156652 81.70651589,28.1210857070001 81.7045647020001,28.1215040820001 81.7033067020001,28.1202222700001 81.6990954520001,28.117572395 81.695663014,28.1163963320001 81.694321765,28.114503332 81.690848702,28.112217269 81.69167839,28.110850332 81.6876833890001,28.1087022080001 81.684531577,28.1043588950001 81.687302452,28.1033207080001 81.688345702,28.098839082 81.6910281390001,28.0973363950001 81.690256639,28.094671207 81.6905804520001,28.0914882700001 81.688901452,28.0905355830001 81.6869530770001,28.08672327 81.6858769510001,28.088332832 81.6846298890001,28.0883706450001 81.6834238900001,28.0863595820001 81.684387014,28.084879207 81.6872565140001,28.0840345830001 81.690418326,28.0823558320001 81.690671765,28.0809105820001 81.688410951,28.0810482700001 81.6858583270001,28.0819996450001 81.684827264,28.081488145 81.6858655140001,28.07872802 81.6855005770001,28.07664727 81.6816007640001,28.077460957 81.680018014,28.0767964570001 81.6781126400001,28.0745722080001 81.675721265,28.0742478330001 81.6797985140001,28.071220082 81.6785819510001,28.068498332 81.6823127640001,28.0675502070001 81.683753202,28.064436207 81.682119201,28.0634808950001 81.6810545770001,28.061241207 81.6810428270001,28.0584615820001 81.6794769520001,28.052851333 81.678226952,28.0504319570001 81.6816685150001,28.0471748950001 81.681611827,28.043932957 81.6853346400001,28.043158583 81.687805202,28.041553332 81.6883106390001,28.039258395 81.6842523890001,28.0378211450001 81.6829212640001,28.0368395200001 81.6825053890001,28.034510895 81.682891327,28.0320000190001 81.6824002020001,28.0309329580001 81.67950339,28.027928457 81.679524514,28.0259225200001 81.680528327,28.0209831450001 81.6842122020001,28.0201118950001 81.6890438890001,28.017524645 81.6888788260001,28.0113681450001 81.6869080150001,28.0072896450001 81.6813561390001,28.0061619570001 81.6800890150001,28.005200395 81.6790386390001,28.002184395 81.6735564520001,27.9990277700001 81.6724802640001,27.9967316440001 81.668511327,28.003007645 81.6665012010001,28.0083895830001 81.664901951,28.010746145 81.6631097650001,28.01659627 81.6632312020001,28.0187820200001 81.6624630760001,28.0207058330001 81.6587565770001,28.0212358320001 81.6588149520001,28.022882645 81.6558882640001,28.025712458 81.6538999520001,28.0256293950001 81.650578452,28.0281609570001 81.6497776400001,28.02935827 81.6479031390001,28.0281103950001 81.6454088890001,28.027837832 81.641979077,28.021376145 81.6405077640001,28.01465252 81.6373222020001,28.015005769 81.6372882640001,28.010757332 81.635349702,28.0100037070001 81.6330663890001,28.01029177 81.6335912640001,28.0085294580001 81.6327472020001,28.0072201450001 81.63110564,28.0070313950001 81.628599014,28.0015713940001 81.629815577,28.0014800820001 81.637882952,27.9973409580001 81.6410961390001,27.997014645 81.642521264,27.9954511450001 81.6452957010001,27.9937098950001 81.6648737020001,27.991858957 81.69511964,27.9893605820001 81.7001653900001,27.988089582 81.727008702,27.9666804570001 81.7405087650001,27.9561280820001 81.7588985770001,27.941574207 81.7579938270001,27.94572852 81.764046202,27.950611457 81.7656485140001,27.9525361440001 81.766568077,27.9551934570001 81.7657047640001,27.9570890200001 81.7596063890001,27.9607576440001 81.757790265,27.9613339580001 81.7530829520001,27.961741144 81.753132264,27.96656252 81.7540981390001,27.969413645</coordinates></LinearRing></outerBoundaryIs></Polygon>
  </Placemark>
  <Placemark id="lumbini.94">
	<name>5</name>
	<description>BANKE</description>
	<Style><LineStyle><color>ff0000ff</color></LineStyle><PolyStyle><fill>0</fill></PolyStyle></Style>
	<ExtendedData><SchemaData schemaUrl="#lumbini">
		<SimpleData name="STATE_CODE">0</SimpleData>
		<SimpleData name="DISTRICT">Gaunpalika</SimpleData>
		<SimpleData name="GaPa_NaPa">5</SimpleData>
	</SchemaData></ExtendedData>
      <Polygon><outerBoundaryIs><LinearRing><coordinates>81.674178827,28.130794645 81.67154564,28.129848645 81.6650511400001,28.132777333 81.6641057640001,28.133634708 81.6625445770001,28.138757207 81.659618327,28.1392407070001 81.6614542020001,28.143890895 81.6607512020001,28.1459970830001 81.6574432640001,28.1455910820001 81.6555145770001,28.144167645 81.6536243890001,28.143626145 81.650176952,28.1435996450001 81.6492313270001,28.1422391450001 81.6475640150001,28.1428674580001 81.6435108270001,28.1430737700001 81.6426910770001,28.1440117700001 81.641377827,28.14277702 81.6385445760001,28.138575582 81.636342826,28.1369748320001 81.6339677010001,28.136155645 81.632780826,28.1364746450001 81.631442577,28.13462402 81.629322201,28.135362457 81.6242483890001,28.13344527 81.6197531390001,28.134180895 81.617486764,28.133669958 81.6162791390001,28.132249458 81.6111800150001,28.13074027 81.6090771390001,28.1305398330001 81.6074891390001,28.1288817070001 81.605431202,28.1278417070001 81.6020602020001,28.127630895 81.599324139,28.1262507700001 81.6001935770001,28.1251662070001 81.5987323890001,28.1235120200001 81.5972601390001,28.1201949580001 81.593783515,28.11820427 81.591978827,28.117896208 81.590485889,28.1155290200001 81.5886483890001,28.113883082 81.589748076,28.1128968950001 81.5883693260001,28.1097282700001 81.583806952,28.10380702 81.582821639,28.103346457 81.5791000770001,28.103456957 81.580246764,28.1021051450001 81.5795447020001,28.1007317080001 81.576776952,28.0994325200001 81.576767014,28.0972213950001 81.5793378270001,28.095012958 81.5758901390001,28.0921484570001 81.5714693890001,28.0945631450001 81.570124015,28.09287427 81.5685360140001,28.0922152700001 81.5660838260001,28.0924352070001 81.5637262640001,28.094947145 81.561639014,28.0952828320001 81.559543014,28.093188583 81.559163514,28.0918860190001 81.561856139,28.090922832 81.564426514,28.0888500830001 81.567357701,28.0875632070001 81.5697338260001,28.08547077 81.5684297020001,28.0841066450001 81.5700972020001,28.0822585820001 81.5683098270001,28.0795720200001 81.569796764,28.079080832 81.5736241390001,28.078945145 81.5743287650001,28.0765370820001 81.572571327,28.072663645 81.569019202,28.070331895 81.5668512010001,28.0698422070001 81.5647413890001,28.0702547700001 81.564427139,28.0721852080001 81.5618370770001,28.0737052700001 81.5607300770001,28.0752124580001 81.561581452,28.0764025820001 81.559680201,28.0776941450001 81.557266139,28.0755198950001 81.5550553890001,28.0750121450001 81.5536507640001,28.07606027 81.548491701,28.07295377 81.5504819510001,28.0712603320001 81.5589544520001,28.0678529580001 81.5601243260001,28.066577894 81.560137577,28.0647209570001 81.5570668270001,28.0642460820001 81.557015827,28.06237127 81.5528302640001,28.0644955820001 81.5501960770001,28.063084707 81.546046452,28.0632772700001 81.5449655770001,28.06407577 81.541287577,28.0614369570001 81.5426214510001,28.0582277080001 81.5408892020001,28.057070332 81.5413322650001,28.0552545200001 81.539514201,28.053449895 81.5491132640001,28.0490977700001 81.5610097650001,28.042111645 81.57722664,28.030995395 81.5888955760001,28.024483833 81.5884789510001,28.02596577 81.5905637640001,28.0284793320001 81.5914714510001,28.030546707 81.5913069520001,28.0324359580001 81.5900537640001,28.0334566450001 81.589836452,28.0363885200001 81.5885358890001,28.037944145 81.5867761390001,28.0379539570001 81.5861569520001,28.0401970820001 81.5877334520001,28.0414425820001 81.5881078260001,28.0434107070001 81.587265576,28.04438227 81.5897672020001,28.045962145 81.5897993900001,28.047893458 81.5965197020001,28.054865707 81.5958012020001,28.0567167070001 81.592628952,28.059871145 81.5944306390001,28.0639517700001 81.5897991400001,28.067083145 81.591565701,28.069728895 81.591832326,28.0719659580001 81.6037087010001,28.06634352 81.6105658270001,28.063844832 81.6131053890001,28.0661394570001 81.6168704510001,28.0643198330001 81.6193546390001,28.065030645 81.620627389,28.06751352 81.6211721390001,28.069783145 81.6228601390001,28.071027707 81.6242038890001,28.0761997700001 81.6230713890001,28.0790951450001 81.6248362650001,28.081941333 81.629887576,28.079661957 81.631200327,28.083040333 81.6310902020001,28.0841080820001 81.6328319510001,28.087416708 81.633591202,28.091172145 81.635988952,28.0916709580001 81.64738164,28.095146458 81.647100639,28.097699645 81.6461280140001,28.1008990830001 81.644109014,28.0995322700001 81.642946952,28.09966402 81.6413582640001,28.10175402 81.638136827,28.1034634580001 81.6364603270001,28.1031035190001 81.636226014,28.10705302 81.634534951,28.109522457 81.6348908900001,28.1111972080001 81.639317389,28.111381958 81.6417175770001,28.11092627 81.6422679520001,28.113184457 81.6435358260001,28.1151955830001 81.6439453900001,28.117736457 81.645771702,28.1181993320001 81.6465552640001,28.116884832 81.6502228270001,28.1158792700001 81.6527084510001,28.113877458 81.654849889,28.11396877 81.657112639,28.113202082 81.659082389,28.111220707 81.6609460760001,28.1144020200001 81.6663549520001,28.11590327 81.6686762640001,28.1158627070001 81.670979764,28.1194005200001 81.668547264,28.123683457 81.66722789,28.127114895 81.669544327,28.128599395 81.6733814520001,28.129453832 81.674178827,28.130794645</coordinates></LinearRing></outerBoundaryIs></Polygon>
  </Placemark>
  <Placemark id="lumbini.95">
	<name>5</name>
	<description>BANKE</description>
	<Style><LineStyle><color>ff0000ff</color></LineStyle><PolyStyle><fill>0</fill></PolyStyle></Style>
	<ExtendedData><SchemaData schemaUrl="#lumbini">
		<SimpleData name="STATE_CODE">0</SimpleData>
		<SimpleData name="DISTRICT">Gaunpalika</SimpleData>
		<SimpleData name="GaPa_NaPa">5</SimpleData>
	</SchemaData></ExtendedData>
      <Polygon><outerBoundaryIs><LinearRing><coordinates>81.6260140140001,28.156177895 81.6243399510001,28.156377333 81.6214288890001,28.1581594570001 81.6189605760001,28.157148583 81.616983389,28.1570830200001 81.615427826,28.155752082 81.613373014,28.1553618950001 81.6114543890001,28.15619852 81.6095590770001,28.1539620200001 81.6077716400001,28.1532367080001 81.6057345770001,28.1492003330001 81.6065338270001,28.14759702 81.6046575770001,28.1462177700001 81.6029824510001,28.1438154580001 81.5998338890001,28.14626602 81.5984077640001,28.1486796450001 81.5994797640001,28.150326583 81.596403702,28.1524743950001 81.5999111400001,28.15703927 81.6013284520001,28.1579287700001 81.601174889,28.1617628320001 81.603300452,28.16421502 81.606585452,28.1668064580001 81.6083355150001,28.1674146450001 81.606207264,28.1689335200001 81.6044847640001,28.1689343950001 81.603049389,28.170296708 81.6004593260001,28.170526957 81.5990423900001,28.1720222700001 81.6016356390001,28.1749575200001 81.602625076,28.1774959570001 81.600827139,28.1787154570001 81.600123577,28.1825699570001 81.598746389,28.1850443330001 81.59429664,28.1873063950001 81.5921263270001,28.187990395 81.5874592640001,28.1878007070001 81.586388577,28.189231207 81.5843932020001,28.18898252 81.5838640140001,28.187786707 81.580248764,28.1852457700001 81.5802440150001,28.1837747700001 81.5746616390001,28.182390395 81.5697894510001,28.179360332 81.5685131390001,28.180441832 81.5652654510001,28.1786886450001 81.5641643260001,28.177154457 81.5605713260001,28.175431895 81.5587544520001,28.175775457 81.5612990770001,28.172297207 81.5609428270001,28.1711051450001 81.558106701,28.166017583 81.555008576,28.165987332 81.5495014510001,28.1691140830001 81.5477835140001,28.1665150200001 81.544608139,28.1669428320001 81.5430980140001,28.1679008950001 81.5413143270001,28.166985208 81.5413968890001,28.1634110200001 81.5376278260001,28.1628392700001 81.5357407010001,28.163376832 81.5347609510001,28.162324707 81.5348017640001,28.158748395 81.532619014,28.159088583 81.5308212020001,28.157333458 81.528185702,28.159173395 81.528957764,28.1621532080001 81.5278765140001,28.1630869580001 81.5232081390001,28.1638381450001 81.521759139,28.164822895 81.5206750140001,28.1643983330001 81.5188892640001,28.162223333 81.519465139,28.1602062700001 81.522597702,28.161205207 81.524625202,28.1595616450001 81.5241811390001,28.157126582 81.5225794510001,28.156004582 81.5204298890001,28.1559608320001 81.5183449510001,28.156647895 81.5167511390001,28.1559838330001 81.5158434510001,28.1539588320001 81.5159830140001,28.152144333 81.5152265140001,28.150060082 81.513829076,28.1484927070001 81.5124274520001,28.148576958 81.509145265,28.1519148950001 81.507516201,28.15168627 81.506287452,28.148759958 81.5051094520001,28.147812145 81.5019924520001,28.1468962700001 81.500528327,28.1439458950001 81.5017000770001,28.14138302 81.5025609520001,28.1376637700001 81.504156202,28.13534077 81.5059219520001,28.1338270200001 81.505421202,28.1303045820001 81.506162514,28.127731957 81.5056045140001,28.12693302 81.502557139,28.1281084570001 81.5004563270001,28.1270827700001 81.5008057640001,28.126149707 81.5045370140001,28.1245227690001 81.507581202,28.1221447070001 81.5028715770001,28.1190077700001 81.5037255770001,28.116200083 81.508165202,28.1141553320001 81.509793077,28.1112928320001 81.5126901390001,28.1083037070001 81.512740514,28.1069836450001 81.5110749510001,28.1049682080001 81.5080475770001,28.1044582700001 81.5064295770001,28.105484082 81.5052112640001,28.1042566450001 81.507640139,28.1004796450001 81.5076652640001,28.09973502 81.5101303260001,28.097047645 81.5131631390001,28.0966031450001 81.513792514,28.095592208 81.5119223890001,28.0917206450001 81.513539639,28.090830145 81.5169802010001,28.0904427070001 81.51872889,28.08888152 81.5209880770001,28.08845102 81.5255786390001,28.085983207 81.5263888270001,28.083213895 81.5227819520001,28.082835082 81.5214843890001,28.080992145 81.5200166390001,28.076144395 81.5152625140001,28.0740008330001 81.5123428260001,28.0736236450001 81.5091577640001,28.0742627700001 81.5069737640001,28.0761661450001 81.5043951390001,28.07406602 81.506176327,28.0715842700001 81.508266576,28.070597332 81.5067138890001,28.068759707 81.5182508890001,28.0632360820001 81.539514201,28.053449895 81.5413322650001,28.0552545200001 81.5408892020001,28.057070332 81.5426214510001,28.0582277080001 81.541287577,28.0614369570001 81.5449655770001,28.06407577 81.546046452,28.0632772700001 81.5501960770001,28.063084707 81.5528302640001,28.0644955820001 81.557015827,28.06237127 81.5570668270001,28.0642460820001 81.560137577,28.0647209570001 81.5601243260001,28.066577894 81.5589544520001,28.0678529580001 81.5504819510001,28.0712603320001 81.548491701,28.07295377 81.5536507640001,28.07606027 81.5550553890001,28.0750121450001 81.557266139,28.0755198950001 81.559680201,28.0776941450001 81.561581452,28.0764025820001 81.5607300770001,28.0752124580001 81.5618370770001,28.0737052700001 81.564427139,28.0721852080001 81.5647413890001,28.0702547700001 81.5668512010001,28.0698422070001 81.569019202,28.070331895 81.572571327,28.072663645 81.5743287650001,28.0765370820001 81.5736241390001,28.078945145 81.569796764,28.079080832 81.5683098270001,28.0795720200001 81.5700972020001,28.0822585820001 81.5684297020001,28.0841066450001 81.5697338260001,28.08547077 81.567357701,28.0875632070001 81.564426514,28.0888500830001 81.561856139,28.090922832 81.559163514,28.0918860190001 81.559543014,28.093188583 81.561639014,28.0952828320001 81.5637262640001,28.094947145 81.5660838260001,28.0924352070001 81.5685360140001,28.0922152700001 81.570124015,28.09287427 81.5714693890001,28.0945631450001 81.5758901390001,28.0921484570001 81.5793378270001,28.095012958 81.576767014,28.0972213950001 81.576776952,28.0994325200001 81.5795447020001,28.1007317080001 81.580246764,28.1021051450001 81.5791000770001,28.103456957 81.582821639,28.103346457 81.583806952,28.10380702 81.5883693260001,28.1097282700001 81.589748076,28.1128968950001 81.5886483890001,28.113883082 81.590485889,28.1155290200001 81.591978827,28.117896208 81.593783515,28.11820427 81.5972601390001,28.1201949580001 81.5987323890001,28.1235120200001 81.6001935770001,28.1251662070001 81.599324139,28.1262507700001 81.6020602020001,28.127630895 81.605431202,28.1278417070001 81.6074891390001,28.1288817070001 81.6090771390001,28.1305398330001 81.6111800150001,28.13074027 81.6162791390001,28.132249458 81.617486764,28.133669958 81.6197531390001,28.134180895 81.6242483890001,28.13344527 81.629322201,28.135362457 81.631442577,28.13462402 81.632780826,28.1364746450001 81.6339677010001,28.136155645 81.636342826,28.1369748320001 81.6385445760001,28.138575582 81.641377827,28.14277702 81.6426910770001,28.1440117700001 81.6423003260001,28.1493450830001 81.641725889,28.1514009580001 81.64276039,28.154870707 81.6426042640001,28.156552333 81.643642077,28.1591602080001 81.642174014,28.1602771450001 81.638095702,28.1612957080001 81.635868702,28.1598079570001 81.6317313260001,28.1584507700001 81.630919265,28.15619152 81.631232889,28.154973958 81.629861765,28.15352727 81.6256793270001,28.1544466450001 81.6260140140001,28.156177895</coordinates></LinearRing></outerBoundaryIs></Polygon>
  </Placemark>
  <Placemark id="lumbini.96">
	<name>5</name>
	<description>BANKE</description>
	<Style><LineStyle><color>ff0000ff</color></LineStyle><PolyStyle><fill>0</fill></PolyStyle></Style>
	<ExtendedData><SchemaData schemaUrl="#lumbini">
		<SimpleData name="STATE_CODE">0</SimpleData>
		<SimpleData name="DISTRICT">Nagarpalika</SimpleData>
		<SimpleData name="GaPa_NaPa">5</SimpleData>
	</SchemaData></ExtendedData>
      <Polygon><outerBoundaryIs><LinearRing><coordinates>81.746872764,28.3131350830001 81.745566452,28.312907582 81.7404512640001,28.3141740820001 81.7383733890001,28.3150043320001 81.737211077,28.3139412080001 81.7380747020001,28.3114389570001 81.7379323270001,28.3098355830001 81.73621439,28.3074894580001 81.7331548270001,28.3067974580001 81.7316440770001,28.304808832 81.729599014,28.30380452 81.7284875770001,28.302316895 81.725759264,28.3004497700001 81.7239983270001,28.2951683950001 81.7237399510001,28.2917290830001 81.7253797640001,28.289216083 81.72305514,28.2862028320001 81.7214553270001,28.285586333 81.7199854520001,28.2839043330001 81.7194910150001,28.2806895200001 81.7188426390001,28.279783708 81.7156547020001,28.2780541450001 81.714337077,28.276240332 81.713663765,28.2734055820001 81.7120559510001,28.26895352 81.7103340770001,28.26159827 81.7075094510001,28.2513992070001 81.7065590770001,28.248705708 81.7050104520001,28.2419180200001 81.704438764,28.2407048950001 81.7042642010001,28.237400458 81.6941628270001,28.233727145 81.6933808900001,28.231497457 81.6915330140001,28.2305637700001 81.6811501390001,28.22613277 81.679658514,28.229637332 81.677176139,28.229374395 81.6755853270001,28.2271644580001 81.6756176390001,28.225217145 81.6769617020001,28.221634395 81.6765262640001,28.219522457 81.6747007020001,28.218051458 81.6741439510001,28.2156918950001 81.6705118260001,28.2151186450001 81.666394139,28.211212958 81.6613277020001,28.211487957 81.6560185760001,28.2135350820001 81.6512115140001,28.2136618320001 81.649374514,28.21337277 81.6474553900001,28.2098125200001 81.6412722640001,28.209277582 81.6375447010001,28.2083360830001 81.6351480770001,28.208150957 81.6354505770001,28.2050269580001 81.6349227640001,28.2039643950001 81.637782514,28.2014106450001 81.6383753900001,28.2001443950001 81.635943577,28.1951627080001 81.634783514,28.193760207 81.6349397010001,28.1913182700001 81.6343437020001,28.1889339580001 81.6321482640001,28.1870488330001 81.632561077,28.1846124570001 81.632151827,28.181699333 81.629074889,28.1791639570001 81.6283359510001,28.175056458 81.629078764,28.1723207700001 81.6282549520001,28.1696847700001 81.6262318890001,28.167038458 81.6260792640001,28.165656083 81.6295775140001,28.1632461450001 81.628050951,28.1612405830001 81.6254380770001,28.1590369570001 81.6260140140001,28.156177895 81.6256793270001,28.1544466450001 81.629861765,28.15352727 81.631232889,28.154973958 81.630919265,28.15619152 81.6317313260001,28.1584507700001 81.635868702,28.1598079570001 81.638095702,28.1612957080001 81.642174014,28.1602771450001 81.643642077,28.1591602080001 81.6426042640001,28.156552333 81.64276039,28.154870707 81.641725889,28.1514009580001 81.6423003260001,28.1493450830001 81.6426910770001,28.1440117700001 81.6435108270001,28.1430737700001 81.6475640150001,28.1428674580001 81.6492313270001,28.1422391450001 81.650176952,28.1435996450001 81.6536243890001,28.143626145 81.6555145770001,28.144167645 81.6574432640001,28.1455910820001 81.6607512020001,28.1459970830001 81.6614542020001,28.143890895 81.659618327,28.1392407070001 81.6625445770001,28.138757207 81.6641057640001,28.133634708 81.6650511400001,28.132777333 81.67154564,28.129848645 81.674178827,28.130794645 81.6762460140001,28.131276332 81.6796755770001,28.1328657070001 81.683039389,28.1322985200001 81.6883007640001,28.1336440200001 81.6891399510001,28.1313362070001 81.6904288270001,28.1298022070001 81.693947076,28.128340457 81.6957448890001,28.1270092080001 81.693501327,28.125220083 81.6948495770001,28.1231533320001 81.69970814,28.124143958 81.7010357650001,28.123209833 81.7016753890001,28.120708957 81.7033067020001,28.1202222700001 81.7045647020001,28.1215040820001 81.70651589,28.1210857070001 81.7090742650001,28.12156652 81.7107163900001,28.1229185820001 81.7110656390001,28.1253218950001 81.7145609520001,28.127363707 81.7179030140001,28.1302860820001 81.7199480770001,28.13142377 81.722690577,28.13436727 81.7223233270001,28.1374827700001 81.724873701,28.140404582 81.7268195770001,28.1435011450001 81.727433014,28.1460338950001 81.7299123270001,28.1499645820001 81.7297543270001,28.152478832 81.7304227650001,28.1553180830001 81.7322616390001,28.1561814570001 81.732204139,28.1604527700001 81.7333586390001,28.1612813950001 81.7338091390001,28.1635058320001 81.737343702,28.1704855830001 81.7394242020001,28.172001832 81.7362148270001,28.175829833 81.7403355770001,28.179564208 81.740485451,28.182746895 81.7424032640001,28.1847332070001 81.7427847010001,28.1864955200001 81.7442452650001,28.187157707 81.745336014,28.188839333 81.747605702,28.190492083 81.7482836400001,28.192392645 81.7516353890001,28.193263207 81.753758389,28.193224457 81.7547051400001,28.1940269570001 81.7557593270001,28.196645082 81.75838164,28.199137208 81.760426952,28.2048363320001 81.7619241400001,28.206659958 81.7631197010001,28.2067977070001 81.764427389,28.2049854580001 81.7671894520001,28.205858957 81.7682141390001,28.207750645 81.771240327,28.2110795200001 81.776125952,28.213660083 81.778651702,28.2137066450001 81.7867371390001,28.2171010820001 81.7871861400001,28.218158832 81.7871127020001,28.2215187080001 81.787875952,28.22294477 81.787666389,28.2246809580001 81.7892126390001,28.2265762700001 81.7891679510001,28.228638645 81.790137014,28.23146452 81.7888208270001,28.234786457 81.7889528270001,28.236622207 81.792271514,28.2378777700001 81.7934976390001,28.2406322080001 81.7952142650001,28.242530957 81.7958779520001,28.2465543330001 81.797788702,28.25004477 81.7995444520001,28.251345332 81.8022285760001,28.252164457 81.802367389,28.254112895 81.806016577,28.2548292070001 81.808298827,28.2566544580001 81.8102871390001,28.256834457 81.813352514,28.2579060200001 81.8159742650001,28.259887082 81.8157525770001,28.2616391450001 81.8179389520001,28.26279477 81.8176942640001,28.264623708 81.820314577,28.26570452 81.8223878270001,28.2676323330001 81.822682952,28.2693880200001 81.824969202,28.27000602 81.8260723270001,28.273674645 81.827594639,28.2751793320001 81.8307443900001,28.275385833 81.8280408900001,28.2768597080001 81.823882014,28.2766795200001 81.8190728270001,28.2783599570001 81.816322514,28.278651645 81.813407827,28.2813042080001 81.8109615770001,28.282724333 81.807642264,28.2823627080001 81.806237577,28.280211895 81.8019355770001,28.2759053950001 81.7998985140001,28.2735100200001 81.7950952020001,28.2738674570001 81.7932300150001,28.2777927070001 81.794029202,28.28116327 81.7926987650001,28.28383552 81.7924848270001,28.2863523950001 81.7910396400001,28.2881657080001 81.7898250150001,28.2932513320001 81.7889508270001,28.2945603950001 81.7870330150001,28.295476208 81.7820707650001,28.295073771 81.7803988890001,28.2967754580001 81.778243015,28.2978391450001 81.7755740150001,28.297310582 81.7727146390001,28.29970702 81.7692333900001,28.300640458 81.7660185770001,28.305500207 81.7630142020001,28.3090795200001 81.7581517020001,28.307624333 81.75558564,28.307345207 81.7509400760001,28.31034902 81.7498526400001,28.312335895 81.746872764,28.3131350830001</coordinates></LinearRing></outerBoundaryIs></Polygon>
  </Placemark>
  <Placemark id="lumbini.97">
	<name>5</name>
	<description>BANKE</description>
	<Style><LineStyle><color>ff0000ff</color></LineStyle><PolyStyle><fill>0</fill></PolyStyle></Style>
	<ExtendedData><SchemaData schemaUrl="#lumbini">
		<SimpleData name="STATE_CODE">0</SimpleData>
		<SimpleData name="DISTRICT">Gaunpalika</SimpleData>
		<SimpleData name="GaPa_NaPa">5</SimpleData>
	</SchemaData></ExtendedData>
      <Polygon><outerBoundaryIs><LinearRing><coordinates>81.9635938900001,27.923033832 81.9617283900001,27.926582395 81.9610169520001,27.9296512700001 81.9602590150001,27.93673427 81.958670327,27.9378643950001 81.958177327,27.9393568950001 81.955073015,27.9418535830001 81.9520405150001,27.940741958 81.9490487030001,27.942610458 81.9456694520001,27.943549708 81.941634202,27.94334052 81.9401862020001,27.942700582 81.9387142020001,27.9440666450001 81.935955452,27.943534895 81.934371889,27.9425664570001 81.9291637650001,27.94290177 81.9273360770001,27.9427200820001 81.923441139,27.945704144 81.92222939,27.9455836450001 81.9204786390001,27.947436457 81.917412702,27.9495664570001 81.914527703,27.949962457 81.9112752020001,27.9517642070001 81.908233952,27.9517910820001 81.9046837640001,27.95402102 81.90310764,27.956149957 81.9010482020001,27.9571494570001 81.899759015,27.96011127 81.89816139,27.962353082 81.895391014,27.9620643330001 81.8938564520001,27.9628730200001 81.8926540140001,27.9648978320001 81.8925839520001,27.96696502 81.8915688270001,27.9681358330001 81.888735077,27.96928002 81.8887992640001,27.971217644 81.8880390140001,27.9738917080001 81.8841812030001,27.9763983940001 81.8830311400001,27.976243332 81.880642514,27.9794150820001 81.87867214,27.979420895 81.877469703,27.9814298950001 81.875857577,27.9815619570001 81.8733510770001,27.9828639570001 81.872633077,27.9841275200001 81.870874702,27.9832383950001 81.866058765,27.9837065200001 81.861591015,27.981376832 81.8589555770001,27.9812533950001 81.8574108270001,27.982120394 81.8555591400001,27.981554332 81.853524452,27.9831576450001 81.8508262020001,27.9838534570001 81.8458125770001,27.9862038320001 81.8406166390001,27.987273519 81.837779202,27.9892267070001 81.8361502020001,27.989177958 81.8351030140001,27.9915827070001 81.833493327,27.9924903950001 81.829372639,27.991709832 81.8262997020001,27.9936597700001 81.825868889,27.9971639570001 81.821285452,27.9942943950001 81.81828239,27.9917221440001 81.8161910140001,27.9913013950001 81.8155638270001,27.989782145 81.8119900770001,27.988609707 81.8096692010001,27.9870598320001 81.810197202,27.984834332 81.808293577,27.9811903950001 81.807729764,27.978010145 81.8060136390001,27.97631677 81.8045446390001,27.9758876450001 81.8047534520001,27.9744018320001 81.801465077,27.97126452 81.796651577,27.97161277 81.794350889,27.9709966450001 81.7929650770001,27.9715055200001 81.7899742640001,27.9710489570001 81.788092265,27.972524019 81.7863622020001,27.9713832690001 81.782948139,27.9715290190001 81.7800393270001,27.9703655820001 81.7786472020001,27.968579708 81.776694515,27.970321332 81.7741493890001,27.970865895 81.768649639,27.972922833 81.766504077,27.9746405820001 81.7657692010001,27.972331958 81.7642121390001,27.9702942070001 81.7619575140001,27.9687025200001 81.7628372020001,27.96613677 81.75918189,27.968189895 81.7563458270001,27.9683859580001 81.7540981390001,27.969413645 81.753132264,27.96656252 81.7530829520001,27.961741144 81.757790265,27.9613339580001 81.7596063890001,27.9607576440001 81.7657047640001,27.9570890200001 81.766568077,27.9551934570001 81.7656485140001,27.9525361440001 81.764046202,27.950611457 81.7579938270001,27.94572852 81.7588985770001,27.941574207 81.7696720150001,27.9329812080001 81.7778237640001,27.926649458 81.8065557020001,27.903813207 81.8072027650001,27.9031280200001 81.811115639,27.903080269 81.815435952,27.904442332 81.817642327,27.903747895 81.822998952,27.9033369570001 81.8262476400001,27.9017787080001 81.827315077,27.9004614570001 81.8327754520001,27.898864958 81.8354305770001,27.897436457 81.8373402650001,27.8951054570001 81.8410565770001,27.891603645 81.8428899520001,27.8903560200001 81.84944189,27.8870870820001 81.8571637640001,27.8812136450001 81.863651577,27.877037457 81.8678857640001,27.87481777 81.8710131400001,27.8723252080001 81.875446702,27.86928727 81.8798268900001,27.865480145 81.8828130140001,27.8609034570001 81.8847844520001,27.85872027 81.8873468890001,27.85686952 81.8947203270001,27.855908082 81.8996852020001,27.8546506440001 81.9014366390001,27.8537028320001 81.904003264,27.853629707 81.907455827,27.8550803320001 81.9090809520001,27.8550493330001 81.9160564520001,27.8566886450001 81.9181665770001,27.85681902 81.922106328,27.8581306450001 81.9280250150001,27.85964777 81.927956453,27.8678429570001 81.9277157020001,27.873110582 81.9270993900001,27.875359707 81.9319000150001,27.8825225190001 81.9399197650001,27.88780402 81.9399827020001,27.893622395 81.9496185770001,27.903389019 81.9528208900001,27.910088145 81.9611952020001,27.9162752070001 81.9635938900001,27.923033832</coordinates></LinearRing></outerBoundaryIs></Polygon>
  </Placemark>
  <Placemark id="lumbini.98">
	<name>5</name>
	<description>BANKE</description>
	<Style><LineStyle><color>ff0000ff</color></LineStyle><PolyStyle><fill>0</fill></PolyStyle></Style>
	<ExtendedData><SchemaData schemaUrl="#lumbini">
		<SimpleData name="STATE_CODE">0</SimpleData>
		<SimpleData name="DISTRICT">Upamahanagarpalika</SimpleData>
		<SimpleData name="GaPa_NaPa">5</SimpleData>
	</SchemaData></ExtendedData>
      <Polygon><outerBoundaryIs><LinearRing><coordinates>81.7033067020001,28.1202222700001 81.7016753890001,28.120708957 81.7010357650001,28.123209833 81.69970814,28.124143958 81.6948495770001,28.1231533320001 81.693501327,28.125220083 81.6957448890001,28.1270092080001 81.693947076,28.128340457 81.6904288270001,28.1298022070001 81.6891399510001,28.1313362070001 81.6883007640001,28.1336440200001 81.683039389,28.1322985200001 81.6796755770001,28.1328657070001 81.6762460140001,28.131276332 81.674178827,28.130794645 81.6733814520001,28.129453832 81.669544327,28.128599395 81.66722789,28.127114895 81.668547264,28.123683457 81.670979764,28.1194005200001 81.6686762640001,28.1158627070001 81.6663549520001,28.11590327 81.6609460760001,28.1144020200001 81.659082389,28.111220707 81.657112639,28.113202082 81.654849889,28.11396877 81.6527084510001,28.113877458 81.6502228270001,28.1158792700001 81.6465552640001,28.116884832 81.645771702,28.1181993320001 81.6439453900001,28.117736457 81.6435358260001,28.1151955830001 81.6422679520001,28.113184457 81.6417175770001,28.11092627 81.639317389,28.111381958 81.6348908900001,28.1111972080001 81.634534951,28.109522457 81.636226014,28.10705302 81.6364603270001,28.1031035190001 81.638136827,28.1034634580001 81.6413582640001,28.10175402 81.642946952,28.09966402 81.644109014,28.0995322700001 81.6461280140001,28.1008990830001 81.647100639,28.097699645 81.64738164,28.095146458 81.635988952,28.0916709580001 81.633591202,28.091172145 81.6328319510001,28.087416708 81.6310902020001,28.0841080820001 81.631200327,28.083040333 81.629887576,28.079661957 81.6248362650001,28.081941333 81.6230713890001,28.0790951450001 81.6242038890001,28.0761997700001 81.6228601390001,28.071027707 81.6211721390001,28.069783145 81.620627389,28.06751352 81.6193546390001,28.065030645 81.6168704510001,28.0643198330001 81.6131053890001,28.0661394570001 81.6105658270001,28.063844832 81.6037087010001,28.06634352 81.591832326,28.0719659580001 81.591565701,28.069728895 81.5897991400001,28.067083145 81.5944306390001,28.0639517700001 81.592628952,28.059871145 81.5958012020001,28.0567167070001 81.5965197020001,28.054865707 81.5897993900001,28.047893458 81.5897672020001,28.045962145 81.587265576,28.04438227 81.5881078260001,28.0434107070001 81.5877334520001,28.0414425820001 81.5861569520001,28.0401970820001 81.5867761390001,28.0379539570001 81.5885358890001,28.037944145 81.589836452,28.0363885200001 81.5900537640001,28.0334566450001 81.5913069520001,28.0324359580001 81.5914714510001,28.030546707 81.5905637640001,28.0284793320001 81.5884789510001,28.02596577 81.5888955760001,28.024483833 81.600388389,28.019829019 81.6153170140001,28.0116042700001 81.6189058890001,28.0102975820001 81.6210776390001,28.0085030820001 81.625921389,28.0014527700001 81.628599014,28.0015713940001 81.63110564,28.0070313950001 81.6327472020001,28.0072201450001 81.6335912640001,28.0085294580001 81.6330663890001,28.01029177 81.635349702,28.0100037070001 81.6372882640001,28.010757332 81.6373222020001,28.015005769 81.6405077640001,28.01465252 81.641979077,28.021376145 81.6454088890001,28.027837832 81.6479031390001,28.0281103950001 81.6497776400001,28.02935827 81.650578452,28.0281609570001 81.6538999520001,28.0256293950001 81.6558882640001,28.025712458 81.6588149520001,28.022882645 81.6587565770001,28.0212358320001 81.6624630760001,28.0207058330001 81.6632312020001,28.0187820200001 81.6631097650001,28.01659627 81.664901951,28.010746145 81.6665012010001,28.0083895830001 81.668511327,28.003007645 81.6724802640001,27.9967316440001 81.6735564520001,27.9990277700001 81.6790386390001,28.002184395 81.6800890150001,28.005200395 81.6813561390001,28.0061619570001 81.6869080150001,28.0072896450001 81.6888788260001,28.0113681450001 81.6890438890001,28.017524645 81.6842122020001,28.0201118950001 81.680528327,28.0209831450001 81.679524514,28.0259225200001 81.67950339,28.027928457 81.6824002020001,28.0309329580001 81.682891327,28.0320000190001 81.6825053890001,28.034510895 81.6829212640001,28.0368395200001 81.6842523890001,28.0378211450001 81.6883106390001,28.039258395 81.687805202,28.041553332 81.6853346400001,28.043158583 81.681611827,28.043932957 81.6816685150001,28.0471748950001 81.678226952,28.0504319570001 81.6794769520001,28.052851333 81.6810428270001,28.0584615820001 81.6810545770001,28.061241207 81.682119201,28.0634808950001 81.683753202,28.064436207 81.6823127640001,28.0675502070001 81.6785819510001,28.068498332 81.6797985140001,28.071220082 81.675721265,28.0742478330001 81.6781126400001,28.0745722080001 81.680018014,28.0767964570001 81.6816007640001,28.077460957 81.6855005770001,28.07664727 81.6858655140001,28.07872802 81.684827264,28.081488145 81.6858583270001,28.0819996450001 81.688410951,28.0810482700001 81.690671765,28.0809105820001 81.690418326,28.0823558320001 81.6872565140001,28.0840345830001 81.684387014,28.084879207 81.6834238900001,28.0863595820001 81.6846298890001,28.0883706450001 81.6858769510001,28.088332832 81.6869530770001,28.08672327 81.688901452,28.0905355830001 81.6905804520001,28.0914882700001 81.690256639,28.094671207 81.6910281390001,28.0973363950001 81.688345702,28.098839082 81.687302452,28.1033207080001 81.684531577,28.1043588950001 81.6876833890001,28.1087022080001 81.69167839,28.110850332 81.690848702,28.112217269 81.694321765,28.114503332 81.695663014,28.1163963320001 81.6990954520001,28.117572395 81.7033067020001,28.1202222700001</coordinates></LinearRing></outerBoundaryIs></Polygon>
  </Placemark>
  <Placemark id="lumbini.99">
	<name>5</name>
	<description>BANKE</description>
	<Style><LineStyle><color>ff0000ff</color></LineStyle><PolyStyle><fill>0</fill></PolyStyle></Style>
	<ExtendedData><SchemaData schemaUrl="#lumbini">
		<SimpleData name="STATE_CODE">0</SimpleData>
		<SimpleData name="DISTRICT">Gaunpalika</SimpleData>
		<SimpleData name="GaPa_NaPa">5</SimpleData>
	</SchemaData></ExtendedData>
      <Polygon><outerBoundaryIs><LinearRing><coordinates>81.9231135200001,28.2268789890001 81.920690264,28.2267087700001 81.917390514,28.227642395 81.914943264,28.228870332 81.9111140150001,28.232119895 81.906643327,28.2325264580001 81.905499702,28.2321888320001 81.9025068890001,28.233153895 81.8979817650001,28.2333122700001 81.8942078890001,28.2356472700001 81.8904388270001,28.23674127 81.8888925150001,28.24020777 81.8847009520001,28.2433890200001 81.880419702,28.2410341450001 81.878481702,28.2390341450001 81.8737610140001,28.2396126450001 81.8700070150001,28.23868452 81.8655558900001,28.2382592700001 81.8623711390001,28.2388028330001 81.8653653270001,28.243212708 81.8661762020001,28.2454276450001 81.8666645150001,28.2487027080001 81.863299952,28.2549577080001 81.8603368270001,28.2565805200001 81.8556888890001,28.26031877 81.852109952,28.265613708 81.8486574520001,28.2684937700001 81.8469325140001,28.2692535200001 81.8456325770001,28.271657582 81.8435435150001,28.2723180200001 81.8398560140001,28.2724264570001 81.8345805150001,28.274135082 81.8329513890001,28.27413377 81.8307443900001,28.275385833 81.827594639,28.2751793320001 81.8260723270001,28.273674645 81.824969202,28.27000602 81.822682952,28.2693880200001 81.8223878270001,28.2676323330001 81.820314577,28.26570452 81.8176942640001,28.264623708 81.8179389520001,28.26279477 81.8157525770001,28.2616391450001 81.8159742650001,28.259887082 81.813352514,28.2579060200001 81.8102871390001,28.256834457 81.808298827,28.2566544580001 81.806016577,28.2548292070001 81.802367389,28.254112895 81.8022285760001,28.252164457 81.7995444520001,28.251345332 81.797788702,28.25004477 81.7958779520001,28.2465543330001 81.7952142650001,28.242530957 81.7934976390001,28.2406322080001 81.792271514,28.2378777700001 81.7889528270001,28.236622207 81.7888208270001,28.234786457 81.790137014,28.23146452 81.7891679510001,28.228638645 81.7892126390001,28.2265762700001 81.787666389,28.2246809580001 81.787875952,28.22294477 81.7871127020001,28.2215187080001 81.7871861400001,28.218158832 81.7867371390001,28.2171010820001 81.778651702,28.2137066450001 81.776125952,28.213660083 81.771240327,28.2110795200001 81.7682141390001,28.207750645 81.7671894520001,28.205858957 81.764427389,28.2049854580001 81.7631197010001,28.2067977070001 81.7619241400001,28.206659958 81.760426952,28.2048363320001 81.75838164,28.199137208 81.7557593270001,28.196645082 81.7547051400001,28.1940269570001 81.753758389,28.193224457 81.7516353890001,28.193263207 81.7482836400001,28.192392645 81.747605702,28.190492083 81.745336014,28.188839333 81.7442452650001,28.187157707 81.7427847010001,28.1864955200001 81.7424032640001,28.1847332070001 81.740485451,28.182746895 81.7403355770001,28.179564208 81.7362148270001,28.175829833 81.7394242020001,28.172001832 81.737343702,28.1704855830001 81.7338091390001,28.1635058320001 81.7333586390001,28.1612813950001 81.732204139,28.1604527700001 81.7322616390001,28.1561814570001 81.7304227650001,28.1553180830001 81.7297543270001,28.152478832 81.7299123270001,28.1499645820001 81.727433014,28.1460338950001 81.7268195770001,28.1435011450001 81.724873701,28.140404582 81.7223233270001,28.1374827700001 81.722690577,28.13436727 81.7199480770001,28.13142377 81.7179030140001,28.1302860820001 81.7145609520001,28.127363707 81.713694327,28.12621977 81.7143144510001,28.1226336450001 81.7155818270001,28.1194638320001 81.7166393270001,28.11881077 81.7175837650001,28.114065458 81.7201758890001,28.1110533950001 81.719596014,28.106812458 81.72178289,28.1047816450001 81.7205624520001,28.1041698330001 81.721600327,28.1024067700001 81.726227389,28.1016197700001 81.728342077,28.1003337700001 81.7282548890001,28.097218394 81.7294597650001,28.0950640820001 81.728578139,28.092992958 81.7335618270001,28.094035895 81.736470452,28.095389895 81.735672327,28.0923301450001 81.735964639,28.0904310820001 81.7323399510001,28.086626145 81.726741765,28.0859091450001 81.7258841390001,28.0848306450001 81.725244827,28.082076957 81.722681139,28.07913927 81.719471077,28.074151832 81.7175345140001,28.069552458 81.7175743270001,28.065973833 81.7186512640001,28.0617219580001 81.7199426390001,28.060081708 81.7221053270001,28.058660208 81.7288570150001,28.0557229570001 81.73439389,28.0525143950001 81.738365452,28.049273457 81.739698515,28.0465407070001 81.738694202,28.043233957 81.7363062640001,28.038756832 81.7359484520001,28.036071582 81.7381310760001,28.0346902700001 81.740040327,28.0295989570001 81.7401724520001,28.0254083950001 81.739582139,28.019017332 81.7384577020001,28.016690457 81.7319480150001,28.0113960200001 81.7263210140001,28.0080752690001 81.7233480770001,28.0068861450001 81.7224062020001,28.0058418950001 81.721069077,28.0019455830001 81.7209442640001,28.000001707 81.721604202,27.9969880200001 81.722991015,27.9946252070001 81.7252477640001,27.9931197070001 81.727978389,27.9921576450001 81.731380576,27.9922185200001 81.7338443890001,27.9927897700001 81.7371336400001,27.9942771450001 81.7417739520001,27.997600457 81.7448378270001,27.99816602 81.7489858900001,27.9970672700001 81.7521067640001,27.996772708 81.755868514,27.9888642070001 81.757462639,27.984378958 81.7578520150001,27.979182958 81.755973452,27.973753457 81.7540981390001,27.969413645 81.7563458270001,27.9683859580001 81.75918189,27.968189895 81.7628372020001,27.96613677 81.7619575140001,27.9687025200001 81.7642121390001,27.9702942070001 81.7657692010001,27.972331958 81.766504077,27.9746405820001 81.768649639,27.972922833 81.7741493890001,27.970865895 81.776694515,27.970321332 81.7786472020001,27.968579708 81.7800393270001,27.9703655820001 81.782948139,27.9715290190001 81.7863622020001,27.9713832690001 81.788092265,27.972524019 81.7899742640001,27.9710489570001 81.7929650770001,27.9715055200001 81.794350889,27.9709966450001 81.796651577,27.97161277 81.801465077,27.97126452 81.8047534520001,27.9744018320001 81.8045446390001,27.9758876450001 81.8060136390001,27.97631677 81.807729764,27.978010145 81.808293577,27.9811903950001 81.810197202,27.984834332 81.8096692010001,27.9870598320001 81.8119900770001,27.988609707 81.8155638270001,27.989782145 81.8161910140001,27.9913013950001 81.81828239,27.9917221440001 81.821285452,27.9942943950001 81.825868889,27.9971639570001 81.8262997020001,27.9936597700001 81.829372639,27.991709832 81.833493327,27.9924903950001 81.8351030140001,27.9915827070001 81.8361502020001,27.989177958 81.837779202,27.9892267070001 81.8406166390001,27.987273519 81.8458125770001,27.9862038320001 81.8508262020001,27.9838534570001 81.853524452,27.9831576450001 81.8555591400001,27.981554332 81.8574108270001,27.982120394 81.8589555770001,27.9812533950001 81.861591015,27.981376832 81.866058765,27.9837065200001 81.870874702,27.9832383950001 81.872633077,27.9841275200001 81.8733510770001,27.9828639570001 81.875857577,27.9815619570001 81.877469703,27.9814298950001 81.87867214,27.979420895 81.880642514,27.9794150820001 81.8830311400001,27.976243332 81.8841812030001,27.9763983940001 81.8880390140001,27.9738917080001 81.8887992640001,27.971217644 81.888735077,27.96928002 81.8915688270001,27.9681358330001 81.8925839520001,27.96696502 81.8926540140001,27.9648978320001 81.8938564520001,27.9628730200001 81.895391014,27.9620643330001 81.89816139,27.962353082 81.899759015,27.96011127 81.9010482020001,27.9571494570001 81.90310764,27.956149957 81.9046837640001,27.95402102 81.908233952,27.9517910820001 81.9112752020001,27.9517642070001 81.914527703,27.949962457 81.917412702,27.9495664570001 81.9204786390001,27.947436457 81.92222939,27.9455836450001 81.923441139,27.945704144 81.9273360770001,27.9427200820001 81.9291637650001,27.94290177 81.934371889,27.9425664570001 81.935955452,27.943534895 81.9387142020001,27.9440666450001 81.9401862020001,27.942700582 81.941634202,27.94334052 81.9456694520001,27.943549708 81.9490487030001,27.942610458 81.9520405150001,27.940741958 81.955073015,27.9418535830001 81.958177327,27.9393568950001 81.958670327,27.9378643950001 81.9602590150001,27.93673427 81.9610169520001,27.9296512700001 81.9617283900001,27.926582395 81.9635938900001,27.923033832 81.9700985150001,27.9288295200001 81.979615202,27.928392145 81.9930620150001,27.9290855200001 81.999999765,27.928193708 82.027423952,27.924964082 82.04699214,27.9243632070001 82.0645503270001,27.921593457 82.0692353900001,27.9221392690001 82.0697978270001,27.9248941450001 82.067068265,27.925140958 82.067845827,27.9269804570001 82.067306827,27.927963832 82.0698129520001,27.9292010820001 82.0707531400001,27.9314160820001 82.0692643900001,27.9348277080001 82.0687968280001,27.9386239570001 82.0673850140001,27.9390883940001 82.0666760770001,27.9423111450001 82.06823839,27.943519645 82.067962014,27.945186832 82.0686901390001,27.946636395 82.0691475150001,27.950242707 82.0709784520001,27.9521372080001 82.0728337020001,27.9516624570001 82.0769226400001,27.9524382700001 82.08074464,27.952428582 82.0856597650001,27.951455894 82.0870580770001,27.9503348320001 82.0898832650001,27.949804833 82.0919498900001,27.9508465820001 82.092897764,27.9531313320001 82.097062765,27.955128707 82.097103765,27.9534678950001 82.099002827,27.94998952 82.1018857020001,27.9488993320001 82.1047108280001,27.9484998950001 82.1088344520001,27.95066877 82.1117070770001,27.950318457 82.11613414,27.9525139570001 82.1156259530001,27.95010627 82.1175646400001,27.9499258330001 82.1192773280001,27.9488357070001 82.121387327,27.9486357690001 82.1249842650001,27.949971395 82.1283239530001,27.953677957 82.129796577,27.9546089580001 82.1322931400001,27.9581530830001 82.1339435770001,27.958464457 82.1351555150001,27.962032644 82.1385449520001,27.9610345200001 82.1431457020001,27.958580082 82.1441434530001,27.9588605820001 82.1489431400001,27.961895645 82.1520314530001,27.9617412700001 82.1586156400001,27.960104458 82.1647027650001,27.9563845820001 82.1695702650001,27.9553032700001 82.176006827,27.9521778320001 82.1789737650001,27.9515817070001 82.181929515,27.952061708 82.184694703,27.951670145 82.1877882650001,27.9526091450001 82.1895580780001,27.9524449570001 82.1926434520001,27.953095019 82.1945241400001,27.9542338950001 82.193407827,27.956869645 82.194228577,27.9592427700001 82.1934838270001,27.960722457 82.194139265,27.9638233950001 82.1935270770001,27.9657463950001 82.1919928900001,27.967598395 82.1918167650001,27.9699575820001 82.1950475780001,27.97234352 82.1944921400001,27.9759603950001 82.194114014,27.979762957 82.1920270780001,27.9811121450001 82.1921490780001,27.98255727 82.1908898890001,27.985634207 82.189000515,27.98803752 82.1892289520001,27.98979977 82.1879983890001,27.9916221450001 82.1877955780001,27.994915457 82.1895626400001,27.9997643950001 82.192185889,28.0021872070001 82.192587953,28.0033185200001 82.1917117030001,28.005986082 82.1911217030001,28.0119720820001 82.1915238280001,28.0140373950001 82.1941913270001,28.016398957 82.195012515,28.01795752 82.196019203,28.023521207 82.194696202,28.0278735200001 82.193345202,28.0307910820001 82.1910503280001,28.0328504570001 82.185117828,28.0337523320001 82.182089702,28.0359893950001 82.1815919520001,28.039075457 82.1806086400001,28.0408910200001 82.1781158270001,28.04216452 82.176215578,28.0455492080001 82.174776765,28.04659252 82.1721775770001,28.0459898330001 82.166983203,28.0454925820001 82.1642799520001,28.0458448950001 82.1578373890001,28.047943333 82.1535380780001,28.049829582 82.148908265,28.052993083 82.1456641390001,28.05453627 82.1419778280001,28.055803332 82.139057015,28.05635777 82.135435327,28.0575677080001 82.131717952,28.060996082 82.127045578,28.063238707 82.1249850140001,28.0629578320001 82.1203786400001,28.0672302080001 82.1186491390001,28.0676729580001 82.11583914,28.0693337700001 82.1122961390001,28.07010252 82.10929364,28.0726017700001 82.107049078,28.072998957 82.1042220150001,28.0725275830001 82.101362577,28.0734868330001 82.09757189,28.0765629580001 82.095833327,28.077386833 82.0927493890001,28.0778084570001 82.0901553900001,28.079322645 82.0870730780001,28.0768834570001 82.0847729530001,28.078729083 82.0809633900001,28.079855583 82.0790840780001,28.0793424570001 82.0765357020001,28.080747708 82.0733259520001,28.083748708 82.067799703,28.08470327 82.0645090770001,28.0865765820001 82.060155578,28.0879346450001 82.0580566400001,28.090326582 82.0556652020001,28.091432458 82.053677265,28.0900376450001 82.052048202,28.08981777 82.045817577,28.0950635200001 82.0429635770001,28.095721457 82.0387697030001,28.0949004570001 82.0339218270001,28.096308832 82.024826202,28.098272208 82.02284889,28.099175895 82.0213662640001,28.1009286450001 82.021093765,28.105138395 82.0193242020001,28.1081138320001 82.0200538270001,28.1108631450001 82.0182964520001,28.1160180200001 82.0189696400001,28.1193226450001 82.020369078,28.121051707 82.0207941400001,28.1239477080001 82.02001239,28.125043207 82.020462765,28.128121708 82.020372453,28.132018707 82.0178243270001,28.1387744570001 82.0163500150001,28.140060083 82.0139766400001,28.1447365830001 82.0115837020001,28.1474841450001 82.0094299310001,28.150939959 82.0077893270001,28.1525477700001 82.0043982020001,28.157901645 82.001136779,28.161251086 82.0000000000001,28.163507479 81.9981231680001,28.16538431 81.9958343500001,28.166667956 81.99105072,28.170257586 81.9884033210001,28.1729850950001 81.987892151,28.175586718 81.985656739,28.1774540120001 81.9823303220001,28.1776600060001 81.9806518560001,28.179456729 81.9805526740001,28.1819038570001 81.9776458740001,28.1840095700001 81.9750213620001,28.18481447 81.972549438,28.1821956810001 81.970634461,28.1823806940001 81.9670791620001,28.1843548000001 81.9654092650001,28.1861173950001 81.9649245150001,28.1880700830001 81.9660186770001,28.191726702 81.9645004270001,28.1942634760001 81.9625854490001,28.1950092490001 81.9614639280001,28.1940860920001 81.956436157,28.194454211 81.954353332,28.1938018970001 81.950845552,28.1957466110001 81.9489288330001,28.1987323930001 81.9476699830001,28.1994171320001 81.9450454710001,28.1995086850001 81.940338135,28.2016258410001 81.940734863,28.2042751480001 81.939819335,28.2062034780001 81.9364438270001,28.2079188320001 81.9331915870001,28.207494508 81.928512573,28.20933153 81.9295959470001,28.21325876 81.927703857,28.2171898070001 81.922721863,28.220226306 81.924270629,28.223835009 81.9231135200001,28.2268789890001</coordinates></LinearRing></outerBoundaryIs></Polygon>
  </Placemark>
  <Placemark id="lumbini.100">
	<name>5</name>
	<description>BARDIYA</description>
	<Style><LineStyle><color>ff0000ff</color></LineStyle><PolyStyle><fill>0</fill></PolyStyle></Style>
	<ExtendedData><SchemaData schemaUrl="#lumbini">
		<SimpleData name="STATE_CODE">0</SimpleData>
		<SimpleData name="DISTRICT">Gaunpalika</SimpleData>
		<SimpleData name="GaPa_NaPa">5</SimpleData>
	</SchemaData></ExtendedData>
      <Polygon><outerBoundaryIs><LinearRing><coordinates>81.41428639,28.2203243320001 81.4115972020001,28.22369652 81.407113452,28.2320490820001 81.402082889,28.233187582 81.3977787640001,28.2344772070001 81.3958868270001,28.233724582 81.390927639,28.232664895 81.3895214510001,28.229719958 81.3903084510001,28.2254556450001 81.388385951,28.21867202 81.391559139,28.21825677 81.3923212020001,28.2173205830001 81.395537952,28.2175188950001 81.3970008890001,28.218762333 81.4007793260001,28.2175803320001 81.4027079510001,28.216462333 81.4066838890001,28.21517127 81.408682201,28.215165332 81.4119288270001,28.2125338330001 81.4114552020001,28.2112582080001 81.4142893260001,28.2093814580001 81.4139696390001,28.2073833320001 81.4126693260001,28.2045624570001 81.4105840770001,28.2014302700001 81.4112578260001,28.1999593950001 81.4115916390001,28.1958407070001 81.411166139,28.1944544570001 81.4116093270001,28.192153895 81.414348326,28.189341083 81.4151557010001,28.187700583 81.414363327,28.1844697700001 81.415338014,28.182984457 81.412886326,28.1780122700001 81.412441889,28.174505083 81.4181017010001,28.1738358330001 81.4229106390001,28.172126645 81.428304451,28.1705733320001 81.430793952,28.1689658330001 81.4476684510001,28.161224582 81.4487437020001,28.1602012700001 81.4488398890001,28.157784457 81.4477697020001,28.155874645 81.4519251390001,28.15055877 81.451742202,28.1407851450001 81.4597327010001,28.1344048940001 81.4694700140001,28.127108895 81.4744706390001,28.125507832 81.482741139,28.1204022700001 81.485846139,28.118153083 81.4815793270001,28.1099981450001 81.4802499510001,28.091192145 81.4802109510001,28.0824400830001 81.4898886390001,28.0767945200001 81.4978042020001,28.072898707 81.5067138890001,28.068759707 81.508266576,28.070597332 81.506176327,28.0715842700001 81.5043951390001,28.07406602 81.5069737640001,28.0761661450001 81.5091577640001,28.0742627700001 81.5123428260001,28.0736236450001 81.5152625140001,28.0740008330001 81.5200166390001,28.076144395 81.5214843890001,28.080992145 81.5227819520001,28.082835082 81.5263888270001,28.083213895 81.5255786390001,28.085983207 81.5209880770001,28.08845102 81.51872889,28.08888152 81.5169802010001,28.0904427070001 81.513539639,28.090830145 81.5119223890001,28.0917206450001 81.513792514,28.095592208 81.5131631390001,28.0966031450001 81.5101303260001,28.097047645 81.5076652640001,28.09973502 81.507640139,28.1004796450001 81.5052112640001,28.1042566450001 81.5064295770001,28.105484082 81.5080475770001,28.1044582700001 81.5110749510001,28.1049682080001 81.512740514,28.1069836450001 81.5126901390001,28.1083037070001 81.509793077,28.1112928320001 81.508165202,28.1141553320001 81.5037255770001,28.116200083 81.5028715770001,28.1190077700001 81.507581202,28.1221447070001 81.5045370140001,28.1245227690001 81.5008057640001,28.126149707 81.5004563270001,28.1270827700001 81.502557139,28.1281084570001 81.5056045140001,28.12693302 81.506162514,28.127731957 81.505421202,28.1303045820001 81.5059219520001,28.1338270200001 81.504156202,28.13534077 81.5025609520001,28.1376637700001 81.5017000770001,28.14138302 81.500528327,28.1439458950001 81.5019924520001,28.1468962700001 81.5051094520001,28.147812145 81.506287452,28.148759958 81.507516201,28.15168627 81.509145265,28.1519148950001 81.5124274520001,28.148576958 81.513829076,28.1484927070001 81.5152265140001,28.150060082 81.5159830140001,28.152144333 81.5158434510001,28.1539588320001 81.5167511390001,28.1559838330001 81.5183449510001,28.156647895 81.5204298890001,28.1559608320001 81.5225794510001,28.156004582 81.5241811390001,28.157126582 81.524625202,28.1595616450001 81.522597702,28.161205207 81.519465139,28.1602062700001 81.5188892640001,28.162223333 81.5206750140001,28.1643983330001 81.521759139,28.164822895 81.523215076,28.16578752 81.524411764,28.168395708 81.520870889,28.172116332 81.525619077,28.1739527080001 81.5198554520001,28.176309958 81.5201898890001,28.1791108950001 81.522386451,28.1798246450001 81.5255744520001,28.1796769580001 81.529168139,28.1804573950001 81.532135451,28.184592895 81.5321860770001,28.188385458 81.5314971390001,28.1900374570001 81.5294920150001,28.1917983320001 81.5298419520001,28.194849708 81.532859139,28.197130332 81.535710389,28.1975320830001 81.538693327,28.19866202 81.5410249510001,28.2024613950001 81.543789889,28.203740958 81.546290764,28.2028150200001 81.550060826,28.20356027 81.551617702,28.2033035200001 81.554060452,28.2045774580001 81.55865414,28.2059508950001 81.560721576,28.205935583 81.5633592020001,28.2071747700001 81.563834451,28.2087928330001 81.5632973890001,28.210448833 81.5637976400001,28.21197427 81.5628865140001,28.213085833 81.5601963270001,28.2138752700001 81.558246389,28.2152166450001 81.5564978890001,28.2153749570001 81.5560546390001,28.217587957 81.5586083270001,28.2188093950001 81.5576547640001,28.22245027 81.5559383890001,28.2230484570001 81.5536057640001,28.2216026450001 81.5525469510001,28.2191860200001 81.5496191390001,28.2208718950001 81.5489728890001,28.2242723950001 81.5500028270001,28.2252880200001 81.5536082020001,28.2257810830001 81.554554765,28.22838777 81.5473412640001,28.230889645 81.544073702,28.232357958 81.5422428890001,28.23065502 81.5378642650001,28.2250858950001 81.5358923270001,28.22479802 81.5338500140001,28.223032645 81.530707014,28.2222438950001 81.528291826,28.2224630200001 81.5272865140001,28.2213523950001 81.526414764,28.2174817700001 81.516195076,28.2147500200001 81.515289265,28.218257395 81.512024452,28.214571645 81.510633452,28.21680602 81.5075013270001,28.21810377 81.50448514,28.218216457 81.5016434510001,28.2199416450001 81.4989855760001,28.217422083 81.4985116390001,28.213015145 81.4967252640001,28.21091877 81.493897389,28.21066052 81.4901873890001,28.211217645 81.488292077,28.2121427070001 81.481129701,28.21322402 81.4770713890001,28.215390707 81.4754237640001,28.216644145 81.473356139,28.2220166450001 81.474762889,28.224599707 81.4735052020001,28.22910302 81.467469764,28.2252678950001 81.465807764,28.2219523320001 81.4628949520001,28.2208182700001 81.462452764,28.219132083 81.4606552020001,28.217414395 81.460611327,28.215356833 81.4614502640001,28.212596895 81.4590847640001,28.2132455830001 81.4586013270001,28.21426252 81.4557908260001,28.216751645 81.4536529520001,28.217656645 81.448864889,28.2172663320001 81.4447305150001,28.215253707 81.4437175140001,28.21391227 81.438432327,28.21292077 81.4360085770001,28.2119650830001 81.429921952,28.2111450200001 81.422507889,28.209414957 81.4216658270001,28.2129260830001 81.417592326,28.2172164570001 81.41428639,28.2203243320001</coordinates></LinearRing></outerBoundaryIs></Polygon>
  </Placemark>
  <Placemark id="lumbini.101">
	<name>5</name>
	<description>BARDIYA</description>
	<Style><LineStyle><color>ff0000ff</color></LineStyle><PolyStyle><fill>0</fill></PolyStyle></Style>
	<ExtendedData><SchemaData schemaUrl="#lumbini">
		<SimpleData name="STATE_CODE">0</SimpleData>
		<SimpleData name="DISTRICT">Nagarpalika</SimpleData>
		<SimpleData name="GaPa_NaPa">5</SimpleData>
	</SchemaData></ExtendedData>
      <Polygon><outerBoundaryIs><LinearRing><coordinates>81.6552048890001,28.29368377 81.6533130760001,28.29476677 81.647589764,28.2959469580001 81.6381444520001,28.2938051460001 81.631530764,28.295412958 81.6275698270001,28.2988561450001 81.6260225770001,28.30095477 81.6238524520001,28.302679395 81.6222803900001,28.301960083 81.6203730770001,28.3026636450001 81.6187118890001,28.2985310820001 81.6174047640001,28.296653083 81.6152947020001,28.2951035200001 81.613489514,28.29514327 81.607271327,28.2964615830001 81.6049505770001,28.29650802 81.602041452,28.294273708 81.603499264,28.2917312700001 81.602790951,28.2900941450001 81.5980978270001,28.2880887700001 81.597125765,28.286676082 81.5919015140001,28.28606927 81.588929765,28.2871696450001 81.5878865760001,28.2900665820001 81.585501515,28.290092708 81.5803447640001,28.287853958 81.5781967010001,28.287872082 81.5739657020001,28.2910147700001 81.5722459520001,28.291060332 81.5698713890001,28.29235177 81.569046702,28.293539708 81.567357514,28.2984021450001 81.5652718260001,28.3027765200001 81.5619973270001,28.3040151450001 81.5580425140001,28.301551832 81.5541858890001,28.3011546450001 81.551296139,28.2998960830001 81.5500272640001,28.2965462080001 81.5486816390001,28.296253833 81.5447965770001,28.2978622700001 81.542649264,28.2978211450001 81.5370985770001,28.300920583 81.5339967640001,28.303096457 81.531273389,28.3064237080001 81.525595701,28.30692177 81.5233524510001,28.3039905200001 81.518822889,28.3032113950001 81.51707464,28.301092646 81.514996077,28.30183377 81.514769889,28.3039690210001 81.512360389,28.3068276450001 81.5125637020001,28.308151332 81.5086310140001,28.310271082 81.5027990140001,28.310290395 81.499179514,28.31142277 81.4934600770001,28.3138893330001 81.4916902640001,28.3161563950001 81.4902464520001,28.320872582 81.4889720770001,28.3212652070001 81.485025201,28.3194811450001 81.4856017640001,28.317031145 81.481812952,28.317464145 81.480337702,28.3155628320001 81.4782283270001,28.314105958 81.4781530760001,28.3120982080001 81.477297326,28.3103052700001 81.479091264,28.307961457 81.477059077,28.307763332 81.4744259510001,28.3049973330001 81.4750970140001,28.3029711450001 81.4736348260001,28.2996392700001 81.4693562640001,28.298417645 81.4684152020001,28.2965843320001 81.4666743270001,28.2950402700001 81.466516389,28.292728208 81.464840452,28.292023145 81.464756639,28.2878268330001 81.4619557020001,28.283495395 81.459901389,28.283371457 81.4562365140001,28.281535895 81.452481452,28.278094083 81.450019389,28.2777885830001 81.447846702,28.2746302080001 81.4463807640001,28.27482452 81.4456255760001,28.272500833 81.443580952,28.270203833 81.4400219510001,28.2691503950001 81.4409671390001,28.2675138320001 81.4395103890001,28.2657450830001 81.439133826,28.2629350830001 81.4412335760001,28.2582556450001 81.439276701,28.257524145 81.4372347020001,28.259211583 81.4318082010001,28.259731957 81.4312923890001,28.2613603950001 81.429076889,28.2598601450001 81.4286095140001,28.256418582 81.429507077,28.254170833 81.4290447640001,28.2521574580001 81.425226889,28.246190332 81.425925389,28.244509458 81.4235783890001,28.243144957 81.4242221390001,28.2411552070001 81.422574201,28.240160895 81.425040139,28.2390949580001 81.425341577,28.2370385830001 81.4270133890001,28.2352283330001 81.4247417010001,28.233529708 81.424644764,28.23045252 81.4226722640001,28.228838582 81.421803389,28.2270227700001 81.417873451,28.2240023950001 81.416279139,28.2213087700001 81.41428639,28.2203243320001 81.417592326,28.2172164570001 81.4216658270001,28.2129260830001 81.422507889,28.209414957 81.429921952,28.2111450200001 81.4360085770001,28.2119650830001 81.438432327,28.21292077 81.4437175140001,28.21391227 81.4447305150001,28.215253707 81.448864889,28.2172663320001 81.4536529520001,28.217656645 81.4557908260001,28.216751645 81.4586013270001,28.21426252 81.4590847640001,28.2132455830001 81.4614502640001,28.212596895 81.460611327,28.215356833 81.4606552020001,28.217414395 81.462452764,28.219132083 81.4628949520001,28.2208182700001 81.465807764,28.2219523320001 81.467469764,28.2252678950001 81.4735052020001,28.22910302 81.474762889,28.224599707 81.473356139,28.2220166450001 81.4754237640001,28.216644145 81.4770713890001,28.215390707 81.481129701,28.21322402 81.488292077,28.2121427070001 81.4901873890001,28.211217645 81.493897389,28.21066052 81.4967252640001,28.21091877 81.4985116390001,28.213015145 81.4989855760001,28.217422083 81.5016434510001,28.2199416450001 81.50448514,28.218216457 81.5075013270001,28.21810377 81.510633452,28.21680602 81.512024452,28.214571645 81.515289265,28.218257395 81.516195076,28.2147500200001 81.526414764,28.2174817700001 81.5272865140001,28.2213523950001 81.528291826,28.2224630200001 81.530707014,28.2222438950001 81.5338500140001,28.223032645 81.5358923270001,28.22479802 81.5378642650001,28.2250858950001 81.5422428890001,28.23065502 81.544073702,28.232357958 81.5473412640001,28.230889645 81.554554765,28.22838777 81.5536082020001,28.2257810830001 81.5500028270001,28.2252880200001 81.5489728890001,28.2242723950001 81.5496191390001,28.2208718950001 81.5525469510001,28.2191860200001 81.5536057640001,28.2216026450001 81.5559383890001,28.2230484570001 81.5576547640001,28.22245027 81.5586083270001,28.2188093950001 81.5560546390001,28.217587957 81.5564978890001,28.2153749570001 81.558246389,28.2152166450001 81.5601963270001,28.2138752700001 81.5628865140001,28.213085833 81.5637976400001,28.21197427 81.564252514,28.2144362070001 81.565762389,28.2134687700001 81.568084389,28.213630645 81.570867139,28.2151600820001 81.5757058890001,28.2190092070001 81.5782528270001,28.222484395 81.579991389,28.222824458 81.5798388900001,28.2255980200001 81.5779224520001,28.2264048320001 81.577197326,28.2278834580001 81.5795738260001,28.229479832 81.583816889,28.227835145 81.5849863890001,28.22845052 81.583962264,28.2307855830001 81.5840098890001,28.2323963330001 81.585562952,28.235009145 81.588045702,28.236528208 81.5912320140001,28.240167333 81.5923662650001,28.239555458 81.591095201,28.23776952 81.5907961390001,28.2358507700001 81.5929052640001,28.2349685200001 81.596301827,28.237920645 81.5978852640001,28.2347144570001 81.599272139,28.23431802 81.603083515,28.2361288320001 81.6072284510001,28.2356479580001 81.6109772020001,28.237379832 81.612519702,28.240470708 81.6124763270001,28.24414627 81.613055639,28.2469729580001 81.6159024510001,28.24953227 81.618918202,28.24857102 81.6226126390001,28.2489626450001 81.623999514,28.2505130820001 81.624348452,28.2535528330001 81.6250555770001,28.2547567070001 81.6322211390001,28.2587668950001 81.634160765,28.258509707 81.636232702,28.260264395 81.639427826,28.2616754580001 81.6421914520001,28.2620866450001 81.6440060770001,28.263817583 81.644624514,28.266332645 81.6461584510001,28.2670270830001 81.6487563890001,28.265943082 81.649427389,28.2679614570001 81.6478258270001,28.2697694570001 81.648045702,28.271780957 81.646059952,28.2743556450001 81.6483297650001,28.27703202 81.6473217020001,28.2779753950001 81.642831389,28.2798669580001 81.6478353890001,28.282410957 81.6486159520001,28.28535377 81.651563389,28.28853902 81.6514182640001,28.2904529580001 81.6523113270001,28.292057395 81.6552048890001,28.29368377</coordinates></LinearRing></outerBoundaryIs></Polygon>
  </Placemark>
  <Placemark id="lumbini.102">
	<name>5</name>
	<description>BARDIYA</description>
	<Style><LineStyle><color>ff0000ff</color></LineStyle><PolyStyle><fill>0</fill></PolyStyle></Style>
	<ExtendedData><SchemaData schemaUrl="#lumbini">
		<SimpleData name="STATE_CODE">0</SimpleData>
		<SimpleData name="DISTRICT">Nagarpalika</SimpleData>
		<SimpleData name="GaPa_NaPa">5</SimpleData>
	</SchemaData></ExtendedData>
      <Polygon><outerBoundaryIs><LinearRing><coordinates>81.7684980770001,28.3700300200001 81.76466464,28.3709946450001 81.7606317020001,28.3698372700001 81.7566050140001,28.3713509570001 81.7540380770001,28.3742304580001 81.748627265,28.3754763330001 81.7438203890001,28.3755545830001 81.741748639,28.3763352080001 81.736545639,28.3773358330001 81.7347357020001,28.3773433330001 81.7313537640001,28.37866102 81.72621539,28.382995457 81.7235684510001,28.3822357080001 81.7216607020001,28.3826022700001 81.717964077,28.384311645 81.716991702,28.3856817700001 81.712906327,28.3886181450001 81.710129076,28.3910918330001 81.706655202,28.3918453950001 81.7037735150001,28.393608833 81.702104702,28.396489457 81.7001138890001,28.398043021 81.6980607020001,28.398852145 81.6939172020001,28.4029118330001 81.693607076,28.4044701450001 81.693227827,28.4022655200001 81.6949628890001,28.4012775200001 81.6975369520001,28.39709952 81.6959207020001,28.39516752 81.6918367640001,28.394836395 81.689882514,28.3920148330001 81.6906968270001,28.3901990200001 81.690873889,28.38613027 81.6875725150001,28.386232708 81.685003389,28.38830777 81.6860106390001,28.3845665200001 81.6875634520001,28.384529333 81.691325077,28.3822383950001 81.6924948270001,28.3827287710001 81.6947448270001,28.3864242070001 81.697070764,28.3864845200001 81.699307139,28.38728752 81.7001130150001,28.3844225820001 81.702782202,28.384508145 81.702539077,28.382745083 81.7009248270001,28.3807138330001 81.699747265,28.3771822080001 81.7019595150001,28.374955207 81.695957202,28.375069583 81.7017383890001,28.3703020200001 81.7059720760001,28.3682563950001 81.71035914,28.3685787700001 81.714096639,28.3703618960001 81.715809639,28.367140208 81.7150143270001,28.3657952080001 81.7122763900001,28.3634518330001 81.7126925140001,28.361798145 81.7148443890001,28.361843333 81.7143327650001,28.36029152 81.7156436390001,28.3578863330001 81.7134573270001,28.353527645 81.7129363270001,28.351231333 81.7101828890001,28.3498603950001 81.70790464,28.350898833 81.705249139,28.348805332 81.7040730140001,28.35087127 81.7020226390001,28.3474118950001 81.699709952,28.3454383960001 81.6990902650001,28.3464229580001 81.7002065770001,28.3478656450001 81.6999787020001,28.3498680820001 81.6978894520001,28.349899083 81.69737839,28.352085646 81.69627539,28.352398083 81.694622327,28.3508700830001 81.6945850770001,28.3492661450001 81.6925388270001,28.349337457 81.691460077,28.34718152 81.6890240770001,28.34750977 81.6893535770001,28.350648645 81.6865696390001,28.350035457 81.6849717640001,28.3480445820001 81.6847533270001,28.34590002 81.682198139,28.344545645 81.6826003890001,28.342544645 81.6787182020001,28.34203152 81.6771020140001,28.3387207700001 81.675418452,28.337535583 81.6774547640001,28.335934895 81.6809347010001,28.3360800200001 81.6856808900001,28.337543082 81.6876126390001,28.337743145 81.6911852650001,28.3363601450001 81.69896364,28.3342899570001 81.7016013890001,28.334632895 81.7049295150001,28.3337065200001 81.7081785770001,28.3301046450001 81.71040464,28.3294320200001 81.7129057020001,28.3243945200001 81.7165610770001,28.3231908330001 81.7188131390001,28.319959458 81.720766327,28.3189406450001 81.723655701,28.3195909570001 81.7266638900001,28.3161456450001 81.728281327,28.3158233950001 81.7347902650001,28.31589002 81.7383733890001,28.3150043320001 81.7404512640001,28.3141740820001 81.745566452,28.312907582 81.746872764,28.3131350830001 81.7453161400001,28.3171347700001 81.7453048260001,28.3189058950001 81.7478393270001,28.32356902 81.7481338270001,28.326202645 81.75107339,28.32850577 81.7529267020001,28.330785645 81.7538785140001,28.3343134570001 81.7530595140001,28.337598395 81.753002327,28.3414251450001 81.7534414520001,28.3435728320001 81.756892577,28.3503108950001 81.7595935150001,28.3528295200001 81.761258577,28.3559855820001 81.761855702,28.3589783960001 81.7641655770001,28.362042833 81.7671422020001,28.365234333 81.7684980770001,28.3700300200001</coordinates></LinearRing></outerBoundaryIs></Polygon>
  </Placemark>
  <Placemark id="lumbini.103">
	<name>5</name>
	<description>BARDIYA</description>
	<Style><LineStyle><color>ff0000ff</color></LineStyle><PolyStyle><fill>0</fill></PolyStyle></Style>
	<ExtendedData><SchemaData schemaUrl="#lumbini">
		<SimpleData name="STATE_CODE">0</SimpleData>
		<SimpleData name="DISTRICT">Nagarpalika</SimpleData>
		<SimpleData name="GaPa_NaPa">5</SimpleData>
	</SchemaData></ExtendedData>
      <Polygon><outerBoundaryIs><LinearRing><coordinates>81.4902464520001,28.320872582 81.4893005770001,28.3218619580001 81.4865296390001,28.321880895 81.4850012640001,28.323623583 81.4828723890001,28.3236740200001 81.481576514,28.325537707 81.480988139,28.3290775200001 81.4797462640001,28.3313426450001 81.481203389,28.3322896450001 81.4821695140001,28.334046082 81.4807082010001,28.339540583 81.480329952,28.34376102 81.476947576,28.3468909580001 81.47366464,28.3484998330001 81.469854577,28.348713832 81.4668196390001,28.34800677 81.464157701,28.348758145 81.4607729510001,28.3473775200001 81.4597028260001,28.3462688320001 81.4531615770001,28.3438584580001 81.4499974510001,28.3440517070001 81.4461317020001,28.342205332 81.443741764,28.34244777 81.4373988890001,28.3497062070001 81.435698701,28.352443958 81.4321972010001,28.3621409580001 81.430854201,28.364351771 81.428170639,28.366880458 81.4261412640001,28.3681231460001 81.4212525760001,28.3702705200001 81.417330077,28.3716317700001 81.4095643260001,28.3749990200001 81.3946530140001,28.380836957 81.3903180760001,28.3842179580001 81.3877288890001,28.3885301450001 81.3849903270001,28.3988555830001 81.3832528890001,28.4026667700001 81.3788172010001,28.408739332 81.376886514,28.412122207 81.3770449510001,28.4143463950001 81.3782633270001,28.417147458 81.3817028890001,28.421411145 81.381910889,28.423190708 81.3750062010001,28.423960833 81.372432889,28.4245863950001 81.3699192020001,28.4241285200001 81.367045202,28.42205827 81.3633230140001,28.4213756450001 81.3592891390001,28.4211585200001 81.3531552640001,28.419929145 81.3471808890001,28.4172888950001 81.3436115760001,28.415059833 81.3398627010001,28.4118902070001 81.3343967640001,28.4055367080001 81.3294002010001,28.403245333 81.3274333270001,28.401758645 81.325555889,28.3994753320001 81.322317577,28.3941313330001 81.321180138,28.391352145 81.316908326,28.385380895 81.3165892010001,28.383373583 81.3169892020001,28.380184645 81.317969389,28.3769265820001 81.3182685130001,28.374358333 81.317146951,28.3725401450001 81.3141441390001,28.3718160830001 81.3081371390001,28.3727142700001 81.3057431390001,28.3734258330001 81.3024448890001,28.3679483330001 81.3016588890001,28.364872582 81.302113638,28.362428145 81.303136264,28.361214207 81.305032764,28.360751958 81.3062097640001,28.3591360830001 81.3081674520001,28.3547342700001 81.309540827,28.3443435200001 81.3134237020001,28.3386782700001 81.313565452,28.33527552 81.3129319510001,28.3322874580001 81.3109748260001,28.3288330830001 81.308902076,28.3243253320001 81.3083547640001,28.319811832 81.309336139,28.3150624570001 81.308465138,28.3125307080001 81.308226764,28.3074433950001 81.305976452,28.3017423950001 81.303495201,28.2974182080001 81.3010194510001,28.2943551450001 81.2994440140001,28.293212457 81.2938633270001,28.2911533320001 81.2921670140001,28.289322645 81.292520014,28.286729457 81.295106327,28.2859319570001 81.300567389,28.285428145 81.306045452,28.2853077070001 81.3086842010001,28.2855409580001 81.3119096390001,28.2851883320001 81.3152297010001,28.2841113320001 81.3174257640001,28.2818025820001 81.3199767020001,28.2803548950001 81.3231693270001,28.275575395 81.325227576,28.2741445830001 81.3315031390001,28.2720853330001 81.3366155140001,28.269787207 81.340033889,28.2690003320001 81.3463612640001,28.2687746450001 81.3519433270001,28.2699538950001 81.3545183890001,28.2716010820001 81.3586959510001,28.2722603330001 81.3614250140001,28.2717342080001 81.3623210760001,28.270858645 81.3646646390001,28.2656337070001 81.3648982010001,28.2608972080001 81.366328701,28.258174582 81.3662696390001,28.254460958 81.3685371390001,28.2517675830001 81.370541577,28.2511259570001 81.371909701,28.2515983320001 81.3747588890001,28.2537091450001 81.3763864520001,28.2529533320001 81.3788248260001,28.249999958 81.3770847010001,28.2468031450001 81.374500577,28.2450458330001 81.372138389,28.242051458 81.3720922640001,28.2385002080001 81.3732767640001,28.2376870200001 81.378104389,28.237551895 81.3800875760001,28.236743145 81.385167639,28.238443708 81.3863162640001,28.2368858950001 81.390927639,28.232664895 81.3958868270001,28.233724582 81.3977787640001,28.2344772070001 81.402082889,28.233187582 81.407113452,28.2320490820001 81.4115972020001,28.22369652 81.41428639,28.2203243320001 81.416279139,28.2213087700001 81.417873451,28.2240023950001 81.421803389,28.2270227700001 81.4226722640001,28.228838582 81.424644764,28.23045252 81.4247417010001,28.233529708 81.4270133890001,28.2352283330001 81.425341577,28.2370385830001 81.425040139,28.2390949580001 81.422574201,28.240160895 81.4242221390001,28.2411552070001 81.4235783890001,28.243144957 81.425925389,28.244509458 81.425226889,28.246190332 81.4290447640001,28.2521574580001 81.429507077,28.254170833 81.4286095140001,28.256418582 81.429076889,28.2598601450001 81.4312923890001,28.2613603950001 81.4318082010001,28.259731957 81.4372347020001,28.259211583 81.439276701,28.257524145 81.4412335760001,28.2582556450001 81.439133826,28.2629350830001 81.4395103890001,28.2657450830001 81.4409671390001,28.2675138320001 81.4400219510001,28.2691503950001 81.443580952,28.270203833 81.4456255760001,28.272500833 81.4463807640001,28.27482452 81.447846702,28.2746302080001 81.450019389,28.2777885830001 81.452481452,28.278094083 81.4562365140001,28.281535895 81.459901389,28.283371457 81.4619557020001,28.283495395 81.464756639,28.2878268330001 81.464840452,28.292023145 81.466516389,28.292728208 81.4666743270001,28.2950402700001 81.4684152020001,28.2965843320001 81.4693562640001,28.298417645 81.4736348260001,28.2996392700001 81.4750970140001,28.3029711450001 81.4744259510001,28.3049973330001 81.477059077,28.307763332 81.479091264,28.307961457 81.477297326,28.3103052700001 81.4781530760001,28.3120982080001 81.4782283270001,28.314105958 81.480337702,28.3155628320001 81.481812952,28.317464145 81.4856017640001,28.317031145 81.485025201,28.3194811450001 81.4889720770001,28.3212652070001 81.4902464520001,28.320872582</coordinates></LinearRing></outerBoundaryIs></Polygon>
  </Placemark>
  <Placemark id="lumbini.104">
	<name>5</name>
	<description>BARDIYA</description>
	<Style><LineStyle><color>ff0000ff</color></LineStyle><PolyStyle><fill>0</fill></PolyStyle></Style>
	<ExtendedData><SchemaData schemaUrl="#lumbini">
		<SimpleData name="STATE_CODE">0</SimpleData>
		<SimpleData name="DISTRICT">Gaunpalika</SimpleData>
		<SimpleData name="GaPa_NaPa">5</SimpleData>
	</SchemaData></ExtendedData>
      <Polygon><outerBoundaryIs><LinearRing><coordinates>81.2113025770001,28.42435427 81.2083212640001,28.426371395 81.2060335140001,28.4293778960001 81.202414639,28.4330022710001 81.2008779510001,28.4356578950001 81.2003018890001,28.4377840820001 81.2009661380001,28.4399377710001 81.1998170140001,28.444287208 81.1995853880001,28.447202583 81.2026860760001,28.449172145 81.2083485140001,28.45085577 81.208307452,28.4543168330001 81.2113804510001,28.4571052700001 81.2102500130001,28.459512208 81.2119028880001,28.46065127 81.2125775760001,28.4622475830001 81.215473951,28.4644631460001 81.2183843270001,28.4694537070001 81.2191268890001,28.4722930830001 81.215998326,28.475301083 81.2128040760001,28.4766756450001 81.2111272020001,28.479351895 81.2116502010001,28.4831076450001 81.214265638,28.48645852 81.214734638,28.4885650200001 81.2192906390001,28.4934695210001 81.220444076,28.4951575210001 81.2211796390001,28.4977645210001 81.2234870140001,28.4981127070001 81.2234581390001,28.5000012080001 81.226604014,28.5027508330001 81.2270842010001,28.504552645 81.226134576,28.5064787700001 81.2277365140001,28.50962127 81.228094701,28.5115293960001 81.2299268890001,28.514648833 81.229720763,28.520154271 81.2301785770001,28.5245169570001 81.2316796380001,28.5266442700001 81.2320418890001,28.5294773950001 81.234781076,28.533833895 81.2351558890001,28.53621802 81.234692264,28.53901202 81.2357743260001,28.541300145 81.2387051380001,28.5427434580001 81.2406243890001,28.5445833960001 81.2413255760001,28.5468721450001 81.245833513,28.5522992080001 81.245868326,28.555193833 81.249055888,28.5589806450001 81.2483012020001,28.565432458 81.2492073270001,28.5673732710001 81.250643139,28.5685077700001 81.2505957010001,28.570874583 81.2514032010001,28.572438833 81.2504968260001,28.576081958 81.2533725760001,28.582062271 81.252716014,28.58354352 81.250371827,28.585325708 81.250113201,28.586779146 81.2513370140001,28.5908154580001 81.2500563890001,28.5938342700001 81.2461012640001,28.590493458 81.2421498890001,28.585622646 81.2334449510001,28.5768727080001 81.230818264,28.575234708 81.2272280770001,28.5717820830001 81.2207517640001,28.566838208 81.212768576,28.5623860200001 81.206314514,28.558393521 81.1996935130001,28.552995332 81.1944425130001,28.548152208 81.190999451,28.5454225830001 81.1862152020001,28.5407431450001 81.1778488260001,28.5314995210001 81.1691595760001,28.523198833 81.169692513,28.5215691450001 81.1689626390001,28.5198508330001 81.1655716380001,28.5159089580001 81.164493077,28.513304395 81.1636165140001,28.505803583 81.1618807630001,28.501338333 81.159078327,28.500969458 81.157004327,28.501833708 81.1544785140001,28.501762145 81.1529768890001,28.501055395 81.149013826,28.4981109570001 81.1498418260001,28.4968646450001 81.152872701,28.49786077 81.1597052010001,28.496596207 81.1628182640001,28.497472395 81.1640657010001,28.4958712700001 81.1630689510001,28.4937651450001 81.1651877640001,28.492523958 81.1724547630001,28.4858613960001 81.1719647640001,28.4835155820001 81.168969701,28.47957777 81.1708863260001,28.478063708 81.1725204510001,28.477969208 81.175976576,28.4755325200001 81.1795909510001,28.47488702 81.1803683260001,28.474039895 81.1788427020001,28.4700958330001 81.1769517640001,28.4681218960001 81.1767606390001,28.4666217700001 81.1778485130001,28.464406958 81.1796818890001,28.4648738330001 81.1834793260001,28.4621590830001 81.1833116390001,28.4592871450001 81.1811118270001,28.45707452 81.1786437640001,28.4567641450001 81.1768086390001,28.454462957 81.178807201,28.4521905820001 81.1794725140001,28.44974627 81.178161076,28.447169145 81.176689201,28.4464806450001 81.173602701,28.4471885830001 81.1710845140001,28.446135832 81.169409639,28.443410145 81.169082389,28.441896645 81.1697758890001,28.4399780210001 81.1701983890001,28.436378833 81.1727720760001,28.4356152080001 81.172192389,28.433109271 81.175172139,28.4331100200001 81.1773897640001,28.4312705830001 81.1765326390001,28.4279302080001 81.175212076,28.42559677 81.175703201,28.420806145 81.1780757020001,28.41905002 81.1846130760001,28.418086895 81.1859083260001,28.4166321450001 81.186684389,28.4144042080001 81.184314639,28.410630521 81.1845604520001,28.4090801460001 81.1876746390001,28.407913895 81.1883767640001,28.410448957 81.1925078260001,28.4112080200001 81.1968233260001,28.4133114580001 81.198571014,28.4108473320001 81.1990992010001,28.4090844580001 81.201668264,28.4058339580001 81.205225764,28.406437833 81.2094052640001,28.411724582 81.2091255770001,28.416580395 81.210998014,28.4208688320001 81.2113025770001,28.42435427</coordinates></LinearRing></outerBoundaryIs></Polygon>
  </Placemark>
  <Placemark id="lumbini.105">
	<name>5</name>
	<description>BARDIYA</description>
	<Style><LineStyle><color>ff0000ff</color></LineStyle><PolyStyle><fill>0</fill></PolyStyle></Style>
	<ExtendedData><SchemaData schemaUrl="#lumbini">
		<SimpleData name="STATE_CODE">0</SimpleData>
		<SimpleData name="DISTRICT">Nagarpalika</SimpleData>
		<SimpleData name="GaPa_NaPa">5</SimpleData>
	</SchemaData></ExtendedData>
      <Polygon><outerBoundaryIs><LinearRing><coordinates>81.390927639,28.232664895 81.3863162640001,28.2368858950001 81.385167639,28.238443708 81.3800875760001,28.236743145 81.378104389,28.237551895 81.3732767640001,28.2376870200001 81.3720922640001,28.2385002080001 81.372138389,28.242051458 81.374500577,28.2450458330001 81.3770847010001,28.2468031450001 81.3788248260001,28.249999958 81.3763864520001,28.2529533320001 81.3747588890001,28.2537091450001 81.371909701,28.2515983320001 81.370541577,28.2511259570001 81.3685371390001,28.2517675830001 81.3662696390001,28.254460958 81.366328701,28.258174582 81.3648982010001,28.2608972080001 81.3646646390001,28.2656337070001 81.3623210760001,28.270858645 81.3614250140001,28.2717342080001 81.3586959510001,28.2722603330001 81.3545183890001,28.2716010820001 81.3519433270001,28.2699538950001 81.3463612640001,28.2687746450001 81.340033889,28.2690003320001 81.3366155140001,28.269787207 81.3315031390001,28.2720853330001 81.325227576,28.2741445830001 81.3231693270001,28.275575395 81.3199767020001,28.2803548950001 81.3174257640001,28.2818025820001 81.3152297010001,28.2841113320001 81.3119096390001,28.2851883320001 81.3086842010001,28.2855409580001 81.306045452,28.2853077070001 81.300567389,28.285428145 81.295106327,28.2859319570001 81.292520014,28.286729457 81.2921498260001,28.285349395 81.2970655140001,28.280068208 81.301646889,28.264853207 81.2975262640001,28.261053707 81.2920455760001,28.257890957 81.2939877640001,28.255235645 81.2903946390001,28.2523733950001 81.2926506380001,28.248722458 81.292552576,28.2426735830001 81.2916663890001,28.24168952 81.2822352640001,28.234701333 81.287866889,28.228444208 81.2936842010001,28.222788833 81.301383764,28.21976002 81.3158692640001,28.2046892700001 81.3223722010001,28.1971697070001 81.321511764,28.19368352 81.3201350140001,28.1822878950001 81.3265293260001,28.1749534580001 81.3230260130001,28.1687367070001 81.3160351390001,28.167577458 81.3096017020001,28.1678380820001 81.3062297010001,28.1684165200001 81.3039972020001,28.16770402 81.3037476390001,28.1643065820001 81.3058257010001,28.16245402 81.3102473270001,28.1614964570001 81.311517139,28.160595583 81.3124239510001,28.1554807700001 81.3219493890001,28.160163083 81.329692639,28.1481862700001 81.3201352010001,28.145138145 81.317217139,28.136877833 81.3198058890001,28.13345802 81.3224971390001,28.1337292700001 81.3362289510001,28.1400996450001 81.3439316390001,28.1394758330001 81.350881202,28.139965895 81.3664427640001,28.1415090830001 81.3688380140001,28.1413063320001 81.3730804510001,28.1422921450001 81.375196826,28.1451360820001 81.376927139,28.148565395 81.3784894510001,28.1496328320001 81.3784088890001,28.1515035200001 81.379636201,28.1526621450001 81.3792643260001,28.15459902 81.380155701,28.155411083 81.3789144510001,28.158616207 81.3732865140001,28.159881645 81.3702036390001,28.16089177 81.368770139,28.162720958 81.3686884520001,28.1652595200001 81.3711738260001,28.169979708 81.3734797640001,28.171361082 81.374270514,28.172854833 81.375911639,28.1733940820001 81.375226889,28.17493252 81.3769505760001,28.1768727080001 81.3841330770001,28.1752056450001 81.3917225770001,28.1736792070001 81.405763139,28.1740625200001 81.412441889,28.174505083 81.412886326,28.1780122700001 81.415338014,28.182984457 81.414363327,28.1844697700001 81.4151557010001,28.187700583 81.414348326,28.189341083 81.4116093270001,28.192153895 81.411166139,28.1944544570001 81.4115916390001,28.1958407070001 81.4112578260001,28.1999593950001 81.4105840770001,28.2014302700001 81.4126693260001,28.2045624570001 81.4139696390001,28.2073833320001 81.4142893260001,28.2093814580001 81.4114552020001,28.2112582080001 81.4119288270001,28.2125338330001 81.408682201,28.215165332 81.4066838890001,28.21517127 81.4027079510001,28.216462333 81.4007793260001,28.2175803320001 81.3970008890001,28.218762333 81.395537952,28.2175188950001 81.3923212020001,28.2173205830001 81.391559139,28.21825677 81.388385951,28.21867202 81.3903084510001,28.2254556450001 81.3895214510001,28.229719958 81.390927639,28.232664895</coordinates></LinearRing></outerBoundaryIs></Polygon>
  </Placemark>
  <Placemark id="lumbini.106">
	<name>5</name>
	<description>BARDIYA</description>
	<Style><LineStyle><color>ff0000ff</color></LineStyle><PolyStyle><fill>0</fill></PolyStyle></Style>
	<ExtendedData><SchemaData schemaUrl="#lumbini">
		<SimpleData name="STATE_CODE">0</SimpleData>
		<SimpleData name="DISTRICT">Nagarpalika</SimpleData>
		<SimpleData name="GaPa_NaPa">5</SimpleData>
	</SchemaData></ExtendedData>
      <Polygon><outerBoundaryIs><LinearRing><coordinates>81.3016588890001,28.364872582 81.2998712020001,28.3673042080001 81.297404451,28.3689092700001 81.2909314510001,28.3712855200001 81.2893087640001,28.3723652080001 81.2870054520001,28.374854145 81.288071201,28.3786401450001 81.2880987010001,28.3817333330001 81.289338076,28.3843457080001 81.2877386390001,28.3851432700001 81.2808281390001,28.3872785200001 81.269456264,28.39121377 81.263020639,28.392981708 81.260709514,28.39323877 81.2597337010001,28.394880958 81.258024139,28.3954098950001 81.2583388890001,28.3971014570001 81.2595770140001,28.397821145 81.261435202,28.4035438330001 81.2598157640001,28.4057670830001 81.2600207020001,28.407907833 81.2578541390001,28.4092386450001 81.2555324510001,28.4137328950001 81.2575087010001,28.414403771 81.2579225760001,28.415887583 81.256795389,28.417570583 81.2576724520001,28.4195633950001 81.260207139,28.42153727 81.260582764,28.42251127 81.2597847010001,28.425181895 81.2603130140001,28.42622777 81.2559619510001,28.428374895 81.253654076,28.42867927 81.253706639,28.4306692700001 81.2511227630001,28.433045271 81.2507060140001,28.4349096450001 81.246292639,28.4380763950001 81.2455420140001,28.434555833 81.2434065140001,28.4324613960001 81.239273639,28.43330802 81.237344889,28.433013583 81.2349116390001,28.430082457 81.234711701,28.4272580200001 81.232758952,28.4242470830001 81.227093826,28.42529677 81.2249205140001,28.424697957 81.223410201,28.4254855200001 81.221177013,28.424749208 81.212613263,28.424722208 81.2113025770001,28.42435427 81.210998014,28.4208688320001 81.2091255770001,28.416580395 81.2094052640001,28.411724582 81.210617201,28.4083383330001 81.209420514,28.4009668960001 81.2096567010001,28.3992653330001 81.2110277630001,28.39630077 81.2129845760001,28.3938993950001 81.2160325140001,28.391284145 81.2159670760001,28.389057333 81.214135764,28.386512957 81.212336264,28.384850645 81.2112890760001,28.381856021 81.2071316390001,28.3775439570001 81.2071665140001,28.37134152 81.2057980770001,28.368988083 81.2032316390001,28.3669048950001 81.2004896380001,28.36566802 81.1971030760001,28.3648517070001 81.194925326,28.3638462700001 81.212421389,28.3605012080001 81.2151671390001,28.3581955830001 81.2213322010001,28.344797145 81.230834514,28.332189333 81.2363376390001,28.3245673330001 81.235209201,28.298164333 81.234496452,28.288899083 81.2406687640001,28.281422395 81.2537757010001,28.2660402700001 81.2640140140001,28.2545297080001 81.2822352640001,28.234701333 81.2916663890001,28.24168952 81.292552576,28.2426735830001 81.2926506380001,28.248722458 81.2903946390001,28.2523733950001 81.2939877640001,28.255235645 81.2920455760001,28.257890957 81.2975262640001,28.261053707 81.301646889,28.264853207 81.2970655140001,28.280068208 81.2921498260001,28.285349395 81.292520014,28.286729457 81.2921670140001,28.289322645 81.2938633270001,28.2911533320001 81.2994440140001,28.293212457 81.3010194510001,28.2943551450001 81.303495201,28.2974182080001 81.305976452,28.3017423950001 81.308226764,28.3074433950001 81.308465138,28.3125307080001 81.309336139,28.3150624570001 81.3083547640001,28.319811832 81.308902076,28.3243253320001 81.3109748260001,28.3288330830001 81.3129319510001,28.3322874580001 81.313565452,28.33527552 81.3134237020001,28.3386782700001 81.309540827,28.3443435200001 81.3081674520001,28.3547342700001 81.3062097640001,28.3591360830001 81.305032764,28.360751958 81.303136264,28.361214207 81.302113638,28.362428145 81.3016588890001,28.364872582</coordinates></LinearRing></outerBoundaryIs></Polygon>
  </Placemark>
  <Placemark id="lumbini.107">
	<name>5</name>
	<description>BARDIYA</description>
	<Style><LineStyle><color>ff0000ff</color></LineStyle><PolyStyle><fill>0</fill></PolyStyle></Style>
	<ExtendedData><SchemaData schemaUrl="#lumbini">
		<SimpleData name="STATE_CODE">0</SimpleData>
		<SimpleData name="DISTRICT">Nagarpalika</SimpleData>
		<SimpleData name="GaPa_NaPa">5</SimpleData>
	</SchemaData></ExtendedData>
      <Polygon><outerBoundaryIs><LinearRing><coordinates>81.2094052640001,28.411724582 81.205225764,28.406437833 81.201668264,28.4058339580001 81.1990992010001,28.4090844580001 81.198571014,28.4108473320001 81.1968233260001,28.4133114580001 81.1925078260001,28.4112080200001 81.1883767640001,28.410448957 81.1876746390001,28.407913895 81.1845604520001,28.4090801460001 81.184314639,28.410630521 81.186684389,28.4144042080001 81.1859083260001,28.4166321450001 81.1846130760001,28.418086895 81.1780757020001,28.41905002 81.175703201,28.420806145 81.175212076,28.42559677 81.1765326390001,28.4279302080001 81.1773897640001,28.4312705830001 81.175172139,28.4331100200001 81.172192389,28.433109271 81.1727720760001,28.4356152080001 81.1701983890001,28.436378833 81.1697758890001,28.4399780210001 81.169082389,28.441896645 81.169409639,28.443410145 81.1710845140001,28.446135832 81.173602701,28.4471885830001 81.176689201,28.4464806450001 81.178161076,28.447169145 81.1794725140001,28.44974627 81.178807201,28.4521905820001 81.1768086390001,28.454462957 81.1786437640001,28.4567641450001 81.1811118270001,28.45707452 81.1833116390001,28.4592871450001 81.1834793260001,28.4621590830001 81.1796818890001,28.4648738330001 81.1778485130001,28.464406958 81.1767606390001,28.4666217700001 81.1769517640001,28.4681218960001 81.1788427020001,28.4700958330001 81.1803683260001,28.474039895 81.1795909510001,28.47488702 81.175976576,28.4755325200001 81.1725204510001,28.477969208 81.1708863260001,28.478063708 81.168969701,28.47957777 81.1719647640001,28.4835155820001 81.1724547630001,28.4858613960001 81.1651877640001,28.492523958 81.1630689510001,28.4937651450001 81.1640657010001,28.4958712700001 81.1628182640001,28.497472395 81.1597052010001,28.496596207 81.152872701,28.49786077 81.1498418260001,28.4968646450001 81.1482012640001,28.495311896 81.144158701,28.493822645 81.1404046390001,28.49135377 81.1367376380001,28.4877182700001 81.1343567010001,28.484629645 81.131655826,28.482098582 81.124542202,28.476949833 81.1227766390001,28.4752254580001 81.1181917640001,28.473480958 81.1165382010001,28.4724512700001 81.113665326,28.468967895 81.1133873260001,28.4665787700001 81.112190701,28.4625795200001 81.109507702,28.4608421450001 81.1006179510001,28.4592832070001 81.097203139,28.4596917710001 81.0942929510001,28.458741708 81.092336576,28.4568433330001 81.090781576,28.453326958 81.0910259520001,28.4498792700001 81.0895522640001,28.446089833 81.0893688890001,28.4442782080001 81.0875635140001,28.4382913330001 81.0866890760001,28.437213458 81.0779737010001,28.432304645 81.0715081390001,28.4270173950001 81.067298576,28.4223965200001 81.0662475760001,28.4207183950001 81.0645763260001,28.416157082 81.0630655130001,28.414129458 81.0608929520001,28.408390583 81.0615909510001,28.4067883330001 81.066248139,28.40310852 81.068807452,28.3994950200001 81.069272826,28.3965684570001 81.069078764,28.39437552 81.081575263,28.3848675830001 81.091114013,28.382025395 81.112375263,28.378006957 81.1403462630001,28.3728910200001 81.1503757,28.3712400200001 81.168049701,28.368857083 81.1770185130001,28.3672595200001 81.194925326,28.3638462700001 81.1971030760001,28.3648517070001 81.2004896380001,28.36566802 81.2032316390001,28.3669048950001 81.2057980770001,28.368988083 81.2071665140001,28.37134152 81.2071316390001,28.3775439570001 81.2112890760001,28.381856021 81.212336264,28.384850645 81.214135764,28.386512957 81.2159670760001,28.389057333 81.2160325140001,28.391284145 81.2129845760001,28.3938993950001 81.2110277630001,28.39630077 81.2096567010001,28.3992653330001 81.209420514,28.4009668960001 81.210617201,28.4083383330001 81.2094052640001,28.411724582</coordinates></LinearRing></outerBoundaryIs></Polygon>
  </Placemark>
  <Placemark id="lumbini.108">
	<name>5</name>
	<description>BARDIYA</description>
	<Style><LineStyle><color>ff0000ff</color></LineStyle><PolyStyle><fill>0</fill></PolyStyle></Style>
	<ExtendedData><SchemaData schemaUrl="#lumbini">
		<SimpleData name="STATE_CODE">0</SimpleData>
		<SimpleData name="DISTRICT">Nagarpalika</SimpleData>
		<SimpleData name="GaPa_NaPa">5</SimpleData>
	</SchemaData></ExtendedData>
      <Polygon><outerBoundaryIs><LinearRing><coordinates>81.3531552640001,28.419929145 81.350319202,28.422271645 81.347046327,28.42610877 81.346398202,28.4294969580001 81.3430800770001,28.4328603330001 81.3399926390001,28.43519202 81.339296264,28.4367437700001 81.3377805760001,28.437521395 81.3379940140001,28.4424303330001 81.3407895760001,28.4445148950001 81.3427307640001,28.4450447080001 81.3445010760001,28.44879002 81.343904889,28.4519005820001 81.3403947020001,28.4539445200001 81.335058889,28.453529083 81.3301502640001,28.454184083 81.3265828890001,28.4572453320001 81.3248240770001,28.4606631450001 81.3243461390001,28.462800895 81.3223625140001,28.4628914580001 81.3223191390001,28.4647753950001 81.324209952,28.465668957 81.323735889,28.4688782700001 81.3252389510001,28.4698583950001 81.329453077,28.47057477 81.3330838890001,28.4707373950001 81.3358465140001,28.471716583 81.3351250760001,28.4732976450001 81.338759764,28.4744438330001 81.3399335140001,28.4779673950001 81.3408686390001,28.47870727 81.3383917640001,28.481966895 81.3374666380001,28.48454802 81.3352893890001,28.4844902070001 81.3312163890001,28.4825125200001 81.329623451,28.4833173330001 81.3294504520001,28.484542833 81.3302553890001,28.487801082 81.3298054510001,28.48929352 81.330867889,28.4933903960001 81.3334327640001,28.497061708 81.3333980140001,28.4996315830001 81.3354663270001,28.5018849580001 81.3353332630001,28.5038436460001 81.3328580130001,28.507407707 81.331943638,28.5096796450001 81.3328728260001,28.51721752 81.3333974510001,28.519549145 81.332992576,28.521788271 81.331567702,28.5219993330001 81.328503326,28.521140395 81.323105764,28.517058333 81.3206530140001,28.5158751450001 81.3167887010001,28.5152366460001 81.3128402010001,28.5159159580001 81.3084533890001,28.5156597700001 81.3062747640001,28.517325208 81.3047917010001,28.517064583 81.302208389,28.5145705830001 81.3014552640001,28.5118151450001 81.299526826,28.5093782070001 81.2940586380001,28.50616152 81.290428702,28.505339082 81.2897903890001,28.503088771 81.2893942640001,28.4992608330001 81.287881139,28.496750708 81.286254639,28.4962013320001 81.2841496390001,28.493859333 81.2858206390001,28.4922403950001 81.2860538880001,28.490895208 81.2778162640001,28.486007333 81.276080139,28.4822430200001 81.2744370140001,28.48157402 81.272628076,28.482204896 81.269424513,28.48020777 81.2694207640001,28.4787277080001 81.2667382020001,28.4751456450001 81.264628513,28.470632832 81.2619158890001,28.468711333 81.2605248890001,28.4671143320001 81.260655264,28.4651105820001 81.2629184510001,28.463429895 81.2656901390001,28.4622287070001 81.2621602630001,28.4557263950001 81.2586990760001,28.4518500830001 81.2548987640001,28.449883083 81.253674076,28.452859082 81.2527950140001,28.4535691450001 81.253644514,28.455972645 81.2527872640001,28.458361332 81.2528528890001,28.4623592080001 81.253680639,28.4636188960001 81.2520355140001,28.46516752 81.2499106390001,28.4643929580001 81.246627764,28.4614929580001 81.245785014,28.459610582 81.2481475760001,28.456212958 81.246905763,28.4535461450001 81.2452959510001,28.4518117710001 81.241734702,28.45005602 81.240247701,28.4454333950001 81.238627201,28.442117395 81.234114451,28.4395712080001 81.232686577,28.4395848950001 81.230856826,28.43776052 81.229757201,28.435217333 81.2283667020001,28.4341683330001 81.2266157010001,28.43001752 81.2250638890001,28.42853552 81.223410201,28.4254855200001 81.2249205140001,28.424697957 81.227093826,28.42529677 81.232758952,28.4242470830001 81.234711701,28.4272580200001 81.2349116390001,28.430082457 81.237344889,28.433013583 81.239273639,28.43330802 81.2434065140001,28.4324613960001 81.2455420140001,28.434555833 81.246292639,28.4380763950001 81.2507060140001,28.4349096450001 81.2511227630001,28.433045271 81.253706639,28.4306692700001 81.253654076,28.42867927 81.2559619510001,28.428374895 81.2603130140001,28.42622777 81.2597847010001,28.425181895 81.260582764,28.42251127 81.260207139,28.42153727 81.2576724520001,28.4195633950001 81.256795389,28.417570583 81.2579225760001,28.415887583 81.2575087010001,28.414403771 81.2555324510001,28.4137328950001 81.2578541390001,28.4092386450001 81.2600207020001,28.407907833 81.2598157640001,28.4057670830001 81.261435202,28.4035438330001 81.2595770140001,28.397821145 81.2583388890001,28.3971014570001 81.258024139,28.3954098950001 81.2597337010001,28.394880958 81.260709514,28.39323877 81.263020639,28.392981708 81.269456264,28.39121377 81.2808281390001,28.3872785200001 81.2877386390001,28.3851432700001 81.289338076,28.3843457080001 81.2880987010001,28.3817333330001 81.288071201,28.3786401450001 81.2870054520001,28.374854145 81.2893087640001,28.3723652080001 81.2909314510001,28.3712855200001 81.297404451,28.3689092700001 81.2998712020001,28.3673042080001 81.3016588890001,28.364872582 81.3024448890001,28.3679483330001 81.3057431390001,28.3734258330001 81.3081371390001,28.3727142700001 81.3141441390001,28.3718160830001 81.317146951,28.3725401450001 81.3182685130001,28.374358333 81.317969389,28.3769265820001 81.3169892020001,28.380184645 81.3165892010001,28.383373583 81.316908326,28.385380895 81.321180138,28.391352145 81.322317577,28.3941313330001 81.325555889,28.3994753320001 81.3274333270001,28.401758645 81.3294002010001,28.403245333 81.3343967640001,28.4055367080001 81.3398627010001,28.4118902070001 81.3436115760001,28.415059833 81.3471808890001,28.4172888950001 81.3531552640001,28.419929145</coordinates></LinearRing></outerBoundaryIs></Polygon>
  </Placemark>
  <Placemark id="lumbini.109">
	<name>5</name>
	<description>BARDIYA</description>
	<Style><LineStyle><color>ff0000ff</color></LineStyle><PolyStyle><fill>0</fill></PolyStyle></Style>
	<ExtendedData><SchemaData schemaUrl="#lumbini">
		<SimpleData name="STATE_CODE">0</SimpleData>
		<SimpleData name="DISTRICT">National Park</SimpleData>
		<SimpleData name="GaPa_NaPa">5</SimpleData>
	</SchemaData></ExtendedData>
      <Polygon><outerBoundaryIs><LinearRing><coordinates>81.3228543260001,28.667514958 81.320113764,28.66957452 81.316345702,28.6707092080001 81.313820514,28.6706293330001 81.310312889,28.6716323950001 81.3093078260001,28.672828146 81.306051826,28.6724182080001 81.3053567640001,28.670689333 81.3033233890001,28.6710751460001 81.303694202,28.6727980210001 81.302519326,28.673687333 81.2988983260001,28.673120021 81.295918327,28.673268708 81.2927753260001,28.674606645 81.2887075140001,28.6731962710001 81.2870650140001,28.6732020200001 81.2871656390001,28.669966521 81.288163764,28.6659123960001 81.2891628880001,28.66341727 81.289751638,28.653789083 81.289420201,28.649065395 81.288042514,28.6453840200001 81.2834027640001,28.6389074580001 81.278853639,28.6355237080001 81.2741783260001,28.6314383330001 81.272431827,28.629508333 81.2723245760001,28.625600896 81.2715475140001,28.62323352 81.2713205140001,28.6197301450001 81.270518264,28.6177463330001 81.2667595760001,28.615226895 81.2646478880001,28.6145902700001 81.262310889,28.6130538950001 81.258818514,28.6082256450001 81.2553311390001,28.6018654580001 81.251764639,28.595940646 81.2500563890001,28.5938342700001 81.2513370140001,28.5908154580001 81.250113201,28.586779146 81.250371827,28.585325708 81.252716014,28.58354352 81.2533725760001,28.582062271 81.2504968260001,28.576081958 81.2514032010001,28.572438833 81.2505957010001,28.570874583 81.250643139,28.5685077700001 81.2492073270001,28.5673732710001 81.2483012020001,28.565432458 81.249055888,28.5589806450001 81.245868326,28.555193833 81.245833513,28.5522992080001 81.2413255760001,28.5468721450001 81.2406243890001,28.5445833960001 81.2387051380001,28.5427434580001 81.2357743260001,28.541300145 81.234692264,28.53901202 81.2351558890001,28.53621802 81.234781076,28.533833895 81.2320418890001,28.5294773950001 81.2316796380001,28.5266442700001 81.2301785770001,28.5245169570001 81.229720763,28.520154271 81.2299268890001,28.514648833 81.228094701,28.5115293960001 81.2277365140001,28.50962127 81.226134576,28.5064787700001 81.2270842010001,28.504552645 81.226604014,28.5027508330001 81.2234581390001,28.5000012080001 81.2234870140001,28.4981127070001 81.2211796390001,28.4977645210001 81.220444076,28.4951575210001 81.2192906390001,28.4934695210001 81.214734638,28.4885650200001 81.214265638,28.48645852 81.2116502010001,28.4831076450001 81.2111272020001,28.479351895 81.2128040760001,28.4766756450001 81.215998326,28.475301083 81.2191268890001,28.4722930830001 81.2183843270001,28.4694537070001 81.215473951,28.4644631460001 81.2125775760001,28.4622475830001 81.2119028880001,28.46065127 81.2102500130001,28.459512208 81.2113804510001,28.4571052700001 81.208307452,28.4543168330001 81.2083485140001,28.45085577 81.2026860760001,28.449172145 81.1995853880001,28.447202583 81.1998170140001,28.444287208 81.2009661380001,28.4399377710001 81.2003018890001,28.4377840820001 81.2008779510001,28.4356578950001 81.202414639,28.4330022710001 81.2060335140001,28.4293778960001 81.2083212640001,28.426371395 81.2113025770001,28.42435427 81.212613263,28.424722208 81.221177013,28.424749208 81.223410201,28.4254855200001 81.2250638890001,28.42853552 81.2266157010001,28.43001752 81.2283667020001,28.4341683330001 81.229757201,28.435217333 81.230856826,28.43776052 81.232686577,28.4395848950001 81.234114451,28.4395712080001 81.238627201,28.442117395 81.240247701,28.4454333950001 81.241734702,28.45005602 81.2452959510001,28.4518117710001 81.246905763,28.4535461450001 81.2481475760001,28.456212958 81.245785014,28.459610582 81.246627764,28.4614929580001 81.2499106390001,28.4643929580001 81.2520355140001,28.46516752 81.253680639,28.4636188960001 81.2528528890001,28.4623592080001 81.2527872640001,28.458361332 81.253644514,28.455972645 81.2527950140001,28.4535691450001 81.253674076,28.452859082 81.2548987640001,28.449883083 81.2586990760001,28.4518500830001 81.2621602630001,28.4557263950001 81.2656901390001,28.4622287070001 81.2629184510001,28.463429895 81.260655264,28.4651105820001 81.2605248890001,28.4671143320001 81.2619158890001,28.468711333 81.264628513,28.470632832 81.2667382020001,28.4751456450001 81.2694207640001,28.4787277080001 81.269424513,28.48020777 81.272628076,28.482204896 81.2744370140001,28.48157402 81.276080139,28.4822430200001 81.2778162640001,28.486007333 81.2860538880001,28.490895208 81.2858206390001,28.4922403950001 81.2841496390001,28.493859333 81.286254639,28.4962013320001 81.287881139,28.496750708 81.2893942640001,28.4992608330001 81.2897903890001,28.503088771 81.290428702,28.505339082 81.2940586380001,28.50616152 81.299526826,28.5093782070001 81.3014552640001,28.5118151450001 81.302208389,28.5145705830001 81.3047917010001,28.517064583 81.3062747640001,28.517325208 81.3084533890001,28.5156597700001 81.3128402010001,28.5159159580001 81.3167887010001,28.5152366460001 81.3206530140001,28.5158751450001 81.323105764,28.517058333 81.328503326,28.521140395 81.331567702,28.5219993330001 81.332992576,28.521788271 81.3333974510001,28.519549145 81.3328728260001,28.51721752 81.331943638,28.5096796450001 81.3328580130001,28.507407707 81.3353332630001,28.5038436460001 81.3354663270001,28.5018849580001 81.3333980140001,28.4996315830001 81.3334327640001,28.497061708 81.330867889,28.4933903960001 81.3298054510001,28.48929352 81.3302553890001,28.487801082 81.3294504520001,28.484542833 81.329623451,28.4833173330001 81.3312163890001,28.4825125200001 81.3352893890001,28.4844902070001 81.3374666380001,28.48454802 81.3383917640001,28.481966895 81.3408686390001,28.47870727 81.3399335140001,28.4779673950001 81.338759764,28.4744438330001 81.3351250760001,28.4732976450001 81.3358465140001,28.471716583 81.3330838890001,28.4707373950001 81.329453077,28.47057477 81.3252389510001,28.4698583950001 81.323735889,28.4688782700001 81.324209952,28.465668957 81.3223191390001,28.4647753950001 81.3223625140001,28.4628914580001 81.3243461390001,28.462800895 81.3248240770001,28.4606631450001 81.3265828890001,28.4572453320001 81.3301502640001,28.454184083 81.335058889,28.453529083 81.3403947020001,28.4539445200001 81.343904889,28.4519005820001 81.3445010760001,28.44879002 81.3427307640001,28.4450447080001 81.3407895760001,28.4445148950001 81.3379940140001,28.4424303330001 81.3377805760001,28.437521395 81.339296264,28.4367437700001 81.3399926390001,28.43519202 81.3430800770001,28.4328603330001 81.346398202,28.4294969580001 81.347046327,28.42610877 81.350319202,28.422271645 81.3531552640001,28.419929145 81.3592891390001,28.4211585200001 81.3633230140001,28.4213756450001 81.367045202,28.42205827 81.3699192020001,28.4241285200001 81.372432889,28.4245863950001 81.3750062010001,28.423960833 81.381910889,28.423190708 81.3817028890001,28.421411145 81.3782633270001,28.417147458 81.3770449510001,28.4143463950001 81.376886514,28.412122207 81.3788172010001,28.408739332 81.3832528890001,28.4026667700001 81.3849903270001,28.3988555830001 81.3877288890001,28.3885301450001 81.3903180760001,28.3842179580001 81.3946530140001,28.380836957 81.4095643260001,28.3749990200001 81.417330077,28.3716317700001 81.4212525760001,28.3702705200001 81.4261412640001,28.3681231460001 81.428170639,28.366880458 81.430854201,28.364351771 81.4321972010001,28.3621409580001 81.435698701,28.352443958 81.4373988890001,28.3497062070001 81.443741764,28.34244777 81.4461317020001,28.342205332 81.4499974510001,28.3440517070001 81.4531615770001,28.3438584580001 81.4597028260001,28.3462688320001 81.4607729510001,28.3473775200001 81.464157701,28.348758145 81.4668196390001,28.34800677 81.469854577,28.348713832 81.47366464,28.3484998330001 81.476947576,28.3468909580001 81.480329952,28.34376102 81.4807082010001,28.339540583 81.4821695140001,28.334046082 81.481203389,28.3322896450001 81.4797462640001,28.3313426450001 81.480988139,28.3290775200001 81.481576514,28.325537707 81.4828723890001,28.3236740200001 81.4850012640001,28.323623583 81.4865296390001,28.321880895 81.4893005770001,28.3218619580001 81.4902464520001,28.320872582 81.4916902640001,28.3161563950001 81.4934600770001,28.3138893330001 81.499179514,28.31142277 81.5027990140001,28.310290395 81.5086310140001,28.310271082 81.5125637020001,28.308151332 81.512360389,28.3068276450001 81.514769889,28.3039690210001 81.514996077,28.30183377 81.51707464,28.301092646 81.518822889,28.3032113950001 81.5233524510001,28.3039905200001 81.525595701,28.30692177 81.531273389,28.3064237080001 81.5339967640001,28.303096457 81.5370985770001,28.300920583 81.542649264,28.2978211450001 81.5447965770001,28.2978622700001 81.5486816390001,28.296253833 81.5500272640001,28.2965462080001 81.551296139,28.2998960830001 81.5541858890001,28.3011546450001 81.5580425140001,28.301551832 81.5619973270001,28.3040151450001 81.5652718260001,28.3027765200001 81.567357514,28.2984021450001 81.569046702,28.293539708 81.5698713890001,28.29235177 81.5722459520001,28.291060332 81.5739657020001,28.2910147700001 81.5781967010001,28.287872082 81.5803447640001,28.287853958 81.585501515,28.290092708 81.5878865760001,28.2900665820001 81.588929765,28.2871696450001 81.5919015140001,28.28606927 81.597125765,28.286676082 81.5980978270001,28.2880887700001 81.602790951,28.2900941450001 81.603499264,28.2917312700001 81.602041452,28.294273708 81.6049505770001,28.29650802 81.607271327,28.2964615830001 81.613489514,28.29514327 81.6152947020001,28.2951035200001 81.6174047640001,28.296653083 81.6187118890001,28.2985310820001 81.6203730770001,28.3026636450001 81.6222803900001,28.301960083 81.6238524520001,28.302679395 81.6260225770001,28.30095477 81.6275698270001,28.2988561450001 81.631530764,28.295412958 81.6381444520001,28.2938051460001 81.647589764,28.2959469580001 81.6533130760001,28.29476677 81.6552048890001,28.29368377 81.6606693890001,28.2903543950001 81.66287264,28.28772202 81.663913327,28.2872250200001 81.6704330760001,28.3044372700001 81.6729502640001,28.3075338950001 81.6741990140001,28.310688645 81.6742825140001,28.3141288960001 81.6767457020001,28.31779877 81.6785714520001,28.322243395 81.6817975760001,28.324445145 81.6825672640001,28.3223948950001 81.6819591390001,28.3192935210001 81.6801890150001,28.317490707 81.67982864,28.313947958 81.6830218900001,28.3154323950001 81.682975389,28.3167322080001 81.68459964,28.320629395 81.6870602020001,28.324709833 81.6857757640001,28.3266972070001 81.6871203270001,28.329501582 81.686231327,28.3322202700001 81.683757202,28.3311338950001 81.6831116390001,28.333454208 81.6822021390001,28.333803958 81.677752577,28.332632645 81.676097327,28.3349015200001 81.675418452,28.337535583 81.6771020140001,28.3387207700001 81.6787182020001,28.34203152 81.6826003890001,28.342544645 81.682198139,28.344545645 81.6847533270001,28.34590002 81.6849717640001,28.3480445820001 81.6865696390001,28.350035457 81.6893535770001,28.350648645 81.6890240770001,28.34750977 81.691460077,28.34718152 81.6925388270001,28.349337457 81.6945850770001,28.3492661450001 81.694622327,28.3508700830001 81.69627539,28.352398083 81.69737839,28.352085646 81.6978894520001,28.349899083 81.6999787020001,28.3498680820001 81.7002065770001,28.3478656450001 81.6990902650001,28.3464229580001 81.699709952,28.3454383960001 81.7020226390001,28.3474118950001 81.7040730140001,28.35087127 81.705249139,28.348805332 81.70790464,28.350898833 81.7101828890001,28.3498603950001 81.7129363270001,28.351231333 81.7134573270001,28.353527645 81.7156436390001,28.3578863330001 81.7143327650001,28.36029152 81.7148443890001,28.361843333 81.7126925140001,28.361798145 81.7122763900001,28.3634518330001 81.7150143270001,28.3657952080001 81.715809639,28.367140208 81.714096639,28.3703618960001 81.71035914,28.3685787700001 81.7059720760001,28.3682563950001 81.7017383890001,28.3703020200001 81.695957202,28.375069583 81.7019595150001,28.374955207 81.699747265,28.3771822080001 81.7009248270001,28.3807138330001 81.702539077,28.382745083 81.702782202,28.384508145 81.7001130150001,28.3844225820001 81.699307139,28.38728752 81.697070764,28.3864845200001 81.6947448270001,28.3864242070001 81.6924948270001,28.3827287710001 81.691325077,28.3822383950001 81.6875634520001,28.384529333 81.6860106390001,28.3845665200001 81.685003389,28.38830777 81.6875725150001,28.386232708 81.690873889,28.38613027 81.6906968270001,28.3901990200001 81.689882514,28.3920148330001 81.6918367640001,28.394836395 81.6959207020001,28.39516752 81.6975369520001,28.39709952 81.6949628890001,28.4012775200001 81.693227827,28.4022655200001 81.693607076,28.4044701450001 81.6936293900001,28.4057334570001 81.6900903270001,28.410401333 81.6887969520001,28.4110553960001 81.6851720770001,28.411175208 81.68058539,28.414918582 81.6760828270001,28.4174972070001 81.674725514,28.4174633330001 81.6738353270001,28.415015333 81.6715673890001,28.413219332 81.668482952,28.4145723950001 81.6606242020001,28.415109396 81.6580656390001,28.4183796450001 81.650161139,28.4226365820001 81.6485239520001,28.4247403960001 81.6475050760001,28.4270713330001 81.645688577,28.4294015830001 81.6415988890001,28.432119207 81.6362778270001,28.4342717070001 81.6333739520001,28.436232332 81.629931889,28.4409748950001 81.629172639,28.4432548950001 81.6280610150001,28.44435652 81.623364515,28.44564152 81.6184180770001,28.4496123330001 81.615676077,28.4529910200001 81.6135862020001,28.454367645 81.609901827,28.453400458 81.6046208270001,28.458064958 81.6020217020001,28.4626609580001 81.5978140770001,28.4651567700001 81.594175577,28.4688953950001 81.5920953890001,28.469606083 81.5891742640001,28.4688922710001 81.5880810770001,28.470672645 81.5844637020001,28.4739325830001 81.5829067010001,28.4745100210001 81.5802632020001,28.4767143330001 81.5767924510001,28.478141457 81.5750128270001,28.4807773950001 81.574568952,28.48298127 81.572629389,28.4843882700001 81.5696480140001,28.4854678950001 81.5651217650001,28.490188645 81.561270139,28.491910208 81.5591085760001,28.4948769580001 81.557210389,28.4948869580001 81.5548043260001,28.4932498960001 81.5503018260001,28.4936268330001 81.5483847020001,28.49453477 81.5442236390001,28.495018583 81.5408005140001,28.494477208 81.5404815140001,28.4957870210001 81.5414210770001,28.497847645 81.5411625770001,28.4999988330001 81.5368192020001,28.505006645 81.5334825150001,28.5081174580001 81.5311012640001,28.5095300830001 81.5256763890001,28.511428332 81.52181189,28.51173427 81.5179747020001,28.5134545820001 81.516820952,28.514925395 81.5134911390001,28.5207138330001 81.5144324520001,28.5226708330001 81.513266264,28.5246561450001 81.5104409510001,28.5253481450001 81.5075317020001,28.528395833 81.505048764,28.5290052080001 81.5028585140001,28.5302993330001 81.4991139510001,28.5334514570001 81.497235264,28.533404208 81.4934135140001,28.5321095830001 81.4903613260001,28.535342395 81.4904138890001,28.5367522700001 81.487891764,28.5390378330001 81.4853203270001,28.5393561450001 81.4805289510001,28.5389174580001 81.4778649510001,28.5396826460001 81.4759912640001,28.5419092700001 81.4748835140001,28.547158708 81.4740877020001,28.54847227 81.4708584520001,28.5483255830001 81.469174326,28.550438645 81.468149451,28.553127021 81.465302202,28.55431227 81.461481764,28.5541335200001 81.457601514,28.55327577 81.4549308270001,28.5521634580001 81.450520952,28.553662645 81.4471129510001,28.554188395 81.445420702,28.5557100830001 81.444047201,28.557999958 81.4406931390001,28.5587781450001 81.4364073890001,28.561997895 81.4351107640001,28.5634820820001 81.4342165140001,28.566014083 81.4350760770001,28.567935833 81.4346105770001,28.5718855210001 81.433612139,28.5752300830001 81.4319025770001,28.577633833 81.4279205770001,28.5780254580001 81.426081326,28.577654458 81.4254630760001,28.579781708 81.4235097640001,28.5814100210001 81.4245815140001,28.58255052 81.4266872640001,28.5870245830001 81.4221290140001,28.5902538330001 81.421002764,28.5937227700001 81.4185670140001,28.5954585200001 81.4156283890001,28.5949576450001 81.4116420760001,28.595527082 81.4086915140001,28.5982388960001 81.4065460140001,28.599411708 81.402120514,28.603212958 81.4030283260001,28.6059582710001 81.4025810140001,28.606823708 81.396113201,28.6079933950001 81.3934938890001,28.60938177 81.3896669520001,28.6105614580001 81.3880636390001,28.610146458 81.3844410140001,28.6118060200001 81.3810892010001,28.61221027 81.378309389,28.6138447700001 81.378074827,28.614743333 81.375660452,28.616532395 81.372266014,28.617581833 81.3717168260001,28.6190024580001 81.368112889,28.6223355830001 81.364264952,28.623952396 81.3606861390001,28.623907708 81.3585181390001,28.623268271 81.3550911390001,28.6234983950001 81.3520280770001,28.624571271 81.348338514,28.624483771 81.343899827,28.626787333 81.3424715140001,28.6271361460001 81.3416526390001,28.628751396 81.3387569510001,28.629236958 81.3293983890001,28.632204271 81.328386514,28.633702521 81.3260813890001,28.635039208 81.3221831390001,28.63603677 81.3186790130001,28.6362909580001 81.3175433260001,28.637293083 81.3171270140001,28.639599833 81.317915139,28.6405838960001 81.3164918890001,28.6437797080001 81.315417138,28.6450862080001 81.3126287630001,28.64704877 81.311971639,28.651014333 81.314173639,28.6526765200001 81.3159339520001,28.6517563950001 81.3180424510001,28.6522703950001 81.318309576,28.6549658330001 81.3198070770001,28.6576696450001 81.322610952,28.6611329580001 81.3235094520001,28.663432083 81.3228543260001,28.667514958</coordinates></LinearRing></outerBoundaryIs></Polygon>
  </Placemark>
  <Placemark id="lumbini.110">
	<name>5</name>
	<description>RUKUM_E</description>
	<Style><LineStyle><color>ff0000ff</color></LineStyle><PolyStyle><fill>0</fill></PolyStyle></Style>
	<ExtendedData><SchemaData schemaUrl="#lumbini">
		<SimpleData name="STATE_CODE">0</SimpleData>
		<SimpleData name="DISTRICT">Gaunpalika</SimpleData>
		<SimpleData name="GaPa_NaPa">5</SimpleData>
	</SchemaData></ExtendedData>
      <Polygon><outerBoundaryIs><LinearRing><coordinates>82.6555318280001,28.6558772710001 82.6538183910001,28.6575949580001 82.651198391,28.6572530830001 82.648176015,28.657651521 82.6455166410001,28.657117333 82.64512439,28.6562698330001 82.6464852660001,28.650625833 82.6473898900001,28.648439958 82.646059203,28.6471387080001 82.6421018280001,28.645671083 82.640071203,28.6436746460001 82.638891453,28.641115895 82.6409690780001,28.6383689580001 82.6409373280001,28.6355014580001 82.6388983900001,28.633944833 82.6346004530001,28.6333511450001 82.6270109530001,28.6336308960001 82.6214900780001,28.6319664580001 82.62309414,28.630119458 82.6274106400001,28.6296398960001 82.6300781400001,28.6275915200001 82.6313678910001,28.625486396 82.633802453,28.625001146 82.6340212650001,28.6236768950001 82.6358626400001,28.621904333 82.635540328,28.620734833 82.638916577,28.6163067700001 82.6389802030001,28.6140741460001 82.6378439520001,28.6127047700001 82.6376649530001,28.609662083 82.6364276410001,28.6057065210001 82.6342943280001,28.603611958 82.6329713910001,28.6007833960001 82.6309405150001,28.5989582080001 82.6295070780001,28.596281833 82.6316928910001,28.594476646 82.633004203,28.5899985830001 82.6342187650001,28.588352833 82.6346517650001,28.5859479580001 82.6357487650001,28.58481527 82.631322578,28.5821945210001 82.6301044530001,28.580517458 82.625671765,28.578146895 82.6200977030001,28.5792204580001 82.6180643910001,28.5802960830001 82.6152090780001,28.580463207 82.6037114530001,28.5826891450001 82.6031868910001,28.5812625830001 82.601304515,28.5790978950001 82.6004192650001,28.5749268330001 82.599033078,28.5730853330001 82.5997300780001,28.5712517700001 82.5980717030001,28.5704970200001 82.596650578,28.5665008330001 82.5946200160001,28.564602958 82.592948328,28.5616937070001 82.5931290780001,28.559674333 82.5891882650001,28.561291458 82.588240516,28.5642885830001 82.5858253910001,28.566110957 82.5777715150001,28.568214895 82.568649641,28.56559027 82.566136015,28.5664750830001 82.5583239520001,28.5678472710001 82.5532965150001,28.570333771 82.5489695150001,28.5708312080001 82.5460935770001,28.572907333 82.5438042660001,28.571770708 82.5374704530001,28.5708385820001 82.5362378900001,28.5696771460001 82.5351671400001,28.5664713960001 82.5321619530001,28.5637296470001 82.5320203270001,28.5612287710001 82.530950078,28.55812002 82.53365089,28.556087457 82.536461891,28.554552271 82.5377205770001,28.5524679590001 82.5377425780001,28.5483987700001 82.5372125150001,28.5456522700001 82.5372615160001,28.5422217710001 82.542814203,28.53811052 82.544616703,28.531705334 82.5456638910001,28.529925458 82.5461864470001,28.526372908 82.546871953,28.525489958 82.5500517030001,28.5242787710001 82.554245016,28.5236377090001 82.560892703,28.52331352 82.5639217030001,28.522138709 82.5665874530001,28.5216142080001 82.568497203,28.520515459 82.5706565150001,28.517506396 82.575597702,28.5159205840001 82.5784931410001,28.5139387080001 82.582428265,28.5135805200001 82.5868097030001,28.5126471460001 82.5901062030001,28.5143372090001 82.593794765,28.512563959 82.596196078,28.510935272 82.599750891,28.5067558330001 82.602636337,28.5068492890001 82.607099443,28.509649229 82.613035202,28.5095462800001 82.6158148910001,28.510610958 82.6175075780001,28.508970145 82.6195928280001,28.5086055830001 82.6240160150001,28.5065795830001 82.6259993900001,28.504167895 82.6287224530001,28.503326895 82.629927265,28.502041895 82.6351108550001,28.5006427760001 82.6368477650001,28.499275895 82.6398478280001,28.4980539580001 82.642546328,28.4948460200001 82.6461807650001,28.494543895 82.648594266,28.4938934570001 82.6559452650001,28.49365277 82.659221953,28.4926609570001 82.660722703,28.4971198330001 82.6618011410001,28.4988042700001 82.66772689,28.502196645 82.6694547020001,28.5019541460001 82.6703762020001,28.5046860200001 82.672110891,28.5077528960001 82.6742227660001,28.5101941450001 82.6776273900001,28.5126365200001 82.682905077,28.5151805200001 82.6836003910001,28.5173145200001 82.6870785150001,28.5155660830001 82.6883287030001,28.515544333 82.6840323910001,28.51973252 82.6870656410001,28.52250952 82.6891141410001,28.523697833 82.692070265,28.5222419570001 82.6941425160001,28.5220566460001 82.6962818910001,28.5204574580001 82.696311516,28.517480021 82.6927182030001,28.51340752 82.6925087650001,28.511833145 82.696897328,28.5122384580001 82.6994108910001,28.511427833 82.704838953,28.5090456460001 82.7078170780001,28.5100530830001 82.7129762660001,28.5141264580001 82.715955453,28.518594208 82.720480953,28.521973395 82.7233178280001,28.5221625200001 82.7255985780001,28.523433707 82.727424328,28.52353427 82.7325414530001,28.525689083 82.7372754530001,28.5264640830001 82.73992114,28.5263104580001 82.7443300780001,28.5248827080001 82.7441510150001,28.521725083 82.7447860780001,28.5186764580001 82.7433887650001,28.5151600830001 82.7446019530001,28.5122318950001 82.7470028280001,28.5101447700001 82.750517453,28.508904833 82.753918953,28.505597333 82.7551668280001,28.5050628330001 82.7593632030001,28.5059697070001 82.7656328910001,28.5016322710001 82.7691527650001,28.5006670830001 82.774017078,28.5000906450001 82.7780472650001,28.5000953950001 82.7823024530001,28.4991360830001 82.7857743900001,28.499117208 82.790400328,28.5007225200001 82.792629828,28.5004716450001 82.7953603280001,28.498294082 82.7973809530001,28.4982149580001 82.8001702030001,28.496673958 82.8021932650001,28.496405333 82.8035618900001,28.4950615820001 82.807664141,28.493299645 82.8115580780001,28.4928554580001 82.8124907650001,28.4901136460001 82.8144627660001,28.488603583 82.8168155160001,28.4876314570001 82.81984764,28.4873893330001 82.8220468900001,28.4867000830001 82.8261348280001,28.484213271 82.8282232030001,28.4838116450001 82.8303941400001,28.4817683960001 82.831596516,28.479849895 82.8348802030001,28.478102646 82.8372658910001,28.477874958 82.8433152650001,28.4783483950001 82.8459673280001,28.4793071450001 82.8493281400001,28.478248271 82.851391391,28.4780558950001 82.853531016,28.4787439570001 82.8553878910001,28.4777669580001 82.8578253910001,28.4782454580001 82.8596308900001,28.4778003960001 82.8631593910001,28.4783826450001 82.8652687030001,28.4793748330001 82.869641641,28.4792578330001 82.871192578,28.47862102 82.8731546400001,28.4776446450001 82.876039953,28.477366207 82.87920339,28.4762914570001 82.881247827,28.4762090200001 82.8849625780001,28.478396208 82.8887223280001,28.479527895 82.8907823280001,28.478759645 82.8934449530001,28.47893702 82.895691265,28.4784770200001 82.8996929530001,28.47636177 82.9024592660001,28.47560127 82.9059013900001,28.4753312080001 82.9084711410001,28.475618082 82.9137565780001,28.4782615830001 82.9135267030001,28.4807615830001 82.9113673910001,28.482199458 82.907621641,28.483518458 82.9027079530001,28.488870707 82.90073089,28.4898518950001 82.896271578,28.494122395 82.894349203,28.496423645 82.8920182030001,28.5004293330001 82.8906766410001,28.504165583 82.89033464,28.506490958 82.889029453,28.507109708 82.8833672650001,28.5118255830001 82.8812722650001,28.512940896 82.8792927650001,28.515297833 82.8768270790001,28.516642333 82.8741370160001,28.5162590830001 82.8710046410001,28.51439227 82.8654112030001,28.51447877 82.864586891,28.520026021 82.8619103280001,28.5210593950001 82.8582336410001,28.520491645 82.8555238900001,28.5225872070001 82.853226453,28.523474708 82.850135891,28.525776707 82.8477987040001,28.524908645 82.8441153910001,28.525360145 82.842866578,28.5264775210001 82.8413769530001,28.529537395 82.8368125160001,28.5332409580001 82.8352400150001,28.5334237700001 82.8315243280001,28.5327240830001 82.8287088280001,28.5317614580001 82.8253793280001,28.532134145 82.8229204530001,28.534722958 82.8206665160001,28.5349583330001 82.8158959530001,28.5370757700001 82.814019204,28.5386994580001 82.8146622660001,28.541132458 82.8127304530001,28.541420083 82.810987765,28.5426997700001 82.8093407650001,28.5483815200001 82.802845265,28.5517804570001 82.8006585150001,28.551966458 82.7987458910001,28.553045895 82.7936597030001,28.553348208 82.789988453,28.552083833 82.7876208280001,28.5519183330001 82.78563489,28.5530037080001 82.784770703,28.5546134580001 82.78482639,28.5569104580001 82.781934516,28.5579380820001 82.7806418280001,28.5593318950001 82.778565078,28.56391977 82.775671641,28.5659194570001 82.773276266,28.5662182080001 82.7701623280001,28.568100771 82.7694832650001,28.569139083 82.7673015780001,28.5698208330001 82.7635362030001,28.5700008950001 82.7622164530001,28.57091602 82.761896828,28.572647896 82.7602651400001,28.573846771 82.759180078,28.5759053950001 82.755958891,28.576455708 82.7535097030001,28.578508583 82.7504965150001,28.578916271 82.7465377650001,28.58435702 82.7432903280001,28.5879747700001 82.7397280150001,28.5897960200001 82.7347353280001,28.589602895 82.7325914530001,28.587746645 82.7287442030001,28.58604352 82.72600464,28.583761958 82.7214220160001,28.583533833 82.7163135160001,28.587640896 82.7185083900001,28.5928298330001 82.7181198900001,28.5992238330001 82.714023953,28.5994579580001 82.7109267650001,28.599227833 82.708271203,28.5995950830001 82.707925641,28.604676458 82.7023882030001,28.6055146460001 82.6992105780001,28.607137708 82.6992817030001,28.6105470200001 82.698884015,28.613590833 82.6992863900001,28.616545333 82.6960958280001,28.6188923330001 82.6933277030001,28.6217780210001 82.690219078,28.62185852 82.6884780770001,28.6227169580001 82.684840453,28.6234396450001 82.6832596410001,28.624933458 82.6788194530001,28.626002396 82.6748150160001,28.6258662700001 82.671242078,28.62679002 82.6685777020001,28.625333708 82.6663385150001,28.625185333 82.662487265,28.629553021 82.6621435150001,28.6317107080001 82.6629140780001,28.634132021 82.6648628280001,28.636835708 82.6647243900001,28.6384043960001 82.6629209530001,28.6403491460001 82.6563302650001,28.645959583 82.655684265,28.6470607700001 82.6558351410001,28.6514249580001 82.6555318280001,28.6558772710001</coordinates></LinearRing></outerBoundaryIs></Polygon>
  </Placemark>
  <Placemark id="lumbini.111">
	<name>5</name>
	<description>RUKUM_E</description>
	<Style><LineStyle><color>ff0000ff</color></LineStyle><PolyStyle><fill>0</fill></PolyStyle></Style>
	<ExtendedData><SchemaData schemaUrl="#lumbini">
		<SimpleData name="STATE_CODE">0</SimpleData>
		<SimpleData name="DISTRICT">Gaunpalika</SimpleData>
		<SimpleData name="GaPa_NaPa">5</SimpleData>
	</SchemaData></ExtendedData>
      <Polygon><outerBoundaryIs><LinearRing><coordinates>82.9764866400001,28.626012271 82.974757078,28.62707077 82.976169515,28.6299713330001 82.9788812030001,28.63403677 82.982507953,28.6383390830001 82.9782845780001,28.6415446450001 82.9772185160001,28.6433864580001 82.974978078,28.6447547080001 82.973125828,28.6465905210001 82.9691911400001,28.647023146 82.9658977660001,28.6488478950001 82.959722141,28.650648271 82.9584952650001,28.6506388330001 82.9579888900001,28.6533555830001 82.9559773280001,28.655934458 82.9572767650001,28.6584102080001 82.956062703,28.6621637700001 82.9568965780001,28.6671017080001 82.9558345780001,28.670337583 82.9562475160001,28.67319452 82.9595433910001,28.6747133330001 82.9630496410001,28.6772713330001 82.9655831410001,28.6815071450001 82.9675954530001,28.6826256460001 82.9647435780001,28.688313646 82.9631069530001,28.690117145 82.9585342660001,28.691185208 82.9563073910001,28.6931148950001 82.9585474530001,28.697285333 82.9579077650001,28.6987061460001 82.953254578,28.700423146 82.951934765,28.699959458 82.9486937660001,28.700256896 82.942704516,28.7030662700001 82.9407164530001,28.7031792700001 82.939005578,28.704984145 82.939878203,28.7060287080001 82.9381692650001,28.707637333 82.9355778280001,28.70917352 82.931387016,28.708750208 82.928288454,28.7095062710001 82.924549266,28.711680646 82.9216785790001,28.7117231460001 82.9220810150001,28.7155547080001 82.9207282030001,28.718269021 82.9222418910001,28.72139652 82.922369765,28.723278958 82.9204522030001,28.723651708 82.9156746410001,28.7265326450001 82.9161685780001,28.72861427 82.9139418280001,28.730412395 82.9133848280001,28.734430208 82.9122640160001,28.7360432080001 82.910191953,28.737064208 82.9081377030001,28.7364002080001 82.905014328,28.7323527080001 82.9008346410001,28.730825333 82.899083078,28.729383146 82.897096891,28.7292383330001 82.892233703,28.729717458 82.8909025150001,28.730290833 82.887777203,28.7300057080001 82.883941328,28.7307523330001 82.877908453,28.7304430200001 82.878261265,28.7249957080001 82.8775529530001,28.7223933330001 82.878298703,28.7214926460001 82.8758886400001,28.71971977 82.873529954,28.72002502 82.872220703,28.7185861450001 82.8735618910001,28.717040771 82.8740286410001,28.7147097700001 82.873305891,28.7134697710001 82.870964078,28.7122185210001 82.8669528280001,28.712250458 82.8673766410001,28.710555271 82.865561078,28.710111458 82.86306489,28.711049271 82.8606071410001,28.7137537080001 82.858978203,28.714649083 82.855324141,28.719028458 82.8525350150001,28.718291896 82.848472578,28.719620021 82.8456524530001,28.7217367710001 82.8394970150001,28.722593208 82.8335361410001,28.7158577700001 82.8263557660001,28.7096326450001 82.82490089,28.708128833 82.8239703900001,28.7057837080001 82.8258447650001,28.702686833 82.8255668900001,28.701191083 82.8234425780001,28.700328896 82.8218820160001,28.701677895 82.8138846400001,28.706085896 82.813008203,28.705493958 82.8099192660001,28.705335958 82.8060470780001,28.7028362080001 82.8062853900001,28.70128177 82.802231141,28.7018955830001 82.7981331410001,28.7030909580001 82.7966614530001,28.703077895 82.7940916410001,28.704203208 82.7921837660001,28.7088535830001 82.793412141,28.711826521 82.7954550150001,28.713347083 82.7944703910001,28.715413708 82.794008391,28.718125646 82.7962172650001,28.718231083 82.7964533910001,28.7218583330001 82.7930965780001,28.725769396 82.78890814,28.7280013330001 82.7849373910001,28.730537396 82.7800077030001,28.7318555210001 82.7775913280001,28.73350752 82.7742203280001,28.7348575830001 82.770932391,28.735558645 82.7696875780001,28.7374715830001 82.7681332650001,28.7386168960001 82.7692327650001,28.741904646 82.7686381410001,28.74423627 82.7681135160001,28.750060583 82.7672042660001,28.75225627 82.768231266,28.7537138330001 82.7677071410001,28.758344833 82.7691204530001,28.761141395 82.7690997030001,28.7634286460001 82.7705355150001,28.7643124580001 82.7727027660001,28.7698657080001 82.7788760160001,28.7708352710001 82.7827514530001,28.772796708 82.7846058280001,28.7725788330001 82.7859756410001,28.7749011450001 82.785246016,28.7770443950001 82.7835498900001,28.779203771 82.7828113910001,28.7838982710001 82.782137703,28.7854035840001 82.7826980150001,28.7891127080001 82.7786284530001,28.793321458 82.775191578,28.7963108330001 82.7743097030001,28.7985518950001 82.772941766,28.79980727 82.7703313280001,28.8010670830001 82.7670607030001,28.804224708 82.7648593900001,28.8038436460001 82.7627777650001,28.802732771 82.7602799530001,28.802520396 82.7580982650001,28.8016498960001 82.7567430780001,28.8003560830001 82.754348141,28.7995490210001 82.7538281400001,28.7953844580001 82.7500003900001,28.7935287080001 82.748180453,28.791377771 82.7450792650001,28.7889127080001 82.740325328,28.7876480830001 82.7380808280001,28.7850938330001 82.737701578,28.783360083 82.73357889,28.78110852 82.728192703,28.78099252 82.7242870150001,28.7803782080001 82.7215282660001,28.779463333 82.7209849530001,28.7765639580001 82.719118703,28.7728896460001 82.7165985780001,28.770621208 82.7115509530001,28.765217896 82.7091502660001,28.765100208 82.7072805160001,28.766203395 82.704328516,28.766527083 82.70095439,28.765592333 82.698653203,28.7634181450001 82.6957254530001,28.762043208 82.692579202,28.7590532080001 82.6894264530001,28.7571119580001 82.6876980150001,28.7569914580001 82.6861248280001,28.7557445200001 82.684822953,28.752970771 82.677590953,28.7528933950001 82.6768855160001,28.7506983960001 82.6793782650001,28.749497895 82.6817172030001,28.7465498330001 82.68034514,28.7436738330001 82.680928953,28.742384708 82.6804502030001,28.740205458 82.6836572030001,28.7381252700001 82.6861886410001,28.7376581450001 82.6865605780001,28.7349368330001 82.6887482650001,28.733169146 82.6910303280001,28.7297240830001 82.6913426410001,28.7267133330001 82.690918266,28.7250872700001 82.6916742650001,28.7199220210001 82.6901327030001,28.7179175210001 82.691691641,28.7150541460001 82.6933261400001,28.710242583 82.6964790160001,28.706293708 82.697678453,28.7043065830001 82.6992250150001,28.6996902710001 82.7012686410001,28.697521771 82.704282703,28.6953850830001 82.703825828,28.6930910200001 82.7067416410001,28.6928978330001 82.70835064,28.6909145830001 82.7075796410001,28.689321396 82.7052531410001,28.689120895 82.7019590150001,28.687476458 82.7016825150001,28.6859849580001 82.7001408900001,28.684039145 82.6997063900001,28.681704708 82.697922953,28.6775233330001 82.697527515,28.67549602 82.6949594530001,28.674451646 82.693975578,28.675222708 82.6888560150001,28.677025208 82.6834144530001,28.677529583 82.680979203,28.6762764580001 82.67936989,28.6746727080001 82.6774247660001,28.674933396 82.674689266,28.6736185830001 82.672423828,28.6737227080001 82.6677236410001,28.671393645 82.6659540780001,28.669156521 82.6650327030001,28.6654388330001 82.665647015,28.6637643330001 82.6641937650001,28.659917396 82.6617558280001,28.659081208 82.6588418900001,28.65726127 82.6555318280001,28.6558772710001 82.6558351410001,28.6514249580001 82.655684265,28.6470607700001 82.6563302650001,28.645959583 82.6629209530001,28.6403491460001 82.6647243900001,28.6384043960001 82.6648628280001,28.636835708 82.6629140780001,28.634132021 82.6621435150001,28.6317107080001 82.662487265,28.629553021 82.6663385150001,28.625185333 82.6685777020001,28.625333708 82.671242078,28.62679002 82.6748150160001,28.6258662700001 82.6788194530001,28.626002396 82.6832596410001,28.624933458 82.684840453,28.6234396450001 82.6884780770001,28.6227169580001 82.690219078,28.62185852 82.6933277030001,28.6217780210001 82.6960958280001,28.6188923330001 82.6992863900001,28.616545333 82.698884015,28.613590833 82.6992817030001,28.6105470200001 82.6992105780001,28.607137708 82.7023882030001,28.6055146460001 82.707925641,28.604676458 82.708271203,28.5995950830001 82.7109267650001,28.599227833 82.714023953,28.5994579580001 82.7181198900001,28.5992238330001 82.7185083900001,28.5928298330001 82.7163135160001,28.587640896 82.7214220160001,28.583533833 82.72600464,28.583761958 82.7287442030001,28.58604352 82.7325914530001,28.587746645 82.7347353280001,28.589602895 82.7397280150001,28.5897960200001 82.7432903280001,28.5879747700001 82.7465377650001,28.58435702 82.7504965150001,28.578916271 82.7535097030001,28.578508583 82.755958891,28.576455708 82.759180078,28.5759053950001 82.7602651400001,28.573846771 82.761896828,28.572647896 82.7622164530001,28.57091602 82.7635362030001,28.5700008950001 82.7673015780001,28.5698208330001 82.7694832650001,28.569139083 82.7701623280001,28.568100771 82.773276266,28.5662182080001 82.775671641,28.5659194570001 82.778565078,28.56391977 82.7806418280001,28.5593318950001 82.781934516,28.5579380820001 82.78482639,28.5569104580001 82.784770703,28.5546134580001 82.78563489,28.5530037080001 82.7876208280001,28.5519183330001 82.789988453,28.552083833 82.7936597030001,28.553348208 82.7987458910001,28.553045895 82.8006585150001,28.551966458 82.802845265,28.5517804570001 82.8093407650001,28.5483815200001 82.810987765,28.5426997700001 82.8127304530001,28.541420083 82.8146622660001,28.541132458 82.814019204,28.5386994580001 82.8158959530001,28.5370757700001 82.8206665160001,28.5349583330001 82.8229204530001,28.534722958 82.8253793280001,28.532134145 82.8287088280001,28.5317614580001 82.8315243280001,28.5327240830001 82.8352400150001,28.5334237700001 82.8368125160001,28.5332409580001 82.8413769530001,28.529537395 82.842866578,28.5264775210001 82.8441153910001,28.525360145 82.8477987040001,28.524908645 82.850135891,28.525776707 82.853226453,28.523474708 82.8555238900001,28.5225872070001 82.8582336410001,28.520491645 82.8619103280001,28.5210593950001 82.864586891,28.520026021 82.8654112030001,28.51447877 82.8710046410001,28.51439227 82.8741370160001,28.5162590830001 82.8768270790001,28.516642333 82.8792927650001,28.515297833 82.8801227650001,28.5158212700001 82.882713891,28.5150485200001 82.8845746410001,28.5152330830001 82.8896752030001,28.5146792080001 82.893179703,28.514856708 82.8970756410001,28.5154907080001 82.9037123910001,28.5188990830001 82.9083579530001,28.522011333 82.909709266,28.5238360210001 82.9115702030001,28.5240201450001 82.9160111410001,28.527457645 82.913618016,28.529216208 82.9134500160001,28.5307398950001 82.9144508900001,28.53223002 82.9139628290001,28.5352311460001 82.9154623900001,28.5376660200001 82.9143773280001,28.53940577 82.9137935150001,28.542706083 82.915354515,28.546855958 82.91529339,28.5486783960001 82.9167722030001,28.552601957 82.915617641,28.5554352710001 82.917712265,28.55877952 82.9175873900001,28.5623045830001 82.9181882030001,28.5643058950001 82.9201037030001,28.564318896 82.9205875160001,28.565766583 82.9224101400001,28.56690452 82.92574283,28.5675017080001 82.930366516,28.56698777 82.9325211410001,28.5657188330001 82.9359750780001,28.5649044570001 82.938079391,28.5624935210001 82.9425683910001,28.56117727 82.9431205160001,28.559496333 82.9450142030001,28.5580379580001 82.948468828,28.5573765830001 82.9496723280001,28.5561881450001 82.9534743290001,28.5557910210001 82.9556675160001,28.5538362080001 82.9576403900001,28.5512727710001 82.9620096400001,28.5516740200001 82.963427579,28.5502567710001 82.9659376420001,28.549966834 82.9677330160001,28.5475666450001 82.970189078,28.546412145 82.9717768900001,28.544650958 82.975767891,28.5421995830001 82.9769075780001,28.543997145 82.9793168910001,28.5460885210001 82.979132828,28.547386583 82.982155204,28.550301458 82.983581078,28.557177145 82.9846358280001,28.5599012700001 82.9875426410001,28.5639295820001 82.987663453,28.569762208 82.9868948280001,28.57109877 82.9852159540001,28.570912521 82.983822704,28.5718563950001 82.981447329,28.5749247700001 82.9803761410001,28.5754626450001 82.9783860160001,28.5746287700001 82.9745940780001,28.575101021 82.9717777660001,28.5772318950001 82.966004141,28.58106152 82.964244078,28.5817542080001 82.961331516,28.5876493960001 82.958430578,28.591333707 82.9565972030001,28.5929168320001 82.9547649530001,28.599099833 82.9559655150001,28.602418583 82.958949891,28.607950583 82.9584434540001,28.610374146 82.9592878280001,28.611368708 82.9650368910001,28.6131385210001 82.969025516,28.6153030830001 82.974061766,28.620415021 82.9764866400001,28.626012271</coordinates></LinearRing></outerBoundaryIs></Polygon>
  </Placemark>
  <Placemark id="lumbini.112">
	<name>5</name>
	<description>RUKUM_E</description>
	<Style><LineStyle><color>ff0000ff</color></LineStyle><PolyStyle><fill>0</fill></PolyStyle></Style>
	<ExtendedData><SchemaData schemaUrl="#lumbini">
		<SimpleData name="STATE_CODE">0</SimpleData>
		<SimpleData name="DISTRICT">Gaunpalika</SimpleData>
		<SimpleData name="GaPa_NaPa">5</SimpleData>
	</SchemaData></ExtendedData>
      <Polygon><outerBoundaryIs><LinearRing><coordinates>82.6975990780001,28.864622834 82.6944122030001,28.862974583 82.6873645160001,28.861286583 82.6842002660001,28.8578381460001 82.6803992650001,28.854708396 82.675565577,28.852466146 82.6713511410001,28.8523186460001 82.667476015,28.853746646 82.665230578,28.8555380830001 82.6636637650001,28.8579091460001 82.6603845160001,28.8600060210001 82.658521577,28.8625500200001 82.657627516,28.864697646 82.6579957650001,28.866573583 82.655669016,28.867037645 82.650509765,28.86911552 82.646106015,28.867115583 82.6438795780001,28.8648780830001 82.6398907650001,28.8599158960001 82.6386783280001,28.85512827 82.6375753280001,28.8544832700001 82.6318382650001,28.8533040200001 82.6303040780001,28.8503718330001 82.6266443910001,28.8467231450001 82.6264378910001,28.8444292080001 82.628365328,28.8418096450001 82.627967266,28.839098646 82.6255672660001,28.835670334 82.6230012660001,28.832867333 82.6195891400001,28.8284563330001 82.6155935780001,28.8264709580001 82.6158565150001,28.82445927 82.619079453,28.8192837710001 82.6210303280001,28.814859895 82.6220017030001,28.811116333 82.620972577,28.8082093950001 82.616669953,28.807224708 82.6151837030001,28.807279395 82.6143957030001,28.805814083 82.6101028910001,28.803306708 82.6093934530001,28.802148958 82.6072735160001,28.8011390830001 82.6050387660001,28.797985021 82.60221089,28.7959684580001 82.6012103900001,28.7945640830001 82.5981415780001,28.791902083 82.5966615150001,28.7912753960001 82.5935678280001,28.7915070830001 82.591193515,28.7892558950001 82.591462452,28.7859450830001 82.5901002030001,28.784775896 82.58969539,28.7831520830001 82.588208578,28.781489833 82.58335764,28.780615708 82.5813210160001,28.779085271 82.57905514,28.7764041450001 82.5764677650001,28.775752083 82.57359389,28.773761521 82.5716727020001,28.771174208 82.5695030150001,28.7704858330001 82.5692537030001,28.7682590210001 82.567851578,28.766929083 82.563827765,28.7678743330001 82.56598839,28.7656641460001 82.566792578,28.763748521 82.5651773280001,28.7606004580001 82.565614828,28.7585817080001 82.5684566410001,28.7574636460001 82.5689252650001,28.753839145 82.5684367650001,28.749886395 82.5673321400001,28.7473144580001 82.5679318270001,28.7437995830001 82.5696383900001,28.7446680830001 82.5717742030001,28.743646271 82.57481389,28.7409015210001 82.5768640150001,28.7404336450001 82.581311891,28.74111652 82.5835567650001,28.7411062080001 82.5883613280001,28.7399902080001 82.5919603900001,28.7398698960001 82.593836578,28.740437521 82.5964472650001,28.7420933330001 82.5975061400001,28.7437329580001 82.6033242650001,28.7427871450001 82.6043050150001,28.73662102 82.603589952,28.734407521 82.6050921410001,28.7307597080001 82.6051203280001,28.72735827 82.6070665780001,28.717013083 82.6076566400001,28.714774646 82.6131687020001,28.713189083 82.6151187030001,28.7123044580001 82.6172951410001,28.709448396 82.6161787030001,28.703752396 82.6149882030001,28.701040146 82.6155181410001,28.698972396 82.6143482030001,28.695745958 82.616747327,28.693392896 82.617836577,28.6913490200001 82.617810078,28.6896682080001 82.616604265,28.68873552 82.6083295160001,28.687276895 82.606073328,28.6871453950001 82.6041804530001,28.686232708 82.6021122650001,28.6841540200001 82.60167714,28.682340395 82.602928015,28.6766100830001 82.6013490160001,28.6727927700001 82.6017498900001,28.6702704580001 82.60002639,28.668382583 82.5973816410001,28.66739427 82.5943537650001,28.667570396 82.591210953,28.664939083 82.58860939,28.663777333 82.58304889,28.6650433950001 82.5807194530001,28.664477646 82.5767385780001,28.658548271 82.5716627030001,28.65426302 82.568728578,28.6530477700001 82.5663097650001,28.650971708 82.5625918280001,28.6464365210001 82.5577241400001,28.6448959580001 82.555614641,28.6447652700001 82.54956739,28.6461668960001 82.546553703,28.6462090200001 82.544186515,28.6469189580001 82.542743703,28.646425208 82.5406786400001,28.647059396 82.5382513910001,28.65008527 82.53569164,28.64982302 82.5297600150001,28.65465377 82.5270073900001,28.6549667080001 82.5245357650001,28.657150458 82.5234403900001,28.659256645 82.519161577,28.661082208 82.5168805160001,28.659654146 82.5147292030001,28.6593914580001 82.510407452,28.6613312710001 82.5080200150001,28.6616613960001 82.506515016,28.6626192700001 82.503291516,28.6676342700001 82.5026872650001,28.664329708 82.501715828,28.662340708 82.500379577,28.661615333 82.496201828,28.662397583 82.4918232030001,28.659190833 82.4913540150001,28.6554943960001 82.4929338900001,28.65323927 82.492753453,28.6510193330001 82.49048514,28.6469998330001 82.4886472030001,28.641973895 82.4877035160001,28.6405180830001 82.49096739,28.6396024580001 82.4962202030001,28.6361789580001 82.499585203,28.634968771 82.50100389,28.6338180830001 82.507972828,28.63094002 82.510377953,28.6276076460001 82.5126374530001,28.6273369580001 82.5168520780001,28.6253033950001 82.5203045150001,28.6244410200001 82.526377515,28.6247914580001 82.5300377030001,28.6245627700001 82.5358487650001,28.6234075830001 82.5393337020001,28.6221683950001 82.5419787650001,28.620626895 82.545216828,28.622425708 82.5450520780001,28.624871458 82.545972578,28.626467083 82.5484915150001,28.627170833 82.550277453,28.626747833 82.5512445150001,28.6254475210001 82.548165016,28.6205421450001 82.547791203,28.618235021 82.5531735160001,28.615614958 82.5553289530001,28.6153582700001 82.5563390770001,28.6142840200001 82.5608995150001,28.610998458 82.5631383900001,28.6099574580001 82.567279828,28.610321646 82.5699293900001,28.609487895 82.5767305780001,28.61189877 82.5796508270001,28.6144242080001 82.5825111410001,28.612311146 82.58221589,28.6081890200001 82.580598265,28.602070208 82.582918266,28.5996920210001 82.5823949530001,28.598091708 82.583105641,28.5918460830001 82.581049453,28.589699646 82.582339953,28.588835583 82.582894266,28.5870953960001 82.581918203,28.5854587700001 82.578895828,28.5835458330001 82.577021265,28.5795063960001 82.5745382650001,28.57850577 82.568760141,28.577673458 82.56198464,28.579670333 82.5587954530001,28.579514708 82.555854765,28.5815136460001 82.553257703,28.5793091460001 82.549042828,28.5766361460001 82.5460935770001,28.572907333 82.5489695150001,28.5708312080001 82.5532965150001,28.570333771 82.5583239520001,28.5678472710001 82.566136015,28.5664750830001 82.568649641,28.56559027 82.5777715150001,28.568214895 82.5858253910001,28.566110957 82.588240516,28.5642885830001 82.5891882650001,28.561291458 82.5931290780001,28.559674333 82.592948328,28.5616937070001 82.5946200160001,28.564602958 82.596650578,28.5665008330001 82.5980717030001,28.5704970200001 82.5997300780001,28.5712517700001 82.599033078,28.5730853330001 82.6004192650001,28.5749268330001 82.601304515,28.5790978950001 82.6031868910001,28.5812625830001 82.6037114530001,28.5826891450001 82.6152090780001,28.580463207 82.6180643910001,28.5802960830001 82.6200977030001,28.5792204580001 82.625671765,28.578146895 82.6301044530001,28.580517458 82.631322578,28.5821945210001 82.6357487650001,28.58481527 82.6346517650001,28.5859479580001 82.6342187650001,28.588352833 82.633004203,28.5899985830001 82.6316928910001,28.594476646 82.6295070780001,28.596281833 82.6309405150001,28.5989582080001 82.6329713910001,28.6007833960001 82.6342943280001,28.603611958 82.6364276410001,28.6057065210001 82.6376649530001,28.609662083 82.6378439520001,28.6127047700001 82.6389802030001,28.6140741460001 82.638916577,28.6163067700001 82.635540328,28.620734833 82.6358626400001,28.621904333 82.6340212650001,28.6236768950001 82.633802453,28.625001146 82.6313678910001,28.625486396 82.6300781400001,28.6275915200001 82.6274106400001,28.6296398960001 82.62309414,28.630119458 82.6214900780001,28.6319664580001 82.6270109530001,28.6336308960001 82.6346004530001,28.6333511450001 82.6388983900001,28.633944833 82.6409373280001,28.6355014580001 82.6409690780001,28.6383689580001 82.638891453,28.641115895 82.640071203,28.6436746460001 82.6421018280001,28.645671083 82.646059203,28.6471387080001 82.6473898900001,28.648439958 82.6464852660001,28.650625833 82.64512439,28.6562698330001 82.6455166410001,28.657117333 82.648176015,28.657651521 82.651198391,28.6572530830001 82.6538183910001,28.6575949580001 82.6555318280001,28.6558772710001 82.6588418900001,28.65726127 82.6617558280001,28.659081208 82.6641937650001,28.659917396 82.665647015,28.6637643330001 82.6650327030001,28.6654388330001 82.6659540780001,28.669156521 82.6677236410001,28.671393645 82.672423828,28.6737227080001 82.674689266,28.6736185830001 82.6774247660001,28.674933396 82.67936989,28.6746727080001 82.680979203,28.6762764580001 82.6834144530001,28.677529583 82.6888560150001,28.677025208 82.693975578,28.675222708 82.6949594530001,28.674451646 82.697527515,28.67549602 82.697922953,28.6775233330001 82.6997063900001,28.681704708 82.7001408900001,28.684039145 82.7016825150001,28.6859849580001 82.7019590150001,28.687476458 82.7052531410001,28.689120895 82.7075796410001,28.689321396 82.70835064,28.6909145830001 82.7067416410001,28.6928978330001 82.703825828,28.6930910200001 82.704282703,28.6953850830001 82.7012686410001,28.697521771 82.6992250150001,28.6996902710001 82.697678453,28.7043065830001 82.6964790160001,28.706293708 82.6933261400001,28.710242583 82.691691641,28.7150541460001 82.6901327030001,28.7179175210001 82.6916742650001,28.7199220210001 82.690918266,28.7250872700001 82.6913426410001,28.7267133330001 82.6910303280001,28.7297240830001 82.6887482650001,28.733169146 82.6865605780001,28.7349368330001 82.6861886410001,28.7376581450001 82.6836572030001,28.7381252700001 82.6804502030001,28.740205458 82.680928953,28.742384708 82.68034514,28.7436738330001 82.6817172030001,28.7465498330001 82.6793782650001,28.749497895 82.6768855160001,28.7506983960001 82.677590953,28.7528933950001 82.684822953,28.752970771 82.6861248280001,28.7557445200001 82.6876980150001,28.7569914580001 82.6894264530001,28.7571119580001 82.692579202,28.7590532080001 82.6957254530001,28.762043208 82.698653203,28.7634181450001 82.70095439,28.765592333 82.704328516,28.766527083 82.7072805160001,28.766203395 82.7091502660001,28.765100208 82.7115509530001,28.765217896 82.7165985780001,28.770621208 82.719118703,28.7728896460001 82.7209849530001,28.7765639580001 82.7215282660001,28.779463333 82.7242870150001,28.7803782080001 82.728192703,28.78099252 82.73357889,28.78110852 82.737701578,28.783360083 82.7380808280001,28.7850938330001 82.740325328,28.7876480830001 82.7450792650001,28.7889127080001 82.748180453,28.791377771 82.7500003900001,28.7935287080001 82.7538281400001,28.7953844580001 82.754348141,28.7995490210001 82.7567430780001,28.8003560830001 82.7580982650001,28.8016498960001 82.7602799530001,28.802520396 82.7627777650001,28.802732771 82.7648593900001,28.8038436460001 82.7670607030001,28.804224708 82.7677648280001,28.8084856460001 82.7655238280001,28.813554271 82.762074328,28.8160108330001 82.761360703,28.819737645 82.7587428900001,28.8210219580001 82.7566814530001,28.8255236460001 82.755019953,28.827669395 82.751343391,28.8303852080001 82.7485957660001,28.8354510200001 82.74839389,28.8370937710001 82.745641328,28.8407541460001 82.7450995780001,28.844157583 82.7437145160001,28.845748583 82.740251765,28.8459553960001 82.7380430150001,28.8478995200001 82.731102578,28.8476336460001 82.7283423280001,28.8462451450001 82.72645464,28.8479507710001 82.7256598910001,28.8496666460001 82.7211062650001,28.8497047710001 82.7140412030001,28.8514399580001 82.7100758280001,28.8539691450001 82.706608203,28.854545021 82.7041458900001,28.857760646 82.7021588280001,28.859376958 82.7018113280001,28.8609752080001 82.6989099530001,28.8628398330001 82.6975990780001,28.864622834</coordinates></LinearRing></outerBoundaryIs></Polygon>
  </Placemark>
  <Placemark id="lumbini.113">
	<name>5</name>
	<description>RUKUM_E</description>
	<Style><LineStyle><color>ff0000ff</color></LineStyle><PolyStyle><fill>0</fill></PolyStyle></Style>
	<ExtendedData><SchemaData schemaUrl="#lumbini">
		<SimpleData name="STATE_CODE">0</SimpleData>
		<SimpleData name="DISTRICT">Hunting Reserve</SimpleData>
		<SimpleData name="GaPa_NaPa">5</SimpleData>
	</SchemaData></ExtendedData>
      <Polygon><outerBoundaryIs><LinearRing><coordinates>82.948881016,28.8289151450001 82.9454297650001,28.827268458 82.9429765790001,28.82706877 82.9392174530001,28.8278852710001 82.9377513900001,28.8272917080001 82.9321647030001,28.8269701460001 82.9279795780001,28.8274760830001 82.925854079,28.8287066450001 82.919523891,28.8313270830001 82.9122602030001,28.8309483950001 82.9107235160001,28.8317007090001 82.9068272660001,28.832242271 82.9057162030001,28.829469771 82.9023657660001,28.828808646 82.9000568280001,28.8253699580001 82.8975957650001,28.8247453330001 82.8943085160001,28.826615583 82.8900764530001,28.8257371460001 82.8859475150001,28.826912271 82.8815196400001,28.830329271 82.878798266,28.8309000840001 82.875111078,28.831072395 82.8701795160001,28.833999895 82.867509016,28.8336707080001 82.8659222030001,28.8318098330001 82.859512953,28.8324505840001 82.85653639,28.832118646 82.8529188900001,28.8290041450001 82.8490503900001,28.8268935830001 82.8447457660001,28.826434958 82.8428145780001,28.8271538330001 82.841708016,28.8292264580001 82.8386750160001,28.8312847710001 82.836830579,28.831444833 82.834726016,28.830118333 82.8308328900001,28.830576395 82.824753141,28.830473958 82.8222068910001,28.8298268950001 82.81905964,28.83122502 82.8159045780001,28.828628021 82.8111860160001,28.826175021 82.8084967660001,28.825109083 82.806241641,28.8230769580001 82.8046845160001,28.8228760210001 82.8012890780001,28.8205809580001 82.7987571400001,28.821451708 82.795293266,28.819798958 82.7938475780001,28.8210808960001 82.789275328,28.8216918950001 82.7851065780001,28.823984646 82.7834128280001,28.8240212700001 82.7802125160001,28.819501083 82.7774208910001,28.817977958 82.7729692030001,28.8144320210001 82.769402266,28.8096735830001 82.7677648280001,28.8084856460001 82.7670607030001,28.804224708 82.7703313280001,28.8010670830001 82.772941766,28.79980727 82.7743097030001,28.7985518950001 82.775191578,28.7963108330001 82.7786284530001,28.793321458 82.7826980150001,28.7891127080001 82.782137703,28.7854035840001 82.7828113910001,28.7838982710001 82.7835498900001,28.779203771 82.785246016,28.7770443950001 82.7859756410001,28.7749011450001 82.7846058280001,28.7725788330001 82.7827514530001,28.772796708 82.7788760160001,28.7708352710001 82.7727027660001,28.7698657080001 82.7705355150001,28.7643124580001 82.7690997030001,28.7634286460001 82.7691204530001,28.761141395 82.7677071410001,28.758344833 82.768231266,28.7537138330001 82.7672042660001,28.75225627 82.7681135160001,28.750060583 82.7686381410001,28.74423627 82.7692327650001,28.741904646 82.7681332650001,28.7386168960001 82.7696875780001,28.7374715830001 82.770932391,28.735558645 82.7742203280001,28.7348575830001 82.7775913280001,28.73350752 82.7800077030001,28.7318555210001 82.7849373910001,28.730537396 82.78890814,28.7280013330001 82.7930965780001,28.725769396 82.7964533910001,28.7218583330001 82.7962172650001,28.718231083 82.794008391,28.718125646 82.7944703910001,28.715413708 82.7954550150001,28.713347083 82.793412141,28.711826521 82.7921837660001,28.7088535830001 82.7940916410001,28.704203208 82.7966614530001,28.703077895 82.7981331410001,28.7030909580001 82.802231141,28.7018955830001 82.8062853900001,28.70128177 82.8060470780001,28.7028362080001 82.8099192660001,28.705335958 82.813008203,28.705493958 82.8138846400001,28.706085896 82.8218820160001,28.701677895 82.8234425780001,28.700328896 82.8255668900001,28.701191083 82.8258447650001,28.702686833 82.8239703900001,28.7057837080001 82.82490089,28.708128833 82.8263557660001,28.7096326450001 82.8335361410001,28.7158577700001 82.8394970150001,28.722593208 82.8456524530001,28.7217367710001 82.848472578,28.719620021 82.8525350150001,28.718291896 82.855324141,28.719028458 82.858978203,28.714649083 82.8606071410001,28.7137537080001 82.86306489,28.711049271 82.865561078,28.710111458 82.8673766410001,28.710555271 82.8669528280001,28.712250458 82.870964078,28.7122185210001 82.873305891,28.7134697710001 82.8740286410001,28.7147097700001 82.8735618910001,28.717040771 82.872220703,28.7185861450001 82.873529954,28.72002502 82.8758886400001,28.71971977 82.878298703,28.7214926460001 82.8775529530001,28.7223933330001 82.878261265,28.7249957080001 82.877908453,28.7304430200001 82.883941328,28.7307523330001 82.887777203,28.7300057080001 82.8909025150001,28.730290833 82.892233703,28.729717458 82.897096891,28.7292383330001 82.899083078,28.729383146 82.9008346410001,28.730825333 82.905014328,28.7323527080001 82.9081377030001,28.7364002080001 82.910191953,28.737064208 82.9122640160001,28.7360432080001 82.9133848280001,28.734430208 82.9139418280001,28.730412395 82.9161685780001,28.72861427 82.9156746410001,28.7265326450001 82.9204522030001,28.723651708 82.922369765,28.723278958 82.9222418910001,28.72139652 82.9207282030001,28.718269021 82.9220810150001,28.7155547080001 82.9216785790001,28.7117231460001 82.924549266,28.711680646 82.928288454,28.7095062710001 82.931387016,28.708750208 82.9355778280001,28.70917352 82.9381692650001,28.707637333 82.939878203,28.7060287080001 82.939005578,28.704984145 82.9407164530001,28.7031792700001 82.942704516,28.7030662700001 82.9486937660001,28.700256896 82.951934765,28.699959458 82.953254578,28.700423146 82.9579077650001,28.6987061460001 82.9585474530001,28.697285333 82.9563073910001,28.6931148950001 82.9585342660001,28.691185208 82.9631069530001,28.690117145 82.9647435780001,28.688313646 82.9675954530001,28.6826256460001 82.9655831410001,28.6815071450001 82.9630496410001,28.6772713330001 82.9595433910001,28.6747133330001 82.9562475160001,28.67319452 82.9558345780001,28.670337583 82.9568965780001,28.6671017080001 82.956062703,28.6621637700001 82.9572767650001,28.6584102080001 82.9559773280001,28.655934458 82.9579888900001,28.6533555830001 82.9584952650001,28.6506388330001 82.959722141,28.650648271 82.9658977660001,28.6488478950001 82.9691911400001,28.647023146 82.973125828,28.6465905210001 82.974978078,28.6447547080001 82.9772185160001,28.6433864580001 82.9782845780001,28.6415446450001 82.982507953,28.6383390830001 82.9788812030001,28.63403677 82.976169515,28.6299713330001 82.974757078,28.62707077 82.9764866400001,28.626012271 82.97650989,28.6267749580001 82.978925266,28.628823583 82.982902203,28.629672396 82.984891078,28.630659645 82.987818266,28.6295941450001 82.992325328,28.625715895 82.9957560780001,28.626722708 82.9964927030001,28.625399396 82.998601078,28.625146521 83.0000000150001,28.6234377700001 83.004743078,28.6236328950001 83.0078046400001,28.622576958 83.009688704,28.623398395 83.0119469530001,28.623414833 83.0156235790001,28.6218263330001 83.0210878280001,28.6215974580001 83.023516891,28.622907583 83.025201828,28.625505145 83.0267201410001,28.6263236450001 83.0295280780001,28.626289645 83.0317309530001,28.625657958 83.0374994540001,28.6255930200001 83.043079203,28.6294541460001 83.0447847660001,28.629842958 83.049564828,28.6277243330001 83.052970391,28.625701958 83.0555630150001,28.6224353330001 83.0586357660001,28.6200315200001 83.059490828,28.6199855830001 83.0658818910001,28.6219135210001 83.069225891,28.6233375210001 83.0723700780001,28.6232507710001 83.0767605780001,28.623657458 83.0828482030001,28.6254765830001 83.0843632660001,28.626725333 83.086281516,28.6307223950001 83.0923017650001,28.633348208 83.0991899530001,28.635129083 83.109383828,28.632089895 83.1167632030001,28.630705645 83.1180564540001,28.6338431450001 83.1181105780001,28.6370831460001 83.117117953,28.642515895 83.1186404540001,28.645932395 83.1206712030001,28.6479849580001 83.1210676410001,28.64955552 83.1251663290001,28.653929396 83.1264019530001,28.6585238330001 83.126099766,28.660346958 83.126986828,28.6638788330001 83.1259343290001,28.6656023960001 83.1240097660001,28.6664088960001 83.1235872030001,28.66785227 83.1211811410001,28.668917333 83.120434704,28.670579645 83.1209169530001,28.6731726450001 83.122145453,28.675290021 83.1247037040001,28.6765969580001 83.1265671410001,28.675122333 83.1294934530001,28.6739567710001 83.132598891,28.6740173330001 83.1368173910001,28.6735840200001 83.1382685790001,28.6749062700001 83.1403344540001,28.674964521 83.1428750160001,28.677599833 83.1482642660001,28.6813698330001 83.146355891,28.68584502 83.1461420160001,28.6878063950001 83.1443835160001,28.689638395 83.1459375160001,28.6937383960001 83.1506280780001,28.6947785830001 83.1519077660001,28.695846895 83.153073578,28.6995856460001 83.1545157030001,28.700988895 83.1519635160001,28.704444896 83.152634703,28.7072465200001 83.152310141,28.709737395 83.1530829540001,28.7109288950001 83.1524756410001,28.7129351450001 83.150719516,28.714467271 83.148863141,28.7173545200001 83.147350578,28.720751583 83.1478793910001,28.722880021 83.146393829,28.72487177 83.1462398290001,28.7265040830001 83.148077453,28.7304185830001 83.147660391,28.731462708 83.1455707040001,28.732419646 83.1446378910001,28.7340109580001 83.1451097660001,28.7367278950001 83.1444978280001,28.7400876450001 83.1456680780001,28.7450740830001 83.1474121300001,28.747027464 83.143513516,28.746253833 83.1397522660001,28.7477053330001 83.1343498910001,28.74792352 83.132172015,28.746486083 83.129665828,28.7458269580001 83.1269927660001,28.745886458 83.1234059540001,28.7453917710001 83.121398953,28.744291333 83.117013016,28.7430918960001 83.1154222660001,28.7436026460001 83.1145337040001,28.746673958 83.112707266,28.7480584580001 83.110061391,28.7491780830001 83.104517204,28.7535090210001 83.104701391,28.7560752700001 83.104317328,28.7599394580001 83.1007723910001,28.7648970830001 83.1001846410001,28.7665174580001 83.0971236410001,28.767600208 83.0933321410001,28.7719762080001 83.0893491410001,28.7753017700001 83.086870391,28.777879333 83.0837382650001,28.779389958 83.0824607650001,28.781224395 83.0812407660001,28.7860550830001 83.077634453,28.7850627080001 83.0727190160001,28.782222645 83.0710605780001,28.7801651450001 83.0672416400001,28.783725771 83.0599387030001,28.785691958 83.054423704,28.7857413950001 83.050064703,28.786737271 83.047588766,28.7864401460001 83.0444687030001,28.788364958 83.0405368290001,28.791321646 83.0380569530001,28.792666646 83.033880078,28.793166958 83.0274548290001,28.7922635830001 83.0247787650001,28.790687646 83.0221358910001,28.792159708 83.0142966400001,28.7988592080001 83.010572515,28.7997546460001 83.0076790780001,28.799410833 83.0016748910001,28.8022473950001 82.9993437030001,28.8037957080001 82.997134203,28.803537958 82.9926913910001,28.801600895 82.9888607030001,28.802463333 82.9833825160001,28.800518208 82.9798902030001,28.801845396 82.9776813290001,28.8034980830001 82.9770623910001,28.8072358960001 82.97571064,28.8092040830001 82.9720145780001,28.811477021 82.9701230780001,28.815660833 82.9678376400001,28.816527708 82.967714266,28.8203031460001 82.9618546400001,28.819825021 82.958613454,28.820860333 82.9546335780001,28.823356146 82.952842391,28.8235995210001 82.9516108280001,28.8276279580001 82.948881016,28.8289151450001</coordinates></LinearRing></outerBoundaryIs></Polygon>
  </Placemark>
</Folder>
</Document></kml>
