{
"type": "FeatureCollection",
"name": "sudurpashchim",
"crs": { "type": "name", "properties": { "name": "urn:ogc:def:crs:OGC:1.3:CRS84" } },
"features": [
{ "type": "Feature", "properties": { "STATE_CODE": 7, "DISTRICT": "BAJURA", "GaPa_NaPa": "Badimalika", "Type_GN": "Nagarpalika", "Province": "Sudur Pashchim" }, "geometry": { "type": "Polygon", "coordinates": [ [ [ 81.586982264000085, 29.420077271000025 ], [ 81.588768577000053, 29.420854396000038 ], [ 81.591895889000057, 29.424041583000076 ], [ 81.592711451000071, 29.425585459000047 ], [ 81.590919702000065, 29.428338834000044 ], [ 81.592706077000059, 29.431315271000074 ], [ 81.594197327000074, 29.432720771000049 ], [ 81.594052702000056, 29.441410896000036 ], [ 81.593430889000047, 29.444066521000025 ], [ 81.589881640000044, 29.449148834000027 ], [ 81.587379826000074, 29.450766146000035 ], [ 81.585569452000072, 29.452734333000024 ], [ 81.583285765000085, 29.453858709000031 ], [ 81.579714515000035, 29.457382209000059 ], [ 81.576767827000083, 29.46335033400004 ], [ 81.576881139000079, 29.464922146000049 ], [ 81.578481077000049, 29.467148459000043 ], [ 81.578328639000063, 29.470609521000029 ], [ 81.576483389000032, 29.477549646000057 ], [ 81.57764613900008, 29.481756272000041 ], [ 81.579354827000031, 29.484683646000065 ], [ 81.580738202000077, 29.489780271000029 ], [ 81.582712014000037, 29.491355208000073 ], [ 81.580342014000053, 29.491751271000055 ], [ 81.576213576000043, 29.494907083000044 ], [ 81.575462452000068, 29.49762858400004 ], [ 81.572008077000078, 29.50000308400007 ], [ 81.570494139000061, 29.502035271000068 ], [ 81.570103264000068, 29.50419577100007 ], [ 81.567185889000029, 29.507314459000042 ], [ 81.56158126400004, 29.50965952100006 ], [ 81.558661827000037, 29.510247022000044 ], [ 81.555390327000055, 29.510023896000064 ], [ 81.550507140000036, 29.512322521000044 ], [ 81.547311577000073, 29.514350209000042 ], [ 81.541726763000042, 29.515140021000036 ], [ 81.542503014000033, 29.518380709000041 ], [ 81.54256395200008, 29.521827334000079 ], [ 81.544711952000057, 29.524484896000047 ], [ 81.545933889000082, 29.527006397000036 ], [ 81.546100889000058, 29.532162521000032 ], [ 81.542148077000036, 29.533926959000041 ], [ 81.542215765000037, 29.531147522000026 ], [ 81.539541264000036, 29.529173271000047 ], [ 81.537494577000075, 29.528958271000079 ], [ 81.535391451000066, 29.52672220900007 ], [ 81.532933014000037, 29.525450771000067 ], [ 81.531301952000035, 29.526030272000071 ], [ 81.527686577000054, 29.525722084000051 ], [ 81.525995515000034, 29.525054333000071 ], [ 81.519020201000046, 29.524824583000054 ], [ 81.511115139000083, 29.522676084000068 ], [ 81.508652576000031, 29.521160584000029 ], [ 81.508146264000061, 29.520086584000069 ], [ 81.510429201000079, 29.519119021000051 ], [ 81.508152765000034, 29.516880958000058 ], [ 81.50659538900004, 29.516061271000069 ], [ 81.500661389000072, 29.514633272000026 ], [ 81.499999952000053, 29.512172397000029 ], [ 81.495223827000075, 29.51237302100003 ], [ 81.494079327000065, 29.513428459000068 ], [ 81.49145788900006, 29.51294864700003 ], [ 81.489419701000031, 29.511600459000078 ], [ 81.482579139000052, 29.512114958000041 ], [ 81.481836827000052, 29.513428271000066 ], [ 81.47809376400005, 29.516024709000078 ], [ 81.476343014000065, 29.518882334000068 ], [ 81.475209576000054, 29.516711771000075 ], [ 81.472828014000072, 29.516090896000037 ], [ 81.465379264000035, 29.515239647000044 ], [ 81.463515326000049, 29.516836521000073 ], [ 81.458341890000042, 29.516655959000047 ], [ 81.458135015000039, 29.518104896000068 ], [ 81.455579826000076, 29.517588084000067 ], [ 81.454261077000069, 29.515675146000035 ], [ 81.455588577000071, 29.51363583400007 ], [ 81.454632514000082, 29.512084834000063 ], [ 81.45222263900007, 29.511134334000076 ], [ 81.45144145200004, 29.509733896000057 ], [ 81.449409327000069, 29.509625708000044 ], [ 81.447902514000077, 29.50729152100007 ], [ 81.445435701000065, 29.506992959000058 ], [ 81.445055452000076, 29.501878021000039 ], [ 81.445411014000058, 29.499582646000079 ], [ 81.444953326000075, 29.497826897000039 ], [ 81.445603764000055, 29.49559595900007 ], [ 81.447332514000038, 29.493334334000053 ], [ 81.444306014000063, 29.490276521000055 ], [ 81.444145264000042, 29.487705396000024 ], [ 81.440820263000035, 29.488451834000045 ], [ 81.439982701000076, 29.48541152100006 ], [ 81.440484513000058, 29.483546521000051 ], [ 81.437604264000072, 29.483059771000057 ], [ 81.438135076000037, 29.480736709000041 ], [ 81.439677326000037, 29.479786459000024 ], [ 81.439577701000076, 29.477900896000051 ], [ 81.438349264000067, 29.476125084000046 ], [ 81.438291638000067, 29.474575521000077 ], [ 81.440583764000053, 29.472966271000075 ], [ 81.442325701000073, 29.466375709000033 ], [ 81.44094920100008, 29.464625209000076 ], [ 81.43410332600007, 29.463957459000028 ], [ 81.429698889000065, 29.465007146000062 ], [ 81.424296451000032, 29.463355146000026 ], [ 81.422775138000077, 29.461401959000057 ], [ 81.419737764000047, 29.458878209000034 ], [ 81.416307763000077, 29.456759458000079 ], [ 81.411443138000038, 29.457751396000049 ], [ 81.409579263000069, 29.45883539600004 ], [ 81.406036202000053, 29.453675833000034 ], [ 81.405135765000068, 29.451192646000038 ], [ 81.404981701000054, 29.447610833000056 ], [ 81.403644014000065, 29.443865646000063 ], [ 81.402639639000085, 29.442605396000033 ], [ 81.402464452000061, 29.440503396000054 ], [ 81.404848952000066, 29.439817209000068 ], [ 81.406645764000075, 29.437989021000078 ], [ 81.407192202000033, 29.435909709000043 ], [ 81.409080764000066, 29.436100209000074 ], [ 81.411849139000083, 29.43446289600007 ], [ 81.413633264000055, 29.429550896000023 ], [ 81.41668807700006, 29.42318883400003 ], [ 81.418181014000083, 29.421835209000051 ], [ 81.418976764000035, 29.419669334000048 ], [ 81.41807495200004, 29.416236459000061 ], [ 81.418729014000064, 29.413306272000057 ], [ 81.417495952000081, 29.410431646000063 ], [ 81.413723452000056, 29.41253464600004 ], [ 81.412494201000072, 29.41280464700003 ], [ 81.413098951000052, 29.415164646000051 ], [ 81.411402577000047, 29.417173084000069 ], [ 81.411908639000046, 29.421121584000048 ], [ 81.409763827000063, 29.422481646000051 ], [ 81.406702452000047, 29.425216146000025 ], [ 81.402754264000066, 29.426423772000078 ], [ 81.401301764000038, 29.428131334000057 ], [ 81.399110514000085, 29.426940084000023 ], [ 81.397134077000032, 29.428112146000046 ], [ 81.393973201000051, 29.426894397000069 ], [ 81.391493389000061, 29.424345834000064 ], [ 81.386495014000047, 29.420809709000025 ], [ 81.384955639000054, 29.418838021000056 ], [ 81.384681827000065, 29.413526208000064 ], [ 81.385893077000048, 29.410504396000078 ], [ 81.388775951000071, 29.408242396000048 ], [ 81.390395889000047, 29.404353021000077 ], [ 81.39325245200007, 29.400169084000026 ], [ 81.395685514000036, 29.397608209000055 ], [ 81.397907889000066, 29.398539959000061 ], [ 81.39928245200008, 29.397753084000044 ], [ 81.403642827000056, 29.397613584000055 ], [ 81.405389514000035, 29.397125583000047 ], [ 81.407054577000054, 29.395568458000071 ], [ 81.407893139000066, 29.393625834000034 ], [ 81.409772076000081, 29.392907209000043 ], [ 81.412582764000035, 29.388950772000044 ], [ 81.41298295100006, 29.38742458400003 ], [ 81.41786445200006, 29.378936271000043 ], [ 81.421839201000068, 29.376205397000035 ], [ 81.422945514000048, 29.374194208000063 ], [ 81.42467988900006, 29.373967583000024 ], [ 81.428516701000035, 29.372534146000078 ], [ 81.431357951000052, 29.370181083000034 ], [ 81.430505452000034, 29.366666959000042 ], [ 81.434602077000079, 29.365385833000062 ], [ 81.437713139000039, 29.361163959000066 ], [ 81.436851576000038, 29.359481646000063 ], [ 81.439815327000076, 29.358501896000064 ], [ 81.440215201000058, 29.356862771000067 ], [ 81.439359702000047, 29.354036646000054 ], [ 81.442547326000067, 29.352025208000043 ], [ 81.443425952000041, 29.350501834000056 ], [ 81.447342764000041, 29.350554209000052 ], [ 81.448347514000034, 29.350079334000043 ], [ 81.452353139000081, 29.349966521000056 ], [ 81.454349076000085, 29.350771896000026 ], [ 81.455704702000048, 29.349438521000025 ], [ 81.462061702000085, 29.34900383300004 ], [ 81.46293376400007, 29.348664708000058 ], [ 81.471723389000033, 29.34907833300008 ], [ 81.474129701000038, 29.347129771000027 ], [ 81.477941702000066, 29.346128083000053 ], [ 81.479606265000029, 29.346920708000027 ], [ 81.480988389000061, 29.346108084000036 ], [ 81.483958202000053, 29.347126021000065 ], [ 81.489829952000036, 29.347185896000042 ], [ 81.490874702000042, 29.348921271000052 ], [ 81.496830076000037, 29.349869271000046 ], [ 81.501140452000072, 29.351281021000034 ], [ 81.503576076000058, 29.35264802100005 ], [ 81.506704765000052, 29.352514333000045 ], [ 81.508562452000035, 29.350652958000069 ], [ 81.511154202000057, 29.349106833000064 ], [ 81.513140952000072, 29.34940814600003 ], [ 81.520416451000074, 29.348231834000046 ], [ 81.524909514000058, 29.35032570900006 ], [ 81.526761265000061, 29.351638084000058 ], [ 81.529209389000073, 29.351495334000049 ], [ 81.532856139000046, 29.350228771000047 ], [ 81.535927952000065, 29.351671521000071 ], [ 81.538462827000046, 29.352358396000056 ], [ 81.539992764000033, 29.354014771000038 ], [ 81.542840702000035, 29.355092771000045 ], [ 81.544308639000064, 29.356562146000044 ], [ 81.546848452000063, 29.357659396000031 ], [ 81.549966014000063, 29.356153208000023 ], [ 81.555764951000072, 29.357764646000078 ], [ 81.558632764000038, 29.358891897000035 ], [ 81.560508576000075, 29.36190689600005 ], [ 81.561389327000086, 29.364955334000058 ], [ 81.562439139000048, 29.370407833000058 ], [ 81.563864514000045, 29.372614834000046 ], [ 81.564788515000032, 29.375403646000052 ], [ 81.56789976400006, 29.381057147000035 ], [ 81.566159577000064, 29.381831459000068 ], [ 81.564356764000081, 29.386192959000027 ], [ 81.56561451400006, 29.388186334000068 ], [ 81.56827757700006, 29.388795334000065 ], [ 81.569967389000055, 29.391215458000033 ], [ 81.573516826000059, 29.394029021000051 ], [ 81.574901952000062, 29.398243772000058 ], [ 81.574972827000067, 29.40122345900005 ], [ 81.572970827000063, 29.402671271000031 ], [ 81.571998701000041, 29.40471014600007 ], [ 81.573170701000038, 29.405575959000032 ], [ 81.573787889000073, 29.407673459000023 ], [ 81.577297764000036, 29.412939209000058 ], [ 81.577869514000042, 29.416419771000051 ], [ 81.579953389000082, 29.418348459000072 ], [ 81.583661264000057, 29.418233021000049 ], [ 81.586982264000085, 29.420077271000025 ] ] ] } },
{ "type": "Feature", "properties": { "STATE_CODE": 7, "DISTRICT": "BAJURA", "GaPa_NaPa": "Budhiganga", "Type_GN": "Nagarpalika", "Province": "Sudur Pashchim" }, "geometry": { "type": "Polygon", "coordinates": [ [ [ 81.384955639000054, 29.418838021000056 ], [ 81.380879826000069, 29.419682146000071 ], [ 81.374219764000031, 29.418013647000066 ], [ 81.367365889000041, 29.418253771000025 ], [ 81.363777514000049, 29.416183709000052 ], [ 81.361866451000083, 29.414063896000073 ], [ 81.357714827000052, 29.411674771000037 ], [ 81.353253702000075, 29.411743146000049 ], [ 81.348460139000053, 29.408581708000042 ], [ 81.344566014000065, 29.405014021000056 ], [ 81.343016139000042, 29.401902646000053 ], [ 81.342946889000075, 29.398925084000041 ], [ 81.34183557700004, 29.395368146000067 ], [ 81.341055264000033, 29.394677583000032 ], [ 81.340951889000053, 29.390326271000049 ], [ 81.337787889000083, 29.394433271000025 ], [ 81.333421077000082, 29.395748146000074 ], [ 81.331977514000073, 29.396658646000049 ], [ 81.326837451000074, 29.396294583000042 ], [ 81.324454639000066, 29.394109959000048 ], [ 81.323948076000079, 29.391550771000027 ], [ 81.321140076000063, 29.385204959000077 ], [ 81.319181951000076, 29.382563521000066 ], [ 81.316818014000035, 29.377592646000039 ], [ 81.316069139000035, 29.375300146000029 ], [ 81.314768764000064, 29.373536896000076 ], [ 81.314538764000076, 29.370146834000025 ], [ 81.315504139000041, 29.369567021000023 ], [ 81.316068014000052, 29.36702327100005 ], [ 81.315488576000064, 29.364520646000074 ], [ 81.313932952000073, 29.364294209000036 ], [ 81.310366826000063, 29.362637709000069 ], [ 81.306759576000047, 29.361400771000035 ], [ 81.303757076000068, 29.361082771000042 ], [ 81.301415201000054, 29.359887959000048 ], [ 81.29766982700005, 29.360239271000069 ], [ 81.294701764000081, 29.361346771000058 ], [ 81.292745326000045, 29.360956271000077 ], [ 81.288415139000051, 29.363763021000068 ], [ 81.287886514000036, 29.364677834000076 ], [ 81.284344702000055, 29.366760834000047 ], [ 81.281971077000037, 29.370842271000072 ], [ 81.279095951000045, 29.372440958000027 ], [ 81.275359952000031, 29.373635333000038 ], [ 81.275301076000062, 29.367041458000074 ], [ 81.275868326000079, 29.363949709000053 ], [ 81.275538576000031, 29.361741896000069 ], [ 81.272762451000062, 29.360093959000039 ], [ 81.271645764000084, 29.358772083000076 ], [ 81.269237389000068, 29.359052208000037 ], [ 81.26792688900008, 29.358441208000045 ], [ 81.264081827000041, 29.351128459000051 ], [ 81.26173076300006, 29.346068584000079 ], [ 81.266794638000079, 29.346640584000056 ], [ 81.268349201000035, 29.347875959000078 ], [ 81.269630764000055, 29.34756208400006 ], [ 81.271592326000075, 29.349297396000054 ], [ 81.27259682600004, 29.348909583000079 ], [ 81.272708014000045, 29.344731396000043 ], [ 81.271600764000084, 29.342527396000037 ], [ 81.268964326000059, 29.34014595900004 ], [ 81.265189202000045, 29.338716521000038 ], [ 81.262720639000065, 29.337214459000052 ], [ 81.260274889000073, 29.337043271000027 ], [ 81.259980951000045, 29.330555833000062 ], [ 81.257167327000047, 29.32786539600005 ], [ 81.254936388000033, 29.328059334000045 ], [ 81.255470451000065, 29.325694021000061 ], [ 81.256477263000079, 29.325502584000049 ], [ 81.259632639000074, 29.321097459000043 ], [ 81.261432952000064, 29.317161896000073 ], [ 81.261917077000078, 29.313682333000031 ], [ 81.265293952000036, 29.31178520800006 ], [ 81.266118701000039, 29.310712021000029 ], [ 81.266110639000033, 29.307605584000044 ], [ 81.269453326000075, 29.306274709000036 ], [ 81.270957076000059, 29.303575834000071 ], [ 81.269821139000044, 29.301786896000067 ], [ 81.271111702000042, 29.301698583000075 ], [ 81.272976951000032, 29.303594271000065 ], [ 81.276853327000083, 29.304590146000066 ], [ 81.278821139000058, 29.306742708000058 ], [ 81.28101726400007, 29.308346583000059 ], [ 81.285095764000062, 29.308572584000046 ], [ 81.28835938800006, 29.309201709000035 ], [ 81.293610326000078, 29.309625708000056 ], [ 81.296823452000069, 29.31033370800003 ], [ 81.296731764000072, 29.313783209000064 ], [ 81.297906639000075, 29.314831833000028 ], [ 81.300557326000046, 29.314803333000043 ], [ 81.30114670200004, 29.31587358400003 ], [ 81.300872951000031, 29.318209084000046 ], [ 81.303245576000052, 29.319006834000049 ], [ 81.303635576000033, 29.321406208000042 ], [ 81.304754889000037, 29.322531583000057 ], [ 81.306343764000076, 29.323780021000061 ], [ 81.309464638000065, 29.327425146000053 ], [ 81.311846389000038, 29.331137334000061 ], [ 81.312413389000085, 29.333236271000033 ], [ 81.31547957600003, 29.335473646000025 ], [ 81.316020264000031, 29.337369584000044 ], [ 81.317962014000045, 29.338738833000036 ], [ 81.318097952000073, 29.341474896000079 ], [ 81.320496951000052, 29.342274521000036 ], [ 81.320985389000043, 29.343656208000027 ], [ 81.324535639000032, 29.345736646000034 ], [ 81.32518020100008, 29.348024771000041 ], [ 81.328705639000077, 29.350136709000026 ], [ 81.331486389000077, 29.350833646000069 ], [ 81.333994326000038, 29.353753271000073 ], [ 81.337008077000064, 29.355187271000034 ], [ 81.338972389000048, 29.355606397000031 ], [ 81.340942702000063, 29.357812146000072 ], [ 81.345415451000065, 29.360938584000053 ], [ 81.349117764000084, 29.36254864600005 ], [ 81.351010451000036, 29.364174646000038 ], [ 81.352753577000044, 29.366861396000047 ], [ 81.356593452000084, 29.371261459000038 ], [ 81.356702139000049, 29.373059083000044 ], [ 81.357884264000063, 29.375625396000032 ], [ 81.359368139000082, 29.376995209000029 ], [ 81.363480014000061, 29.378725646000078 ], [ 81.365218201000062, 29.379871396000055 ], [ 81.369095764000065, 29.380329959000051 ], [ 81.373617014000047, 29.382293521000065 ], [ 81.374619076000045, 29.384244271000057 ], [ 81.376484389000041, 29.385222584000076 ], [ 81.377894201000061, 29.387183459000028 ], [ 81.381413952000059, 29.387274959000024 ], [ 81.383511077000037, 29.388719459000072 ], [ 81.385885451000036, 29.389393896000058 ], [ 81.387394014000051, 29.39048589600003 ], [ 81.390764389000083, 29.391412271000036 ], [ 81.392275639000047, 29.393183208000039 ], [ 81.39503751400008, 29.395097021000026 ], [ 81.395685514000036, 29.397608209000055 ], [ 81.39325245200007, 29.400169084000026 ], [ 81.390395889000047, 29.404353021000077 ], [ 81.388775951000071, 29.408242396000048 ], [ 81.385893077000048, 29.410504396000078 ], [ 81.384681827000065, 29.413526208000064 ], [ 81.384955639000054, 29.418838021000056 ] ] ] } },
{ "type": "Feature", "properties": { "STATE_CODE": 7, "DISTRICT": "BAJURA", "GaPa_NaPa": "Budhinanda", "Type_GN": "Nagarpalika", "Province": "Sudur Pashchim" }, "geometry": { "type": "Polygon", "coordinates": [ [ [ 81.715821764000054, 29.474666958000057 ], [ 81.716709077000075, 29.477935271000035 ], [ 81.716438639000046, 29.48099783400005 ], [ 81.714279826000052, 29.484833021000043 ], [ 81.714873889000046, 29.486359271000026 ], [ 81.717372576000059, 29.489406834000079 ], [ 81.718832639000084, 29.489782458000036 ], [ 81.71826457700007, 29.49195108400005 ], [ 81.717104577000043, 29.492724333000069 ], [ 81.716253139000059, 29.496042647000024 ], [ 81.718018139000037, 29.498327271000051 ], [ 81.716784952000069, 29.500438583000061 ], [ 81.714529264000078, 29.50126952100004 ], [ 81.71493732700003, 29.503561458000036 ], [ 81.714515764000055, 29.505778897000027 ], [ 81.715602640000043, 29.507683709000048 ], [ 81.714682326000059, 29.510578272000032 ], [ 81.71250982600003, 29.513851834000036 ], [ 81.710123890000034, 29.515930896000043 ], [ 81.707505639000033, 29.516890021000052 ], [ 81.70589876400004, 29.515671396000073 ], [ 81.702371889000062, 29.519145896000055 ], [ 81.698174077000033, 29.520627521000051 ], [ 81.696648764000031, 29.524443271000052 ], [ 81.696393765000039, 29.526659772000073 ], [ 81.697652327000071, 29.528974334000054 ], [ 81.697492515000079, 29.532663396000032 ], [ 81.698557515000061, 29.535980521000056 ], [ 81.697077702000058, 29.537432021000029 ], [ 81.694196202000057, 29.538378709000028 ], [ 81.692365452000047, 29.540589897000075 ], [ 81.693310139000062, 29.542263271000024 ], [ 81.69281051400003, 29.544192334000059 ], [ 81.693781952000052, 29.545057959000076 ], [ 81.69305326500006, 29.546591146000026 ], [ 81.691186327000082, 29.54710170900006 ], [ 81.689064952000081, 29.550040709000029 ], [ 81.687171952000085, 29.551209959000062 ], [ 81.685720764000052, 29.552931833000059 ], [ 81.682418140000038, 29.554263959000025 ], [ 81.683613640000033, 29.556035334000057 ], [ 81.68322488900003, 29.562382834000061 ], [ 81.681661827000084, 29.563534521000065 ], [ 81.680395015000045, 29.566340397000033 ], [ 81.677080640000042, 29.565694146000055 ], [ 81.676034890000039, 29.569951584000023 ], [ 81.671179951000056, 29.57234027100003 ], [ 81.666959701000053, 29.573771459000056 ], [ 81.66059245200006, 29.574222834000068 ], [ 81.657122264000066, 29.576130334000027 ], [ 81.655730076000054, 29.579446397000027 ], [ 81.650219765000031, 29.586527334000039 ], [ 81.646931452000047, 29.588530709000054 ], [ 81.645057765000047, 29.588239771000076 ], [ 81.641251639000075, 29.589710896000042 ], [ 81.640748577000068, 29.590967584000055 ], [ 81.638668640000049, 29.591543834000049 ], [ 81.632848326000044, 29.594425209000065 ], [ 81.629925764000063, 29.59547002100004 ], [ 81.623358452000048, 29.596073959000023 ], [ 81.618661452000083, 29.598430646000054 ], [ 81.612845452000045, 29.601775896000049 ], [ 81.607421952000038, 29.606070897000052 ], [ 81.600126265000085, 29.609041208000065 ], [ 81.598515577000057, 29.609289834000037 ], [ 81.593258264000042, 29.611271459000079 ], [ 81.591574764000029, 29.612533146000033 ], [ 81.592945201000077, 29.61491589600007 ], [ 81.593192139000053, 29.616838959000063 ], [ 81.591403139000079, 29.62184570900007 ], [ 81.591497577000041, 29.624644709000052 ], [ 81.590302577000045, 29.627038896000045 ], [ 81.587014201000045, 29.631348458000048 ], [ 81.580937951000067, 29.633161771000061 ], [ 81.578269890000058, 29.634290021000027 ], [ 81.577032139000039, 29.636167709000063 ], [ 81.576120264000053, 29.640071897000041 ], [ 81.574083327000039, 29.641540271000054 ], [ 81.570022827000059, 29.641695334000076 ], [ 81.567321764000042, 29.640572272000043 ], [ 81.56344620200008, 29.642050521000044 ], [ 81.562859201000038, 29.644353896000041 ], [ 81.563897076000046, 29.648815896000031 ], [ 81.562929827000062, 29.653561584000045 ], [ 81.561618577000047, 29.654735647000052 ], [ 81.557191264000039, 29.656164208000064 ], [ 81.553741951000063, 29.656744834000051 ], [ 81.552084327000046, 29.659330084000032 ], [ 81.548354139000082, 29.660649396000053 ], [ 81.547809076000078, 29.661581021000075 ], [ 81.548110826000084, 29.658769084000028 ], [ 81.547185202000037, 29.655601334000039 ], [ 81.548876265000047, 29.652630272000067 ], [ 81.549027327000033, 29.650125708000076 ], [ 81.550566639000067, 29.645513083000026 ], [ 81.548406077000038, 29.638542708000045 ], [ 81.548875202000033, 29.635051084000054 ], [ 81.548522701000081, 29.633744208000053 ], [ 81.549065764000034, 29.631028272000037 ], [ 81.548572077000074, 29.628072959000065 ], [ 81.546707827000034, 29.624611271000049 ], [ 81.543070640000053, 29.619938709000053 ], [ 81.544182514000056, 29.618337084000075 ], [ 81.544248452000033, 29.615947959000039 ], [ 81.543647701000054, 29.613940521000075 ], [ 81.541099265000071, 29.611329709000074 ], [ 81.540623201000074, 29.60859083400004 ], [ 81.541063514000029, 29.604639209000027 ], [ 81.539291202000072, 29.602550772000029 ], [ 81.538308327000038, 29.598895897000034 ], [ 81.54022457700006, 29.597015833000057 ], [ 81.543588140000054, 29.59549064600003 ], [ 81.548335639000072, 29.591913833000035 ], [ 81.548878639000066, 29.590537771000072 ], [ 81.548464576000072, 29.588425834000077 ], [ 81.549558326000067, 29.585346709000078 ], [ 81.551835701000073, 29.584804896000037 ], [ 81.554340202000049, 29.58145358400003 ], [ 81.556882139000038, 29.578950334000069 ], [ 81.560372140000084, 29.574769209000067 ], [ 81.561328702000083, 29.572274771000025 ], [ 81.564534765000076, 29.570007647000068 ], [ 81.566915139000059, 29.567326646000026 ], [ 81.572301576000029, 29.564289834000078 ], [ 81.573035201000039, 29.56340689600006 ], [ 81.570030390000056, 29.559503771000038 ], [ 81.570626702000084, 29.556683772000042 ], [ 81.569292952000069, 29.553152397000076 ], [ 81.566612577000058, 29.552067521000026 ], [ 81.561911076000058, 29.552545397000074 ], [ 81.556836265000072, 29.550577146000023 ], [ 81.553365014000065, 29.546959833000074 ], [ 81.552107077000073, 29.546092084000065 ], [ 81.548125889000062, 29.541608208000071 ], [ 81.544759076000048, 29.540264084000057 ], [ 81.542977264000058, 29.538850209000032 ], [ 81.542191327000069, 29.536843522000026 ], [ 81.542148077000036, 29.533926959000041 ], [ 81.546100889000058, 29.532162521000032 ], [ 81.545933889000082, 29.527006397000036 ], [ 81.544711952000057, 29.524484896000047 ], [ 81.54256395200008, 29.521827334000079 ], [ 81.542503014000033, 29.518380709000041 ], [ 81.541726763000042, 29.515140021000036 ], [ 81.547311577000073, 29.514350209000042 ], [ 81.550507140000036, 29.512322521000044 ], [ 81.555390327000055, 29.510023896000064 ], [ 81.558661827000037, 29.510247022000044 ], [ 81.56158126400004, 29.50965952100006 ], [ 81.567185889000029, 29.507314459000042 ], [ 81.570103264000068, 29.50419577100007 ], [ 81.570494139000061, 29.502035271000068 ], [ 81.572008077000078, 29.50000308400007 ], [ 81.575462452000068, 29.49762858400004 ], [ 81.576213576000043, 29.494907083000044 ], [ 81.580342014000053, 29.491751271000055 ], [ 81.582712014000037, 29.491355208000073 ], [ 81.580738202000077, 29.489780271000029 ], [ 81.579354827000031, 29.484683646000065 ], [ 81.57764613900008, 29.481756272000041 ], [ 81.576483389000032, 29.477549646000057 ], [ 81.578328639000063, 29.470609521000029 ], [ 81.578481077000049, 29.467148459000043 ], [ 81.576881139000079, 29.464922146000049 ], [ 81.576767827000083, 29.46335033400004 ], [ 81.579714515000035, 29.457382209000059 ], [ 81.583285765000085, 29.453858709000031 ], [ 81.585569452000072, 29.452734333000024 ], [ 81.587379826000074, 29.450766146000035 ], [ 81.589881640000044, 29.449148834000027 ], [ 81.593430889000047, 29.444066521000025 ], [ 81.594052702000056, 29.441410896000036 ], [ 81.594197327000074, 29.432720771000049 ], [ 81.592706077000059, 29.431315271000074 ], [ 81.590919702000065, 29.428338834000044 ], [ 81.592711451000071, 29.425585459000047 ], [ 81.591895889000057, 29.424041583000076 ], [ 81.588768577000053, 29.420854396000038 ], [ 81.586982264000085, 29.420077271000025 ], [ 81.591584327000078, 29.417404021000038 ], [ 81.597725077000064, 29.415292333000025 ], [ 81.60102082700007, 29.413910396000063 ], [ 81.604570889000058, 29.413722896000024 ], [ 81.609189264000065, 29.413918397000032 ], [ 81.611418577000052, 29.415191771000025 ], [ 81.614608014000055, 29.415549271000032 ], [ 81.615854639000077, 29.416973709000047 ], [ 81.612682889000041, 29.42161283300004 ], [ 81.612617889000035, 29.42386895900006 ], [ 81.613741264000055, 29.426744459000076 ], [ 81.616275889000065, 29.428600584000037 ], [ 81.620582264000063, 29.430766458000051 ], [ 81.624024077000058, 29.431957271000044 ], [ 81.625869140000077, 29.433714896000026 ], [ 81.626003952000076, 29.436594958000057 ], [ 81.627447202000042, 29.438591334000023 ], [ 81.629674140000077, 29.438519896000059 ], [ 81.632820202000062, 29.441417272000024 ], [ 81.633941452000045, 29.444242959000064 ], [ 81.633899577000079, 29.446733584000071 ], [ 81.636339514000042, 29.449280084000065 ], [ 81.64324657700007, 29.451333521000038 ], [ 81.645759077000037, 29.45459677100007 ], [ 81.648224952000078, 29.456389459000036 ], [ 81.64978688900004, 29.460611458000074 ], [ 81.652536702000077, 29.460717584000065 ], [ 81.654525014000058, 29.459843896000052 ], [ 81.658225327000082, 29.459940646000064 ], [ 81.661740014000031, 29.460927022000078 ], [ 81.663828827000032, 29.463325833000056 ], [ 81.67135376400006, 29.464246833000061 ], [ 81.674158701000067, 29.466231271000026 ], [ 81.678258077000066, 29.465538209000044 ], [ 81.684591202000036, 29.465911833000064 ], [ 81.686601640000049, 29.466442896000046 ], [ 81.694635452000057, 29.467075646000069 ], [ 81.694646515000045, 29.468697521000024 ], [ 81.697314827000071, 29.475033646000043 ], [ 81.702590140000041, 29.478653521000069 ], [ 81.705843952000066, 29.480258209000056 ], [ 81.708122515000071, 29.482023583000057 ], [ 81.709104889000059, 29.480827334000026 ], [ 81.711239264000085, 29.479845959000045 ], [ 81.713498515000083, 29.477645771000027 ], [ 81.713449202000049, 29.47667602100006 ], [ 81.715821764000054, 29.474666958000057 ] ] ] } },
{ "type": "Feature", "properties": { "STATE_CODE": 7, "DISTRICT": "BAJURA", "GaPa_NaPa": "Chhededaha", "Type_GN": "Gaunpalika", "Province": "Sudur Pashchim" }, "geometry": { "type": "Polygon", "coordinates": [ [ [ 81.409579263000069, 29.45883539600004 ], [ 81.40625495200004, 29.458929084000033 ], [ 81.403197201000069, 29.457334459000037 ], [ 81.396098202000076, 29.456843709000054 ], [ 81.394160014000079, 29.456240397000045 ], [ 81.391116014000033, 29.45447395900004 ], [ 81.38602363900003, 29.453383458000076 ], [ 81.383846389000041, 29.455487709000067 ], [ 81.379418326000064, 29.45647720900007 ], [ 81.376287889000082, 29.457747146000031 ], [ 81.374051201000043, 29.456902959000047 ], [ 81.36713007700007, 29.456024334000062 ], [ 81.361739764000049, 29.455021772000066 ], [ 81.357489701000077, 29.45480539600004 ], [ 81.354627827000058, 29.456087583000055 ], [ 81.35228770100008, 29.45659914600003 ], [ 81.348574264000035, 29.455963709000059 ], [ 81.346009514000059, 29.454077709000046 ], [ 81.34344982600004, 29.453484334000052 ], [ 81.340521827000032, 29.450638146000074 ], [ 81.340313889000072, 29.448008334000065 ], [ 81.33877076400006, 29.445334583000033 ], [ 81.335262701000033, 29.446457834000057 ], [ 81.334394076000081, 29.447443583000052 ], [ 81.331552076000037, 29.447502584000063 ], [ 81.329048577000037, 29.44868183400007 ], [ 81.327054639000039, 29.451632959000051 ], [ 81.325668701000041, 29.451681459000042 ], [ 81.322101202000056, 29.453079709000065 ], [ 81.321013514000072, 29.455559396000069 ], [ 81.317333889000054, 29.458469146000027 ], [ 81.314941389000069, 29.458982396000067 ], [ 81.311664139000072, 29.458480333000068 ], [ 81.309488889000079, 29.459892959000058 ], [ 81.304383389000066, 29.454851646000066 ], [ 81.30497420100005, 29.453966022000031 ], [ 81.304594577000046, 29.451361334000069 ], [ 81.302394952000043, 29.451467896000054 ], [ 81.297899202000053, 29.449799584000061 ], [ 81.29648688900005, 29.448729021000077 ], [ 81.29353601400004, 29.447975334000034 ], [ 81.290699951000079, 29.446122709000065 ], [ 81.290280514000074, 29.44454683400005 ], [ 81.285487077000084, 29.44379914600006 ], [ 81.281373701000064, 29.441538521000041 ], [ 81.280700264000075, 29.437989146000064 ], [ 81.278952701000037, 29.43722583400006 ], [ 81.273436202000084, 29.437013959000069 ], [ 81.267163451000044, 29.435134021000067 ], [ 81.263881889000061, 29.433816333000038 ], [ 81.26009001400007, 29.430167021000045 ], [ 81.255102389000058, 29.423587208000072 ], [ 81.252216327000042, 29.421794771000066 ], [ 81.254010139000059, 29.418827147000059 ], [ 81.255342014000064, 29.418414021000046 ], [ 81.256454327000085, 29.41680345900005 ], [ 81.253575763000072, 29.413292021000075 ], [ 81.248036827000078, 29.41295277100005 ], [ 81.246435139000084, 29.413503959000025 ], [ 81.239969827000039, 29.414244396000072 ], [ 81.234755263000068, 29.411136021000061 ], [ 81.231475388000035, 29.410618458000044 ], [ 81.228836951000062, 29.411613334000037 ], [ 81.228644951000035, 29.410280396000076 ], [ 81.226146764000077, 29.405671397000049 ], [ 81.224204451000048, 29.403351084000064 ], [ 81.224399639000069, 29.399971458000039 ], [ 81.221465764000072, 29.398142396000026 ], [ 81.218578013000069, 29.395548271000052 ], [ 81.212974827000039, 29.392448709000064 ], [ 81.201295326000036, 29.385245771000029 ], [ 81.197917577000055, 29.38221889600004 ], [ 81.193944702000067, 29.380052271000068 ], [ 81.192423388000066, 29.378694146000043 ], [ 81.192056826000055, 29.376542584000049 ], [ 81.193822702000034, 29.371712396000078 ], [ 81.198510514000077, 29.36937064600005 ], [ 81.200884951000035, 29.36765708300004 ], [ 81.200925764000033, 29.366432084000053 ], [ 81.203100139000071, 29.36498270800007 ], [ 81.20874770100005, 29.365138709000064 ], [ 81.210254514000042, 29.364448271000072 ], [ 81.211736639000037, 29.362571271000036 ], [ 81.214063576000058, 29.362159271000053 ], [ 81.21862113800006, 29.363302396000051 ], [ 81.221498264000047, 29.362453896000034 ], [ 81.224566201000073, 29.36217808300006 ], [ 81.227086764000035, 29.360558583000056 ], [ 81.228520452000055, 29.360630583000045 ], [ 81.230703701000039, 29.358226521000063 ], [ 81.237154389000068, 29.356836834000035 ], [ 81.238616139000044, 29.353109771000049 ], [ 81.240987389000054, 29.352902459000063 ], [ 81.243490951000069, 29.354222146000041 ], [ 81.245223076000059, 29.353036834000079 ], [ 81.247834264000062, 29.352772583000046 ], [ 81.250745764000044, 29.350707521000061 ], [ 81.251714264000043, 29.349476209000045 ], [ 81.253285388000052, 29.344429021000053 ], [ 81.258134701000074, 29.34065014600003 ], [ 81.260274889000073, 29.337043271000027 ], [ 81.262720639000065, 29.337214459000052 ], [ 81.265189202000045, 29.338716521000038 ], [ 81.268964326000059, 29.34014595900004 ], [ 81.271600764000084, 29.342527396000037 ], [ 81.272708014000045, 29.344731396000043 ], [ 81.27259682600004, 29.348909583000079 ], [ 81.271592326000075, 29.349297396000054 ], [ 81.269630764000055, 29.34756208400006 ], [ 81.268349201000035, 29.347875959000078 ], [ 81.266794638000079, 29.346640584000056 ], [ 81.26173076300006, 29.346068584000079 ], [ 81.264081827000041, 29.351128459000051 ], [ 81.26792688900008, 29.358441208000045 ], [ 81.269237389000068, 29.359052208000037 ], [ 81.271645764000084, 29.358772083000076 ], [ 81.272762451000062, 29.360093959000039 ], [ 81.275538576000031, 29.361741896000069 ], [ 81.275868326000079, 29.363949709000053 ], [ 81.275301076000062, 29.367041458000074 ], [ 81.275359952000031, 29.373635333000038 ], [ 81.279095951000045, 29.372440958000027 ], [ 81.281971077000037, 29.370842271000072 ], [ 81.284344702000055, 29.366760834000047 ], [ 81.287886514000036, 29.364677834000076 ], [ 81.288415139000051, 29.363763021000068 ], [ 81.292745326000045, 29.360956271000077 ], [ 81.294701764000081, 29.361346771000058 ], [ 81.29766982700005, 29.360239271000069 ], [ 81.301415201000054, 29.359887959000048 ], [ 81.303757076000068, 29.361082771000042 ], [ 81.306759576000047, 29.361400771000035 ], [ 81.310366826000063, 29.362637709000069 ], [ 81.313932952000073, 29.364294209000036 ], [ 81.315488576000064, 29.364520646000074 ], [ 81.316068014000052, 29.36702327100005 ], [ 81.315504139000041, 29.369567021000023 ], [ 81.314538764000076, 29.370146834000025 ], [ 81.314768764000064, 29.373536896000076 ], [ 81.316069139000035, 29.375300146000029 ], [ 81.316818014000035, 29.377592646000039 ], [ 81.319181951000076, 29.382563521000066 ], [ 81.321140076000063, 29.385204959000077 ], [ 81.323948076000079, 29.391550771000027 ], [ 81.324454639000066, 29.394109959000048 ], [ 81.326837451000074, 29.396294583000042 ], [ 81.331977514000073, 29.396658646000049 ], [ 81.333421077000082, 29.395748146000074 ], [ 81.337787889000083, 29.394433271000025 ], [ 81.340951889000053, 29.390326271000049 ], [ 81.341055264000033, 29.394677583000032 ], [ 81.34183557700004, 29.395368146000067 ], [ 81.342946889000075, 29.398925084000041 ], [ 81.343016139000042, 29.401902646000053 ], [ 81.344566014000065, 29.405014021000056 ], [ 81.348460139000053, 29.408581708000042 ], [ 81.353253702000075, 29.411743146000049 ], [ 81.357714827000052, 29.411674771000037 ], [ 81.361866451000083, 29.414063896000073 ], [ 81.363777514000049, 29.416183709000052 ], [ 81.367365889000041, 29.418253771000025 ], [ 81.374219764000031, 29.418013647000066 ], [ 81.380879826000069, 29.419682146000071 ], [ 81.384955639000054, 29.418838021000056 ], [ 81.386495014000047, 29.420809709000025 ], [ 81.391493389000061, 29.424345834000064 ], [ 81.393973201000051, 29.426894397000069 ], [ 81.397134077000032, 29.428112146000046 ], [ 81.399110514000085, 29.426940084000023 ], [ 81.401301764000038, 29.428131334000057 ], [ 81.402754264000066, 29.426423772000078 ], [ 81.406702452000047, 29.425216146000025 ], [ 81.409763827000063, 29.422481646000051 ], [ 81.411908639000046, 29.421121584000048 ], [ 81.411402577000047, 29.417173084000069 ], [ 81.413098951000052, 29.415164646000051 ], [ 81.412494201000072, 29.41280464700003 ], [ 81.413723452000056, 29.41253464600004 ], [ 81.417495952000081, 29.410431646000063 ], [ 81.418729014000064, 29.413306272000057 ], [ 81.41807495200004, 29.416236459000061 ], [ 81.418976764000035, 29.419669334000048 ], [ 81.418181014000083, 29.421835209000051 ], [ 81.41668807700006, 29.42318883400003 ], [ 81.413633264000055, 29.429550896000023 ], [ 81.411849139000083, 29.43446289600007 ], [ 81.409080764000066, 29.436100209000074 ], [ 81.407192202000033, 29.435909709000043 ], [ 81.406645764000075, 29.437989021000078 ], [ 81.404848952000066, 29.439817209000068 ], [ 81.402464452000061, 29.440503396000054 ], [ 81.402639639000085, 29.442605396000033 ], [ 81.403644014000065, 29.443865646000063 ], [ 81.404981701000054, 29.447610833000056 ], [ 81.405135765000068, 29.451192646000038 ], [ 81.406036202000053, 29.453675833000034 ], [ 81.409579263000069, 29.45883539600004 ] ] ] } },
{ "type": "Feature", "properties": { "STATE_CODE": 7, "DISTRICT": "BAJURA", "GaPa_NaPa": "Gaumul", "Type_GN": "Gaunpalika", "Province": "Sudur Pashchim" }, "geometry": { "type": "Polygon", "coordinates": [ [ [ 81.547809076000078, 29.661581021000075 ], [ 81.54719801400006, 29.663934084000061 ], [ 81.545913264000035, 29.665182271000049 ], [ 81.546118577000072, 29.666731147000064 ], [ 81.54373776400007, 29.669741084000066 ], [ 81.543345889000079, 29.672169896000071 ], [ 81.54105476400008, 29.673519209000062 ], [ 81.537233202000039, 29.679401959000074 ], [ 81.536502577000078, 29.684108147000074 ], [ 81.535242077000078, 29.687936772000057 ], [ 81.531513889000053, 29.690857209000058 ], [ 81.526672264000069, 29.692367584000067 ], [ 81.523168326000075, 29.692284459000064 ], [ 81.520286014000078, 29.691607834000024 ], [ 81.517403576000049, 29.688887396000041 ], [ 81.516773639000064, 29.687723584000025 ], [ 81.517965827000069, 29.683284147000052 ], [ 81.517628889000036, 29.679423584000062 ], [ 81.509675451000078, 29.675973771000031 ], [ 81.508670577000032, 29.674182022000025 ], [ 81.504965014000049, 29.673030022000034 ], [ 81.501472451000041, 29.670672459000059 ], [ 81.500000514000078, 29.670240396000054 ], [ 81.498901639000053, 29.668591021000054 ], [ 81.497725014000082, 29.668708271000071 ], [ 81.492439015000059, 29.666519584000071 ], [ 81.489473389000068, 29.666189959000064 ], [ 81.486109389000035, 29.664792459000068 ], [ 81.484531139000069, 29.66289439600007 ], [ 81.482302326000081, 29.661722771000029 ], [ 81.47660570100004, 29.660220709000043 ], [ 81.475380889000064, 29.659273147000079 ], [ 81.471673514000031, 29.658790147000047 ], [ 81.469060077000051, 29.659295709000048 ], [ 81.458378702000061, 29.654307146000065 ], [ 81.45584320200004, 29.652601521000065 ], [ 81.452931577000072, 29.649794021000048 ], [ 81.448168827000075, 29.647222834000047 ], [ 81.445821389000059, 29.648563896000041 ], [ 81.442839639000056, 29.649561959000039 ], [ 81.44038807700008, 29.647172209000075 ], [ 81.437856952000061, 29.646382021000079 ], [ 81.436106764000044, 29.644901209000068 ], [ 81.432241014000056, 29.645114646000025 ], [ 81.429237826000076, 29.643971708000038 ], [ 81.428704639000046, 29.641537209000035 ], [ 81.425548826000067, 29.637360584000078 ], [ 81.423822014000052, 29.636148021000054 ], [ 81.422156577000067, 29.63386820900007 ], [ 81.423710764000077, 29.630398334000063 ], [ 81.423685014000057, 29.62933145900007 ], [ 81.421369326000047, 29.627892834000079 ], [ 81.419827764000047, 29.623977083000057 ], [ 81.421364639000046, 29.621648834000041 ], [ 81.421912201000055, 29.617040771000063 ], [ 81.420527326000069, 29.614150959000028 ], [ 81.422034077000035, 29.609729396000034 ], [ 81.421217514000034, 29.607218959000079 ], [ 81.420854764000069, 29.603793522000046 ], [ 81.420812139000077, 29.598806084000046 ], [ 81.419712451000066, 29.59614545900007 ], [ 81.417042827000046, 29.593336396000041 ], [ 81.414967702000069, 29.591781833000027 ], [ 81.41213001400007, 29.590419146000045 ], [ 81.408590451000066, 29.58765095900003 ], [ 81.403851952000082, 29.584658459000025 ], [ 81.402617451000083, 29.580854396000063 ], [ 81.399697576000051, 29.575077021000027 ], [ 81.399376890000042, 29.571116834000065 ], [ 81.401088014000038, 29.568713709000065 ], [ 81.403436139000064, 29.567677959000036 ], [ 81.404215515000033, 29.566572459000042 ], [ 81.403726952000056, 29.564250396000034 ], [ 81.401643076000084, 29.56029783300005 ], [ 81.40172263900007, 29.558393647000059 ], [ 81.400542076000079, 29.557217459000071 ], [ 81.397228952000034, 29.556388208000044 ], [ 81.390258951000078, 29.555838147000031 ], [ 81.388269140000034, 29.553712208000036 ], [ 81.384740577000059, 29.553302897000037 ], [ 81.38164226400005, 29.551714709000066 ], [ 81.377155577000053, 29.551231271000063 ], [ 81.373253076000083, 29.54998577200007 ], [ 81.370762451000076, 29.547633147000056 ], [ 81.368196827000077, 29.544123458000058 ], [ 81.367153452000082, 29.543111209000074 ], [ 81.365224201000046, 29.539310959000034 ], [ 81.357909014000086, 29.533048334000057 ], [ 81.35672745100004, 29.53137545900006 ], [ 81.354463765000048, 29.531534897000029 ], [ 81.35289126400005, 29.529978021000034 ], [ 81.351419202000045, 29.526135709000073 ], [ 81.352175702000068, 29.524649397000076 ], [ 81.350803076000034, 29.52193470900005 ], [ 81.345488389000081, 29.514754771000071 ], [ 81.343706264000048, 29.512869021000029 ], [ 81.341493639000078, 29.509497708000026 ], [ 81.340455452000072, 29.505024771000024 ], [ 81.337340139000048, 29.502720458000056 ], [ 81.336524202000078, 29.501235897000072 ], [ 81.334200451000072, 29.500001084000075 ], [ 81.330098639000084, 29.496956896000029 ], [ 81.328188202000035, 29.49487945900006 ], [ 81.322786577000045, 29.494899458000077 ], [ 81.320909014000051, 29.494200084000056 ], [ 81.319065701000056, 29.492280334000043 ], [ 81.31649438900007, 29.491528522000067 ], [ 81.317259826000054, 29.488700146000042 ], [ 81.319173201000069, 29.48380033400008 ], [ 81.316708326000082, 29.482373771000027 ], [ 81.315358952000054, 29.482929646000059 ], [ 81.313015139000072, 29.479560396000068 ], [ 81.310315264000053, 29.479636646000074 ], [ 81.304930389000049, 29.476797709000039 ], [ 81.302500577000046, 29.47751839600005 ], [ 81.301168702000041, 29.476779208000039 ], [ 81.29873982600003, 29.477174959000024 ], [ 81.293885577000083, 29.475805146000027 ], [ 81.292662576000055, 29.474815271000068 ], [ 81.292673764000085, 29.473533959000065 ], [ 81.295551077000084, 29.46912414600007 ], [ 81.298477702000071, 29.469101771000055 ], [ 81.304904451000084, 29.467496833000041 ], [ 81.304129076000038, 29.465962396000066 ], [ 81.30479770200003, 29.463680208000028 ], [ 81.309488889000079, 29.459892959000058 ], [ 81.311664139000072, 29.458480333000068 ], [ 81.314941389000069, 29.458982396000067 ], [ 81.317333889000054, 29.458469146000027 ], [ 81.321013514000072, 29.455559396000069 ], [ 81.322101202000056, 29.453079709000065 ], [ 81.325668701000041, 29.451681459000042 ], [ 81.327054639000039, 29.451632959000051 ], [ 81.329048577000037, 29.44868183400007 ], [ 81.331552076000037, 29.447502584000063 ], [ 81.334394076000081, 29.447443583000052 ], [ 81.335262701000033, 29.446457834000057 ], [ 81.33877076400006, 29.445334583000033 ], [ 81.340313889000072, 29.448008334000065 ], [ 81.340521827000032, 29.450638146000074 ], [ 81.34344982600004, 29.453484334000052 ], [ 81.346009514000059, 29.454077709000046 ], [ 81.348574264000035, 29.455963709000059 ], [ 81.35228770100008, 29.45659914600003 ], [ 81.354627827000058, 29.456087583000055 ], [ 81.357489701000077, 29.45480539600004 ], [ 81.361739764000049, 29.455021772000066 ], [ 81.36713007700007, 29.456024334000062 ], [ 81.374051201000043, 29.456902959000047 ], [ 81.376287889000082, 29.457747146000031 ], [ 81.379418326000064, 29.45647720900007 ], [ 81.383846389000041, 29.455487709000067 ], [ 81.38602363900003, 29.453383458000076 ], [ 81.391116014000033, 29.45447395900004 ], [ 81.394160014000079, 29.456240397000045 ], [ 81.396098202000076, 29.456843709000054 ], [ 81.403197201000069, 29.457334459000037 ], [ 81.40625495200004, 29.458929084000033 ], [ 81.409579263000069, 29.45883539600004 ], [ 81.411443138000038, 29.457751396000049 ], [ 81.416307763000077, 29.456759458000079 ], [ 81.419737764000047, 29.458878209000034 ], [ 81.422775138000077, 29.461401959000057 ], [ 81.424296451000032, 29.463355146000026 ], [ 81.429698889000065, 29.465007146000062 ], [ 81.43410332600007, 29.463957459000028 ], [ 81.44094920100008, 29.464625209000076 ], [ 81.442325701000073, 29.466375709000033 ], [ 81.440583764000053, 29.472966271000075 ], [ 81.438291638000067, 29.474575521000077 ], [ 81.438349264000067, 29.476125084000046 ], [ 81.439577701000076, 29.477900896000051 ], [ 81.439677326000037, 29.479786459000024 ], [ 81.438135076000037, 29.480736709000041 ], [ 81.437604264000072, 29.483059771000057 ], [ 81.440484513000058, 29.483546521000051 ], [ 81.439982701000076, 29.48541152100006 ], [ 81.440820263000035, 29.488451834000045 ], [ 81.444145264000042, 29.487705396000024 ], [ 81.444306014000063, 29.490276521000055 ], [ 81.447332514000038, 29.493334334000053 ], [ 81.445603764000055, 29.49559595900007 ], [ 81.444953326000075, 29.497826897000039 ], [ 81.445411014000058, 29.499582646000079 ], [ 81.445055452000076, 29.501878021000039 ], [ 81.445435701000065, 29.506992959000058 ], [ 81.447902514000077, 29.50729152100007 ], [ 81.449409327000069, 29.509625708000044 ], [ 81.45144145200004, 29.509733896000057 ], [ 81.45222263900007, 29.511134334000076 ], [ 81.454632514000082, 29.512084834000063 ], [ 81.455588577000071, 29.51363583400007 ], [ 81.454261077000069, 29.515675146000035 ], [ 81.455579826000076, 29.517588084000067 ], [ 81.458135015000039, 29.518104896000068 ], [ 81.458341890000042, 29.516655959000047 ], [ 81.463515326000049, 29.516836521000073 ], [ 81.465379264000035, 29.515239647000044 ], [ 81.472828014000072, 29.516090896000037 ], [ 81.475209576000054, 29.516711771000075 ], [ 81.476343014000065, 29.518882334000068 ], [ 81.47809376400005, 29.516024709000078 ], [ 81.481836827000052, 29.513428271000066 ], [ 81.482579139000052, 29.512114958000041 ], [ 81.489419701000031, 29.511600459000078 ], [ 81.49145788900006, 29.51294864700003 ], [ 81.494079327000065, 29.513428459000068 ], [ 81.495223827000075, 29.51237302100003 ], [ 81.499999952000053, 29.512172397000029 ], [ 81.500661389000072, 29.514633272000026 ], [ 81.50659538900004, 29.516061271000069 ], [ 81.508152765000034, 29.516880958000058 ], [ 81.510429201000079, 29.519119021000051 ], [ 81.508146264000061, 29.520086584000069 ], [ 81.508652576000031, 29.521160584000029 ], [ 81.511115139000083, 29.522676084000068 ], [ 81.519020201000046, 29.524824583000054 ], [ 81.525995515000034, 29.525054333000071 ], [ 81.527686577000054, 29.525722084000051 ], [ 81.531301952000035, 29.526030272000071 ], [ 81.532933014000037, 29.525450771000067 ], [ 81.535391451000066, 29.52672220900007 ], [ 81.537494577000075, 29.528958271000079 ], [ 81.539541264000036, 29.529173271000047 ], [ 81.542215765000037, 29.531147522000026 ], [ 81.542148077000036, 29.533926959000041 ], [ 81.542191327000069, 29.536843522000026 ], [ 81.542977264000058, 29.538850209000032 ], [ 81.544759076000048, 29.540264084000057 ], [ 81.548125889000062, 29.541608208000071 ], [ 81.552107077000073, 29.546092084000065 ], [ 81.553365014000065, 29.546959833000074 ], [ 81.556836265000072, 29.550577146000023 ], [ 81.561911076000058, 29.552545397000074 ], [ 81.566612577000058, 29.552067521000026 ], [ 81.569292952000069, 29.553152397000076 ], [ 81.570626702000084, 29.556683772000042 ], [ 81.570030390000056, 29.559503771000038 ], [ 81.573035201000039, 29.56340689600006 ], [ 81.572301576000029, 29.564289834000078 ], [ 81.566915139000059, 29.567326646000026 ], [ 81.564534765000076, 29.570007647000068 ], [ 81.561328702000083, 29.572274771000025 ], [ 81.560372140000084, 29.574769209000067 ], [ 81.556882139000038, 29.578950334000069 ], [ 81.554340202000049, 29.58145358400003 ], [ 81.551835701000073, 29.584804896000037 ], [ 81.549558326000067, 29.585346709000078 ], [ 81.548464576000072, 29.588425834000077 ], [ 81.548878639000066, 29.590537771000072 ], [ 81.548335639000072, 29.591913833000035 ], [ 81.543588140000054, 29.59549064600003 ], [ 81.54022457700006, 29.597015833000057 ], [ 81.538308327000038, 29.598895897000034 ], [ 81.539291202000072, 29.602550772000029 ], [ 81.541063514000029, 29.604639209000027 ], [ 81.540623201000074, 29.60859083400004 ], [ 81.541099265000071, 29.611329709000074 ], [ 81.543647701000054, 29.613940521000075 ], [ 81.544248452000033, 29.615947959000039 ], [ 81.544182514000056, 29.618337084000075 ], [ 81.543070640000053, 29.619938709000053 ], [ 81.546707827000034, 29.624611271000049 ], [ 81.548572077000074, 29.628072959000065 ], [ 81.549065764000034, 29.631028272000037 ], [ 81.548522701000081, 29.633744208000053 ], [ 81.548875202000033, 29.635051084000054 ], [ 81.548406077000038, 29.638542708000045 ], [ 81.550566639000067, 29.645513083000026 ], [ 81.549027327000033, 29.650125708000076 ], [ 81.548876265000047, 29.652630272000067 ], [ 81.547185202000037, 29.655601334000039 ], [ 81.548110826000084, 29.658769084000028 ], [ 81.547809076000078, 29.661581021000075 ] ] ] } },
{ "type": "Feature", "properties": { "STATE_CODE": 7, "DISTRICT": "BAJURA", "GaPa_NaPa": "Himali", "Type_GN": "Gaunpalika", "Province": "Sudur Pashchim" }, "geometry": { "type": "Polygon", "coordinates": [ [ [ 81.781787765000047, 29.911068459000035 ], [ 81.777154702000075, 29.911201834000053 ], [ 81.774612139000055, 29.909793522000029 ], [ 81.771180077000054, 29.909529396000039 ], [ 81.76531163900006, 29.911056834000078 ], [ 81.763607764000085, 29.912390646000063 ], [ 81.760167014000046, 29.911086521000072 ], [ 81.758685202000038, 29.909529709000026 ], [ 81.755818265000073, 29.908409335000044 ], [ 81.75280163900004, 29.909067209000057 ], [ 81.749999827000067, 29.908079335000025 ], [ 81.746608889000072, 29.908459522000044 ], [ 81.744418952000046, 29.907312459000025 ], [ 81.740070327000069, 29.908345209000061 ], [ 81.735754452000037, 29.907767147000072 ], [ 81.734243264000042, 29.908501834000049 ], [ 81.733139702000074, 29.910813271000052 ], [ 81.728730577000078, 29.912288084000068 ], [ 81.723398139000039, 29.911600146000069 ], [ 81.718639514000074, 29.910040396000056 ], [ 81.718017201000066, 29.909371647000057 ], [ 81.712589139000045, 29.914313834000041 ], [ 81.712428515000056, 29.917571897000073 ], [ 81.711688327000047, 29.919817959000056 ], [ 81.711363577000043, 29.923304709000035 ], [ 81.711691452000082, 29.926350272000036 ], [ 81.710666702000083, 29.927463334000038 ], [ 81.708308890000069, 29.927931585000067 ], [ 81.700859327000046, 29.930664709000041 ], [ 81.699287389000062, 29.931500896000045 ], [ 81.699307389000069, 29.933995522000032 ], [ 81.700804890000086, 29.938688271000046 ], [ 81.699740576000067, 29.941488709000055 ], [ 81.698648702000071, 29.942674147000048 ], [ 81.694256577000033, 29.945471834000045 ], [ 81.689163452000059, 29.949283459000071 ], [ 81.687132390000045, 29.948678334000078 ], [ 81.681411765000064, 29.945247834000043 ], [ 81.677219014000059, 29.943728896000039 ], [ 81.67251557700007, 29.940689772000042 ], [ 81.669232202000046, 29.940992959000027 ], [ 81.667161390000047, 29.940306459000055 ], [ 81.663501764000046, 29.941387334000069 ], [ 81.659139826000057, 29.943410022000023 ], [ 81.656105640000078, 29.942737147000059 ], [ 81.653469639000036, 29.943645771000035 ], [ 81.65004607700007, 29.94681614600006 ], [ 81.64808895200008, 29.947982834000072 ], [ 81.644243390000042, 29.947528022000029 ], [ 81.638755889000038, 29.944773522000048 ], [ 81.63800245200008, 29.942692959000055 ], [ 81.636239702000069, 29.940833772000076 ], [ 81.632221389000051, 29.939937335000025 ], [ 81.628413952000074, 29.938376584000025 ], [ 81.623246014000074, 29.939474835000055 ], [ 81.62110857700003, 29.938424772000076 ], [ 81.619240577000085, 29.939058334000038 ], [ 81.614689077000037, 29.943241334000049 ], [ 81.613178889000039, 29.941315272000054 ], [ 81.610828952000077, 29.939923147000059 ], [ 81.607789452000077, 29.937246209000079 ], [ 81.606957077000061, 29.932497397000077 ], [ 81.604423764000046, 29.930165396000064 ], [ 81.598250952000058, 29.931350646000055 ], [ 81.593063639000036, 29.930607146000057 ], [ 81.590212327000074, 29.933586209000055 ], [ 81.58861938900003, 29.935970771000029 ], [ 81.58669126500007, 29.936863585000026 ], [ 81.582506327000033, 29.936164834000067 ], [ 81.57943595200004, 29.93392502100005 ], [ 81.575780389000045, 29.93450720900006 ], [ 81.572006202000068, 29.933472459000029 ], [ 81.56910995100003, 29.931515834000038 ], [ 81.567214951000039, 29.931311959000027 ], [ 81.565105077000055, 29.929969834000076 ], [ 81.56268676500008, 29.926959834000058 ], [ 81.561367827000083, 29.926126397000075 ], [ 81.557505827000057, 29.927148772000066 ], [ 81.553803077000055, 29.925019272000043 ], [ 81.552048827000078, 29.923549147000074 ], [ 81.549578077000035, 29.923620396000047 ], [ 81.544028639000032, 29.927099084000076 ], [ 81.538435389000085, 29.926835584000059 ], [ 81.536701702000073, 29.927587022000068 ], [ 81.53212870200008, 29.925485209000044 ], [ 81.530101451000064, 29.924103897000066 ], [ 81.527282577000051, 29.923970834000045 ], [ 81.524965515000076, 29.923237959000062 ], [ 81.518285951000053, 29.922434272000032 ], [ 81.513874764000036, 29.916674710000052 ], [ 81.515366264000079, 29.911643272000049 ], [ 81.516829951000034, 29.909147209000025 ], [ 81.516838451000069, 29.907405834000031 ], [ 81.518682014000035, 29.905914334000045 ], [ 81.518507515000067, 29.903977397000062 ], [ 81.513581577000082, 29.900922147000074 ], [ 81.509599764000029, 29.897387146000028 ], [ 81.507378889000051, 29.894409209000059 ], [ 81.509061202000055, 29.893301959000041 ], [ 81.51221332700004, 29.888906897000027 ], [ 81.515114452000034, 29.886858772000039 ], [ 81.516792764000058, 29.886387522000064 ], [ 81.522228702000064, 29.886839834000057 ], [ 81.526429889000042, 29.886421584000061 ], [ 81.529343014000062, 29.885726459000068 ], [ 81.532294014000058, 29.884126584000057 ], [ 81.536125139000035, 29.882922334000057 ], [ 81.540631952000069, 29.879100834000042 ], [ 81.543086577000054, 29.878161459000069 ], [ 81.546239140000068, 29.874446834000025 ], [ 81.548984827000083, 29.871985771000027 ], [ 81.551152639000065, 29.868356334000055 ], [ 81.553457889000072, 29.866325584000037 ], [ 81.554813640000077, 29.863439397000036 ], [ 81.557886702000076, 29.860839147000036 ], [ 81.558916389000046, 29.856479084000057 ], [ 81.562996764000047, 29.852778209000064 ], [ 81.566466452000043, 29.851872334000063 ], [ 81.565603702000033, 29.84674433400005 ], [ 81.564491014000055, 29.844229459000076 ], [ 81.563836139000045, 29.838660709000067 ], [ 81.562779827000043, 29.834627522000062 ], [ 81.563477202000058, 29.832445522000057 ], [ 81.562586702000033, 29.83005152100003 ], [ 81.561921514000062, 29.825387272000057 ], [ 81.560998264000034, 29.822668584000041 ], [ 81.561689952000052, 29.81844520900006 ], [ 81.561028514000043, 29.815684771000065 ], [ 81.560168264000083, 29.809749146000058 ], [ 81.555699264000054, 29.806264897000062 ], [ 81.553026139000053, 29.802994084000034 ], [ 81.550321326000073, 29.80170152200003 ], [ 81.549575577000041, 29.800491084000043 ], [ 81.549800327000071, 29.798432897000055 ], [ 81.548452202000078, 29.794635396000047 ], [ 81.550372827000047, 29.793161146000045 ], [ 81.552334764000079, 29.786615959000073 ], [ 81.553596889000062, 29.784871459000044 ], [ 81.553843015000041, 29.781439522000028 ], [ 81.555078326000057, 29.780229772000041 ], [ 81.557517576000066, 29.776276521000057 ], [ 81.557885139000064, 29.774481709000042 ], [ 81.559799890000079, 29.773553271000026 ], [ 81.562388014000078, 29.770612084000049 ], [ 81.558353765000049, 29.764450771000043 ], [ 81.556092764000084, 29.763278271000047 ], [ 81.554216139000062, 29.756318209000028 ], [ 81.554231327000082, 29.754263209000044 ], [ 81.552570452000055, 29.752406896000025 ], [ 81.548538077000046, 29.751088272000061 ], [ 81.545878951000077, 29.748888646000069 ], [ 81.541598639000085, 29.747088147000056 ], [ 81.539688390000038, 29.747470397000029 ], [ 81.53778301400007, 29.748772959000064 ], [ 81.526303390000066, 29.75241470900005 ], [ 81.523602764000032, 29.752716459000055 ], [ 81.520005764000075, 29.752412584000069 ], [ 81.517029014000059, 29.752690396000048 ], [ 81.515407764000031, 29.753511022000055 ], [ 81.514086202000044, 29.752649959000053 ], [ 81.512352265000061, 29.75000170900006 ], [ 81.51109763900007, 29.744996584000035 ], [ 81.509755265000081, 29.741656459000069 ], [ 81.510091139000053, 29.738693397000077 ], [ 81.512866952000081, 29.735450209000078 ], [ 81.512927827000055, 29.732296397000027 ], [ 81.513488326000072, 29.730575397000052 ], [ 81.51608557600008, 29.726588396000068 ], [ 81.518800389000035, 29.724283709000076 ], [ 81.519040951000079, 29.722065334000035 ], [ 81.520914890000086, 29.718101397000055 ], [ 81.522593452000081, 29.716603772000042 ], [ 81.523987327000043, 29.712928146000024 ], [ 81.526217452000083, 29.710203396000054 ], [ 81.524640326000053, 29.707935834000068 ], [ 81.524897327000076, 29.70692189600004 ], [ 81.523203389000059, 29.705399271000033 ], [ 81.520680827000035, 29.704529396000055 ], [ 81.517396890000043, 29.702593397000044 ], [ 81.516145139000059, 29.699710897000045 ], [ 81.517387702000065, 29.696514146000027 ], [ 81.519736077000061, 29.693313084000067 ], [ 81.520286014000078, 29.691607834000024 ], [ 81.523168326000075, 29.692284459000064 ], [ 81.526672264000069, 29.692367584000067 ], [ 81.531513889000053, 29.690857209000058 ], [ 81.535242077000078, 29.687936772000057 ], [ 81.536502577000078, 29.684108147000074 ], [ 81.537233202000039, 29.679401959000074 ], [ 81.54105476400008, 29.673519209000062 ], [ 81.543345889000079, 29.672169896000071 ], [ 81.54373776400007, 29.669741084000066 ], [ 81.546118577000072, 29.666731147000064 ], [ 81.545913264000035, 29.665182271000049 ], [ 81.54719801400006, 29.663934084000061 ], [ 81.547809076000078, 29.661581021000075 ], [ 81.548354139000082, 29.660649396000053 ], [ 81.552084327000046, 29.659330084000032 ], [ 81.553741951000063, 29.656744834000051 ], [ 81.557191264000039, 29.656164208000064 ], [ 81.561618577000047, 29.654735647000052 ], [ 81.562929827000062, 29.653561584000045 ], [ 81.563897076000046, 29.648815896000031 ], [ 81.562859201000038, 29.644353896000041 ], [ 81.56344620200008, 29.642050521000044 ], [ 81.567321764000042, 29.640572272000043 ], [ 81.570022827000059, 29.641695334000076 ], [ 81.574083327000039, 29.641540271000054 ], [ 81.576120264000053, 29.640071897000041 ], [ 81.577032139000039, 29.636167709000063 ], [ 81.578269890000058, 29.634290021000027 ], [ 81.580937951000067, 29.633161771000061 ], [ 81.587014201000045, 29.631348458000048 ], [ 81.590302577000045, 29.627038896000045 ], [ 81.591497577000041, 29.624644709000052 ], [ 81.591403139000079, 29.62184570900007 ], [ 81.593192139000053, 29.616838959000063 ], [ 81.592945201000077, 29.61491589600007 ], [ 81.591574764000029, 29.612533146000033 ], [ 81.593258264000042, 29.611271459000079 ], [ 81.598515577000057, 29.609289834000037 ], [ 81.600126265000085, 29.609041208000065 ], [ 81.607421952000038, 29.606070897000052 ], [ 81.612845452000045, 29.601775896000049 ], [ 81.618661452000083, 29.598430646000054 ], [ 81.623358452000048, 29.596073959000023 ], [ 81.629925764000063, 29.59547002100004 ], [ 81.632848326000044, 29.594425209000065 ], [ 81.638668640000049, 29.591543834000049 ], [ 81.640748577000068, 29.590967584000055 ], [ 81.641251639000075, 29.589710896000042 ], [ 81.645057765000047, 29.588239771000076 ], [ 81.646931452000047, 29.588530709000054 ], [ 81.650219765000031, 29.586527334000039 ], [ 81.655730076000054, 29.579446397000027 ], [ 81.657122264000066, 29.576130334000027 ], [ 81.66059245200006, 29.574222834000068 ], [ 81.666959701000053, 29.573771459000056 ], [ 81.671179951000056, 29.57234027100003 ], [ 81.676034890000039, 29.569951584000023 ], [ 81.677080640000042, 29.565694146000055 ], [ 81.680395015000045, 29.566340397000033 ], [ 81.681661827000084, 29.563534521000065 ], [ 81.68322488900003, 29.562382834000061 ], [ 81.683613640000033, 29.556035334000057 ], [ 81.682418140000038, 29.554263959000025 ], [ 81.685720764000052, 29.552931833000059 ], [ 81.687171952000085, 29.551209959000062 ], [ 81.689064952000081, 29.550040709000029 ], [ 81.691186327000082, 29.54710170900006 ], [ 81.69305326500006, 29.546591146000026 ], [ 81.693781952000052, 29.545057959000076 ], [ 81.69281051400003, 29.544192334000059 ], [ 81.693310139000062, 29.542263271000024 ], [ 81.692365452000047, 29.540589897000075 ], [ 81.694196202000057, 29.538378709000028 ], [ 81.697077702000058, 29.537432021000029 ], [ 81.698557515000061, 29.535980521000056 ], [ 81.697492515000079, 29.532663396000032 ], [ 81.697652327000071, 29.528974334000054 ], [ 81.696393765000039, 29.526659772000073 ], [ 81.696648764000031, 29.524443271000052 ], [ 81.698174077000033, 29.520627521000051 ], [ 81.702371889000062, 29.519145896000055 ], [ 81.70589876400004, 29.515671396000073 ], [ 81.707505639000033, 29.516890021000052 ], [ 81.710123890000034, 29.515930896000043 ], [ 81.71250982600003, 29.513851834000036 ], [ 81.714682326000059, 29.510578272000032 ], [ 81.715602640000043, 29.507683709000048 ], [ 81.714515764000055, 29.505778897000027 ], [ 81.71493732700003, 29.503561458000036 ], [ 81.714529264000078, 29.50126952100004 ], [ 81.716784952000069, 29.500438583000061 ], [ 81.718018139000037, 29.498327271000051 ], [ 81.716253139000059, 29.496042647000024 ], [ 81.717104577000043, 29.492724333000069 ], [ 81.71826457700007, 29.49195108400005 ], [ 81.718832639000084, 29.489782458000036 ], [ 81.717372576000059, 29.489406834000079 ], [ 81.714873889000046, 29.486359271000026 ], [ 81.714279826000052, 29.484833021000043 ], [ 81.716438639000046, 29.48099783400005 ], [ 81.716709077000075, 29.477935271000035 ], [ 81.715821764000054, 29.474666958000057 ], [ 81.716577139000037, 29.474202708000064 ], [ 81.717343889000063, 29.475450521000027 ], [ 81.719542702000069, 29.476593584000057 ], [ 81.720002514000043, 29.47809120900007 ], [ 81.720225327000037, 29.483801646000074 ], [ 81.721046515000069, 29.484805522000045 ], [ 81.726003202000072, 29.488672084000029 ], [ 81.728292952000061, 29.488770084000066 ], [ 81.731026514000064, 29.490081459000066 ], [ 81.735186202000079, 29.489990896000052 ], [ 81.743700639000053, 29.49497395800006 ], [ 81.749999952000053, 29.49634839600003 ], [ 81.752034889000072, 29.497884397000064 ], [ 81.757221765000054, 29.499684396000077 ], [ 81.761213514000076, 29.500279708000051 ], [ 81.762114265000037, 29.501670834000038 ], [ 81.761925577000056, 29.503684084000042 ], [ 81.764298201000031, 29.505330709000077 ], [ 81.771005327000069, 29.509345584000073 ], [ 81.772712514000034, 29.509335646000068 ], [ 81.776710765000075, 29.508013084000027 ], [ 81.781503452000038, 29.508731646000058 ], [ 81.782698640000035, 29.509730647000026 ], [ 81.782283577000044, 29.511260271000026 ], [ 81.779051639000045, 29.515662146000068 ], [ 81.779683327000043, 29.518157834000078 ], [ 81.78289238900004, 29.520410583000057 ], [ 81.784206201000075, 29.524720271000035 ], [ 81.787537890000067, 29.528368459000035 ], [ 81.789250265000078, 29.528976397000065 ], [ 81.792740452000032, 29.529084146000059 ], [ 81.794267577000085, 29.529756271000053 ], [ 81.794817389000059, 29.531214709000039 ], [ 81.793732702000057, 29.534922896000069 ], [ 81.791953765000073, 29.537692271000026 ], [ 81.792198889000076, 29.540515021000033 ], [ 81.795392889000084, 29.547800021000057 ], [ 81.798703514000067, 29.55099458400008 ], [ 81.799381390000065, 29.552125146000037 ], [ 81.800828952000074, 29.559194959000024 ], [ 81.800453452000056, 29.565720771000031 ], [ 81.799981389000038, 29.569425271000057 ], [ 81.800291514000037, 29.57104527100006 ], [ 81.79967845200008, 29.57338814600007 ], [ 81.80042363900003, 29.576011584000071 ], [ 81.799181702000055, 29.578714709000053 ], [ 81.797634577000053, 29.580280459000051 ], [ 81.796233890000053, 29.584055834000026 ], [ 81.791690827000082, 29.589666022000074 ], [ 81.791476702000068, 29.590738772000066 ], [ 81.79276320200006, 29.593783084000052 ], [ 81.791504014000054, 29.59664633400007 ], [ 81.789726451000035, 29.597338146000027 ], [ 81.78571407700008, 29.597264959000029 ], [ 81.77973376500006, 29.599736396000026 ], [ 81.777519640000037, 29.601664521000032 ], [ 81.775582390000068, 29.605797084000073 ], [ 81.772077452000076, 29.606467146000057 ], [ 81.768507015000068, 29.606000646000041 ], [ 81.76431057700006, 29.606121959000063 ], [ 81.762278452000032, 29.605192896000062 ], [ 81.757343452000043, 29.605967834000069 ], [ 81.75228364000003, 29.604893521000065 ], [ 81.74527082700007, 29.606056459000058 ], [ 81.740353639000034, 29.606199021000066 ], [ 81.736792702000059, 29.607732459000033 ], [ 81.735104827000043, 29.610547958000041 ], [ 81.732788827000036, 29.612460084000077 ], [ 81.730750640000053, 29.613443521000079 ], [ 81.729752202000043, 29.614964834000034 ], [ 81.72486226400008, 29.615284958000075 ], [ 81.72212839000008, 29.616748021000035 ], [ 81.722232765000058, 29.620525834000034 ], [ 81.720840890000034, 29.621302583000045 ], [ 81.718788764000067, 29.62036183400005 ], [ 81.717601327000068, 29.62084420900004 ], [ 81.714591702000064, 29.625430584000071 ], [ 81.712241827000071, 29.626302647000045 ], [ 81.711313327000084, 29.632323709000048 ], [ 81.708357140000032, 29.635323834000076 ], [ 81.704654327000071, 29.637177459000043 ], [ 81.705300264000073, 29.640656896000053 ], [ 81.704428639000071, 29.641949522000061 ], [ 81.701856264000071, 29.64319933400003 ], [ 81.705401764000044, 29.644669271000055 ], [ 81.702134452000053, 29.647465709000073 ], [ 81.703509327000063, 29.649373522000076 ], [ 81.703291327000045, 29.651546959000029 ], [ 81.70393432700007, 29.652741333000051 ], [ 81.703741265000076, 29.65663352200005 ], [ 81.701532202000067, 29.661167959000068 ], [ 81.700853764000044, 29.666034896000042 ], [ 81.700909515000035, 29.670354209000038 ], [ 81.700336765000031, 29.673637146000033 ], [ 81.69913770200003, 29.676266834000046 ], [ 81.699140390000082, 29.680383584000026 ], [ 81.70026976500003, 29.682685209000056 ], [ 81.704317452000055, 29.687346646000037 ], [ 81.706082139000046, 29.691431334000072 ], [ 81.705888077000054, 29.693331709000063 ], [ 81.707927139000049, 29.695989334000046 ], [ 81.710496264000085, 29.700250147000077 ], [ 81.710384951000037, 29.702876396000079 ], [ 81.711169201000075, 29.703799272000026 ], [ 81.711575889000073, 29.706420459000071 ], [ 81.712626889000035, 29.708426959000064 ], [ 81.71185932700007, 29.709879209000064 ], [ 81.713477139000076, 29.711453959000039 ], [ 81.714377327000079, 29.71414020900005 ], [ 81.714430827000058, 29.718031021000058 ], [ 81.715428327000041, 29.719857271000024 ], [ 81.715545014000043, 29.721733397000037 ], [ 81.71680513900003, 29.723943959000053 ], [ 81.719880765000084, 29.726505522000025 ], [ 81.72171426400007, 29.729186584000047 ], [ 81.724905014000058, 29.729645084000026 ], [ 81.726651515000071, 29.730991209000024 ], [ 81.728300015000059, 29.733154397000078 ], [ 81.729197702000079, 29.735502084000075 ], [ 81.727909827000076, 29.736571646000073 ], [ 81.728918452000073, 29.739868459000036 ], [ 81.730110202000049, 29.741580709000061 ], [ 81.728287327000032, 29.744011146000048 ], [ 81.728600765000067, 29.747945584000036 ], [ 81.729815389000066, 29.750753959000065 ], [ 81.733140202000072, 29.755147709000028 ], [ 81.733617639000045, 29.757962459000055 ], [ 81.734538514000064, 29.758920522000039 ], [ 81.733151577000058, 29.762487646000068 ], [ 81.732193452000047, 29.766627647000064 ], [ 81.731989202000079, 29.769207022000046 ], [ 81.733150264000074, 29.771090834000063 ], [ 81.734771514000045, 29.77189839600004 ], [ 81.737294452000071, 29.77542352200004 ], [ 81.738881452000044, 29.779648584000029 ], [ 81.738503202000061, 29.78086877100003 ], [ 81.739036514000077, 29.784648522000055 ], [ 81.742046765000055, 29.789316771000074 ], [ 81.741602764000049, 29.792492959000072 ], [ 81.743134514000076, 29.792678334000072 ], [ 81.746155390000069, 29.794188459000054 ], [ 81.748530827000081, 29.79461939600003 ], [ 81.749999514000081, 29.796057021000024 ], [ 81.753124202000038, 29.798015146000068 ], [ 81.755517327000064, 29.798547334000034 ], [ 81.757169265000073, 29.79681458400006 ], [ 81.760032889000058, 29.797411647000047 ], [ 81.763928202000045, 29.799746396000046 ], [ 81.766333139000039, 29.801816646000077 ], [ 81.768907702000035, 29.800434834000043 ], [ 81.771293640000067, 29.800010396000062 ], [ 81.773122827000066, 29.798497459000032 ], [ 81.775470452000036, 29.79814308400006 ], [ 81.779212202000053, 29.802145146000043 ], [ 81.780359765000071, 29.805456459000027 ], [ 81.782174327000064, 29.807054084000072 ], [ 81.782502077000061, 29.810528084000055 ], [ 81.781009765000078, 29.814378272000056 ], [ 81.784599514000035, 29.822240521000026 ], [ 81.78406470200008, 29.824156459000051 ], [ 81.785202265000066, 29.830512897000062 ], [ 81.784987890000082, 29.836435272000074 ], [ 81.78439901400003, 29.837977146000071 ], [ 81.78259539000004, 29.839275772000065 ], [ 81.786178452000058, 29.841194396000049 ], [ 81.790999327000065, 29.843306209000048 ], [ 81.79156363900006, 29.844484771000054 ], [ 81.793964077000055, 29.846513959000049 ], [ 81.796026702000063, 29.848840646000042 ], [ 81.795678765000048, 29.850484834000042 ], [ 81.793396889000064, 29.853311397000027 ], [ 81.794738202000076, 29.855714584000054 ], [ 81.794835577000072, 29.857879396000044 ], [ 81.797080515000061, 29.860398959000065 ], [ 81.796413890000053, 29.862324771000033 ], [ 81.79784770200007, 29.866159709000044 ], [ 81.798534515000085, 29.866852646000041 ], [ 81.798132702000032, 29.869284334000042 ], [ 81.79851876400005, 29.872426334000068 ], [ 81.798376202000043, 29.877195584000049 ], [ 81.799030265000056, 29.878797647000056 ], [ 81.797835889000055, 29.882316897000067 ], [ 81.798548202000063, 29.886190022000051 ], [ 81.797752077000041, 29.889427147000049 ], [ 81.798161390000075, 29.890437459000054 ], [ 81.795620764000034, 29.89616402200005 ], [ 81.797551202000079, 29.896957647000079 ], [ 81.80035470200005, 29.896521085000074 ], [ 81.80103745200006, 29.901686834000031 ], [ 81.795755514000064, 29.905544396000039 ], [ 81.792917952000039, 29.906783960000041 ], [ 81.790494327000033, 29.909629334000044 ], [ 81.787391765000052, 29.910362897000027 ], [ 81.78445057700003, 29.908564647000048 ], [ 81.78273088900005, 29.909168147000059 ], [ 81.781787765000047, 29.911068459000035 ] ] ] } },
{ "type": "Feature", "properties": { "STATE_CODE": 7, "DISTRICT": "BAJURA", "GaPa_NaPa": "Pandav Gupha", "Type_GN": "Gaunpalika", "Province": "Sudur Pashchim" }, "geometry": { "type": "Polygon", "coordinates": [ [ [ 81.74819807700004, 29.342138833000035 ], [ 81.746085514000072, 29.342931146000069 ], [ 81.744722515000035, 29.344486271000051 ], [ 81.744336702000055, 29.347375896000074 ], [ 81.741423889000032, 29.349862209000037 ], [ 81.740650452000068, 29.351513271000044 ], [ 81.736308327000074, 29.354104458000052 ], [ 81.73271395200004, 29.361347333000026 ], [ 81.728691390000051, 29.365682521000053 ], [ 81.729215640000064, 29.370407833000058 ], [ 81.726360015000068, 29.373114646000033 ], [ 81.724832889000083, 29.375408083000025 ], [ 81.724467577000041, 29.377289146000066 ], [ 81.724655264000035, 29.381968958000073 ], [ 81.725613015000079, 29.384533084000054 ], [ 81.725012702000072, 29.388872021000054 ], [ 81.725509702000068, 29.393671959000073 ], [ 81.721589327000061, 29.39672958400007 ], [ 81.719666139000083, 29.398905521000074 ], [ 81.717978014000039, 29.402372771000046 ], [ 81.719651077000037, 29.406455834000042 ], [ 81.720344140000066, 29.409204147000025 ], [ 81.718389640000055, 29.412643521000064 ], [ 81.718629202000045, 29.416756833000079 ], [ 81.716991389000043, 29.425328709000041 ], [ 81.718912701000079, 29.429114834000075 ], [ 81.719120952000083, 29.430785271000047 ], [ 81.717697265000083, 29.43189827100008 ], [ 81.713318577000052, 29.433875334000049 ], [ 81.711198327000034, 29.435826646000066 ], [ 81.711456327000064, 29.438541271000076 ], [ 81.71116788900008, 29.443469459000028 ], [ 81.710078451000072, 29.446263459000079 ], [ 81.710173702000077, 29.449863209000057 ], [ 81.709302452000031, 29.451796521000063 ], [ 81.70795920200004, 29.458424459000071 ], [ 81.707718077000038, 29.462122959000055 ], [ 81.709195702000045, 29.466649272000041 ], [ 81.713481640000055, 29.47128233400008 ], [ 81.71539970200007, 29.472476584000049 ], [ 81.716577139000037, 29.474202708000064 ], [ 81.715821764000054, 29.474666958000057 ], [ 81.713449202000049, 29.47667602100006 ], [ 81.713498515000083, 29.477645771000027 ], [ 81.711239264000085, 29.479845959000045 ], [ 81.709104889000059, 29.480827334000026 ], [ 81.708122515000071, 29.482023583000057 ], [ 81.705843952000066, 29.480258209000056 ], [ 81.702590140000041, 29.478653521000069 ], [ 81.697314827000071, 29.475033646000043 ], [ 81.694646515000045, 29.468697521000024 ], [ 81.694635452000057, 29.467075646000069 ], [ 81.686601640000049, 29.466442896000046 ], [ 81.684591202000036, 29.465911833000064 ], [ 81.678258077000066, 29.465538209000044 ], [ 81.674158701000067, 29.466231271000026 ], [ 81.67135376400006, 29.464246833000061 ], [ 81.663828827000032, 29.463325833000056 ], [ 81.661740014000031, 29.460927022000078 ], [ 81.658225327000082, 29.459940646000064 ], [ 81.654525014000058, 29.459843896000052 ], [ 81.652536702000077, 29.460717584000065 ], [ 81.64978688900004, 29.460611458000074 ], [ 81.648224952000078, 29.456389459000036 ], [ 81.645759077000037, 29.45459677100007 ], [ 81.64324657700007, 29.451333521000038 ], [ 81.636339514000042, 29.449280084000065 ], [ 81.633899577000079, 29.446733584000071 ], [ 81.633941452000045, 29.444242959000064 ], [ 81.632820202000062, 29.441417272000024 ], [ 81.629674140000077, 29.438519896000059 ], [ 81.627447202000042, 29.438591334000023 ], [ 81.626003952000076, 29.436594958000057 ], [ 81.625869140000077, 29.433714896000026 ], [ 81.624024077000058, 29.431957271000044 ], [ 81.620582264000063, 29.430766458000051 ], [ 81.616275889000065, 29.428600584000037 ], [ 81.613741264000055, 29.426744459000076 ], [ 81.612617889000035, 29.42386895900006 ], [ 81.612682889000041, 29.42161283300004 ], [ 81.615854639000077, 29.416973709000047 ], [ 81.614608014000055, 29.415549271000032 ], [ 81.611418577000052, 29.415191771000025 ], [ 81.609189264000065, 29.413918397000032 ], [ 81.604570889000058, 29.413722896000024 ], [ 81.60102082700007, 29.413910396000063 ], [ 81.597725077000064, 29.415292333000025 ], [ 81.591584327000078, 29.417404021000038 ], [ 81.586982264000085, 29.420077271000025 ], [ 81.583661264000057, 29.418233021000049 ], [ 81.579953389000082, 29.418348459000072 ], [ 81.577869514000042, 29.416419771000051 ], [ 81.577297764000036, 29.412939209000058 ], [ 81.573787889000073, 29.407673459000023 ], [ 81.573170701000038, 29.405575959000032 ], [ 81.571998701000041, 29.40471014600007 ], [ 81.572970827000063, 29.402671271000031 ], [ 81.574972827000067, 29.40122345900005 ], [ 81.574901952000062, 29.398243772000058 ], [ 81.573516826000059, 29.394029021000051 ], [ 81.569967389000055, 29.391215458000033 ], [ 81.56827757700006, 29.388795334000065 ], [ 81.56561451400006, 29.388186334000068 ], [ 81.564356764000081, 29.386192959000027 ], [ 81.566159577000064, 29.381831459000068 ], [ 81.56789976400006, 29.381057147000035 ], [ 81.564788515000032, 29.375403646000052 ], [ 81.563864514000045, 29.372614834000046 ], [ 81.562439139000048, 29.370407833000058 ], [ 81.561389327000086, 29.364955334000058 ], [ 81.560508576000075, 29.36190689600005 ], [ 81.561098451000078, 29.358996583000078 ], [ 81.560230201000081, 29.357865584000024 ], [ 81.560997952000037, 29.354277771000056 ], [ 81.562627951000081, 29.351694708000025 ], [ 81.565473577000034, 29.349984021000068 ], [ 81.568230390000053, 29.349112834000039 ], [ 81.568905639000036, 29.347941396000067 ], [ 81.572250576000044, 29.34969127100004 ], [ 81.575070326000059, 29.355102146000036 ], [ 81.575575702000037, 29.358661959000074 ], [ 81.574952577000033, 29.360728771000026 ], [ 81.57929370100004, 29.363107959000047 ], [ 81.581423139000037, 29.362476084000036 ], [ 81.583026139000083, 29.364483584000027 ], [ 81.585071639000034, 29.365056583000069 ], [ 81.58994382700007, 29.365547208000066 ], [ 81.591863451000052, 29.365155208000033 ], [ 81.594716389000041, 29.366056146000062 ], [ 81.601682701000072, 29.365594021000049 ], [ 81.605560827000033, 29.366954834000069 ], [ 81.611032014000045, 29.367453208000029 ], [ 81.613285701000052, 29.37017245800007 ], [ 81.615457139000057, 29.370748959000025 ], [ 81.619292452000082, 29.370609396000077 ], [ 81.624403702000052, 29.368839521000041 ], [ 81.628250827000045, 29.368428958000038 ], [ 81.629343952000056, 29.366107083000031 ], [ 81.633527077000053, 29.364866833000065 ], [ 81.636519139000029, 29.364372083000035 ], [ 81.63704788900003, 29.363474021000059 ], [ 81.640055702000041, 29.361490271000037 ], [ 81.640515077000032, 29.356292834000044 ], [ 81.64214501500004, 29.355355583000062 ], [ 81.644879702000082, 29.356161271000076 ], [ 81.645879389000072, 29.354304396000032 ], [ 81.645139327000038, 29.351589709000052 ], [ 81.645757140000057, 29.35003252100006 ], [ 81.645780202000083, 29.343379834000075 ], [ 81.643957765000039, 29.336801583000067 ], [ 81.64387595200003, 29.333720458000073 ], [ 81.644269827000073, 29.331771771000035 ], [ 81.648349264000046, 29.328025333000028 ], [ 81.648908827000071, 29.325024584000062 ], [ 81.648222827000041, 29.323500709000029 ], [ 81.650159202000054, 29.321147396000072 ], [ 81.656050702000073, 29.321301396000024 ], [ 81.658024889000046, 29.319644896000057 ], [ 81.664577952000059, 29.31962820900003 ], [ 81.666152577000048, 29.319297771000038 ], [ 81.670318077000047, 29.317014334000078 ], [ 81.671836451000047, 29.316855584000052 ], [ 81.67412351400003, 29.318030584000041 ], [ 81.67576157700006, 29.319531458000029 ], [ 81.680094952000047, 29.32142920800004 ], [ 81.684169139000062, 29.319955646000039 ], [ 81.692713639000033, 29.320536459000039 ], [ 81.694275264000055, 29.322114208000073 ], [ 81.695731515000034, 29.325409146000027 ], [ 81.701556327000048, 29.329403084000035 ], [ 81.704987576000065, 29.330560271000024 ], [ 81.713517952000075, 29.330643584000029 ], [ 81.717803202000084, 29.331292834000067 ], [ 81.721285702000046, 29.332284708000032 ], [ 81.724240827000074, 29.332408521000048 ], [ 81.728202952000061, 29.334214208000049 ], [ 81.731732452000074, 29.33517839600006 ], [ 81.739362702000051, 29.333994896000036 ], [ 81.741459139000085, 29.333926896000037 ], [ 81.74729426500005, 29.338861646000055 ], [ 81.74819807700004, 29.342138833000035 ] ] ] } },
{ "type": "Feature", "properties": { "STATE_CODE": 7, "DISTRICT": "BAJURA", "GaPa_NaPa": "Swami Kartik", "Type_GN": "Gaunpalika", "Province": "Sudur Pashchim" }, "geometry": { "type": "Polygon", "coordinates": [ [ [ 81.809636592000061, 29.453908670000033 ], [ 81.81003357700007, 29.456308522000029 ], [ 81.809796577000043, 29.45876652100003 ], [ 81.808674890000077, 29.463097646000051 ], [ 81.808769389000076, 29.466480709000052 ], [ 81.807271077000053, 29.468849334000026 ], [ 81.805434202000072, 29.475600646000032 ], [ 81.800971514000082, 29.481172271000048 ], [ 81.79990276500007, 29.483876584000029 ], [ 81.797228515000086, 29.488086084000031 ], [ 81.795561077000059, 29.489343521000023 ], [ 81.791192265000063, 29.494860084000038 ], [ 81.789573389000054, 29.497497646000056 ], [ 81.789859077000074, 29.500006646000031 ], [ 81.787777202000029, 29.501473959000066 ], [ 81.784745264000037, 29.502312959000051 ], [ 81.781870577000063, 29.501141147000055 ], [ 81.77905176400003, 29.502371271000072 ], [ 81.773396264000041, 29.503615584000045 ], [ 81.769326702000058, 29.503334646000042 ], [ 81.764298201000031, 29.505330709000077 ], [ 81.761925577000056, 29.503684084000042 ], [ 81.762114265000037, 29.501670834000038 ], [ 81.761213514000076, 29.500279708000051 ], [ 81.757221765000054, 29.499684396000077 ], [ 81.752034889000072, 29.497884397000064 ], [ 81.749999952000053, 29.49634839600003 ], [ 81.743700639000053, 29.49497395800006 ], [ 81.735186202000079, 29.489990896000052 ], [ 81.731026514000064, 29.490081459000066 ], [ 81.728292952000061, 29.488770084000066 ], [ 81.726003202000072, 29.488672084000029 ], [ 81.721046515000069, 29.484805522000045 ], [ 81.720225327000037, 29.483801646000074 ], [ 81.720002514000043, 29.47809120900007 ], [ 81.719542702000069, 29.476593584000057 ], [ 81.717343889000063, 29.475450521000027 ], [ 81.716577139000037, 29.474202708000064 ], [ 81.71539970200007, 29.472476584000049 ], [ 81.713481640000055, 29.47128233400008 ], [ 81.709195702000045, 29.466649272000041 ], [ 81.707718077000038, 29.462122959000055 ], [ 81.70795920200004, 29.458424459000071 ], [ 81.709302452000031, 29.451796521000063 ], [ 81.710173702000077, 29.449863209000057 ], [ 81.710078451000072, 29.446263459000079 ], [ 81.71116788900008, 29.443469459000028 ], [ 81.711456327000064, 29.438541271000076 ], [ 81.711198327000034, 29.435826646000066 ], [ 81.713318577000052, 29.433875334000049 ], [ 81.717697265000083, 29.43189827100008 ], [ 81.719120952000083, 29.430785271000047 ], [ 81.718912701000079, 29.429114834000075 ], [ 81.716991389000043, 29.425328709000041 ], [ 81.718629202000045, 29.416756833000079 ], [ 81.718389640000055, 29.412643521000064 ], [ 81.720344140000066, 29.409204147000025 ], [ 81.719651077000037, 29.406455834000042 ], [ 81.717978014000039, 29.402372771000046 ], [ 81.719666139000083, 29.398905521000074 ], [ 81.721589327000061, 29.39672958400007 ], [ 81.725509702000068, 29.393671959000073 ], [ 81.725012702000072, 29.388872021000054 ], [ 81.725613015000079, 29.384533084000054 ], [ 81.724655264000035, 29.381968958000073 ], [ 81.724467577000041, 29.377289146000066 ], [ 81.724832889000083, 29.375408083000025 ], [ 81.726360015000068, 29.373114646000033 ], [ 81.729215640000064, 29.370407833000058 ], [ 81.728691390000051, 29.365682521000053 ], [ 81.73271395200004, 29.361347333000026 ], [ 81.736308327000074, 29.354104458000052 ], [ 81.740650452000068, 29.351513271000044 ], [ 81.741423889000032, 29.349862209000037 ], [ 81.744336702000055, 29.347375896000074 ], [ 81.744722515000035, 29.344486271000051 ], [ 81.746085514000072, 29.342931146000069 ], [ 81.74819807700004, 29.342138833000035 ], [ 81.749153952000086, 29.346620271000063 ], [ 81.752167702000065, 29.348626833000026 ], [ 81.75434457700004, 29.352350146000049 ], [ 81.752203764000058, 29.353530771000067 ], [ 81.752834390000032, 29.356123646000071 ], [ 81.751882827000031, 29.35778477100007 ], [ 81.751859139000032, 29.359636959000056 ], [ 81.750969577000035, 29.362206834000062 ], [ 81.751483452000059, 29.366521521000038 ], [ 81.753783765000037, 29.36930127100004 ], [ 81.755215952000071, 29.372476084000027 ], [ 81.756926390000046, 29.37486883400004 ], [ 81.758343452000076, 29.37563902100004 ], [ 81.759354452000082, 29.377981583000064 ], [ 81.759169515000053, 29.37935189600006 ], [ 81.759982764000085, 29.382291021000071 ], [ 81.76152114000007, 29.383245521000049 ], [ 81.762162265000029, 29.385723271000074 ], [ 81.763724764000074, 29.386785771000064 ], [ 81.768331889000081, 29.385703646000024 ], [ 81.769034264000084, 29.386707958000045 ], [ 81.768714952000039, 29.390402521000055 ], [ 81.770643702000029, 29.392200521000063 ], [ 81.773615265000046, 29.390940396000076 ], [ 81.778608640000073, 29.391348958000037 ], [ 81.782235015000083, 29.390775022000071 ], [ 81.786146014000053, 29.389184271000033 ], [ 81.789456827000038, 29.388612021000029 ], [ 81.791154014000085, 29.388990021000041 ], [ 81.791245451000066, 29.39356639600004 ], [ 81.79226514000004, 29.395996646000071 ], [ 81.794378390000077, 29.398352646000035 ], [ 81.796314702000075, 29.399380896000025 ], [ 81.796831639000061, 29.402409646000024 ], [ 81.799643639000067, 29.407355584000072 ], [ 81.798258015000044, 29.40840152100003 ], [ 81.799475890000053, 29.412420834000045 ], [ 81.798557952000067, 29.414555771000039 ], [ 81.798957077000068, 29.417406958000072 ], [ 81.80059895200003, 29.420929647000037 ], [ 81.801343390000056, 29.427225584000041 ], [ 81.800845514000059, 29.42912339600008 ], [ 81.803615764000085, 29.431184271000063 ], [ 81.805972015000066, 29.437405021000075 ], [ 81.807245452000075, 29.439319209000075 ], [ 81.805419139000037, 29.442210896000063 ], [ 81.804977015000077, 29.447340958000041 ], [ 81.80709089000004, 29.452604459000042 ], [ 81.809636592000061, 29.453908670000033 ] ] ] } },
{ "type": "Feature", "properties": { "STATE_CODE": 7, "DISTRICT": "BAJURA", "GaPa_NaPa": "Tribeni", "Type_GN": "Nagarpalika", "Province": "Sudur Pashchim" }, "geometry": { "type": "Polygon", "coordinates": [ [ [ 81.560508576000075, 29.36190689600005 ], [ 81.558632764000038, 29.358891897000035 ], [ 81.555764951000072, 29.357764646000078 ], [ 81.549966014000063, 29.356153208000023 ], [ 81.546848452000063, 29.357659396000031 ], [ 81.544308639000064, 29.356562146000044 ], [ 81.542840702000035, 29.355092771000045 ], [ 81.539992764000033, 29.354014771000038 ], [ 81.538462827000046, 29.352358396000056 ], [ 81.535927952000065, 29.351671521000071 ], [ 81.532856139000046, 29.350228771000047 ], [ 81.529209389000073, 29.351495334000049 ], [ 81.526761265000061, 29.351638084000058 ], [ 81.524909514000058, 29.35032570900006 ], [ 81.520416451000074, 29.348231834000046 ], [ 81.513140952000072, 29.34940814600003 ], [ 81.511154202000057, 29.349106833000064 ], [ 81.508562452000035, 29.350652958000069 ], [ 81.506704765000052, 29.352514333000045 ], [ 81.503576076000058, 29.35264802100005 ], [ 81.501140452000072, 29.351281021000034 ], [ 81.496830076000037, 29.349869271000046 ], [ 81.490874702000042, 29.348921271000052 ], [ 81.489829952000036, 29.347185896000042 ], [ 81.483958202000053, 29.347126021000065 ], [ 81.480988389000061, 29.346108084000036 ], [ 81.479606265000029, 29.346920708000027 ], [ 81.477941702000066, 29.346128083000053 ], [ 81.474129701000038, 29.347129771000027 ], [ 81.471723389000033, 29.34907833300008 ], [ 81.46293376400007, 29.348664708000058 ], [ 81.462061702000085, 29.34900383300004 ], [ 81.455704702000048, 29.349438521000025 ], [ 81.454349076000085, 29.350771896000026 ], [ 81.452353139000081, 29.349966521000056 ], [ 81.448347514000034, 29.350079334000043 ], [ 81.447342764000041, 29.350554209000052 ], [ 81.443425952000041, 29.350501834000056 ], [ 81.442547326000067, 29.352025208000043 ], [ 81.439359702000047, 29.354036646000054 ], [ 81.440215201000058, 29.356862771000067 ], [ 81.439815327000076, 29.358501896000064 ], [ 81.436851576000038, 29.359481646000063 ], [ 81.437713139000039, 29.361163959000066 ], [ 81.434602077000079, 29.365385833000062 ], [ 81.430505452000034, 29.366666959000042 ], [ 81.431357951000052, 29.370181083000034 ], [ 81.428516701000035, 29.372534146000078 ], [ 81.42467988900006, 29.373967583000024 ], [ 81.422945514000048, 29.374194208000063 ], [ 81.421839201000068, 29.376205397000035 ], [ 81.41786445200006, 29.378936271000043 ], [ 81.41298295100006, 29.38742458400003 ], [ 81.412582764000035, 29.388950772000044 ], [ 81.409772076000081, 29.392907209000043 ], [ 81.407893139000066, 29.393625834000034 ], [ 81.407054577000054, 29.395568458000071 ], [ 81.405389514000035, 29.397125583000047 ], [ 81.403642827000056, 29.397613584000055 ], [ 81.39928245200008, 29.397753084000044 ], [ 81.397907889000066, 29.398539959000061 ], [ 81.395685514000036, 29.397608209000055 ], [ 81.39503751400008, 29.395097021000026 ], [ 81.392275639000047, 29.393183208000039 ], [ 81.390764389000083, 29.391412271000036 ], [ 81.387394014000051, 29.39048589600003 ], [ 81.385885451000036, 29.389393896000058 ], [ 81.383511077000037, 29.388719459000072 ], [ 81.381413952000059, 29.387274959000024 ], [ 81.377894201000061, 29.387183459000028 ], [ 81.376484389000041, 29.385222584000076 ], [ 81.374619076000045, 29.384244271000057 ], [ 81.373617014000047, 29.382293521000065 ], [ 81.369095764000065, 29.380329959000051 ], [ 81.365218201000062, 29.379871396000055 ], [ 81.363480014000061, 29.378725646000078 ], [ 81.359368139000082, 29.376995209000029 ], [ 81.357884264000063, 29.375625396000032 ], [ 81.356702139000049, 29.373059083000044 ], [ 81.356593452000084, 29.371261459000038 ], [ 81.352753577000044, 29.366861396000047 ], [ 81.351010451000036, 29.364174646000038 ], [ 81.349117764000084, 29.36254864600005 ], [ 81.345415451000065, 29.360938584000053 ], [ 81.340942702000063, 29.357812146000072 ], [ 81.338972389000048, 29.355606397000031 ], [ 81.337008077000064, 29.355187271000034 ], [ 81.333994326000038, 29.353753271000073 ], [ 81.331486389000077, 29.350833646000069 ], [ 81.328705639000077, 29.350136709000026 ], [ 81.32518020100008, 29.348024771000041 ], [ 81.324535639000032, 29.345736646000034 ], [ 81.320985389000043, 29.343656208000027 ], [ 81.320496951000052, 29.342274521000036 ], [ 81.318097952000073, 29.341474896000079 ], [ 81.317962014000045, 29.338738833000036 ], [ 81.316020264000031, 29.337369584000044 ], [ 81.31547957600003, 29.335473646000025 ], [ 81.312413389000085, 29.333236271000033 ], [ 81.311846389000038, 29.331137334000061 ], [ 81.309464638000065, 29.327425146000053 ], [ 81.306343764000076, 29.323780021000061 ], [ 81.304754889000037, 29.322531583000057 ], [ 81.305795264000039, 29.320271021000053 ], [ 81.308066514000075, 29.321359958000073 ], [ 81.310215139000036, 29.323177709000049 ], [ 81.310552764000079, 29.324801209000043 ], [ 81.314483451000058, 29.324252896000075 ], [ 81.318745577000072, 29.323085459000026 ], [ 81.319781764000084, 29.321842271000037 ], [ 81.319008264000047, 29.320623646000058 ], [ 81.319294451000076, 29.318899459000079 ], [ 81.321830576000082, 29.31823689600003 ], [ 81.322509514000046, 29.315783084000032 ], [ 81.324105577000068, 29.313983459000042 ], [ 81.328310827000053, 29.314911709000057 ], [ 81.331778701000076, 29.314063959000066 ], [ 81.33159020100004, 29.312505646000034 ], [ 81.333967389000065, 29.307759958000076 ], [ 81.333978889000036, 29.30496039600007 ], [ 81.335678452000082, 29.30303402100003 ], [ 81.33864845100004, 29.301603084000078 ], [ 81.34222726400003, 29.301785709000058 ], [ 81.341635826000072, 29.299034959000039 ], [ 81.343580139000039, 29.295921333000024 ], [ 81.345359764000079, 29.291698208000071 ], [ 81.350219576000029, 29.290826021000044 ], [ 81.350401265000073, 29.289203583000074 ], [ 81.352430389000062, 29.28656333400005 ], [ 81.354924702000062, 29.286191271000064 ], [ 81.35710126400005, 29.283988271000055 ], [ 81.359227326000052, 29.28542402100004 ], [ 81.360096389000034, 29.284099709000031 ], [ 81.366558202000078, 29.284118271000068 ], [ 81.36829732700005, 29.284528521000027 ], [ 81.370724639000059, 29.286294958000042 ], [ 81.373530201000051, 29.290695208000045 ], [ 81.375089514000081, 29.292035396000074 ], [ 81.379045764000068, 29.292739334000032 ], [ 81.381774326000084, 29.295307833000038 ], [ 81.384511326000052, 29.296667021000076 ], [ 81.383616327000084, 29.300446021000027 ], [ 81.383801014000085, 29.302685584000074 ], [ 81.388021701000071, 29.30122289600007 ], [ 81.389578014000051, 29.299988896000059 ], [ 81.391406701000051, 29.296615459000066 ], [ 81.394721077000042, 29.29296464600003 ], [ 81.396462327000052, 29.289704209000035 ], [ 81.397328451000078, 29.285733521000054 ], [ 81.398551639000061, 29.28446652100007 ], [ 81.403088515000036, 29.284789021000051 ], [ 81.406943389000048, 29.284138958000028 ], [ 81.412349014000085, 29.280837771000051 ], [ 81.415662139000062, 29.279415334000078 ], [ 81.416045015000066, 29.278482458000042 ], [ 81.418560576000061, 29.27679845800003 ], [ 81.419108202000075, 29.278418646000034 ], [ 81.422345264000057, 29.282160083000065 ], [ 81.428204139000059, 29.285277146000055 ], [ 81.431260764000058, 29.286514834000059 ], [ 81.434441264000043, 29.287068521000037 ], [ 81.43804545100005, 29.286481521000042 ], [ 81.444760827000039, 29.287381958000026 ], [ 81.449998639000057, 29.285085959000071 ], [ 81.453643389000035, 29.282080083000039 ], [ 81.457389577000072, 29.280070833000025 ], [ 81.45957926400007, 29.279894146000061 ], [ 81.460572326000033, 29.278848458000027 ], [ 81.466121201000078, 29.274671583000043 ], [ 81.468047889000047, 29.271865271000024 ], [ 81.469828389000043, 29.271845521000046 ], [ 81.474615826000047, 29.274819896000054 ], [ 81.47786801400008, 29.275620459000038 ], [ 81.480613702000085, 29.277710834000061 ], [ 81.485631139000077, 29.279560583000034 ], [ 81.489457702000038, 29.286747459000026 ], [ 81.492533326000057, 29.290577958000029 ], [ 81.497569827000063, 29.293530334000025 ], [ 81.501768889000061, 29.29726839600005 ], [ 81.505589702000066, 29.303182459000027 ], [ 81.506669326000065, 29.306291521000048 ], [ 81.506545076000066, 29.307844021000051 ], [ 81.507570077000082, 29.309389959000043 ], [ 81.509734764000029, 29.314565708000032 ], [ 81.512851014000034, 29.312688146000028 ], [ 81.514288451000084, 29.313160896000056 ], [ 81.516595702000075, 29.312060146000078 ], [ 81.518061202000069, 29.312365771000032 ], [ 81.519862514000067, 29.314921459000061 ], [ 81.523017827000047, 29.315576896000039 ], [ 81.525655702000051, 29.315079271000059 ], [ 81.526409639000065, 29.317535209000027 ], [ 81.528386639000075, 29.320405896000068 ], [ 81.530683202000034, 29.32605452100006 ], [ 81.533508827000048, 29.32736520800006 ], [ 81.53767588900007, 29.331099959000028 ], [ 81.54223113900008, 29.332245583000031 ], [ 81.545641139000054, 29.334902646000046 ], [ 81.54995907700004, 29.339281583000059 ], [ 81.552369514000077, 29.345705396000028 ], [ 81.552161514000034, 29.349502896000047 ], [ 81.556874389000029, 29.35471689600007 ], [ 81.560230201000081, 29.357865584000024 ], [ 81.561098451000078, 29.358996583000078 ], [ 81.560508576000075, 29.36190689600005 ] ] ] } },
{ "type": "Feature", "properties": { "STATE_CODE": 7, "DISTRICT": "BAJURA", "GaPa_NaPa": "Khaptad National Park", "Type_GN": "National Park", "Province": "Sudur Pashchim" }, "geometry": { "type": "Polygon", "coordinates": [ [ [ 81.193822702000034, 29.371712396000078 ], [ 81.192056826000055, 29.376542584000049 ], [ 81.192423388000066, 29.378694146000043 ], [ 81.193944702000067, 29.380052271000068 ], [ 81.197917577000055, 29.38221889600004 ], [ 81.201295326000036, 29.385245771000029 ], [ 81.212974827000039, 29.392448709000064 ], [ 81.218578013000069, 29.395548271000052 ], [ 81.221465764000072, 29.398142396000026 ], [ 81.224399639000069, 29.399971458000039 ], [ 81.224204451000048, 29.403351084000064 ], [ 81.226146764000077, 29.405671397000049 ], [ 81.228644951000035, 29.410280396000076 ], [ 81.228836951000062, 29.411613334000037 ], [ 81.221619763000035, 29.408868834000032 ], [ 81.220754201000034, 29.406113583000035 ], [ 81.218247514000041, 29.405154396000057 ], [ 81.214016076000064, 29.404554458000064 ], [ 81.21145788900003, 29.401835646000052 ], [ 81.206416014000069, 29.39739270900003 ], [ 81.20375720100003, 29.395702583000059 ], [ 81.201472264000074, 29.398553021000055 ], [ 81.199123639000049, 29.399357397000074 ], [ 81.197353452000073, 29.401054209000051 ], [ 81.194833577000054, 29.401775333000046 ], [ 81.192648764000069, 29.399524833000044 ], [ 81.189885264000054, 29.397717271000033 ], [ 81.188513662000048, 29.39781811000006 ], [ 81.185616952000032, 29.396083272000055 ], [ 81.184380576000081, 29.396015084000055 ], [ 81.179503827000076, 29.392888271000061 ], [ 81.177551576000042, 29.392780396000035 ], [ 81.176603951000061, 29.391150584000059 ], [ 81.17290870100004, 29.389143146000038 ], [ 81.171728514000051, 29.386627084000054 ], [ 81.173970264000047, 29.385821083000053 ], [ 81.17798076400004, 29.385407459000078 ], [ 81.179402951000043, 29.384410708000075 ], [ 81.180844138000054, 29.380754209000031 ], [ 81.18725420100003, 29.37659227100005 ], [ 81.187885513000083, 29.374809208000045 ], [ 81.190829139000073, 29.374089896000044 ], [ 81.193822702000034, 29.371712396000078 ] ] ] } },
{ "type": "Feature", "properties": { "STATE_CODE": 7, "DISTRICT": "BAJHANG", "GaPa_NaPa": "Bithadchir", "Type_GN": "Gaunpalika", "Province": "Sudur Pashchim" }, "geometry": { "type": "Polygon", "coordinates": [ [ [ 80.86073607600008, 29.545582459000059 ], [ 80.85694307600005, 29.545418271000074 ], [ 80.852320451000082, 29.543398771000057 ], [ 80.849568951000037, 29.546001209000053 ], [ 80.846448826000085, 29.547865459000036 ], [ 80.843215327000053, 29.548563208000076 ], [ 80.841730951000045, 29.547442584000066 ], [ 80.841150139000035, 29.545752272000072 ], [ 80.839910701000065, 29.545207084000026 ], [ 80.83510807600004, 29.545979522000039 ], [ 80.832963514000085, 29.548692834000065 ], [ 80.831988202000048, 29.551843021000025 ], [ 80.831524138000077, 29.555264646000069 ], [ 80.832267264000052, 29.557843959000024 ], [ 80.831710701000077, 29.561416584000028 ], [ 80.830156138000063, 29.563512459000037 ], [ 80.825485263000076, 29.56609833400006 ], [ 80.823913764000054, 29.567391147000023 ], [ 80.821446576000085, 29.568051083000057 ], [ 80.818422889000033, 29.567092771000034 ], [ 80.813071138000055, 29.562557834000074 ], [ 80.808782389000044, 29.562944272000038 ], [ 80.806879201000072, 29.563697209000054 ], [ 80.804599452000048, 29.56268102100006 ], [ 80.799764389000075, 29.56232639600006 ], [ 80.797092889000055, 29.562561459000051 ], [ 80.793849201000057, 29.561638334000065 ], [ 80.792025451000029, 29.562621334000028 ], [ 80.787552513000037, 29.561892334000049 ], [ 80.786683076000031, 29.563054959000056 ], [ 80.783403889000056, 29.563690334000057 ], [ 80.778236638000067, 29.562614772000074 ], [ 80.778598388000034, 29.560772396000061 ], [ 80.776325451000048, 29.558420271000045 ], [ 80.776069076000056, 29.556777583000041 ], [ 80.774456201000078, 29.553693334000059 ], [ 80.77298120100005, 29.551852334000046 ], [ 80.771349014000066, 29.55369027100005 ], [ 80.769115764000048, 29.553853397000069 ], [ 80.763567951000084, 29.555731772000058 ], [ 80.762204202000078, 29.555605271000047 ], [ 80.757898139000076, 29.556526896000037 ], [ 80.756549764000056, 29.556204709000042 ], [ 80.752497451000067, 29.553717771000038 ], [ 80.749998201000039, 29.55326277100005 ], [ 80.749008951000064, 29.551434959000062 ], [ 80.74854732700004, 29.548008959000072 ], [ 80.748386701000072, 29.543251583000028 ], [ 80.747748326000078, 29.54206664700007 ], [ 80.748539013000084, 29.539264583000033 ], [ 80.74919701400006, 29.532475021000039 ], [ 80.750000072000034, 29.530654423000044 ], [ 80.751366138000037, 29.529891771000052 ], [ 80.755287513000042, 29.529758771000047 ], [ 80.758888764000062, 29.528064458000074 ], [ 80.762294576000045, 29.528147271000023 ], [ 80.765435764000074, 29.526485771000068 ], [ 80.770190451000076, 29.52617377100006 ], [ 80.772497638000061, 29.524535458000059 ], [ 80.77518445100003, 29.524093334000042 ], [ 80.777606701000082, 29.524462896000045 ], [ 80.782329701000037, 29.523252521000074 ], [ 80.783385014000032, 29.521575896000058 ], [ 80.782808263000049, 29.520068084000059 ], [ 80.78349051400005, 29.517754647000061 ], [ 80.786570576000031, 29.513570521000076 ], [ 80.787979076000056, 29.507727834000036 ], [ 80.790022951000083, 29.506774584000027 ], [ 80.794325513000047, 29.506558022000036 ], [ 80.797021138000048, 29.50771039600005 ], [ 80.80037320100007, 29.511011271000029 ], [ 80.800785888000064, 29.512166896000053 ], [ 80.802808201000062, 29.512853397000072 ], [ 80.806376826000076, 29.515218271000037 ], [ 80.808567076000031, 29.513913083000034 ], [ 80.811740138000062, 29.513376208000068 ], [ 80.815894826000033, 29.514306896000051 ], [ 80.817970388000049, 29.515936208000028 ], [ 80.819980326000064, 29.51335602100005 ], [ 80.824396076000085, 29.511002271000052 ], [ 80.825639138000042, 29.508962396000072 ], [ 80.824252388000048, 29.503458521000027 ], [ 80.824304701000074, 29.500810209000065 ], [ 80.827567014000067, 29.500000083000032 ], [ 80.830826138000077, 29.497576959000071 ], [ 80.836343389000035, 29.494026396000038 ], [ 80.842524701000059, 29.490963584000042 ], [ 80.846595452000031, 29.489377959000024 ], [ 80.848152451000033, 29.487538959000062 ], [ 80.849325327000031, 29.484485833000065 ], [ 80.851890451000031, 29.481472646000043 ], [ 80.854371326000035, 29.47953758400007 ], [ 80.854048827000042, 29.477243021000049 ], [ 80.856509077000055, 29.475210896000078 ], [ 80.856583326000077, 29.472763334000035 ], [ 80.858088389000045, 29.469060771000045 ], [ 80.861161326000058, 29.467248084000062 ], [ 80.864966514000059, 29.465514959000075 ], [ 80.870098326000061, 29.466724709000061 ], [ 80.872801701000071, 29.466465646000074 ], [ 80.87480507600003, 29.464640271000064 ], [ 80.876607139000043, 29.464567521000049 ], [ 80.877827389000061, 29.462793271000066 ], [ 80.878560951000054, 29.458864209000069 ], [ 80.880393576000074, 29.455745959000069 ], [ 80.881273702000044, 29.45312089600003 ], [ 80.885662826000043, 29.446740583000064 ], [ 80.88480876300008, 29.443286084000079 ], [ 80.887043826000081, 29.441995396000038 ], [ 80.890644264000059, 29.442436021000049 ], [ 80.899216888000069, 29.444143709000059 ], [ 80.903413139000065, 29.443898709000052 ], [ 80.904457576000084, 29.443003834000024 ], [ 80.90995845100008, 29.441426334000028 ], [ 80.910011888000042, 29.444036396000058 ], [ 80.91234563900008, 29.444870396000056 ], [ 80.912167576000058, 29.44625320800003 ], [ 80.909794201000068, 29.450429459000077 ], [ 80.906572764000032, 29.451965709000035 ], [ 80.904774201000066, 29.455754334000062 ], [ 80.90243257700007, 29.457925084000067 ], [ 80.899257763000037, 29.462105084000029 ], [ 80.897567827000046, 29.466065146000062 ], [ 80.897603701000037, 29.470455021000078 ], [ 80.896674451000081, 29.473195271000066 ], [ 80.896631639000077, 29.475033771000028 ], [ 80.898813201000053, 29.477237209000066 ], [ 80.90003088900005, 29.483674146000055 ], [ 80.898288764000085, 29.486009896000041 ], [ 80.89881138800007, 29.490064084000039 ], [ 80.898375326000064, 29.492969334000065 ], [ 80.89760920100008, 29.494184709000024 ], [ 80.894775014000061, 29.496251083000061 ], [ 80.894409327000062, 29.497956209000051 ], [ 80.892259576000072, 29.500708896000049 ], [ 80.888392576000058, 29.503065334000041 ], [ 80.887149014000045, 29.506732334000048 ], [ 80.881933513000035, 29.508225709000044 ], [ 80.879782201000069, 29.508512459000031 ], [ 80.878431014000057, 29.510264083000038 ], [ 80.878975013000058, 29.512847522000072 ], [ 80.88064988800005, 29.514730459000077 ], [ 80.87999076300008, 29.516963146000023 ], [ 80.880605638000077, 29.521396459000073 ], [ 80.880165201000068, 29.523850459000073 ], [ 80.881071889000054, 29.527997521000032 ], [ 80.880229327000052, 29.531281334000028 ], [ 80.876872889000083, 29.532363334000024 ], [ 80.874315889000059, 29.535931959000038 ], [ 80.872220826000046, 29.536931522000032 ], [ 80.87248201400007, 29.539065833000052 ], [ 80.871675201000073, 29.541047958000036 ], [ 80.870267952000063, 29.541978271000062 ], [ 80.866713701000037, 29.541602521000073 ], [ 80.864471639000044, 29.542376271000023 ], [ 80.861380952000047, 29.541901584000072 ], [ 80.86073607600008, 29.545582459000059 ] ] ] } },
{ "type": "Feature", "properties": { "STATE_CODE": 7, "DISTRICT": "BAJHANG", "GaPa_NaPa": "Bungal", "Type_GN": "Nagarpalika", "Province": "Sudur Pashchim" }, "geometry": { "type": "Polygon", "coordinates": [ [ [ 81.105430139000077, 29.807993334000059 ], [ 81.103472264000061, 29.811067209000043 ], [ 81.10071051400007, 29.812301022000042 ], [ 81.097855388000085, 29.812724959000036 ], [ 81.093275514000084, 29.816339772000049 ], [ 81.091181514000084, 29.821407647000058 ], [ 81.090732701000036, 29.826154084000052 ], [ 81.091040014000043, 29.829803709000032 ], [ 81.088391576000049, 29.831598834000033 ], [ 81.085631139000043, 29.835232396000038 ], [ 81.08193426400004, 29.835112959000071 ], [ 81.077653577000035, 29.833674084000052 ], [ 81.073093264000079, 29.830390022000074 ], [ 81.071576639000057, 29.828408084000046 ], [ 81.072593826000059, 29.824464459000069 ], [ 81.071829764000086, 29.821891021000056 ], [ 81.072736514000042, 29.817453459000035 ], [ 81.071036014000072, 29.814826459000074 ], [ 81.072018889000049, 29.810551209000039 ], [ 81.070965388000047, 29.807716334000077 ], [ 81.071067264000078, 29.803206959000079 ], [ 81.069905326000082, 29.800036022000029 ], [ 81.069554264000033, 29.795944209000027 ], [ 81.064103077000084, 29.793813022000052 ], [ 81.064752264000049, 29.786806334000062 ], [ 81.065831264000053, 29.784283771000048 ], [ 81.065406952000046, 29.775538397000048 ], [ 81.061975326000038, 29.772090959000025 ], [ 81.064330952000034, 29.768539209000039 ], [ 81.062003576000052, 29.762278271000071 ], [ 81.060348389000069, 29.760972959000071 ], [ 81.058478764000085, 29.757739021000077 ], [ 81.057078514000068, 29.756661334000057 ], [ 81.054471951000039, 29.756344396000031 ], [ 81.049676514000055, 29.753961897000067 ], [ 81.046084576000055, 29.753336084000068 ], [ 81.043001826000079, 29.752315272000033 ], [ 81.039907076000077, 29.752674897000077 ], [ 81.039143889000059, 29.749681709000072 ], [ 81.036708451000038, 29.747397334000027 ], [ 81.034504264000077, 29.743563084000073 ], [ 81.032996764000075, 29.742329522000034 ], [ 81.031119014000069, 29.743230022000034 ], [ 81.026296388000048, 29.743605584000079 ], [ 81.021845638000059, 29.748108896000076 ], [ 81.019827701000054, 29.745560209000075 ], [ 81.01723107600003, 29.746135772000059 ], [ 81.01152701400008, 29.745944647000044 ], [ 81.009347263000052, 29.744446959000072 ], [ 81.00693551300003, 29.741322897000032 ], [ 81.004825826000058, 29.74060339600004 ], [ 81.000000014000079, 29.742638209000063 ], [ 80.998527201000059, 29.741936647000045 ], [ 80.989853951000043, 29.741148959000043 ], [ 80.988002951000055, 29.739003584000045 ], [ 80.985738014000049, 29.733963896000034 ], [ 80.984568826000043, 29.733293834000051 ], [ 80.982413389000044, 29.729848959000037 ], [ 80.977993139000034, 29.725927709000075 ], [ 80.97671488900005, 29.723917584000048 ], [ 80.976934388000075, 29.72190770900005 ], [ 80.973974701000031, 29.72216433400007 ], [ 80.965607201000068, 29.724711459000048 ], [ 80.962574264000068, 29.72538058300006 ], [ 80.959760514000038, 29.726527959000066 ], [ 80.95588563900003, 29.730704459000037 ], [ 80.953400951000049, 29.730926959000044 ], [ 80.95076926400003, 29.732489271000077 ], [ 80.947698326000079, 29.735517647000052 ], [ 80.941595888000052, 29.735451897000075 ], [ 80.939838264000059, 29.734763084000065 ], [ 80.935568827000054, 29.732130834000031 ], [ 80.933085514000084, 29.729770022000025 ], [ 80.928661326000054, 29.728621771000064 ], [ 80.920879452000065, 29.724651709000057 ], [ 80.915471076000074, 29.725194209000051 ], [ 80.908656638000082, 29.724682147000067 ], [ 80.905129014000067, 29.722647209000058 ], [ 80.901173639000035, 29.720799084000078 ], [ 80.898409701000048, 29.720327771000029 ], [ 80.896115826000084, 29.716407709000066 ], [ 80.892993326000067, 29.715493834000029 ], [ 80.89188695200005, 29.713889084000073 ], [ 80.883568451000031, 29.713347397000064 ], [ 80.881615326000031, 29.712068896000062 ], [ 80.879971264000062, 29.712200521000057 ], [ 80.872589951000066, 29.707400084000028 ], [ 80.866386202000058, 29.706347272000073 ], [ 80.865097013000081, 29.703501397000025 ], [ 80.864216264000049, 29.700087521000057 ], [ 80.86240820200004, 29.697922271000039 ], [ 80.860006889000033, 29.69599108400007 ], [ 80.853552139000044, 29.695796834000078 ], [ 80.84719407700004, 29.693405272000064 ], [ 80.844973264000032, 29.691322897000077 ], [ 80.84210538800005, 29.687412459000029 ], [ 80.840365514000041, 29.687265959000058 ], [ 80.838057389000085, 29.689043021000032 ], [ 80.833491202000062, 29.689820084000075 ], [ 80.832157513000084, 29.691257646000054 ], [ 80.83000476400008, 29.690442709000024 ], [ 80.828789577000066, 29.687912459000074 ], [ 80.825411014000053, 29.686319959000059 ], [ 80.82217188900006, 29.687576647000071 ], [ 80.817596889000072, 29.686895959000026 ], [ 80.814153389000069, 29.684391771000037 ], [ 80.812948702000085, 29.684119334000059 ], [ 80.808214014000043, 29.685662334000028 ], [ 80.805693826000038, 29.686976021000078 ], [ 80.802236639000057, 29.687146896000058 ], [ 80.797696555000073, 29.688312604000032 ], [ 80.796661451000034, 29.686897084000066 ], [ 80.796687889000054, 29.683549521000032 ], [ 80.793940452000072, 29.682056459000023 ], [ 80.793266576000065, 29.680744771000036 ], [ 80.793867639000041, 29.678007147000073 ], [ 80.791023577000033, 29.679011022000054 ], [ 80.789231951000033, 29.677938959000073 ], [ 80.786794076000035, 29.67970589600003 ], [ 80.78456632700005, 29.680250396000076 ], [ 80.782020389000081, 29.677839334000055 ], [ 80.781298638000067, 29.675909396000065 ], [ 80.781256013000075, 29.671591771000067 ], [ 80.780531014000076, 29.670158084000036 ], [ 80.781135389000042, 29.667801771000029 ], [ 80.780377764000036, 29.665644021000048 ], [ 80.778652389000058, 29.667657834000067 ], [ 80.776834139000073, 29.668705959000079 ], [ 80.772842076000074, 29.668782646000068 ], [ 80.771845764000034, 29.668298209000056 ], [ 80.76716538900007, 29.66360252100003 ], [ 80.764716264000072, 29.661964959000045 ], [ 80.766133076000074, 29.659010146000071 ], [ 80.765304763000074, 29.656437022000034 ], [ 80.765907452000079, 29.651161771000034 ], [ 80.763654951000035, 29.647480834000078 ], [ 80.768378326000061, 29.645014522000054 ], [ 80.770252076000077, 29.64482152100004 ], [ 80.773233701000038, 29.642318209000052 ], [ 80.777529763000075, 29.642242021000072 ], [ 80.78041651400008, 29.644076272000063 ], [ 80.786027576000038, 29.645463771000038 ], [ 80.787662701000045, 29.644209896000064 ], [ 80.791318201000081, 29.643130647000078 ], [ 80.792557138000063, 29.641377584000054 ], [ 80.785317952000071, 29.634697834000065 ], [ 80.783176327000035, 29.634243209000033 ], [ 80.782564889000071, 29.632933896000054 ], [ 80.783800701000075, 29.630555959000048 ], [ 80.783850764000078, 29.628124272000036 ], [ 80.785550139000065, 29.625616334000028 ], [ 80.785168952000049, 29.623520022000037 ], [ 80.786565576000044, 29.617217209000046 ], [ 80.78944788900003, 29.613310271000046 ], [ 80.787600951000059, 29.607938459000025 ], [ 80.787703638000039, 29.604351896000026 ], [ 80.78830638800008, 29.602667771000029 ], [ 80.78680451300005, 29.597373209000068 ], [ 80.782842138000035, 29.590170646000047 ], [ 80.780440889000033, 29.589194459000055 ], [ 80.779461076000075, 29.586833209000076 ], [ 80.779015326000035, 29.583044959000063 ], [ 80.780290388000083, 29.579586584000026 ], [ 80.778657202000034, 29.578043146000027 ], [ 80.778758638000056, 29.575020521000056 ], [ 80.78163538900003, 29.572067896000078 ], [ 80.781084451000083, 29.569948709000073 ], [ 80.778542576000063, 29.568606896000063 ], [ 80.777272826000058, 29.566303709000067 ], [ 80.778236638000067, 29.562614772000074 ], [ 80.783403889000056, 29.563690334000057 ], [ 80.786683076000031, 29.563054959000056 ], [ 80.787552513000037, 29.561892334000049 ], [ 80.792025451000029, 29.562621334000028 ], [ 80.793849201000057, 29.561638334000065 ], [ 80.797092889000055, 29.562561459000051 ], [ 80.799764389000075, 29.56232639600006 ], [ 80.804599452000048, 29.56268102100006 ], [ 80.806879201000072, 29.563697209000054 ], [ 80.808782389000044, 29.562944272000038 ], [ 80.813071138000055, 29.562557834000074 ], [ 80.818422889000033, 29.567092771000034 ], [ 80.821446576000085, 29.568051083000057 ], [ 80.823913764000054, 29.567391147000023 ], [ 80.825485263000076, 29.56609833400006 ], [ 80.830156138000063, 29.563512459000037 ], [ 80.831710701000077, 29.561416584000028 ], [ 80.832267264000052, 29.557843959000024 ], [ 80.831524138000077, 29.555264646000069 ], [ 80.831988202000048, 29.551843021000025 ], [ 80.832963514000085, 29.548692834000065 ], [ 80.83510807600004, 29.545979522000039 ], [ 80.839910701000065, 29.545207084000026 ], [ 80.841150139000035, 29.545752272000072 ], [ 80.841730951000045, 29.547442584000066 ], [ 80.843215327000053, 29.548563208000076 ], [ 80.846448826000085, 29.547865459000036 ], [ 80.849568951000037, 29.546001209000053 ], [ 80.852320451000082, 29.543398771000057 ], [ 80.85694307600005, 29.545418271000074 ], [ 80.86073607600008, 29.545582459000059 ], [ 80.860476326000082, 29.548769708000066 ], [ 80.862986826000053, 29.553493834000051 ], [ 80.86279988900003, 29.556712709000067 ], [ 80.86435920100007, 29.563572084000043 ], [ 80.865927013000032, 29.56417827100006 ], [ 80.866141889000062, 29.567336646000058 ], [ 80.86704951400003, 29.570558959000039 ], [ 80.868798451000032, 29.572410397000056 ], [ 80.871387389000063, 29.573240896000073 ], [ 80.874525763000065, 29.572765584000024 ], [ 80.874710138000069, 29.571076147000042 ], [ 80.876936889000035, 29.570024771000078 ], [ 80.880628201000036, 29.566662396000027 ], [ 80.881671826000058, 29.564615021000066 ], [ 80.883182389000069, 29.563813271000072 ], [ 80.883440514000085, 29.561199083000076 ], [ 80.88092501400007, 29.560048521000056 ], [ 80.875825576000068, 29.556867646000057 ], [ 80.87411901400003, 29.554819959000042 ], [ 80.874391139000068, 29.553056146000074 ], [ 80.877584451000075, 29.553054646000078 ], [ 80.88217145200008, 29.552145146000043 ], [ 80.889066076000063, 29.554091146000076 ], [ 80.890671202000078, 29.553932333000034 ], [ 80.893262451000055, 29.552596709000056 ], [ 80.896582451000086, 29.551674396000067 ], [ 80.898705389000042, 29.553167146000078 ], [ 80.904383014000075, 29.558007896000049 ], [ 80.90485876300005, 29.559785834000024 ], [ 80.90911913900004, 29.563100396000038 ], [ 80.912490827000056, 29.564217084000063 ], [ 80.915497514000037, 29.56448527200007 ], [ 80.916927201000078, 29.56352739600004 ], [ 80.922221639000043, 29.563122271000054 ], [ 80.925664514000061, 29.563284396000029 ], [ 80.928680513000074, 29.564465896000058 ], [ 80.931431514000053, 29.567090896000025 ], [ 80.931691889000035, 29.568830272000071 ], [ 80.934138263000079, 29.572386709000057 ], [ 80.934517763000031, 29.574112709000076 ], [ 80.939527077000037, 29.578265771000076 ], [ 80.940998576000084, 29.576892584000063 ], [ 80.94372270100007, 29.57621927200006 ], [ 80.947093826000071, 29.573750521000079 ], [ 80.950920451000059, 29.573533147000035 ], [ 80.954852389000052, 29.574468459000059 ], [ 80.957166139000037, 29.577189771000064 ], [ 80.962192764000065, 29.57937270900004 ], [ 80.965453139000033, 29.579869897000037 ], [ 80.966287451000085, 29.580709271000046 ], [ 80.970180514000049, 29.58227577100007 ], [ 80.972906013000056, 29.582452334000038 ], [ 80.976970764000043, 29.582092147000026 ], [ 80.979564139000047, 29.58266558400004 ], [ 80.98144476300007, 29.585690896000074 ], [ 80.984356576000039, 29.58923745900006 ], [ 80.986291639000058, 29.594845708000037 ], [ 80.989114264000079, 29.594543646000034 ], [ 80.989443264000045, 29.595346771000038 ], [ 80.990030639000054, 29.601518772000077 ], [ 80.989860638000039, 29.606835771000078 ], [ 80.992022076000069, 29.60993995900003 ], [ 80.993206764000035, 29.610176896000041 ], [ 80.995685951000041, 29.612999022000054 ], [ 80.996177389000081, 29.614722521000033 ], [ 80.994709514000078, 29.617016647000071 ], [ 80.99607013800005, 29.618155834000049 ], [ 80.997178014000042, 29.620353084000044 ], [ 80.999147639000057, 29.620574146000024 ], [ 81.002190139000049, 29.622351834000028 ], [ 81.004677389000051, 29.626349021000067 ], [ 81.010137076000035, 29.625748647000023 ], [ 81.013224327000046, 29.626684584000031 ], [ 81.019627014000037, 29.625871647000054 ], [ 81.025116764000074, 29.630653084000073 ], [ 81.025545514000044, 29.631352334000042 ], [ 81.025745889000063, 29.632351584000048 ], [ 81.024174764000065, 29.637247022000054 ], [ 81.02520432700004, 29.639094334000049 ], [ 81.02989388900005, 29.642427459000032 ], [ 81.031667326000047, 29.644924272000026 ], [ 81.032811951000042, 29.647883647000072 ], [ 81.033213013000079, 29.650267896000059 ], [ 81.034643451000079, 29.652940708000074 ], [ 81.040993701000048, 29.660006333000069 ], [ 81.042196826000065, 29.665025146000062 ], [ 81.043628326000032, 29.669107709000059 ], [ 81.044373514000085, 29.672766396000043 ], [ 81.041886826000052, 29.675789958000053 ], [ 81.041001014000074, 29.678075396000054 ], [ 81.043519014000083, 29.680808647000049 ], [ 81.048497577000035, 29.684689146000039 ], [ 81.048641014000054, 29.686186959000054 ], [ 81.052503264000052, 29.687660772000072 ], [ 81.055936889000066, 29.690591959000074 ], [ 81.056911326000034, 29.693551147000051 ], [ 81.061890638000079, 29.697358959000042 ], [ 81.063750764000076, 29.698456709000027 ], [ 81.066039327000055, 29.698780334000048 ], [ 81.073132389000079, 29.697353209000028 ], [ 81.075047264000034, 29.695053459000064 ], [ 81.075961076000056, 29.693018146000043 ], [ 81.081508013000075, 29.690204209000058 ], [ 81.08385220200006, 29.691508834000047 ], [ 81.085381514000062, 29.693492959000025 ], [ 81.086128951000035, 29.696300959000041 ], [ 81.091387702000077, 29.703743834000079 ], [ 81.091785388000062, 29.705248209000047 ], [ 81.091778201000068, 29.709089834000054 ], [ 81.092482076000067, 29.713702397000077 ], [ 81.093748951000066, 29.715003146000072 ], [ 81.090193139000064, 29.717058397000073 ], [ 81.087087014000076, 29.721093834000044 ], [ 81.087536826000076, 29.722345459000053 ], [ 81.091159577000042, 29.727628397000046 ], [ 81.092240577000041, 29.732561021000038 ], [ 81.094336014000078, 29.734776959000044 ], [ 81.095863638000083, 29.737530209000056 ], [ 81.094490826000083, 29.740348647000076 ], [ 81.093449576000069, 29.746431021000035 ], [ 81.090907826000034, 29.751566959000058 ], [ 81.091523389000031, 29.752922209000076 ], [ 81.091519514000083, 29.755760021000071 ], [ 81.09304432600004, 29.757967334000057 ], [ 81.091810014000032, 29.766389021000066 ], [ 81.092718514000069, 29.768098271000042 ], [ 81.095923577000065, 29.770268334000036 ], [ 81.097280013000045, 29.773154709000039 ], [ 81.099469076000048, 29.775609646000078 ], [ 81.100701576000063, 29.778191521000053 ], [ 81.101346077000073, 29.781382959000041 ], [ 81.103006701000083, 29.782737396000073 ], [ 81.102857327000038, 29.786516022000058 ], [ 81.10475107600007, 29.789622959000042 ], [ 81.105162513000039, 29.791113647000032 ], [ 81.103482014000065, 29.793553459000066 ], [ 81.103979389000074, 29.798046584000076 ], [ 81.105112576000067, 29.799590834000071 ], [ 81.104922077000083, 29.802334021000036 ], [ 81.105430139000077, 29.807993334000059 ] ] ] } },
{ "type": "Feature", "properties": { "STATE_CODE": 7, "DISTRICT": "BAJHANG", "GaPa_NaPa": "Chabispathivera", "Type_GN": "Gaunpalika", "Province": "Sudur Pashchim" }, "geometry": { "type": "Polygon", "coordinates": [ [ [ 81.114946389000067, 29.566269272000056 ], [ 81.109138702000052, 29.568202959000075 ], [ 81.105146264000041, 29.571328271000027 ], [ 81.100793451000072, 29.572723459000031 ], [ 81.099398638000082, 29.572749333000047 ], [ 81.097232889000054, 29.574544334000052 ], [ 81.093705138000075, 29.576714709000044 ], [ 81.09278295200005, 29.581484209000052 ], [ 81.092007827000032, 29.583731583000031 ], [ 81.089825889000053, 29.583757896000066 ], [ 81.087734702000034, 29.585106022000048 ], [ 81.085975389000055, 29.59008358400007 ], [ 81.085019764000037, 29.591259459000071 ], [ 81.084125826000047, 29.594512959000042 ], [ 81.08343870200008, 29.595061583000074 ], [ 81.077819577000071, 29.59633277100005 ], [ 81.07378495100005, 29.597902834000024 ], [ 81.071274014000039, 29.59796970900004 ], [ 81.066998139000077, 29.596717646000059 ], [ 81.064755888000036, 29.596457084000065 ], [ 81.061815701000057, 29.59795633300007 ], [ 81.060378388000061, 29.597751709000079 ], [ 81.058040514000083, 29.596277459000078 ], [ 81.052755139000055, 29.595871334000037 ], [ 81.054205201000059, 29.600224522000076 ], [ 81.05337313900003, 29.602850646000036 ], [ 81.053067327000065, 29.609178396000061 ], [ 81.05318445100005, 29.613455397000052 ], [ 81.051644889000045, 29.618145897000034 ], [ 81.047001264000073, 29.620559084000035 ], [ 81.042815451000081, 29.622162146000051 ], [ 81.041025139000055, 29.625365959000078 ], [ 81.039317764000032, 29.627022272000033 ], [ 81.032215701000041, 29.629661271000032 ], [ 81.028154201000063, 29.631647271000077 ], [ 81.025545514000044, 29.631352334000042 ], [ 81.025116764000074, 29.630653084000073 ], [ 81.019627014000037, 29.625871647000054 ], [ 81.013224327000046, 29.626684584000031 ], [ 81.010137076000035, 29.625748647000023 ], [ 81.004677389000051, 29.626349021000067 ], [ 81.002190139000049, 29.622351834000028 ], [ 80.999147639000057, 29.620574146000024 ], [ 80.997178014000042, 29.620353084000044 ], [ 80.99607013800005, 29.618155834000049 ], [ 80.994709514000078, 29.617016647000071 ], [ 80.996177389000081, 29.614722521000033 ], [ 80.995685951000041, 29.612999022000054 ], [ 80.993206764000035, 29.610176896000041 ], [ 80.992022076000069, 29.60993995900003 ], [ 80.989860638000039, 29.606835771000078 ], [ 80.990030639000054, 29.601518772000077 ], [ 80.989443264000045, 29.595346771000038 ], [ 80.989114264000079, 29.594543646000034 ], [ 80.988122014000055, 29.589826646000063 ], [ 80.993564888000037, 29.585748459000058 ], [ 80.995869827000035, 29.582590334000031 ], [ 80.997355264000078, 29.579321709000055 ], [ 80.998546326000053, 29.578428396000049 ], [ 80.999737702000061, 29.575455208000051 ], [ 81.001206201000059, 29.574868646000027 ], [ 81.002495764000059, 29.569039583000063 ], [ 81.003942764000044, 29.567857459000038 ], [ 81.005955764000078, 29.565134584000077 ], [ 81.007786576000058, 29.560685959000068 ], [ 81.011405764000074, 29.556690584000023 ], [ 81.014626639000085, 29.554506584000023 ], [ 81.016353701000071, 29.551939209000068 ], [ 81.01649132600005, 29.549651772000061 ], [ 81.021262764000085, 29.542800084000078 ], [ 81.021147451000047, 29.541881959000079 ], [ 81.025619514000084, 29.539790021000044 ], [ 81.02633032600005, 29.538804084000049 ], [ 81.029051014000061, 29.537495084000057 ], [ 81.032243263000055, 29.53679958400005 ], [ 81.036346076000029, 29.533175584000048 ], [ 81.041186452000034, 29.529788147000033 ], [ 81.042572202000031, 29.527207021000038 ], [ 81.046094452000034, 29.524803396000038 ], [ 81.04731707600007, 29.52261020900005 ], [ 81.048359639000068, 29.518957584000077 ], [ 81.051793889000066, 29.516208646000052 ], [ 81.05254126300008, 29.514342771000031 ], [ 81.054711826000073, 29.511098021000066 ], [ 81.05423113900008, 29.50504333400005 ], [ 81.055602701000055, 29.503008021000028 ], [ 81.054195638000067, 29.499999334000051 ], [ 81.05144901400007, 29.497823459000074 ], [ 81.052247889000057, 29.494904084000041 ], [ 81.052095139000073, 29.493065584000078 ], [ 81.053620826000042, 29.489597708000076 ], [ 81.056970263000039, 29.488725583000075 ], [ 81.057319389000043, 29.490566208000075 ], [ 81.060204888000044, 29.490167896000059 ], [ 81.063232764000077, 29.490633459000037 ], [ 81.069097139000064, 29.494889646000047 ], [ 81.070694451000065, 29.494559396000056 ], [ 81.072706201000074, 29.492376896000053 ], [ 81.07622163800005, 29.49204108400005 ], [ 81.079837827000063, 29.494098583000039 ], [ 81.084143701000073, 29.496983396000076 ], [ 81.086837764000052, 29.497593021000057 ], [ 81.089233326000056, 29.497474146000059 ], [ 81.092816764000077, 29.495948959000032 ], [ 81.097624138000072, 29.49634483400007 ], [ 81.099763451000058, 29.498154708000072 ], [ 81.102169389000039, 29.499357521000036 ], [ 81.108340451000061, 29.500432834000037 ], [ 81.111562138000068, 29.501280396000027 ], [ 81.112472264000075, 29.503567647000068 ], [ 81.113640077000071, 29.504033646000039 ], [ 81.11556751300003, 29.503231147000065 ], [ 81.118280139000035, 29.501198459000079 ], [ 81.121379139000055, 29.504324584000074 ], [ 81.123460389000059, 29.504645271000072 ], [ 81.124777014000074, 29.502291147000051 ], [ 81.12606995200008, 29.501468771000077 ], [ 81.130355576000056, 29.503147521000074 ], [ 81.132746138000073, 29.503803959000038 ], [ 81.132956514000057, 29.504466896000054 ], [ 81.133178826000062, 29.512987084000031 ], [ 81.130316202000074, 29.512419209000029 ], [ 81.125756076000073, 29.513542459000064 ], [ 81.125297264000039, 29.515365646000078 ], [ 81.122759639000037, 29.517269709000061 ], [ 81.119921514000055, 29.518379896000056 ], [ 81.119397764000041, 29.520467084000074 ], [ 81.119744702000048, 29.522104521000074 ], [ 81.121443452000051, 29.522806771000035 ], [ 81.12558432600008, 29.523565396000038 ], [ 81.126487889000032, 29.524678959000028 ], [ 81.124419389000082, 29.525955521000071 ], [ 81.124405139000032, 29.527444271000036 ], [ 81.121267264000039, 29.528665397000054 ], [ 81.120111076000057, 29.530371896000077 ], [ 81.117364639000073, 29.532192584000029 ], [ 81.120236576000082, 29.534227021000049 ], [ 81.118245451000064, 29.536541084000078 ], [ 81.118750076000083, 29.538742334000062 ], [ 81.12279963900005, 29.539695146000042 ], [ 81.125081764000072, 29.54200527100005 ], [ 81.125140201000079, 29.544146021000074 ], [ 81.119968576000076, 29.546250959000076 ], [ 81.115956327000049, 29.548738208000032 ], [ 81.114762326000061, 29.551252271000067 ], [ 81.114615951000076, 29.556199459000027 ], [ 81.11682851300003, 29.562631209000074 ], [ 81.114946389000067, 29.566269272000056 ] ] ] } },
{ "type": "Feature", "properties": { "STATE_CODE": 7, "DISTRICT": "BAJHANG", "GaPa_NaPa": "Durgathali", "Type_GN": "Gaunpalika", "Province": "Sudur Pashchim" }, "geometry": { "type": "Polygon", "coordinates": [ [ [ 80.989114264000079, 29.594543646000034 ], [ 80.986291639000058, 29.594845708000037 ], [ 80.984356576000039, 29.58923745900006 ], [ 80.98144476300007, 29.585690896000074 ], [ 80.979564139000047, 29.58266558400004 ], [ 80.976970764000043, 29.582092147000026 ], [ 80.972906013000056, 29.582452334000038 ], [ 80.970180514000049, 29.58227577100007 ], [ 80.966287451000085, 29.580709271000046 ], [ 80.965453139000033, 29.579869897000037 ], [ 80.962192764000065, 29.57937270900004 ], [ 80.957166139000037, 29.577189771000064 ], [ 80.954852389000052, 29.574468459000059 ], [ 80.95601382600006, 29.572788271000036 ], [ 80.960866139000075, 29.570182021000051 ], [ 80.963277264000055, 29.569778959000075 ], [ 80.964382514000079, 29.568576771000039 ], [ 80.963250076000065, 29.566485396000076 ], [ 80.963880326000037, 29.564897521000034 ], [ 80.965961014000072, 29.564228021000076 ], [ 80.964981389000059, 29.557834709000076 ], [ 80.965841952000062, 29.556666397000072 ], [ 80.966393201000074, 29.54987189600007 ], [ 80.965876451000042, 29.54817758400003 ], [ 80.966917076000072, 29.545448271000055 ], [ 80.968548388000045, 29.544158272000061 ], [ 80.969165201000067, 29.540305459000024 ], [ 80.971668951000083, 29.536633521000056 ], [ 80.972441201000038, 29.534576334000064 ], [ 80.975216576000037, 29.530886272000032 ], [ 80.976931389000072, 29.52663883300005 ], [ 80.976489389000051, 29.523701584000037 ], [ 80.979618452000068, 29.524241271000051 ], [ 80.981648077000045, 29.522971521000045 ], [ 80.98485945200008, 29.522723771000074 ], [ 80.986685951000084, 29.520826834000047 ], [ 80.988071139000056, 29.520303584000033 ], [ 80.989865827000074, 29.518347896000023 ], [ 80.990243701000054, 29.515760459000035 ], [ 80.987894764000032, 29.512001958000042 ], [ 80.985159389000046, 29.511383584000043 ], [ 80.98180732600008, 29.506289458000026 ], [ 80.979013451000071, 29.505756646000066 ], [ 80.97907088900007, 29.499893646000032 ], [ 80.979728451000085, 29.496559584000067 ], [ 80.983208576000038, 29.491791146000025 ], [ 80.983729264000033, 29.489142833000074 ], [ 80.98690051400007, 29.48709933300006 ], [ 80.989394951000065, 29.486456646000079 ], [ 80.995402826000031, 29.487815021000074 ], [ 80.997866889000079, 29.487535334000029 ], [ 80.999074951000068, 29.488665584000046 ], [ 81.000071889000083, 29.493748021000044 ], [ 81.002295014000083, 29.49380439600003 ], [ 81.006040764000034, 29.492229709000071 ], [ 81.010562327000059, 29.491275271000063 ], [ 81.013382326000055, 29.488640083000064 ], [ 81.014611951000063, 29.486068272000068 ], [ 81.014282014000059, 29.484457583000051 ], [ 81.015272638000056, 29.481694021000067 ], [ 81.017211951000036, 29.481747958000028 ], [ 81.01938526400005, 29.480371584000068 ], [ 81.028472326000042, 29.478096022000045 ], [ 81.031695826000032, 29.478047896000078 ], [ 81.039680077000071, 29.48046858400005 ], [ 81.047138576000066, 29.480513522000024 ], [ 81.049506576000056, 29.481412771000066 ], [ 81.053676388000042, 29.484930271000053 ], [ 81.056175701000029, 29.485793271000034 ], [ 81.057124202000068, 29.486776396000039 ], [ 81.056970263000039, 29.488725583000075 ], [ 81.053620826000042, 29.489597708000076 ], [ 81.052095139000073, 29.493065584000078 ], [ 81.052247889000057, 29.494904084000041 ], [ 81.05144901400007, 29.497823459000074 ], [ 81.054195638000067, 29.499999334000051 ], [ 81.055602701000055, 29.503008021000028 ], [ 81.05423113900008, 29.50504333400005 ], [ 81.054711826000073, 29.511098021000066 ], [ 81.05254126300008, 29.514342771000031 ], [ 81.051793889000066, 29.516208646000052 ], [ 81.048359639000068, 29.518957584000077 ], [ 81.04731707600007, 29.52261020900005 ], [ 81.046094452000034, 29.524803396000038 ], [ 81.042572202000031, 29.527207021000038 ], [ 81.041186452000034, 29.529788147000033 ], [ 81.036346076000029, 29.533175584000048 ], [ 81.032243263000055, 29.53679958400005 ], [ 81.029051014000061, 29.537495084000057 ], [ 81.02633032600005, 29.538804084000049 ], [ 81.025619514000084, 29.539790021000044 ], [ 81.021147451000047, 29.541881959000079 ], [ 81.021262764000085, 29.542800084000078 ], [ 81.01649132600005, 29.549651772000061 ], [ 81.016353701000071, 29.551939209000068 ], [ 81.014626639000085, 29.554506584000023 ], [ 81.011405764000074, 29.556690584000023 ], [ 81.007786576000058, 29.560685959000068 ], [ 81.005955764000078, 29.565134584000077 ], [ 81.003942764000044, 29.567857459000038 ], [ 81.002495764000059, 29.569039583000063 ], [ 81.001206201000059, 29.574868646000027 ], [ 80.999737702000061, 29.575455208000051 ], [ 80.998546326000053, 29.578428396000049 ], [ 80.997355264000078, 29.579321709000055 ], [ 80.995869827000035, 29.582590334000031 ], [ 80.993564888000037, 29.585748459000058 ], [ 80.988122014000055, 29.589826646000063 ], [ 80.989114264000079, 29.594543646000034 ] ] ] } },
{ "type": "Feature", "properties": { "STATE_CODE": 7, "DISTRICT": "BAJHANG", "GaPa_NaPa": "JayaPrithivi", "Type_GN": "Nagarpalika", "Province": "Sudur Pashchim" }, "geometry": { "type": "Polygon", "coordinates": [ [ [ 81.212707452000075, 29.631418834000044 ], [ 81.211403326000038, 29.633378958000037 ], [ 81.20601776400008, 29.631916646000036 ], [ 81.204898014000037, 29.632703396000068 ], [ 81.20108588800008, 29.632937084000048 ], [ 81.193015701000036, 29.634909397000058 ], [ 81.189766951000081, 29.634941146000074 ], [ 81.186433326000042, 29.634305209000047 ], [ 81.183889452000074, 29.634624584000051 ], [ 81.181031638000036, 29.633214084000031 ], [ 81.180135389000043, 29.630736146000061 ], [ 81.175931138000067, 29.628025834000027 ], [ 81.174637389000054, 29.626640209000072 ], [ 81.171017389000042, 29.626299771000049 ], [ 81.165139889000045, 29.624651522000079 ], [ 81.161616389000073, 29.62179089600005 ], [ 81.159365514000058, 29.61536452100006 ], [ 81.16078626400008, 29.612215896000066 ], [ 81.16195538900007, 29.610969271000045 ], [ 81.16429688900007, 29.610521959000039 ], [ 81.164903138000057, 29.607683397000073 ], [ 81.162862264000069, 29.604983396000023 ], [ 81.162578889000031, 29.602915209000059 ], [ 81.158803139000042, 29.597537333000048 ], [ 81.157500576000075, 29.595274146000065 ], [ 81.153088264000075, 29.597866646000057 ], [ 81.148795889000041, 29.596554146000074 ], [ 81.144662201000074, 29.589247584000077 ], [ 81.142530201000056, 29.584645709000029 ], [ 81.140667889000042, 29.583176896000055 ], [ 81.138945513000067, 29.577593208000053 ], [ 81.137142139000048, 29.577807146000055 ], [ 81.133784701000081, 29.582856897000056 ], [ 81.128537764000043, 29.580055834000063 ], [ 81.122474389000047, 29.578829834000032 ], [ 81.118803702000037, 29.575744959000076 ], [ 81.118043389000036, 29.573548396000035 ], [ 81.116009827000084, 29.570755209000026 ], [ 81.114946389000067, 29.566269272000056 ], [ 81.11682851300003, 29.562631209000074 ], [ 81.114615951000076, 29.556199459000027 ], [ 81.114762326000061, 29.551252271000067 ], [ 81.115956327000049, 29.548738208000032 ], [ 81.119968576000076, 29.546250959000076 ], [ 81.125140201000079, 29.544146021000074 ], [ 81.125081764000072, 29.54200527100005 ], [ 81.12279963900005, 29.539695146000042 ], [ 81.118750076000083, 29.538742334000062 ], [ 81.118245451000064, 29.536541084000078 ], [ 81.120236576000082, 29.534227021000049 ], [ 81.117364639000073, 29.532192584000029 ], [ 81.120111076000057, 29.530371896000077 ], [ 81.121267264000039, 29.528665397000054 ], [ 81.124405139000032, 29.527444271000036 ], [ 81.124419389000082, 29.525955521000071 ], [ 81.126487889000032, 29.524678959000028 ], [ 81.12558432600008, 29.523565396000038 ], [ 81.121443452000051, 29.522806771000035 ], [ 81.119744702000048, 29.522104521000074 ], [ 81.119397764000041, 29.520467084000074 ], [ 81.119921514000055, 29.518379896000056 ], [ 81.122759639000037, 29.517269709000061 ], [ 81.125297264000039, 29.515365646000078 ], [ 81.125756076000073, 29.513542459000064 ], [ 81.130316202000074, 29.512419209000029 ], [ 81.133178826000062, 29.512987084000031 ], [ 81.132956514000057, 29.504466896000054 ], [ 81.132746138000073, 29.503803959000038 ], [ 81.13475070100003, 29.503813147000074 ], [ 81.137589514000069, 29.501525084000036 ], [ 81.14098970100008, 29.501731272000029 ], [ 81.144876452000062, 29.504923646000066 ], [ 81.146523202000083, 29.50567308400008 ], [ 81.148970139000085, 29.503777709000076 ], [ 81.149089763000063, 29.502017959000057 ], [ 81.154373389000057, 29.498700271000075 ], [ 81.158111326000039, 29.497870396000053 ], [ 81.162129951000054, 29.497811334000062 ], [ 81.163597014000061, 29.495246897000072 ], [ 81.16551357600008, 29.493609021000054 ], [ 81.168442952000078, 29.486603084000024 ], [ 81.170486827000047, 29.483764896000025 ], [ 81.173435514000062, 29.483370771000068 ], [ 81.175567951000062, 29.481910709000033 ], [ 81.177521389000049, 29.48134189700005 ], [ 81.18629388800008, 29.481158459000028 ], [ 81.188370514000042, 29.481548083000064 ], [ 81.191507327000068, 29.479768209000042 ], [ 81.196338639000032, 29.477875271000073 ], [ 81.199038889000065, 29.477614083000049 ], [ 81.200471576000041, 29.476865208000049 ], [ 81.202588452000043, 29.474182084000063 ], [ 81.206519201000049, 29.474178271000028 ], [ 81.211625952000077, 29.475609521000024 ], [ 81.21388513900007, 29.477148896000074 ], [ 81.218429951000076, 29.47772352100003 ], [ 81.221137577000036, 29.477209209000023 ], [ 81.223428139000077, 29.476075208000054 ], [ 81.227256389000047, 29.473451896000029 ], [ 81.228961327000036, 29.470629146000078 ], [ 81.231278327000041, 29.470034146000046 ], [ 81.235460764000038, 29.467879209000046 ], [ 81.240475451000066, 29.468623709000042 ], [ 81.243571951000035, 29.469685084000048 ], [ 81.245570139000051, 29.469636272000059 ], [ 81.24745295200006, 29.472233833000075 ], [ 81.250531014000046, 29.475293771000054 ], [ 81.256722013000058, 29.476082771000051 ], [ 81.259825014000057, 29.477637834000063 ], [ 81.262463327000034, 29.480199834000075 ], [ 81.264976764000039, 29.479529396000032 ], [ 81.268329639000058, 29.479703146000077 ], [ 81.268794826000033, 29.478660021000053 ], [ 81.272907639000039, 29.476413833000038 ], [ 81.274290264000058, 29.478344333000052 ], [ 81.275813889000062, 29.479245709000054 ], [ 81.280462577000037, 29.478784834000066 ], [ 81.284133514000075, 29.477883709000025 ], [ 81.285479202000033, 29.476676209000061 ], [ 81.287689951000061, 29.477111334000028 ], [ 81.289408264000031, 29.475727022000058 ], [ 81.292662576000055, 29.474815271000068 ], [ 81.293885577000083, 29.475805146000027 ], [ 81.29873982600003, 29.477174959000024 ], [ 81.301168702000041, 29.476779208000039 ], [ 81.302500577000046, 29.47751839600005 ], [ 81.304930389000049, 29.476797709000039 ], [ 81.310315264000053, 29.479636646000074 ], [ 81.313015139000072, 29.479560396000068 ], [ 81.311685889000046, 29.481190083000058 ], [ 81.308798139000032, 29.482897646000026 ], [ 81.30756907600005, 29.484229209000034 ], [ 81.303244139000071, 29.485662584000067 ], [ 81.299134389000073, 29.487519396000039 ], [ 81.298370701000067, 29.488890459000061 ], [ 81.296727139000041, 29.488959521000027 ], [ 81.293489702000045, 29.490742083000043 ], [ 81.291688952000072, 29.492909396000073 ], [ 81.28915276400005, 29.494006771000045 ], [ 81.285426139000037, 29.497312896000039 ], [ 81.282280889000049, 29.498102459000052 ], [ 81.281055139000046, 29.498937396000031 ], [ 81.278133452000077, 29.503225147000023 ], [ 81.275676889000067, 29.504342396000027 ], [ 81.275292077000074, 29.505570396000053 ], [ 81.270301639000081, 29.511355584000057 ], [ 81.269787389000044, 29.512678584000071 ], [ 81.26576870100007, 29.514734959000066 ], [ 81.26369795100004, 29.515115896000054 ], [ 81.261903389000054, 29.517846709000025 ], [ 81.260178451000058, 29.518585521000034 ], [ 81.260044889000085, 29.521067209000023 ], [ 81.256940139000051, 29.522169584000039 ], [ 81.251924264000081, 29.522828834000052 ], [ 81.249999951000063, 29.522164771000064 ], [ 81.247320827000067, 29.523444333000043 ], [ 81.244829326000058, 29.525269397000045 ], [ 81.244211326000084, 29.527724896000052 ], [ 81.242451577000054, 29.531457021000051 ], [ 81.240581826000039, 29.532462021000072 ], [ 81.231556513000044, 29.542755709000062 ], [ 81.231143263000035, 29.543848271000059 ], [ 81.228236702000061, 29.546582834000048 ], [ 81.222310014000072, 29.547862959000042 ], [ 81.221271202000082, 29.548593334000032 ], [ 81.213326389000031, 29.550517021000076 ], [ 81.211141077000036, 29.550067084000034 ], [ 81.207065951000061, 29.553292583000029 ], [ 81.207759764000059, 29.555224772000031 ], [ 81.209483701000067, 29.556640959000049 ], [ 81.212377076000053, 29.556302522000067 ], [ 81.217637014000047, 29.558592709000038 ], [ 81.221395889000064, 29.559351209000056 ], [ 81.222541826000054, 29.560926146000043 ], [ 81.222200764000036, 29.567495647000044 ], [ 81.224669014000085, 29.569966208000039 ], [ 81.228403576000062, 29.571002021000027 ], [ 81.231177763000062, 29.573850834000041 ], [ 81.231419201000051, 29.579575772000055 ], [ 81.225516514000049, 29.585678896000047 ], [ 81.223029764000046, 29.586580896000044 ], [ 81.221409577000031, 29.588825959000076 ], [ 81.219103264000069, 29.591015646000074 ], [ 81.217072889000065, 29.591619021000042 ], [ 81.21677132700006, 29.593194084000061 ], [ 81.215019764000033, 29.593542084000035 ], [ 81.21536345100003, 29.599787897000056 ], [ 81.213616764000051, 29.602511271000026 ], [ 81.21425713800005, 29.605205958000056 ], [ 81.214057764000074, 29.606893584000034 ], [ 81.216550577000078, 29.608741646000055 ], [ 81.21706245200005, 29.610405584000034 ], [ 81.219351326000037, 29.61170114600003 ], [ 81.214676702000077, 29.614214959000037 ], [ 81.208407702000045, 29.615046146000054 ], [ 81.204010577000076, 29.613230272000067 ], [ 81.202233764000084, 29.61504439600003 ], [ 81.201768701000049, 29.617271646000063 ], [ 81.198700514000052, 29.619105709000053 ], [ 81.19707063900006, 29.622038459000066 ], [ 81.202585576000047, 29.623126521000074 ], [ 81.205681326000047, 29.622325334000038 ], [ 81.20917963900007, 29.623490709000066 ], [ 81.21048120100005, 29.624533084000063 ], [ 81.212834952000037, 29.624491022000029 ], [ 81.213739202000056, 29.627219084000046 ], [ 81.212418202000038, 29.629840209000065 ], [ 81.212707452000075, 29.631418834000044 ] ] ] } },
{ "type": "Feature", "properties": { "STATE_CODE": 7, "DISTRICT": "BAJHANG", "GaPa_NaPa": "Kanda", "Type_GN": "Gaunpalika", "Province": "Sudur Pashchim" }, "geometry": { "type": "Polygon", "coordinates": [ [ [ 81.092635514000051, 30.054242022000039 ], [ 81.089834389000032, 30.054291335000073 ], [ 81.086052451000057, 30.052532147000079 ], [ 81.083205389000057, 30.049085022000042 ], [ 81.081350514000064, 30.048380209000072 ], [ 81.080374389000042, 30.046519834000037 ], [ 81.076747389000047, 30.045448334000071 ], [ 81.073054264000064, 30.045479709000062 ], [ 81.070342389000075, 30.043536834000065 ], [ 81.066635764000068, 30.038416084000062 ], [ 81.066280952000056, 30.037015460000077 ], [ 81.064053576000049, 30.034508272000039 ], [ 81.062724264000053, 30.034071272000062 ], [ 81.05783695100007, 30.028964396000049 ], [ 81.05609220100007, 30.026474897000071 ], [ 81.055265139000085, 30.024120272000062 ], [ 81.053416014000049, 30.023153334000028 ], [ 81.048954077000076, 30.021909897000057 ], [ 81.046334764000051, 30.018644709000057 ], [ 81.04355263900004, 30.017752335000068 ], [ 81.041882763000046, 30.015634772000055 ], [ 81.039839013000062, 30.015112085000055 ], [ 81.040427701000056, 30.012698334000049 ], [ 81.040046639000082, 30.008441959000038 ], [ 81.036830389000045, 30.003985647000036 ], [ 81.034538138000073, 29.998890647000053 ], [ 81.029609827000058, 29.992487897000046 ], [ 81.027659014000051, 29.987532522000038 ], [ 81.023062951000043, 29.983360396000023 ], [ 81.019897327000081, 29.982747334000067 ], [ 81.016696202000048, 29.980731209000055 ], [ 81.017188201000067, 29.978829584000039 ], [ 81.018560827000044, 29.977135335000071 ], [ 81.02209120200007, 29.974261021000075 ], [ 81.021748702000082, 29.972109209000052 ], [ 81.019367764000037, 29.967783022000049 ], [ 81.019318889000033, 29.966131897000025 ], [ 81.021112577000054, 29.961011147000079 ], [ 81.023310202000062, 29.958658084000035 ], [ 81.02041351400004, 29.956738896000047 ], [ 81.018608389000065, 29.954206021000061 ], [ 81.017007701000068, 29.949665521000043 ], [ 81.015716388000044, 29.947522709000054 ], [ 81.012342577000084, 29.94558089700007 ], [ 81.01080582700007, 29.941958334000049 ], [ 81.007365951000054, 29.939928459000043 ], [ 81.004000577000056, 29.936163772000043 ], [ 81.004268827000033, 29.932441896000057 ], [ 81.00238063900008, 29.927833459000055 ], [ 81.004223201000059, 29.924952834000067 ], [ 81.004710326000065, 29.923281334000023 ], [ 81.007703263000053, 29.922155584000052 ], [ 81.011142014000029, 29.919667272000027 ], [ 81.013354702000072, 29.918767022000054 ], [ 81.01456401400003, 29.916671335000046 ], [ 81.016879639000081, 29.914304772000037 ], [ 81.02227451400006, 29.911833959000035 ], [ 81.027582014000075, 29.908158397000079 ], [ 81.029422514000032, 29.906412021000051 ], [ 81.031274889000031, 29.903639334000047 ], [ 81.030911889000038, 29.901972459000035 ], [ 81.03205682600003, 29.89545083400003 ], [ 81.039254889000063, 29.885088272000075 ], [ 81.042509388000042, 29.881714959000078 ], [ 81.04047801400003, 29.878544084000055 ], [ 81.039597702000037, 29.875494521000064 ], [ 81.039146264000067, 29.871172584000078 ], [ 81.039512889000036, 29.869449147000068 ], [ 81.038417389000074, 29.864619897000068 ], [ 81.04027688900004, 29.861109396000074 ], [ 81.042213264000054, 29.860062147000065 ], [ 81.040788826000039, 29.856744397000057 ], [ 81.040243264000082, 29.853911334000031 ], [ 81.04019813900004, 29.848727647000032 ], [ 81.039866326000038, 29.846444896000037 ], [ 81.040667764000034, 29.842896459000031 ], [ 81.041768139000055, 29.840674147000072 ], [ 81.043368389000079, 29.83954120900006 ], [ 81.046310076000054, 29.838791334000064 ], [ 81.05111626300004, 29.834814897000058 ], [ 81.053461638000044, 29.834040271000049 ], [ 81.055890513000065, 29.832313584000076 ], [ 81.057165326000074, 29.829811397000071 ], [ 81.061811202000058, 29.828496459000064 ], [ 81.065258076000077, 29.82703308400005 ], [ 81.069311826000046, 29.827367147000075 ], [ 81.071576639000057, 29.828408084000046 ], [ 81.073093264000079, 29.830390022000074 ], [ 81.077653577000035, 29.833674084000052 ], [ 81.08193426400004, 29.835112959000071 ], [ 81.085631139000043, 29.835232396000038 ], [ 81.088391576000049, 29.831598834000033 ], [ 81.091040014000043, 29.829803709000032 ], [ 81.090732701000036, 29.826154084000052 ], [ 81.091181514000084, 29.821407647000058 ], [ 81.093275514000084, 29.816339772000049 ], [ 81.097855388000085, 29.812724959000036 ], [ 81.10071051400007, 29.812301022000042 ], [ 81.103472264000061, 29.811067209000043 ], [ 81.105430139000077, 29.807993334000059 ], [ 81.110654513000043, 29.807892084000059 ], [ 81.11430032700008, 29.809201834000078 ], [ 81.115808764000064, 29.810903584000073 ], [ 81.117536452000081, 29.813978959000053 ], [ 81.121425077000083, 29.81846889600007 ], [ 81.125888514000053, 29.822872459000052 ], [ 81.128798327000084, 29.823555397000064 ], [ 81.133044139000049, 29.825552084000037 ], [ 81.136456764000059, 29.825201209000056 ], [ 81.14005357700006, 29.824101146000032 ], [ 81.142350889000056, 29.822704646000034 ], [ 81.143689076000044, 29.821112834000076 ], [ 81.147110514000076, 29.819850397000039 ], [ 81.15056363900004, 29.81928483400003 ], [ 81.15142613900008, 29.81696039600007 ], [ 81.155497014000048, 29.812604334000071 ], [ 81.158520201000044, 29.810832209000068 ], [ 81.160549952000054, 29.806848396000078 ], [ 81.163214389000075, 29.806314959000076 ], [ 81.166674452000052, 29.80722195900006 ], [ 81.170765451000079, 29.806156521000048 ], [ 81.172064514000056, 29.806317272000058 ], [ 81.173750827000049, 29.803748022000036 ], [ 81.176440014000036, 29.802894022000032 ], [ 81.179140763000078, 29.802926521000074 ], [ 81.186534327000061, 29.801104897000073 ], [ 81.18868320200005, 29.795482771000025 ], [ 81.189761639000039, 29.793390084000066 ], [ 81.190148639000085, 29.79083827200003 ], [ 81.191261889000032, 29.788885459000028 ], [ 81.193693889000031, 29.787375022000049 ], [ 81.196282201000031, 29.784021396000071 ], [ 81.197261139000034, 29.780442334000043 ], [ 81.199652139000079, 29.775198522000039 ], [ 81.200069014000064, 29.772382772000071 ], [ 81.201388639000072, 29.770075334000069 ], [ 81.201849326000058, 29.768024147000062 ], [ 81.205695327000058, 29.763660084000037 ], [ 81.208747264000067, 29.762904146000039 ], [ 81.210007264000069, 29.762056209000036 ], [ 81.212409389000072, 29.758316834000027 ], [ 81.212628702000075, 29.754729772000076 ], [ 81.212007764000077, 29.751604271000076 ], [ 81.21256607600003, 29.750006271000075 ], [ 81.21190507600005, 29.747654584000031 ], [ 81.216159889000039, 29.744171522000045 ], [ 81.218825827000046, 29.740361647000043 ], [ 81.219938638000031, 29.739764272000059 ], [ 81.226625014000035, 29.740228897000065 ], [ 81.229240764000053, 29.738983771000051 ], [ 81.237562764000074, 29.736199021000061 ], [ 81.239643701000034, 29.73270558400003 ], [ 81.240915138000048, 29.72866758400005 ], [ 81.242921451000029, 29.729079084000034 ], [ 81.245314951000069, 29.728321209000057 ], [ 81.248343014000056, 29.725094334000062 ], [ 81.248506577000057, 29.723684147000029 ], [ 81.249999951000063, 29.721540584000024 ], [ 81.250973889000079, 29.72734964600005 ], [ 81.251808139000048, 29.728672146000065 ], [ 81.255101639000031, 29.730714147000072 ], [ 81.25719870100005, 29.731057521000025 ], [ 81.260527452000076, 29.732659334000061 ], [ 81.263417951000065, 29.732464146000041 ], [ 81.264830389000053, 29.733629834000055 ], [ 81.267993764000039, 29.734205459000066 ], [ 81.275001639000038, 29.733214334000024 ], [ 81.27927932700004, 29.731549647000065 ], [ 81.281520577000038, 29.731639646000076 ], [ 81.285489576000032, 29.729643771000042 ], [ 81.288956201000076, 29.728722646000051 ], [ 81.291924264000045, 29.73035608400005 ], [ 81.293658014000073, 29.730162771000039 ], [ 81.301597451000077, 29.733172209000031 ], [ 81.303103514000043, 29.734391396000035 ], [ 81.305765889000043, 29.735463521000042 ], [ 81.307923014000039, 29.735289334000072 ], [ 81.308665389000055, 29.732294146000072 ], [ 81.312510264000082, 29.729596272000038 ], [ 81.317013576000079, 29.724931834000074 ], [ 81.315749201000074, 29.722288896000066 ], [ 81.313842264000073, 29.722613771000056 ], [ 81.312745451000069, 29.717926584000054 ], [ 81.31314526400007, 29.716644397000039 ], [ 81.315705764000086, 29.714396021000027 ], [ 81.317368639000051, 29.712294209000049 ], [ 81.316888077000044, 29.711111084000038 ], [ 81.313949764000085, 29.710030772000039 ], [ 81.315705139000045, 29.708199397000044 ], [ 81.317573889000073, 29.707716709000067 ], [ 81.318173702000081, 29.705969334000031 ], [ 81.31674051400006, 29.705043397000054 ], [ 81.314725327000076, 29.705785834000039 ], [ 81.313435451000032, 29.703769959000056 ], [ 81.313576889000046, 29.702104834000068 ], [ 81.315443514000037, 29.700981522000063 ], [ 81.314155077000066, 29.699414584000067 ], [ 81.315947452000046, 29.697905709000054 ], [ 81.317524702000071, 29.697836521000056 ], [ 81.320997889000068, 29.700023022000039 ], [ 81.322867264000081, 29.699792896000076 ], [ 81.323411264000072, 29.697806459000049 ], [ 81.321351014000072, 29.695891834000065 ], [ 81.321491264000031, 29.693680834000077 ], [ 81.322700139000062, 29.693389147000062 ], [ 81.326192701000082, 29.695974771000067 ], [ 81.328099139000074, 29.695649709000065 ], [ 81.329451264000056, 29.694110146000071 ], [ 81.32740738900003, 29.691697022000028 ], [ 81.325533764000056, 29.690548959000068 ], [ 81.325969702000066, 29.689332022000031 ], [ 81.328275202000043, 29.687821709000048 ], [ 81.331175514000051, 29.688678459000073 ], [ 81.332561326000075, 29.687206459000038 ], [ 81.336740202000044, 29.687773397000058 ], [ 81.338678014000038, 29.686448834000032 ], [ 81.339318202000072, 29.684184646000062 ], [ 81.34075363900007, 29.683113959000025 ], [ 81.340963827000053, 29.681480209000028 ], [ 81.342608202000065, 29.678460021000035 ], [ 81.34389845100003, 29.677076084000078 ], [ 81.345622827000057, 29.676505396000039 ], [ 81.347413639000081, 29.674427709000042 ], [ 81.348994139000069, 29.673733334000076 ], [ 81.357626889000073, 29.673960646000069 ], [ 81.360365702000081, 29.675399147000064 ], [ 81.36309538900008, 29.674448771000073 ], [ 81.364600014000075, 29.672621959000026 ], [ 81.367047889000048, 29.673244647000047 ], [ 81.37186676400006, 29.673041709000074 ], [ 81.374520202000042, 29.670900209000024 ], [ 81.382281889000069, 29.669181708000053 ], [ 81.384014452000031, 29.670683584000074 ], [ 81.384740264000072, 29.672377834000031 ], [ 81.389924701000041, 29.672200272000055 ], [ 81.392830577000041, 29.671632209000052 ], [ 81.395648452000046, 29.673687896000047 ], [ 81.398456639000074, 29.673250897000059 ], [ 81.401518514000031, 29.673938709000026 ], [ 81.404202076000047, 29.676082522000058 ], [ 81.408150827000043, 29.676144959000055 ], [ 81.412599451000062, 29.673794084000065 ], [ 81.415432077000048, 29.670857271000045 ], [ 81.423627577000047, 29.666195709000078 ], [ 81.428124827000033, 29.665477459000044 ], [ 81.432987139000033, 29.66572108400004 ], [ 81.435687577000067, 29.666754396000044 ], [ 81.438126077000049, 29.668417896000051 ], [ 81.440890639000031, 29.667966584000055 ], [ 81.443153826000071, 29.668507208000051 ], [ 81.446070327000029, 29.670013271000073 ], [ 81.449936139000044, 29.668461772000057 ], [ 81.451363764000064, 29.668420834000074 ], [ 81.454354702000046, 29.666775147000067 ], [ 81.460433764000072, 29.66533527100006 ], [ 81.463437577000036, 29.663452584000026 ], [ 81.46665013900008, 29.662617959000045 ], [ 81.469060077000051, 29.659295709000048 ], [ 81.471673514000031, 29.658790147000047 ], [ 81.475380889000064, 29.659273147000079 ], [ 81.47660570100004, 29.660220709000043 ], [ 81.482302326000081, 29.661722771000029 ], [ 81.484531139000069, 29.66289439600007 ], [ 81.486109389000035, 29.664792459000068 ], [ 81.489473389000068, 29.666189959000064 ], [ 81.492439015000059, 29.666519584000071 ], [ 81.497725014000082, 29.668708271000071 ], [ 81.498901639000053, 29.668591021000054 ], [ 81.500000514000078, 29.670240396000054 ], [ 81.501472451000041, 29.670672459000059 ], [ 81.504965014000049, 29.673030022000034 ], [ 81.508670577000032, 29.674182022000025 ], [ 81.509675451000078, 29.675973771000031 ], [ 81.517628889000036, 29.679423584000062 ], [ 81.517965827000069, 29.683284147000052 ], [ 81.516773639000064, 29.687723584000025 ], [ 81.517403576000049, 29.688887396000041 ], [ 81.520286014000078, 29.691607834000024 ], [ 81.519736077000061, 29.693313084000067 ], [ 81.517387702000065, 29.696514146000027 ], [ 81.516145139000059, 29.699710897000045 ], [ 81.517396890000043, 29.702593397000044 ], [ 81.520680827000035, 29.704529396000055 ], [ 81.523203389000059, 29.705399271000033 ], [ 81.524897327000076, 29.70692189600004 ], [ 81.524640326000053, 29.707935834000068 ], [ 81.526217452000083, 29.710203396000054 ], [ 81.523987327000043, 29.712928146000024 ], [ 81.522593452000081, 29.716603772000042 ], [ 81.520914890000086, 29.718101397000055 ], [ 81.519040951000079, 29.722065334000035 ], [ 81.518800389000035, 29.724283709000076 ], [ 81.51608557600008, 29.726588396000068 ], [ 81.513488326000072, 29.730575397000052 ], [ 81.512927827000055, 29.732296397000027 ], [ 81.512866952000081, 29.735450209000078 ], [ 81.510091139000053, 29.738693397000077 ], [ 81.509755265000081, 29.741656459000069 ], [ 81.51109763900007, 29.744996584000035 ], [ 81.512352265000061, 29.75000170900006 ], [ 81.514086202000044, 29.752649959000053 ], [ 81.515407764000031, 29.753511022000055 ], [ 81.517029014000059, 29.752690396000048 ], [ 81.520005764000075, 29.752412584000069 ], [ 81.523602764000032, 29.752716459000055 ], [ 81.526303390000066, 29.75241470900005 ], [ 81.53778301400007, 29.748772959000064 ], [ 81.539688390000038, 29.747470397000029 ], [ 81.541598639000085, 29.747088147000056 ], [ 81.545878951000077, 29.748888646000069 ], [ 81.548538077000046, 29.751088272000061 ], [ 81.552570452000055, 29.752406896000025 ], [ 81.554231327000082, 29.754263209000044 ], [ 81.554216139000062, 29.756318209000028 ], [ 81.556092764000084, 29.763278271000047 ], [ 81.558353765000049, 29.764450771000043 ], [ 81.562388014000078, 29.770612084000049 ], [ 81.559799890000079, 29.773553271000026 ], [ 81.557885139000064, 29.774481709000042 ], [ 81.557517576000066, 29.776276521000057 ], [ 81.555078326000057, 29.780229772000041 ], [ 81.553843015000041, 29.781439522000028 ], [ 81.553596889000062, 29.784871459000044 ], [ 81.552334764000079, 29.786615959000073 ], [ 81.550372827000047, 29.793161146000045 ], [ 81.548452202000078, 29.794635396000047 ], [ 81.549800327000071, 29.798432897000055 ], [ 81.549575577000041, 29.800491084000043 ], [ 81.550321326000073, 29.80170152200003 ], [ 81.553026139000053, 29.802994084000034 ], [ 81.555699264000054, 29.806264897000062 ], [ 81.560168264000083, 29.809749146000058 ], [ 81.561028514000043, 29.815684771000065 ], [ 81.561689952000052, 29.81844520900006 ], [ 81.560998264000034, 29.822668584000041 ], [ 81.561921514000062, 29.825387272000057 ], [ 81.562586702000033, 29.83005152100003 ], [ 81.563477202000058, 29.832445522000057 ], [ 81.562779827000043, 29.834627522000062 ], [ 81.563836139000045, 29.838660709000067 ], [ 81.564491014000055, 29.844229459000076 ], [ 81.565603702000033, 29.84674433400005 ], [ 81.566466452000043, 29.851872334000063 ], [ 81.562996764000047, 29.852778209000064 ], [ 81.558916389000046, 29.856479084000057 ], [ 81.557886702000076, 29.860839147000036 ], [ 81.554813640000077, 29.863439397000036 ], [ 81.553457889000072, 29.866325584000037 ], [ 81.551152639000065, 29.868356334000055 ], [ 81.548984827000083, 29.871985771000027 ], [ 81.546239140000068, 29.874446834000025 ], [ 81.543086577000054, 29.878161459000069 ], [ 81.540631952000069, 29.879100834000042 ], [ 81.536125139000035, 29.882922334000057 ], [ 81.532294014000058, 29.884126584000057 ], [ 81.529343014000062, 29.885726459000068 ], [ 81.526429889000042, 29.886421584000061 ], [ 81.522228702000064, 29.886839834000057 ], [ 81.516792764000058, 29.886387522000064 ], [ 81.515114452000034, 29.886858772000039 ], [ 81.51221332700004, 29.888906897000027 ], [ 81.509061202000055, 29.893301959000041 ], [ 81.507378889000051, 29.894409209000059 ], [ 81.505598577000058, 29.892778397000029 ], [ 81.50157482700007, 29.891092959000048 ], [ 81.499221327000043, 29.890770272000054 ], [ 81.49662070200003, 29.889557522000075 ], [ 81.49451332700005, 29.887169896000046 ], [ 81.490591389000031, 29.888086897000051 ], [ 81.486077077000061, 29.890438147000054 ], [ 81.484711202000085, 29.891586834000066 ], [ 81.48063095100008, 29.891935584000066 ], [ 81.477741514000058, 29.890502459000061 ], [ 81.472464327000068, 29.889833459000045 ], [ 81.466271702000085, 29.893381146000024 ], [ 81.461678014000086, 29.897378584000023 ], [ 81.45855926400003, 29.900547459000052 ], [ 81.458069076000072, 29.903046209000024 ], [ 81.459764264000057, 29.907696084000065 ], [ 81.462567577000073, 29.911031459000071 ], [ 81.463441764000038, 29.913322459000028 ], [ 81.461833452000064, 29.917602584000065 ], [ 81.462473202000069, 29.919028209000032 ], [ 81.464447264000057, 29.920744647000049 ], [ 81.46228076500006, 29.923619209000037 ], [ 81.46184557600003, 29.925691459000063 ], [ 81.461996015000068, 29.929674459000069 ], [ 81.460608889000071, 29.932140272000026 ], [ 81.456556764000084, 29.93476195900007 ], [ 81.457480202000056, 29.937073147000035 ], [ 81.45988376400004, 29.940881335000029 ], [ 81.460377514000072, 29.942641334000029 ], [ 81.458383327000035, 29.945650584000077 ], [ 81.454647389000058, 29.94904252200007 ], [ 81.454534139000032, 29.951174521000041 ], [ 81.457654202000072, 29.953854771000067 ], [ 81.462738952000052, 29.957710022000072 ], [ 81.465864139000075, 29.957938084000034 ], [ 81.468702326000084, 29.960752147000051 ], [ 81.470464264000043, 29.963705272000027 ], [ 81.469909076000079, 29.967812584000058 ], [ 81.470070890000045, 29.971227146000047 ], [ 81.471966201000043, 29.973164709000059 ], [ 81.471827140000073, 29.975120896000078 ], [ 81.469992015000059, 29.976893646000065 ], [ 81.467014952000056, 29.980919334000077 ], [ 81.465341077000062, 29.981750835000071 ], [ 81.462492264000048, 29.985697022000068 ], [ 81.462458951000031, 29.986892647000047 ], [ 81.464866764000078, 29.99423308400003 ], [ 81.464928014000066, 29.995565959000032 ], [ 81.461547827000061, 29.998320772000056 ], [ 81.458386639000082, 30.00139727100003 ], [ 81.456286327000043, 30.002442147000068 ], [ 81.451967014000047, 30.00267133400007 ], [ 81.449618452000038, 30.002424459000054 ], [ 81.446306389000085, 30.003022209000051 ], [ 81.444123827000055, 30.004403334000074 ], [ 81.442042264000065, 30.006956960000025 ], [ 81.435418139000035, 30.008253522000075 ], [ 81.432024514000034, 30.00759927200005 ], [ 81.427706952000051, 30.00966158500006 ], [ 81.426565702000062, 30.010684772000047 ], [ 81.423127764000071, 30.01164777200006 ], [ 81.420480389000033, 30.01309533400007 ], [ 81.414760640000054, 30.017798522000078 ], [ 81.414408390000062, 30.018640959000038 ], [ 81.40659220100008, 30.019673647000047 ], [ 81.40383657700005, 30.021220459000062 ], [ 81.403104952000035, 30.022839959000066 ], [ 81.401317389000042, 30.018117647000054 ], [ 81.396032077000029, 30.017136647000029 ], [ 81.391998451000063, 30.016896084000052 ], [ 81.385689577000051, 30.013603397000054 ], [ 81.384690452000029, 30.010432584000057 ], [ 81.384498765000046, 30.008112084000061 ], [ 81.38371326400005, 30.007227896000074 ], [ 81.378378389000034, 30.006478647000051 ], [ 81.377377264000074, 30.009217647000071 ], [ 81.375541826000074, 30.010143209000034 ], [ 81.372326951000048, 30.009728272000075 ], [ 81.369863326000029, 30.010955522000074 ], [ 81.366632951000042, 30.009834522000062 ], [ 81.364309702000071, 30.009586084000034 ], [ 81.358810014000085, 30.010566585000049 ], [ 81.351489514000036, 30.016742084000043 ], [ 81.348219701000062, 30.018798897000067 ], [ 81.342523702000051, 30.020377022000048 ], [ 81.339315326000076, 30.021923709000077 ], [ 81.335926201000063, 30.022751209000035 ], [ 81.333532389000084, 30.024142334000032 ], [ 81.32671257700008, 30.024669147000054 ], [ 81.324767639000072, 30.025628147000077 ], [ 81.321585202000051, 30.025324709000074 ], [ 81.320211827000037, 30.025727271000051 ], [ 81.319183576000057, 30.028409460000034 ], [ 81.316841514000032, 30.032346834000066 ], [ 81.31561126400004, 30.032915959000036 ], [ 81.311670577000029, 30.032889272000034 ], [ 81.309924826000042, 30.031528709000042 ], [ 81.307989639000084, 30.031145271000071 ], [ 81.304707202000031, 30.032066459000077 ], [ 81.302030451000064, 30.03334708400007 ], [ 81.299914951000062, 30.03355945900006 ], [ 81.295821889000081, 30.034827396000026 ], [ 81.292799452000054, 30.035001084000044 ], [ 81.290104576000033, 30.036597209000035 ], [ 81.286418764000075, 30.037561772000061 ], [ 81.284262389000048, 30.040307084000062 ], [ 81.283416014000068, 30.043320209000058 ], [ 81.278659014000084, 30.044280022000066 ], [ 81.275885327000083, 30.044272334000027 ], [ 81.273717271000066, 30.04528289600006 ], [ 81.265737889000036, 30.043366147000029 ], [ 81.26475776400008, 30.040410959000042 ], [ 81.26252345100005, 30.039664272000039 ], [ 81.251765951000039, 30.038625147000062 ], [ 81.250434889000076, 30.037278771000047 ], [ 81.245753764000085, 30.035110897000038 ], [ 81.244450451000034, 30.033717022000076 ], [ 81.239190576000055, 30.03158383400006 ], [ 81.24450345200006, 30.02903864600006 ], [ 81.249999951000063, 30.026944084000036 ], [ 81.255013577000057, 30.023652459000061 ], [ 81.255402014000083, 30.019711022000024 ], [ 81.25165176400003, 30.016212897000059 ], [ 81.249454827000079, 30.013323085000025 ], [ 81.247148576000029, 30.011225146000072 ], [ 81.243604702000084, 30.012632522000047 ], [ 81.241524639000033, 30.012534835000054 ], [ 81.238018639000074, 30.011025397000026 ], [ 81.233354389000056, 30.007702084000073 ], [ 81.229518327000051, 30.007496834000051 ], [ 81.227850139000054, 30.008063647000029 ], [ 81.219212389000063, 30.007324897000046 ], [ 81.215955389000044, 30.014045459000045 ], [ 81.21244301400003, 30.015625646000046 ], [ 81.209466452000072, 30.020459834000064 ], [ 81.205608014000063, 30.022044896000068 ], [ 81.203622951000057, 30.021551772000066 ], [ 81.200219827000069, 30.021784772000046 ], [ 81.196565389000057, 30.022895585000072 ], [ 81.193533952000053, 30.019832334000057 ], [ 81.192250327000068, 30.017380022000054 ], [ 81.18916813900006, 30.014411522000046 ], [ 81.187522514000079, 30.01181983400005 ], [ 81.18576132700008, 30.010807334000049 ], [ 81.184375139000053, 30.011600959000077 ], [ 81.182190889000083, 30.013990522000029 ], [ 81.179215702000079, 30.015115647000073 ], [ 81.176298264000081, 30.014357209000025 ], [ 81.172693201000072, 30.014445459000058 ], [ 81.169292202000065, 30.012173834000066 ], [ 81.166498576000038, 30.010760834000052 ], [ 81.164825389000043, 30.010505834000071 ], [ 81.16050720100003, 30.011314146000075 ], [ 81.15793551400003, 30.012456397000051 ], [ 81.156483076000029, 30.011871647000078 ], [ 81.150932327000078, 30.011627771000065 ], [ 81.14984357700007, 30.012174897000079 ], [ 81.146628451000083, 30.015859772000056 ], [ 81.144287014000042, 30.016660897000065 ], [ 81.139607952000063, 30.016643397000053 ], [ 81.135088452000048, 30.016061647000072 ], [ 81.131165639000073, 30.01825814700004 ], [ 81.125617514000055, 30.020316209000043 ], [ 81.123679452000033, 30.028878397000028 ], [ 81.121489826000072, 30.031023334000054 ], [ 81.119449139000039, 30.034460584000044 ], [ 81.115868764000084, 30.034396147000052 ], [ 81.11249795100008, 30.035671272000059 ], [ 81.109854201000076, 30.038971334000053 ], [ 81.109517139000047, 30.041619772000047 ], [ 81.108263764000071, 30.044505835000052 ], [ 81.105293139000082, 30.045543584000029 ], [ 81.100955014000078, 30.047712459000024 ], [ 81.099998076000077, 30.049269584000058 ], [ 81.096013451000033, 30.052696709000031 ], [ 81.092635514000051, 30.054242022000039 ] ] ] } },
{ "type": "Feature", "properties": { "STATE_CODE": 7, "DISTRICT": "BAJHANG", "GaPa_NaPa": "Kedarseu", "Type_GN": "Gaunpalika", "Province": "Sudur Pashchim" }, "geometry": { "type": "Polygon", "coordinates": [ [ [ 80.954852389000052, 29.574468459000059 ], [ 80.950920451000059, 29.573533147000035 ], [ 80.947093826000071, 29.573750521000079 ], [ 80.94372270100007, 29.57621927200006 ], [ 80.940998576000084, 29.576892584000063 ], [ 80.939527077000037, 29.578265771000076 ], [ 80.934517763000031, 29.574112709000076 ], [ 80.934138263000079, 29.572386709000057 ], [ 80.931691889000035, 29.568830272000071 ], [ 80.931431514000053, 29.567090896000025 ], [ 80.928680513000074, 29.564465896000058 ], [ 80.925664514000061, 29.563284396000029 ], [ 80.922221639000043, 29.563122271000054 ], [ 80.916927201000078, 29.56352739600004 ], [ 80.915497514000037, 29.56448527200007 ], [ 80.912490827000056, 29.564217084000063 ], [ 80.90911913900004, 29.563100396000038 ], [ 80.90485876300005, 29.559785834000024 ], [ 80.904383014000075, 29.558007896000049 ], [ 80.898705389000042, 29.553167146000078 ], [ 80.896582451000086, 29.551674396000067 ], [ 80.893262451000055, 29.552596709000056 ], [ 80.890671202000078, 29.553932333000034 ], [ 80.889066076000063, 29.554091146000076 ], [ 80.88217145200008, 29.552145146000043 ], [ 80.877584451000075, 29.553054646000078 ], [ 80.874391139000068, 29.553056146000074 ], [ 80.87411901400003, 29.554819959000042 ], [ 80.875825576000068, 29.556867646000057 ], [ 80.88092501400007, 29.560048521000056 ], [ 80.883440514000085, 29.561199083000076 ], [ 80.883182389000069, 29.563813271000072 ], [ 80.881671826000058, 29.564615021000066 ], [ 80.880628201000036, 29.566662396000027 ], [ 80.876936889000035, 29.570024771000078 ], [ 80.874710138000069, 29.571076147000042 ], [ 80.874525763000065, 29.572765584000024 ], [ 80.871387389000063, 29.573240896000073 ], [ 80.868798451000032, 29.572410397000056 ], [ 80.86704951400003, 29.570558959000039 ], [ 80.866141889000062, 29.567336646000058 ], [ 80.865927013000032, 29.56417827100006 ], [ 80.86435920100007, 29.563572084000043 ], [ 80.86279988900003, 29.556712709000067 ], [ 80.862986826000053, 29.553493834000051 ], [ 80.860476326000082, 29.548769708000066 ], [ 80.86073607600008, 29.545582459000059 ], [ 80.861380952000047, 29.541901584000072 ], [ 80.864471639000044, 29.542376271000023 ], [ 80.866713701000037, 29.541602521000073 ], [ 80.870267952000063, 29.541978271000062 ], [ 80.871675201000073, 29.541047958000036 ], [ 80.87248201400007, 29.539065833000052 ], [ 80.872220826000046, 29.536931522000032 ], [ 80.874315889000059, 29.535931959000038 ], [ 80.876872889000083, 29.532363334000024 ], [ 80.880229327000052, 29.531281334000028 ], [ 80.881071889000054, 29.527997521000032 ], [ 80.880165201000068, 29.523850459000073 ], [ 80.880605638000077, 29.521396459000073 ], [ 80.87999076300008, 29.516963146000023 ], [ 80.88064988800005, 29.514730459000077 ], [ 80.878975013000058, 29.512847522000072 ], [ 80.878431014000057, 29.510264083000038 ], [ 80.879782201000069, 29.508512459000031 ], [ 80.881933513000035, 29.508225709000044 ], [ 80.887149014000045, 29.506732334000048 ], [ 80.888392576000058, 29.503065334000041 ], [ 80.892259576000072, 29.500708896000049 ], [ 80.894409327000062, 29.497956209000051 ], [ 80.894775014000061, 29.496251083000061 ], [ 80.89760920100008, 29.494184709000024 ], [ 80.898375326000064, 29.492969334000065 ], [ 80.89881138800007, 29.490064084000039 ], [ 80.898288764000085, 29.486009896000041 ], [ 80.90003088900005, 29.483674146000055 ], [ 80.898813201000053, 29.477237209000066 ], [ 80.896631639000077, 29.475033771000028 ], [ 80.896674451000081, 29.473195271000066 ], [ 80.897603701000037, 29.470455021000078 ], [ 80.897567827000046, 29.466065146000062 ], [ 80.899257763000037, 29.462105084000029 ], [ 80.90243257700007, 29.457925084000067 ], [ 80.904774201000066, 29.455754334000062 ], [ 80.906572764000032, 29.451965709000035 ], [ 80.909794201000068, 29.450429459000077 ], [ 80.912167576000058, 29.44625320800003 ], [ 80.91234563900008, 29.444870396000056 ], [ 80.913448389000052, 29.445692271000041 ], [ 80.915279013000031, 29.451567772000033 ], [ 80.913163264000048, 29.454384021000067 ], [ 80.913926514000082, 29.455652271000076 ], [ 80.91598801400005, 29.45688083400006 ], [ 80.920842013000083, 29.457152209000071 ], [ 80.924582514000065, 29.458183084000041 ], [ 80.926754576000064, 29.459616771000071 ], [ 80.932216701000073, 29.464309646000061 ], [ 80.934203638000042, 29.464317397000059 ], [ 80.941079513000034, 29.461816646000045 ], [ 80.945931576000078, 29.45962595900005 ], [ 80.948174076000043, 29.461954896000066 ], [ 80.951810389000059, 29.460787708000055 ], [ 80.954694639000081, 29.462297959000068 ], [ 80.958440701000029, 29.462901459000079 ], [ 80.966374201000065, 29.462811208000062 ], [ 80.966588701000035, 29.464205396000068 ], [ 80.971800514000051, 29.465803834000042 ], [ 80.976221201000044, 29.466842333000045 ], [ 80.982030076000058, 29.464781396000035 ], [ 80.984172389000037, 29.462647583000035 ], [ 80.987532889000079, 29.463211896000075 ], [ 80.989613826000038, 29.467286209000065 ], [ 80.99470245100008, 29.467904646000079 ], [ 80.998957826000037, 29.469034959000055 ], [ 81.002356389000056, 29.469463521000023 ], [ 81.007372764000081, 29.471074022000039 ], [ 81.009623576000081, 29.472450021000043 ], [ 81.009968763000074, 29.47658270900007 ], [ 81.011123076000047, 29.478561021000075 ], [ 81.015272638000056, 29.481694021000067 ], [ 81.014282014000059, 29.484457583000051 ], [ 81.014611951000063, 29.486068272000068 ], [ 81.013382326000055, 29.488640083000064 ], [ 81.010562327000059, 29.491275271000063 ], [ 81.006040764000034, 29.492229709000071 ], [ 81.002295014000083, 29.49380439600003 ], [ 81.000071889000083, 29.493748021000044 ], [ 80.999074951000068, 29.488665584000046 ], [ 80.997866889000079, 29.487535334000029 ], [ 80.995402826000031, 29.487815021000074 ], [ 80.989394951000065, 29.486456646000079 ], [ 80.98690051400007, 29.48709933300006 ], [ 80.983729264000033, 29.489142833000074 ], [ 80.983208576000038, 29.491791146000025 ], [ 80.979728451000085, 29.496559584000067 ], [ 80.97907088900007, 29.499893646000032 ], [ 80.979013451000071, 29.505756646000066 ], [ 80.98180732600008, 29.506289458000026 ], [ 80.985159389000046, 29.511383584000043 ], [ 80.987894764000032, 29.512001958000042 ], [ 80.990243701000054, 29.515760459000035 ], [ 80.989865827000074, 29.518347896000023 ], [ 80.988071139000056, 29.520303584000033 ], [ 80.986685951000084, 29.520826834000047 ], [ 80.98485945200008, 29.522723771000074 ], [ 80.981648077000045, 29.522971521000045 ], [ 80.979618452000068, 29.524241271000051 ], [ 80.976489389000051, 29.523701584000037 ], [ 80.976931389000072, 29.52663883300005 ], [ 80.975216576000037, 29.530886272000032 ], [ 80.972441201000038, 29.534576334000064 ], [ 80.971668951000083, 29.536633521000056 ], [ 80.969165201000067, 29.540305459000024 ], [ 80.968548388000045, 29.544158272000061 ], [ 80.966917076000072, 29.545448271000055 ], [ 80.965876451000042, 29.54817758400003 ], [ 80.966393201000074, 29.54987189600007 ], [ 80.965841952000062, 29.556666397000072 ], [ 80.964981389000059, 29.557834709000076 ], [ 80.965961014000072, 29.564228021000076 ], [ 80.963880326000037, 29.564897521000034 ], [ 80.963250076000065, 29.566485396000076 ], [ 80.964382514000079, 29.568576771000039 ], [ 80.963277264000055, 29.569778959000075 ], [ 80.960866139000075, 29.570182021000051 ], [ 80.95601382600006, 29.572788271000036 ], [ 80.954852389000052, 29.574468459000059 ] ] ] } },
{ "type": "Feature", "properties": { "STATE_CODE": 7, "DISTRICT": "BAJHANG", "GaPa_NaPa": "Khaptadchhanna", "Type_GN": "Gaunpalika", "Province": "Sudur Pashchim" }, "geometry": { "type": "Polygon", "coordinates": [ [ [ 81.292662576000055, 29.474815271000068 ], [ 81.289408264000031, 29.475727022000058 ], [ 81.287689951000061, 29.477111334000028 ], [ 81.285479202000033, 29.476676209000061 ], [ 81.284133514000075, 29.477883709000025 ], [ 81.280462577000037, 29.478784834000066 ], [ 81.275813889000062, 29.479245709000054 ], [ 81.274290264000058, 29.478344333000052 ], [ 81.272907639000039, 29.476413833000038 ], [ 81.268794826000033, 29.478660021000053 ], [ 81.268329639000058, 29.479703146000077 ], [ 81.264976764000039, 29.479529396000032 ], [ 81.262463327000034, 29.480199834000075 ], [ 81.259825014000057, 29.477637834000063 ], [ 81.256722013000058, 29.476082771000051 ], [ 81.250531014000046, 29.475293771000054 ], [ 81.24745295200006, 29.472233833000075 ], [ 81.245570139000051, 29.469636272000059 ], [ 81.243571951000035, 29.469685084000048 ], [ 81.240475451000066, 29.468623709000042 ], [ 81.235460764000038, 29.467879209000046 ], [ 81.231278327000041, 29.470034146000046 ], [ 81.228961327000036, 29.470629146000078 ], [ 81.227256389000047, 29.473451896000029 ], [ 81.223428139000077, 29.476075208000054 ], [ 81.221137577000036, 29.477209209000023 ], [ 81.218429951000076, 29.47772352100003 ], [ 81.21388513900007, 29.477148896000074 ], [ 81.211625952000077, 29.475609521000024 ], [ 81.206519201000049, 29.474178271000028 ], [ 81.202588452000043, 29.474182084000063 ], [ 81.200471576000041, 29.476865208000049 ], [ 81.199038889000065, 29.477614083000049 ], [ 81.196338639000032, 29.477875271000073 ], [ 81.191507327000068, 29.479768209000042 ], [ 81.188370514000042, 29.481548083000064 ], [ 81.18629388800008, 29.481158459000028 ], [ 81.177521389000049, 29.48134189700005 ], [ 81.175567951000062, 29.481910709000033 ], [ 81.173435514000062, 29.483370771000068 ], [ 81.170486827000047, 29.483764896000025 ], [ 81.168442952000078, 29.486603084000024 ], [ 81.16551357600008, 29.493609021000054 ], [ 81.163597014000061, 29.495246897000072 ], [ 81.162129951000054, 29.497811334000062 ], [ 81.158111326000039, 29.497870396000053 ], [ 81.154373389000057, 29.498700271000075 ], [ 81.149089763000063, 29.502017959000057 ], [ 81.148970139000085, 29.503777709000076 ], [ 81.146523202000083, 29.50567308400008 ], [ 81.144876452000062, 29.504923646000066 ], [ 81.14098970100008, 29.501731272000029 ], [ 81.137589514000069, 29.501525084000036 ], [ 81.13475070100003, 29.503813147000074 ], [ 81.132746138000073, 29.503803959000038 ], [ 81.130355576000056, 29.503147521000074 ], [ 81.13522901400006, 29.500882271000023 ], [ 81.13327526300003, 29.499201396000046 ], [ 81.133025952000082, 29.498125584000036 ], [ 81.134636326000077, 29.495868084000051 ], [ 81.135177326000075, 29.49379895900006 ], [ 81.133327701000042, 29.493218771000045 ], [ 81.126184827000031, 29.494581522000033 ], [ 81.121503826000037, 29.492657146000056 ], [ 81.119122388000051, 29.490405646000056 ], [ 81.117966639000031, 29.48827714600003 ], [ 81.117773327000066, 29.485811646000059 ], [ 81.112762264000082, 29.483384209000064 ], [ 81.106518076000043, 29.47792783400007 ], [ 81.104481576000069, 29.476709021000033 ], [ 81.100767952000069, 29.475396709000051 ], [ 81.098840577000033, 29.474218334000057 ], [ 81.093032264000044, 29.468957334000038 ], [ 81.092508514000031, 29.466755959000068 ], [ 81.089955389000067, 29.464957521000031 ], [ 81.089453702000071, 29.462891459000048 ], [ 81.091144077000081, 29.463803959000074 ], [ 81.095315952000078, 29.465023708000047 ], [ 81.098798827000053, 29.46541595900004 ], [ 81.102051951000078, 29.464851772000031 ], [ 81.107032952000054, 29.465829146000033 ], [ 81.110355514000048, 29.464845146000073 ], [ 81.113031014000057, 29.465343708000034 ], [ 81.118969701000083, 29.463154834000079 ], [ 81.117449764000071, 29.461525209000058 ], [ 81.114495702000056, 29.460546459000057 ], [ 81.115705702000071, 29.459410709000053 ], [ 81.11732788900008, 29.460627458000033 ], [ 81.118253451000044, 29.459622771000056 ], [ 81.121085576000041, 29.459703771000079 ], [ 81.121925826000052, 29.458489271000076 ], [ 81.121341451000035, 29.455906834000075 ], [ 81.120128389000058, 29.455152209000062 ], [ 81.119349326000076, 29.452454833000047 ], [ 81.121748201000059, 29.450068209000051 ], [ 81.126631639000038, 29.448173209000061 ], [ 81.129690889000074, 29.447980771000061 ], [ 81.131951264000065, 29.448382396000056 ], [ 81.132207014000073, 29.445857771000078 ], [ 81.133389451000085, 29.444124083000077 ], [ 81.133427951000044, 29.442283271000065 ], [ 81.129788826000038, 29.440351271000054 ], [ 81.128472264000038, 29.440223959000036 ], [ 81.125351951000084, 29.437754521000045 ], [ 81.121166389000052, 29.438475772000061 ], [ 81.118625827000074, 29.437614083000028 ], [ 81.118221951000066, 29.436617272000035 ], [ 81.11994526400008, 29.432049834000054 ], [ 81.121151701000031, 29.431238896000025 ], [ 81.126936201000035, 29.429600209000057 ], [ 81.132174389000056, 29.429615458000058 ], [ 81.134837951000065, 29.430257959000073 ], [ 81.139798638000059, 29.430151334000072 ], [ 81.140684264000072, 29.430883521000055 ], [ 81.14404982700006, 29.431234147000055 ], [ 81.14408076400008, 29.428953396000054 ], [ 81.146762889000058, 29.428350396000042 ], [ 81.14785882700005, 29.425942146000068 ], [ 81.150518951000038, 29.42401264700004 ], [ 81.153759452000031, 29.424879709000038 ], [ 81.155138327000031, 29.423743396000077 ], [ 81.157030451000082, 29.424808209000048 ], [ 81.157115076000082, 29.426209021000034 ], [ 81.159298826000054, 29.426490709000063 ], [ 81.160410639000077, 29.424140958000066 ], [ 81.163609764000057, 29.421669146000056 ], [ 81.165514577000067, 29.418190459000073 ], [ 81.169171014000085, 29.416442084000039 ], [ 81.169935764000058, 29.414967959000023 ], [ 81.171433139000044, 29.414986396000074 ], [ 81.176811951000047, 29.413837834000049 ], [ 81.179474889000062, 29.414743396000063 ], [ 81.182419202000062, 29.415005584000028 ], [ 81.18321620200004, 29.417242397000052 ], [ 81.18223082600008, 29.424049646000071 ], [ 81.187114576000056, 29.42483702100003 ], [ 81.191012389000036, 29.427380646000074 ], [ 81.193702951000034, 29.425265271000058 ], [ 81.195351952000067, 29.425305709000042 ], [ 81.199368702000072, 29.428234709000037 ], [ 81.202775951000035, 29.425389396000071 ], [ 81.203455202000043, 29.423723521000056 ], [ 81.205438577000052, 29.422010459000035 ], [ 81.205378452000048, 29.421110458000044 ], [ 81.208109763000039, 29.41834502100005 ], [ 81.213254326000083, 29.416078772000049 ], [ 81.221845138000049, 29.418180834000054 ], [ 81.224666013000046, 29.421095146000027 ], [ 81.227378014000067, 29.419594896000035 ], [ 81.227673327000048, 29.416927959000077 ], [ 81.228469514000039, 29.415074459000039 ], [ 81.228836951000062, 29.411613334000037 ], [ 81.231475388000035, 29.410618458000044 ], [ 81.234755263000068, 29.411136021000061 ], [ 81.239969827000039, 29.414244396000072 ], [ 81.246435139000084, 29.413503959000025 ], [ 81.248036827000078, 29.41295277100005 ], [ 81.253575763000072, 29.413292021000075 ], [ 81.256454327000085, 29.41680345900005 ], [ 81.255342014000064, 29.418414021000046 ], [ 81.254010139000059, 29.418827147000059 ], [ 81.252216327000042, 29.421794771000066 ], [ 81.255102389000058, 29.423587208000072 ], [ 81.26009001400007, 29.430167021000045 ], [ 81.263881889000061, 29.433816333000038 ], [ 81.267163451000044, 29.435134021000067 ], [ 81.273436202000084, 29.437013959000069 ], [ 81.278952701000037, 29.43722583400006 ], [ 81.280700264000075, 29.437989146000064 ], [ 81.281373701000064, 29.441538521000041 ], [ 81.285487077000084, 29.44379914600006 ], [ 81.290280514000074, 29.44454683400005 ], [ 81.290699951000079, 29.446122709000065 ], [ 81.29353601400004, 29.447975334000034 ], [ 81.29648688900005, 29.448729021000077 ], [ 81.297899202000053, 29.449799584000061 ], [ 81.302394952000043, 29.451467896000054 ], [ 81.304594577000046, 29.451361334000069 ], [ 81.30497420100005, 29.453966022000031 ], [ 81.304383389000066, 29.454851646000066 ], [ 81.309488889000079, 29.459892959000058 ], [ 81.30479770200003, 29.463680208000028 ], [ 81.304129076000038, 29.465962396000066 ], [ 81.304904451000084, 29.467496833000041 ], [ 81.298477702000071, 29.469101771000055 ], [ 81.295551077000084, 29.46912414600007 ], [ 81.292673764000085, 29.473533959000065 ], [ 81.292662576000055, 29.474815271000068 ] ] ] } },
{ "type": "Feature", "properties": { "STATE_CODE": 7, "DISTRICT": "BAJHANG", "GaPa_NaPa": "Masta", "Type_GN": "Gaunpalika", "Province": "Sudur Pashchim" }, "geometry": { "type": "Polygon", "coordinates": [ [ [ 81.368196827000077, 29.544123458000058 ], [ 81.365469326000039, 29.544884459000059 ], [ 81.359775014000036, 29.549704896000037 ], [ 81.355547014000081, 29.552856397000028 ], [ 81.353132451000079, 29.560965771000042 ], [ 81.35205826400005, 29.562037896000049 ], [ 81.349115952000034, 29.562988584000038 ], [ 81.346467389000054, 29.566072459000054 ], [ 81.34625770100007, 29.567769397000063 ], [ 81.344682889000069, 29.569469834000074 ], [ 81.340129015000059, 29.572213334000025 ], [ 81.336322077000034, 29.572852459000046 ], [ 81.326342139000076, 29.575514396000074 ], [ 81.320458201000065, 29.578418459000034 ], [ 81.312414014000069, 29.579944521000073 ], [ 81.309189452000055, 29.582968084000072 ], [ 81.303008701000067, 29.583169584000075 ], [ 81.300209014000075, 29.584245147000047 ], [ 81.293200701000046, 29.589483084000051 ], [ 81.287886326000034, 29.590198522000037 ], [ 81.282062951000057, 29.590062147000026 ], [ 81.277615639000032, 29.592167146000065 ], [ 81.271110014000044, 29.593227334000062 ], [ 81.269742889000042, 29.59427908400005 ], [ 81.268898139000044, 29.598621021000042 ], [ 81.270353452000052, 29.603269584000032 ], [ 81.268721576000075, 29.606749084000057 ], [ 81.266851702000054, 29.606432521000045 ], [ 81.266276077000043, 29.603503396000065 ], [ 81.259934764000036, 29.602780584000072 ], [ 81.257476951000058, 29.601632584000072 ], [ 81.252784202000043, 29.600712271000077 ], [ 81.24911288900006, 29.59943108300007 ], [ 81.24681851400004, 29.599349647000054 ], [ 81.244442264000043, 29.595546146000061 ], [ 81.244316014000049, 29.593904209000073 ], [ 81.241991389000077, 29.591233084000066 ], [ 81.241694764000044, 29.589686147000066 ], [ 81.243445951000069, 29.587230834000025 ], [ 81.243053014000054, 29.586155521000023 ], [ 81.240218264000077, 29.584475584000074 ], [ 81.238311014000033, 29.582708209000032 ], [ 81.235527451000053, 29.582009334000077 ], [ 81.235987951000084, 29.580686584000034 ], [ 81.231177763000062, 29.573850834000041 ], [ 81.228403576000062, 29.571002021000027 ], [ 81.224669014000085, 29.569966208000039 ], [ 81.222200764000036, 29.567495647000044 ], [ 81.222541826000054, 29.560926146000043 ], [ 81.221395889000064, 29.559351209000056 ], [ 81.217637014000047, 29.558592709000038 ], [ 81.212377076000053, 29.556302522000067 ], [ 81.209483701000067, 29.556640959000049 ], [ 81.207759764000059, 29.555224772000031 ], [ 81.207065951000061, 29.553292583000029 ], [ 81.211141077000036, 29.550067084000034 ], [ 81.213326389000031, 29.550517021000076 ], [ 81.221271202000082, 29.548593334000032 ], [ 81.222310014000072, 29.547862959000042 ], [ 81.228236702000061, 29.546582834000048 ], [ 81.231143263000035, 29.543848271000059 ], [ 81.231556513000044, 29.542755709000062 ], [ 81.240581826000039, 29.532462021000072 ], [ 81.242451577000054, 29.531457021000051 ], [ 81.244211326000084, 29.527724896000052 ], [ 81.244829326000058, 29.525269397000045 ], [ 81.247320827000067, 29.523444333000043 ], [ 81.249999951000063, 29.522164771000064 ], [ 81.251924264000081, 29.522828834000052 ], [ 81.256940139000051, 29.522169584000039 ], [ 81.260044889000085, 29.521067209000023 ], [ 81.260178451000058, 29.518585521000034 ], [ 81.261903389000054, 29.517846709000025 ], [ 81.26369795100004, 29.515115896000054 ], [ 81.26576870100007, 29.514734959000066 ], [ 81.269787389000044, 29.512678584000071 ], [ 81.270301639000081, 29.511355584000057 ], [ 81.275292077000074, 29.505570396000053 ], [ 81.275676889000067, 29.504342396000027 ], [ 81.278133452000077, 29.503225147000023 ], [ 81.281055139000046, 29.498937396000031 ], [ 81.282280889000049, 29.498102459000052 ], [ 81.285426139000037, 29.497312896000039 ], [ 81.28915276400005, 29.494006771000045 ], [ 81.291688952000072, 29.492909396000073 ], [ 81.293489702000045, 29.490742083000043 ], [ 81.296727139000041, 29.488959521000027 ], [ 81.298370701000067, 29.488890459000061 ], [ 81.299134389000073, 29.487519396000039 ], [ 81.303244139000071, 29.485662584000067 ], [ 81.30756907600005, 29.484229209000034 ], [ 81.308798139000032, 29.482897646000026 ], [ 81.311685889000046, 29.481190083000058 ], [ 81.313015139000072, 29.479560396000068 ], [ 81.315358952000054, 29.482929646000059 ], [ 81.316708326000082, 29.482373771000027 ], [ 81.319173201000069, 29.48380033400008 ], [ 81.317259826000054, 29.488700146000042 ], [ 81.31649438900007, 29.491528522000067 ], [ 81.319065701000056, 29.492280334000043 ], [ 81.320909014000051, 29.494200084000056 ], [ 81.322786577000045, 29.494899458000077 ], [ 81.328188202000035, 29.49487945900006 ], [ 81.330098639000084, 29.496956896000029 ], [ 81.334200451000072, 29.500001084000075 ], [ 81.336524202000078, 29.501235897000072 ], [ 81.337340139000048, 29.502720458000056 ], [ 81.340455452000072, 29.505024771000024 ], [ 81.341493639000078, 29.509497708000026 ], [ 81.343706264000048, 29.512869021000029 ], [ 81.345488389000081, 29.514754771000071 ], [ 81.350803076000034, 29.52193470900005 ], [ 81.352175702000068, 29.524649397000076 ], [ 81.351419202000045, 29.526135709000073 ], [ 81.35289126400005, 29.529978021000034 ], [ 81.354463765000048, 29.531534897000029 ], [ 81.35672745100004, 29.53137545900006 ], [ 81.357909014000086, 29.533048334000057 ], [ 81.365224201000046, 29.539310959000034 ], [ 81.367153452000082, 29.543111209000074 ], [ 81.368196827000077, 29.544123458000058 ] ] ] } },
{ "type": "Feature", "properties": { "STATE_CODE": 7, "DISTRICT": "BAJHANG", "GaPa_NaPa": "Surma", "Type_GN": "Gaunpalika", "Province": "Sudur Pashchim" }, "geometry": { "type": "Polygon", "coordinates": [ [ [ 81.212707452000075, 29.631418834000044 ], [ 81.213411577000045, 29.634248771000046 ], [ 81.213419202000068, 29.637858021000056 ], [ 81.214323702000058, 29.638822083000036 ], [ 81.213760451000041, 29.640440396000031 ], [ 81.214099014000055, 29.644076209000048 ], [ 81.215754702000083, 29.645011959000044 ], [ 81.216051327000059, 29.647871833000067 ], [ 81.218408514000032, 29.649178584000026 ], [ 81.220124577000036, 29.651081959000066 ], [ 81.221409577000031, 29.65141589600006 ], [ 81.222661451000079, 29.655052397000077 ], [ 81.22185513900007, 29.656301209000048 ], [ 81.222645202000081, 29.660022021000032 ], [ 81.22189895200006, 29.663061834000075 ], [ 81.223687701000074, 29.666690646000063 ], [ 81.224231952000082, 29.668668083000057 ], [ 81.224182014000064, 29.673369209000043 ], [ 81.221976577000078, 29.674119647000055 ], [ 81.222146639000073, 29.676120272000048 ], [ 81.223248452000064, 29.67877345900007 ], [ 81.22238907600007, 29.681800021000072 ], [ 81.223410389000037, 29.682777272000067 ], [ 81.222189701000048, 29.684117021000077 ], [ 81.222142452000071, 29.685671396000032 ], [ 81.21877857700008, 29.685945334000053 ], [ 81.215855389000069, 29.687644271000067 ], [ 81.212783701000035, 29.688357522000047 ], [ 81.212536201000034, 29.690309209000077 ], [ 81.210752639000077, 29.692240771000058 ], [ 81.212433889000067, 29.694626958000072 ], [ 81.211648264000075, 29.698257772000034 ], [ 81.208719014000053, 29.699609147000047 ], [ 81.208909388000052, 29.702636084000062 ], [ 81.207124889000056, 29.705839959000059 ], [ 81.207264139000074, 29.711027959000035 ], [ 81.204089264000061, 29.709541834000049 ], [ 81.202380577000042, 29.710361084000056 ], [ 81.20362657700008, 29.71281570900004 ], [ 81.202884889000075, 29.714258271000062 ], [ 81.200402889000031, 29.714528272000052 ], [ 81.199295952000057, 29.712605709000059 ], [ 81.197697951000066, 29.713641271000029 ], [ 81.196279889000039, 29.716138271000034 ], [ 81.197140076000039, 29.718095021000067 ], [ 81.195715951000068, 29.719701022000038 ], [ 81.194247702000041, 29.719703209000045 ], [ 81.193843264000066, 29.721411396000065 ], [ 81.194662014000073, 29.723153959000058 ], [ 81.19279057600005, 29.725541021000026 ], [ 81.19124057700003, 29.725437271000033 ], [ 81.187982201000068, 29.728442147000067 ], [ 81.18560851400008, 29.727904147000061 ], [ 81.183442889000048, 29.728243209000027 ], [ 81.182493077000061, 29.730608584000038 ], [ 81.178436576000081, 29.734534646000043 ], [ 81.176515952000045, 29.735216272000059 ], [ 81.172098452000057, 29.741445772000077 ], [ 81.169816702000048, 29.742687147000026 ], [ 81.167909826000084, 29.745910834000028 ], [ 81.166302014000053, 29.747755834000031 ], [ 81.163663389000078, 29.748449397000059 ], [ 81.159744639000053, 29.750734771000054 ], [ 81.159111764000045, 29.752734147000069 ], [ 81.156891201000064, 29.755910709000034 ], [ 81.156634201000031, 29.759402959000056 ], [ 81.158437639000056, 29.762935584000047 ], [ 81.157883389000062, 29.76977577100007 ], [ 81.156468826000037, 29.771130896000045 ], [ 81.15625938900007, 29.773407209000027 ], [ 81.155300451000073, 29.774089584000023 ], [ 81.152754764000065, 29.779222209000068 ], [ 81.148444514000062, 29.783555896000053 ], [ 81.148421389000077, 29.787830646000032 ], [ 81.146962451000036, 29.792698022000025 ], [ 81.144839952000041, 29.794175584000072 ], [ 81.143060701000081, 29.798129584000037 ], [ 81.139915014000053, 29.801451209000049 ], [ 81.136575514000072, 29.806494084000065 ], [ 81.135736577000046, 29.808946897000055 ], [ 81.133966951000048, 29.810649584000032 ], [ 81.132307577000063, 29.813877021000053 ], [ 81.132029702000068, 29.815787897000064 ], [ 81.125888514000053, 29.822872459000052 ], [ 81.121425077000083, 29.81846889600007 ], [ 81.117536452000081, 29.813978959000053 ], [ 81.115808764000064, 29.810903584000073 ], [ 81.11430032700008, 29.809201834000078 ], [ 81.110654513000043, 29.807892084000059 ], [ 81.105430139000077, 29.807993334000059 ], [ 81.104922077000083, 29.802334021000036 ], [ 81.105112576000067, 29.799590834000071 ], [ 81.103979389000074, 29.798046584000076 ], [ 81.103482014000065, 29.793553459000066 ], [ 81.105162513000039, 29.791113647000032 ], [ 81.10475107600007, 29.789622959000042 ], [ 81.102857327000038, 29.786516022000058 ], [ 81.103006701000083, 29.782737396000073 ], [ 81.101346077000073, 29.781382959000041 ], [ 81.100701576000063, 29.778191521000053 ], [ 81.099469076000048, 29.775609646000078 ], [ 81.097280013000045, 29.773154709000039 ], [ 81.095923577000065, 29.770268334000036 ], [ 81.092718514000069, 29.768098271000042 ], [ 81.091810014000032, 29.766389021000066 ], [ 81.09304432600004, 29.757967334000057 ], [ 81.091519514000083, 29.755760021000071 ], [ 81.091523389000031, 29.752922209000076 ], [ 81.090907826000034, 29.751566959000058 ], [ 81.093449576000069, 29.746431021000035 ], [ 81.094490826000083, 29.740348647000076 ], [ 81.095863638000083, 29.737530209000056 ], [ 81.094336014000078, 29.734776959000044 ], [ 81.092240577000041, 29.732561021000038 ], [ 81.091159577000042, 29.727628397000046 ], [ 81.087536826000076, 29.722345459000053 ], [ 81.087087014000076, 29.721093834000044 ], [ 81.090193139000064, 29.717058397000073 ], [ 81.093748951000066, 29.715003146000072 ], [ 81.092482076000067, 29.713702397000077 ], [ 81.091778201000068, 29.709089834000054 ], [ 81.091785388000062, 29.705248209000047 ], [ 81.091387702000077, 29.703743834000079 ], [ 81.086128951000035, 29.696300959000041 ], [ 81.085381514000062, 29.693492959000025 ], [ 81.08385220200006, 29.691508834000047 ], [ 81.081508013000075, 29.690204209000058 ], [ 81.075961076000056, 29.693018146000043 ], [ 81.075047264000034, 29.695053459000064 ], [ 81.073132389000079, 29.697353209000028 ], [ 81.066039327000055, 29.698780334000048 ], [ 81.063750764000076, 29.698456709000027 ], [ 81.061890638000079, 29.697358959000042 ], [ 81.056911326000034, 29.693551147000051 ], [ 81.055936889000066, 29.690591959000074 ], [ 81.052503264000052, 29.687660772000072 ], [ 81.048641014000054, 29.686186959000054 ], [ 81.048497577000035, 29.684689146000039 ], [ 81.043519014000083, 29.680808647000049 ], [ 81.041001014000074, 29.678075396000054 ], [ 81.041886826000052, 29.675789958000053 ], [ 81.044373514000085, 29.672766396000043 ], [ 81.043628326000032, 29.669107709000059 ], [ 81.042196826000065, 29.665025146000062 ], [ 81.040993701000048, 29.660006333000069 ], [ 81.034643451000079, 29.652940708000074 ], [ 81.033213013000079, 29.650267896000059 ], [ 81.032811951000042, 29.647883647000072 ], [ 81.031667326000047, 29.644924272000026 ], [ 81.02989388900005, 29.642427459000032 ], [ 81.02520432700004, 29.639094334000049 ], [ 81.024174764000065, 29.637247022000054 ], [ 81.025745889000063, 29.632351584000048 ], [ 81.025545514000044, 29.631352334000042 ], [ 81.028154201000063, 29.631647271000077 ], [ 81.032215701000041, 29.629661271000032 ], [ 81.039317764000032, 29.627022272000033 ], [ 81.041025139000055, 29.625365959000078 ], [ 81.042815451000081, 29.622162146000051 ], [ 81.047001264000073, 29.620559084000035 ], [ 81.051644889000045, 29.618145897000034 ], [ 81.05318445100005, 29.613455397000052 ], [ 81.053067327000065, 29.609178396000061 ], [ 81.05337313900003, 29.602850646000036 ], [ 81.054205201000059, 29.600224522000076 ], [ 81.052755139000055, 29.595871334000037 ], [ 81.058040514000083, 29.596277459000078 ], [ 81.060378388000061, 29.597751709000079 ], [ 81.061815701000057, 29.59795633300007 ], [ 81.064755888000036, 29.596457084000065 ], [ 81.066998139000077, 29.596717646000059 ], [ 81.071274014000039, 29.59796970900004 ], [ 81.07378495100005, 29.597902834000024 ], [ 81.077819577000071, 29.59633277100005 ], [ 81.08343870200008, 29.595061583000074 ], [ 81.084125826000047, 29.594512959000042 ], [ 81.085019764000037, 29.591259459000071 ], [ 81.085975389000055, 29.59008358400007 ], [ 81.087734702000034, 29.585106022000048 ], [ 81.089825889000053, 29.583757896000066 ], [ 81.092007827000032, 29.583731583000031 ], [ 81.09278295200005, 29.581484209000052 ], [ 81.093705138000075, 29.576714709000044 ], [ 81.097232889000054, 29.574544334000052 ], [ 81.099398638000082, 29.572749333000047 ], [ 81.100793451000072, 29.572723459000031 ], [ 81.105146264000041, 29.571328271000027 ], [ 81.109138702000052, 29.568202959000075 ], [ 81.114946389000067, 29.566269272000056 ], [ 81.116009827000084, 29.570755209000026 ], [ 81.118043389000036, 29.573548396000035 ], [ 81.118803702000037, 29.575744959000076 ], [ 81.122474389000047, 29.578829834000032 ], [ 81.128537764000043, 29.580055834000063 ], [ 81.133784701000081, 29.582856897000056 ], [ 81.137142139000048, 29.577807146000055 ], [ 81.138945513000067, 29.577593208000053 ], [ 81.140667889000042, 29.583176896000055 ], [ 81.142530201000056, 29.584645709000029 ], [ 81.144662201000074, 29.589247584000077 ], [ 81.148795889000041, 29.596554146000074 ], [ 81.153088264000075, 29.597866646000057 ], [ 81.157500576000075, 29.595274146000065 ], [ 81.158803139000042, 29.597537333000048 ], [ 81.162578889000031, 29.602915209000059 ], [ 81.162862264000069, 29.604983396000023 ], [ 81.164903138000057, 29.607683397000073 ], [ 81.16429688900007, 29.610521959000039 ], [ 81.16195538900007, 29.610969271000045 ], [ 81.16078626400008, 29.612215896000066 ], [ 81.159365514000058, 29.61536452100006 ], [ 81.161616389000073, 29.62179089600005 ], [ 81.165139889000045, 29.624651522000079 ], [ 81.171017389000042, 29.626299771000049 ], [ 81.174637389000054, 29.626640209000072 ], [ 81.175931138000067, 29.628025834000027 ], [ 81.180135389000043, 29.630736146000061 ], [ 81.181031638000036, 29.633214084000031 ], [ 81.183889452000074, 29.634624584000051 ], [ 81.186433326000042, 29.634305209000047 ], [ 81.189766951000081, 29.634941146000074 ], [ 81.193015701000036, 29.634909397000058 ], [ 81.20108588800008, 29.632937084000048 ], [ 81.204898014000037, 29.632703396000068 ], [ 81.20601776400008, 29.631916646000036 ], [ 81.211403326000038, 29.633378958000037 ], [ 81.212707452000075, 29.631418834000044 ] ] ] } },
{ "type": "Feature", "properties": { "STATE_CODE": 7, "DISTRICT": "BAJHANG", "GaPa_NaPa": "Talkot", "Type_GN": "Gaunpalika", "Province": "Sudur Pashchim" }, "geometry": { "type": "Polygon", "coordinates": [ [ [ 81.469060077000051, 29.659295709000048 ], [ 81.46665013900008, 29.662617959000045 ], [ 81.463437577000036, 29.663452584000026 ], [ 81.460433764000072, 29.66533527100006 ], [ 81.454354702000046, 29.666775147000067 ], [ 81.451363764000064, 29.668420834000074 ], [ 81.449936139000044, 29.668461772000057 ], [ 81.446070327000029, 29.670013271000073 ], [ 81.443153826000071, 29.668507208000051 ], [ 81.440890639000031, 29.667966584000055 ], [ 81.438126077000049, 29.668417896000051 ], [ 81.435687577000067, 29.666754396000044 ], [ 81.432987139000033, 29.66572108400004 ], [ 81.428124827000033, 29.665477459000044 ], [ 81.423627577000047, 29.666195709000078 ], [ 81.415432077000048, 29.670857271000045 ], [ 81.412599451000062, 29.673794084000065 ], [ 81.408150827000043, 29.676144959000055 ], [ 81.404202076000047, 29.676082522000058 ], [ 81.401518514000031, 29.673938709000026 ], [ 81.398456639000074, 29.673250897000059 ], [ 81.395648452000046, 29.673687896000047 ], [ 81.392830577000041, 29.671632209000052 ], [ 81.389924701000041, 29.672200272000055 ], [ 81.384740264000072, 29.672377834000031 ], [ 81.384014452000031, 29.670683584000074 ], [ 81.382281889000069, 29.669181708000053 ], [ 81.374520202000042, 29.670900209000024 ], [ 81.37186676400006, 29.673041709000074 ], [ 81.367047889000048, 29.673244647000047 ], [ 81.364600014000075, 29.672621959000026 ], [ 81.36309538900008, 29.674448771000073 ], [ 81.360365702000081, 29.675399147000064 ], [ 81.357626889000073, 29.673960646000069 ], [ 81.348994139000069, 29.673733334000076 ], [ 81.347413639000081, 29.674427709000042 ], [ 81.345622827000057, 29.676505396000039 ], [ 81.34389845100003, 29.677076084000078 ], [ 81.342608202000065, 29.678460021000035 ], [ 81.340963827000053, 29.681480209000028 ], [ 81.34075363900007, 29.683113959000025 ], [ 81.339318202000072, 29.684184646000062 ], [ 81.338678014000038, 29.686448834000032 ], [ 81.336740202000044, 29.687773397000058 ], [ 81.332561326000075, 29.687206459000038 ], [ 81.331175514000051, 29.688678459000073 ], [ 81.328275202000043, 29.687821709000048 ], [ 81.325969702000066, 29.689332022000031 ], [ 81.325533764000056, 29.690548959000068 ], [ 81.32740738900003, 29.691697022000028 ], [ 81.329451264000056, 29.694110146000071 ], [ 81.328099139000074, 29.695649709000065 ], [ 81.326192701000082, 29.695974771000067 ], [ 81.322700139000062, 29.693389147000062 ], [ 81.321491264000031, 29.693680834000077 ], [ 81.321351014000072, 29.695891834000065 ], [ 81.323411264000072, 29.697806459000049 ], [ 81.322867264000081, 29.699792896000076 ], [ 81.320997889000068, 29.700023022000039 ], [ 81.317524702000071, 29.697836521000056 ], [ 81.315947452000046, 29.697905709000054 ], [ 81.314155077000066, 29.699414584000067 ], [ 81.315443514000037, 29.700981522000063 ], [ 81.313576889000046, 29.702104834000068 ], [ 81.313435451000032, 29.703769959000056 ], [ 81.314725327000076, 29.705785834000039 ], [ 81.31674051400006, 29.705043397000054 ], [ 81.318173702000081, 29.705969334000031 ], [ 81.317573889000073, 29.707716709000067 ], [ 81.315705139000045, 29.708199397000044 ], [ 81.313949764000085, 29.710030772000039 ], [ 81.316888077000044, 29.711111084000038 ], [ 81.317368639000051, 29.712294209000049 ], [ 81.315705764000086, 29.714396021000027 ], [ 81.31314526400007, 29.716644397000039 ], [ 81.312745451000069, 29.717926584000054 ], [ 81.313842264000073, 29.722613771000056 ], [ 81.315749201000074, 29.722288896000066 ], [ 81.317013576000079, 29.724931834000074 ], [ 81.312510264000082, 29.729596272000038 ], [ 81.308665389000055, 29.732294146000072 ], [ 81.307923014000039, 29.735289334000072 ], [ 81.305765889000043, 29.735463521000042 ], [ 81.303103514000043, 29.734391396000035 ], [ 81.301597451000077, 29.733172209000031 ], [ 81.293658014000073, 29.730162771000039 ], [ 81.291924264000045, 29.73035608400005 ], [ 81.288956201000076, 29.728722646000051 ], [ 81.285489576000032, 29.729643771000042 ], [ 81.281520577000038, 29.731639646000076 ], [ 81.27927932700004, 29.731549647000065 ], [ 81.275001639000038, 29.733214334000024 ], [ 81.267993764000039, 29.734205459000066 ], [ 81.264830389000053, 29.733629834000055 ], [ 81.263417951000065, 29.732464146000041 ], [ 81.260527452000076, 29.732659334000061 ], [ 81.25719870100005, 29.731057521000025 ], [ 81.255101639000031, 29.730714147000072 ], [ 81.251808139000048, 29.728672146000065 ], [ 81.250973889000079, 29.72734964600005 ], [ 81.249999951000063, 29.721540584000024 ], [ 81.248506577000057, 29.723684147000029 ], [ 81.248343014000056, 29.725094334000062 ], [ 81.245314951000069, 29.728321209000057 ], [ 81.242921451000029, 29.729079084000034 ], [ 81.240915138000048, 29.72866758400005 ], [ 81.239643701000034, 29.73270558400003 ], [ 81.237562764000074, 29.736199021000061 ], [ 81.229240764000053, 29.738983771000051 ], [ 81.226625014000035, 29.740228897000065 ], [ 81.219938638000031, 29.739764272000059 ], [ 81.218825827000046, 29.740361647000043 ], [ 81.216159889000039, 29.744171522000045 ], [ 81.21190507600005, 29.747654584000031 ], [ 81.21256607600003, 29.750006271000075 ], [ 81.212007764000077, 29.751604271000076 ], [ 81.212628702000075, 29.754729772000076 ], [ 81.212409389000072, 29.758316834000027 ], [ 81.210007264000069, 29.762056209000036 ], [ 81.208747264000067, 29.762904146000039 ], [ 81.205695327000058, 29.763660084000037 ], [ 81.201849326000058, 29.768024147000062 ], [ 81.201388639000072, 29.770075334000069 ], [ 81.200069014000064, 29.772382772000071 ], [ 81.199652139000079, 29.775198522000039 ], [ 81.197261139000034, 29.780442334000043 ], [ 81.196282201000031, 29.784021396000071 ], [ 81.193693889000031, 29.787375022000049 ], [ 81.191261889000032, 29.788885459000028 ], [ 81.190148639000085, 29.79083827200003 ], [ 81.189761639000039, 29.793390084000066 ], [ 81.18868320200005, 29.795482771000025 ], [ 81.186534327000061, 29.801104897000073 ], [ 81.179140763000078, 29.802926521000074 ], [ 81.176440014000036, 29.802894022000032 ], [ 81.173750827000049, 29.803748022000036 ], [ 81.172064514000056, 29.806317272000058 ], [ 81.170765451000079, 29.806156521000048 ], [ 81.166674452000052, 29.80722195900006 ], [ 81.163214389000075, 29.806314959000076 ], [ 81.160549952000054, 29.806848396000078 ], [ 81.158520201000044, 29.810832209000068 ], [ 81.155497014000048, 29.812604334000071 ], [ 81.15142613900008, 29.81696039600007 ], [ 81.15056363900004, 29.81928483400003 ], [ 81.147110514000076, 29.819850397000039 ], [ 81.143689076000044, 29.821112834000076 ], [ 81.142350889000056, 29.822704646000034 ], [ 81.14005357700006, 29.824101146000032 ], [ 81.136456764000059, 29.825201209000056 ], [ 81.133044139000049, 29.825552084000037 ], [ 81.128798327000084, 29.823555397000064 ], [ 81.125888514000053, 29.822872459000052 ], [ 81.132029702000068, 29.815787897000064 ], [ 81.132307577000063, 29.813877021000053 ], [ 81.133966951000048, 29.810649584000032 ], [ 81.135736577000046, 29.808946897000055 ], [ 81.136575514000072, 29.806494084000065 ], [ 81.139915014000053, 29.801451209000049 ], [ 81.143060701000081, 29.798129584000037 ], [ 81.144839952000041, 29.794175584000072 ], [ 81.146962451000036, 29.792698022000025 ], [ 81.148421389000077, 29.787830646000032 ], [ 81.148444514000062, 29.783555896000053 ], [ 81.152754764000065, 29.779222209000068 ], [ 81.155300451000073, 29.774089584000023 ], [ 81.15625938900007, 29.773407209000027 ], [ 81.156468826000037, 29.771130896000045 ], [ 81.157883389000062, 29.76977577100007 ], [ 81.158437639000056, 29.762935584000047 ], [ 81.156634201000031, 29.759402959000056 ], [ 81.156891201000064, 29.755910709000034 ], [ 81.159111764000045, 29.752734147000069 ], [ 81.159744639000053, 29.750734771000054 ], [ 81.163663389000078, 29.748449397000059 ], [ 81.166302014000053, 29.747755834000031 ], [ 81.167909826000084, 29.745910834000028 ], [ 81.169816702000048, 29.742687147000026 ], [ 81.172098452000057, 29.741445772000077 ], [ 81.176515952000045, 29.735216272000059 ], [ 81.178436576000081, 29.734534646000043 ], [ 81.182493077000061, 29.730608584000038 ], [ 81.183442889000048, 29.728243209000027 ], [ 81.18560851400008, 29.727904147000061 ], [ 81.187982201000068, 29.728442147000067 ], [ 81.19124057700003, 29.725437271000033 ], [ 81.19279057600005, 29.725541021000026 ], [ 81.194662014000073, 29.723153959000058 ], [ 81.193843264000066, 29.721411396000065 ], [ 81.194247702000041, 29.719703209000045 ], [ 81.195715951000068, 29.719701022000038 ], [ 81.197140076000039, 29.718095021000067 ], [ 81.196279889000039, 29.716138271000034 ], [ 81.197697951000066, 29.713641271000029 ], [ 81.199295952000057, 29.712605709000059 ], [ 81.200402889000031, 29.714528272000052 ], [ 81.202884889000075, 29.714258271000062 ], [ 81.20362657700008, 29.71281570900004 ], [ 81.202380577000042, 29.710361084000056 ], [ 81.204089264000061, 29.709541834000049 ], [ 81.207264139000074, 29.711027959000035 ], [ 81.207124889000056, 29.705839959000059 ], [ 81.208909388000052, 29.702636084000062 ], [ 81.208719014000053, 29.699609147000047 ], [ 81.211648264000075, 29.698257772000034 ], [ 81.212433889000067, 29.694626958000072 ], [ 81.210752639000077, 29.692240771000058 ], [ 81.212536201000034, 29.690309209000077 ], [ 81.212783701000035, 29.688357522000047 ], [ 81.215855389000069, 29.687644271000067 ], [ 81.21877857700008, 29.685945334000053 ], [ 81.222142452000071, 29.685671396000032 ], [ 81.222189701000048, 29.684117021000077 ], [ 81.223410389000037, 29.682777272000067 ], [ 81.22238907600007, 29.681800021000072 ], [ 81.223248452000064, 29.67877345900007 ], [ 81.222146639000073, 29.676120272000048 ], [ 81.221976577000078, 29.674119647000055 ], [ 81.224182014000064, 29.673369209000043 ], [ 81.224231952000082, 29.668668083000057 ], [ 81.223687701000074, 29.666690646000063 ], [ 81.22189895200006, 29.663061834000075 ], [ 81.222645202000081, 29.660022021000032 ], [ 81.22185513900007, 29.656301209000048 ], [ 81.222661451000079, 29.655052397000077 ], [ 81.221409577000031, 29.65141589600006 ], [ 81.220124577000036, 29.651081959000066 ], [ 81.218408514000032, 29.649178584000026 ], [ 81.216051327000059, 29.647871833000067 ], [ 81.215754702000083, 29.645011959000044 ], [ 81.214099014000055, 29.644076209000048 ], [ 81.213760451000041, 29.640440396000031 ], [ 81.214323702000058, 29.638822083000036 ], [ 81.213419202000068, 29.637858021000056 ], [ 81.213411577000045, 29.634248771000046 ], [ 81.212707452000075, 29.631418834000044 ], [ 81.212418202000038, 29.629840209000065 ], [ 81.213739202000056, 29.627219084000046 ], [ 81.212834952000037, 29.624491022000029 ], [ 81.21048120100005, 29.624533084000063 ], [ 81.20917963900007, 29.623490709000066 ], [ 81.205681326000047, 29.622325334000038 ], [ 81.202585576000047, 29.623126521000074 ], [ 81.19707063900006, 29.622038459000066 ], [ 81.198700514000052, 29.619105709000053 ], [ 81.201768701000049, 29.617271646000063 ], [ 81.202233764000084, 29.61504439600003 ], [ 81.204010577000076, 29.613230272000067 ], [ 81.208407702000045, 29.615046146000054 ], [ 81.214676702000077, 29.614214959000037 ], [ 81.219351326000037, 29.61170114600003 ], [ 81.21706245200005, 29.610405584000034 ], [ 81.216550577000078, 29.608741646000055 ], [ 81.214057764000074, 29.606893584000034 ], [ 81.21425713800005, 29.605205958000056 ], [ 81.213616764000051, 29.602511271000026 ], [ 81.21536345100003, 29.599787897000056 ], [ 81.215019764000033, 29.593542084000035 ], [ 81.21677132700006, 29.593194084000061 ], [ 81.217072889000065, 29.591619021000042 ], [ 81.219103264000069, 29.591015646000074 ], [ 81.221409577000031, 29.588825959000076 ], [ 81.223029764000046, 29.586580896000044 ], [ 81.225516514000049, 29.585678896000047 ], [ 81.231419201000051, 29.579575772000055 ], [ 81.231177763000062, 29.573850834000041 ], [ 81.235987951000084, 29.580686584000034 ], [ 81.235527451000053, 29.582009334000077 ], [ 81.238311014000033, 29.582708209000032 ], [ 81.240218264000077, 29.584475584000074 ], [ 81.243053014000054, 29.586155521000023 ], [ 81.243445951000069, 29.587230834000025 ], [ 81.241694764000044, 29.589686147000066 ], [ 81.241991389000077, 29.591233084000066 ], [ 81.244316014000049, 29.593904209000073 ], [ 81.244442264000043, 29.595546146000061 ], [ 81.24681851400004, 29.599349647000054 ], [ 81.24911288900006, 29.59943108300007 ], [ 81.252784202000043, 29.600712271000077 ], [ 81.257476951000058, 29.601632584000072 ], [ 81.259934764000036, 29.602780584000072 ], [ 81.266276077000043, 29.603503396000065 ], [ 81.266851702000054, 29.606432521000045 ], [ 81.268721576000075, 29.606749084000057 ], [ 81.270353452000052, 29.603269584000032 ], [ 81.268898139000044, 29.598621021000042 ], [ 81.269742889000042, 29.59427908400005 ], [ 81.271110014000044, 29.593227334000062 ], [ 81.277615639000032, 29.592167146000065 ], [ 81.282062951000057, 29.590062147000026 ], [ 81.287886326000034, 29.590198522000037 ], [ 81.293200701000046, 29.589483084000051 ], [ 81.300209014000075, 29.584245147000047 ], [ 81.303008701000067, 29.583169584000075 ], [ 81.309189452000055, 29.582968084000072 ], [ 81.312414014000069, 29.579944521000073 ], [ 81.320458201000065, 29.578418459000034 ], [ 81.326342139000076, 29.575514396000074 ], [ 81.336322077000034, 29.572852459000046 ], [ 81.340129015000059, 29.572213334000025 ], [ 81.344682889000069, 29.569469834000074 ], [ 81.34625770100007, 29.567769397000063 ], [ 81.346467389000054, 29.566072459000054 ], [ 81.349115952000034, 29.562988584000038 ], [ 81.35205826400005, 29.562037896000049 ], [ 81.353132451000079, 29.560965771000042 ], [ 81.355547014000081, 29.552856397000028 ], [ 81.359775014000036, 29.549704896000037 ], [ 81.365469326000039, 29.544884459000059 ], [ 81.368196827000077, 29.544123458000058 ], [ 81.370762451000076, 29.547633147000056 ], [ 81.373253076000083, 29.54998577200007 ], [ 81.377155577000053, 29.551231271000063 ], [ 81.38164226400005, 29.551714709000066 ], [ 81.384740577000059, 29.553302897000037 ], [ 81.388269140000034, 29.553712208000036 ], [ 81.390258951000078, 29.555838147000031 ], [ 81.397228952000034, 29.556388208000044 ], [ 81.400542076000079, 29.557217459000071 ], [ 81.40172263900007, 29.558393647000059 ], [ 81.401643076000084, 29.56029783300005 ], [ 81.403726952000056, 29.564250396000034 ], [ 81.404215515000033, 29.566572459000042 ], [ 81.403436139000064, 29.567677959000036 ], [ 81.401088014000038, 29.568713709000065 ], [ 81.399376890000042, 29.571116834000065 ], [ 81.399697576000051, 29.575077021000027 ], [ 81.402617451000083, 29.580854396000063 ], [ 81.403851952000082, 29.584658459000025 ], [ 81.408590451000066, 29.58765095900003 ], [ 81.41213001400007, 29.590419146000045 ], [ 81.414967702000069, 29.591781833000027 ], [ 81.417042827000046, 29.593336396000041 ], [ 81.419712451000066, 29.59614545900007 ], [ 81.420812139000077, 29.598806084000046 ], [ 81.420854764000069, 29.603793522000046 ], [ 81.421217514000034, 29.607218959000079 ], [ 81.422034077000035, 29.609729396000034 ], [ 81.420527326000069, 29.614150959000028 ], [ 81.421912201000055, 29.617040771000063 ], [ 81.421364639000046, 29.621648834000041 ], [ 81.419827764000047, 29.623977083000057 ], [ 81.421369326000047, 29.627892834000079 ], [ 81.423685014000057, 29.62933145900007 ], [ 81.423710764000077, 29.630398334000063 ], [ 81.422156577000067, 29.63386820900007 ], [ 81.423822014000052, 29.636148021000054 ], [ 81.425548826000067, 29.637360584000078 ], [ 81.428704639000046, 29.641537209000035 ], [ 81.429237826000076, 29.643971708000038 ], [ 81.432241014000056, 29.645114646000025 ], [ 81.436106764000044, 29.644901209000068 ], [ 81.437856952000061, 29.646382021000079 ], [ 81.44038807700008, 29.647172209000075 ], [ 81.442839639000056, 29.649561959000039 ], [ 81.445821389000059, 29.648563896000041 ], [ 81.448168827000075, 29.647222834000047 ], [ 81.452931577000072, 29.649794021000048 ], [ 81.45584320200004, 29.652601521000065 ], [ 81.458378702000061, 29.654307146000065 ], [ 81.469060077000051, 29.659295709000048 ] ] ] } },
{ "type": "Feature", "properties": { "STATE_CODE": 7, "DISTRICT": "BAJHANG", "GaPa_NaPa": "Thalara", "Type_GN": "Gaunpalika", "Province": "Sudur Pashchim" }, "geometry": { "type": "Polygon", "coordinates": [ [ [ 81.130355576000056, 29.503147521000074 ], [ 81.12606995200008, 29.501468771000077 ], [ 81.124777014000074, 29.502291147000051 ], [ 81.123460389000059, 29.504645271000072 ], [ 81.121379139000055, 29.504324584000074 ], [ 81.118280139000035, 29.501198459000079 ], [ 81.11556751300003, 29.503231147000065 ], [ 81.113640077000071, 29.504033646000039 ], [ 81.112472264000075, 29.503567647000068 ], [ 81.111562138000068, 29.501280396000027 ], [ 81.108340451000061, 29.500432834000037 ], [ 81.102169389000039, 29.499357521000036 ], [ 81.099763451000058, 29.498154708000072 ], [ 81.097624138000072, 29.49634483400007 ], [ 81.092816764000077, 29.495948959000032 ], [ 81.089233326000056, 29.497474146000059 ], [ 81.086837764000052, 29.497593021000057 ], [ 81.084143701000073, 29.496983396000076 ], [ 81.079837827000063, 29.494098583000039 ], [ 81.07622163800005, 29.49204108400005 ], [ 81.072706201000074, 29.492376896000053 ], [ 81.070694451000065, 29.494559396000056 ], [ 81.069097139000064, 29.494889646000047 ], [ 81.063232764000077, 29.490633459000037 ], [ 81.060204888000044, 29.490167896000059 ], [ 81.057319389000043, 29.490566208000075 ], [ 81.056970263000039, 29.488725583000075 ], [ 81.057124202000068, 29.486776396000039 ], [ 81.056175701000029, 29.485793271000034 ], [ 81.053676388000042, 29.484930271000053 ], [ 81.049506576000056, 29.481412771000066 ], [ 81.047138576000066, 29.480513522000024 ], [ 81.039680077000071, 29.48046858400005 ], [ 81.031695826000032, 29.478047896000078 ], [ 81.028472326000042, 29.478096022000045 ], [ 81.01938526400005, 29.480371584000068 ], [ 81.017211951000036, 29.481747958000028 ], [ 81.015272638000056, 29.481694021000067 ], [ 81.011123076000047, 29.478561021000075 ], [ 81.009968763000074, 29.47658270900007 ], [ 81.009623576000081, 29.472450021000043 ], [ 81.007372764000081, 29.471074022000039 ], [ 81.002356389000056, 29.469463521000023 ], [ 80.998957826000037, 29.469034959000055 ], [ 80.99470245100008, 29.467904646000079 ], [ 80.989613826000038, 29.467286209000065 ], [ 80.987532889000079, 29.463211896000075 ], [ 80.984172389000037, 29.462647583000035 ], [ 80.982030076000058, 29.464781396000035 ], [ 80.976221201000044, 29.466842333000045 ], [ 80.971800514000051, 29.465803834000042 ], [ 80.966588701000035, 29.464205396000068 ], [ 80.966374201000065, 29.462811208000062 ], [ 80.958440701000029, 29.462901459000079 ], [ 80.954694639000081, 29.462297959000068 ], [ 80.951810389000059, 29.460787708000055 ], [ 80.948174076000043, 29.461954896000066 ], [ 80.945931576000078, 29.45962595900005 ], [ 80.941079513000034, 29.461816646000045 ], [ 80.934203638000042, 29.464317397000059 ], [ 80.932216701000073, 29.464309646000061 ], [ 80.926754576000064, 29.459616771000071 ], [ 80.924582514000065, 29.458183084000041 ], [ 80.920842013000083, 29.457152209000071 ], [ 80.91598801400005, 29.45688083400006 ], [ 80.913926514000082, 29.455652271000076 ], [ 80.913163264000048, 29.454384021000067 ], [ 80.915279013000031, 29.451567772000033 ], [ 80.913448389000052, 29.445692271000041 ], [ 80.914482013000054, 29.444499584000027 ], [ 80.914186201000064, 29.441086209000048 ], [ 80.917217951000055, 29.434582146000025 ], [ 80.917662138000082, 29.431841521000024 ], [ 80.919060389000038, 29.430405396000026 ], [ 80.925398827000038, 29.427618521000056 ], [ 80.928282076000073, 29.425443209000036 ], [ 80.928504513000064, 29.422878333000028 ], [ 80.929715014000067, 29.421031396000046 ], [ 80.93190876400007, 29.420279083000025 ], [ 80.933898889000034, 29.417457958000057 ], [ 80.933855764000043, 29.414971896000054 ], [ 80.932729077000033, 29.413011022000035 ], [ 80.933541701000081, 29.410049396000034 ], [ 80.935090513000034, 29.408049146000053 ], [ 80.936197514000071, 29.40381764600005 ], [ 80.937449514000036, 29.400835959000062 ], [ 80.94104463900004, 29.39779889600004 ], [ 80.943081826000082, 29.398884896000027 ], [ 80.948642951000068, 29.400427896000053 ], [ 80.95134607600005, 29.399907896000059 ], [ 80.955739326000071, 29.40133058300006 ], [ 80.957944201000032, 29.400266521000049 ], [ 80.961345639000058, 29.400109583000074 ], [ 80.963079139000058, 29.39930477200005 ], [ 80.973125701000072, 29.400421584000071 ], [ 80.975998639000068, 29.401987709000025 ], [ 80.979006702000049, 29.402689771000041 ], [ 80.981527451000034, 29.404066271000033 ], [ 80.985842888000036, 29.404233771000065 ], [ 80.988575389000061, 29.405131834000031 ], [ 80.991987014000074, 29.407985833000055 ], [ 80.996603451000055, 29.409459084000048 ], [ 80.998178014000075, 29.410902896000039 ], [ 81.002067077000049, 29.412840708000033 ], [ 81.00489963800004, 29.416113958000039 ], [ 81.010178701000029, 29.419804271000032 ], [ 81.015768638000054, 29.421358084000076 ], [ 81.017948326000067, 29.420992333000072 ], [ 81.023961263000047, 29.421821583000053 ], [ 81.025663201000043, 29.421415209000031 ], [ 81.026447702000041, 29.419664459000046 ], [ 81.027899451000053, 29.423323209000046 ], [ 81.032010826000032, 29.430311084000039 ], [ 81.033983827000043, 29.433022146000042 ], [ 81.038871077000067, 29.438089834000039 ], [ 81.042039639000052, 29.439146834000042 ], [ 81.045602951000035, 29.439639709000062 ], [ 81.049557951000054, 29.442045333000067 ], [ 81.053506451000032, 29.441240709000056 ], [ 81.062454764000051, 29.440803709000079 ], [ 81.065613702000064, 29.440409647000024 ], [ 81.066804452000042, 29.440898584000024 ], [ 81.068181326000058, 29.444099021000056 ], [ 81.066212389000043, 29.445036208000033 ], [ 81.067452138000078, 29.446937271000024 ], [ 81.070249888000035, 29.447687021000036 ], [ 81.075899888000038, 29.448247896000055 ], [ 81.078845702000081, 29.447488209000028 ], [ 81.080019388000039, 29.449465896000049 ], [ 81.082070889000079, 29.450800146000063 ], [ 81.079688077000071, 29.451791959000047 ], [ 81.080785451000054, 29.454721646000053 ], [ 81.077233639000042, 29.457099209000035 ], [ 81.078834014000051, 29.460267771000076 ], [ 81.083486076000042, 29.460725146000073 ], [ 81.089453702000071, 29.462891459000048 ], [ 81.089955389000067, 29.464957521000031 ], [ 81.092508514000031, 29.466755959000068 ], [ 81.093032264000044, 29.468957334000038 ], [ 81.098840577000033, 29.474218334000057 ], [ 81.100767952000069, 29.475396709000051 ], [ 81.104481576000069, 29.476709021000033 ], [ 81.106518076000043, 29.47792783400007 ], [ 81.112762264000082, 29.483384209000064 ], [ 81.117773327000066, 29.485811646000059 ], [ 81.117966639000031, 29.48827714600003 ], [ 81.119122388000051, 29.490405646000056 ], [ 81.121503826000037, 29.492657146000056 ], [ 81.126184827000031, 29.494581522000033 ], [ 81.133327701000042, 29.493218771000045 ], [ 81.135177326000075, 29.49379895900006 ], [ 81.134636326000077, 29.495868084000051 ], [ 81.133025952000082, 29.498125584000036 ], [ 81.13327526300003, 29.499201396000046 ], [ 81.13522901400006, 29.500882271000023 ], [ 81.130355576000056, 29.503147521000074 ] ] ] } },
{ "type": "Feature", "properties": { "STATE_CODE": 7, "DISTRICT": "BAJHANG", "GaPa_NaPa": "Khaptad National Park", "Type_GN": "National Park", "Province": "Sudur Pashchim" }, "geometry": { "type": "Polygon", "coordinates": [ [ [ 81.228836951000062, 29.411613334000037 ], [ 81.228469514000039, 29.415074459000039 ], [ 81.227673327000048, 29.416927959000077 ], [ 81.227378014000067, 29.419594896000035 ], [ 81.224666013000046, 29.421095146000027 ], [ 81.221845138000049, 29.418180834000054 ], [ 81.213254326000083, 29.416078772000049 ], [ 81.208109763000039, 29.41834502100005 ], [ 81.205378452000048, 29.421110458000044 ], [ 81.205438577000052, 29.422010459000035 ], [ 81.203455202000043, 29.423723521000056 ], [ 81.202775951000035, 29.425389396000071 ], [ 81.199368702000072, 29.428234709000037 ], [ 81.195351952000067, 29.425305709000042 ], [ 81.193702951000034, 29.425265271000058 ], [ 81.191012389000036, 29.427380646000074 ], [ 81.187114576000056, 29.42483702100003 ], [ 81.18223082600008, 29.424049646000071 ], [ 81.18321620200004, 29.417242397000052 ], [ 81.182419202000062, 29.415005584000028 ], [ 81.179474889000062, 29.414743396000063 ], [ 81.176811951000047, 29.413837834000049 ], [ 81.171433139000044, 29.414986396000074 ], [ 81.169935764000058, 29.414967959000023 ], [ 81.169171014000085, 29.416442084000039 ], [ 81.165514577000067, 29.418190459000073 ], [ 81.163609764000057, 29.421669146000056 ], [ 81.160410639000077, 29.424140958000066 ], [ 81.159298826000054, 29.426490709000063 ], [ 81.157115076000082, 29.426209021000034 ], [ 81.157030451000082, 29.424808209000048 ], [ 81.155138327000031, 29.423743396000077 ], [ 81.153759452000031, 29.424879709000038 ], [ 81.150518951000038, 29.42401264700004 ], [ 81.14785882700005, 29.425942146000068 ], [ 81.146762889000058, 29.428350396000042 ], [ 81.14408076400008, 29.428953396000054 ], [ 81.14404982700006, 29.431234147000055 ], [ 81.140684264000072, 29.430883521000055 ], [ 81.139798638000059, 29.430151334000072 ], [ 81.134837951000065, 29.430257959000073 ], [ 81.132174389000056, 29.429615458000058 ], [ 81.126936201000035, 29.429600209000057 ], [ 81.121151701000031, 29.431238896000025 ], [ 81.11994526400008, 29.432049834000054 ], [ 81.118221951000066, 29.436617272000035 ], [ 81.118625827000074, 29.437614083000028 ], [ 81.121166389000052, 29.438475772000061 ], [ 81.125351951000084, 29.437754521000045 ], [ 81.128472264000038, 29.440223959000036 ], [ 81.129788826000038, 29.440351271000054 ], [ 81.133427951000044, 29.442283271000065 ], [ 81.133389451000085, 29.444124083000077 ], [ 81.132207014000073, 29.445857771000078 ], [ 81.131951264000065, 29.448382396000056 ], [ 81.129690889000074, 29.447980771000061 ], [ 81.126631639000038, 29.448173209000061 ], [ 81.121748201000059, 29.450068209000051 ], [ 81.119349326000076, 29.452454833000047 ], [ 81.120128389000058, 29.455152209000062 ], [ 81.121341451000035, 29.455906834000075 ], [ 81.121925826000052, 29.458489271000076 ], [ 81.121085576000041, 29.459703771000079 ], [ 81.118253451000044, 29.459622771000056 ], [ 81.11732788900008, 29.460627458000033 ], [ 81.115705702000071, 29.459410709000053 ], [ 81.114495702000056, 29.460546459000057 ], [ 81.117449764000071, 29.461525209000058 ], [ 81.118969701000083, 29.463154834000079 ], [ 81.113031014000057, 29.465343708000034 ], [ 81.110355514000048, 29.464845146000073 ], [ 81.107032952000054, 29.465829146000033 ], [ 81.102051951000078, 29.464851772000031 ], [ 81.098798827000053, 29.46541595900004 ], [ 81.095315952000078, 29.465023708000047 ], [ 81.091144077000081, 29.463803959000074 ], [ 81.089453702000071, 29.462891459000048 ], [ 81.083486076000042, 29.460725146000073 ], [ 81.078834014000051, 29.460267771000076 ], [ 81.077233639000042, 29.457099209000035 ], [ 81.080785451000054, 29.454721646000053 ], [ 81.079688077000071, 29.451791959000047 ], [ 81.082070889000079, 29.450800146000063 ], [ 81.080019388000039, 29.449465896000049 ], [ 81.078845702000081, 29.447488209000028 ], [ 81.075899888000038, 29.448247896000055 ], [ 81.070249888000035, 29.447687021000036 ], [ 81.067452138000078, 29.446937271000024 ], [ 81.066212389000043, 29.445036208000033 ], [ 81.068181326000058, 29.444099021000056 ], [ 81.066804452000042, 29.440898584000024 ], [ 81.065613702000064, 29.440409647000024 ], [ 81.062454764000051, 29.440803709000079 ], [ 81.053506451000032, 29.441240709000056 ], [ 81.049557951000054, 29.442045333000067 ], [ 81.045602951000035, 29.439639709000062 ], [ 81.042039639000052, 29.439146834000042 ], [ 81.038871077000067, 29.438089834000039 ], [ 81.033983827000043, 29.433022146000042 ], [ 81.032010826000032, 29.430311084000039 ], [ 81.027899451000053, 29.423323209000046 ], [ 81.026447702000041, 29.419664459000046 ], [ 81.027461327000083, 29.417033896000078 ], [ 81.031679577000034, 29.413360333000071 ], [ 81.036593888000084, 29.411507021000034 ], [ 81.041097702000059, 29.411293646000047 ], [ 81.046164014000055, 29.411531084000046 ], [ 81.048993389000032, 29.413373146000026 ], [ 81.053093014000069, 29.410621646000038 ], [ 81.055201639000074, 29.408863459000031 ], [ 81.058873639000069, 29.407388771000058 ], [ 81.060746013000085, 29.407252583000059 ], [ 81.063136576000034, 29.405555021000055 ], [ 81.065726514000062, 29.405463521000058 ], [ 81.070034701000054, 29.40737658300003 ], [ 81.074712951000038, 29.407401146000041 ], [ 81.078390076000062, 29.406277833000047 ], [ 81.080488889000037, 29.407463208000024 ], [ 81.08300532700008, 29.410085271000071 ], [ 81.085450826000056, 29.407764646000032 ], [ 81.087635514000056, 29.407061646000045 ], [ 81.091527639000049, 29.407176334000042 ], [ 81.097393639000074, 29.407801583000037 ], [ 81.099685514000043, 29.407231396000043 ], [ 81.102797139000074, 29.405487459000028 ], [ 81.107641826000076, 29.40431058300004 ], [ 81.109211139000081, 29.400647959000025 ], [ 81.110047952000059, 29.399855459000037 ], [ 81.11351495200006, 29.399220896000031 ], [ 81.118214014000046, 29.397470709000061 ], [ 81.120955639000044, 29.39570420900003 ], [ 81.12418651400003, 29.396511083000064 ], [ 81.126342201000057, 29.398372459000029 ], [ 81.126582702000064, 29.401956834000032 ], [ 81.130420077000053, 29.404653458000041 ], [ 81.133373826000081, 29.404305396000041 ], [ 81.137293014000079, 29.402031959000055 ], [ 81.140134952000039, 29.399597146000076 ], [ 81.140018577000035, 29.396935271000075 ], [ 81.141048389000048, 29.394301583000072 ], [ 81.14570507600007, 29.390896896000072 ], [ 81.148139014000037, 29.394151833000024 ], [ 81.152159139000048, 29.39394420800005 ], [ 81.157435139000086, 29.395853334000037 ], [ 81.161353202000043, 29.395433583000056 ], [ 81.163044014000036, 29.394118584000068 ], [ 81.165433077000046, 29.394713459000059 ], [ 81.167721077000067, 29.397868834000064 ], [ 81.168727326000067, 29.400380646000031 ], [ 81.171556138000085, 29.405732521000061 ], [ 81.172391077000043, 29.411587771000029 ], [ 81.176054202000046, 29.411104709000028 ], [ 81.180508889000066, 29.408996272000024 ], [ 81.18269676400007, 29.408476708000023 ], [ 81.18578920200008, 29.406850396000038 ], [ 81.187763952000068, 29.404871521000075 ], [ 81.187311889000057, 29.401420583000061 ], [ 81.185851014000036, 29.399608896000075 ], [ 81.188513662000048, 29.39781811000006 ], [ 81.189885264000054, 29.397717271000033 ], [ 81.192648764000069, 29.399524833000044 ], [ 81.194833577000054, 29.401775333000046 ], [ 81.197353452000073, 29.401054209000051 ], [ 81.199123639000049, 29.399357397000074 ], [ 81.201472264000074, 29.398553021000055 ], [ 81.20375720100003, 29.395702583000059 ], [ 81.206416014000069, 29.39739270900003 ], [ 81.21145788900003, 29.401835646000052 ], [ 81.214016076000064, 29.404554458000064 ], [ 81.218247514000041, 29.405154396000057 ], [ 81.220754201000034, 29.406113583000035 ], [ 81.221619763000035, 29.408868834000032 ], [ 81.228836951000062, 29.411613334000037 ] ] ] } },
{ "type": "Feature", "properties": { "STATE_CODE": 7, "DISTRICT": "ACHHAM", "GaPa_NaPa": "Bannigadhi Jayagadh", "Type_GN": "Gaunpalika", "Province": "Sudur Pashchim" }, "geometry": { "type": "Polygon", "coordinates": [ [ [ 81.339489826000033, 29.211945833000073 ], [ 81.337154577000035, 29.21304583400007 ], [ 81.332319889000075, 29.209432583000023 ], [ 81.330045389000077, 29.20881333400007 ], [ 81.32670132700008, 29.212126521000073 ], [ 81.323775702000034, 29.213202896000041 ], [ 81.322063951000075, 29.214524521000044 ], [ 81.320154826000078, 29.214215521000028 ], [ 81.317622577000066, 29.215105896000068 ], [ 81.31466432600007, 29.215246021000041 ], [ 81.310676326000078, 29.21610127100007 ], [ 81.309380827000041, 29.217157833000044 ], [ 81.304313327000045, 29.217388271000061 ], [ 81.301133014000072, 29.214388271000075 ], [ 81.299694014000067, 29.214775021000037 ], [ 81.296222639000064, 29.214239084000042 ], [ 81.291761139000073, 29.212962959000038 ], [ 81.288891514000056, 29.212840646000075 ], [ 81.283599889000072, 29.211241209000036 ], [ 81.280212139000071, 29.211570896000069 ], [ 81.276662452000039, 29.211230896000075 ], [ 81.269219264000071, 29.215733146000048 ], [ 81.266181889000052, 29.215894896000066 ], [ 81.263705764000065, 29.214798896000048 ], [ 81.260606389000031, 29.216108896000037 ], [ 81.26207807600008, 29.217633334000027 ], [ 81.260994389000075, 29.220301959000039 ], [ 81.261427389000062, 29.221684021000044 ], [ 81.261081451000052, 29.225975521000066 ], [ 81.257079827000041, 29.223763396000038 ], [ 81.253180327000052, 29.223554271000069 ], [ 81.249108702000058, 29.22180902100007 ], [ 81.245762514000035, 29.221713709000028 ], [ 81.243130764000057, 29.21990020800007 ], [ 81.24719020100008, 29.217711271000042 ], [ 81.247708014000068, 29.215307709000058 ], [ 81.247222764000071, 29.21065683300003 ], [ 81.248914764000062, 29.205963584000074 ], [ 81.248850763000064, 29.203669396000066 ], [ 81.24783013900003, 29.201911646000042 ], [ 81.245483639000042, 29.201011333000054 ], [ 81.244182014000046, 29.197264271000051 ], [ 81.248507951000079, 29.194016771000065 ], [ 81.248921888000041, 29.192010459000073 ], [ 81.248292451000054, 29.190881396000066 ], [ 81.248752076000073, 29.184498396000038 ], [ 81.249840264000056, 29.181766709000044 ], [ 81.246519702000057, 29.174616896000032 ], [ 81.246563638000055, 29.173621959000059 ], [ 81.248476951000043, 29.171292521000055 ], [ 81.251186576000066, 29.169534583000029 ], [ 81.25374832600005, 29.164927583000065 ], [ 81.255413076000082, 29.163527958000032 ], [ 81.257616514000063, 29.160699271000055 ], [ 81.260710577000054, 29.16249808300006 ], [ 81.262867451000034, 29.163154834000068 ], [ 81.263866452000059, 29.16456508400006 ], [ 81.263883202000045, 29.166579646000059 ], [ 81.264735014000053, 29.167469083000071 ], [ 81.268184701000052, 29.165535646000023 ], [ 81.271577576000084, 29.162835146000077 ], [ 81.27594145200004, 29.163593271000025 ], [ 81.27824645100003, 29.164540521000049 ], [ 81.283873264000079, 29.164833271000077 ], [ 81.286405327000068, 29.163309646000073 ], [ 81.288579014000049, 29.165980521000051 ], [ 81.28981232600006, 29.166032021000035 ], [ 81.293685639000046, 29.163916521000033 ], [ 81.29602770200006, 29.16403770900007 ], [ 81.298753139000041, 29.161888458000078 ], [ 81.304755764000049, 29.16241414600006 ], [ 81.307696139000029, 29.161739646000058 ], [ 81.309489702000064, 29.162218271000029 ], [ 81.30899038900003, 29.166284708000035 ], [ 81.311675139000045, 29.166677771000025 ], [ 81.315234014000055, 29.163982584000053 ], [ 81.318026639000038, 29.164377521000063 ], [ 81.321389951000072, 29.165790771000047 ], [ 81.323406702000057, 29.165889708000066 ], [ 81.325326327000084, 29.163884021000058 ], [ 81.327481951000038, 29.163409521000062 ], [ 81.33037463900007, 29.165735083000072 ], [ 81.332002952000039, 29.165715271000067 ], [ 81.333668014000068, 29.164344021000034 ], [ 81.336058014000059, 29.165382521000026 ], [ 81.343505826000069, 29.167152646000034 ], [ 81.346369326000058, 29.166766334000044 ], [ 81.351153952000061, 29.16688014600004 ], [ 81.353760326000042, 29.167980959000033 ], [ 81.35466626300007, 29.167579271000079 ], [ 81.35983838900006, 29.168587396000078 ], [ 81.361653702000069, 29.167287583000075 ], [ 81.363814451000053, 29.167545709000024 ], [ 81.364198951000049, 29.171424896000076 ], [ 81.362355139000044, 29.175068771000042 ], [ 81.363003264000042, 29.178626896000026 ], [ 81.362678951000078, 29.180340021000063 ], [ 81.365102639000042, 29.18563720800006 ], [ 81.364228451000031, 29.187974458000042 ], [ 81.361663514000043, 29.190424646000054 ], [ 81.35676120200003, 29.192470396000033 ], [ 81.354919951000056, 29.193867208000029 ], [ 81.350004014000035, 29.196512834000032 ], [ 81.349386202000062, 29.197254396000062 ], [ 81.348643389000074, 29.200744021000048 ], [ 81.346212764000029, 29.203971834000072 ], [ 81.343491577000066, 29.206275396000024 ], [ 81.342508889000044, 29.208274396000036 ], [ 81.339489826000033, 29.211945833000073 ] ] ] } },
{ "type": "Feature", "properties": { "STATE_CODE": 7, "DISTRICT": "ACHHAM", "GaPa_NaPa": "Chaurpati", "Type_GN": "Gaunpalika", "Province": "Sudur Pashchim" }, "geometry": { "type": "Polygon", "coordinates": [ [ [ 81.140684514000043, 29.303896146000056 ], [ 81.137398577000056, 29.304833521000035 ], [ 81.130362326000068, 29.301409271000068 ], [ 81.125774264000086, 29.300994083000035 ], [ 81.122405076000064, 29.29931877100006 ], [ 81.120775202000061, 29.296570271000064 ], [ 81.120837576000042, 29.293808959000046 ], [ 81.119859576000067, 29.291862958000024 ], [ 81.117565263000074, 29.289568459000066 ], [ 81.115901014000031, 29.286935021000033 ], [ 81.113283639000031, 29.283896209000034 ], [ 81.113984889000051, 29.28069670900004 ], [ 81.113618201000065, 29.279553271000054 ], [ 81.10827507700003, 29.27313502100003 ], [ 81.105810014000042, 29.269642583000063 ], [ 81.101834951000058, 29.261535521000042 ], [ 81.101404639000066, 29.259194146000027 ], [ 81.101841952000029, 29.255902396000067 ], [ 81.099830389000033, 29.253914209000072 ], [ 81.099897389000034, 29.252314646000059 ], [ 81.098969139000076, 29.248489271000039 ], [ 81.099603327000068, 29.247225459000049 ], [ 81.102958388000047, 29.246140021000031 ], [ 81.104898701000081, 29.244956458000047 ], [ 81.10795463900007, 29.244274958000062 ], [ 81.111219888000051, 29.242997708000075 ], [ 81.11335557600006, 29.240327083000068 ], [ 81.114606826000056, 29.239626646000033 ], [ 81.116537826000069, 29.236349333000078 ], [ 81.116812326000058, 29.234289459000024 ], [ 81.115296951000062, 29.230250334000061 ], [ 81.115369077000082, 29.227734896000072 ], [ 81.111623764000058, 29.222847146000049 ], [ 81.10885401400003, 29.220246021000037 ], [ 81.106010076000075, 29.218484146000037 ], [ 81.10395726400003, 29.215760583000076 ], [ 81.101361451000059, 29.214740521000067 ], [ 81.092290951000052, 29.21481708400006 ], [ 81.090538264000031, 29.211804334000078 ], [ 81.088158388000068, 29.208931833000065 ], [ 81.086246264000067, 29.208723271000054 ], [ 81.083996201000048, 29.207542584000066 ], [ 81.081320076000054, 29.207280271000059 ], [ 81.076427514000045, 29.205525771000055 ], [ 81.076348139000061, 29.204208333000054 ], [ 81.073906701000055, 29.201764209000032 ], [ 81.06549263800008, 29.198222271000077 ], [ 81.06311038900003, 29.199236271000075 ], [ 81.058491014000083, 29.198586396000053 ], [ 81.054208763000076, 29.198946896000052 ], [ 81.049125014000083, 29.197554708000041 ], [ 81.047810388000073, 29.198750834000066 ], [ 81.046501076000084, 29.198379083000077 ], [ 81.044164389000059, 29.199602583000058 ], [ 81.038987013000053, 29.199396646000025 ], [ 81.037157077000074, 29.198972959000059 ], [ 81.03287195200005, 29.196528709000063 ], [ 81.031881952000049, 29.195351333000076 ], [ 81.029579514000034, 29.19546914600005 ], [ 81.028529014000071, 29.194770021000068 ], [ 81.029944888000045, 29.19298070800005 ], [ 81.028322764000052, 29.191620646000047 ], [ 81.028534451000041, 29.188963146000049 ], [ 81.032046889000071, 29.186086021000051 ], [ 81.034634263000044, 29.186216209000065 ], [ 81.035895326000059, 29.188381584000069 ], [ 81.037208889000055, 29.189306208000062 ], [ 81.039421077000043, 29.188885958000071 ], [ 81.041879201000086, 29.187010458000032 ], [ 81.042972139000085, 29.185435459000075 ], [ 81.045863077000035, 29.185220209000079 ], [ 81.047451326000044, 29.183182521000049 ], [ 81.045802951000042, 29.181572334000066 ], [ 81.045780514000057, 29.177369459000033 ], [ 81.044998514000042, 29.175388958000042 ], [ 81.046220763000065, 29.17369883300006 ], [ 81.048104576000071, 29.172937896000064 ], [ 81.050233576000039, 29.171220271000038 ], [ 81.051208139000039, 29.169243709000057 ], [ 81.050216702000057, 29.166214271000058 ], [ 81.050175639000031, 29.164382458000034 ], [ 81.051132514000074, 29.162464521000061 ], [ 81.052816826000083, 29.161572708000051 ], [ 81.054884014000038, 29.162014084000077 ], [ 81.059174764000034, 29.161254209000049 ], [ 81.06025538800003, 29.158742833000076 ], [ 81.060634014000073, 29.153470395000056 ], [ 81.057074201000034, 29.151493521000077 ], [ 81.057547014000079, 29.148989146000076 ], [ 81.058903701000077, 29.14794633300005 ], [ 81.061074076000068, 29.147909208000044 ], [ 81.063534264000054, 29.14647552100007 ], [ 81.067175638000037, 29.145571396000037 ], [ 81.068293014000062, 29.144305209000038 ], [ 81.069052826000075, 29.14200820800005 ], [ 81.068813952000085, 29.139797458000032 ], [ 81.066738951000048, 29.136437083000033 ], [ 81.067138951000061, 29.135135209000055 ], [ 81.068872201000033, 29.134626708000042 ], [ 81.072435389000077, 29.134638396000071 ], [ 81.074069389000044, 29.132871021000028 ], [ 81.073136389000069, 29.130780271000049 ], [ 81.074996513000031, 29.127751646000036 ], [ 81.076824576000035, 29.12586914600007 ], [ 81.080979888000059, 29.124079959000028 ], [ 81.083272764000071, 29.120854708000024 ], [ 81.087280888000066, 29.118172083000047 ], [ 81.094228827000052, 29.109337396000058 ], [ 81.098481764000041, 29.107229458000063 ], [ 81.100428014000045, 29.105290146000073 ], [ 81.10140738900003, 29.103202583000041 ], [ 81.103679701000033, 29.100712521000048 ], [ 81.107484514000078, 29.099313021000057 ], [ 81.108572139000046, 29.102402834000031 ], [ 81.112441326000067, 29.102853146000029 ], [ 81.114436326000032, 29.101369271000067 ], [ 81.116627764000043, 29.100997396000025 ], [ 81.118335764000051, 29.101880271000027 ], [ 81.119384389000061, 29.103781146000074 ], [ 81.120936327000038, 29.104271521000044 ], [ 81.124889139000061, 29.103658834000043 ], [ 81.127308202000052, 29.105089083000053 ], [ 81.132494076000057, 29.109722396000052 ], [ 81.134615014000076, 29.110868584000059 ], [ 81.138413514000035, 29.110445083000059 ], [ 81.140803451000068, 29.111410458000023 ], [ 81.142435639000041, 29.114122709000071 ], [ 81.145945451000046, 29.115537896000035 ], [ 81.147900952000043, 29.118035395000049 ], [ 81.154229451000049, 29.120266208000032 ], [ 81.15660563800003, 29.124858958000061 ], [ 81.157764576000034, 29.129331208000053 ], [ 81.159243889000038, 29.12950539600007 ], [ 81.162726076000069, 29.128382271000078 ], [ 81.165094451000073, 29.128765146000035 ], [ 81.165483264000045, 29.129854333000026 ], [ 81.164675138000064, 29.131860896000035 ], [ 81.166412639000043, 29.132129459000055 ], [ 81.172155326000052, 29.135558084000024 ], [ 81.173559639000075, 29.138428146000024 ], [ 81.18104276300005, 29.139356709000026 ], [ 81.184168077000038, 29.139422396000043 ], [ 81.187221826000041, 29.142217833000075 ], [ 81.192081889000065, 29.142993771000079 ], [ 81.195816701000069, 29.142392833000031 ], [ 81.198353514000075, 29.143582459000072 ], [ 81.198760639000056, 29.145970958000078 ], [ 81.198558326000068, 29.149177021000071 ], [ 81.200314577000086, 29.15015352100005 ], [ 81.202139264000039, 29.149471708000078 ], [ 81.203817764000064, 29.146213771000077 ], [ 81.205946452000035, 29.145475083000065 ], [ 81.209583701000042, 29.150290458000029 ], [ 81.208906077000051, 29.152466271000037 ], [ 81.207512763000068, 29.154219084000033 ], [ 81.209374826000044, 29.156760958000064 ], [ 81.211672702000044, 29.159015583000041 ], [ 81.21195051400008, 29.161286833000077 ], [ 81.213726264000059, 29.164074709000033 ], [ 81.216287076000071, 29.165336208000042 ], [ 81.218217389000074, 29.166977646000078 ], [ 81.21799601400005, 29.172157709000032 ], [ 81.215213076000055, 29.17509952100005 ], [ 81.214300014000059, 29.177221584000051 ], [ 81.213994889000048, 29.179744271000061 ], [ 81.214579826000033, 29.183183584000062 ], [ 81.213623389000077, 29.184674146000077 ], [ 81.211559202000046, 29.186220521000052 ], [ 81.209494139000071, 29.190158146000044 ], [ 81.210523827000031, 29.194264646000079 ], [ 81.20907907600008, 29.19455339600006 ], [ 81.205081389000043, 29.193481209000026 ], [ 81.195127888000059, 29.193478084000049 ], [ 81.189586514000041, 29.192960396000046 ], [ 81.188324639000029, 29.194850396000049 ], [ 81.18621532700007, 29.196626584000057 ], [ 81.185518389000038, 29.198691708000069 ], [ 81.184082639000053, 29.20046908300003 ], [ 81.184254639000073, 29.203182833000028 ], [ 81.183752951000031, 29.205227458000024 ], [ 81.185186452000039, 29.209814083000026 ], [ 81.185991576000049, 29.210846209000067 ], [ 81.192884264000043, 29.213735333000045 ], [ 81.195276639000042, 29.21530202100007 ], [ 81.196823264000045, 29.218568646000051 ], [ 81.196456639000075, 29.221856083000034 ], [ 81.198871139000062, 29.223440709000045 ], [ 81.198764639000046, 29.225886334000052 ], [ 81.194829639000034, 29.225598833000049 ], [ 81.191024264000077, 29.224431271000071 ], [ 81.188698202000069, 29.224202208000065 ], [ 81.185070013000029, 29.226932459000068 ], [ 81.18215488900006, 29.226340896000067 ], [ 81.174149451000062, 29.225640896000073 ], [ 81.170886576000044, 29.225586459000056 ], [ 81.167558639000049, 29.22623820900003 ], [ 81.16553682600005, 29.225839084000029 ], [ 81.16429807600008, 29.226454208000064 ], [ 81.162472577000074, 29.228676334000056 ], [ 81.161277202000065, 29.231317209000053 ], [ 81.163515388000064, 29.234240521000061 ], [ 81.164623701000039, 29.237280146000046 ], [ 81.167080077000037, 29.23942020800007 ], [ 81.16810263800005, 29.243608271000028 ], [ 81.167841513000042, 29.245158458000049 ], [ 81.163667263000036, 29.246063771000024 ], [ 81.161754764000079, 29.245723146000046 ], [ 81.159863889000064, 29.246451833000037 ], [ 81.15577776400005, 29.24573027100007 ], [ 81.152713014000085, 29.247457334000046 ], [ 81.14940907600004, 29.248399583000037 ], [ 81.14269276400006, 29.248772333000034 ], [ 81.142590577000078, 29.250200459000041 ], [ 81.140905888000077, 29.250653458000045 ], [ 81.140055201000052, 29.252441084000054 ], [ 81.137469826000086, 29.25252720900005 ], [ 81.134544326000082, 29.253642396000032 ], [ 81.132092077000038, 29.256521146000068 ], [ 81.130600326000035, 29.257573896000054 ], [ 81.130338327000061, 29.259175833000029 ], [ 81.128695201000085, 29.260170083000048 ], [ 81.127764701000046, 29.26291420900003 ], [ 81.128796889000057, 29.266612958000053 ], [ 81.128066388000036, 29.267561146000048 ], [ 81.128637889000061, 29.270071458000075 ], [ 81.126235639000072, 29.272471834000044 ], [ 81.125630326000078, 29.273783083000069 ], [ 81.12513788900003, 29.277754021000078 ], [ 81.125174576000063, 29.281194271000061 ], [ 81.127126826000051, 29.284350771000049 ], [ 81.129237827000054, 29.285539896000046 ], [ 81.132101576000082, 29.288153959000056 ], [ 81.134087013000055, 29.288616771000079 ], [ 81.13607401400003, 29.290284083000074 ], [ 81.137622889000056, 29.293817583000077 ], [ 81.13902932600007, 29.295456146000049 ], [ 81.142341201000079, 29.297194271000023 ], [ 81.142379451000068, 29.299046334000025 ], [ 81.140451577000078, 29.30200364600006 ], [ 81.140684514000043, 29.303896146000056 ] ] ] } },
{ "type": "Feature", "properties": { "STATE_CODE": 7, "DISTRICT": "ACHHAM", "GaPa_NaPa": "Dhakari", "Type_GN": "Gaunpalika", "Province": "Sudur Pashchim" }, "geometry": { "type": "Polygon", "coordinates": [ [ [ 81.252368889000081, 29.045507083000075 ], [ 81.250212702000056, 29.048626708000029 ], [ 81.246910514000035, 29.049945771000068 ], [ 81.244187389000047, 29.04564408300007 ], [ 81.241198077000035, 29.046396209000079 ], [ 81.240636201000029, 29.04435777100008 ], [ 81.236975202000053, 29.044840271000055 ], [ 81.235438076000037, 29.042765208000048 ], [ 81.232156701000065, 29.041787334000048 ], [ 81.230098826000074, 29.042294021000032 ], [ 81.228888139000048, 29.039877583000077 ], [ 81.227654139000038, 29.03871102100004 ], [ 81.22406301400008, 29.039064521000057 ], [ 81.222158888000081, 29.03824645800006 ], [ 81.219367826000052, 29.039832521000051 ], [ 81.216357139000081, 29.039747208000051 ], [ 81.212293952000039, 29.04049139600005 ], [ 81.207127514000035, 29.037738084000068 ], [ 81.201895701000069, 29.03621195900007 ], [ 81.199532264000084, 29.034731021000027 ], [ 81.199462076000032, 29.032944396000062 ], [ 81.198272202000055, 29.029074771000069 ], [ 81.196901763000085, 29.028221771000062 ], [ 81.194704451000064, 29.028439396000067 ], [ 81.193771951000031, 29.027224646000036 ], [ 81.194056514000067, 29.025306646000047 ], [ 81.192759951000085, 29.024654271000031 ], [ 81.18986145100007, 29.025100583000039 ], [ 81.185590201000082, 29.028429646000063 ], [ 81.183447327000067, 29.029294396000068 ], [ 81.179556389000084, 29.029150771000047 ], [ 81.177569326000082, 29.026633396000079 ], [ 81.173609077000037, 29.026018208000039 ], [ 81.165697263000084, 29.026752333000047 ], [ 81.161178264000057, 29.026669896000044 ], [ 81.156195264000075, 29.023806084000057 ], [ 81.151243951000083, 29.023098833000063 ], [ 81.149023764000049, 29.023656333000076 ], [ 81.146371452000039, 29.023411084000031 ], [ 81.14581032600006, 29.021160146000057 ], [ 81.146004638000079, 29.018795646000058 ], [ 81.147263577000047, 29.014232583000023 ], [ 81.148663076000048, 29.011760708000054 ], [ 81.149061701000051, 29.009427521000077 ], [ 81.15073282600008, 29.008083271000032 ], [ 81.151871639000035, 29.006029021000074 ], [ 81.149683201000073, 29.00323177100006 ], [ 81.148712139000054, 29.00099483300005 ], [ 81.148919014000057, 28.998066270000038 ], [ 81.147004701000071, 28.993387146000032 ], [ 81.144968076000055, 28.990370771000073 ], [ 81.143362514000046, 28.98948589500003 ], [ 81.14032482600004, 28.989687583000034 ], [ 81.138167139000075, 28.989272459000063 ], [ 81.136810763000085, 28.987893146000033 ], [ 81.136122201000035, 28.985752896000065 ], [ 81.133547014000044, 28.980823771000075 ], [ 81.13104476400008, 28.980417896000063 ], [ 81.126224326000056, 28.97815289600004 ], [ 81.121061701000031, 28.974333646000048 ], [ 81.11892313900006, 28.974022020000064 ], [ 81.110095576000049, 28.977661709000074 ], [ 81.107816264000064, 28.978017770000065 ], [ 81.106816701000071, 28.976897334000057 ], [ 81.107437326000081, 28.973460896000063 ], [ 81.104212327000084, 28.970968208000045 ], [ 81.103712763000033, 28.969811271000026 ], [ 81.105536764000078, 28.965588771000057 ], [ 81.10808245100003, 28.966006395000079 ], [ 81.114231952000068, 28.965708021000069 ], [ 81.118601201000047, 28.964485958000068 ], [ 81.122442576000083, 28.962544583000067 ], [ 81.125984326000037, 28.959807021000074 ], [ 81.129044576000069, 28.956564333000074 ], [ 81.131305639000061, 28.952298271000075 ], [ 81.133115639000039, 28.949783271000058 ], [ 81.13642326400003, 28.947083958000064 ], [ 81.143402764000029, 28.945668958000056 ], [ 81.144370389000073, 28.944977645000051 ], [ 81.146388139000067, 28.940916771000047 ], [ 81.14854957600005, 28.938157521000051 ], [ 81.152416702000039, 28.935563208000076 ], [ 81.157134451000047, 28.933613083000068 ], [ 81.159366451000039, 28.931546208000043 ], [ 81.162169076000055, 28.928147458000069 ], [ 81.165878514000042, 28.925798895000071 ], [ 81.170501763000061, 28.92136670800005 ], [ 81.174508701000036, 28.91929964600007 ], [ 81.178314701000033, 28.91848914600007 ], [ 81.185406264000051, 28.915021083000056 ], [ 81.18735913900008, 28.914808458000039 ], [ 81.189052201000038, 28.915530395000076 ], [ 81.195919576000051, 28.916210834000026 ], [ 81.200226889000078, 28.913398021000035 ], [ 81.202844139000035, 28.909678396000061 ], [ 81.205930889000058, 28.908017771000061 ], [ 81.209055014000057, 28.907600083000034 ], [ 81.211579264000079, 28.907891708000079 ], [ 81.219794389000072, 28.906177458000059 ], [ 81.234469202000071, 28.905778208000072 ], [ 81.238360389000036, 28.905899959000067 ], [ 81.239645639000059, 28.906477520000067 ], [ 81.24079151400008, 28.908465333000038 ], [ 81.242013076000035, 28.912918833000049 ], [ 81.243717014000083, 28.914585271000078 ], [ 81.245664701000067, 28.915084833000037 ], [ 81.250178014000085, 28.914776458000063 ], [ 81.253449701000079, 28.913640020000059 ], [ 81.256049701000052, 28.910724833000074 ], [ 81.257554889000062, 28.908125208000058 ], [ 81.262169327000038, 28.903466583000068 ], [ 81.264619326000059, 28.902270583000075 ], [ 81.269201389000045, 28.903143646000046 ], [ 81.273556389000078, 28.906634021000059 ], [ 81.274910076000083, 28.909275333000039 ], [ 81.275765701000068, 28.913088584000036 ], [ 81.277514326000073, 28.916182584000069 ], [ 81.283445202000053, 28.918681208000066 ], [ 81.285245451000037, 28.921547083000064 ], [ 81.288301889000081, 28.922815208000031 ], [ 81.291447452000057, 28.922246708000046 ], [ 81.293430826000076, 28.922625958000026 ], [ 81.298982576000071, 28.92457870800007 ], [ 81.297303201000034, 28.926044396000066 ], [ 81.298127826000041, 28.927883458000053 ], [ 81.297096014000033, 28.930056083000068 ], [ 81.299855139000044, 28.937955146000036 ], [ 81.300060201000065, 28.94014302100004 ], [ 81.30269876400007, 28.94409870800007 ], [ 81.30437020200003, 28.945331271000043 ], [ 81.305267639000078, 28.946978396000077 ], [ 81.305254326000068, 28.949214145000042 ], [ 81.306391389000055, 28.952072208000061 ], [ 81.308492826000077, 28.95466639600005 ], [ 81.310083826000039, 28.955720708000058 ], [ 81.31244588900006, 28.959604708000029 ], [ 81.314937889000078, 28.96165645800005 ], [ 81.316008889000045, 28.963345958000048 ], [ 81.320973889000072, 28.96739277100005 ], [ 81.325095264000083, 28.968167959000027 ], [ 81.325606263000054, 28.970377646000031 ], [ 81.326938014000064, 28.971464083000058 ], [ 81.328246077000074, 28.975796958000046 ], [ 81.327879702000075, 28.976991333000058 ], [ 81.329092639000066, 28.979009771000051 ], [ 81.333500201000049, 28.982256583000037 ], [ 81.337361764000036, 28.987002645000075 ], [ 81.33797220200006, 28.988871334000066 ], [ 81.337323639000033, 28.990269459000046 ], [ 81.339335826000081, 28.990970521000065 ], [ 81.338883201000044, 28.995980021000037 ], [ 81.339180514000077, 28.999999521000063 ], [ 81.337776577000056, 29.00112652100006 ], [ 81.338983202000065, 29.004214208000064 ], [ 81.339047577000031, 29.006039208000061 ], [ 81.331049764000056, 29.007031458000029 ], [ 81.328797139000073, 29.008070271000065 ], [ 81.32566801400003, 29.008312458000034 ], [ 81.318701889000067, 29.012283958000069 ], [ 81.318220514000075, 29.015177334000043 ], [ 81.31927651400008, 29.01698639500006 ], [ 81.317143514000065, 29.01865639600004 ], [ 81.313796139000033, 29.018973333000076 ], [ 81.312358076000066, 29.016643958000031 ], [ 81.310454451000055, 29.017571084000053 ], [ 81.30675995100006, 29.018100709000066 ], [ 81.306056077000051, 29.01657952100004 ], [ 81.30268095200006, 29.020171959000038 ], [ 81.302222202000053, 29.021946209000077 ], [ 81.30010388900007, 29.024615270000027 ], [ 81.298056451000036, 29.025393646000055 ], [ 81.293101389000071, 29.026444583000057 ], [ 81.291147201000058, 29.028255896000076 ], [ 81.290398951000043, 29.030560895000065 ], [ 81.284598702000039, 29.033379771000057 ], [ 81.280343826000035, 29.034381396000072 ], [ 81.278173451000043, 29.038045146000059 ], [ 81.275024577000067, 29.038944958000059 ], [ 81.272718201000032, 29.038345084000071 ], [ 81.269235264000031, 29.03989070800003 ], [ 81.267483139000035, 29.039670896000075 ], [ 81.264954577000083, 29.041273146000037 ], [ 81.264635389000034, 29.043701271000032 ], [ 81.263188827000079, 29.043512333000024 ], [ 81.261950951000074, 29.045145833000049 ], [ 81.259936577000076, 29.045312209000031 ], [ 81.257043889000045, 29.043571583000073 ], [ 81.252368889000081, 29.045507083000075 ] ] ] } },
{ "type": "Feature", "properties": { "STATE_CODE": 7, "DISTRICT": "ACHHAM", "GaPa_NaPa": "Kamalbazar", "Type_GN": "Nagarpalika", "Province": "Sudur Pashchim" }, "geometry": { "type": "Polygon", "coordinates": [ [ [ 81.369536014000062, 29.123306395000043 ], [ 81.36734388900004, 29.122626584000045 ], [ 81.363439514000049, 29.122186021000061 ], [ 81.361829514000078, 29.119341084000041 ], [ 81.360723076000056, 29.119233521000069 ], [ 81.355000139000083, 29.117019896000045 ], [ 81.353096639000057, 29.119344084000033 ], [ 81.350801201000081, 29.120372083000063 ], [ 81.349899889000085, 29.122596521000048 ], [ 81.34743432700003, 29.124617521000062 ], [ 81.345487701000081, 29.121270208000055 ], [ 81.34427295200004, 29.118144271000062 ], [ 81.342331638000076, 29.115715084000044 ], [ 81.335895576000041, 29.114652958000079 ], [ 81.332900451000057, 29.113018083000043 ], [ 81.330348077000053, 29.11383427100003 ], [ 81.327856764000046, 29.113465896000037 ], [ 81.324857389000044, 29.113685271000065 ], [ 81.322176202000037, 29.114424958000029 ], [ 81.317971702000079, 29.116887208000037 ], [ 81.315687389000061, 29.11720845800005 ], [ 81.313353077000045, 29.116516833000048 ], [ 81.308680077000076, 29.116854771000078 ], [ 81.306076701000052, 29.119637896000029 ], [ 81.301522764000083, 29.121665084000028 ], [ 81.299326138000083, 29.119515458000024 ], [ 81.296544827000048, 29.118109521000065 ], [ 81.298352139000031, 29.114723709000032 ], [ 81.298267014000032, 29.113056708000045 ], [ 81.300355202000048, 29.111339771000075 ], [ 81.300183889000039, 29.106514583000035 ], [ 81.301189014000045, 29.104554146000055 ], [ 81.302051077000044, 29.100430521000078 ], [ 81.30143120200006, 29.098146646000032 ], [ 81.299685264000061, 29.095580959000074 ], [ 81.29970970100004, 29.093818959000032 ], [ 81.298662077000074, 29.091050958000039 ], [ 81.299682639000082, 29.090450833000034 ], [ 81.299686952000059, 29.086164459000031 ], [ 81.299312326000063, 29.083403959000066 ], [ 81.299637077000057, 29.080709584000033 ], [ 81.298996577000082, 29.078579083000079 ], [ 81.295981701000073, 29.076898270000072 ], [ 81.291556826000033, 29.075105459000042 ], [ 81.287407452000082, 29.074701520000076 ], [ 81.284373389000052, 29.07220383300006 ], [ 81.281195202000049, 29.06648933300005 ], [ 81.278911826000069, 29.065815021000049 ], [ 81.274796327000047, 29.067382396000028 ], [ 81.272545576000084, 29.067398271000059 ], [ 81.269561451000072, 29.06587477100004 ], [ 81.267143451000038, 29.065523146000032 ], [ 81.262010264000082, 29.065806208000026 ], [ 81.259766139000078, 29.065415771000062 ], [ 81.256429014000048, 29.063037583000039 ], [ 81.254450452000071, 29.062247271000047 ], [ 81.251577076000046, 29.06200227100004 ], [ 81.251277327000082, 29.059103834000041 ], [ 81.25258532600003, 29.057145458000036 ], [ 81.257353264000074, 29.052622208000059 ], [ 81.255543138000064, 29.050818520000064 ], [ 81.25438020100006, 29.047757084000068 ], [ 81.252368889000081, 29.045507083000075 ], [ 81.257043889000045, 29.043571583000073 ], [ 81.259936577000076, 29.045312209000031 ], [ 81.261950951000074, 29.045145833000049 ], [ 81.263188827000079, 29.043512333000024 ], [ 81.264635389000034, 29.043701271000032 ], [ 81.264954577000083, 29.041273146000037 ], [ 81.267483139000035, 29.039670896000075 ], [ 81.269235264000031, 29.03989070800003 ], [ 81.272718201000032, 29.038345084000071 ], [ 81.275024577000067, 29.038944958000059 ], [ 81.278173451000043, 29.038045146000059 ], [ 81.280343826000035, 29.034381396000072 ], [ 81.284598702000039, 29.033379771000057 ], [ 81.290398951000043, 29.030560895000065 ], [ 81.291147201000058, 29.028255896000076 ], [ 81.293101389000071, 29.026444583000057 ], [ 81.298056451000036, 29.025393646000055 ], [ 81.30010388900007, 29.024615270000027 ], [ 81.302222202000053, 29.021946209000077 ], [ 81.30268095200006, 29.020171959000038 ], [ 81.306056077000051, 29.01657952100004 ], [ 81.30675995100006, 29.018100709000066 ], [ 81.310454451000055, 29.017571084000053 ], [ 81.312358076000066, 29.016643958000031 ], [ 81.313796139000033, 29.018973333000076 ], [ 81.317143514000065, 29.01865639600004 ], [ 81.31927651400008, 29.01698639500006 ], [ 81.318220514000075, 29.015177334000043 ], [ 81.318701889000067, 29.012283958000069 ], [ 81.32566801400003, 29.008312458000034 ], [ 81.328797139000073, 29.008070271000065 ], [ 81.331049764000056, 29.007031458000029 ], [ 81.339047577000031, 29.006039208000061 ], [ 81.340360826000051, 29.010112458000037 ], [ 81.342016139000066, 29.013587021000035 ], [ 81.344028201000071, 29.015084395000031 ], [ 81.344976389000067, 29.016755958000033 ], [ 81.349419951000073, 29.019237333000035 ], [ 81.352507514000081, 29.019888021000042 ], [ 81.359981014000084, 29.018489834000036 ], [ 81.361549327000034, 29.017955458000074 ], [ 81.366100264000067, 29.017816771000071 ], [ 81.369395889000032, 29.019035021000036 ], [ 81.370323702000064, 29.020627520000062 ], [ 81.374070701000051, 29.022081208000031 ], [ 81.377074888000038, 29.024642396000047 ], [ 81.379511639000043, 29.024148271000058 ], [ 81.381663764000052, 29.022170396000035 ], [ 81.384485827000049, 29.020917083000029 ], [ 81.39117445100004, 29.019070333000059 ], [ 81.393638389000046, 29.017853959000036 ], [ 81.398112577000063, 29.016609020000033 ], [ 81.399401389000047, 29.014180021000072 ], [ 81.401955014000066, 29.01280752100007 ], [ 81.40442745200005, 29.01005002100004 ], [ 81.405635889000052, 29.009620020000057 ], [ 81.410728452000058, 29.009920396000041 ], [ 81.41631870100008, 29.008718771000076 ], [ 81.41788632600003, 29.009232771000029 ], [ 81.416666827000086, 29.013771083000051 ], [ 81.417137639000032, 29.017086020000079 ], [ 81.420760452000081, 29.022437209000032 ], [ 81.427289951000034, 29.022928709000041 ], [ 81.429298264000067, 29.025816771000052 ], [ 81.420566952000058, 29.02962089600004 ], [ 81.416652076000048, 29.033908208000071 ], [ 81.409068889000082, 29.03768089600004 ], [ 81.40753845200004, 29.039711521000072 ], [ 81.405836514000043, 29.040416021000055 ], [ 81.404770327000051, 29.043022646000054 ], [ 81.403269389000059, 29.044085209000059 ], [ 81.402197889000036, 29.04683170900006 ], [ 81.402309514000081, 29.053087271000038 ], [ 81.403103889000079, 29.054521958000066 ], [ 81.403132639000034, 29.056624459000034 ], [ 81.40540388900007, 29.058794645000035 ], [ 81.406945201000042, 29.06584214600008 ], [ 81.406179389000044, 29.06928483300004 ], [ 81.404750764000084, 29.070392333000029 ], [ 81.401928515000066, 29.068747209000037 ], [ 81.400360264000085, 29.066951583000048 ], [ 81.39834701400008, 29.066801958000042 ], [ 81.395732076000058, 29.065419958000064 ], [ 81.393444701000078, 29.066078708000077 ], [ 81.393392826000081, 29.06814758400003 ], [ 81.391899451000086, 29.070500396000057 ], [ 81.39043395200008, 29.071416083000031 ], [ 81.386775639000064, 29.076890708000064 ], [ 81.384425764000071, 29.078113396000049 ], [ 81.383376827000063, 29.079887396000061 ], [ 81.383288639000057, 29.082091709000053 ], [ 81.380475889000081, 29.084759521000024 ], [ 81.378628326000069, 29.089445896000029 ], [ 81.376608889000067, 29.089458271000069 ], [ 81.373872389000041, 29.091478333000055 ], [ 81.373966764000045, 29.092741458000035 ], [ 81.371661764000066, 29.097627521000049 ], [ 81.367822951000051, 29.102190646000054 ], [ 81.36915795200008, 29.104842271000052 ], [ 81.36939426400005, 29.108970083000031 ], [ 81.371133701000076, 29.112254459000042 ], [ 81.370280889000071, 29.114977521000071 ], [ 81.370086451000077, 29.122217521000039 ], [ 81.369536014000062, 29.123306395000043 ] ] ] } },
{ "type": "Feature", "properties": { "STATE_CODE": 7, "DISTRICT": "ACHHAM", "GaPa_NaPa": "Mangalsen", "Type_GN": "Nagarpalika", "Province": "Sudur Pashchim" }, "geometry": { "type": "Polygon", "coordinates": [ [ [ 81.34743432700003, 29.124617521000062 ], [ 81.346717952000063, 29.126302333000069 ], [ 81.346810452000057, 29.130132771000035 ], [ 81.34493463900003, 29.136452083000052 ], [ 81.346505326000056, 29.142004458000031 ], [ 81.348484764000034, 29.146206708000079 ], [ 81.349512451000066, 29.150300833000074 ], [ 81.350632326000039, 29.152375583000037 ], [ 81.351035014000047, 29.156290958000056 ], [ 81.352440014000081, 29.158101083000076 ], [ 81.352405764000082, 29.160675208000043 ], [ 81.353715951000083, 29.163114958000051 ], [ 81.35466626300007, 29.167579271000079 ], [ 81.353760326000042, 29.167980959000033 ], [ 81.351153952000061, 29.16688014600004 ], [ 81.346369326000058, 29.166766334000044 ], [ 81.343505826000069, 29.167152646000034 ], [ 81.336058014000059, 29.165382521000026 ], [ 81.333668014000068, 29.164344021000034 ], [ 81.332002952000039, 29.165715271000067 ], [ 81.33037463900007, 29.165735083000072 ], [ 81.327481951000038, 29.163409521000062 ], [ 81.325326327000084, 29.163884021000058 ], [ 81.323406702000057, 29.165889708000066 ], [ 81.321389951000072, 29.165790771000047 ], [ 81.318026639000038, 29.164377521000063 ], [ 81.315234014000055, 29.163982584000053 ], [ 81.311675139000045, 29.166677771000025 ], [ 81.30899038900003, 29.166284708000035 ], [ 81.309489702000064, 29.162218271000029 ], [ 81.307696139000029, 29.161739646000058 ], [ 81.304755764000049, 29.16241414600006 ], [ 81.298753139000041, 29.161888458000078 ], [ 81.29602770200006, 29.16403770900007 ], [ 81.293685639000046, 29.163916521000033 ], [ 81.28981232600006, 29.166032021000035 ], [ 81.288579014000049, 29.165980521000051 ], [ 81.286405327000068, 29.163309646000073 ], [ 81.283873264000079, 29.164833271000077 ], [ 81.27824645100003, 29.164540521000049 ], [ 81.27594145200004, 29.163593271000025 ], [ 81.271577576000084, 29.162835146000077 ], [ 81.268184701000052, 29.165535646000023 ], [ 81.264735014000053, 29.167469083000071 ], [ 81.263883202000045, 29.166579646000059 ], [ 81.263866452000059, 29.16456508400006 ], [ 81.262867451000034, 29.163154834000068 ], [ 81.260710577000054, 29.16249808300006 ], [ 81.257616514000063, 29.160699271000055 ], [ 81.255979077000063, 29.160104584000067 ], [ 81.253300889000059, 29.162755896000078 ], [ 81.248678326000061, 29.162967583000068 ], [ 81.245985826000037, 29.163897521000024 ], [ 81.243270764000044, 29.163724271000035 ], [ 81.239710577000039, 29.162253021000026 ], [ 81.23836288800004, 29.162731458000053 ], [ 81.237076951000063, 29.165059646000032 ], [ 81.234771264000074, 29.166737646000058 ], [ 81.233730076000086, 29.165954333000059 ], [ 81.233213326000055, 29.163491771000054 ], [ 81.229976451000084, 29.163434146000043 ], [ 81.228957577000074, 29.162269584000057 ], [ 81.22663357600004, 29.162077271000044 ], [ 81.22419945200005, 29.162801021000064 ], [ 81.223049139000068, 29.162189334000061 ], [ 81.223248076000061, 29.160413520000077 ], [ 81.219967326000074, 29.160698708000041 ], [ 81.219363514000065, 29.15850464600004 ], [ 81.216148451000038, 29.158636209000065 ], [ 81.213783202000059, 29.157430771000065 ], [ 81.211672702000044, 29.159015583000041 ], [ 81.209374826000044, 29.156760958000064 ], [ 81.207512763000068, 29.154219084000033 ], [ 81.208906077000051, 29.152466271000037 ], [ 81.209583701000042, 29.150290458000029 ], [ 81.205946452000035, 29.145475083000065 ], [ 81.203817764000064, 29.146213771000077 ], [ 81.202139264000039, 29.149471708000078 ], [ 81.200314577000086, 29.15015352100005 ], [ 81.198558326000068, 29.149177021000071 ], [ 81.198760639000056, 29.145970958000078 ], [ 81.198353514000075, 29.143582459000072 ], [ 81.195816701000069, 29.142392833000031 ], [ 81.192081889000065, 29.142993771000079 ], [ 81.187221826000041, 29.142217833000075 ], [ 81.184168077000038, 29.139422396000043 ], [ 81.18104276300005, 29.139356709000026 ], [ 81.173559639000075, 29.138428146000024 ], [ 81.172155326000052, 29.135558084000024 ], [ 81.166412639000043, 29.132129459000055 ], [ 81.164675138000064, 29.131860896000035 ], [ 81.165483264000045, 29.129854333000026 ], [ 81.165094451000073, 29.128765146000035 ], [ 81.162726076000069, 29.128382271000078 ], [ 81.159243889000038, 29.12950539600007 ], [ 81.157764576000034, 29.129331208000053 ], [ 81.15660563800003, 29.124858958000061 ], [ 81.154229451000049, 29.120266208000032 ], [ 81.147900952000043, 29.118035395000049 ], [ 81.145945451000046, 29.115537896000035 ], [ 81.142435639000041, 29.114122709000071 ], [ 81.140803451000068, 29.111410458000023 ], [ 81.138413514000035, 29.110445083000059 ], [ 81.134615014000076, 29.110868584000059 ], [ 81.132494076000057, 29.109722396000052 ], [ 81.127308202000052, 29.105089083000053 ], [ 81.124889139000061, 29.103658834000043 ], [ 81.120936327000038, 29.104271521000044 ], [ 81.119384389000061, 29.103781146000074 ], [ 81.118335764000051, 29.101880271000027 ], [ 81.116627764000043, 29.100997396000025 ], [ 81.114436326000032, 29.101369271000067 ], [ 81.112441326000067, 29.102853146000029 ], [ 81.108572139000046, 29.102402834000031 ], [ 81.107484514000078, 29.099313021000057 ], [ 81.110350701000073, 29.098130833000027 ], [ 81.11139776400006, 29.096677083000031 ], [ 81.110939076000079, 29.094087583000032 ], [ 81.110803764000082, 29.086757958000078 ], [ 81.111186201000066, 29.085311521000051 ], [ 81.113211451000041, 29.084175021000078 ], [ 81.115302951000047, 29.085165896000035 ], [ 81.117061576000083, 29.08505608400003 ], [ 81.119280076000052, 29.083955458000048 ], [ 81.128828076000048, 29.082857021000052 ], [ 81.130304702000046, 29.081213208000065 ], [ 81.129746951000072, 29.07830345800005 ], [ 81.126430764000077, 29.074202958000058 ], [ 81.124352889000079, 29.074532020000049 ], [ 81.122618139000053, 29.073746334000077 ], [ 81.121261326000081, 29.072213458000078 ], [ 81.122290452000072, 29.07029714600003 ], [ 81.123089951000054, 29.065294833000053 ], [ 81.124562264000076, 29.062845709000044 ], [ 81.13282520100006, 29.059674833000031 ], [ 81.133339264000085, 29.058814833000042 ], [ 81.13293651400005, 29.055113083000037 ], [ 81.133450263000043, 29.052315146000069 ], [ 81.137210138000057, 29.048866333000035 ], [ 81.13818438900006, 29.044168396000032 ], [ 81.138048638000043, 29.042553209000062 ], [ 81.140838139000039, 29.038762458000065 ], [ 81.144161577000034, 29.037398520000067 ], [ 81.146378326000047, 29.035334146000025 ], [ 81.14681863900006, 29.033740895000051 ], [ 81.146818139000061, 29.028398646000028 ], [ 81.146371452000039, 29.023411084000031 ], [ 81.149023764000049, 29.023656333000076 ], [ 81.151243951000083, 29.023098833000063 ], [ 81.156195264000075, 29.023806084000057 ], [ 81.161178264000057, 29.026669896000044 ], [ 81.165697263000084, 29.026752333000047 ], [ 81.173609077000037, 29.026018208000039 ], [ 81.177569326000082, 29.026633396000079 ], [ 81.179556389000084, 29.029150771000047 ], [ 81.183447327000067, 29.029294396000068 ], [ 81.185590201000082, 29.028429646000063 ], [ 81.18986145100007, 29.025100583000039 ], [ 81.192759951000085, 29.024654271000031 ], [ 81.194056514000067, 29.025306646000047 ], [ 81.193771951000031, 29.027224646000036 ], [ 81.194704451000064, 29.028439396000067 ], [ 81.196901763000085, 29.028221771000062 ], [ 81.198272202000055, 29.029074771000069 ], [ 81.199462076000032, 29.032944396000062 ], [ 81.199532264000084, 29.034731021000027 ], [ 81.201895701000069, 29.03621195900007 ], [ 81.207127514000035, 29.037738084000068 ], [ 81.212293952000039, 29.04049139600005 ], [ 81.216357139000081, 29.039747208000051 ], [ 81.219367826000052, 29.039832521000051 ], [ 81.222158888000081, 29.03824645800006 ], [ 81.22406301400008, 29.039064521000057 ], [ 81.227654139000038, 29.03871102100004 ], [ 81.228888139000048, 29.039877583000077 ], [ 81.230098826000074, 29.042294021000032 ], [ 81.232156701000065, 29.041787334000048 ], [ 81.235438076000037, 29.042765208000048 ], [ 81.236975202000053, 29.044840271000055 ], [ 81.240636201000029, 29.04435777100008 ], [ 81.241198077000035, 29.046396209000079 ], [ 81.244187389000047, 29.04564408300007 ], [ 81.246910514000035, 29.049945771000068 ], [ 81.250212702000056, 29.048626708000029 ], [ 81.252368889000081, 29.045507083000075 ], [ 81.25438020100006, 29.047757084000068 ], [ 81.255543138000064, 29.050818520000064 ], [ 81.257353264000074, 29.052622208000059 ], [ 81.25258532600003, 29.057145458000036 ], [ 81.251277327000082, 29.059103834000041 ], [ 81.251577076000046, 29.06200227100004 ], [ 81.254450452000071, 29.062247271000047 ], [ 81.256429014000048, 29.063037583000039 ], [ 81.259766139000078, 29.065415771000062 ], [ 81.262010264000082, 29.065806208000026 ], [ 81.267143451000038, 29.065523146000032 ], [ 81.269561451000072, 29.06587477100004 ], [ 81.272545576000084, 29.067398271000059 ], [ 81.274796327000047, 29.067382396000028 ], [ 81.278911826000069, 29.065815021000049 ], [ 81.281195202000049, 29.06648933300005 ], [ 81.284373389000052, 29.07220383300006 ], [ 81.287407452000082, 29.074701520000076 ], [ 81.291556826000033, 29.075105459000042 ], [ 81.295981701000073, 29.076898270000072 ], [ 81.298996577000082, 29.078579083000079 ], [ 81.299637077000057, 29.080709584000033 ], [ 81.299312326000063, 29.083403959000066 ], [ 81.299686952000059, 29.086164459000031 ], [ 81.299682639000082, 29.090450833000034 ], [ 81.298662077000074, 29.091050958000039 ], [ 81.29970970100004, 29.093818959000032 ], [ 81.299685264000061, 29.095580959000074 ], [ 81.30143120200006, 29.098146646000032 ], [ 81.302051077000044, 29.100430521000078 ], [ 81.301189014000045, 29.104554146000055 ], [ 81.300183889000039, 29.106514583000035 ], [ 81.300355202000048, 29.111339771000075 ], [ 81.298267014000032, 29.113056708000045 ], [ 81.298352139000031, 29.114723709000032 ], [ 81.296544827000048, 29.118109521000065 ], [ 81.299326138000083, 29.119515458000024 ], [ 81.301522764000083, 29.121665084000028 ], [ 81.306076701000052, 29.119637896000029 ], [ 81.308680077000076, 29.116854771000078 ], [ 81.313353077000045, 29.116516833000048 ], [ 81.315687389000061, 29.11720845800005 ], [ 81.317971702000079, 29.116887208000037 ], [ 81.322176202000037, 29.114424958000029 ], [ 81.324857389000044, 29.113685271000065 ], [ 81.327856764000046, 29.113465896000037 ], [ 81.330348077000053, 29.11383427100003 ], [ 81.332900451000057, 29.113018083000043 ], [ 81.335895576000041, 29.114652958000079 ], [ 81.342331638000076, 29.115715084000044 ], [ 81.34427295200004, 29.118144271000062 ], [ 81.345487701000081, 29.121270208000055 ], [ 81.34743432700003, 29.124617521000062 ] ] ] } },
{ "type": "Feature", "properties": { "STATE_CODE": 7, "DISTRICT": "ACHHAM", "GaPa_NaPa": "Mellekh", "Type_GN": "Gaunpalika", "Province": "Sudur Pashchim" }, "geometry": { "type": "Polygon", "coordinates": [ [ [ 81.416045015000066, 29.278482458000042 ], [ 81.415662139000062, 29.279415334000078 ], [ 81.412349014000085, 29.280837771000051 ], [ 81.406943389000048, 29.284138958000028 ], [ 81.403088515000036, 29.284789021000051 ], [ 81.398551639000061, 29.28446652100007 ], [ 81.397328451000078, 29.285733521000054 ], [ 81.396462327000052, 29.289704209000035 ], [ 81.394721077000042, 29.29296464600003 ], [ 81.391406701000051, 29.296615459000066 ], [ 81.389578014000051, 29.299988896000059 ], [ 81.388021701000071, 29.30122289600007 ], [ 81.383801014000085, 29.302685584000074 ], [ 81.383616327000084, 29.300446021000027 ], [ 81.384511326000052, 29.296667021000076 ], [ 81.381774326000084, 29.295307833000038 ], [ 81.379045764000068, 29.292739334000032 ], [ 81.375089514000081, 29.292035396000074 ], [ 81.373530201000051, 29.290695208000045 ], [ 81.370724639000059, 29.286294958000042 ], [ 81.36829732700005, 29.284528521000027 ], [ 81.366558202000078, 29.284118271000068 ], [ 81.360096389000034, 29.284099709000031 ], [ 81.359227326000052, 29.28542402100004 ], [ 81.35710126400005, 29.283988271000055 ], [ 81.354924702000062, 29.286191271000064 ], [ 81.352430389000062, 29.28656333400005 ], [ 81.350401265000073, 29.289203583000074 ], [ 81.350219576000029, 29.290826021000044 ], [ 81.345359764000079, 29.291698208000071 ], [ 81.343580139000039, 29.295921333000024 ], [ 81.341635826000072, 29.299034959000039 ], [ 81.34222726400003, 29.301785709000058 ], [ 81.33864845100004, 29.301603084000078 ], [ 81.335678452000082, 29.30303402100003 ], [ 81.333978889000036, 29.30496039600007 ], [ 81.333967389000065, 29.307759958000076 ], [ 81.33159020100004, 29.312505646000034 ], [ 81.331778701000076, 29.314063959000066 ], [ 81.328310827000053, 29.314911709000057 ], [ 81.324105577000068, 29.313983459000042 ], [ 81.322509514000046, 29.315783084000032 ], [ 81.321830576000082, 29.31823689600003 ], [ 81.319294451000076, 29.318899459000079 ], [ 81.319008264000047, 29.320623646000058 ], [ 81.319781764000084, 29.321842271000037 ], [ 81.318745577000072, 29.323085459000026 ], [ 81.314483451000058, 29.324252896000075 ], [ 81.310552764000079, 29.324801209000043 ], [ 81.310215139000036, 29.323177709000049 ], [ 81.308066514000075, 29.321359958000073 ], [ 81.305795264000039, 29.320271021000053 ], [ 81.304754889000037, 29.322531583000057 ], [ 81.303635576000033, 29.321406208000042 ], [ 81.303245576000052, 29.319006834000049 ], [ 81.300872951000031, 29.318209084000046 ], [ 81.30114670200004, 29.31587358400003 ], [ 81.300557326000046, 29.314803333000043 ], [ 81.297906639000075, 29.314831833000028 ], [ 81.296731764000072, 29.313783209000064 ], [ 81.296823452000069, 29.31033370800003 ], [ 81.293610326000078, 29.309625708000056 ], [ 81.28835938800006, 29.309201709000035 ], [ 81.285095764000062, 29.308572584000046 ], [ 81.28101726400007, 29.308346583000059 ], [ 81.278821139000058, 29.306742708000058 ], [ 81.276853327000083, 29.304590146000066 ], [ 81.272976951000032, 29.303594271000065 ], [ 81.271111702000042, 29.301698583000075 ], [ 81.269821139000044, 29.301786896000067 ], [ 81.264947826000082, 29.303114146000041 ], [ 81.259499576000053, 29.296769833000042 ], [ 81.257765827000071, 29.29404583400003 ], [ 81.255748327000049, 29.292851833000043 ], [ 81.25462888900006, 29.291055958000072 ], [ 81.254478327000072, 29.288455146000047 ], [ 81.253644952000059, 29.28602939600006 ], [ 81.252129577000062, 29.284092146000035 ], [ 81.248693076000052, 29.281129708000037 ], [ 81.247134139000082, 29.276805771000056 ], [ 81.242725764000056, 29.276737146000073 ], [ 81.241676889000075, 29.275789334000024 ], [ 81.241427952000038, 29.273727833000066 ], [ 81.239084201000082, 29.27360802100003 ], [ 81.236060014000032, 29.272582396000075 ], [ 81.234991764000085, 29.270168209000076 ], [ 81.232681264000064, 29.269339771000034 ], [ 81.231545138000058, 29.267153521000068 ], [ 81.231564201000083, 29.264746396000078 ], [ 81.23361632700005, 29.261469459000068 ], [ 81.233107264000068, 29.258217271000035 ], [ 81.240871451000032, 29.259866146000036 ], [ 81.248564139000052, 29.252842834000035 ], [ 81.250000327000066, 29.253239458000053 ], [ 81.252065639000079, 29.252265521000027 ], [ 81.254118576000053, 29.252261646000079 ], [ 81.255187701000068, 29.251321146000066 ], [ 81.257242576000067, 29.252099959000077 ], [ 81.261227326000039, 29.25000102100006 ], [ 81.263714201000084, 29.249463771000023 ], [ 81.268286952000039, 29.24579777100007 ], [ 81.269259451000039, 29.242899209000029 ], [ 81.268327076000048, 29.240956459000074 ], [ 81.266774952000048, 29.239813521000031 ], [ 81.264163014000076, 29.239902208000046 ], [ 81.261605889000066, 29.240816333000055 ], [ 81.258434326000042, 29.239311083000075 ], [ 81.257023014000083, 29.238093271000025 ], [ 81.255247139000062, 29.23794102100004 ], [ 81.254124764000039, 29.236285021000072 ], [ 81.257358451000073, 29.23338902100005 ], [ 81.259968326000035, 29.23022108300006 ], [ 81.261081451000052, 29.225975521000066 ], [ 81.261427389000062, 29.221684021000044 ], [ 81.260994389000075, 29.220301959000039 ], [ 81.26207807600008, 29.217633334000027 ], [ 81.260606389000031, 29.216108896000037 ], [ 81.263705764000065, 29.214798896000048 ], [ 81.266181889000052, 29.215894896000066 ], [ 81.269219264000071, 29.215733146000048 ], [ 81.276662452000039, 29.211230896000075 ], [ 81.280212139000071, 29.211570896000069 ], [ 81.283599889000072, 29.211241209000036 ], [ 81.288891514000056, 29.212840646000075 ], [ 81.291761139000073, 29.212962959000038 ], [ 81.296222639000064, 29.214239084000042 ], [ 81.299694014000067, 29.214775021000037 ], [ 81.301133014000072, 29.214388271000075 ], [ 81.304313327000045, 29.217388271000061 ], [ 81.309380827000041, 29.217157833000044 ], [ 81.310676326000078, 29.21610127100007 ], [ 81.31466432600007, 29.215246021000041 ], [ 81.317622577000066, 29.215105896000068 ], [ 81.320154826000078, 29.214215521000028 ], [ 81.322063951000075, 29.214524521000044 ], [ 81.323775702000034, 29.213202896000041 ], [ 81.32670132700008, 29.212126521000073 ], [ 81.330045389000077, 29.20881333400007 ], [ 81.332319889000075, 29.209432583000023 ], [ 81.337154577000035, 29.21304583400007 ], [ 81.339489826000033, 29.211945833000073 ], [ 81.341913077000072, 29.214125583000055 ], [ 81.348074139000062, 29.217392146000066 ], [ 81.35114582600005, 29.219770896000057 ], [ 81.353021202000036, 29.220686396000076 ], [ 81.35612132600005, 29.220831584000052 ], [ 81.357511639000052, 29.222391208000033 ], [ 81.361149701000045, 29.224617083000055 ], [ 81.363369139000042, 29.227532521000057 ], [ 81.365179889000046, 29.228463771000065 ], [ 81.368110264000052, 29.228354271000057 ], [ 81.372601389000067, 29.231843021000032 ], [ 81.373806264000052, 29.230937271000073 ], [ 81.375667639000085, 29.231065146000049 ], [ 81.378695264000044, 29.23342539600003 ], [ 81.379990889000055, 29.233586396000078 ], [ 81.38458376400007, 29.236264583000036 ], [ 81.386098514000082, 29.236201583000025 ], [ 81.390864014000044, 29.238369209000041 ], [ 81.393507326000076, 29.241822021000075 ], [ 81.395706077000057, 29.24336089600007 ], [ 81.39670420200008, 29.244871646000036 ], [ 81.398620889000085, 29.245265208000035 ], [ 81.399328952000076, 29.248245458000042 ], [ 81.400272139000037, 29.250000021000062 ], [ 81.400109951000047, 29.252450334000059 ], [ 81.402314702000069, 29.253440896000029 ], [ 81.405283264000047, 29.253885396000044 ], [ 81.409560077000037, 29.260310771000036 ], [ 81.408893640000031, 29.26271308400004 ], [ 81.410912139000061, 29.268046646000073 ], [ 81.413797264000038, 29.272400709000067 ], [ 81.414131639000061, 29.275409083000056 ], [ 81.416045015000066, 29.278482458000042 ] ] ] } },
{ "type": "Feature", "properties": { "STATE_CODE": 7, "DISTRICT": "ACHHAM", "GaPa_NaPa": "Panchadewal Binayak", "Type_GN": "Nagarpalika", "Province": "Sudur Pashchim" }, "geometry": { "type": "Polygon", "coordinates": [ [ [ 81.489085139000053, 29.172949146000065 ], [ 81.484732077000047, 29.171065459000033 ], [ 81.483039077000058, 29.170728709000059 ], [ 81.480644264000034, 29.171199771000033 ], [ 81.479403826000066, 29.169785208000064 ], [ 81.476008015000048, 29.170020584000042 ], [ 81.472322951000081, 29.171238396000035 ], [ 81.471642264000081, 29.170776084000067 ], [ 81.465338639000038, 29.169336333000047 ], [ 81.462759701000039, 29.167023771000061 ], [ 81.45901513900003, 29.161514146000059 ], [ 81.45396482700005, 29.153412146000051 ], [ 81.452102326000045, 29.151832584000033 ], [ 81.451099639000063, 29.150128208000069 ], [ 81.447540890000084, 29.149842396000054 ], [ 81.443718076000039, 29.147777333000079 ], [ 81.440385952000042, 29.143969021000032 ], [ 81.438317826000059, 29.140483583000048 ], [ 81.436830139000051, 29.142202958000041 ], [ 81.431433577000064, 29.145904396000049 ], [ 81.432213889000082, 29.148895521000043 ], [ 81.429704577000052, 29.151134771000045 ], [ 81.428481952000084, 29.152846458000056 ], [ 81.424002201000064, 29.152989271000024 ], [ 81.422946014000047, 29.15222783300004 ], [ 81.415901139000084, 29.150537646000032 ], [ 81.413530077000075, 29.148737958000027 ], [ 81.411360639000065, 29.143476958000065 ], [ 81.411181639000063, 29.139669458000071 ], [ 81.410155514000053, 29.137048896000067 ], [ 81.408514077000063, 29.135240146000058 ], [ 81.408213389000082, 29.13198120800007 ], [ 81.404766201000029, 29.130153021000069 ], [ 81.398708702000079, 29.13002227100003 ], [ 81.395361889000071, 29.129350896000062 ], [ 81.391776014000072, 29.129656958000055 ], [ 81.386472264000076, 29.129063270000074 ], [ 81.381800577000035, 29.130193333000079 ], [ 81.37872395100004, 29.129058334000035 ], [ 81.376513014000068, 29.128917896000075 ], [ 81.372937576000083, 29.130879271000026 ], [ 81.370603014000039, 29.130315021000058 ], [ 81.369521764000069, 29.128662083000052 ], [ 81.369942451000043, 29.125238646000071 ], [ 81.369536014000062, 29.123306395000043 ], [ 81.370086451000077, 29.122217521000039 ], [ 81.370280889000071, 29.114977521000071 ], [ 81.371133701000076, 29.112254459000042 ], [ 81.36939426400005, 29.108970083000031 ], [ 81.36915795200008, 29.104842271000052 ], [ 81.367822951000051, 29.102190646000054 ], [ 81.371661764000066, 29.097627521000049 ], [ 81.373966764000045, 29.092741458000035 ], [ 81.373872389000041, 29.091478333000055 ], [ 81.376608889000067, 29.089458271000069 ], [ 81.378628326000069, 29.089445896000029 ], [ 81.380475889000081, 29.084759521000024 ], [ 81.383288639000057, 29.082091709000053 ], [ 81.383376827000063, 29.079887396000061 ], [ 81.384425764000071, 29.078113396000049 ], [ 81.386775639000064, 29.076890708000064 ], [ 81.39043395200008, 29.071416083000031 ], [ 81.391899451000086, 29.070500396000057 ], [ 81.393392826000081, 29.06814758400003 ], [ 81.393444701000078, 29.066078708000077 ], [ 81.395732076000058, 29.065419958000064 ], [ 81.39834701400008, 29.066801958000042 ], [ 81.400360264000085, 29.066951583000048 ], [ 81.401928515000066, 29.068747209000037 ], [ 81.404750764000084, 29.070392333000029 ], [ 81.406179389000044, 29.06928483300004 ], [ 81.406945201000042, 29.06584214600008 ], [ 81.40540388900007, 29.058794645000035 ], [ 81.403132639000034, 29.056624459000034 ], [ 81.403103889000079, 29.054521958000066 ], [ 81.402309514000081, 29.053087271000038 ], [ 81.402197889000036, 29.04683170900006 ], [ 81.403269389000059, 29.044085209000059 ], [ 81.404770327000051, 29.043022646000054 ], [ 81.405836514000043, 29.040416021000055 ], [ 81.40753845200004, 29.039711521000072 ], [ 81.409068889000082, 29.03768089600004 ], [ 81.416652076000048, 29.033908208000071 ], [ 81.420566952000058, 29.02962089600004 ], [ 81.429298264000067, 29.025816771000052 ], [ 81.431776889000048, 29.029416146000074 ], [ 81.434220826000058, 29.037119270000062 ], [ 81.435488326000041, 29.037873146000038 ], [ 81.440476076000039, 29.039300708000042 ], [ 81.444726639000066, 29.04688939600004 ], [ 81.444704889000036, 29.050801333000038 ], [ 81.445896014000084, 29.053725646000032 ], [ 81.448982639000064, 29.05617664500005 ], [ 81.45507770100005, 29.059702521000077 ], [ 81.457281826000042, 29.06196452100005 ], [ 81.46106007700007, 29.064631708000036 ], [ 81.466408889000036, 29.065621646000068 ], [ 81.46857357600004, 29.067019583000047 ], [ 81.469582702000082, 29.068699021000043 ], [ 81.469142702000056, 29.072488333000024 ], [ 81.470400515000051, 29.074902333000068 ], [ 81.470572014000084, 29.077464521000024 ], [ 81.473588077000045, 29.079506833000039 ], [ 81.480072077000045, 29.081268270000066 ], [ 81.48488201400005, 29.083076084000027 ], [ 81.488562577000039, 29.085426959000074 ], [ 81.495073451000053, 29.088245584000049 ], [ 81.499076702000082, 29.088975271000038 ], [ 81.501268951000043, 29.09070639600003 ], [ 81.504808077000064, 29.091162396000072 ], [ 81.507432577000031, 29.090405771000064 ], [ 81.511671952000086, 29.090667146000044 ], [ 81.513198202000069, 29.091563708000024 ], [ 81.516546764000054, 29.095388271000047 ], [ 81.519079139000041, 29.095967271000063 ], [ 81.520899576000033, 29.098493646000065 ], [ 81.522921452000048, 29.09970177100007 ], [ 81.52397501400003, 29.102822146000051 ], [ 81.526464326000053, 29.104738958000041 ], [ 81.530221452000035, 29.105139271000041 ], [ 81.53314176400005, 29.106169959000056 ], [ 81.537589577000062, 29.10635970800007 ], [ 81.542874451000046, 29.109914084000025 ], [ 81.545009951000054, 29.111987708000072 ], [ 81.549564265000072, 29.115389083000025 ], [ 81.551099577000059, 29.117968146000067 ], [ 81.55534588900008, 29.121090896000055 ], [ 81.561281014000031, 29.123825146000058 ], [ 81.562768701000039, 29.124895021000043 ], [ 81.56733138900006, 29.126091708000047 ], [ 81.563753640000073, 29.127415271000075 ], [ 81.554189701000041, 29.128510896000023 ], [ 81.552061139000045, 29.129288958000075 ], [ 81.546526889000063, 29.132384271000035 ], [ 81.541614577000075, 29.134229271000038 ], [ 81.539438014000041, 29.136302209000064 ], [ 81.536211764000029, 29.137634896000066 ], [ 81.534804889000043, 29.140880021000044 ], [ 81.535101327000064, 29.146514146000072 ], [ 81.528737202000059, 29.151457333000053 ], [ 81.526440765000075, 29.152686833000075 ], [ 81.522721951000051, 29.152703708000047 ], [ 81.520100951000074, 29.153557583000065 ], [ 81.517279952000081, 29.152724770000077 ], [ 81.515586264000035, 29.153105833000041 ], [ 81.514017265000064, 29.151307083000063 ], [ 81.510437826000043, 29.151819334000038 ], [ 81.509238452000034, 29.151460708000059 ], [ 81.500860577000083, 29.151686271000074 ], [ 81.49871470100004, 29.154771396000058 ], [ 81.498096076000081, 29.158383208000032 ], [ 81.497133764000068, 29.159909521000031 ], [ 81.496508827000071, 29.165441146000035 ], [ 81.497020514000042, 29.168807334000064 ], [ 81.49403751400007, 29.169222209000054 ], [ 81.490304826000056, 29.171309146000056 ], [ 81.489085139000053, 29.172949146000065 ] ] ] } },
{ "type": "Feature", "properties": { "STATE_CODE": 7, "DISTRICT": "ACHHAM", "GaPa_NaPa": "Ramaroshan", "Type_GN": "Gaunpalika", "Province": "Sudur Pashchim" }, "geometry": { "type": "Polygon", "coordinates": [ [ [ 81.469828389000043, 29.271845521000046 ], [ 81.468047889000047, 29.271865271000024 ], [ 81.466121201000078, 29.274671583000043 ], [ 81.460572326000033, 29.278848458000027 ], [ 81.45957926400007, 29.279894146000061 ], [ 81.457389577000072, 29.280070833000025 ], [ 81.453643389000035, 29.282080083000039 ], [ 81.449998639000057, 29.285085959000071 ], [ 81.444760827000039, 29.287381958000026 ], [ 81.43804545100005, 29.286481521000042 ], [ 81.434441264000043, 29.287068521000037 ], [ 81.431260764000058, 29.286514834000059 ], [ 81.428204139000059, 29.285277146000055 ], [ 81.422345264000057, 29.282160083000065 ], [ 81.419108202000075, 29.278418646000034 ], [ 81.418560576000061, 29.27679845800003 ], [ 81.416045015000066, 29.278482458000042 ], [ 81.414131639000061, 29.275409083000056 ], [ 81.413797264000038, 29.272400709000067 ], [ 81.410912139000061, 29.268046646000073 ], [ 81.408893640000031, 29.26271308400004 ], [ 81.409560077000037, 29.260310771000036 ], [ 81.405283264000047, 29.253885396000044 ], [ 81.402314702000069, 29.253440896000029 ], [ 81.400109951000047, 29.252450334000059 ], [ 81.400272139000037, 29.250000021000062 ], [ 81.399328952000076, 29.248245458000042 ], [ 81.398620889000085, 29.245265208000035 ], [ 81.39670420200008, 29.244871646000036 ], [ 81.395706077000057, 29.24336089600007 ], [ 81.393507326000076, 29.241822021000075 ], [ 81.390864014000044, 29.238369209000041 ], [ 81.386098514000082, 29.236201583000025 ], [ 81.38458376400007, 29.236264583000036 ], [ 81.379990889000055, 29.233586396000078 ], [ 81.378695264000044, 29.23342539600003 ], [ 81.375667639000085, 29.231065146000049 ], [ 81.373806264000052, 29.230937271000073 ], [ 81.372601389000067, 29.231843021000032 ], [ 81.368110264000052, 29.228354271000057 ], [ 81.365179889000046, 29.228463771000065 ], [ 81.363369139000042, 29.227532521000057 ], [ 81.361149701000045, 29.224617083000055 ], [ 81.357511639000052, 29.222391208000033 ], [ 81.35612132600005, 29.220831584000052 ], [ 81.353021202000036, 29.220686396000076 ], [ 81.35114582600005, 29.219770896000057 ], [ 81.348074139000062, 29.217392146000066 ], [ 81.341913077000072, 29.214125583000055 ], [ 81.339489826000033, 29.211945833000073 ], [ 81.342508889000044, 29.208274396000036 ], [ 81.343491577000066, 29.206275396000024 ], [ 81.346212764000029, 29.203971834000072 ], [ 81.348643389000074, 29.200744021000048 ], [ 81.349386202000062, 29.197254396000062 ], [ 81.350004014000035, 29.196512834000032 ], [ 81.354919951000056, 29.193867208000029 ], [ 81.35676120200003, 29.192470396000033 ], [ 81.361663514000043, 29.190424646000054 ], [ 81.364228451000031, 29.187974458000042 ], [ 81.365102639000042, 29.18563720800006 ], [ 81.362678951000078, 29.180340021000063 ], [ 81.363003264000042, 29.178626896000026 ], [ 81.362355139000044, 29.175068771000042 ], [ 81.364198951000049, 29.171424896000076 ], [ 81.363814451000053, 29.167545709000024 ], [ 81.361653702000069, 29.167287583000075 ], [ 81.35983838900006, 29.168587396000078 ], [ 81.35466626300007, 29.167579271000079 ], [ 81.353715951000083, 29.163114958000051 ], [ 81.352405764000082, 29.160675208000043 ], [ 81.352440014000081, 29.158101083000076 ], [ 81.351035014000047, 29.156290958000056 ], [ 81.350632326000039, 29.152375583000037 ], [ 81.349512451000066, 29.150300833000074 ], [ 81.348484764000034, 29.146206708000079 ], [ 81.346505326000056, 29.142004458000031 ], [ 81.34493463900003, 29.136452083000052 ], [ 81.346810452000057, 29.130132771000035 ], [ 81.346717952000063, 29.126302333000069 ], [ 81.34743432700003, 29.124617521000062 ], [ 81.349899889000085, 29.122596521000048 ], [ 81.350801201000081, 29.120372083000063 ], [ 81.353096639000057, 29.119344084000033 ], [ 81.355000139000083, 29.117019896000045 ], [ 81.360723076000056, 29.119233521000069 ], [ 81.361829514000078, 29.119341084000041 ], [ 81.363439514000049, 29.122186021000061 ], [ 81.36734388900004, 29.122626584000045 ], [ 81.369536014000062, 29.123306395000043 ], [ 81.369942451000043, 29.125238646000071 ], [ 81.369521764000069, 29.128662083000052 ], [ 81.370603014000039, 29.130315021000058 ], [ 81.372937576000083, 29.130879271000026 ], [ 81.376513014000068, 29.128917896000075 ], [ 81.37872395100004, 29.129058334000035 ], [ 81.381800577000035, 29.130193333000079 ], [ 81.386472264000076, 29.129063270000074 ], [ 81.391776014000072, 29.129656958000055 ], [ 81.395361889000071, 29.129350896000062 ], [ 81.398708702000079, 29.13002227100003 ], [ 81.404766201000029, 29.130153021000069 ], [ 81.408213389000082, 29.13198120800007 ], [ 81.408514077000063, 29.135240146000058 ], [ 81.410155514000053, 29.137048896000067 ], [ 81.411181639000063, 29.139669458000071 ], [ 81.411360639000065, 29.143476958000065 ], [ 81.413530077000075, 29.148737958000027 ], [ 81.415901139000084, 29.150537646000032 ], [ 81.422946014000047, 29.15222783300004 ], [ 81.424002201000064, 29.152989271000024 ], [ 81.428481952000084, 29.152846458000056 ], [ 81.429704577000052, 29.151134771000045 ], [ 81.432213889000082, 29.148895521000043 ], [ 81.431433577000064, 29.145904396000049 ], [ 81.436830139000051, 29.142202958000041 ], [ 81.438317826000059, 29.140483583000048 ], [ 81.440385952000042, 29.143969021000032 ], [ 81.443718076000039, 29.147777333000079 ], [ 81.447540890000084, 29.149842396000054 ], [ 81.451099639000063, 29.150128208000069 ], [ 81.452102326000045, 29.151832584000033 ], [ 81.45396482700005, 29.153412146000051 ], [ 81.45901513900003, 29.161514146000059 ], [ 81.462759701000039, 29.167023771000061 ], [ 81.465338639000038, 29.169336333000047 ], [ 81.471642264000081, 29.170776084000067 ], [ 81.472322951000081, 29.171238396000035 ], [ 81.476008015000048, 29.170020584000042 ], [ 81.479403826000066, 29.169785208000064 ], [ 81.480644264000034, 29.171199771000033 ], [ 81.483039077000058, 29.170728709000059 ], [ 81.484732077000047, 29.171065459000033 ], [ 81.489085139000053, 29.172949146000065 ], [ 81.488558452000063, 29.175852208000038 ], [ 81.49196720100008, 29.181260646000055 ], [ 81.491763952000042, 29.182709771000077 ], [ 81.492530577000082, 29.184971834000066 ], [ 81.491792640000085, 29.186565084000051 ], [ 81.48870363900005, 29.189676021000025 ], [ 81.486467077000043, 29.192707084000062 ], [ 81.485651390000044, 29.197346021000044 ], [ 81.484216076000052, 29.199002521000068 ], [ 81.484035576000053, 29.201218521000044 ], [ 81.485571952000043, 29.204353271000059 ], [ 81.487455577000048, 29.21075995800004 ], [ 81.488000452000051, 29.215184084000043 ], [ 81.487615701000038, 29.218508458000031 ], [ 81.488330639000083, 29.225422458000025 ], [ 81.489349827000069, 29.227875459000074 ], [ 81.492786202000048, 29.230883521000067 ], [ 81.494057265000038, 29.233394146000023 ], [ 81.495504140000037, 29.234354333000056 ], [ 81.496593014000041, 29.236265584000023 ], [ 81.499999889000037, 29.238795271000072 ], [ 81.499999702000082, 29.241391834000069 ], [ 81.498525827000037, 29.242462146000037 ], [ 81.496983451000062, 29.244800521000059 ], [ 81.496007202000044, 29.25000170900006 ], [ 81.495013326000048, 29.252213959000073 ], [ 81.496653077000076, 29.254567583000039 ], [ 81.496523889000059, 29.257112708000079 ], [ 81.494758327000056, 29.258700646000079 ], [ 81.492976639000062, 29.261637646000054 ], [ 81.488827202000039, 29.263342521000027 ], [ 81.486001889000079, 29.263014459000033 ], [ 81.484097514000041, 29.264002708000078 ], [ 81.481424639000068, 29.264477083000031 ], [ 81.479675889000077, 29.263955459000044 ], [ 81.477329702000077, 29.266643896000062 ], [ 81.475539014000049, 29.267065333000062 ], [ 81.469828389000043, 29.271845521000046 ] ] ] } },
{ "type": "Feature", "properties": { "STATE_CODE": 7, "DISTRICT": "ACHHAM", "GaPa_NaPa": "Sanphebagar", "Type_GN": "Nagarpalika", "Province": "Sudur Pashchim" }, "geometry": { "type": "Polygon", "coordinates": [ [ [ 81.260274889000073, 29.337043271000027 ], [ 81.258134701000074, 29.34065014600003 ], [ 81.253285388000052, 29.344429021000053 ], [ 81.251714264000043, 29.349476209000045 ], [ 81.250745764000044, 29.350707521000061 ], [ 81.247834264000062, 29.352772583000046 ], [ 81.245223076000059, 29.353036834000079 ], [ 81.243490951000069, 29.354222146000041 ], [ 81.240987389000054, 29.352902459000063 ], [ 81.238616139000044, 29.353109771000049 ], [ 81.237154389000068, 29.356836834000035 ], [ 81.230703701000039, 29.358226521000063 ], [ 81.228520452000055, 29.360630583000045 ], [ 81.227086764000035, 29.360558583000056 ], [ 81.225465951000047, 29.358235458000024 ], [ 81.221178014000031, 29.357843396000078 ], [ 81.218431639000073, 29.355957458000034 ], [ 81.21596738900007, 29.355449333000024 ], [ 81.216893327000037, 29.353090458000054 ], [ 81.216926201000035, 29.350967583000056 ], [ 81.218174514000054, 29.347367334000069 ], [ 81.220040452000035, 29.345897959000069 ], [ 81.217860639000037, 29.345242771000073 ], [ 81.214416326000048, 29.346444021000025 ], [ 81.20961188900003, 29.345874146000028 ], [ 81.203675514000054, 29.347721896000053 ], [ 81.200035451000076, 29.347052896000037 ], [ 81.197266014000036, 29.349051209000038 ], [ 81.192638576000036, 29.348983521000036 ], [ 81.192302514000062, 29.346723584000074 ], [ 81.190133076000052, 29.346359021000069 ], [ 81.188509264000061, 29.350221146000024 ], [ 81.185903014000075, 29.352891334000049 ], [ 81.182417826000062, 29.353218709000032 ], [ 81.178998952000029, 29.350584021000031 ], [ 81.176520014000062, 29.350539896000043 ], [ 81.175434014000075, 29.347547709000025 ], [ 81.176543639000045, 29.344633834000035 ], [ 81.175823139000045, 29.33904689600007 ], [ 81.176794639000036, 29.338062021000042 ], [ 81.174998014000039, 29.334621896000044 ], [ 81.178885451000042, 29.333533896000063 ], [ 81.180791702000079, 29.332466521000072 ], [ 81.182071952000058, 29.329408021000063 ], [ 81.184800264000046, 29.328655271000059 ], [ 81.188761076000048, 29.32512827100004 ], [ 81.190095638000059, 29.322893021000027 ], [ 81.192698076000056, 29.321754521000059 ], [ 81.192797702000064, 29.320802396000033 ], [ 81.189385389000051, 29.31903189600007 ], [ 81.186990388000083, 29.322574771000063 ], [ 81.183695701000033, 29.321778521000056 ], [ 81.182144077000032, 29.322353646000067 ], [ 81.178533077000054, 29.322469084000033 ], [ 81.173243514000035, 29.318149146000053 ], [ 81.173346389000073, 29.317136146000053 ], [ 81.177669326000057, 29.312602771000059 ], [ 81.178122264000081, 29.311406521000038 ], [ 81.174399076000043, 29.309660834000056 ], [ 81.172800014000074, 29.30662195900004 ], [ 81.170961451000039, 29.304995521000023 ], [ 81.170788639000079, 29.299568021000027 ], [ 81.171732638000037, 29.296140021000042 ], [ 81.170998201000032, 29.294622708000077 ], [ 81.167367701000046, 29.296585459000028 ], [ 81.162372576000053, 29.303154146000054 ], [ 81.158075764000046, 29.302721584000039 ], [ 81.157382139000049, 29.298512896000034 ], [ 81.154544764000036, 29.299950958000068 ], [ 81.15167763900007, 29.301941771000031 ], [ 81.14947838900008, 29.302679646000058 ], [ 81.148244076000083, 29.304118083000049 ], [ 81.146054826000068, 29.302660896000077 ], [ 81.141627264000078, 29.304632834000074 ], [ 81.140684514000043, 29.303896146000056 ], [ 81.140451577000078, 29.30200364600006 ], [ 81.142379451000068, 29.299046334000025 ], [ 81.142341201000079, 29.297194271000023 ], [ 81.13902932600007, 29.295456146000049 ], [ 81.137622889000056, 29.293817583000077 ], [ 81.13607401400003, 29.290284083000074 ], [ 81.134087013000055, 29.288616771000079 ], [ 81.132101576000082, 29.288153959000056 ], [ 81.129237827000054, 29.285539896000046 ], [ 81.127126826000051, 29.284350771000049 ], [ 81.125174576000063, 29.281194271000061 ], [ 81.12513788900003, 29.277754021000078 ], [ 81.125630326000078, 29.273783083000069 ], [ 81.126235639000072, 29.272471834000044 ], [ 81.128637889000061, 29.270071458000075 ], [ 81.128066388000036, 29.267561146000048 ], [ 81.128796889000057, 29.266612958000053 ], [ 81.127764701000046, 29.26291420900003 ], [ 81.128695201000085, 29.260170083000048 ], [ 81.130338327000061, 29.259175833000029 ], [ 81.130600326000035, 29.257573896000054 ], [ 81.132092077000038, 29.256521146000068 ], [ 81.134544326000082, 29.253642396000032 ], [ 81.137469826000086, 29.25252720900005 ], [ 81.140055201000052, 29.252441084000054 ], [ 81.140905888000077, 29.250653458000045 ], [ 81.142590577000078, 29.250200459000041 ], [ 81.14269276400006, 29.248772333000034 ], [ 81.14940907600004, 29.248399583000037 ], [ 81.152713014000085, 29.247457334000046 ], [ 81.15577776400005, 29.24573027100007 ], [ 81.159863889000064, 29.246451833000037 ], [ 81.161754764000079, 29.245723146000046 ], [ 81.163667263000036, 29.246063771000024 ], [ 81.167841513000042, 29.245158458000049 ], [ 81.16810263800005, 29.243608271000028 ], [ 81.167080077000037, 29.23942020800007 ], [ 81.164623701000039, 29.237280146000046 ], [ 81.163515388000064, 29.234240521000061 ], [ 81.161277202000065, 29.231317209000053 ], [ 81.162472577000074, 29.228676334000056 ], [ 81.16429807600008, 29.226454208000064 ], [ 81.16553682600005, 29.225839084000029 ], [ 81.167558639000049, 29.22623820900003 ], [ 81.170886576000044, 29.225586459000056 ], [ 81.174149451000062, 29.225640896000073 ], [ 81.18215488900006, 29.226340896000067 ], [ 81.185070013000029, 29.226932459000068 ], [ 81.188698202000069, 29.224202208000065 ], [ 81.191024264000077, 29.224431271000071 ], [ 81.194829639000034, 29.225598833000049 ], [ 81.198764639000046, 29.225886334000052 ], [ 81.198871139000062, 29.223440709000045 ], [ 81.196456639000075, 29.221856083000034 ], [ 81.196823264000045, 29.218568646000051 ], [ 81.195276639000042, 29.21530202100007 ], [ 81.192884264000043, 29.213735333000045 ], [ 81.185991576000049, 29.210846209000067 ], [ 81.185186452000039, 29.209814083000026 ], [ 81.183752951000031, 29.205227458000024 ], [ 81.184254639000073, 29.203182833000028 ], [ 81.184082639000053, 29.20046908300003 ], [ 81.185518389000038, 29.198691708000069 ], [ 81.18621532700007, 29.196626584000057 ], [ 81.188324639000029, 29.194850396000049 ], [ 81.189586514000041, 29.192960396000046 ], [ 81.195127888000059, 29.193478084000049 ], [ 81.205081389000043, 29.193481209000026 ], [ 81.20907907600008, 29.19455339600006 ], [ 81.210523827000031, 29.194264646000079 ], [ 81.209494139000071, 29.190158146000044 ], [ 81.211559202000046, 29.186220521000052 ], [ 81.213623389000077, 29.184674146000077 ], [ 81.214579826000033, 29.183183584000062 ], [ 81.213994889000048, 29.179744271000061 ], [ 81.214300014000059, 29.177221584000051 ], [ 81.215213076000055, 29.17509952100005 ], [ 81.21799601400005, 29.172157709000032 ], [ 81.218217389000074, 29.166977646000078 ], [ 81.216287076000071, 29.165336208000042 ], [ 81.213726264000059, 29.164074709000033 ], [ 81.21195051400008, 29.161286833000077 ], [ 81.211672702000044, 29.159015583000041 ], [ 81.213783202000059, 29.157430771000065 ], [ 81.216148451000038, 29.158636209000065 ], [ 81.219363514000065, 29.15850464600004 ], [ 81.219967326000074, 29.160698708000041 ], [ 81.223248076000061, 29.160413520000077 ], [ 81.223049139000068, 29.162189334000061 ], [ 81.22419945200005, 29.162801021000064 ], [ 81.22663357600004, 29.162077271000044 ], [ 81.228957577000074, 29.162269584000057 ], [ 81.229976451000084, 29.163434146000043 ], [ 81.233213326000055, 29.163491771000054 ], [ 81.233730076000086, 29.165954333000059 ], [ 81.234771264000074, 29.166737646000058 ], [ 81.237076951000063, 29.165059646000032 ], [ 81.23836288800004, 29.162731458000053 ], [ 81.239710577000039, 29.162253021000026 ], [ 81.243270764000044, 29.163724271000035 ], [ 81.245985826000037, 29.163897521000024 ], [ 81.248678326000061, 29.162967583000068 ], [ 81.253300889000059, 29.162755896000078 ], [ 81.255979077000063, 29.160104584000067 ], [ 81.257616514000063, 29.160699271000055 ], [ 81.255413076000082, 29.163527958000032 ], [ 81.25374832600005, 29.164927583000065 ], [ 81.251186576000066, 29.169534583000029 ], [ 81.248476951000043, 29.171292521000055 ], [ 81.246563638000055, 29.173621959000059 ], [ 81.246519702000057, 29.174616896000032 ], [ 81.249840264000056, 29.181766709000044 ], [ 81.248752076000073, 29.184498396000038 ], [ 81.248292451000054, 29.190881396000066 ], [ 81.248921888000041, 29.192010459000073 ], [ 81.248507951000079, 29.194016771000065 ], [ 81.244182014000046, 29.197264271000051 ], [ 81.245483639000042, 29.201011333000054 ], [ 81.24783013900003, 29.201911646000042 ], [ 81.248850763000064, 29.203669396000066 ], [ 81.248914764000062, 29.205963584000074 ], [ 81.247222764000071, 29.21065683300003 ], [ 81.247708014000068, 29.215307709000058 ], [ 81.24719020100008, 29.217711271000042 ], [ 81.243130764000057, 29.21990020800007 ], [ 81.245762514000035, 29.221713709000028 ], [ 81.249108702000058, 29.22180902100007 ], [ 81.253180327000052, 29.223554271000069 ], [ 81.257079827000041, 29.223763396000038 ], [ 81.261081451000052, 29.225975521000066 ], [ 81.259968326000035, 29.23022108300006 ], [ 81.257358451000073, 29.23338902100005 ], [ 81.254124764000039, 29.236285021000072 ], [ 81.255247139000062, 29.23794102100004 ], [ 81.257023014000083, 29.238093271000025 ], [ 81.258434326000042, 29.239311083000075 ], [ 81.261605889000066, 29.240816333000055 ], [ 81.264163014000076, 29.239902208000046 ], [ 81.266774952000048, 29.239813521000031 ], [ 81.268327076000048, 29.240956459000074 ], [ 81.269259451000039, 29.242899209000029 ], [ 81.268286952000039, 29.24579777100007 ], [ 81.263714201000084, 29.249463771000023 ], [ 81.261227326000039, 29.25000102100006 ], [ 81.257242576000067, 29.252099959000077 ], [ 81.255187701000068, 29.251321146000066 ], [ 81.254118576000053, 29.252261646000079 ], [ 81.252065639000079, 29.252265521000027 ], [ 81.250000327000066, 29.253239458000053 ], [ 81.248564139000052, 29.252842834000035 ], [ 81.240871451000032, 29.259866146000036 ], [ 81.233107264000068, 29.258217271000035 ], [ 81.23361632700005, 29.261469459000068 ], [ 81.231564201000083, 29.264746396000078 ], [ 81.231545138000058, 29.267153521000068 ], [ 81.232681264000064, 29.269339771000034 ], [ 81.234991764000085, 29.270168209000076 ], [ 81.236060014000032, 29.272582396000075 ], [ 81.239084201000082, 29.27360802100003 ], [ 81.241427952000038, 29.273727833000066 ], [ 81.241676889000075, 29.275789334000024 ], [ 81.242725764000056, 29.276737146000073 ], [ 81.247134139000082, 29.276805771000056 ], [ 81.248693076000052, 29.281129708000037 ], [ 81.252129577000062, 29.284092146000035 ], [ 81.253644952000059, 29.28602939600006 ], [ 81.254478327000072, 29.288455146000047 ], [ 81.25462888900006, 29.291055958000072 ], [ 81.255748327000049, 29.292851833000043 ], [ 81.257765827000071, 29.29404583400003 ], [ 81.259499576000053, 29.296769833000042 ], [ 81.264947826000082, 29.303114146000041 ], [ 81.269821139000044, 29.301786896000067 ], [ 81.270957076000059, 29.303575834000071 ], [ 81.269453326000075, 29.306274709000036 ], [ 81.266110639000033, 29.307605584000044 ], [ 81.266118701000039, 29.310712021000029 ], [ 81.265293952000036, 29.31178520800006 ], [ 81.261917077000078, 29.313682333000031 ], [ 81.261432952000064, 29.317161896000073 ], [ 81.259632639000074, 29.321097459000043 ], [ 81.256477263000079, 29.325502584000049 ], [ 81.255470451000065, 29.325694021000061 ], [ 81.254936388000033, 29.328059334000045 ], [ 81.257167327000047, 29.32786539600005 ], [ 81.259980951000045, 29.330555833000062 ], [ 81.260274889000073, 29.337043271000027 ] ] ] } },
{ "type": "Feature", "properties": { "STATE_CODE": 7, "DISTRICT": "ACHHAM", "GaPa_NaPa": "Turmakhad", "Type_GN": "Gaunpalika", "Province": "Sudur Pashchim" }, "geometry": { "type": "Polygon", "coordinates": [ [ [ 81.41788632600003, 29.009232771000029 ], [ 81.41631870100008, 29.008718771000076 ], [ 81.410728452000058, 29.009920396000041 ], [ 81.405635889000052, 29.009620020000057 ], [ 81.40442745200005, 29.01005002100004 ], [ 81.401955014000066, 29.01280752100007 ], [ 81.399401389000047, 29.014180021000072 ], [ 81.398112577000063, 29.016609020000033 ], [ 81.393638389000046, 29.017853959000036 ], [ 81.39117445100004, 29.019070333000059 ], [ 81.384485827000049, 29.020917083000029 ], [ 81.381663764000052, 29.022170396000035 ], [ 81.379511639000043, 29.024148271000058 ], [ 81.377074888000038, 29.024642396000047 ], [ 81.374070701000051, 29.022081208000031 ], [ 81.370323702000064, 29.020627520000062 ], [ 81.369395889000032, 29.019035021000036 ], [ 81.366100264000067, 29.017816771000071 ], [ 81.361549327000034, 29.017955458000074 ], [ 81.359981014000084, 29.018489834000036 ], [ 81.352507514000081, 29.019888021000042 ], [ 81.349419951000073, 29.019237333000035 ], [ 81.344976389000067, 29.016755958000033 ], [ 81.344028201000071, 29.015084395000031 ], [ 81.342016139000066, 29.013587021000035 ], [ 81.340360826000051, 29.010112458000037 ], [ 81.339047577000031, 29.006039208000061 ], [ 81.338983202000065, 29.004214208000064 ], [ 81.337776577000056, 29.00112652100006 ], [ 81.339180514000077, 28.999999521000063 ], [ 81.338883201000044, 28.995980021000037 ], [ 81.339335826000081, 28.990970521000065 ], [ 81.337323639000033, 28.990269459000046 ], [ 81.33797220200006, 28.988871334000066 ], [ 81.337361764000036, 28.987002645000075 ], [ 81.333500201000049, 28.982256583000037 ], [ 81.329092639000066, 28.979009771000051 ], [ 81.327879702000075, 28.976991333000058 ], [ 81.328246077000074, 28.975796958000046 ], [ 81.326938014000064, 28.971464083000058 ], [ 81.325606263000054, 28.970377646000031 ], [ 81.325095264000083, 28.968167959000027 ], [ 81.320973889000072, 28.96739277100005 ], [ 81.316008889000045, 28.963345958000048 ], [ 81.314937889000078, 28.96165645800005 ], [ 81.31244588900006, 28.959604708000029 ], [ 81.310083826000039, 28.955720708000058 ], [ 81.308492826000077, 28.95466639600005 ], [ 81.306391389000055, 28.952072208000061 ], [ 81.305254326000068, 28.949214145000042 ], [ 81.305267639000078, 28.946978396000077 ], [ 81.30437020200003, 28.945331271000043 ], [ 81.30269876400007, 28.94409870800007 ], [ 81.300060201000065, 28.94014302100004 ], [ 81.299855139000044, 28.937955146000036 ], [ 81.297096014000033, 28.930056083000068 ], [ 81.298127826000041, 28.927883458000053 ], [ 81.297303201000034, 28.926044396000066 ], [ 81.298982576000071, 28.92457870800007 ], [ 81.299980077000043, 28.925219521000031 ], [ 81.303783826000085, 28.925668958000074 ], [ 81.304925264000076, 28.925298708000071 ], [ 81.311005389000059, 28.920280833000049 ], [ 81.313629576000039, 28.919722021000041 ], [ 81.317449139000075, 28.920344708000073 ], [ 81.322927014000072, 28.914086958000041 ], [ 81.323270201000071, 28.911877521000065 ], [ 81.325933139000085, 28.908010958000034 ], [ 81.330063764000045, 28.907800145000067 ], [ 81.332566701000076, 28.908748271000036 ], [ 81.335969514000055, 28.90823677000003 ], [ 81.338139327000079, 28.907040146000043 ], [ 81.338878951000083, 28.905244708000055 ], [ 81.338749139000072, 28.900595271000043 ], [ 81.340669889000083, 28.895622646000049 ], [ 81.344078702000047, 28.892608958000039 ], [ 81.349375827000074, 28.890109146000043 ], [ 81.35418013900005, 28.889773958000035 ], [ 81.359275264000075, 28.889771771000028 ], [ 81.362884889000043, 28.890709646000062 ], [ 81.371256264000067, 28.891408770000055 ], [ 81.377854701000047, 28.893626083000072 ], [ 81.381284576000041, 28.896341833000065 ], [ 81.385282576000066, 28.898545833000071 ], [ 81.388731326000084, 28.899524208000059 ], [ 81.390035264000062, 28.900964209000051 ], [ 81.39078720200007, 28.903209021000066 ], [ 81.393569139000078, 28.905276520000029 ], [ 81.395352639000066, 28.907874770000035 ], [ 81.397608639000055, 28.908790833000069 ], [ 81.402697514000067, 28.909269771000027 ], [ 81.405033202000084, 28.908906333000061 ], [ 81.408043577000058, 28.909923771000024 ], [ 81.410443889000078, 28.911473083000033 ], [ 81.415316389000054, 28.913901458000055 ], [ 81.417131639000047, 28.913857521000068 ], [ 81.419302014000039, 28.911409708000065 ], [ 81.421390452000082, 28.91045120800004 ], [ 81.427965577000066, 28.909092583000074 ], [ 81.43258245100003, 28.910702209000078 ], [ 81.433972014000062, 28.910350333000054 ], [ 81.436469639000052, 28.907653021000044 ], [ 81.437259951000044, 28.904598083000053 ], [ 81.441979827000068, 28.900562396000055 ], [ 81.443698264000034, 28.89981227100003 ], [ 81.454532576000076, 28.896940333000032 ], [ 81.457611764000035, 28.896526084000072 ], [ 81.45929101400003, 28.895220896000069 ], [ 81.465112201000068, 28.894562458000053 ], [ 81.46669988900004, 28.893582396000056 ], [ 81.468348201000083, 28.890993521000041 ], [ 81.468709826000065, 28.887321646000032 ], [ 81.466829327000085, 28.883131958000035 ], [ 81.464644451000083, 28.88119933300004 ], [ 81.463911014000075, 28.87897289600005 ], [ 81.463986576000082, 28.875067396000077 ], [ 81.467650389000084, 28.869410146000064 ], [ 81.467791889000068, 28.865664645000038 ], [ 81.469038327000078, 28.862571833000061 ], [ 81.468371827000055, 28.859532958000045 ], [ 81.465401702000065, 28.856274271000075 ], [ 81.464563827000063, 28.853856395000037 ], [ 81.465213264000056, 28.852514083000074 ], [ 81.467472514000065, 28.851574521000032 ], [ 81.474225576000038, 28.84984995800005 ], [ 81.476747076000038, 28.848564083000042 ], [ 81.479473577000078, 28.846456270000033 ], [ 81.481996077000076, 28.843755833000046 ], [ 81.484024202000057, 28.842640833000075 ], [ 81.489755451000065, 28.842322395000053 ], [ 81.492710264000038, 28.840357895000068 ], [ 81.492581015000042, 28.836996833000057 ], [ 81.495716952000066, 28.833143333000066 ], [ 81.496865514000035, 28.829793396000071 ], [ 81.497489639000037, 28.826208458000053 ], [ 81.500000076000049, 28.82118170800004 ], [ 81.502814577000038, 28.819233333000057 ], [ 81.506094764000068, 28.816143833000069 ], [ 81.509833014000037, 28.810994958000038 ], [ 81.511858202000042, 28.809229833000074 ], [ 81.514358514000037, 28.808092333000047 ], [ 81.519709639000041, 28.806934771000044 ], [ 81.521981701000072, 28.805520520000073 ], [ 81.523951452000063, 28.803466645000071 ], [ 81.524988264000058, 28.799645333000058 ], [ 81.52411726400004, 28.797954458000049 ], [ 81.520406326000057, 28.795976646000042 ], [ 81.517659576000085, 28.787976020000031 ], [ 81.517733014000044, 28.785990396000045 ], [ 81.517235202000052, 28.780349895000029 ], [ 81.518772889000047, 28.77773383300007 ], [ 81.521456514000079, 28.776295333000064 ], [ 81.526828827000031, 28.775751083000046 ], [ 81.528972014000033, 28.774948583000025 ], [ 81.53028951500005, 28.773682270000052 ], [ 81.533074139000064, 28.767483020000043 ], [ 81.536092389000032, 28.763852271000076 ], [ 81.53681713900005, 28.761002271000052 ], [ 81.533412014000078, 28.757142083000076 ], [ 81.530461889000037, 28.755109708000077 ], [ 81.522793264000029, 28.751644895000027 ], [ 81.521483389000082, 28.750039145000073 ], [ 81.524110452000059, 28.748170020000032 ], [ 81.53187863900007, 28.748976646000074 ], [ 81.542847202000075, 28.748317145000044 ], [ 81.54826657600006, 28.748987895000027 ], [ 81.55572513900006, 28.750020021000068 ], [ 81.56391620200003, 28.752510645000029 ], [ 81.566662327000074, 28.753755708000028 ], [ 81.574130014000048, 28.755420833000073 ], [ 81.577515264000056, 28.755077020000044 ], [ 81.58003082700003, 28.755429458000037 ], [ 81.583076327000072, 28.759132083000054 ], [ 81.583798389000037, 28.76500820800004 ], [ 81.582412577000071, 28.771820708000064 ], [ 81.583417576000045, 28.774575521000031 ], [ 81.581978326000069, 28.778931458000045 ], [ 81.581085201000064, 28.780658833000075 ], [ 81.576519577000056, 28.783288645000027 ], [ 81.567960515000038, 28.791254958000025 ], [ 81.563790514000061, 28.793192271000066 ], [ 81.562178077000056, 28.794947458000024 ], [ 81.558659639000041, 28.797475271000053 ], [ 81.55864020100006, 28.800074333000055 ], [ 81.55571063900004, 28.807071083000039 ], [ 81.553986701000042, 28.809489958000029 ], [ 81.55468845200005, 28.811170083000036 ], [ 81.553445140000065, 28.816066271000068 ], [ 81.550876327000083, 28.818502021000029 ], [ 81.548204202000079, 28.82408758300005 ], [ 81.545753327000057, 28.82818770800003 ], [ 81.54547313900008, 28.830108708000068 ], [ 81.539825452000059, 28.836028708000072 ], [ 81.53923407700006, 28.838851145000035 ], [ 81.539606452000044, 28.842617208000036 ], [ 81.538193014000058, 28.844806708000078 ], [ 81.537222827000051, 28.848616520000064 ], [ 81.535696577000067, 28.850937271000078 ], [ 81.533484264000037, 28.856306396000036 ], [ 81.529817139000045, 28.859244646000036 ], [ 81.528305765000084, 28.861777333000077 ], [ 81.527398514000083, 28.864323333000073 ], [ 81.525504514000033, 28.865982208000048 ], [ 81.524494514000082, 28.868373020000035 ], [ 81.523656951000078, 28.870136021000064 ], [ 81.521838077000041, 28.87147189600006 ], [ 81.51832863900006, 28.872917958000073 ], [ 81.516594577000035, 28.874966333000032 ], [ 81.514419201000067, 28.880071021000049 ], [ 81.511897826000052, 28.883805333000055 ], [ 81.511058639000055, 28.888954520000027 ], [ 81.510141264000083, 28.890086083000028 ], [ 81.504766827000083, 28.889172209000037 ], [ 81.499509764000038, 28.890274708000049 ], [ 81.493420889000049, 28.894127896000043 ], [ 81.487990202000049, 28.899020708000023 ], [ 81.484616514000038, 28.90335314500004 ], [ 81.482502889000045, 28.908960208000053 ], [ 81.479749077000065, 28.911882520000063 ], [ 81.475309576000029, 28.916856958000039 ], [ 81.472689827000067, 28.922571708000078 ], [ 81.471119076000036, 28.924393333000069 ], [ 81.468290577000062, 28.928825021000023 ], [ 81.463526951000063, 28.929116708000038 ], [ 81.461043827000083, 28.930704458000037 ], [ 81.457664452000074, 28.931022771000073 ], [ 81.456780889000072, 28.934802395000077 ], [ 81.453057514000079, 28.938907396000047 ], [ 81.451989577000063, 28.939569709000068 ], [ 81.446525639000072, 28.940260270000067 ], [ 81.44564488900005, 28.941668708000066 ], [ 81.446730264000053, 28.947602896000035 ], [ 81.446933577000038, 28.95089377100004 ], [ 81.446579326000062, 28.955767958000024 ], [ 81.444804452000085, 28.959715083000049 ], [ 81.443351389000043, 28.959913896000046 ], [ 81.440648452000062, 28.957544958000028 ], [ 81.438904014000059, 28.956614396000077 ], [ 81.436110014000064, 28.956652771000051 ], [ 81.433893889000046, 28.957325458000071 ], [ 81.43273451400006, 28.958425646000023 ], [ 81.430218514000046, 28.962596083000051 ], [ 81.430179389000045, 28.96414608300006 ], [ 81.428279076000081, 28.965546334000067 ], [ 81.426458827000033, 28.965687458000048 ], [ 81.424319452000077, 28.969037646000061 ], [ 81.42435976400003, 28.971219083000051 ], [ 81.427072577000047, 28.976458021000042 ], [ 81.427545139000074, 28.978755395000064 ], [ 81.426483201000053, 28.980698896000035 ], [ 81.423289639000075, 28.983447770000055 ], [ 81.422293452000076, 28.987227459000053 ], [ 81.420402577000061, 28.989681208000036 ], [ 81.417912951000062, 28.991441833000067 ], [ 81.416313389000038, 28.994909771000039 ], [ 81.412577889000033, 28.995925208000074 ], [ 81.412533327000062, 28.997953584000072 ], [ 81.415128577000075, 28.998148584000035 ], [ 81.419058889000041, 29.000559334000059 ], [ 81.420787451000081, 29.004242459000068 ], [ 81.420504326000071, 29.00610458400007 ], [ 81.41788632600003, 29.009232771000029 ] ] ] } },
{ "type": "Feature", "properties": { "STATE_CODE": 7, "DISTRICT": "ACHHAM", "GaPa_NaPa": "Khaptad National Park", "Type_GN": "National Park", "Province": "Sudur Pashchim" }, "geometry": { "type": "Polygon", "coordinates": [ [ [ 81.193822702000034, 29.371712396000078 ], [ 81.190829139000073, 29.374089896000044 ], [ 81.187885513000083, 29.374809208000045 ], [ 81.18725420100003, 29.37659227100005 ], [ 81.180844138000054, 29.380754209000031 ], [ 81.179402951000043, 29.384410708000075 ], [ 81.17798076400004, 29.385407459000078 ], [ 81.173970264000047, 29.385821083000053 ], [ 81.171728514000051, 29.386627084000054 ], [ 81.169054451000079, 29.38531533400004 ], [ 81.16611713900005, 29.385470146000046 ], [ 81.164504826000041, 29.38500970900003 ], [ 81.16182113800005, 29.385498021000046 ], [ 81.157035388000054, 29.383198209000057 ], [ 81.154983451000078, 29.381560583000066 ], [ 81.156172826000045, 29.379639396000073 ], [ 81.156346764000034, 29.377577271000064 ], [ 81.154729639000038, 29.374892396000064 ], [ 81.15554476300008, 29.374002646000065 ], [ 81.155995451000081, 29.371428084000058 ], [ 81.154859452000039, 29.369198334000032 ], [ 81.155304827000066, 29.368399209000074 ], [ 81.154583889000037, 29.36451089600007 ], [ 81.155936764000046, 29.362463208000065 ], [ 81.152358701000082, 29.361253647000069 ], [ 81.149936076000074, 29.359580271000027 ], [ 81.149642451000034, 29.357532271000025 ], [ 81.14743138800003, 29.353356709000025 ], [ 81.146495451000078, 29.352313271000071 ], [ 81.14552713900008, 29.349359084000071 ], [ 81.144752264000033, 29.345148146000042 ], [ 81.144016826000041, 29.343820209000057 ], [ 81.143127076000042, 29.340046959000063 ], [ 81.143238952000047, 29.337181833000045 ], [ 81.142321326000058, 29.335089334000031 ], [ 81.141777201000082, 29.330018583000026 ], [ 81.140072452000084, 29.327114771000026 ], [ 81.139150951000033, 29.32393264600006 ], [ 81.137968263000062, 29.32217877100004 ], [ 81.13825263800004, 29.31924120900004 ], [ 81.137579451000079, 29.317820709000046 ], [ 81.137790326000072, 29.31524420900007 ], [ 81.136640764000049, 29.309292021000033 ], [ 81.137398577000056, 29.304833521000035 ], [ 81.140684514000043, 29.303896146000056 ], [ 81.141627264000078, 29.304632834000074 ], [ 81.146054826000068, 29.302660896000077 ], [ 81.148244076000083, 29.304118083000049 ], [ 81.14947838900008, 29.302679646000058 ], [ 81.15167763900007, 29.301941771000031 ], [ 81.154544764000036, 29.299950958000068 ], [ 81.157382139000049, 29.298512896000034 ], [ 81.158075764000046, 29.302721584000039 ], [ 81.162372576000053, 29.303154146000054 ], [ 81.167367701000046, 29.296585459000028 ], [ 81.170998201000032, 29.294622708000077 ], [ 81.171732638000037, 29.296140021000042 ], [ 81.170788639000079, 29.299568021000027 ], [ 81.170961451000039, 29.304995521000023 ], [ 81.172800014000074, 29.30662195900004 ], [ 81.174399076000043, 29.309660834000056 ], [ 81.178122264000081, 29.311406521000038 ], [ 81.177669326000057, 29.312602771000059 ], [ 81.173346389000073, 29.317136146000053 ], [ 81.173243514000035, 29.318149146000053 ], [ 81.178533077000054, 29.322469084000033 ], [ 81.182144077000032, 29.322353646000067 ], [ 81.183695701000033, 29.321778521000056 ], [ 81.186990388000083, 29.322574771000063 ], [ 81.189385389000051, 29.31903189600007 ], [ 81.192797702000064, 29.320802396000033 ], [ 81.192698076000056, 29.321754521000059 ], [ 81.190095638000059, 29.322893021000027 ], [ 81.188761076000048, 29.32512827100004 ], [ 81.184800264000046, 29.328655271000059 ], [ 81.182071952000058, 29.329408021000063 ], [ 81.180791702000079, 29.332466521000072 ], [ 81.178885451000042, 29.333533896000063 ], [ 81.174998014000039, 29.334621896000044 ], [ 81.176794639000036, 29.338062021000042 ], [ 81.175823139000045, 29.33904689600007 ], [ 81.176543639000045, 29.344633834000035 ], [ 81.175434014000075, 29.347547709000025 ], [ 81.176520014000062, 29.350539896000043 ], [ 81.178998952000029, 29.350584021000031 ], [ 81.182417826000062, 29.353218709000032 ], [ 81.185903014000075, 29.352891334000049 ], [ 81.188509264000061, 29.350221146000024 ], [ 81.190133076000052, 29.346359021000069 ], [ 81.192302514000062, 29.346723584000074 ], [ 81.192638576000036, 29.348983521000036 ], [ 81.197266014000036, 29.349051209000038 ], [ 81.200035451000076, 29.347052896000037 ], [ 81.203675514000054, 29.347721896000053 ], [ 81.20961188900003, 29.345874146000028 ], [ 81.214416326000048, 29.346444021000025 ], [ 81.217860639000037, 29.345242771000073 ], [ 81.220040452000035, 29.345897959000069 ], [ 81.218174514000054, 29.347367334000069 ], [ 81.216926201000035, 29.350967583000056 ], [ 81.216893327000037, 29.353090458000054 ], [ 81.21596738900007, 29.355449333000024 ], [ 81.218431639000073, 29.355957458000034 ], [ 81.221178014000031, 29.357843396000078 ], [ 81.225465951000047, 29.358235458000024 ], [ 81.227086764000035, 29.360558583000056 ], [ 81.224566201000073, 29.36217808300006 ], [ 81.221498264000047, 29.362453896000034 ], [ 81.21862113800006, 29.363302396000051 ], [ 81.214063576000058, 29.362159271000053 ], [ 81.211736639000037, 29.362571271000036 ], [ 81.210254514000042, 29.364448271000072 ], [ 81.20874770100005, 29.365138709000064 ], [ 81.203100139000071, 29.36498270800007 ], [ 81.200925764000033, 29.366432084000053 ], [ 81.200884951000035, 29.36765708300004 ], [ 81.198510514000077, 29.36937064600005 ], [ 81.193822702000034, 29.371712396000078 ] ] ] } },
{ "type": "Feature", "properties": { "STATE_CODE": 7, "DISTRICT": "DOTI", "GaPa_NaPa": "Adharsha", "Type_GN": "Gaunpalika", "Province": "Sudur Pashchim" }, "geometry": { "type": "Polygon", "coordinates": [ [ [ 80.947223701000041, 29.301719709000054 ], [ 80.949252201000036, 29.304332834000036 ], [ 80.950208951000036, 29.306510208000077 ], [ 80.95215938900003, 29.308590834000029 ], [ 80.956242263000036, 29.309866834000047 ], [ 80.95661126400006, 29.312869646000024 ], [ 80.957815139000047, 29.314936396000064 ], [ 80.959344702000067, 29.316064771000072 ], [ 80.963892889000078, 29.31637964600003 ], [ 80.965207326000041, 29.319233833000055 ], [ 80.964266014000032, 29.323088959000074 ], [ 80.963992327000085, 29.329195708000043 ], [ 80.964715264000063, 29.33061258400005 ], [ 80.956512389000068, 29.330508646000055 ], [ 80.954213639000045, 29.328924271000062 ], [ 80.950750076000077, 29.329489271000057 ], [ 80.94773020100007, 29.328678208000042 ], [ 80.945137639000052, 29.328731333000064 ], [ 80.942935701000067, 29.329434271000025 ], [ 80.940595263000034, 29.32929327100004 ], [ 80.938029264000079, 29.327922833000059 ], [ 80.936758763000057, 29.326293458000066 ], [ 80.935145514000055, 29.328918584000064 ], [ 80.933549201000062, 29.330059334000055 ], [ 80.933268389000034, 29.332328646000065 ], [ 80.934425201000067, 29.33406627100004 ], [ 80.933369201000062, 29.334706396000058 ], [ 80.93151032600008, 29.338450334000072 ], [ 80.933860889000073, 29.341765458000054 ], [ 80.935652764000054, 29.342600959000038 ], [ 80.939334889000065, 29.34577233300007 ], [ 80.941746951000084, 29.345856833000028 ], [ 80.944091701000048, 29.348826708000047 ], [ 80.946518076000075, 29.34936683400008 ], [ 80.947352201000058, 29.350328146000038 ], [ 80.947026639000057, 29.352545583000051 ], [ 80.94413895200006, 29.354322084000046 ], [ 80.942952139000056, 29.358287458000063 ], [ 80.940734827000085, 29.361106396000025 ], [ 80.938317014000063, 29.360399209000036 ], [ 80.936409388000072, 29.362999396000077 ], [ 80.934365826000032, 29.36342927100003 ], [ 80.932199389000061, 29.364732084000025 ], [ 80.930484701000069, 29.364902646000075 ], [ 80.927226076000068, 29.364045958000077 ], [ 80.925651014000039, 29.366104708000023 ], [ 80.919172889000038, 29.368032022000079 ], [ 80.919254576000071, 29.369748833000074 ], [ 80.92127170200007, 29.374255084000026 ], [ 80.920765514000038, 29.378816209000036 ], [ 80.921332451000069, 29.380587522000042 ], [ 80.917028452000068, 29.382705396000063 ], [ 80.913725888000045, 29.382696521000071 ], [ 80.911491639000076, 29.383820771000046 ], [ 80.906076576000032, 29.385495458000037 ], [ 80.903815451000071, 29.387903147000031 ], [ 80.901854327000081, 29.389068021000071 ], [ 80.90023263900008, 29.389143521000051 ], [ 80.899055264000083, 29.390266084000075 ], [ 80.898436576000051, 29.393265958000029 ], [ 80.896493201000055, 29.395204521000039 ], [ 80.894486826000048, 29.395654146000027 ], [ 80.891485826000064, 29.399635646000036 ], [ 80.886383702000046, 29.401727147000031 ], [ 80.885269827000059, 29.402838334000023 ], [ 80.883589451000034, 29.406444084000043 ], [ 80.88596988900008, 29.407271771000069 ], [ 80.887528576000079, 29.408484521000048 ], [ 80.886298888000056, 29.411393583000063 ], [ 80.88667145200003, 29.413742271000046 ], [ 80.883059826000078, 29.416150709000078 ], [ 80.880318451000051, 29.416825083000049 ], [ 80.878234264000071, 29.413482146000035 ], [ 80.875046263000058, 29.411629396000023 ], [ 80.869557888000031, 29.411549709000042 ], [ 80.865144701000077, 29.414089959000023 ], [ 80.863500826000063, 29.414327396000033 ], [ 80.863217576000068, 29.410983896000062 ], [ 80.85880970200003, 29.408921959000054 ], [ 80.854131764000044, 29.40795358400004 ], [ 80.853688326000054, 29.405904771000053 ], [ 80.855421326000055, 29.40385602200007 ], [ 80.858988951000072, 29.401317458000051 ], [ 80.861425014000076, 29.39836702100007 ], [ 80.861840451000035, 29.396454458000051 ], [ 80.861261451000075, 29.394349146000025 ], [ 80.86081163800003, 29.389581959000054 ], [ 80.860124951000046, 29.387559896000027 ], [ 80.854842389000055, 29.378618646000064 ], [ 80.85240020100008, 29.376646583000024 ], [ 80.850327951000054, 29.375789271000031 ], [ 80.847188139000082, 29.375408959000026 ], [ 80.842873014000077, 29.37679358400004 ], [ 80.840193576000047, 29.378874834000044 ], [ 80.839216577000059, 29.380385146000037 ], [ 80.837495639000053, 29.381177209000043 ], [ 80.834924826000076, 29.379858771000045 ], [ 80.831549013000085, 29.375123896000048 ], [ 80.827645888000063, 29.370909396000059 ], [ 80.822451576000049, 29.36981527100005 ], [ 80.821258701000033, 29.369123333000061 ], [ 80.818821764000063, 29.366133271000024 ], [ 80.816349764000051, 29.364805646000036 ], [ 80.813255326000046, 29.365035959000068 ], [ 80.809949076000066, 29.366461521000076 ], [ 80.80820095100006, 29.366292084000065 ], [ 80.803024139000058, 29.364865584000029 ], [ 80.797355326000059, 29.365797833000045 ], [ 80.792897826000058, 29.365208959000029 ], [ 80.787472514000058, 29.366386958000078 ], [ 80.784728139000038, 29.366048708000051 ], [ 80.78007251300005, 29.364617646000056 ], [ 80.776325763000045, 29.364994959000057 ], [ 80.77522726400008, 29.362827396000057 ], [ 80.772884514000054, 29.361582709000061 ], [ 80.772695764000048, 29.358336146000056 ], [ 80.770066264000036, 29.35724427100007 ], [ 80.768220701000075, 29.357983271000023 ], [ 80.767019389000041, 29.359515271000078 ], [ 80.767245639000066, 29.361821147000057 ], [ 80.765610889000072, 29.363390646000028 ], [ 80.765117452000084, 29.359838958000068 ], [ 80.765545638000049, 29.357297334000066 ], [ 80.766531701000076, 29.355713146000028 ], [ 80.770095451000032, 29.352276834000065 ], [ 80.771375889000069, 29.350413396000079 ], [ 80.774295451000057, 29.349935583000047 ], [ 80.779968451000059, 29.350578959000075 ], [ 80.78337338800003, 29.352086958000029 ], [ 80.787708638000083, 29.352181959000063 ], [ 80.791776826000046, 29.349422584000024 ], [ 80.794337201000076, 29.347263146000046 ], [ 80.797413826000081, 29.343926833000069 ], [ 80.800202889000047, 29.343355771000063 ], [ 80.802198764000082, 29.342172146000053 ], [ 80.805820763000042, 29.341764708000028 ], [ 80.808878014000072, 29.340059083000028 ], [ 80.813589639000043, 29.335774959000048 ], [ 80.813648264000051, 29.33344020800007 ], [ 80.811027451000029, 29.329351021000036 ], [ 80.810834764000049, 29.328416834000052 ], [ 80.804728514000033, 29.320417521000024 ], [ 80.810512076000066, 29.317249521000065 ], [ 80.812502764000044, 29.315397958000062 ], [ 80.812870514000053, 29.310976896000057 ], [ 80.812476076000053, 29.30990027100006 ], [ 80.813520201000074, 29.307438271000024 ], [ 80.815510576000065, 29.308282458000065 ], [ 80.817686201000072, 29.310124021000036 ], [ 80.820517701000085, 29.309349583000028 ], [ 80.823192013000039, 29.313540146000037 ], [ 80.828940076000038, 29.316775833000065 ], [ 80.835952451000082, 29.322449271000039 ], [ 80.842538076000039, 29.320309584000029 ], [ 80.845933388000049, 29.321109896000053 ], [ 80.847959327000069, 29.318294521000041 ], [ 80.855852389000063, 29.312512333000029 ], [ 80.854307763000065, 29.308113834000039 ], [ 80.855887888000041, 29.308111083000028 ], [ 80.860155513000052, 29.306958333000068 ], [ 80.863490576000061, 29.304676521000033 ], [ 80.868206701000076, 29.299871583000026 ], [ 80.869418576000044, 29.299886334000064 ], [ 80.871596451000073, 29.298241583000049 ], [ 80.874846451000053, 29.294044146000033 ], [ 80.875731889000065, 29.291798021000034 ], [ 80.877522514000077, 29.289902459000075 ], [ 80.876689889000033, 29.287262271000031 ], [ 80.877859889000035, 29.286460208000051 ], [ 80.879607327000031, 29.287219771000025 ], [ 80.882830263000074, 29.286083396000038 ], [ 80.883311702000071, 29.283674459000054 ], [ 80.886628014000053, 29.28524070800006 ], [ 80.891091888000062, 29.285576021000054 ], [ 80.893601576000037, 29.287804646000041 ], [ 80.895729264000067, 29.288397458000077 ], [ 80.898789327000031, 29.290481959000033 ], [ 80.902111389000083, 29.290511521000042 ], [ 80.905382514000053, 29.291156833000059 ], [ 80.910564452000074, 29.297375521000049 ], [ 80.913025076000054, 29.297954646000051 ], [ 80.916710514000044, 29.299829396000064 ], [ 80.921510326000032, 29.298453958000039 ], [ 80.922337264000078, 29.297394146000045 ], [ 80.924731576000056, 29.296439021000026 ], [ 80.927741826000045, 29.296927958000026 ], [ 80.929233264000061, 29.29884177100007 ], [ 80.933032639000032, 29.296614896000051 ], [ 80.93686295100008, 29.296655084000065 ], [ 80.940199763000066, 29.297247709000033 ], [ 80.942142888000035, 29.299522521000029 ], [ 80.946387451000078, 29.300036396000053 ], [ 80.947223701000041, 29.301719709000054 ] ] ] } },
{ "type": "Feature", "properties": { "STATE_CODE": 7, "DISTRICT": "DOTI", "GaPa_NaPa": "Badikedar", "Type_GN": "Gaunpalika", "Province": "Sudur Pashchim" }, "geometry": { "type": "Polygon", "coordinates": [ [ [ 80.88096957700003, 29.12538939500007 ], [ 80.873126826000032, 29.127872770000067 ], [ 80.871324951000076, 29.128175646000045 ], [ 80.868069327000057, 29.126712833000056 ], [ 80.864695076000032, 29.126163521000024 ], [ 80.860826264000082, 29.127242458000069 ], [ 80.856847076000065, 29.126552459000038 ], [ 80.854260701000044, 29.124886958000047 ], [ 80.853231201000085, 29.122686271000077 ], [ 80.852006326000037, 29.121753209000076 ], [ 80.845592701000044, 29.11915833300003 ], [ 80.843991826000035, 29.11711258400004 ], [ 80.83909820100007, 29.112926396000034 ], [ 80.838660326000081, 29.111583583000026 ], [ 80.835673951000047, 29.110880584000029 ], [ 80.833279827000069, 29.109727083000053 ], [ 80.832798014000048, 29.108381895000036 ], [ 80.827849764000064, 29.106300146000024 ], [ 80.823827764000043, 29.103253833000053 ], [ 80.823822763000067, 29.102028896000036 ], [ 80.820929764000084, 29.100639833000059 ], [ 80.819844826000065, 29.098944083000049 ], [ 80.819599826000058, 29.096358396000028 ], [ 80.821044076000078, 29.09549177100007 ], [ 80.82190120100006, 29.092190146000064 ], [ 80.821436513000037, 29.090192959000035 ], [ 80.823238201000038, 29.087709146000066 ], [ 80.82793732600004, 29.087031771000056 ], [ 80.827389389000075, 29.085221770000032 ], [ 80.824861638000073, 29.083585146000075 ], [ 80.823921763000044, 29.081025583000041 ], [ 80.824600951000036, 29.077139396000064 ], [ 80.823009263000074, 29.073038146000044 ], [ 80.82498126400003, 29.071517896000046 ], [ 80.823640576000059, 29.068948834000025 ], [ 80.824435451000056, 29.068135459000075 ], [ 80.823533889000032, 29.066151208000065 ], [ 80.819993139000076, 29.06352270900004 ], [ 80.818815013000062, 29.061190771000042 ], [ 80.815371638000045, 29.056610959000068 ], [ 80.81419345200004, 29.056961208000075 ], [ 80.813256951000085, 29.054394770000044 ], [ 80.811231013000054, 29.053534708000029 ], [ 80.808797388000073, 29.053619208000043 ], [ 80.806034951000072, 29.052588770000057 ], [ 80.80201813900004, 29.048594208000054 ], [ 80.799429451000037, 29.044924395000066 ], [ 80.797532951000051, 29.048118271000078 ], [ 80.794062326000073, 29.051837771000066 ], [ 80.786817951000046, 29.054472709000038 ], [ 80.783441513000071, 29.054413209000074 ], [ 80.779797701000064, 29.053351458000066 ], [ 80.777935889000048, 29.050165145000051 ], [ 80.778126139000051, 29.047347708000075 ], [ 80.779201577000038, 29.044658084000048 ], [ 80.778693951000037, 29.04221620800007 ], [ 80.774832638000078, 29.041325458000074 ], [ 80.773053326000081, 29.040325271000029 ], [ 80.770809076000035, 29.039951459000065 ], [ 80.765860263000036, 29.043629271000043 ], [ 80.763344389000054, 29.044001646000027 ], [ 80.761521826000035, 29.042750771000044 ], [ 80.756168451000065, 29.041705708000052 ], [ 80.753409201000068, 29.043990521000069 ], [ 80.748288701000035, 29.045627896000042 ], [ 80.746267139000054, 29.048004208000066 ], [ 80.742455826000082, 29.049104646000046 ], [ 80.740270701000043, 29.046867021000025 ], [ 80.73813201400003, 29.046217584000033 ], [ 80.737589826000033, 29.044377896000071 ], [ 80.739737701000081, 29.042367458000058 ], [ 80.737598138000067, 29.039304146000063 ], [ 80.737307201000078, 29.037864271000046 ], [ 80.738862764000032, 29.035922583000058 ], [ 80.742014076000032, 29.034969833000048 ], [ 80.740684201000079, 29.033329458000026 ], [ 80.740732201000071, 29.030805083000075 ], [ 80.742529576000038, 29.027668146000053 ], [ 80.741834138000058, 29.025767271000063 ], [ 80.742692139000042, 29.021110209000028 ], [ 80.739139326000043, 29.018148020000069 ], [ 80.741225139000051, 29.016372020000063 ], [ 80.741506388000062, 29.014635458000043 ], [ 80.738180701000033, 29.014581646000067 ], [ 80.738421576000064, 29.010683708000045 ], [ 80.741599138000083, 29.010353708000025 ], [ 80.745923701000038, 29.008581959000026 ], [ 80.750252451000051, 29.006043021000039 ], [ 80.752018139000029, 29.004033896000067 ], [ 80.75457738800003, 29.002590208000072 ], [ 80.76167732600004, 29.003277584000045 ], [ 80.764892263000036, 29.001478396000039 ], [ 80.765232576000074, 28.999796021000066 ], [ 80.762473888000045, 28.996260458000052 ], [ 80.763146263000067, 28.992593271000032 ], [ 80.762372138000046, 28.989429021000035 ], [ 80.764017826000043, 28.988046771000029 ], [ 80.771737701000063, 28.985136271000044 ], [ 80.774518513000032, 28.984969458000023 ], [ 80.777366326000049, 28.985477333000063 ], [ 80.779812264000043, 28.984881208000047 ], [ 80.784253326000055, 28.985023771000044 ], [ 80.786580013000048, 28.983315208000079 ], [ 80.788772014000074, 28.980277521000062 ], [ 80.794179451000048, 28.979347396000037 ], [ 80.800528326000062, 28.976764771000035 ], [ 80.801527014000044, 28.975272770000061 ], [ 80.804783388000033, 28.972276959000055 ], [ 80.808108201000039, 28.967219208000074 ], [ 80.806723514000055, 28.962378021000063 ], [ 80.80543801400006, 28.960260021000067 ], [ 80.805705513000078, 28.959193271000061 ], [ 80.809279138000079, 28.957722959000023 ], [ 80.81096532600003, 28.956398709000041 ], [ 80.811402076000036, 28.954125270000077 ], [ 80.808994514000062, 28.946988271000066 ], [ 80.80716145100007, 28.94525752100003 ], [ 80.807592701000033, 28.943884208000043 ], [ 80.812024701000041, 28.942739896000035 ], [ 80.812280451000049, 28.938541771000075 ], [ 80.816784513000073, 28.939319521000073 ], [ 80.817689888000075, 28.938747708000051 ], [ 80.818760889000032, 28.936242646000039 ], [ 80.817969264000055, 28.933001895000075 ], [ 80.818358388000036, 28.931572083000049 ], [ 80.822804826000038, 28.930623708000041 ], [ 80.827582576000054, 28.931658709000033 ], [ 80.830771263000031, 28.93369089600003 ], [ 80.831306951000045, 28.936080771000036 ], [ 80.833122263000064, 28.936220646000038 ], [ 80.833976389000043, 28.937390333000053 ], [ 80.833434763000071, 28.940293208000071 ], [ 80.837999826000043, 28.946509646000038 ], [ 80.838947638000036, 28.946670958000027 ], [ 80.840921826000056, 28.948913646000051 ], [ 80.841352138000047, 28.951224271000058 ], [ 80.838567701000045, 28.955171333000067 ], [ 80.838759388000085, 28.956019833000028 ], [ 80.843006513000034, 28.959160709000059 ], [ 80.844779451000079, 28.961786583000048 ], [ 80.84535132600007, 28.964711084000044 ], [ 80.848269076000065, 28.968319584000028 ], [ 80.850209763000066, 28.972001333000037 ], [ 80.852264202000072, 28.974634146000028 ], [ 80.855391889000032, 28.976925146000042 ], [ 80.857325263000064, 28.977576959000032 ], [ 80.860526139000058, 28.977047896000045 ], [ 80.864105639000059, 28.97535952100003 ], [ 80.865316639000071, 28.973892083000067 ], [ 80.867174139000042, 28.969417896000039 ], [ 80.868711889000053, 28.968665958000031 ], [ 80.875048263000053, 28.969558583000037 ], [ 80.881021514000054, 28.968284833000041 ], [ 80.883651889000078, 28.967037208000079 ], [ 80.886219951000044, 28.963560646000076 ], [ 80.887141013000075, 28.959942709000075 ], [ 80.887077014000056, 28.957749770000078 ], [ 80.886143202000085, 28.956641271000024 ], [ 80.885864576000074, 28.951914646000034 ], [ 80.884896389000062, 28.949190771000076 ], [ 80.882776076000084, 28.945748459000072 ], [ 80.882780138000044, 28.944482833000052 ], [ 80.884099326000069, 28.941395396000075 ], [ 80.885006952000083, 28.94044864600005 ], [ 80.889887889000079, 28.940229395000074 ], [ 80.893017326000063, 28.938718083000026 ], [ 80.894752514000061, 28.935405333000062 ], [ 80.896204327000078, 28.934352833000048 ], [ 80.899406639000063, 28.934628271000065 ], [ 80.900298014000043, 28.936830770000029 ], [ 80.898414076000051, 28.94121745800004 ], [ 80.900001451000037, 28.942182021000065 ], [ 80.900853076000033, 28.940754521000031 ], [ 80.901243326000042, 28.937325646000033 ], [ 80.903689326000062, 28.936479145000078 ], [ 80.904722514000071, 28.936917521000055 ], [ 80.905315388000076, 28.93999745900004 ], [ 80.908150826000053, 28.940367146000028 ], [ 80.909412263000036, 28.939061770000023 ], [ 80.910378513000069, 28.936138583000059 ], [ 80.911968264000052, 28.933511333000069 ], [ 80.91249195100005, 28.931043521000049 ], [ 80.915285264000033, 28.931334083000024 ], [ 80.916737139000077, 28.932584834000068 ], [ 80.918594013000074, 28.935374458000069 ], [ 80.920302076000041, 28.939161145000071 ], [ 80.923121326000057, 28.941542896000044 ], [ 80.925832202000038, 28.942749209000056 ], [ 80.931545014000051, 28.943557646000045 ], [ 80.93402126400008, 28.943400958000041 ], [ 80.939383326000041, 28.942092708000075 ], [ 80.947786951000069, 28.938177458000041 ], [ 80.954991263000068, 28.935761459000048 ], [ 80.95823838900003, 28.936152896000067 ], [ 80.962002264000034, 28.93774458300004 ], [ 80.967648702000076, 28.940685646000077 ], [ 80.97069332600006, 28.941304521000063 ], [ 80.975992826000038, 28.939475896000033 ], [ 80.980448702000047, 28.939014145000044 ], [ 80.980965014000049, 28.943278145000079 ], [ 80.981591514000058, 28.944801020000057 ], [ 80.980681076000053, 28.946037271000023 ], [ 80.981897701000037, 28.948661208000033 ], [ 80.981190951000031, 28.95072314500004 ], [ 80.981725138000058, 28.952573208000047 ], [ 80.984105326000076, 28.954403146000061 ], [ 80.985834513000043, 28.957550520000041 ], [ 80.985792451000066, 28.960316458000079 ], [ 80.986712889000046, 28.964169895000055 ], [ 80.990316138000082, 28.967209084000046 ], [ 80.991526764000071, 28.967588146000026 ], [ 80.990314577000049, 28.973221458000069 ], [ 80.987639701000035, 28.974956084000041 ], [ 80.986334013000032, 28.978091896000024 ], [ 80.985969263000072, 28.980738208000048 ], [ 80.986584952000044, 28.981706083000063 ], [ 80.985236327000052, 28.983323583000072 ], [ 80.98027632700007, 28.983855333000065 ], [ 80.980556014000058, 28.98549102100003 ], [ 80.98212751300008, 28.986452271000076 ], [ 80.983241389000057, 28.988940833000072 ], [ 80.984528764000061, 28.990032896000059 ], [ 80.984946639000043, 28.992591334000053 ], [ 80.986072952000029, 28.994274458000064 ], [ 80.984375638000074, 28.997401084000046 ], [ 80.986230889000069, 28.998269896000068 ], [ 80.986787889000084, 29.002484209000045 ], [ 80.985547264000047, 29.003307584000027 ], [ 80.985090138000032, 29.005353709000076 ], [ 80.986099513000056, 29.006942084000059 ], [ 80.988145201000066, 29.007989083000041 ], [ 80.988200576000054, 29.009092271000043 ], [ 80.990122889000077, 29.009794083000031 ], [ 80.990663888000086, 29.011790708000035 ], [ 80.994293514000049, 29.016745146000062 ], [ 80.996891263000066, 29.018816270000059 ], [ 80.999163514000031, 29.018915583000023 ], [ 80.99893313900003, 29.021309208000048 ], [ 81.000798951000036, 29.022078521000026 ], [ 80.999411201000044, 29.024580458000059 ], [ 80.996158263000041, 29.024645834000069 ], [ 80.994182638000041, 29.025410521000026 ], [ 80.992093514000032, 29.02830945900007 ], [ 80.992800014000068, 29.030044334000024 ], [ 80.992296388000057, 29.032029645000023 ], [ 80.992734576000032, 29.033870583000066 ], [ 80.992899514000044, 29.038793208000072 ], [ 80.992274889000043, 29.040683770000044 ], [ 80.992821014000072, 29.041899771000033 ], [ 80.992737951000038, 29.044591209000032 ], [ 80.995002076000048, 29.046369021000032 ], [ 80.994864326000084, 29.048024958000042 ], [ 80.997856326000033, 29.05291614500004 ], [ 80.999473014000046, 29.053892959000052 ], [ 81.001374451000061, 29.05673777100003 ], [ 81.003137827000046, 29.057874771000058 ], [ 81.003620638000029, 29.06071739600003 ], [ 81.005208014000061, 29.063862146000076 ], [ 81.002200076000065, 29.064782708000052 ], [ 80.997658014000081, 29.067135771000039 ], [ 80.994786014000056, 29.067501146000041 ], [ 80.986022951000052, 29.072590083000023 ], [ 80.982312764000085, 29.071946708000041 ], [ 80.977575013000035, 29.072943146000057 ], [ 80.967849201000035, 29.073933833000069 ], [ 80.95928626400007, 29.077232021000043 ], [ 80.957791326000063, 29.077157208000074 ], [ 80.954495701000042, 29.078333646000033 ], [ 80.951625639000042, 29.078395833000059 ], [ 80.949426764000066, 29.077842333000035 ], [ 80.943306764000056, 29.079570209000053 ], [ 80.939416764000043, 29.078878208000049 ], [ 80.929679388000068, 29.075651833000052 ], [ 80.927222826000047, 29.076255146000051 ], [ 80.922812764000071, 29.075533021000069 ], [ 80.921645138000031, 29.07734389500007 ], [ 80.915931764000049, 29.083237646000043 ], [ 80.91537788800008, 29.084929333000048 ], [ 80.912554951000061, 29.088999583000032 ], [ 80.910441951000053, 29.091245208000032 ], [ 80.912007513000049, 29.093177396000044 ], [ 80.913292764000062, 29.096237333000033 ], [ 80.910026576000064, 29.096711208000045 ], [ 80.907871013000033, 29.098248333000072 ], [ 80.904374576000066, 29.099640083000054 ], [ 80.900594201000047, 29.100413396000079 ], [ 80.899833451000063, 29.101773209000044 ], [ 80.89727263900005, 29.103091021000068 ], [ 80.893345139000076, 29.103724146000047 ], [ 80.891733514000066, 29.105216333000044 ], [ 80.88869070100003, 29.106003459000078 ], [ 80.888823327000068, 29.109915458000046 ], [ 80.889645826000049, 29.114644708000071 ], [ 80.888511763000054, 29.116800521000073 ], [ 80.88861520200004, 29.118296333000046 ], [ 80.886707639000065, 29.120210084000064 ], [ 80.884522639000068, 29.122622146000026 ], [ 80.88096957700003, 29.12538939500007 ] ] ] } },
{ "type": "Feature", "properties": { "STATE_CODE": 7, "DISTRICT": "DOTI", "GaPa_NaPa": "Bogtan", "Type_GN": "Gaunpalika", "Province": "Sudur Pashchim" }, "geometry": { "type": "Polygon", "coordinates": [ [ [ 81.107484514000078, 29.099313021000057 ], [ 81.103679701000033, 29.100712521000048 ], [ 81.10140738900003, 29.103202583000041 ], [ 81.100428014000045, 29.105290146000073 ], [ 81.098481764000041, 29.107229458000063 ], [ 81.094228827000052, 29.109337396000058 ], [ 81.087280888000066, 29.118172083000047 ], [ 81.083272764000071, 29.120854708000024 ], [ 81.080979888000059, 29.124079959000028 ], [ 81.076824576000035, 29.12586914600007 ], [ 81.074996513000031, 29.127751646000036 ], [ 81.073136389000069, 29.130780271000049 ], [ 81.074069389000044, 29.132871021000028 ], [ 81.072435389000077, 29.134638396000071 ], [ 81.068872201000033, 29.134626708000042 ], [ 81.067138951000061, 29.135135209000055 ], [ 81.066738951000048, 29.136437083000033 ], [ 81.068813952000085, 29.139797458000032 ], [ 81.069052826000075, 29.14200820800005 ], [ 81.068293014000062, 29.144305209000038 ], [ 81.067175638000037, 29.145571396000037 ], [ 81.063534264000054, 29.14647552100007 ], [ 81.061074076000068, 29.147909208000044 ], [ 81.058903701000077, 29.14794633300005 ], [ 81.057547014000079, 29.148989146000076 ], [ 81.057074201000034, 29.151493521000077 ], [ 81.060634014000073, 29.153470395000056 ], [ 81.06025538800003, 29.158742833000076 ], [ 81.059174764000034, 29.161254209000049 ], [ 81.054884014000038, 29.162014084000077 ], [ 81.054466077000029, 29.161484083000062 ], [ 81.056147889000044, 29.158338521000076 ], [ 81.05348488900006, 29.159027708000053 ], [ 81.052968702000044, 29.157428458000027 ], [ 81.050866076000034, 29.157749583000054 ], [ 81.050420576000079, 29.156684958000028 ], [ 81.047880576000068, 29.156685896000056 ], [ 81.048128327000029, 29.155481083000041 ], [ 81.043755764000082, 29.154638833000035 ], [ 81.042072139000084, 29.153486584000063 ], [ 81.041106576000061, 29.154583271000035 ], [ 81.037902139000039, 29.155367083000044 ], [ 81.035672638000051, 29.153892270000028 ], [ 81.03459538900006, 29.154682146000027 ], [ 81.032874826000068, 29.15414108300007 ], [ 81.030882764000069, 29.152510520000078 ], [ 81.02671545100003, 29.150456209000026 ], [ 81.02357788900008, 29.151190020000058 ], [ 81.020764013000075, 29.149739896000028 ], [ 81.019980451000038, 29.147526834000075 ], [ 81.01757488800007, 29.145711146000053 ], [ 81.016436576000046, 29.142792021000048 ], [ 81.017156139000065, 29.138965771000073 ], [ 81.016332826000053, 29.13700314600004 ], [ 81.016265702000055, 29.134636645000057 ], [ 81.015174764000051, 29.131949896000037 ], [ 81.011747639000077, 29.129985271000066 ], [ 81.009219638000047, 29.131090896000046 ], [ 81.005091263000054, 29.130583584000078 ], [ 81.004227201000049, 29.128868958000055 ], [ 81.003865389000055, 29.12526164600007 ], [ 81.00000026400005, 29.124880895000047 ], [ 80.999502514000085, 29.121999583000047 ], [ 80.998219763000066, 29.119818021000071 ], [ 80.998110888000042, 29.116901021000047 ], [ 80.991122326000038, 29.117306770000027 ], [ 80.989800389000038, 29.11790902100006 ], [ 80.983109326000033, 29.118531021000024 ], [ 80.981258326000045, 29.119388146000063 ], [ 80.979263513000035, 29.122850709000033 ], [ 80.978893263000032, 29.12432833400004 ], [ 80.976565763000053, 29.125284521000026 ], [ 80.974986888000046, 29.125225583000031 ], [ 80.972536576000039, 29.126495209000041 ], [ 80.966189263000047, 29.127874396000038 ], [ 80.960189139000079, 29.130591271000071 ], [ 80.959026327000061, 29.130523208000056 ], [ 80.957902888000035, 29.128000646000032 ], [ 80.956325763000052, 29.127490333000026 ], [ 80.952282077000064, 29.128731959000049 ], [ 80.949890826000058, 29.130714146000059 ], [ 80.94766670100006, 29.131615646000057 ], [ 80.93912313800007, 29.132773895000071 ], [ 80.935664014000054, 29.132858021000061 ], [ 80.932363826000085, 29.131624584000065 ], [ 80.928632201000084, 29.131198521000044 ], [ 80.924891639000066, 29.128741958000035 ], [ 80.920989138000039, 29.12707933300004 ], [ 80.916735451000079, 29.124216146000037 ], [ 80.912303013000042, 29.122965771000054 ], [ 80.910356138000054, 29.121407833000035 ], [ 80.903802764000034, 29.119952708000028 ], [ 80.900764263000042, 29.119921146000024 ], [ 80.897273076000033, 29.120450959000038 ], [ 80.890255827000033, 29.119924271000059 ], [ 80.888622826000073, 29.120726021000053 ], [ 80.886707639000065, 29.120210084000064 ], [ 80.88861520200004, 29.118296333000046 ], [ 80.888511763000054, 29.116800521000073 ], [ 80.889645826000049, 29.114644708000071 ], [ 80.888823327000068, 29.109915458000046 ], [ 80.88869070100003, 29.106003459000078 ], [ 80.891733514000066, 29.105216333000044 ], [ 80.893345139000076, 29.103724146000047 ], [ 80.89727263900005, 29.103091021000068 ], [ 80.899833451000063, 29.101773209000044 ], [ 80.900594201000047, 29.100413396000079 ], [ 80.904374576000066, 29.099640083000054 ], [ 80.907871013000033, 29.098248333000072 ], [ 80.910026576000064, 29.096711208000045 ], [ 80.913292764000062, 29.096237333000033 ], [ 80.912007513000049, 29.093177396000044 ], [ 80.910441951000053, 29.091245208000032 ], [ 80.912554951000061, 29.088999583000032 ], [ 80.91537788800008, 29.084929333000048 ], [ 80.915931764000049, 29.083237646000043 ], [ 80.921645138000031, 29.07734389500007 ], [ 80.922812764000071, 29.075533021000069 ], [ 80.927222826000047, 29.076255146000051 ], [ 80.929679388000068, 29.075651833000052 ], [ 80.939416764000043, 29.078878208000049 ], [ 80.943306764000056, 29.079570209000053 ], [ 80.949426764000066, 29.077842333000035 ], [ 80.951625639000042, 29.078395833000059 ], [ 80.954495701000042, 29.078333646000033 ], [ 80.957791326000063, 29.077157208000074 ], [ 80.95928626400007, 29.077232021000043 ], [ 80.967849201000035, 29.073933833000069 ], [ 80.977575013000035, 29.072943146000057 ], [ 80.982312764000085, 29.071946708000041 ], [ 80.986022951000052, 29.072590083000023 ], [ 80.994786014000056, 29.067501146000041 ], [ 80.997658014000081, 29.067135771000039 ], [ 81.002200076000065, 29.064782708000052 ], [ 81.005208014000061, 29.063862146000076 ], [ 81.003620638000029, 29.06071739600003 ], [ 81.003137827000046, 29.057874771000058 ], [ 81.001374451000061, 29.05673777100003 ], [ 80.999473014000046, 29.053892959000052 ], [ 80.997856326000033, 29.05291614500004 ], [ 80.994864326000084, 29.048024958000042 ], [ 80.995002076000048, 29.046369021000032 ], [ 80.992737951000038, 29.044591209000032 ], [ 80.992821014000072, 29.041899771000033 ], [ 80.992274889000043, 29.040683770000044 ], [ 80.992899514000044, 29.038793208000072 ], [ 80.992734576000032, 29.033870583000066 ], [ 80.992296388000057, 29.032029645000023 ], [ 80.992800014000068, 29.030044334000024 ], [ 80.992093514000032, 29.02830945900007 ], [ 80.994182638000041, 29.025410521000026 ], [ 80.996158263000041, 29.024645834000069 ], [ 80.999411201000044, 29.024580458000059 ], [ 81.000798951000036, 29.022078521000026 ], [ 80.99893313900003, 29.021309208000048 ], [ 80.999163514000031, 29.018915583000023 ], [ 80.996891263000066, 29.018816270000059 ], [ 80.994293514000049, 29.016745146000062 ], [ 80.990663888000086, 29.011790708000035 ], [ 80.990122889000077, 29.009794083000031 ], [ 80.988200576000054, 29.009092271000043 ], [ 80.988145201000066, 29.007989083000041 ], [ 80.986099513000056, 29.006942084000059 ], [ 80.985090138000032, 29.005353709000076 ], [ 80.985547264000047, 29.003307584000027 ], [ 80.986787889000084, 29.002484209000045 ], [ 80.986230889000069, 28.998269896000068 ], [ 80.984375638000074, 28.997401084000046 ], [ 80.986072952000029, 28.994274458000064 ], [ 80.984946639000043, 28.992591334000053 ], [ 80.984528764000061, 28.990032896000059 ], [ 80.983241389000057, 28.988940833000072 ], [ 80.98212751300008, 28.986452271000076 ], [ 80.980556014000058, 28.98549102100003 ], [ 80.98027632700007, 28.983855333000065 ], [ 80.985236327000052, 28.983323583000072 ], [ 80.986584952000044, 28.981706083000063 ], [ 80.985969263000072, 28.980738208000048 ], [ 80.986334013000032, 28.978091896000024 ], [ 80.987639701000035, 28.974956084000041 ], [ 80.990314577000049, 28.973221458000069 ], [ 80.991526764000071, 28.967588146000026 ], [ 80.990316138000082, 28.967209084000046 ], [ 80.986712889000046, 28.964169895000055 ], [ 80.985792451000066, 28.960316458000079 ], [ 80.985834513000043, 28.957550520000041 ], [ 80.984105326000076, 28.954403146000061 ], [ 80.981725138000058, 28.952573208000047 ], [ 80.981190951000031, 28.95072314500004 ], [ 80.981897701000037, 28.948661208000033 ], [ 80.980681076000053, 28.946037271000023 ], [ 80.981591514000058, 28.944801020000057 ], [ 80.980965014000049, 28.943278145000079 ], [ 80.980448702000047, 28.939014145000044 ], [ 80.982741014000055, 28.938698583000075 ], [ 80.984035138000081, 28.941396958000041 ], [ 80.985727514000075, 28.942777895000063 ], [ 80.98874982600006, 28.943831771000077 ], [ 80.994220013000074, 28.947886208000057 ], [ 80.996578452000051, 28.951060583000071 ], [ 81.000324826000053, 28.95485302000003 ], [ 81.002766952000059, 28.956323958000041 ], [ 81.006001451000031, 28.95730295900006 ], [ 81.009293701000047, 28.957458458000076 ], [ 81.012232138000059, 28.956790396000031 ], [ 81.015052514000047, 28.95542977100007 ], [ 81.017473701000085, 28.953320021000025 ], [ 81.02061576400007, 28.952137396000069 ], [ 81.022533389000046, 28.952811709000059 ], [ 81.026162014000079, 28.956089083000052 ], [ 81.029461576000074, 28.960686208000027 ], [ 81.030005389000053, 28.962933146000069 ], [ 81.030965451000043, 28.963769896000031 ], [ 81.039346576000071, 28.967648083000029 ], [ 81.044213952000064, 28.970509521000054 ], [ 81.048089451000067, 28.974318646000029 ], [ 81.04986507600006, 28.977943458000027 ], [ 81.050965014000042, 28.978265646000068 ], [ 81.053996264000034, 28.977353021000056 ], [ 81.055723639000064, 28.975423334000027 ], [ 81.058689639000079, 28.973206708000077 ], [ 81.066081826000072, 28.970349396000074 ], [ 81.071083763000047, 28.970423521000043 ], [ 81.07479582600007, 28.969922958000041 ], [ 81.078261639000061, 28.968653084000039 ], [ 81.082567764000032, 28.967605958000036 ], [ 81.090722701000061, 28.967756396000027 ], [ 81.098311201000058, 28.964283521000027 ], [ 81.10279795100007, 28.963790583000048 ], [ 81.105536764000078, 28.965588771000057 ], [ 81.103712763000033, 28.969811271000026 ], [ 81.104212327000084, 28.970968208000045 ], [ 81.107437326000081, 28.973460896000063 ], [ 81.106816701000071, 28.976897334000057 ], [ 81.107816264000064, 28.978017770000065 ], [ 81.110095576000049, 28.977661709000074 ], [ 81.11892313900006, 28.974022020000064 ], [ 81.121061701000031, 28.974333646000048 ], [ 81.126224326000056, 28.97815289600004 ], [ 81.13104476400008, 28.980417896000063 ], [ 81.133547014000044, 28.980823771000075 ], [ 81.136122201000035, 28.985752896000065 ], [ 81.136810763000085, 28.987893146000033 ], [ 81.138167139000075, 28.989272459000063 ], [ 81.14032482600004, 28.989687583000034 ], [ 81.143362514000046, 28.98948589500003 ], [ 81.144968076000055, 28.990370771000073 ], [ 81.147004701000071, 28.993387146000032 ], [ 81.148919014000057, 28.998066270000038 ], [ 81.148712139000054, 29.00099483300005 ], [ 81.149683201000073, 29.00323177100006 ], [ 81.151871639000035, 29.006029021000074 ], [ 81.15073282600008, 29.008083271000032 ], [ 81.149061701000051, 29.009427521000077 ], [ 81.148663076000048, 29.011760708000054 ], [ 81.147263577000047, 29.014232583000023 ], [ 81.146004638000079, 29.018795646000058 ], [ 81.14581032600006, 29.021160146000057 ], [ 81.146371452000039, 29.023411084000031 ], [ 81.146818139000061, 29.028398646000028 ], [ 81.14681863900006, 29.033740895000051 ], [ 81.146378326000047, 29.035334146000025 ], [ 81.144161577000034, 29.037398520000067 ], [ 81.140838139000039, 29.038762458000065 ], [ 81.138048638000043, 29.042553209000062 ], [ 81.13818438900006, 29.044168396000032 ], [ 81.137210138000057, 29.048866333000035 ], [ 81.133450263000043, 29.052315146000069 ], [ 81.13293651400005, 29.055113083000037 ], [ 81.133339264000085, 29.058814833000042 ], [ 81.13282520100006, 29.059674833000031 ], [ 81.124562264000076, 29.062845709000044 ], [ 81.123089951000054, 29.065294833000053 ], [ 81.122290452000072, 29.07029714600003 ], [ 81.121261326000081, 29.072213458000078 ], [ 81.122618139000053, 29.073746334000077 ], [ 81.124352889000079, 29.074532020000049 ], [ 81.126430764000077, 29.074202958000058 ], [ 81.129746951000072, 29.07830345800005 ], [ 81.130304702000046, 29.081213208000065 ], [ 81.128828076000048, 29.082857021000052 ], [ 81.119280076000052, 29.083955458000048 ], [ 81.117061576000083, 29.08505608400003 ], [ 81.115302951000047, 29.085165896000035 ], [ 81.113211451000041, 29.084175021000078 ], [ 81.111186201000066, 29.085311521000051 ], [ 81.110803764000082, 29.086757958000078 ], [ 81.110939076000079, 29.094087583000032 ], [ 81.11139776400006, 29.096677083000031 ], [ 81.110350701000073, 29.098130833000027 ], [ 81.107484514000078, 29.099313021000057 ] ] ] } },
{ "type": "Feature", "properties": { "STATE_CODE": 7, "DISTRICT": "DOTI", "GaPa_NaPa": "Dipayal Silgadi", "Type_GN": "Nagarpalika", "Province": "Sudur Pashchim" }, "geometry": { "type": "Polygon", "coordinates": [ [ [ 81.004454576000057, 29.329227521000064 ], [ 81.002241138000045, 29.329760022000073 ], [ 80.998359014000073, 29.331393271000024 ], [ 80.993117201000075, 29.335176334000039 ], [ 80.991713451000066, 29.334136271000034 ], [ 80.985657013000036, 29.333558208000056 ], [ 80.982587202000047, 29.33479189600007 ], [ 80.978385264000053, 29.335077709000075 ], [ 80.976163389000078, 29.333432771000048 ], [ 80.975667951000048, 29.329796146000035 ], [ 80.97851307600007, 29.328598771000031 ], [ 80.978787888000056, 29.327193334000071 ], [ 80.982154139000045, 29.325077771000053 ], [ 80.982382701000063, 29.320441896000034 ], [ 80.985519388000057, 29.316729021000071 ], [ 80.986624327000072, 29.314349083000025 ], [ 80.989510326000072, 29.314144083000031 ], [ 80.989150514000073, 29.311734709000064 ], [ 80.986743826000065, 29.310913334000077 ], [ 80.985039388000075, 29.307071271000041 ], [ 80.985151388000077, 29.304763458000025 ], [ 80.983120701000075, 29.304061646000036 ], [ 80.97857945100003, 29.305121271000075 ], [ 80.976502639000046, 29.303690646000064 ], [ 80.971622638000042, 29.303337771000031 ], [ 80.969665889000055, 29.299998583000047 ], [ 80.967257389000054, 29.297033709000061 ], [ 80.967448201000082, 29.295062084000051 ], [ 80.963768139000081, 29.292259271000034 ], [ 80.962489639000069, 29.290668458000027 ], [ 80.961132701000054, 29.292470584000057 ], [ 80.95901226400008, 29.293649771000048 ], [ 80.953831826000055, 29.294309146000046 ], [ 80.949498514000084, 29.300064646000067 ], [ 80.947223701000041, 29.301719709000054 ], [ 80.946387451000078, 29.300036396000053 ], [ 80.942142888000035, 29.299522521000029 ], [ 80.940199763000066, 29.297247709000033 ], [ 80.93686295100008, 29.296655084000065 ], [ 80.933032639000032, 29.296614896000051 ], [ 80.929233264000061, 29.29884177100007 ], [ 80.927741826000045, 29.296927958000026 ], [ 80.924731576000056, 29.296439021000026 ], [ 80.922337264000078, 29.297394146000045 ], [ 80.921510326000032, 29.298453958000039 ], [ 80.916710514000044, 29.299829396000064 ], [ 80.913025076000054, 29.297954646000051 ], [ 80.910564452000074, 29.297375521000049 ], [ 80.905382514000053, 29.291156833000059 ], [ 80.902111389000083, 29.290511521000042 ], [ 80.898789327000031, 29.290481959000033 ], [ 80.895729264000067, 29.288397458000077 ], [ 80.893601576000037, 29.287804646000041 ], [ 80.891091888000062, 29.285576021000054 ], [ 80.886628014000053, 29.28524070800006 ], [ 80.883311702000071, 29.283674459000054 ], [ 80.882830263000074, 29.286083396000038 ], [ 80.879607327000031, 29.287219771000025 ], [ 80.877859889000035, 29.286460208000051 ], [ 80.876689889000033, 29.287262271000031 ], [ 80.877522514000077, 29.289902459000075 ], [ 80.875731889000065, 29.291798021000034 ], [ 80.874846451000053, 29.294044146000033 ], [ 80.871596451000073, 29.298241583000049 ], [ 80.869418576000044, 29.299886334000064 ], [ 80.868206701000076, 29.299871583000026 ], [ 80.863490576000061, 29.304676521000033 ], [ 80.860155513000052, 29.306958333000068 ], [ 80.855887888000041, 29.308111083000028 ], [ 80.854307763000065, 29.308113834000039 ], [ 80.851701014000071, 29.307183833000067 ], [ 80.851641576000077, 29.306010646000061 ], [ 80.848780889000068, 29.302361834000067 ], [ 80.849141451000037, 29.299573958000053 ], [ 80.84874732600008, 29.295413583000027 ], [ 80.84982201300005, 29.286517333000063 ], [ 80.857789451000031, 29.288371459000075 ], [ 80.861056139000084, 29.290272083000048 ], [ 80.863416826000048, 29.289979021000079 ], [ 80.864681576000066, 29.289086959000031 ], [ 80.865653513000041, 29.286789146000046 ], [ 80.865560576000064, 29.28458045900004 ], [ 80.868290076000051, 29.283996646000048 ], [ 80.869822014000079, 29.281900146000055 ], [ 80.86777770100008, 29.278236646000039 ], [ 80.867886888000044, 29.276623834000077 ], [ 80.872654389000047, 29.270909646000064 ], [ 80.874898763000033, 29.269569521000051 ], [ 80.87827276400003, 29.269477833000053 ], [ 80.881847076000042, 29.271389584000076 ], [ 80.885402514000077, 29.272448459000032 ], [ 80.889460326000062, 29.270351583000036 ], [ 80.892921014000081, 29.267338209000059 ], [ 80.894273202000079, 29.265363146000027 ], [ 80.894617513000071, 29.259529459000078 ], [ 80.895118264000075, 29.257323584000062 ], [ 80.896885951000058, 29.254247833000079 ], [ 80.899630326000079, 29.252562459000046 ], [ 80.902287388000047, 29.252036521000036 ], [ 80.904576701000053, 29.252665333000039 ], [ 80.906323388000033, 29.252440958000079 ], [ 80.907858013000066, 29.250964396000029 ], [ 80.907186264000075, 29.248410209000042 ], [ 80.909082201000047, 29.244066521000036 ], [ 80.909457514000053, 29.241790521000041 ], [ 80.90864051300008, 29.239245271000073 ], [ 80.909208826000054, 29.237934958000039 ], [ 80.91076307600008, 29.237633709000079 ], [ 80.913660139000058, 29.240568334000045 ], [ 80.915076639000063, 29.243156833000057 ], [ 80.917048514000044, 29.245366646000036 ], [ 80.918812139000067, 29.246315208000055 ], [ 80.923023451000063, 29.246430521000036 ], [ 80.923918514000036, 29.245291771000041 ], [ 80.926551889000052, 29.245500771000025 ], [ 80.928887201000066, 29.242923521000023 ], [ 80.93165401400006, 29.242103771000075 ], [ 80.929881826000042, 29.24045827100008 ], [ 80.926680451000038, 29.241142333000028 ], [ 80.923910076000084, 29.238521646000038 ], [ 80.924789389000068, 29.239025208000044 ], [ 80.929073451000079, 29.239550959000042 ], [ 80.931447639000055, 29.237641396000072 ], [ 80.932845889000077, 29.238318896000067 ], [ 80.934210451000069, 29.236298208000051 ], [ 80.937356263000083, 29.230490646000078 ], [ 80.938982389000046, 29.228379833000076 ], [ 80.942199326000036, 29.226073396000061 ], [ 80.944661326000073, 29.228454458000044 ], [ 80.950094763000038, 29.23229402100003 ], [ 80.949761826000042, 29.234033208000028 ], [ 80.951289763000034, 29.235130146000074 ], [ 80.952988201000039, 29.238408709000055 ], [ 80.953979639000067, 29.239385834000075 ], [ 80.956686826000066, 29.239014521000058 ], [ 80.958434389000047, 29.240490521000027 ], [ 80.96120682600008, 29.24020708300003 ], [ 80.961076639000055, 29.235025084000029 ], [ 80.962035638000032, 29.232683708000025 ], [ 80.964657951000049, 29.231639896000047 ], [ 80.968601576000083, 29.231440083000052 ], [ 80.97259951400008, 29.229665521000072 ], [ 80.974080951000076, 29.228454396000075 ], [ 80.97734607600006, 29.226995396000063 ], [ 80.977676451000036, 29.226043458000049 ], [ 80.976256514000056, 29.223022458000059 ], [ 80.977675389000069, 29.220683271000041 ], [ 80.982940326000062, 29.222021833000042 ], [ 80.985578326000052, 29.222240958000043 ], [ 80.989950264000072, 29.221325396000054 ], [ 80.993890514000043, 29.217937208000023 ], [ 80.995810263000067, 29.211178396000037 ], [ 80.997423389000062, 29.207961459000046 ], [ 81.000841514000058, 29.207733584000039 ], [ 81.005625014000032, 29.205743709000046 ], [ 81.009053451000057, 29.203040896000061 ], [ 81.009304888000031, 29.199943459000053 ], [ 81.012214638000046, 29.197567646000039 ], [ 81.013792013000057, 29.194517458000064 ], [ 81.017136077000032, 29.192118958000037 ], [ 81.018500264000068, 29.191629209000041 ], [ 81.022413451000034, 29.19178652100004 ], [ 81.024858639000058, 29.190752896000049 ], [ 81.02228038800007, 29.187279146000037 ], [ 81.022708826000041, 29.184332771000072 ], [ 81.025102201000038, 29.182631333000074 ], [ 81.027382888000034, 29.182630896000035 ], [ 81.031151389000058, 29.181432146000077 ], [ 81.032196201000033, 29.181614646000071 ], [ 81.034634263000044, 29.186216209000065 ], [ 81.032046889000071, 29.186086021000051 ], [ 81.028534451000041, 29.188963146000049 ], [ 81.028322764000052, 29.191620646000047 ], [ 81.029944888000045, 29.19298070800005 ], [ 81.028529014000071, 29.194770021000068 ], [ 81.029579514000034, 29.19546914600005 ], [ 81.029496014000074, 29.197914583000056 ], [ 81.030986764000033, 29.19914383400004 ], [ 81.030678014000046, 29.200826834000054 ], [ 81.028509514000064, 29.203405834000023 ], [ 81.029513764000058, 29.205936896000026 ], [ 81.032596139000077, 29.207668709000075 ], [ 81.031455201000085, 29.210430333000033 ], [ 81.030861138000034, 29.213340646000063 ], [ 81.027931701000057, 29.215507021000064 ], [ 81.02985620100003, 29.216427021000072 ], [ 81.03047020200006, 29.218619709000052 ], [ 81.031912201000068, 29.219219459000044 ], [ 81.033424889000059, 29.21673977100005 ], [ 81.035860263000075, 29.218552959000078 ], [ 81.033599263000042, 29.220274833000076 ], [ 81.033170514000062, 29.222494771000072 ], [ 81.035171138000067, 29.222573209000075 ], [ 81.036171264000075, 29.224321334000024 ], [ 81.03634813900004, 29.226308771000049 ], [ 81.035454264000066, 29.227845271000035 ], [ 81.039782701000036, 29.231496521000054 ], [ 81.038727201000086, 29.234028021000029 ], [ 81.04010745100004, 29.234857833000035 ], [ 81.041685951000034, 29.237652458000071 ], [ 81.044816389000061, 29.239185521000024 ], [ 81.046466014000032, 29.242359083000053 ], [ 81.048315389000038, 29.244097771000042 ], [ 81.048530951000032, 29.249103646000037 ], [ 81.050489327000037, 29.249120958000049 ], [ 81.051330326000084, 29.251365271000054 ], [ 81.053042639000068, 29.25302952100003 ], [ 81.052060451000045, 29.254803084000059 ], [ 81.053206702000068, 29.256869084000073 ], [ 81.052962389000072, 29.258969458000024 ], [ 81.05480357600004, 29.261323959000038 ], [ 81.054605264000031, 29.262352709000027 ], [ 81.05162507600005, 29.263815771000054 ], [ 81.048952451000048, 29.263828083000078 ], [ 81.046016889000043, 29.264774333000048 ], [ 81.041303701000061, 29.26414870900004 ], [ 81.037414201000047, 29.264391271000079 ], [ 81.033586201000048, 29.265874459000031 ], [ 81.031371952000029, 29.26508764600004 ], [ 81.024791451000056, 29.264062584000044 ], [ 81.023770076000062, 29.264213896000058 ], [ 81.021590076000052, 29.266749959000038 ], [ 81.018440077000037, 29.266572208000071 ], [ 81.01548632600003, 29.271021333000078 ], [ 81.015832577000083, 29.272167271000058 ], [ 81.01966770100006, 29.276529771000071 ], [ 81.021573576000037, 29.281749771000079 ], [ 81.024217202000045, 29.28502039600005 ], [ 81.024324639000042, 29.287849334000043 ], [ 81.02350057600006, 29.289509833000068 ], [ 81.021505701000081, 29.290942708000046 ], [ 81.019229451000058, 29.291132583000035 ], [ 81.012849951000078, 29.294490146000044 ], [ 81.01383551300006, 29.300554021000039 ], [ 81.014002951000066, 29.303689771000052 ], [ 81.014824201000067, 29.305009396000059 ], [ 81.015057826000032, 29.307533771000067 ], [ 81.013554451000061, 29.311319333000029 ], [ 81.010800202000041, 29.311468521000052 ], [ 81.00880838900008, 29.310033833000034 ], [ 81.007328513000061, 29.312727584000072 ], [ 81.001824076000048, 29.311173396000072 ], [ 81.00162457700003, 29.313296209000043 ], [ 81.003113451000047, 29.316795146000061 ], [ 81.003000014000065, 29.319319521000068 ], [ 81.00342488900003, 29.323662209000076 ], [ 81.004524638000078, 29.326703146000057 ], [ 81.004454576000057, 29.329227521000064 ] ] ] } },
{ "type": "Feature", "properties": { "STATE_CODE": 7, "DISTRICT": "DOTI", "GaPa_NaPa": "Jorayal", "Type_GN": "Gaunpalika", "Province": "Sudur Pashchim" }, "geometry": { "type": "Polygon", "coordinates": [ [ [ 80.706247322000081, 29.192736269000079 ], [ 80.703871332000062, 29.193053644000031 ], [ 80.70265132600008, 29.194724833000066 ], [ 80.701459638000074, 29.19438608400003 ], [ 80.69951739000004, 29.188680899000076 ], [ 80.697744384000032, 29.187914399000078 ], [ 80.695198700000049, 29.187944714000025 ], [ 80.691127451000057, 29.18969508400005 ], [ 80.689742826000042, 29.190693458000055 ], [ 80.687522458000046, 29.190783082000053 ], [ 80.682788389000052, 29.191780333000054 ], [ 80.678249576000042, 29.190603209000074 ], [ 80.676281021000079, 29.188897459000032 ], [ 80.675085737000074, 29.185059437000064 ], [ 80.673661456000048, 29.184546144000024 ], [ 80.672170272000074, 29.182848263000039 ], [ 80.669426826000063, 29.183371646000069 ], [ 80.663959319000071, 29.183155022000051 ], [ 80.65688988800008, 29.181217271000037 ], [ 80.653166140000053, 29.180503832000056 ], [ 80.647470135000049, 29.178095395000071 ], [ 80.64439395200003, 29.178861024000071 ], [ 80.640369326000041, 29.177850900000067 ], [ 80.636005139000076, 29.177699267000037 ], [ 80.631030570000064, 29.176334332000067 ], [ 80.625164894000079, 29.177572336000026 ], [ 80.621364261000053, 29.181033575000072 ], [ 80.617712013000073, 29.179498146000071 ], [ 80.612303326000074, 29.174844396000026 ], [ 80.610205326000084, 29.174080271000037 ], [ 80.607092326000043, 29.170283459000075 ], [ 80.605435889000034, 29.170050709000066 ], [ 80.60213557600008, 29.170652333000078 ], [ 80.600478951000071, 29.170378959000061 ], [ 80.59735345100006, 29.167348896000078 ], [ 80.596167576000084, 29.164626896000073 ], [ 80.593841514000076, 29.16298652100005 ], [ 80.593576576000032, 29.159094209000045 ], [ 80.592877263000048, 29.157036958000049 ], [ 80.59556038900007, 29.154035521000026 ], [ 80.59416370100007, 29.151870146000078 ], [ 80.593362264000064, 29.148574021000059 ], [ 80.590367076000064, 29.147339959000078 ], [ 80.583578763000048, 29.147262646000058 ], [ 80.577537826000082, 29.147505396000042 ], [ 80.576606451000032, 29.145966208000061 ], [ 80.571832263000033, 29.144859084000075 ], [ 80.569136326000034, 29.144825646000072 ], [ 80.567621201000065, 29.143557458000032 ], [ 80.567180326000084, 29.14121433300005 ], [ 80.568056763000072, 29.138112958000079 ], [ 80.566459701000042, 29.135432334000029 ], [ 80.56827620100006, 29.134634958000049 ], [ 80.570838201000072, 29.134383771000046 ], [ 80.572644701000058, 29.132747208000069 ], [ 80.573852764000037, 29.130158958000038 ], [ 80.571482076000052, 29.126359146000027 ], [ 80.570449951000057, 29.123080208000033 ], [ 80.568609513000069, 29.119187271000044 ], [ 80.56762176400008, 29.118473459000029 ], [ 80.564825701000075, 29.118796021000037 ], [ 80.560879951000061, 29.116324146000068 ], [ 80.558868201000053, 29.116807083000026 ], [ 80.551612014000057, 29.11364952100007 ], [ 80.549937888000045, 29.112046646000067 ], [ 80.546408076000034, 29.111211334000075 ], [ 80.540945451000084, 29.107556145000046 ], [ 80.534271326000066, 29.106646521000073 ], [ 80.530662138000082, 29.105469896000045 ], [ 80.528383513000051, 29.105897270000071 ], [ 80.528069889000051, 29.102426584000057 ], [ 80.52938032600008, 29.101282834000074 ], [ 80.530268014000058, 29.098064458000067 ], [ 80.53192363800008, 29.095275083000047 ], [ 80.53179876300004, 29.09420758300007 ], [ 80.533282264000036, 29.091476271000033 ], [ 80.533134139000083, 29.089587583000025 ], [ 80.535400576000029, 29.088929896000025 ], [ 80.538685076000036, 29.086121208000066 ], [ 80.542581513000073, 29.083316896000042 ], [ 80.545806514000049, 29.081455396000024 ], [ 80.549261201000036, 29.080271396000057 ], [ 80.553097014000059, 29.078395958000044 ], [ 80.557506826000065, 29.077298334000034 ], [ 80.560656951000055, 29.076040834000025 ], [ 80.561478138000041, 29.074200333000078 ], [ 80.563673763000054, 29.072953208000058 ], [ 80.562806326000043, 29.068093270000077 ], [ 80.566294826000046, 29.064598834000037 ], [ 80.56734926300004, 29.062371020000057 ], [ 80.56838870100006, 29.062263833000031 ], [ 80.570867763000081, 29.06439464500005 ], [ 80.57390470100006, 29.064456208000024 ], [ 80.575021764000041, 29.063661145000026 ], [ 80.575570764000076, 29.060962458000063 ], [ 80.579126701000064, 29.060924021000062 ], [ 80.579250888000047, 29.058878271000026 ], [ 80.580752514000039, 29.057660146000046 ], [ 80.583203764000075, 29.057726521000063 ], [ 80.584635826000067, 29.059352958000034 ], [ 80.585889076000058, 29.058975583000063 ], [ 80.587734514000033, 29.055861271000026 ], [ 80.589422451000075, 29.055537083000047 ], [ 80.589075138000055, 29.053936458000067 ], [ 80.591077763000044, 29.052825896000058 ], [ 80.59247188900008, 29.053249709000056 ], [ 80.593708638000066, 29.054857521000031 ], [ 80.595070326000041, 29.054480334000061 ], [ 80.596007826000061, 29.05200833300006 ], [ 80.597835326000052, 29.049852584000064 ], [ 80.598457201000031, 29.048128646000066 ], [ 80.602629264000029, 29.047759708000058 ], [ 80.604487014000085, 29.048886458000027 ], [ 80.607984263000048, 29.04829664600004 ], [ 80.610242951000032, 29.05010352100004 ], [ 80.61163988800007, 29.052187583000034 ], [ 80.611473014000069, 29.055280083000071 ], [ 80.613722263000057, 29.057869646000029 ], [ 80.617296513000042, 29.05908908300006 ], [ 80.619011764000049, 29.058308895000039 ], [ 80.619914889000086, 29.056583333000049 ], [ 80.62302251300008, 29.053287083000043 ], [ 80.624418576000039, 29.052605208000045 ], [ 80.625255888000083, 29.049692771000025 ], [ 80.628019264000045, 29.047437708000075 ], [ 80.629196639000043, 29.045399271000065 ], [ 80.632946576000052, 29.042350458000044 ], [ 80.63591576400006, 29.035933459000034 ], [ 80.642311888000052, 29.03092877000006 ], [ 80.645009326000036, 29.028555895000068 ], [ 80.648102639000058, 29.027393084000039 ], [ 80.650535201000082, 29.025382583000066 ], [ 80.655497389000061, 29.023834271000055 ], [ 80.657727826000041, 29.022357771000031 ], [ 80.660609888000067, 29.022401208000076 ], [ 80.663440513000069, 29.021408896000025 ], [ 80.665673764000076, 29.019684083000072 ], [ 80.667559764000032, 29.01987377100005 ], [ 80.67050295100006, 29.019251583000027 ], [ 80.672279389000039, 29.018078271000036 ], [ 80.673619576000078, 29.018668083000023 ], [ 80.675398201000064, 29.020678021000037 ], [ 80.678508201000056, 29.018925770000067 ], [ 80.678142388000083, 29.01696670900003 ], [ 80.679924201000063, 29.015353396000023 ], [ 80.683438514000045, 29.015600833000065 ], [ 80.684990701000061, 29.014025333000063 ], [ 80.687524514000074, 29.014051520000066 ], [ 80.69369107600005, 29.014765083000043 ], [ 80.694711514000062, 29.014487645000031 ], [ 80.69755232600005, 29.011678583000048 ], [ 80.702432763000047, 29.010866021000027 ], [ 80.705303451000077, 29.009534521000035 ], [ 80.712578763000067, 29.010078209000028 ], [ 80.71797351400005, 29.010238521000076 ], [ 80.720660201000044, 29.009003333000067 ], [ 80.72239920100003, 29.007147958000076 ], [ 80.723823076000031, 29.008062334000044 ], [ 80.724344576000078, 29.009922333000077 ], [ 80.727224263000039, 29.010909584000046 ], [ 80.73114238900007, 29.010434708000048 ], [ 80.738421576000064, 29.010683708000045 ], [ 80.738180701000033, 29.014581646000067 ], [ 80.741506388000062, 29.014635458000043 ], [ 80.741225139000051, 29.016372020000063 ], [ 80.739139326000043, 29.018148020000069 ], [ 80.742692139000042, 29.021110209000028 ], [ 80.741834138000058, 29.025767271000063 ], [ 80.742529576000038, 29.027668146000053 ], [ 80.740732201000071, 29.030805083000075 ], [ 80.740684201000079, 29.033329458000026 ], [ 80.742014076000032, 29.034969833000048 ], [ 80.738862764000032, 29.035922583000058 ], [ 80.737307201000078, 29.037864271000046 ], [ 80.737598138000067, 29.039304146000063 ], [ 80.739737701000081, 29.042367458000058 ], [ 80.737589826000033, 29.044377896000071 ], [ 80.73813201400003, 29.046217584000033 ], [ 80.740270701000043, 29.046867021000025 ], [ 80.742455826000082, 29.049104646000046 ], [ 80.746267139000054, 29.048004208000066 ], [ 80.748288701000035, 29.045627896000042 ], [ 80.753409201000068, 29.043990521000069 ], [ 80.756168451000065, 29.041705708000052 ], [ 80.761521826000035, 29.042750771000044 ], [ 80.763344389000054, 29.044001646000027 ], [ 80.765860263000036, 29.043629271000043 ], [ 80.770809076000035, 29.039951459000065 ], [ 80.773053326000081, 29.040325271000029 ], [ 80.774832638000078, 29.041325458000074 ], [ 80.778693951000037, 29.04221620800007 ], [ 80.779201577000038, 29.044658084000048 ], [ 80.778126139000051, 29.047347708000075 ], [ 80.777935889000048, 29.050165145000051 ], [ 80.779797701000064, 29.053351458000066 ], [ 80.783441513000071, 29.054413209000074 ], [ 80.786817951000046, 29.054472709000038 ], [ 80.794062326000073, 29.051837771000066 ], [ 80.797532951000051, 29.048118271000078 ], [ 80.799429451000037, 29.044924395000066 ], [ 80.80201813900004, 29.048594208000054 ], [ 80.806034951000072, 29.052588770000057 ], [ 80.808797388000073, 29.053619208000043 ], [ 80.811231013000054, 29.053534708000029 ], [ 80.813256951000085, 29.054394770000044 ], [ 80.81419345200004, 29.056961208000075 ], [ 80.815371638000045, 29.056610959000068 ], [ 80.818815013000062, 29.061190771000042 ], [ 80.819993139000076, 29.06352270900004 ], [ 80.823533889000032, 29.066151208000065 ], [ 80.824435451000056, 29.068135459000075 ], [ 80.823640576000059, 29.068948834000025 ], [ 80.82498126400003, 29.071517896000046 ], [ 80.823009263000074, 29.073038146000044 ], [ 80.824600951000036, 29.077139396000064 ], [ 80.823921763000044, 29.081025583000041 ], [ 80.824861638000073, 29.083585146000075 ], [ 80.827389389000075, 29.085221770000032 ], [ 80.82793732600004, 29.087031771000056 ], [ 80.823238201000038, 29.087709146000066 ], [ 80.821436513000037, 29.090192959000035 ], [ 80.82190120100006, 29.092190146000064 ], [ 80.821044076000078, 29.09549177100007 ], [ 80.819599826000058, 29.096358396000028 ], [ 80.819844826000065, 29.098944083000049 ], [ 80.820929764000084, 29.100639833000059 ], [ 80.823822763000067, 29.102028896000036 ], [ 80.823827764000043, 29.103253833000053 ], [ 80.827849764000064, 29.106300146000024 ], [ 80.832798014000048, 29.108381895000036 ], [ 80.833279827000069, 29.109727083000053 ], [ 80.835673951000047, 29.110880584000029 ], [ 80.838660326000081, 29.111583583000026 ], [ 80.83909820100007, 29.112926396000034 ], [ 80.843991826000035, 29.11711258400004 ], [ 80.845592701000044, 29.11915833300003 ], [ 80.852006326000037, 29.121753209000076 ], [ 80.853231201000085, 29.122686271000077 ], [ 80.854260701000044, 29.124886958000047 ], [ 80.856847076000065, 29.126552459000038 ], [ 80.860826264000082, 29.127242458000069 ], [ 80.864695076000032, 29.126163521000024 ], [ 80.868069327000057, 29.126712833000056 ], [ 80.871324951000076, 29.128175646000045 ], [ 80.871452826000052, 29.134323334000044 ], [ 80.871074388000068, 29.137210646000028 ], [ 80.870043451000072, 29.138360208000051 ], [ 80.86842226400006, 29.141918521000036 ], [ 80.868544763000045, 29.144582958000058 ], [ 80.865806263000081, 29.149216333000027 ], [ 80.858916263000083, 29.149044584000023 ], [ 80.85998188800005, 29.154694646000053 ], [ 80.858393327000044, 29.157409208000047 ], [ 80.85340851400008, 29.159576333000075 ], [ 80.845804451000049, 29.159511396000028 ], [ 80.839610263000054, 29.157302271000049 ], [ 80.835925576000079, 29.155456958000059 ], [ 80.831852763000029, 29.155097708000028 ], [ 80.825516389000029, 29.156562833000066 ], [ 80.823416826000084, 29.157915833000061 ], [ 80.81931832600003, 29.15950308400005 ], [ 80.814889139000059, 29.159503833000031 ], [ 80.811993513000061, 29.160260083000026 ], [ 80.808605388000046, 29.160345520000078 ], [ 80.806448264000039, 29.161089146000052 ], [ 80.804914138000072, 29.162413396000034 ], [ 80.804086014000063, 29.164695271000028 ], [ 80.802523326000085, 29.166648833000067 ], [ 80.800083576000077, 29.167353646000038 ], [ 80.794254951000084, 29.168181771000036 ], [ 80.79008420100007, 29.170783208000046 ], [ 80.778580389000069, 29.178965146000053 ], [ 80.779442326000037, 29.183293521000053 ], [ 80.778322264000053, 29.184699396000042 ], [ 80.774485889000061, 29.186863208000034 ], [ 80.77011232600006, 29.188622209000073 ], [ 80.766014763000044, 29.188926458000026 ], [ 80.762234826000054, 29.189844708000066 ], [ 80.757221389000051, 29.19063658400006 ], [ 80.753329764000057, 29.189968459000056 ], [ 80.752126514000054, 29.187186896000071 ], [ 80.750681263000047, 29.18665633300003 ], [ 80.747842763000051, 29.187397709000038 ], [ 80.746064076000039, 29.190471521000063 ], [ 80.742884139000068, 29.192879271000038 ], [ 80.739159576000077, 29.192373521000036 ], [ 80.733758076000072, 29.192347146000031 ], [ 80.728431826000076, 29.191711521000059 ], [ 80.717642514000033, 29.189406145000078 ], [ 80.71574970100005, 29.189844334000043 ], [ 80.714449513000034, 29.191321458000061 ], [ 80.708333451000044, 29.191937708000069 ], [ 80.706247322000081, 29.192736269000079 ] ] ] } },
{ "type": "Feature", "properties": { "STATE_CODE": 7, "DISTRICT": "DOTI", "GaPa_NaPa": "K I Singh", "Type_GN": "Gaunpalika", "Province": "Sudur Pashchim" }, "geometry": { "type": "Polygon", "coordinates": [ [ [ 81.034634263000044, 29.186216209000065 ], [ 81.032196201000033, 29.181614646000071 ], [ 81.031151389000058, 29.181432146000077 ], [ 81.027382888000034, 29.182630896000035 ], [ 81.025102201000038, 29.182631333000074 ], [ 81.022708826000041, 29.184332771000072 ], [ 81.02228038800007, 29.187279146000037 ], [ 81.024858639000058, 29.190752896000049 ], [ 81.022413451000034, 29.19178652100004 ], [ 81.018500264000068, 29.191629209000041 ], [ 81.017136077000032, 29.192118958000037 ], [ 81.013792013000057, 29.194517458000064 ], [ 81.012214638000046, 29.197567646000039 ], [ 81.009304888000031, 29.199943459000053 ], [ 81.009053451000057, 29.203040896000061 ], [ 81.005625014000032, 29.205743709000046 ], [ 81.000841514000058, 29.207733584000039 ], [ 80.997423389000062, 29.207961459000046 ], [ 80.995810263000067, 29.211178396000037 ], [ 80.993890514000043, 29.217937208000023 ], [ 80.989950264000072, 29.221325396000054 ], [ 80.985578326000052, 29.222240958000043 ], [ 80.982940326000062, 29.222021833000042 ], [ 80.977675389000069, 29.220683271000041 ], [ 80.976256514000056, 29.223022458000059 ], [ 80.977676451000036, 29.226043458000049 ], [ 80.97734607600006, 29.226995396000063 ], [ 80.974080951000076, 29.228454396000075 ], [ 80.97259951400008, 29.229665521000072 ], [ 80.968601576000083, 29.231440083000052 ], [ 80.964657951000049, 29.231639896000047 ], [ 80.962035638000032, 29.232683708000025 ], [ 80.961076639000055, 29.235025084000029 ], [ 80.96120682600008, 29.24020708300003 ], [ 80.958434389000047, 29.240490521000027 ], [ 80.956686826000066, 29.239014521000058 ], [ 80.953979639000067, 29.239385834000075 ], [ 80.952988201000039, 29.238408709000055 ], [ 80.951289763000034, 29.235130146000074 ], [ 80.949761826000042, 29.234033208000028 ], [ 80.950094763000038, 29.23229402100003 ], [ 80.944661326000073, 29.228454458000044 ], [ 80.942199326000036, 29.226073396000061 ], [ 80.938982389000046, 29.228379833000076 ], [ 80.937356263000083, 29.230490646000078 ], [ 80.934210451000069, 29.236298208000051 ], [ 80.932845889000077, 29.238318896000067 ], [ 80.931447639000055, 29.237641396000072 ], [ 80.929073451000079, 29.239550959000042 ], [ 80.924789389000068, 29.239025208000044 ], [ 80.923910076000084, 29.238521646000038 ], [ 80.926188889000059, 29.23829283300006 ], [ 80.928657263000048, 29.238846834000071 ], [ 80.929043388000082, 29.236579833000064 ], [ 80.927886639000064, 29.234102146000055 ], [ 80.929198138000061, 29.233150833000025 ], [ 80.930244701000049, 29.234536584000068 ], [ 80.93195170100006, 29.23296952100003 ], [ 80.931564889000072, 29.230632208000031 ], [ 80.929745701000058, 29.228853521000076 ], [ 80.934085701000072, 29.227763896000056 ], [ 80.934625389000075, 29.226408271000025 ], [ 80.931937263000066, 29.225136834000068 ], [ 80.929853076000029, 29.222250396000049 ], [ 80.928578389000052, 29.219488459000047 ], [ 80.926694577000035, 29.218993334000061 ], [ 80.925423076000072, 29.217799208000031 ], [ 80.924199826000063, 29.215278646000058 ], [ 80.921443451000073, 29.212130021000064 ], [ 80.919557888000043, 29.210806896000065 ], [ 80.920154576000073, 29.209076896000056 ], [ 80.919104139000069, 29.207817458000079 ], [ 80.921302827000034, 29.206891583000072 ], [ 80.921431514000062, 29.203796458000056 ], [ 80.918174701000055, 29.201164021000068 ], [ 80.917685263000067, 29.198998021000079 ], [ 80.919513076000044, 29.19862914600003 ], [ 80.91931813900004, 29.196812959000056 ], [ 80.917584326000053, 29.194621396000059 ], [ 80.917634139000086, 29.19294295900005 ], [ 80.916204327000059, 29.190174021000075 ], [ 80.915875139000036, 29.187559209000028 ], [ 80.917074201000048, 29.186352896000074 ], [ 80.916785889000039, 29.184387771000047 ], [ 80.917716139000049, 29.181784958000037 ], [ 80.915408264000064, 29.181564708000053 ], [ 80.913331389000064, 29.180660896000063 ], [ 80.913141014000075, 29.179036583000027 ], [ 80.915636201000041, 29.178304959000059 ], [ 80.914101014000039, 29.176501458000075 ], [ 80.91369551300005, 29.174944584000059 ], [ 80.912175639000054, 29.172989896000047 ], [ 80.912517014000059, 29.171801209000023 ], [ 80.910908701000039, 29.169950271000062 ], [ 80.906452451000064, 29.16880345800007 ], [ 80.905092826000043, 29.168980709000039 ], [ 80.903413076000049, 29.166450583000028 ], [ 80.902918576000047, 29.163761083000054 ], [ 80.901742451000075, 29.16224420900005 ], [ 80.901846514000056, 29.160904208000034 ], [ 80.898485701000084, 29.158726958000045 ], [ 80.895892264000054, 29.154659708000054 ], [ 80.895220701000085, 29.151938458000075 ], [ 80.892782701000044, 29.14937820800003 ], [ 80.892370139000036, 29.148231896000027 ], [ 80.892708514000049, 29.144112708000023 ], [ 80.891832764000071, 29.139561709000077 ], [ 80.89043188900007, 29.137460209000039 ], [ 80.888572201000045, 29.135800521000078 ], [ 80.883657763000031, 29.133750146000068 ], [ 80.88152463800003, 29.131747271000052 ], [ 80.880905701000074, 29.129799771000023 ], [ 80.88096957700003, 29.12538939500007 ], [ 80.884522639000068, 29.122622146000026 ], [ 80.886707639000065, 29.120210084000064 ], [ 80.888622826000073, 29.120726021000053 ], [ 80.890255827000033, 29.119924271000059 ], [ 80.897273076000033, 29.120450959000038 ], [ 80.900764263000042, 29.119921146000024 ], [ 80.903802764000034, 29.119952708000028 ], [ 80.910356138000054, 29.121407833000035 ], [ 80.912303013000042, 29.122965771000054 ], [ 80.916735451000079, 29.124216146000037 ], [ 80.920989138000039, 29.12707933300004 ], [ 80.924891639000066, 29.128741958000035 ], [ 80.928632201000084, 29.131198521000044 ], [ 80.932363826000085, 29.131624584000065 ], [ 80.935664014000054, 29.132858021000061 ], [ 80.93912313800007, 29.132773895000071 ], [ 80.94766670100006, 29.131615646000057 ], [ 80.949890826000058, 29.130714146000059 ], [ 80.952282077000064, 29.128731959000049 ], [ 80.956325763000052, 29.127490333000026 ], [ 80.957902888000035, 29.128000646000032 ], [ 80.959026327000061, 29.130523208000056 ], [ 80.960189139000079, 29.130591271000071 ], [ 80.966189263000047, 29.127874396000038 ], [ 80.972536576000039, 29.126495209000041 ], [ 80.974986888000046, 29.125225583000031 ], [ 80.976565763000053, 29.125284521000026 ], [ 80.978893263000032, 29.12432833400004 ], [ 80.979263513000035, 29.122850709000033 ], [ 80.981258326000045, 29.119388146000063 ], [ 80.983109326000033, 29.118531021000024 ], [ 80.989800389000038, 29.11790902100006 ], [ 80.991122326000038, 29.117306770000027 ], [ 80.998110888000042, 29.116901021000047 ], [ 80.998219763000066, 29.119818021000071 ], [ 80.999502514000085, 29.121999583000047 ], [ 81.00000026400005, 29.124880895000047 ], [ 81.003865389000055, 29.12526164600007 ], [ 81.004227201000049, 29.128868958000055 ], [ 81.005091263000054, 29.130583584000078 ], [ 81.009219638000047, 29.131090896000046 ], [ 81.011747639000077, 29.129985271000066 ], [ 81.015174764000051, 29.131949896000037 ], [ 81.016265702000055, 29.134636645000057 ], [ 81.016332826000053, 29.13700314600004 ], [ 81.017156139000065, 29.138965771000073 ], [ 81.016436576000046, 29.142792021000048 ], [ 81.01757488800007, 29.145711146000053 ], [ 81.019980451000038, 29.147526834000075 ], [ 81.020764013000075, 29.149739896000028 ], [ 81.02357788900008, 29.151190020000058 ], [ 81.02671545100003, 29.150456209000026 ], [ 81.030882764000069, 29.152510520000078 ], [ 81.032874826000068, 29.15414108300007 ], [ 81.03459538900006, 29.154682146000027 ], [ 81.035672638000051, 29.153892270000028 ], [ 81.037902139000039, 29.155367083000044 ], [ 81.041106576000061, 29.154583271000035 ], [ 81.042072139000084, 29.153486584000063 ], [ 81.043755764000082, 29.154638833000035 ], [ 81.048128327000029, 29.155481083000041 ], [ 81.047880576000068, 29.156685896000056 ], [ 81.050420576000079, 29.156684958000028 ], [ 81.050866076000034, 29.157749583000054 ], [ 81.052968702000044, 29.157428458000027 ], [ 81.05348488900006, 29.159027708000053 ], [ 81.056147889000044, 29.158338521000076 ], [ 81.054466077000029, 29.161484083000062 ], [ 81.054884014000038, 29.162014084000077 ], [ 81.052816826000083, 29.161572708000051 ], [ 81.051132514000074, 29.162464521000061 ], [ 81.050175639000031, 29.164382458000034 ], [ 81.050216702000057, 29.166214271000058 ], [ 81.051208139000039, 29.169243709000057 ], [ 81.050233576000039, 29.171220271000038 ], [ 81.048104576000071, 29.172937896000064 ], [ 81.046220763000065, 29.17369883300006 ], [ 81.044998514000042, 29.175388958000042 ], [ 81.045780514000057, 29.177369459000033 ], [ 81.045802951000042, 29.181572334000066 ], [ 81.047451326000044, 29.183182521000049 ], [ 81.045863077000035, 29.185220209000079 ], [ 81.042972139000085, 29.185435459000075 ], [ 81.041879201000086, 29.187010458000032 ], [ 81.039421077000043, 29.188885958000071 ], [ 81.037208889000055, 29.189306208000062 ], [ 81.035895326000059, 29.188381584000069 ], [ 81.034634263000044, 29.186216209000065 ] ] ] } },
{ "type": "Feature", "properties": { "STATE_CODE": 7, "DISTRICT": "DOTI", "GaPa_NaPa": "Purbichauki", "Type_GN": "Gaunpalika", "Province": "Sudur Pashchim" }, "geometry": { "type": "Polygon", "coordinates": [ [ [ 81.136640764000049, 29.309292021000033 ], [ 81.133998889000054, 29.309148021000055 ], [ 81.13066295200008, 29.307563146000064 ], [ 81.125217139000085, 29.309485958000039 ], [ 81.120875827000077, 29.310137396000073 ], [ 81.114802889000032, 29.311796334000064 ], [ 81.111355514000081, 29.313845396000033 ], [ 81.108926076000046, 29.314411396000025 ], [ 81.106235639000033, 29.314251021000075 ], [ 81.103102638000053, 29.314957396000068 ], [ 81.099618889000055, 29.316638459000046 ], [ 81.092256638000038, 29.321279708000077 ], [ 81.08870726300006, 29.322807083000043 ], [ 81.087007889000063, 29.323972209000033 ], [ 81.08518938900005, 29.330161459000067 ], [ 81.084030514000062, 29.332837708000056 ], [ 81.081227952000063, 29.336830208000038 ], [ 81.078796889000046, 29.338207771000043 ], [ 81.076322639000068, 29.34092083400003 ], [ 81.072547326000063, 29.341457583000079 ], [ 81.069641138000065, 29.340728209000076 ], [ 81.067039639000029, 29.338778146000038 ], [ 81.062180452000064, 29.339405396000075 ], [ 81.056973263000032, 29.340589833000024 ], [ 81.054369639000072, 29.341504584000063 ], [ 81.050291014000038, 29.342000209000048 ], [ 81.048641639000039, 29.342937021000068 ], [ 81.04786182600003, 29.341655959000036 ], [ 81.041572077000069, 29.340676708000046 ], [ 81.040183576000061, 29.338858834000064 ], [ 81.03653870100004, 29.335491833000049 ], [ 81.035453951000079, 29.33499583400004 ], [ 81.03096032600007, 29.334478083000079 ], [ 81.029138826000064, 29.332601584000031 ], [ 81.027055326000038, 29.331417646000034 ], [ 81.023865451000063, 29.328702083000053 ], [ 81.021390638000071, 29.328452146000075 ], [ 81.015070826000056, 29.330532958000049 ], [ 81.01135826400008, 29.33012952100006 ], [ 81.007972327000061, 29.328999521000071 ], [ 81.004454576000057, 29.329227521000064 ], [ 81.004524638000078, 29.326703146000057 ], [ 81.00342488900003, 29.323662209000076 ], [ 81.003000014000065, 29.319319521000068 ], [ 81.003113451000047, 29.316795146000061 ], [ 81.00162457700003, 29.313296209000043 ], [ 81.001824076000048, 29.311173396000072 ], [ 81.007328513000061, 29.312727584000072 ], [ 81.00880838900008, 29.310033833000034 ], [ 81.010800202000041, 29.311468521000052 ], [ 81.013554451000061, 29.311319333000029 ], [ 81.015057826000032, 29.307533771000067 ], [ 81.014824201000067, 29.305009396000059 ], [ 81.014002951000066, 29.303689771000052 ], [ 81.01383551300006, 29.300554021000039 ], [ 81.012849951000078, 29.294490146000044 ], [ 81.019229451000058, 29.291132583000035 ], [ 81.021505701000081, 29.290942708000046 ], [ 81.02350057600006, 29.289509833000068 ], [ 81.024324639000042, 29.287849334000043 ], [ 81.024217202000045, 29.28502039600005 ], [ 81.021573576000037, 29.281749771000079 ], [ 81.01966770100006, 29.276529771000071 ], [ 81.015832577000083, 29.272167271000058 ], [ 81.01548632600003, 29.271021333000078 ], [ 81.018440077000037, 29.266572208000071 ], [ 81.021590076000052, 29.266749959000038 ], [ 81.023770076000062, 29.264213896000058 ], [ 81.024791451000056, 29.264062584000044 ], [ 81.031371952000029, 29.26508764600004 ], [ 81.033586201000048, 29.265874459000031 ], [ 81.037414201000047, 29.264391271000079 ], [ 81.041303701000061, 29.26414870900004 ], [ 81.046016889000043, 29.264774333000048 ], [ 81.048952451000048, 29.263828083000078 ], [ 81.05162507600005, 29.263815771000054 ], [ 81.054605264000031, 29.262352709000027 ], [ 81.05480357600004, 29.261323959000038 ], [ 81.052962389000072, 29.258969458000024 ], [ 81.053206702000068, 29.256869084000073 ], [ 81.052060451000045, 29.254803084000059 ], [ 81.053042639000068, 29.25302952100003 ], [ 81.051330326000084, 29.251365271000054 ], [ 81.050489327000037, 29.249120958000049 ], [ 81.048530951000032, 29.249103646000037 ], [ 81.048315389000038, 29.244097771000042 ], [ 81.046466014000032, 29.242359083000053 ], [ 81.044816389000061, 29.239185521000024 ], [ 81.041685951000034, 29.237652458000071 ], [ 81.04010745100004, 29.234857833000035 ], [ 81.038727201000086, 29.234028021000029 ], [ 81.039782701000036, 29.231496521000054 ], [ 81.035454264000066, 29.227845271000035 ], [ 81.03634813900004, 29.226308771000049 ], [ 81.036171264000075, 29.224321334000024 ], [ 81.035171138000067, 29.222573209000075 ], [ 81.033170514000062, 29.222494771000072 ], [ 81.033599263000042, 29.220274833000076 ], [ 81.035860263000075, 29.218552959000078 ], [ 81.033424889000059, 29.21673977100005 ], [ 81.031912201000068, 29.219219459000044 ], [ 81.03047020200006, 29.218619709000052 ], [ 81.02985620100003, 29.216427021000072 ], [ 81.027931701000057, 29.215507021000064 ], [ 81.030861138000034, 29.213340646000063 ], [ 81.031455201000085, 29.210430333000033 ], [ 81.032596139000077, 29.207668709000075 ], [ 81.029513764000058, 29.205936896000026 ], [ 81.028509514000064, 29.203405834000023 ], [ 81.030678014000046, 29.200826834000054 ], [ 81.030986764000033, 29.19914383400004 ], [ 81.029496014000074, 29.197914583000056 ], [ 81.029579514000034, 29.19546914600005 ], [ 81.031881952000049, 29.195351333000076 ], [ 81.03287195200005, 29.196528709000063 ], [ 81.037157077000074, 29.198972959000059 ], [ 81.038987013000053, 29.199396646000025 ], [ 81.044164389000059, 29.199602583000058 ], [ 81.046501076000084, 29.198379083000077 ], [ 81.047810388000073, 29.198750834000066 ], [ 81.049125014000083, 29.197554708000041 ], [ 81.054208763000076, 29.198946896000052 ], [ 81.058491014000083, 29.198586396000053 ], [ 81.06311038900003, 29.199236271000075 ], [ 81.06549263800008, 29.198222271000077 ], [ 81.073906701000055, 29.201764209000032 ], [ 81.076348139000061, 29.204208333000054 ], [ 81.076427514000045, 29.205525771000055 ], [ 81.081320076000054, 29.207280271000059 ], [ 81.083996201000048, 29.207542584000066 ], [ 81.086246264000067, 29.208723271000054 ], [ 81.088158388000068, 29.208931833000065 ], [ 81.090538264000031, 29.211804334000078 ], [ 81.092290951000052, 29.21481708400006 ], [ 81.101361451000059, 29.214740521000067 ], [ 81.10395726400003, 29.215760583000076 ], [ 81.106010076000075, 29.218484146000037 ], [ 81.10885401400003, 29.220246021000037 ], [ 81.111623764000058, 29.222847146000049 ], [ 81.115369077000082, 29.227734896000072 ], [ 81.115296951000062, 29.230250334000061 ], [ 81.116812326000058, 29.234289459000024 ], [ 81.116537826000069, 29.236349333000078 ], [ 81.114606826000056, 29.239626646000033 ], [ 81.11335557600006, 29.240327083000068 ], [ 81.111219888000051, 29.242997708000075 ], [ 81.10795463900007, 29.244274958000062 ], [ 81.104898701000081, 29.244956458000047 ], [ 81.102958388000047, 29.246140021000031 ], [ 81.099603327000068, 29.247225459000049 ], [ 81.098969139000076, 29.248489271000039 ], [ 81.099897389000034, 29.252314646000059 ], [ 81.099830389000033, 29.253914209000072 ], [ 81.101841952000029, 29.255902396000067 ], [ 81.101404639000066, 29.259194146000027 ], [ 81.101834951000058, 29.261535521000042 ], [ 81.105810014000042, 29.269642583000063 ], [ 81.10827507700003, 29.27313502100003 ], [ 81.113618201000065, 29.279553271000054 ], [ 81.113984889000051, 29.28069670900004 ], [ 81.113283639000031, 29.283896209000034 ], [ 81.115901014000031, 29.286935021000033 ], [ 81.117565263000074, 29.289568459000066 ], [ 81.119859576000067, 29.291862958000024 ], [ 81.120837576000042, 29.293808959000046 ], [ 81.120775202000061, 29.296570271000064 ], [ 81.122405076000064, 29.29931877100006 ], [ 81.125774264000086, 29.300994083000035 ], [ 81.130362326000068, 29.301409271000068 ], [ 81.137398577000056, 29.304833521000035 ], [ 81.136640764000049, 29.309292021000033 ] ] ] } },
{ "type": "Feature", "properties": { "STATE_CODE": 7, "DISTRICT": "DOTI", "GaPa_NaPa": "Sayal", "Type_GN": "Gaunpalika", "Province": "Sudur Pashchim" }, "geometry": { "type": "Polygon", "coordinates": [ [ [ 81.026447702000041, 29.419664459000046 ], [ 81.025663201000043, 29.421415209000031 ], [ 81.023961263000047, 29.421821583000053 ], [ 81.017948326000067, 29.420992333000072 ], [ 81.015768638000054, 29.421358084000076 ], [ 81.010178701000029, 29.419804271000032 ], [ 81.00489963800004, 29.416113958000039 ], [ 81.002067077000049, 29.412840708000033 ], [ 80.998178014000075, 29.410902896000039 ], [ 80.996603451000055, 29.409459084000048 ], [ 80.991987014000074, 29.407985833000055 ], [ 80.988575389000061, 29.405131834000031 ], [ 80.985842888000036, 29.404233771000065 ], [ 80.981527451000034, 29.404066271000033 ], [ 80.979006702000049, 29.402689771000041 ], [ 80.975998639000068, 29.401987709000025 ], [ 80.973125701000072, 29.400421584000071 ], [ 80.963079139000058, 29.39930477200005 ], [ 80.961345639000058, 29.400109583000074 ], [ 80.957944201000032, 29.400266521000049 ], [ 80.955739326000071, 29.40133058300006 ], [ 80.95134607600005, 29.399907896000059 ], [ 80.948642951000068, 29.400427896000053 ], [ 80.943081826000082, 29.398884896000027 ], [ 80.94104463900004, 29.39779889600004 ], [ 80.937449514000036, 29.400835959000062 ], [ 80.936197514000071, 29.40381764600005 ], [ 80.935090513000034, 29.408049146000053 ], [ 80.933541701000081, 29.410049396000034 ], [ 80.932729077000033, 29.413011022000035 ], [ 80.933855764000043, 29.414971896000054 ], [ 80.933898889000034, 29.417457958000057 ], [ 80.93190876400007, 29.420279083000025 ], [ 80.929715014000067, 29.421031396000046 ], [ 80.928504513000064, 29.422878333000028 ], [ 80.928282076000073, 29.425443209000036 ], [ 80.925398827000038, 29.427618521000056 ], [ 80.919060389000038, 29.430405396000026 ], [ 80.917662138000082, 29.431841521000024 ], [ 80.917217951000055, 29.434582146000025 ], [ 80.914186201000064, 29.441086209000048 ], [ 80.914482013000054, 29.444499584000027 ], [ 80.913448389000052, 29.445692271000041 ], [ 80.91234563900008, 29.444870396000056 ], [ 80.910011888000042, 29.444036396000058 ], [ 80.90995845100008, 29.441426334000028 ], [ 80.909087576000047, 29.438560771000027 ], [ 80.903946639000083, 29.437106584000048 ], [ 80.902847952000059, 29.436203396000053 ], [ 80.90238695100004, 29.434211146000052 ], [ 80.900960638000072, 29.432703209000067 ], [ 80.898636013000043, 29.432121646000041 ], [ 80.894723764000048, 29.426054771000054 ], [ 80.893401701000073, 29.424546833000079 ], [ 80.891048264000062, 29.423405708000075 ], [ 80.887864139000044, 29.422877396000047 ], [ 80.884545514000081, 29.419921646000034 ], [ 80.882104638000044, 29.418547896000064 ], [ 80.880318451000051, 29.416825083000049 ], [ 80.883059826000078, 29.416150709000078 ], [ 80.88667145200003, 29.413742271000046 ], [ 80.886298888000056, 29.411393583000063 ], [ 80.887528576000079, 29.408484521000048 ], [ 80.88596988900008, 29.407271771000069 ], [ 80.883589451000034, 29.406444084000043 ], [ 80.885269827000059, 29.402838334000023 ], [ 80.886383702000046, 29.401727147000031 ], [ 80.891485826000064, 29.399635646000036 ], [ 80.894486826000048, 29.395654146000027 ], [ 80.896493201000055, 29.395204521000039 ], [ 80.898436576000051, 29.393265958000029 ], [ 80.899055264000083, 29.390266084000075 ], [ 80.90023263900008, 29.389143521000051 ], [ 80.901854327000081, 29.389068021000071 ], [ 80.903815451000071, 29.387903147000031 ], [ 80.906076576000032, 29.385495458000037 ], [ 80.911491639000076, 29.383820771000046 ], [ 80.913725888000045, 29.382696521000071 ], [ 80.917028452000068, 29.382705396000063 ], [ 80.921332451000069, 29.380587522000042 ], [ 80.920765514000038, 29.378816209000036 ], [ 80.92127170200007, 29.374255084000026 ], [ 80.919254576000071, 29.369748833000074 ], [ 80.919172889000038, 29.368032022000079 ], [ 80.925651014000039, 29.366104708000023 ], [ 80.927226076000068, 29.364045958000077 ], [ 80.930484701000069, 29.364902646000075 ], [ 80.932199389000061, 29.364732084000025 ], [ 80.934365826000032, 29.36342927100003 ], [ 80.936409388000072, 29.362999396000077 ], [ 80.938317014000063, 29.360399209000036 ], [ 80.940734827000085, 29.361106396000025 ], [ 80.942952139000056, 29.358287458000063 ], [ 80.94413895200006, 29.354322084000046 ], [ 80.947026639000057, 29.352545583000051 ], [ 80.947352201000058, 29.350328146000038 ], [ 80.946518076000075, 29.34936683400008 ], [ 80.944091701000048, 29.348826708000047 ], [ 80.941746951000084, 29.345856833000028 ], [ 80.939334889000065, 29.34577233300007 ], [ 80.935652764000054, 29.342600959000038 ], [ 80.933860889000073, 29.341765458000054 ], [ 80.93151032600008, 29.338450334000072 ], [ 80.933369201000062, 29.334706396000058 ], [ 80.934425201000067, 29.33406627100004 ], [ 80.933268389000034, 29.332328646000065 ], [ 80.933549201000062, 29.330059334000055 ], [ 80.935145514000055, 29.328918584000064 ], [ 80.936758763000057, 29.326293458000066 ], [ 80.938029264000079, 29.327922833000059 ], [ 80.940595263000034, 29.32929327100004 ], [ 80.942935701000067, 29.329434271000025 ], [ 80.945137639000052, 29.328731333000064 ], [ 80.94773020100007, 29.328678208000042 ], [ 80.950750076000077, 29.329489271000057 ], [ 80.954213639000045, 29.328924271000062 ], [ 80.956512389000068, 29.330508646000055 ], [ 80.964715264000063, 29.33061258400005 ], [ 80.963992327000085, 29.329195708000043 ], [ 80.964266014000032, 29.323088959000074 ], [ 80.965207326000041, 29.319233833000055 ], [ 80.963892889000078, 29.31637964600003 ], [ 80.959344702000067, 29.316064771000072 ], [ 80.957815139000047, 29.314936396000064 ], [ 80.95661126400006, 29.312869646000024 ], [ 80.956242263000036, 29.309866834000047 ], [ 80.95215938900003, 29.308590834000029 ], [ 80.950208951000036, 29.306510208000077 ], [ 80.949252201000036, 29.304332834000036 ], [ 80.947223701000041, 29.301719709000054 ], [ 80.949498514000084, 29.300064646000067 ], [ 80.953831826000055, 29.294309146000046 ], [ 80.95901226400008, 29.293649771000048 ], [ 80.961132701000054, 29.292470584000057 ], [ 80.962489639000069, 29.290668458000027 ], [ 80.963768139000081, 29.292259271000034 ], [ 80.967448201000082, 29.295062084000051 ], [ 80.967257389000054, 29.297033709000061 ], [ 80.969665889000055, 29.299998583000047 ], [ 80.971622638000042, 29.303337771000031 ], [ 80.976502639000046, 29.303690646000064 ], [ 80.97857945100003, 29.305121271000075 ], [ 80.983120701000075, 29.304061646000036 ], [ 80.985151388000077, 29.304763458000025 ], [ 80.985039388000075, 29.307071271000041 ], [ 80.986743826000065, 29.310913334000077 ], [ 80.989150514000073, 29.311734709000064 ], [ 80.989510326000072, 29.314144083000031 ], [ 80.986624327000072, 29.314349083000025 ], [ 80.985519388000057, 29.316729021000071 ], [ 80.982382701000063, 29.320441896000034 ], [ 80.982154139000045, 29.325077771000053 ], [ 80.978787888000056, 29.327193334000071 ], [ 80.97851307600007, 29.328598771000031 ], [ 80.975667951000048, 29.329796146000035 ], [ 80.976163389000078, 29.333432771000048 ], [ 80.978385264000053, 29.335077709000075 ], [ 80.982587202000047, 29.33479189600007 ], [ 80.985657013000036, 29.333558208000056 ], [ 80.991713451000066, 29.334136271000034 ], [ 80.993117201000075, 29.335176334000039 ], [ 80.998359014000073, 29.331393271000024 ], [ 81.002241138000045, 29.329760022000073 ], [ 81.004454576000057, 29.329227521000064 ], [ 81.007972327000061, 29.328999521000071 ], [ 81.01135826400008, 29.33012952100006 ], [ 81.015070826000056, 29.330532958000049 ], [ 81.021390638000071, 29.328452146000075 ], [ 81.023865451000063, 29.328702083000053 ], [ 81.027055326000038, 29.331417646000034 ], [ 81.029138826000064, 29.332601584000031 ], [ 81.03096032600007, 29.334478083000079 ], [ 81.035453951000079, 29.33499583400004 ], [ 81.03653870100004, 29.335491833000049 ], [ 81.040183576000061, 29.338858834000064 ], [ 81.041572077000069, 29.340676708000046 ], [ 81.04786182600003, 29.341655959000036 ], [ 81.048641639000039, 29.342937021000068 ], [ 81.045970326000031, 29.346033084000055 ], [ 81.043039889000056, 29.34796289600007 ], [ 81.042257389000042, 29.349472334000041 ], [ 81.046569326000053, 29.354580584000075 ], [ 81.042768451000029, 29.358613146000039 ], [ 81.037964389000081, 29.361517958000036 ], [ 81.036158264000051, 29.363659334000033 ], [ 81.032332889000031, 29.363944583000034 ], [ 81.028965076000077, 29.363331709000079 ], [ 81.027571702000046, 29.365490958000066 ], [ 81.024952763000044, 29.374438396000073 ], [ 81.02625557600004, 29.376301521000073 ], [ 81.029587139000057, 29.375910583000064 ], [ 81.034489389000044, 29.377021583000044 ], [ 81.038147701000071, 29.376594209000075 ], [ 81.039804514000082, 29.378139021000038 ], [ 81.043411451000054, 29.38025170800006 ], [ 81.044456138000044, 29.382114709000064 ], [ 81.047209764000058, 29.382864959000074 ], [ 81.045578952000085, 29.386612584000034 ], [ 81.050349639000046, 29.389830084000039 ], [ 81.052737576000084, 29.392164021000042 ], [ 81.053983889000051, 29.395423271000027 ], [ 81.052945763000082, 29.396806583000057 ], [ 81.053055826000048, 29.398604458000079 ], [ 81.054356452000036, 29.400927521000028 ], [ 81.054310327000053, 29.403066146000072 ], [ 81.052817576000052, 29.404257833000031 ], [ 81.053239201000054, 29.407355021000058 ], [ 81.053093014000069, 29.410621646000038 ], [ 81.048993389000032, 29.413373146000026 ], [ 81.046164014000055, 29.411531084000046 ], [ 81.041097702000059, 29.411293646000047 ], [ 81.036593888000084, 29.411507021000034 ], [ 81.031679577000034, 29.413360333000071 ], [ 81.027461327000083, 29.417033896000078 ], [ 81.026447702000041, 29.419664459000046 ] ] ] } },
{ "type": "Feature", "properties": { "STATE_CODE": 7, "DISTRICT": "DOTI", "GaPa_NaPa": "Shikhar", "Type_GN": "Nagarpalika", "Province": "Sudur Pashchim" }, "geometry": { "type": "Polygon", "coordinates": [ [ [ 80.854307763000065, 29.308113834000039 ], [ 80.855852389000063, 29.312512333000029 ], [ 80.847959327000069, 29.318294521000041 ], [ 80.845933388000049, 29.321109896000053 ], [ 80.842538076000039, 29.320309584000029 ], [ 80.835952451000082, 29.322449271000039 ], [ 80.828940076000038, 29.316775833000065 ], [ 80.823192013000039, 29.313540146000037 ], [ 80.820517701000085, 29.309349583000028 ], [ 80.817686201000072, 29.310124021000036 ], [ 80.815510576000065, 29.308282458000065 ], [ 80.813520201000074, 29.307438271000024 ], [ 80.812476076000053, 29.30990027100006 ], [ 80.812870514000053, 29.310976896000057 ], [ 80.812502764000044, 29.315397958000062 ], [ 80.810512076000066, 29.317249521000065 ], [ 80.804728514000033, 29.320417521000024 ], [ 80.810834764000049, 29.328416834000052 ], [ 80.811027451000029, 29.329351021000036 ], [ 80.813648264000051, 29.33344020800007 ], [ 80.813589639000043, 29.335774959000048 ], [ 80.808878014000072, 29.340059083000028 ], [ 80.805820763000042, 29.341764708000028 ], [ 80.802198764000082, 29.342172146000053 ], [ 80.800202889000047, 29.343355771000063 ], [ 80.797413826000081, 29.343926833000069 ], [ 80.794337201000076, 29.347263146000046 ], [ 80.791776826000046, 29.349422584000024 ], [ 80.787708638000083, 29.352181959000063 ], [ 80.78337338800003, 29.352086958000029 ], [ 80.779968451000059, 29.350578959000075 ], [ 80.774295451000057, 29.349935583000047 ], [ 80.771375889000069, 29.350413396000079 ], [ 80.770095451000032, 29.352276834000065 ], [ 80.766531701000076, 29.355713146000028 ], [ 80.765545638000049, 29.357297334000066 ], [ 80.765117452000084, 29.359838958000068 ], [ 80.765610889000072, 29.363390646000028 ], [ 80.763722826000048, 29.362543584000036 ], [ 80.762824014000046, 29.358650584000031 ], [ 80.76415713800003, 29.352616084000033 ], [ 80.763240201000031, 29.349492334000047 ], [ 80.76203663900003, 29.348833709000075 ], [ 80.760171201000048, 29.349301834000073 ], [ 80.75899826400007, 29.346306146000074 ], [ 80.759328702000062, 29.344698271000027 ], [ 80.763049326000043, 29.340856333000033 ], [ 80.764472452000064, 29.335834959000067 ], [ 80.763651451000044, 29.33459952100003 ], [ 80.76095070100007, 29.332638833000033 ], [ 80.762004388000037, 29.328622958000039 ], [ 80.764074764000043, 29.326160959000049 ], [ 80.766093951000073, 29.32467777100004 ], [ 80.768225576000077, 29.324268708000034 ], [ 80.771028951000062, 29.323007959000051 ], [ 80.773027951000074, 29.320394521000026 ], [ 80.773110576000079, 29.318262771000036 ], [ 80.777789389000077, 29.315816209000047 ], [ 80.777699576000032, 29.31449402100003 ], [ 80.775046513000063, 29.313797084000043 ], [ 80.773330638000061, 29.311423208000065 ], [ 80.773406077000061, 29.307576958000027 ], [ 80.774303576000079, 29.306330959000036 ], [ 80.773749702000032, 29.301454958000079 ], [ 80.769946701000038, 29.302813334000064 ], [ 80.767401576000054, 29.302057709000053 ], [ 80.766604951000033, 29.304197209000051 ], [ 80.762781139000083, 29.306259146000059 ], [ 80.75971295100004, 29.308349333000024 ], [ 80.758008763000078, 29.308838146000028 ], [ 80.754047138000033, 29.308005207000065 ], [ 80.750085763000072, 29.302978397000061 ], [ 80.747842826000067, 29.301990646000036 ], [ 80.744212144000073, 29.302238644000056 ], [ 80.743251827000051, 29.301569021000034 ], [ 80.739331076000042, 29.302154766000058 ], [ 80.739043327000047, 29.299686208000026 ], [ 80.736197822000065, 29.298882024000079 ], [ 80.737292389000061, 29.297587023000062 ], [ 80.736294951000048, 29.295751021000058 ], [ 80.734357138000064, 29.29420183700006 ], [ 80.734301701000049, 29.292004459000054 ], [ 80.737909201000036, 29.289997021000033 ], [ 80.74042819400006, 29.290834396000037 ], [ 80.742062514000054, 29.287864271000046 ], [ 80.745339829000045, 29.287838959000055 ], [ 80.747357075000082, 29.284711583000046 ], [ 80.747567073000084, 29.281736393000074 ], [ 80.745173639000029, 29.277671146000046 ], [ 80.745489894000059, 29.274793207000073 ], [ 80.750545582000029, 29.274489148000043 ], [ 80.752348139000048, 29.273797708000075 ], [ 80.755534017000059, 29.270949776000066 ], [ 80.757436511000037, 29.270123081000065 ], [ 80.758560322000051, 29.268324868000036 ], [ 80.756446077000078, 29.266784771000061 ], [ 80.755379762000075, 29.263335712000071 ], [ 80.753884141000071, 29.261780895000072 ], [ 80.750826581000069, 29.257166337000058 ], [ 80.74991938800008, 29.254516146000071 ], [ 80.748546635000082, 29.254761767000048 ], [ 80.746027271000059, 29.25218521100004 ], [ 80.742923512000061, 29.251141585000028 ], [ 80.742569828000057, 29.249444401000062 ], [ 80.740136326000083, 29.249286271000074 ], [ 80.737376826000059, 29.247460333000049 ], [ 80.737952451000069, 29.246683205000068 ], [ 80.740624321000041, 29.246920770000031 ], [ 80.737162701000045, 29.243902333000051 ], [ 80.735667957000032, 29.243486525000037 ], [ 80.732705800000076, 29.240550191000068 ], [ 80.730816698000069, 29.240338837000024 ], [ 80.725198701000068, 29.236036646000059 ], [ 80.722926017000077, 29.235267151000073 ], [ 80.721002769000052, 29.236181334000037 ], [ 80.717363889000069, 29.235794706000036 ], [ 80.712115826000058, 29.234242709000057 ], [ 80.708494451000035, 29.231349516000023 ], [ 80.708520832000033, 29.228270206000047 ], [ 80.709479951000048, 29.22520195900006 ], [ 80.705953889000057, 29.221449396000025 ], [ 80.704657265000037, 29.219580836000034 ], [ 80.703592639000078, 29.216756271000065 ], [ 80.70722151800004, 29.214079709000032 ], [ 80.70843870200008, 29.211300773000062 ], [ 80.707916389000047, 29.205497333000039 ], [ 80.708175262000054, 29.204103712000062 ], [ 80.707696139000063, 29.199507271000073 ], [ 80.707022949000077, 29.197892830000058 ], [ 80.706247322000081, 29.192736269000079 ], [ 80.708333451000044, 29.191937708000069 ], [ 80.714449513000034, 29.191321458000061 ], [ 80.71574970100005, 29.189844334000043 ], [ 80.717642514000033, 29.189406145000078 ], [ 80.728431826000076, 29.191711521000059 ], [ 80.733758076000072, 29.192347146000031 ], [ 80.739159576000077, 29.192373521000036 ], [ 80.742884139000068, 29.192879271000038 ], [ 80.746064076000039, 29.190471521000063 ], [ 80.747842763000051, 29.187397709000038 ], [ 80.750681263000047, 29.18665633300003 ], [ 80.752126514000054, 29.187186896000071 ], [ 80.753329764000057, 29.189968459000056 ], [ 80.757221389000051, 29.19063658400006 ], [ 80.762234826000054, 29.189844708000066 ], [ 80.766014763000044, 29.188926458000026 ], [ 80.77011232600006, 29.188622209000073 ], [ 80.774485889000061, 29.186863208000034 ], [ 80.778322264000053, 29.184699396000042 ], [ 80.779442326000037, 29.183293521000053 ], [ 80.778580389000069, 29.178965146000053 ], [ 80.79008420100007, 29.170783208000046 ], [ 80.794254951000084, 29.168181771000036 ], [ 80.800083576000077, 29.167353646000038 ], [ 80.802523326000085, 29.166648833000067 ], [ 80.804086014000063, 29.164695271000028 ], [ 80.804914138000072, 29.162413396000034 ], [ 80.806448264000039, 29.161089146000052 ], [ 80.808605388000046, 29.160345520000078 ], [ 80.811993513000061, 29.160260083000026 ], [ 80.814889139000059, 29.159503833000031 ], [ 80.81931832600003, 29.15950308400005 ], [ 80.823416826000084, 29.157915833000061 ], [ 80.825516389000029, 29.156562833000066 ], [ 80.831852763000029, 29.155097708000028 ], [ 80.835925576000079, 29.155456958000059 ], [ 80.839610263000054, 29.157302271000049 ], [ 80.845804451000049, 29.159511396000028 ], [ 80.85340851400008, 29.159576333000075 ], [ 80.858393327000044, 29.157409208000047 ], [ 80.85998188800005, 29.154694646000053 ], [ 80.858916263000083, 29.149044584000023 ], [ 80.865806263000081, 29.149216333000027 ], [ 80.868544763000045, 29.144582958000058 ], [ 80.86842226400006, 29.141918521000036 ], [ 80.870043451000072, 29.138360208000051 ], [ 80.871074388000068, 29.137210646000028 ], [ 80.871452826000052, 29.134323334000044 ], [ 80.871324951000076, 29.128175646000045 ], [ 80.873126826000032, 29.127872770000067 ], [ 80.88096957700003, 29.12538939500007 ], [ 80.880905701000074, 29.129799771000023 ], [ 80.88152463800003, 29.131747271000052 ], [ 80.883657763000031, 29.133750146000068 ], [ 80.888572201000045, 29.135800521000078 ], [ 80.89043188900007, 29.137460209000039 ], [ 80.891832764000071, 29.139561709000077 ], [ 80.892708514000049, 29.144112708000023 ], [ 80.892370139000036, 29.148231896000027 ], [ 80.892782701000044, 29.14937820800003 ], [ 80.895220701000085, 29.151938458000075 ], [ 80.895892264000054, 29.154659708000054 ], [ 80.898485701000084, 29.158726958000045 ], [ 80.901846514000056, 29.160904208000034 ], [ 80.901742451000075, 29.16224420900005 ], [ 80.902918576000047, 29.163761083000054 ], [ 80.903413076000049, 29.166450583000028 ], [ 80.905092826000043, 29.168980709000039 ], [ 80.906452451000064, 29.16880345800007 ], [ 80.910908701000039, 29.169950271000062 ], [ 80.912517014000059, 29.171801209000023 ], [ 80.912175639000054, 29.172989896000047 ], [ 80.91369551300005, 29.174944584000059 ], [ 80.914101014000039, 29.176501458000075 ], [ 80.915636201000041, 29.178304959000059 ], [ 80.913141014000075, 29.179036583000027 ], [ 80.913331389000064, 29.180660896000063 ], [ 80.915408264000064, 29.181564708000053 ], [ 80.917716139000049, 29.181784958000037 ], [ 80.916785889000039, 29.184387771000047 ], [ 80.917074201000048, 29.186352896000074 ], [ 80.915875139000036, 29.187559209000028 ], [ 80.916204327000059, 29.190174021000075 ], [ 80.917634139000086, 29.19294295900005 ], [ 80.917584326000053, 29.194621396000059 ], [ 80.91931813900004, 29.196812959000056 ], [ 80.919513076000044, 29.19862914600003 ], [ 80.917685263000067, 29.198998021000079 ], [ 80.918174701000055, 29.201164021000068 ], [ 80.921431514000062, 29.203796458000056 ], [ 80.921302827000034, 29.206891583000072 ], [ 80.919104139000069, 29.207817458000079 ], [ 80.920154576000073, 29.209076896000056 ], [ 80.919557888000043, 29.210806896000065 ], [ 80.921443451000073, 29.212130021000064 ], [ 80.924199826000063, 29.215278646000058 ], [ 80.925423076000072, 29.217799208000031 ], [ 80.926694577000035, 29.218993334000061 ], [ 80.928578389000052, 29.219488459000047 ], [ 80.929853076000029, 29.222250396000049 ], [ 80.931937263000066, 29.225136834000068 ], [ 80.934625389000075, 29.226408271000025 ], [ 80.934085701000072, 29.227763896000056 ], [ 80.929745701000058, 29.228853521000076 ], [ 80.931564889000072, 29.230632208000031 ], [ 80.93195170100006, 29.23296952100003 ], [ 80.930244701000049, 29.234536584000068 ], [ 80.929198138000061, 29.233150833000025 ], [ 80.927886639000064, 29.234102146000055 ], [ 80.929043388000082, 29.236579833000064 ], [ 80.928657263000048, 29.238846834000071 ], [ 80.926188889000059, 29.23829283300006 ], [ 80.923910076000084, 29.238521646000038 ], [ 80.926680451000038, 29.241142333000028 ], [ 80.929881826000042, 29.24045827100008 ], [ 80.93165401400006, 29.242103771000075 ], [ 80.928887201000066, 29.242923521000023 ], [ 80.926551889000052, 29.245500771000025 ], [ 80.923918514000036, 29.245291771000041 ], [ 80.923023451000063, 29.246430521000036 ], [ 80.918812139000067, 29.246315208000055 ], [ 80.917048514000044, 29.245366646000036 ], [ 80.915076639000063, 29.243156833000057 ], [ 80.913660139000058, 29.240568334000045 ], [ 80.91076307600008, 29.237633709000079 ], [ 80.909208826000054, 29.237934958000039 ], [ 80.90864051300008, 29.239245271000073 ], [ 80.909457514000053, 29.241790521000041 ], [ 80.909082201000047, 29.244066521000036 ], [ 80.907186264000075, 29.248410209000042 ], [ 80.907858013000066, 29.250964396000029 ], [ 80.906323388000033, 29.252440958000079 ], [ 80.904576701000053, 29.252665333000039 ], [ 80.902287388000047, 29.252036521000036 ], [ 80.899630326000079, 29.252562459000046 ], [ 80.896885951000058, 29.254247833000079 ], [ 80.895118264000075, 29.257323584000062 ], [ 80.894617513000071, 29.259529459000078 ], [ 80.894273202000079, 29.265363146000027 ], [ 80.892921014000081, 29.267338209000059 ], [ 80.889460326000062, 29.270351583000036 ], [ 80.885402514000077, 29.272448459000032 ], [ 80.881847076000042, 29.271389584000076 ], [ 80.87827276400003, 29.269477833000053 ], [ 80.874898763000033, 29.269569521000051 ], [ 80.872654389000047, 29.270909646000064 ], [ 80.867886888000044, 29.276623834000077 ], [ 80.86777770100008, 29.278236646000039 ], [ 80.869822014000079, 29.281900146000055 ], [ 80.868290076000051, 29.283996646000048 ], [ 80.865560576000064, 29.28458045900004 ], [ 80.865653513000041, 29.286789146000046 ], [ 80.864681576000066, 29.289086959000031 ], [ 80.863416826000048, 29.289979021000079 ], [ 80.861056139000084, 29.290272083000048 ], [ 80.857789451000031, 29.288371459000075 ], [ 80.84982201300005, 29.286517333000063 ], [ 80.84874732600008, 29.295413583000027 ], [ 80.849141451000037, 29.299573958000053 ], [ 80.848780889000068, 29.302361834000067 ], [ 80.851641576000077, 29.306010646000061 ], [ 80.851701014000071, 29.307183833000067 ], [ 80.854307763000065, 29.308113834000039 ] ] ] } },
{ "type": "Feature", "properties": { "STATE_CODE": 7, "DISTRICT": "DOTI", "GaPa_NaPa": "Khaptad National Park", "Type_GN": "National Park", "Province": "Sudur Pashchim" }, "geometry": { "type": "Polygon", "coordinates": [ [ [ 81.188513662000048, 29.39781811000006 ], [ 81.185851014000036, 29.399608896000075 ], [ 81.187311889000057, 29.401420583000061 ], [ 81.187763952000068, 29.404871521000075 ], [ 81.18578920200008, 29.406850396000038 ], [ 81.18269676400007, 29.408476708000023 ], [ 81.180508889000066, 29.408996272000024 ], [ 81.176054202000046, 29.411104709000028 ], [ 81.172391077000043, 29.411587771000029 ], [ 81.171556138000085, 29.405732521000061 ], [ 81.168727326000067, 29.400380646000031 ], [ 81.167721077000067, 29.397868834000064 ], [ 81.165433077000046, 29.394713459000059 ], [ 81.163044014000036, 29.394118584000068 ], [ 81.161353202000043, 29.395433583000056 ], [ 81.157435139000086, 29.395853334000037 ], [ 81.152159139000048, 29.39394420800005 ], [ 81.148139014000037, 29.394151833000024 ], [ 81.14570507600007, 29.390896896000072 ], [ 81.141048389000048, 29.394301583000072 ], [ 81.140018577000035, 29.396935271000075 ], [ 81.140134952000039, 29.399597146000076 ], [ 81.137293014000079, 29.402031959000055 ], [ 81.133373826000081, 29.404305396000041 ], [ 81.130420077000053, 29.404653458000041 ], [ 81.126582702000064, 29.401956834000032 ], [ 81.126342201000057, 29.398372459000029 ], [ 81.12418651400003, 29.396511083000064 ], [ 81.120955639000044, 29.39570420900003 ], [ 81.118214014000046, 29.397470709000061 ], [ 81.11351495200006, 29.399220896000031 ], [ 81.110047952000059, 29.399855459000037 ], [ 81.109211139000081, 29.400647959000025 ], [ 81.107641826000076, 29.40431058300004 ], [ 81.102797139000074, 29.405487459000028 ], [ 81.099685514000043, 29.407231396000043 ], [ 81.097393639000074, 29.407801583000037 ], [ 81.091527639000049, 29.407176334000042 ], [ 81.087635514000056, 29.407061646000045 ], [ 81.085450826000056, 29.407764646000032 ], [ 81.08300532700008, 29.410085271000071 ], [ 81.080488889000037, 29.407463208000024 ], [ 81.078390076000062, 29.406277833000047 ], [ 81.074712951000038, 29.407401146000041 ], [ 81.070034701000054, 29.40737658300003 ], [ 81.065726514000062, 29.405463521000058 ], [ 81.063136576000034, 29.405555021000055 ], [ 81.060746013000085, 29.407252583000059 ], [ 81.058873639000069, 29.407388771000058 ], [ 81.055201639000074, 29.408863459000031 ], [ 81.053093014000069, 29.410621646000038 ], [ 81.053239201000054, 29.407355021000058 ], [ 81.052817576000052, 29.404257833000031 ], [ 81.054310327000053, 29.403066146000072 ], [ 81.054356452000036, 29.400927521000028 ], [ 81.053055826000048, 29.398604458000079 ], [ 81.052945763000082, 29.396806583000057 ], [ 81.053983889000051, 29.395423271000027 ], [ 81.052737576000084, 29.392164021000042 ], [ 81.050349639000046, 29.389830084000039 ], [ 81.045578952000085, 29.386612584000034 ], [ 81.047209764000058, 29.382864959000074 ], [ 81.044456138000044, 29.382114709000064 ], [ 81.043411451000054, 29.38025170800006 ], [ 81.039804514000082, 29.378139021000038 ], [ 81.038147701000071, 29.376594209000075 ], [ 81.034489389000044, 29.377021583000044 ], [ 81.029587139000057, 29.375910583000064 ], [ 81.02625557600004, 29.376301521000073 ], [ 81.024952763000044, 29.374438396000073 ], [ 81.027571702000046, 29.365490958000066 ], [ 81.028965076000077, 29.363331709000079 ], [ 81.032332889000031, 29.363944583000034 ], [ 81.036158264000051, 29.363659334000033 ], [ 81.037964389000081, 29.361517958000036 ], [ 81.042768451000029, 29.358613146000039 ], [ 81.046569326000053, 29.354580584000075 ], [ 81.042257389000042, 29.349472334000041 ], [ 81.043039889000056, 29.34796289600007 ], [ 81.045970326000031, 29.346033084000055 ], [ 81.048641639000039, 29.342937021000068 ], [ 81.050291014000038, 29.342000209000048 ], [ 81.054369639000072, 29.341504584000063 ], [ 81.056973263000032, 29.340589833000024 ], [ 81.062180452000064, 29.339405396000075 ], [ 81.067039639000029, 29.338778146000038 ], [ 81.069641138000065, 29.340728209000076 ], [ 81.072547326000063, 29.341457583000079 ], [ 81.076322639000068, 29.34092083400003 ], [ 81.078796889000046, 29.338207771000043 ], [ 81.081227952000063, 29.336830208000038 ], [ 81.084030514000062, 29.332837708000056 ], [ 81.08518938900005, 29.330161459000067 ], [ 81.087007889000063, 29.323972209000033 ], [ 81.08870726300006, 29.322807083000043 ], [ 81.092256638000038, 29.321279708000077 ], [ 81.099618889000055, 29.316638459000046 ], [ 81.103102638000053, 29.314957396000068 ], [ 81.106235639000033, 29.314251021000075 ], [ 81.108926076000046, 29.314411396000025 ], [ 81.111355514000081, 29.313845396000033 ], [ 81.114802889000032, 29.311796334000064 ], [ 81.120875827000077, 29.310137396000073 ], [ 81.125217139000085, 29.309485958000039 ], [ 81.13066295200008, 29.307563146000064 ], [ 81.133998889000054, 29.309148021000055 ], [ 81.136640764000049, 29.309292021000033 ], [ 81.137790326000072, 29.31524420900007 ], [ 81.137579451000079, 29.317820709000046 ], [ 81.13825263800004, 29.31924120900004 ], [ 81.137968263000062, 29.32217877100004 ], [ 81.139150951000033, 29.32393264600006 ], [ 81.140072452000084, 29.327114771000026 ], [ 81.141777201000082, 29.330018583000026 ], [ 81.142321326000058, 29.335089334000031 ], [ 81.143238952000047, 29.337181833000045 ], [ 81.143127076000042, 29.340046959000063 ], [ 81.144016826000041, 29.343820209000057 ], [ 81.144752264000033, 29.345148146000042 ], [ 81.14552713900008, 29.349359084000071 ], [ 81.146495451000078, 29.352313271000071 ], [ 81.14743138800003, 29.353356709000025 ], [ 81.149642451000034, 29.357532271000025 ], [ 81.149936076000074, 29.359580271000027 ], [ 81.152358701000082, 29.361253647000069 ], [ 81.155936764000046, 29.362463208000065 ], [ 81.154583889000037, 29.36451089600007 ], [ 81.155304827000066, 29.368399209000074 ], [ 81.154859452000039, 29.369198334000032 ], [ 81.155995451000081, 29.371428084000058 ], [ 81.15554476300008, 29.374002646000065 ], [ 81.154729639000038, 29.374892396000064 ], [ 81.156346764000034, 29.377577271000064 ], [ 81.156172826000045, 29.379639396000073 ], [ 81.154983451000078, 29.381560583000066 ], [ 81.157035388000054, 29.383198209000057 ], [ 81.16182113800005, 29.385498021000046 ], [ 81.164504826000041, 29.38500970900003 ], [ 81.16611713900005, 29.385470146000046 ], [ 81.169054451000079, 29.38531533400004 ], [ 81.171728514000051, 29.386627084000054 ], [ 81.17290870100004, 29.389143146000038 ], [ 81.176603951000061, 29.391150584000059 ], [ 81.177551576000042, 29.392780396000035 ], [ 81.179503827000076, 29.392888271000061 ], [ 81.184380576000081, 29.396015084000055 ], [ 81.185616952000032, 29.396083272000055 ], [ 81.188513662000048, 29.39781811000006 ] ] ] } },
{ "type": "Feature", "properties": { "STATE_CODE": 7, "DISTRICT": "KAILALI", "GaPa_NaPa": "Bardagoriya", "Type_GN": "Gaunpalika", "Province": "Sudur Pashchim" }, "geometry": { "type": "Polygon", "coordinates": [ [ [ 81.08138038900006, 28.705622833000064 ], [ 81.079448576000061, 28.709032958000023 ], [ 81.078482389000044, 28.712747146000027 ], [ 81.07800295100003, 28.718904458000054 ], [ 81.075660264000078, 28.720462458000043 ], [ 81.074785702000042, 28.722854458000029 ], [ 81.072418951000031, 28.725946645000079 ], [ 81.068583576000037, 28.728078395000068 ], [ 81.064226701000052, 28.731300021000038 ], [ 81.06313920100007, 28.733534083000052 ], [ 81.062674388000062, 28.736379271000033 ], [ 81.060650764000059, 28.741914458000053 ], [ 81.060125327000037, 28.744152771000074 ], [ 81.060745139000062, 28.747863833000054 ], [ 81.060391951000042, 28.757017083000051 ], [ 81.059915639000053, 28.758571708000034 ], [ 81.056824013000039, 28.762182770000038 ], [ 81.055413888000032, 28.761698396000043 ], [ 81.054140326000038, 28.757933458000025 ], [ 81.048678264000046, 28.753481958000066 ], [ 81.041973013000074, 28.750587333000055 ], [ 81.039614201000063, 28.75009170800007 ], [ 81.034545326000057, 28.746020771000076 ], [ 81.034083576000057, 28.745100395000065 ], [ 81.030197264000037, 28.743628083000033 ], [ 81.029570763000038, 28.741690208000023 ], [ 81.027894826000079, 28.741322833000027 ], [ 81.026762764000068, 28.73667320800007 ], [ 81.026724827000066, 28.734593021000023 ], [ 81.024187139000048, 28.730728770000042 ], [ 81.024858202000075, 28.727132395000069 ], [ 81.027113076000035, 28.721363020000069 ], [ 81.027529826000034, 28.71848639600006 ], [ 81.026976452000042, 28.716349958000023 ], [ 81.027750076000075, 28.713078395000025 ], [ 81.026988826000036, 28.711059333000037 ], [ 81.027589264000085, 28.709800208000047 ], [ 81.025905451000085, 28.707767833000048 ], [ 81.028956889000085, 28.70639777100007 ], [ 81.028788514000041, 28.704793645000052 ], [ 81.025939576000042, 28.703330021000056 ], [ 81.025785326000062, 28.701879333000079 ], [ 81.030276201000049, 28.701124896000067 ], [ 81.031641764000085, 28.699123396000061 ], [ 81.031311514000038, 28.697462896000047 ], [ 81.032736513000032, 28.694387458000051 ], [ 81.030694889000074, 28.693338833000041 ], [ 81.027982201000043, 28.695577521000075 ], [ 81.026436451000052, 28.693689458000051 ], [ 81.026877451000075, 28.692024333000063 ], [ 81.022743388000038, 28.692049896000071 ], [ 81.020584639000049, 28.691648645000043 ], [ 81.017534826000031, 28.688991333000047 ], [ 81.016180263000081, 28.688650833000054 ], [ 81.011248764000072, 28.689492895000058 ], [ 81.009968701000048, 28.688879333000045 ], [ 81.007983513000056, 28.684728146000054 ], [ 81.009150576000081, 28.681592020000039 ], [ 81.00876882600005, 28.679401333000044 ], [ 81.009997076000047, 28.678126521000024 ], [ 81.011560264000082, 28.674369958000057 ], [ 81.011032014000079, 28.672197333000042 ], [ 81.012264827000081, 28.669805708000069 ], [ 81.012295638000069, 28.66788120800004 ], [ 81.010791138000059, 28.665162645000066 ], [ 81.006880826000042, 28.666712895000046 ], [ 81.004984076000085, 28.66329945800004 ], [ 81.004900514000042, 28.660147583000025 ], [ 81.006490763000045, 28.655912771000033 ], [ 81.005815951000045, 28.65464927000005 ], [ 81.006612264000069, 28.652623271000039 ], [ 81.006438513000035, 28.649742145000062 ], [ 81.005728327000043, 28.648485583000024 ], [ 81.006021701000066, 28.645947333000038 ], [ 81.007603139000082, 28.64390320800004 ], [ 81.009474013000045, 28.640072146000023 ], [ 81.007678263000059, 28.635544146000029 ], [ 81.006616638000082, 28.634777082000028 ], [ 81.004184201000044, 28.634657583000035 ], [ 81.004303014000072, 28.632047208000074 ], [ 81.002285576000077, 28.62937370700007 ], [ 80.99853470100004, 28.627300333000051 ], [ 80.996258201000046, 28.625466020000033 ], [ 80.995697076000056, 28.622072771000035 ], [ 80.998260513000048, 28.621872021000058 ], [ 80.999608139000031, 28.620581458000061 ], [ 80.997816701000033, 28.614643270000045 ], [ 81.001733264000052, 28.614277771000047 ], [ 81.004053139000064, 28.617727396000078 ], [ 81.006652576000079, 28.617289583000058 ], [ 81.011723827000083, 28.621203708000053 ], [ 81.014804076000075, 28.620641645000035 ], [ 81.01550995100007, 28.619468333000043 ], [ 81.018825451000055, 28.619641646000048 ], [ 81.01988613900005, 28.622236083000075 ], [ 81.022636201000068, 28.62187689600006 ], [ 81.024052014000063, 28.623483021000027 ], [ 81.025115639000035, 28.621896771000024 ], [ 81.024919201000046, 28.61993620800007 ], [ 81.025899452000033, 28.616908208000041 ], [ 81.026020763000076, 28.613763146000053 ], [ 81.029537201000039, 28.613038145000075 ], [ 81.030084139000053, 28.615506270000026 ], [ 81.033492889000058, 28.619557583000073 ], [ 81.034718639000062, 28.619661020000024 ], [ 81.03574713900008, 28.621237833000066 ], [ 81.039963263000061, 28.62089370800004 ], [ 81.041841701000067, 28.622203957000067 ], [ 81.043946639000069, 28.620511208000039 ], [ 81.046266763000062, 28.619533520000061 ], [ 81.047974889000045, 28.616044958000032 ], [ 81.05009201300004, 28.616712020000023 ], [ 81.053559951000068, 28.615638958000034 ], [ 81.055940077000059, 28.615498083000034 ], [ 81.057579263000036, 28.617634021000072 ], [ 81.059856638000042, 28.61940183300004 ], [ 81.059121763000064, 28.621489083000029 ], [ 81.059264639000048, 28.623824145000071 ], [ 81.057479326000077, 28.624264896000057 ], [ 81.057700263000072, 28.627303833000042 ], [ 81.055942952000066, 28.628791396000054 ], [ 81.057025514000031, 28.633278458000063 ], [ 81.055205701000034, 28.634632896000028 ], [ 81.05724026300004, 28.635579646000053 ], [ 81.058383451000054, 28.63786239600006 ], [ 81.057361577000052, 28.639385708000077 ], [ 81.058987451000064, 28.642096895000066 ], [ 81.058607013000085, 28.644915021000031 ], [ 81.060219514000039, 28.647619458000065 ], [ 81.06128620100003, 28.650601583000025 ], [ 81.063343389000067, 28.652931270000067 ], [ 81.062918889000059, 28.655176333000043 ], [ 81.065617201000066, 28.656826521000028 ], [ 81.070022951000055, 28.658286333000035 ], [ 81.070856076000041, 28.660975208000025 ], [ 81.073120388000063, 28.662075021000078 ], [ 81.074545889000035, 28.665257645000054 ], [ 81.076132638000047, 28.667643770000041 ], [ 81.073436576000063, 28.668906458000038 ], [ 81.074538826000037, 28.671107833000065 ], [ 81.074926763000065, 28.673454020000065 ], [ 81.078785138000057, 28.67316302100005 ], [ 81.079375889000062, 28.673733520000042 ], [ 81.079993826000077, 28.684323458000051 ], [ 81.078195014000073, 28.686765645000037 ], [ 81.079565763000062, 28.689253396000026 ], [ 81.079089264000061, 28.690986396000028 ], [ 81.081267701000058, 28.693029145000025 ], [ 81.080759951000061, 28.700357396000072 ], [ 81.081496701000049, 28.703395958000044 ], [ 81.08138038900006, 28.705622833000064 ] ] ] } },
{ "type": "Feature", "properties": { "STATE_CODE": 7, "DISTRICT": "KAILALI", "GaPa_NaPa": "Bhajani", "Type_GN": "Nagarpalika", "Province": "Sudur Pashchim" }, "geometry": { "type": "Polygon", "coordinates": [ [ [ 80.992124451000052, 28.588110521000033 ], [ 80.983975451000049, 28.590004958000065 ], [ 80.979659138000045, 28.590108145000045 ], [ 80.976151701000049, 28.590825083000027 ], [ 80.968706389000033, 28.588630582000064 ], [ 80.969395451000082, 28.59143739600006 ], [ 80.96464007600008, 28.591298582000036 ], [ 80.960053701000049, 28.596258646000024 ], [ 80.956199201000061, 28.597047146000079 ], [ 80.955427014000065, 28.598197521000031 ], [ 80.953215076000049, 28.598702146000051 ], [ 80.949742201000049, 28.600449458000071 ], [ 80.944001951000075, 28.601263896000034 ], [ 80.940942826000082, 28.602135770000075 ], [ 80.938931764000074, 28.604860333000033 ], [ 80.936600764000048, 28.604227520000052 ], [ 80.935066076000055, 28.60225495800006 ], [ 80.935051201000078, 28.598938333000035 ], [ 80.931774701000052, 28.599873021000064 ], [ 80.929166889000044, 28.599174520000076 ], [ 80.928647264000062, 28.597752833000072 ], [ 80.925665951000042, 28.595675582000069 ], [ 80.925147826000057, 28.594059833000074 ], [ 80.922254201000044, 28.592018708000069 ], [ 80.919471888000032, 28.592075708000039 ], [ 80.914925076000031, 28.593282270000032 ], [ 80.912301326000033, 28.591617770000028 ], [ 80.910020576000079, 28.589567707000072 ], [ 80.90624163800004, 28.589729833000035 ], [ 80.905795013000045, 28.58853152100005 ], [ 80.905229389000056, 28.587188708000042 ], [ 80.906858576000047, 28.586140708000073 ], [ 80.903018639000038, 28.580820207000045 ], [ 80.901304139000047, 28.579113333000066 ], [ 80.899861889000078, 28.57677033300007 ], [ 80.89979063800007, 28.573740208000061 ], [ 80.90164320100007, 28.570776958000067 ], [ 80.900994576000073, 28.569853770000066 ], [ 80.898045951000086, 28.570334395000032 ], [ 80.897482639000032, 28.569742833000078 ], [ 80.902315638000061, 28.566037270000038 ], [ 80.904967764000048, 28.565420958000061 ], [ 80.906668138000043, 28.563041833000057 ], [ 80.908913014000063, 28.562219833000029 ], [ 80.905712201000085, 28.560985833000075 ], [ 80.903190013000085, 28.559400208000056 ], [ 80.901439764000031, 28.558999583000059 ], [ 80.901086826000039, 28.557309458000077 ], [ 80.899761951000073, 28.556087895000076 ], [ 80.896873826000046, 28.555250958000045 ], [ 80.89359657600005, 28.55256808300004 ], [ 80.892786576000049, 28.549638896000033 ], [ 80.893700264000074, 28.547620333000054 ], [ 80.895641014000034, 28.546272645000045 ], [ 80.896189513000081, 28.542272832000037 ], [ 80.898212639000064, 28.540855208000039 ], [ 80.899875326000085, 28.538918396000042 ], [ 80.900149139000064, 28.53744983200005 ], [ 80.902239139000073, 28.535729895000031 ], [ 80.905763014000058, 28.537986271000079 ], [ 80.907511201000034, 28.537432458000069 ], [ 80.910582076000082, 28.53164739500005 ], [ 80.909809388000042, 28.528826646000027 ], [ 80.907464014000084, 28.526686208000058 ], [ 80.906866701000069, 28.524684582000077 ], [ 80.909020951000059, 28.520223270000031 ], [ 80.910695639000039, 28.519337708000023 ], [ 80.913567701000034, 28.514926458000048 ], [ 80.909329576000061, 28.514463395000064 ], [ 80.910180451000031, 28.510775083000055 ], [ 80.911479076000035, 28.509629895000046 ], [ 80.912516638000056, 28.505510645000072 ], [ 80.910706263000066, 28.503302896000037 ], [ 80.911030764000031, 28.501667395000027 ], [ 80.907195951000062, 28.499999771000034 ], [ 80.908937139000045, 28.498080895000044 ], [ 80.910342388000061, 28.49751327000007 ], [ 80.908575451000047, 28.48957702000007 ], [ 80.903216076000035, 28.485787458000061 ], [ 80.904783138000084, 28.477235270000051 ], [ 80.907442451000065, 28.46572139500006 ], [ 80.912449263000042, 28.461020520000034 ], [ 80.917373576000045, 28.457578332000026 ], [ 80.91609651300007, 28.467457520000039 ], [ 80.921295701000076, 28.463688208000065 ], [ 80.919317826000054, 28.459680020000064 ], [ 80.932316888000059, 28.457552770000063 ], [ 80.934115451000082, 28.46299108200003 ], [ 80.944279638000069, 28.468376708000051 ], [ 80.946982576000039, 28.466062896000039 ], [ 80.934054951000064, 28.458629833000032 ], [ 80.946452138000041, 28.454664333000039 ], [ 80.95345413900003, 28.45541595800006 ], [ 80.953480576000061, 28.447469583000043 ], [ 80.965817326000035, 28.449521895000032 ], [ 80.968785826000044, 28.456927521000068 ], [ 80.981576264000068, 28.455192520000026 ], [ 80.980260576000035, 28.454138708000073 ], [ 80.966585701000042, 28.444662146000042 ], [ 80.969824763000076, 28.44281733300005 ], [ 80.966952263000053, 28.437717520000035 ], [ 80.98083607600006, 28.434284020000064 ], [ 80.979593013000056, 28.442426582000053 ], [ 80.990923139000074, 28.441581708000058 ], [ 81.000000013000033, 28.452466021000077 ], [ 81.001450451000039, 28.453939333000051 ], [ 81.017807014000084, 28.451767708000034 ], [ 81.020106951000059, 28.458642083000029 ], [ 81.021164326000076, 28.460604771000078 ], [ 81.022486264000065, 28.460827958000039 ], [ 81.023278576000052, 28.458542333000025 ], [ 81.023397264000039, 28.45572420700006 ], [ 81.025052264000067, 28.455365208000046 ], [ 81.032212138000034, 28.461157646000061 ], [ 81.032838138000045, 28.46257214600007 ], [ 81.032480763000081, 28.465045083000064 ], [ 81.033550888000036, 28.467907958000069 ], [ 81.036781576000067, 28.467230208000046 ], [ 81.040733514000067, 28.467111770000031 ], [ 81.040972201000045, 28.468679771000041 ], [ 81.037465889000032, 28.471758270000066 ], [ 81.037659576000067, 28.473384958000054 ], [ 81.039603389000035, 28.474210145000029 ], [ 81.043190514000059, 28.472724457000027 ], [ 81.046662826000045, 28.473260333000042 ], [ 81.04830645100003, 28.474956395000049 ], [ 81.046031701000061, 28.477393895000034 ], [ 81.042811951000033, 28.479109645000051 ], [ 81.043405076000056, 28.480909958000041 ], [ 81.047709139000062, 28.481790646000036 ], [ 81.045424076000074, 28.483012083000062 ], [ 81.045605451000085, 28.484640957000067 ], [ 81.047180139000034, 28.485960270000078 ], [ 81.047330076000037, 28.487244082000075 ], [ 81.042677889000061, 28.489413833000071 ], [ 81.043099639000047, 28.491789457000039 ], [ 81.046483888000068, 28.494615395000039 ], [ 81.047056826000073, 28.495901208000078 ], [ 81.04651663900006, 28.498087708000071 ], [ 81.045029513000031, 28.501224270000023 ], [ 81.04530445100005, 28.502607208000029 ], [ 81.048724201000084, 28.504672708000044 ], [ 81.04865707600004, 28.506597270000043 ], [ 81.044807138000067, 28.508870583000032 ], [ 81.045000013000049, 28.512015708000035 ], [ 81.043337638000082, 28.516454145000068 ], [ 81.041140326000061, 28.517027896000059 ], [ 81.034191951000082, 28.520005770000068 ], [ 81.03265676400008, 28.519444333000024 ], [ 81.02467088800006, 28.514387645000056 ], [ 81.023499826000034, 28.513914020000072 ], [ 81.019966388000057, 28.515552583000044 ], [ 81.020698201000073, 28.518715708000059 ], [ 81.023762513000065, 28.520623958000044 ], [ 81.025879951000036, 28.523057958000038 ], [ 81.026558138000041, 28.526525645000049 ], [ 81.029210013000068, 28.531089332000079 ], [ 81.026930201000084, 28.532912833000069 ], [ 81.027624514000081, 28.534083645000067 ], [ 81.030903576000071, 28.536625582000056 ], [ 81.035855513000058, 28.539424396000072 ], [ 81.035849638000059, 28.540922520000038 ], [ 81.03277795200006, 28.542628958000023 ], [ 81.030079952000051, 28.543441770000072 ], [ 81.028637451000066, 28.541984582000055 ], [ 81.01835301300008, 28.54206533200005 ], [ 81.017978327000037, 28.539673833000052 ], [ 81.010975013000063, 28.538954896000064 ], [ 81.00367357600004, 28.538783770000066 ], [ 81.002256763000048, 28.537960333000058 ], [ 80.998076138000044, 28.531523395000079 ], [ 80.995575889000065, 28.531857271000035 ], [ 80.991119576000074, 28.534474208000063 ], [ 80.989268138000057, 28.534618521000027 ], [ 80.98939107700005, 28.538388583000028 ], [ 80.991493326000068, 28.541229270000031 ], [ 80.991597388000059, 28.542219770000031 ], [ 80.989474201000064, 28.544114833000037 ], [ 80.98933345100005, 28.545971645000066 ], [ 80.990868014000057, 28.548060958000065 ], [ 80.99017695100008, 28.549813958000072 ], [ 80.992109951000032, 28.551352833000067 ], [ 80.992131576000077, 28.552656895000041 ], [ 80.990178576000062, 28.553198270000053 ], [ 80.989693014000068, 28.557169083000076 ], [ 80.990556826000045, 28.559910458000047 ], [ 80.994103514000074, 28.561814833000028 ], [ 80.99293807600003, 28.563231708000046 ], [ 80.989912014000083, 28.564740895000057 ], [ 80.988591763000045, 28.566911271000038 ], [ 80.99477282600003, 28.566214458000047 ], [ 80.994243639000047, 28.56977239500003 ], [ 80.994426326000053, 28.571439708000071 ], [ 80.993675576000044, 28.575911458000064 ], [ 80.995067514000084, 28.578842270000052 ], [ 80.991577139000071, 28.583895958000028 ], [ 80.988596263000034, 28.584443958000065 ], [ 80.986076389000061, 28.58555152100007 ], [ 80.992124451000052, 28.588110521000033 ] ] ] } },
{ "type": "Feature", "properties": { "STATE_CODE": 7, "DISTRICT": "KAILALI", "GaPa_NaPa": "Chure", "Type_GN": "Gaunpalika", "Province": "Sudur Pashchim" }, "geometry": { "type": "Polygon", "coordinates": [ [ [ 80.738421576000064, 29.010683708000045 ], [ 80.73114238900007, 29.010434708000048 ], [ 80.727224263000039, 29.010909584000046 ], [ 80.724344576000078, 29.009922333000077 ], [ 80.723823076000031, 29.008062334000044 ], [ 80.72239920100003, 29.007147958000076 ], [ 80.720660201000044, 29.009003333000067 ], [ 80.71797351400005, 29.010238521000076 ], [ 80.712578763000067, 29.010078209000028 ], [ 80.705303451000077, 29.009534521000035 ], [ 80.702432763000047, 29.010866021000027 ], [ 80.69755232600005, 29.011678583000048 ], [ 80.694711514000062, 29.014487645000031 ], [ 80.69369107600005, 29.014765083000043 ], [ 80.687524514000074, 29.014051520000066 ], [ 80.684990701000061, 29.014025333000063 ], [ 80.683438514000045, 29.015600833000065 ], [ 80.679924201000063, 29.015353396000023 ], [ 80.678142388000083, 29.01696670900003 ], [ 80.678508201000056, 29.018925770000067 ], [ 80.675398201000064, 29.020678021000037 ], [ 80.673619576000078, 29.018668083000023 ], [ 80.672279389000039, 29.018078271000036 ], [ 80.67050295100006, 29.019251583000027 ], [ 80.667559764000032, 29.01987377100005 ], [ 80.665673764000076, 29.019684083000072 ], [ 80.663440513000069, 29.021408896000025 ], [ 80.660609888000067, 29.022401208000076 ], [ 80.657727826000041, 29.022357771000031 ], [ 80.655497389000061, 29.023834271000055 ], [ 80.650535201000082, 29.025382583000066 ], [ 80.648102639000058, 29.027393084000039 ], [ 80.645009326000036, 29.028555895000068 ], [ 80.642311888000052, 29.03092877000006 ], [ 80.63591576400006, 29.035933459000034 ], [ 80.632946576000052, 29.042350458000044 ], [ 80.629196639000043, 29.045399271000065 ], [ 80.628019264000045, 29.047437708000075 ], [ 80.625255888000083, 29.049692771000025 ], [ 80.624418576000039, 29.052605208000045 ], [ 80.62302251300008, 29.053287083000043 ], [ 80.619914889000086, 29.056583333000049 ], [ 80.619011764000049, 29.058308895000039 ], [ 80.617296513000042, 29.05908908300006 ], [ 80.613722263000057, 29.057869646000029 ], [ 80.611473014000069, 29.055280083000071 ], [ 80.61163988800007, 29.052187583000034 ], [ 80.610242951000032, 29.05010352100004 ], [ 80.607984263000048, 29.04829664600004 ], [ 80.604487014000085, 29.048886458000027 ], [ 80.602629264000029, 29.047759708000058 ], [ 80.598457201000031, 29.048128646000066 ], [ 80.597835326000052, 29.049852584000064 ], [ 80.596007826000061, 29.05200833300006 ], [ 80.595070326000041, 29.054480334000061 ], [ 80.593708638000066, 29.054857521000031 ], [ 80.59247188900008, 29.053249709000056 ], [ 80.591077763000044, 29.052825896000058 ], [ 80.589075138000055, 29.053936458000067 ], [ 80.589422451000075, 29.055537083000047 ], [ 80.587734514000033, 29.055861271000026 ], [ 80.585889076000058, 29.058975583000063 ], [ 80.584635826000067, 29.059352958000034 ], [ 80.583203764000075, 29.057726521000063 ], [ 80.580752514000039, 29.057660146000046 ], [ 80.579250888000047, 29.058878271000026 ], [ 80.579126701000064, 29.060924021000062 ], [ 80.575570764000076, 29.060962458000063 ], [ 80.575021764000041, 29.063661145000026 ], [ 80.57390470100006, 29.064456208000024 ], [ 80.570867763000081, 29.06439464500005 ], [ 80.56838870100006, 29.062263833000031 ], [ 80.56734926300004, 29.062371020000057 ], [ 80.566294826000046, 29.064598834000037 ], [ 80.562806326000043, 29.068093270000077 ], [ 80.560969889000035, 29.061808896000059 ], [ 80.558914638000033, 29.058194833000073 ], [ 80.556880139000043, 29.056378896000069 ], [ 80.55359132600006, 29.054651146000026 ], [ 80.552552138000067, 29.052768459000049 ], [ 80.550692076000075, 29.051027396000052 ], [ 80.546343576000083, 29.049347896000029 ], [ 80.546642075000079, 29.047068146000072 ], [ 80.548257013000068, 29.044434021000029 ], [ 80.54855770100005, 29.038598771000068 ], [ 80.545152576000078, 29.036107958000059 ], [ 80.544055638000032, 29.036711146000073 ], [ 80.537970701000063, 29.031970833000059 ], [ 80.535893201000079, 29.02969639500003 ], [ 80.536019201000045, 29.025563833000035 ], [ 80.534860826000056, 29.024350645000027 ], [ 80.535637326000085, 29.022354521000068 ], [ 80.535398326000063, 29.020330083000033 ], [ 80.537801763000061, 29.01709420800006 ], [ 80.53716126300003, 29.013944895000066 ], [ 80.533363889000043, 29.012318770000036 ], [ 80.531465639000032, 29.010597583000049 ], [ 80.527748450000047, 29.009221958000069 ], [ 80.523750513000039, 29.006284083000025 ], [ 80.522474576000036, 29.004693583000062 ], [ 80.520231763000083, 29.003609459000074 ], [ 80.520672826000066, 28.999227708000035 ], [ 80.52177832600006, 28.998099084000046 ], [ 80.52040270100008, 28.994446271000072 ], [ 80.520686388000058, 28.993298958000025 ], [ 80.519438951000041, 28.990452021000067 ], [ 80.51948582600005, 28.988843584000051 ], [ 80.523489139000048, 28.98723577100003 ], [ 80.525218763000055, 28.987196771000072 ], [ 80.529465701000049, 28.982893708000063 ], [ 80.52925545100004, 28.980312145000028 ], [ 80.529909638000049, 28.977634271000056 ], [ 80.53002607600007, 28.973790458000053 ], [ 80.531499326000073, 28.97231789600005 ], [ 80.531138201000033, 28.969467333000068 ], [ 80.531857888000047, 28.966559583000048 ], [ 80.530913326000075, 28.963727271000039 ], [ 80.532130389000031, 28.960857333000035 ], [ 80.535564076000071, 28.961929583000028 ], [ 80.540058763000047, 28.96231277000004 ], [ 80.542549826000084, 28.961125521000042 ], [ 80.547294826000041, 28.962508709000076 ], [ 80.548425513000041, 28.960807083000077 ], [ 80.549103139000067, 28.957901208000067 ], [ 80.548128263000081, 28.957250520000059 ], [ 80.54500676400005, 28.957172271000047 ], [ 80.54557257600004, 28.955664958000057 ], [ 80.548786826000082, 28.95135102100005 ], [ 80.551865263000082, 28.951201083000058 ], [ 80.554837951000081, 28.949009084000068 ], [ 80.560216451000031, 28.946971584000039 ], [ 80.561690576000046, 28.946915459000024 ], [ 80.565242888000057, 28.948885208000036 ], [ 80.568449576000035, 28.950185959000066 ], [ 80.572152263000078, 28.95383670800004 ], [ 80.577030201000071, 28.953536333000045 ], [ 80.582232701000066, 28.953597708000075 ], [ 80.583576638000068, 28.953082958000039 ], [ 80.588002951000078, 28.956855146000066 ], [ 80.591115639000066, 28.955926083000065 ], [ 80.592067888000031, 28.954726521000055 ], [ 80.591248826000083, 28.952298833000043 ], [ 80.591337951000071, 28.949549021000053 ], [ 80.59313295100003, 28.947950396000067 ], [ 80.597453701000063, 28.949278645000049 ], [ 80.599442263000071, 28.94869127100003 ], [ 80.602077326000085, 28.950242208000077 ], [ 80.607607513000062, 28.952661146000025 ], [ 80.609940951000056, 28.95304914500008 ], [ 80.607632075000083, 28.948862021000025 ], [ 80.607309139000051, 28.947428521000063 ], [ 80.606817576000083, 28.940476271000023 ], [ 80.608094951000055, 28.939600083000073 ], [ 80.612224576000074, 28.940388270000028 ], [ 80.61668363800004, 28.938005021000038 ], [ 80.619452263000085, 28.937760208000043 ], [ 80.622028827000065, 28.936005520000037 ], [ 80.624606763000031, 28.933046083000079 ], [ 80.625087700000051, 28.931073396000045 ], [ 80.62792332600003, 28.92915458300007 ], [ 80.629682701000036, 28.92876689600007 ], [ 80.632655389000035, 28.929111146000025 ], [ 80.634181701000045, 28.928546833000041 ], [ 80.636125139000058, 28.926016271000037 ], [ 80.63992001400004, 28.924593896000033 ], [ 80.64362957600008, 28.920545145000062 ], [ 80.646965076000072, 28.919324396000036 ], [ 80.651351951000038, 28.92011414500007 ], [ 80.657019138000067, 28.918937521000032 ], [ 80.657874388000039, 28.918436584000062 ], [ 80.665426951000029, 28.91700720800003 ], [ 80.667079638000075, 28.917478333000076 ], [ 80.668717014000038, 28.916782958000056 ], [ 80.670032826000067, 28.915069333000076 ], [ 80.673085514000036, 28.914427021000051 ], [ 80.672713951000048, 28.910473583000055 ], [ 80.673538701000041, 28.908501521000062 ], [ 80.671308951000071, 28.905953521000072 ], [ 80.671927263000043, 28.901758771000061 ], [ 80.676134576000038, 28.900214521000066 ], [ 80.676374451000072, 28.897388333000038 ], [ 80.674660513000049, 28.89586358300005 ], [ 80.673344514000064, 28.893065145000037 ], [ 80.672660013000041, 28.887315083000033 ], [ 80.673466513000051, 28.886107770000024 ], [ 80.67353401400004, 28.883278896000036 ], [ 80.675854576000063, 28.881930833000069 ], [ 80.675851264000073, 28.880211708000047 ], [ 80.677366076000055, 28.879114395000045 ], [ 80.67613870100007, 28.877103521000038 ], [ 80.673125201000062, 28.875780895000048 ], [ 80.672798638000074, 28.874986083000067 ], [ 80.673470139000074, 28.870604146000062 ], [ 80.673011451000036, 28.868543333000048 ], [ 80.669736514000078, 28.867188396000074 ], [ 80.668300826000063, 28.86559214600004 ], [ 80.670750701000031, 28.864806270000031 ], [ 80.671666951000077, 28.863781958000061 ], [ 80.675306764000084, 28.862827458000027 ], [ 80.680014701000061, 28.863404958000046 ], [ 80.680474826000079, 28.862643520000063 ], [ 80.677195138000059, 28.85924714600003 ], [ 80.677879076000067, 28.854899021000051 ], [ 80.677049701000044, 28.853232083000023 ], [ 80.677094951000072, 28.847713833000057 ], [ 80.676785076000044, 28.845993958000065 ], [ 80.679292951000036, 28.84062152100006 ], [ 80.680648138000038, 28.838738645000035 ], [ 80.682041326000046, 28.834870520000038 ], [ 80.68313413900006, 28.833386333000078 ], [ 80.683042951000061, 28.829151458000069 ], [ 80.684676388000071, 28.825344771000061 ], [ 80.688394389000052, 28.822828896000033 ], [ 80.691215951000061, 28.821450145000028 ], [ 80.695595575000084, 28.817372083000066 ], [ 80.697574514000053, 28.815952895000066 ], [ 80.698288951000052, 28.813380333000055 ], [ 80.700452951000045, 28.810607895000032 ], [ 80.703511826000067, 28.804308895000077 ], [ 80.704352201000063, 28.799676770000076 ], [ 80.705311013000085, 28.796306021000078 ], [ 80.706937388000085, 28.795646271000066 ], [ 80.71655763800004, 28.798818521000044 ], [ 80.718666639000048, 28.802017645000035 ], [ 80.72557695100005, 28.798904833000051 ], [ 80.728518014000031, 28.798182083000029 ], [ 80.728149951000034, 28.795778583000072 ], [ 80.729346013000054, 28.794682271000056 ], [ 80.729136389000075, 28.792446083000073 ], [ 80.739048076000074, 28.79071033300005 ], [ 80.742214638000064, 28.79124889600007 ], [ 80.743447513000035, 28.790953395000031 ], [ 80.748005763000037, 28.788072020000072 ], [ 80.756010201000038, 28.78613514500006 ], [ 80.757239638000044, 28.788143021000053 ], [ 80.758163139000033, 28.792365833000076 ], [ 80.759830014000045, 28.793138146000047 ], [ 80.759918638000045, 28.796089270000039 ], [ 80.761832514000048, 28.800483021000048 ], [ 80.765839326000048, 28.802861146000055 ], [ 80.767380951000064, 28.805489895000051 ], [ 80.768320139000082, 28.81111370800005 ], [ 80.769421701000056, 28.813121271000057 ], [ 80.772604826000077, 28.815847521000023 ], [ 80.775830514000063, 28.817581020000034 ], [ 80.780787951000036, 28.819125583000073 ], [ 80.784111701000029, 28.818178896000063 ], [ 80.786615201000075, 28.819326708000062 ], [ 80.789105263000067, 28.817945395000038 ], [ 80.788233826000067, 28.815119395000067 ], [ 80.78908970100008, 28.812318646000051 ], [ 80.793437576000031, 28.805780458000072 ], [ 80.795497451000074, 28.803477896000061 ], [ 80.797127014000068, 28.804267708000054 ], [ 80.797277701000041, 28.808595145000027 ], [ 80.800417763000041, 28.810709270000075 ], [ 80.805976451000049, 28.811619771000039 ], [ 80.809095826000032, 28.814153333000036 ], [ 80.812903264000056, 28.815397145000077 ], [ 80.815775951000035, 28.814697271000057 ], [ 80.81755826400007, 28.815450958000042 ], [ 80.818588639000041, 28.816979708000076 ], [ 80.820711201000051, 28.818045208000058 ], [ 80.821772388000056, 28.824490021000031 ], [ 80.823135763000039, 28.826691458000028 ], [ 80.824531764000085, 28.830539958000031 ], [ 80.827280014000053, 28.835191020000025 ], [ 80.828962076000039, 28.840488271000027 ], [ 80.829171826000049, 28.842097021000029 ], [ 80.831678576000058, 28.844848083000045 ], [ 80.83310988900007, 28.844755145000079 ], [ 80.836358576000066, 28.848201895000045 ], [ 80.837939264000056, 28.851777458000072 ], [ 80.840185513000051, 28.853185646000043 ], [ 80.840634763000082, 28.857165896000026 ], [ 80.839420639000082, 28.859783771000025 ], [ 80.839466826000034, 28.862078333000056 ], [ 80.842525826000042, 28.866497021000043 ], [ 80.845181701000058, 28.871693583000024 ], [ 80.845954138000081, 28.874530333000052 ], [ 80.848080139000047, 28.876206770000067 ], [ 80.851398326000037, 28.879558458000076 ], [ 80.853582076000066, 28.882496021000065 ], [ 80.856497201000082, 28.885589958000025 ], [ 80.860768951000068, 28.888525083000047 ], [ 80.860158701000046, 28.891926584000032 ], [ 80.858237139000039, 28.893898646000025 ], [ 80.856229951000046, 28.897262583000042 ], [ 80.853990201000045, 28.90293639600003 ], [ 80.855142201000035, 28.904677083000024 ], [ 80.857516389000068, 28.906340083000032 ], [ 80.860550451000051, 28.907656271000064 ], [ 80.861814576000086, 28.90881495800005 ], [ 80.86324451400003, 28.91166133300004 ], [ 80.864134451000041, 28.915204208000034 ], [ 80.863461201000064, 28.917520521000029 ], [ 80.860596326000064, 28.919367584000042 ], [ 80.85901270100004, 28.921836271000075 ], [ 80.857934139000065, 28.927170708000062 ], [ 80.857065576000082, 28.929617646000054 ], [ 80.857895764000034, 28.930902208000077 ], [ 80.858897327000079, 28.934600958000033 ], [ 80.860126451000042, 28.93556783300005 ], [ 80.860017451000033, 28.937938833000032 ], [ 80.858001638000076, 28.938807521000058 ], [ 80.854453388000081, 28.938668396000025 ], [ 80.852743264000082, 28.937825021000037 ], [ 80.85066295200005, 28.937779833000036 ], [ 80.844631701000083, 28.941538395000066 ], [ 80.843970201000047, 28.942636333000053 ], [ 80.839655576000041, 28.944801583000071 ], [ 80.838947638000036, 28.946670958000027 ], [ 80.837999826000043, 28.946509646000038 ], [ 80.833434763000071, 28.940293208000071 ], [ 80.833976389000043, 28.937390333000053 ], [ 80.833122263000064, 28.936220646000038 ], [ 80.831306951000045, 28.936080771000036 ], [ 80.830771263000031, 28.93369089600003 ], [ 80.827582576000054, 28.931658709000033 ], [ 80.822804826000038, 28.930623708000041 ], [ 80.818358388000036, 28.931572083000049 ], [ 80.817969264000055, 28.933001895000075 ], [ 80.818760889000032, 28.936242646000039 ], [ 80.817689888000075, 28.938747708000051 ], [ 80.816784513000073, 28.939319521000073 ], [ 80.812280451000049, 28.938541771000075 ], [ 80.812024701000041, 28.942739896000035 ], [ 80.807592701000033, 28.943884208000043 ], [ 80.80716145100007, 28.94525752100003 ], [ 80.808994514000062, 28.946988271000066 ], [ 80.811402076000036, 28.954125270000077 ], [ 80.81096532600003, 28.956398709000041 ], [ 80.809279138000079, 28.957722959000023 ], [ 80.805705513000078, 28.959193271000061 ], [ 80.80543801400006, 28.960260021000067 ], [ 80.806723514000055, 28.962378021000063 ], [ 80.808108201000039, 28.967219208000074 ], [ 80.804783388000033, 28.972276959000055 ], [ 80.801527014000044, 28.975272770000061 ], [ 80.800528326000062, 28.976764771000035 ], [ 80.794179451000048, 28.979347396000037 ], [ 80.788772014000074, 28.980277521000062 ], [ 80.786580013000048, 28.983315208000079 ], [ 80.784253326000055, 28.985023771000044 ], [ 80.779812264000043, 28.984881208000047 ], [ 80.777366326000049, 28.985477333000063 ], [ 80.774518513000032, 28.984969458000023 ], [ 80.771737701000063, 28.985136271000044 ], [ 80.764017826000043, 28.988046771000029 ], [ 80.762372138000046, 28.989429021000035 ], [ 80.763146263000067, 28.992593271000032 ], [ 80.762473888000045, 28.996260458000052 ], [ 80.765232576000074, 28.999796021000066 ], [ 80.764892263000036, 29.001478396000039 ], [ 80.76167732600004, 29.003277584000045 ], [ 80.75457738800003, 29.002590208000072 ], [ 80.752018139000029, 29.004033896000067 ], [ 80.750252451000051, 29.006043021000039 ], [ 80.745923701000038, 29.008581959000026 ], [ 80.741599138000083, 29.010353708000025 ], [ 80.738421576000064, 29.010683708000045 ] ] ] } },
{ "type": "Feature", "properties": { "STATE_CODE": 7, "DISTRICT": "KAILALI", "GaPa_NaPa": "Dhangadhi", "Type_GN": "Upamahanagarpalika", "Province": "Sudur Pashchim" }, "geometry": { "type": "Polygon", "coordinates": [ [ [ 80.65954976300003, 28.752046708000023 ], [ 80.653907139000069, 28.749397271000078 ], [ 80.653398389000074, 28.745977958000026 ], [ 80.654366951000043, 28.744653833000029 ], [ 80.656634139000062, 28.743707583000059 ], [ 80.659444076000057, 28.743583833000059 ], [ 80.663243201000057, 28.73828695800006 ], [ 80.663131388000068, 28.737429458000065 ], [ 80.660825763000048, 28.733883770000034 ], [ 80.658855076000066, 28.732626708000055 ], [ 80.659211451000033, 28.730279021000058 ], [ 80.655972201000054, 28.730266270000072 ], [ 80.65521151300004, 28.729140771000061 ], [ 80.651835701000039, 28.727564146000077 ], [ 80.648598701000083, 28.727970895000055 ], [ 80.643279325000037, 28.726319020000062 ], [ 80.63958251300005, 28.726178396000023 ], [ 80.63655613800006, 28.732902520000039 ], [ 80.633396201000039, 28.738572583000064 ], [ 80.633100701000046, 28.740812145000064 ], [ 80.634062013000062, 28.743925833000048 ], [ 80.636171388000037, 28.747724020000078 ], [ 80.63571726300006, 28.758247458000028 ], [ 80.639344326000071, 28.757875958000056 ], [ 80.63966313800006, 28.760378770000045 ], [ 80.637354388000062, 28.762475271000028 ], [ 80.636700388000065, 28.765110895000078 ], [ 80.637872701000049, 28.766438396000069 ], [ 80.638218763000054, 28.768354708000061 ], [ 80.639962451000031, 28.770721521000041 ], [ 80.641099451000059, 28.769296396000072 ], [ 80.644287764000069, 28.767698520000067 ], [ 80.647081701000047, 28.768642145000058 ], [ 80.64333970000007, 28.771648708000043 ], [ 80.639472513000044, 28.776170896000053 ], [ 80.639521638000076, 28.777623958000049 ], [ 80.638503951000075, 28.779969833000052 ], [ 80.635179013000084, 28.782332020000069 ], [ 80.634311951000029, 28.780549646000054 ], [ 80.630245263000063, 28.775561645000039 ], [ 80.626132325000071, 28.774839645000043 ], [ 80.623627950000071, 28.773650520000047 ], [ 80.621382700000083, 28.773504332000073 ], [ 80.616842888000065, 28.774732395000058 ], [ 80.613949514000069, 28.774638458000027 ], [ 80.613805951000074, 28.772867020000035 ], [ 80.611550201000057, 28.770205146000023 ], [ 80.609953701000052, 28.769835020000073 ], [ 80.609419201000037, 28.773619208000071 ], [ 80.609990013000072, 28.776515395000047 ], [ 80.610481513000082, 28.782939895000027 ], [ 80.607891700000039, 28.784491333000062 ], [ 80.604233950000037, 28.781441770000072 ], [ 80.602709076000053, 28.779451895000079 ], [ 80.602548951000074, 28.77584170800003 ], [ 80.599812075000045, 28.774917646000063 ], [ 80.597307263000062, 28.77551939500006 ], [ 80.59456988800008, 28.774843396000051 ], [ 80.59094163900005, 28.775899583000069 ], [ 80.589301826000053, 28.775876521000043 ], [ 80.585763263000047, 28.770020145000046 ], [ 80.584000450000076, 28.768352020000066 ], [ 80.582574950000037, 28.768728958000054 ], [ 80.578770638000037, 28.764464458000077 ], [ 80.573997076000069, 28.765600020000079 ], [ 80.572357388000057, 28.765436958000066 ], [ 80.568512639000062, 28.76632945800003 ], [ 80.566300951000073, 28.763393958000051 ], [ 80.561539451000044, 28.761395520000065 ], [ 80.556759763000059, 28.764037583000061 ], [ 80.552003201000048, 28.764964958000064 ], [ 80.542756576000045, 28.764812146000054 ], [ 80.540317951000077, 28.765049770000076 ], [ 80.541943888000048, 28.763203083000064 ], [ 80.542472639000039, 28.761219520000054 ], [ 80.542714513000078, 28.756252458000063 ], [ 80.546622575000072, 28.751807583000073 ], [ 80.549281201000042, 28.750623020000035 ], [ 80.552215513000078, 28.750698208000074 ], [ 80.556881388000079, 28.754950520000079 ], [ 80.558484951000082, 28.753223083000023 ], [ 80.557304201000079, 28.751590333000024 ], [ 80.554092139000034, 28.749411646000055 ], [ 80.553208201000075, 28.74573358300006 ], [ 80.551715951000062, 28.743950896000058 ], [ 80.548480888000086, 28.741835145000039 ], [ 80.545313951000082, 28.740495708000026 ], [ 80.54151470100004, 28.740273083000034 ], [ 80.539848326000083, 28.73864302000004 ], [ 80.541397263000079, 28.73624102000008 ], [ 80.546071513000072, 28.734244395000076 ], [ 80.550518326000031, 28.734498396000049 ], [ 80.552948826000033, 28.733225020000077 ], [ 80.555062389000057, 28.728965708000032 ], [ 80.557286201000068, 28.725509895000073 ], [ 80.561042076000035, 28.723038208000048 ], [ 80.560286451000081, 28.722106208000071 ], [ 80.55485701300006, 28.721395833000031 ], [ 80.552512139000044, 28.720052520000024 ], [ 80.551241514000083, 28.71808095800003 ], [ 80.552026638000029, 28.713339021000024 ], [ 80.551174264000053, 28.711948708000079 ], [ 80.548161076000042, 28.711433270000043 ], [ 80.544376451000062, 28.71508902000005 ], [ 80.541489139000078, 28.716507395000065 ], [ 80.540358138000045, 28.715955271000041 ], [ 80.539797951000082, 28.71325283300007 ], [ 80.540597264000041, 28.710570833000077 ], [ 80.543675264000058, 28.70741595800007 ], [ 80.54370738800003, 28.705983395000032 ], [ 80.542284076000044, 28.702937396000038 ], [ 80.545525763000057, 28.700992270000029 ], [ 80.544481451000081, 28.698394271000041 ], [ 80.544531514000084, 28.696140583000044 ], [ 80.546294389000082, 28.695580208000024 ], [ 80.55032282600007, 28.695176270000047 ], [ 80.55193913800008, 28.694385270000055 ], [ 80.555889535000063, 28.690691750000042 ], [ 80.570359701000029, 28.687861583000029 ], [ 80.592092513000068, 28.679682833000072 ], [ 80.581867701000078, 28.661234958000023 ], [ 80.599275951000038, 28.655911271000036 ], [ 80.591402076000065, 28.64768902000003 ], [ 80.606067951000057, 28.651669395000056 ], [ 80.607933638000077, 28.652317708000055 ], [ 80.613257013000066, 28.639249832000075 ], [ 80.634960201000069, 28.63726827000005 ], [ 80.64320020100007, 28.643221520000054 ], [ 80.65292295100005, 28.633865770000057 ], [ 80.669301701000052, 28.64184158300003 ], [ 80.672450201000061, 28.628292083000076 ], [ 80.676019450000069, 28.624643458000037 ], [ 80.681251638000049, 28.620412083000076 ], [ 80.679083701000081, 28.604293583000072 ], [ 80.69730482600005, 28.60339689500006 ], [ 80.697367576000033, 28.603130833000023 ], [ 80.691968326000051, 28.587023270000032 ], [ 80.705611951000037, 28.578714770000033 ], [ 80.716323388000035, 28.567829083000049 ], [ 80.725638139000068, 28.574501645000055 ], [ 80.726500951000048, 28.574553021000042 ], [ 80.740305201000069, 28.56580589500004 ], [ 80.740105764000077, 28.574160083000038 ], [ 80.74998501400006, 28.571329146000039 ], [ 80.751450888000079, 28.570733958000062 ], [ 80.753977451000083, 28.573001458000078 ], [ 80.753418139000075, 28.57529045800004 ], [ 80.753974326000048, 28.576954271000034 ], [ 80.756919264000032, 28.578015458000039 ], [ 80.757787138000083, 28.579914458000076 ], [ 80.755543826000064, 28.582304208000039 ], [ 80.749486576000038, 28.587112332000061 ], [ 80.743077139000036, 28.589462520000041 ], [ 80.740037451000035, 28.592707896000036 ], [ 80.739489389000084, 28.594561396000074 ], [ 80.740580763000082, 28.596575958000074 ], [ 80.738697013000035, 28.598648020000041 ], [ 80.734910951000074, 28.596804145000078 ], [ 80.731636638000055, 28.597373020000077 ], [ 80.730374139000048, 28.59883252000003 ], [ 80.728745263000064, 28.603463395000063 ], [ 80.731672013000036, 28.605829208000046 ], [ 80.730018701000063, 28.606870521000076 ], [ 80.727817701000049, 28.609975083000052 ], [ 80.725203263000083, 28.60915314600004 ], [ 80.722174513000084, 28.610965395000051 ], [ 80.722953764000067, 28.614719021000042 ], [ 80.721919826000033, 28.618234146000077 ], [ 80.722122263000074, 28.61952958300003 ], [ 80.724919326000077, 28.621854646000031 ], [ 80.727582576000032, 28.626383583000063 ], [ 80.72519188900003, 28.629869020000058 ], [ 80.722410701000058, 28.631620896000072 ], [ 80.71869988800006, 28.632400646000065 ], [ 80.719739326000081, 28.635107895000033 ], [ 80.719830076000051, 28.638239583000029 ], [ 80.718992513000046, 28.640514333000056 ], [ 80.724111764000043, 28.644288083000049 ], [ 80.72491601300004, 28.64787695800004 ], [ 80.725889451000057, 28.649271020000072 ], [ 80.726181576000045, 28.656184396000072 ], [ 80.724244451000061, 28.658939708000048 ], [ 80.722957701000041, 28.663469645000077 ], [ 80.72094295100004, 28.66880352000004 ], [ 80.719080826000038, 28.672761458000025 ], [ 80.717427514000065, 28.674903583000059 ], [ 80.718251013000042, 28.675762646000067 ], [ 80.722478826000042, 28.675315708000028 ], [ 80.724791763000042, 28.676362708000056 ], [ 80.727036076000047, 28.676358208000067 ], [ 80.731693514000085, 28.675395083000069 ], [ 80.733501888000035, 28.674281895000036 ], [ 80.739598201000035, 28.671672145000059 ], [ 80.743568076000031, 28.671494708000068 ], [ 80.751399264000042, 28.670539146000067 ], [ 80.75424451300006, 28.672263520000058 ], [ 80.75142788900007, 28.673334583000042 ], [ 80.754058951000047, 28.675854958000059 ], [ 80.75581320100008, 28.681035958000052 ], [ 80.754651263000085, 28.683249395000075 ], [ 80.751611826000044, 28.685897083000043 ], [ 80.752358951000076, 28.686864021000076 ], [ 80.750557076000064, 28.688593458000071 ], [ 80.75020538900003, 28.691234708000025 ], [ 80.74831501400007, 28.692345770000031 ], [ 80.748665888000062, 28.693682021000029 ], [ 80.751307888000042, 28.694334396000045 ], [ 80.749764139000035, 28.698284271000034 ], [ 80.747781638000049, 28.699090583000043 ], [ 80.743962389000046, 28.699365395000029 ], [ 80.745199264000064, 28.700969583000074 ], [ 80.743287701000042, 28.703323646000058 ], [ 80.744354451000049, 28.705577271000038 ], [ 80.743169951000084, 28.706344333000061 ], [ 80.739395264000052, 28.711390833000053 ], [ 80.741322826000044, 28.712491021000062 ], [ 80.739020201000073, 28.713772583000036 ], [ 80.737993201000052, 28.715451396000049 ], [ 80.74059257600004, 28.716986083000052 ], [ 80.738273763000052, 28.719316708000065 ], [ 80.733954575000041, 28.719118708000053 ], [ 80.734699076000084, 28.721022145000063 ], [ 80.736122076000072, 28.720654895000052 ], [ 80.735554576000084, 28.723437833000048 ], [ 80.733956826000053, 28.72732645800005 ], [ 80.736305514000037, 28.730329458000028 ], [ 80.734820138000032, 28.731113958000037 ], [ 80.730093389000046, 28.731948395000074 ], [ 80.727364951000084, 28.730871270000023 ], [ 80.725804763000042, 28.735050896000075 ], [ 80.724241889000041, 28.740600083000061 ], [ 80.726494638000077, 28.744636270000058 ], [ 80.726613951000047, 28.747228771000039 ], [ 80.727916888000038, 28.750001895000025 ], [ 80.728518014000031, 28.755036458000063 ], [ 80.729713264000054, 28.756304583000031 ], [ 80.728088888000059, 28.757239833000028 ], [ 80.726410076000036, 28.757053708000058 ], [ 80.725963575000037, 28.759035833000041 ], [ 80.723753326000065, 28.762566708000065 ], [ 80.721941076000064, 28.762815708000062 ], [ 80.718442889000073, 28.767440145000023 ], [ 80.717998138000041, 28.770848270000045 ], [ 80.71629413900007, 28.772913521000078 ], [ 80.712749264000081, 28.773573833000057 ], [ 80.708958388000042, 28.775050270000065 ], [ 80.707134576000044, 28.776176583000051 ], [ 80.704202451000072, 28.77603483300004 ], [ 80.701866951000056, 28.774504583000066 ], [ 80.70095376300003, 28.773142146000055 ], [ 80.699615388000041, 28.767011646000071 ], [ 80.69862557600004, 28.764712708000047 ], [ 80.696821201000034, 28.763991270000076 ], [ 80.692168138000056, 28.763448271000073 ], [ 80.687810201000048, 28.761498020000033 ], [ 80.684642889000031, 28.761181583000052 ], [ 80.684706326000082, 28.759255020000069 ], [ 80.688407076000033, 28.760111896000069 ], [ 80.68942013800006, 28.758122208000032 ], [ 80.688209576000077, 28.756337020000046 ], [ 80.686321575000079, 28.755403146000049 ], [ 80.683479451000039, 28.75493627000003 ], [ 80.68293420100008, 28.757561083000041 ], [ 80.677593451000064, 28.760842271000058 ], [ 80.67627557600008, 28.763178770000025 ], [ 80.675969326000029, 28.767832333000058 ], [ 80.676826451000068, 28.770435708000036 ], [ 80.676356576000046, 28.772110833000056 ], [ 80.672922326000048, 28.770572958000059 ], [ 80.670141201000035, 28.77053008300004 ], [ 80.66982601400008, 28.767664020000041 ], [ 80.669029201000058, 28.76548045800007 ], [ 80.669162388000075, 28.763019396000061 ], [ 80.671336076000046, 28.759202896000033 ], [ 80.673030763000042, 28.757957146000024 ], [ 80.673293451000063, 28.755518896000069 ], [ 80.670779326000059, 28.754673521000029 ], [ 80.669293389000075, 28.752427333000071 ], [ 80.665341889000047, 28.748455896000053 ], [ 80.663725764000048, 28.750773458000026 ], [ 80.65954976300003, 28.752046708000023 ] ] ] } },
{ "type": "Feature", "properties": { "STATE_CODE": 7, "DISTRICT": "KAILALI", "GaPa_NaPa": "Gauriganga", "Type_GN": "Nagarpalika", "Province": "Sudur Pashchim" }, "geometry": { "type": "Polygon", "coordinates": [ [ [ 80.805976451000049, 28.811619771000039 ], [ 80.800417763000041, 28.810709270000075 ], [ 80.797277701000041, 28.808595145000027 ], [ 80.797127014000068, 28.804267708000054 ], [ 80.795497451000074, 28.803477896000061 ], [ 80.793437576000031, 28.805780458000072 ], [ 80.78908970100008, 28.812318646000051 ], [ 80.788233826000067, 28.815119395000067 ], [ 80.789105263000067, 28.817945395000038 ], [ 80.786615201000075, 28.819326708000062 ], [ 80.784111701000029, 28.818178896000063 ], [ 80.780787951000036, 28.819125583000073 ], [ 80.775830514000063, 28.817581020000034 ], [ 80.772604826000077, 28.815847521000023 ], [ 80.769421701000056, 28.813121271000057 ], [ 80.768320139000082, 28.81111370800005 ], [ 80.767380951000064, 28.805489895000051 ], [ 80.765839326000048, 28.802861146000055 ], [ 80.761832514000048, 28.800483021000048 ], [ 80.759918638000045, 28.796089270000039 ], [ 80.759830014000045, 28.793138146000047 ], [ 80.758163139000033, 28.792365833000076 ], [ 80.757239638000044, 28.788143021000053 ], [ 80.756010201000038, 28.78613514500006 ], [ 80.748005763000037, 28.788072020000072 ], [ 80.743447513000035, 28.790953395000031 ], [ 80.742214638000064, 28.79124889600007 ], [ 80.739048076000074, 28.79071033300005 ], [ 80.729136389000075, 28.792446083000073 ], [ 80.729346013000054, 28.794682271000056 ], [ 80.728149951000034, 28.795778583000072 ], [ 80.728518014000031, 28.798182083000029 ], [ 80.72557695100005, 28.798904833000051 ], [ 80.718666639000048, 28.802017645000035 ], [ 80.71655763800004, 28.798818521000044 ], [ 80.706937388000085, 28.795646271000066 ], [ 80.705311013000085, 28.796306021000078 ], [ 80.704352201000063, 28.799676770000076 ], [ 80.703511826000067, 28.804308895000077 ], [ 80.700452951000045, 28.810607895000032 ], [ 80.698288951000052, 28.813380333000055 ], [ 80.697574514000053, 28.815952895000066 ], [ 80.695595575000084, 28.817372083000066 ], [ 80.691215951000061, 28.821450145000028 ], [ 80.688394389000052, 28.822828896000033 ], [ 80.684676388000071, 28.825344771000061 ], [ 80.683042951000061, 28.829151458000069 ], [ 80.68313413900006, 28.833386333000078 ], [ 80.682041326000046, 28.834870520000038 ], [ 80.680648138000038, 28.838738645000035 ], [ 80.679292951000036, 28.84062152100006 ], [ 80.676785076000044, 28.845993958000065 ], [ 80.677094951000072, 28.847713833000057 ], [ 80.677049701000044, 28.853232083000023 ], [ 80.677879076000067, 28.854899021000051 ], [ 80.677195138000059, 28.85924714600003 ], [ 80.680474826000079, 28.862643520000063 ], [ 80.680014701000061, 28.863404958000046 ], [ 80.675306764000084, 28.862827458000027 ], [ 80.671666951000077, 28.863781958000061 ], [ 80.670750701000031, 28.864806270000031 ], [ 80.668300826000063, 28.86559214600004 ], [ 80.668031076000034, 28.864294208000047 ], [ 80.666210388000081, 28.862279583000031 ], [ 80.661755951000032, 28.860039458000074 ], [ 80.659270888000037, 28.857504208000023 ], [ 80.655160264000074, 28.855530958000031 ], [ 80.651254201000086, 28.852396208000073 ], [ 80.650316639000039, 28.850843958000041 ], [ 80.648657701000047, 28.843196083000066 ], [ 80.647394451000082, 28.840715583000076 ], [ 80.646687701000076, 28.836691208000047 ], [ 80.646712451000042, 28.832499458000029 ], [ 80.646285513000066, 28.829570021000052 ], [ 80.646573201000081, 28.823659833000079 ], [ 80.644367264000039, 28.817271645000062 ], [ 80.640439013000048, 28.810946458000046 ], [ 80.637688576000073, 28.801278583000055 ], [ 80.638083451000057, 28.798755020000044 ], [ 80.641759451000041, 28.800028271000031 ], [ 80.645622201000037, 28.80195395800007 ], [ 80.647333138000079, 28.801412458000073 ], [ 80.649527826000053, 28.803935895000052 ], [ 80.654007014000058, 28.802841958000045 ], [ 80.655231388000061, 28.799445208000066 ], [ 80.653605201000062, 28.798188895000067 ], [ 80.656225889000041, 28.795337145000076 ], [ 80.658386451000069, 28.795085458000074 ], [ 80.659951138000054, 28.794083208000075 ], [ 80.65891595100004, 28.792065896000054 ], [ 80.655114139000034, 28.790411520000077 ], [ 80.655189888000052, 28.789396521000072 ], [ 80.65283363900005, 28.787752583000042 ], [ 80.650599139000064, 28.784847708000029 ], [ 80.649670326000034, 28.780861083000048 ], [ 80.646784263000029, 28.776361708000024 ], [ 80.646729951000054, 28.77536658300005 ], [ 80.652535888000045, 28.773069146000068 ], [ 80.655314764000082, 28.771359395000047 ], [ 80.661015389000056, 28.770805270000039 ], [ 80.662815264000074, 28.769907396000065 ], [ 80.663172763000034, 28.766609833000075 ], [ 80.662087826000061, 28.763105708000069 ], [ 80.660726639000075, 28.761241021000046 ], [ 80.658582201000058, 28.760055645000079 ], [ 80.658619889000079, 28.758508083000038 ], [ 80.66032976300005, 28.755854708000072 ], [ 80.660695701000066, 28.753872521000062 ], [ 80.65954976300003, 28.752046708000023 ], [ 80.663725764000048, 28.750773458000026 ], [ 80.665341889000047, 28.748455896000053 ], [ 80.669293389000075, 28.752427333000071 ], [ 80.670779326000059, 28.754673521000029 ], [ 80.673293451000063, 28.755518896000069 ], [ 80.673030763000042, 28.757957146000024 ], [ 80.671336076000046, 28.759202896000033 ], [ 80.669162388000075, 28.763019396000061 ], [ 80.669029201000058, 28.76548045800007 ], [ 80.66982601400008, 28.767664020000041 ], [ 80.670141201000035, 28.77053008300004 ], [ 80.672922326000048, 28.770572958000059 ], [ 80.676356576000046, 28.772110833000056 ], [ 80.676826451000068, 28.770435708000036 ], [ 80.675969326000029, 28.767832333000058 ], [ 80.67627557600008, 28.763178770000025 ], [ 80.677593451000064, 28.760842271000058 ], [ 80.68293420100008, 28.757561083000041 ], [ 80.683479451000039, 28.75493627000003 ], [ 80.686321575000079, 28.755403146000049 ], [ 80.688209576000077, 28.756337020000046 ], [ 80.68942013800006, 28.758122208000032 ], [ 80.688407076000033, 28.760111896000069 ], [ 80.684706326000082, 28.759255020000069 ], [ 80.684642889000031, 28.761181583000052 ], [ 80.687810201000048, 28.761498020000033 ], [ 80.692168138000056, 28.763448271000073 ], [ 80.696821201000034, 28.763991270000076 ], [ 80.69862557600004, 28.764712708000047 ], [ 80.699615388000041, 28.767011646000071 ], [ 80.70095376300003, 28.773142146000055 ], [ 80.701866951000056, 28.774504583000066 ], [ 80.704202451000072, 28.77603483300004 ], [ 80.707134576000044, 28.776176583000051 ], [ 80.708958388000042, 28.775050270000065 ], [ 80.712749264000081, 28.773573833000057 ], [ 80.71629413900007, 28.772913521000078 ], [ 80.717998138000041, 28.770848270000045 ], [ 80.718442889000073, 28.767440145000023 ], [ 80.721941076000064, 28.762815708000062 ], [ 80.723753326000065, 28.762566708000065 ], [ 80.725963575000037, 28.759035833000041 ], [ 80.726410076000036, 28.757053708000058 ], [ 80.728088888000059, 28.757239833000028 ], [ 80.729713264000054, 28.756304583000031 ], [ 80.728518014000031, 28.755036458000063 ], [ 80.727916888000038, 28.750001895000025 ], [ 80.726613951000047, 28.747228771000039 ], [ 80.726494638000077, 28.744636270000058 ], [ 80.724241889000041, 28.740600083000061 ], [ 80.725804763000042, 28.735050896000075 ], [ 80.727364951000084, 28.730871270000023 ], [ 80.730093389000046, 28.731948395000074 ], [ 80.734820138000032, 28.731113958000037 ], [ 80.736305514000037, 28.730329458000028 ], [ 80.733956826000053, 28.72732645800005 ], [ 80.735554576000084, 28.723437833000048 ], [ 80.736122076000072, 28.720654895000052 ], [ 80.734699076000084, 28.721022145000063 ], [ 80.733954575000041, 28.719118708000053 ], [ 80.738273763000052, 28.719316708000065 ], [ 80.74059257600004, 28.716986083000052 ], [ 80.737993201000052, 28.715451396000049 ], [ 80.739020201000073, 28.713772583000036 ], [ 80.741322826000044, 28.712491021000062 ], [ 80.739395264000052, 28.711390833000053 ], [ 80.743169951000084, 28.706344333000061 ], [ 80.744354451000049, 28.705577271000038 ], [ 80.743287701000042, 28.703323646000058 ], [ 80.745199264000064, 28.700969583000074 ], [ 80.743962389000046, 28.699365395000029 ], [ 80.747781638000049, 28.699090583000043 ], [ 80.749764139000035, 28.698284271000034 ], [ 80.751307888000042, 28.694334396000045 ], [ 80.754835076000063, 28.694846208000058 ], [ 80.757425639000076, 28.692281145000038 ], [ 80.759816826000076, 28.692143271000077 ], [ 80.760852013000033, 28.694335833000025 ], [ 80.763615264000066, 28.692463583000062 ], [ 80.769882888000041, 28.693530270000053 ], [ 80.771146388000034, 28.702031208000051 ], [ 80.772143013000061, 28.703106771000023 ], [ 80.772439764000069, 28.705512333000058 ], [ 80.774242326000035, 28.706866770000033 ], [ 80.780599701000085, 28.706008646000043 ], [ 80.782216326000082, 28.704362020000076 ], [ 80.78546801300007, 28.702602895000041 ], [ 80.788672638000037, 28.702283083000054 ], [ 80.790309139000044, 28.70158845800006 ], [ 80.792169326000078, 28.699745833000065 ], [ 80.793667451000033, 28.699502208000069 ], [ 80.798185826000065, 28.695231396000054 ], [ 80.804150263000054, 28.693119395000053 ], [ 80.808038201000045, 28.693397958000048 ], [ 80.811588764000078, 28.694142958000043 ], [ 80.813239576000058, 28.693606020000061 ], [ 80.813026076000085, 28.691345083000044 ], [ 80.819871826000053, 28.688279270000066 ], [ 80.821595764000051, 28.687142208000068 ], [ 80.81997670100003, 28.684180021000032 ], [ 80.820350013000052, 28.680972270000041 ], [ 80.823056076000057, 28.679353708000065 ], [ 80.821875076000083, 28.676685396000039 ], [ 80.822773076000033, 28.676260145000072 ], [ 80.82140501300006, 28.673435958000027 ], [ 80.820531576000064, 28.670138583000039 ], [ 80.824169201000075, 28.667167458000051 ], [ 80.82312657600005, 28.665361208000036 ], [ 80.819477389000042, 28.66352889500007 ], [ 80.818827888000044, 28.660042333000035 ], [ 80.815861326000061, 28.658930520000069 ], [ 80.814406826000038, 28.656140020000066 ], [ 80.81378632600007, 28.653208396000025 ], [ 80.810080701000061, 28.652106770000046 ], [ 80.808433826000055, 28.650863583000046 ], [ 80.812470389000055, 28.649350833000028 ], [ 80.813439576000064, 28.651073583000027 ], [ 80.819213701000081, 28.649289958000054 ], [ 80.822582701000044, 28.646357020000039 ], [ 80.826100076000046, 28.644437083000071 ], [ 80.830666139000073, 28.644603020000034 ], [ 80.836828388000072, 28.641124833000049 ], [ 80.843374388000029, 28.639190021000047 ], [ 80.844788014000073, 28.639205208000078 ], [ 80.845402326000055, 28.641922270000066 ], [ 80.848950076000051, 28.641831520000039 ], [ 80.848979013000076, 28.639525770000034 ], [ 80.850977638000074, 28.637743396000076 ], [ 80.851857513000084, 28.635646145000067 ], [ 80.853834326000083, 28.635210645000029 ], [ 80.857116827000084, 28.63608270800006 ], [ 80.858733701000062, 28.634432896000078 ], [ 80.860936889000072, 28.637090645000058 ], [ 80.861047388000031, 28.638643021000064 ], [ 80.859963389000029, 28.640557333000061 ], [ 80.860342701000036, 28.643314770000075 ], [ 80.862338888000068, 28.645293208000055 ], [ 80.863904951000052, 28.64841277000005 ], [ 80.866329514000086, 28.649265771000046 ], [ 80.867035639000051, 28.651405270000055 ], [ 80.866140639000037, 28.652961208000079 ], [ 80.86724001400006, 28.653645833000041 ], [ 80.867311139000037, 28.656057708000048 ], [ 80.866672451000056, 28.658466645000033 ], [ 80.865240451000034, 28.659090208000066 ], [ 80.864626763000047, 28.661668396000039 ], [ 80.864393514000085, 28.665277958000047 ], [ 80.862462951000055, 28.672215895000079 ], [ 80.860114139000075, 28.676795708000043 ], [ 80.859959076000052, 28.679126146000044 ], [ 80.864053888000058, 28.683597458000065 ], [ 80.864837201000057, 28.686071020000043 ], [ 80.865735138000048, 28.691696458000024 ], [ 80.863721201000033, 28.693526395000049 ], [ 80.85679138900008, 28.69536252000006 ], [ 80.860061888000075, 28.698039458000039 ], [ 80.862597764000043, 28.698042020000059 ], [ 80.866256701000054, 28.702569270000026 ], [ 80.866195013000038, 28.705314895000072 ], [ 80.865380327000082, 28.705988708000064 ], [ 80.864456576000066, 28.70992695800004 ], [ 80.865689701000065, 28.711500708000074 ], [ 80.868856826000069, 28.713227458000063 ], [ 80.873301201000061, 28.714174833000072 ], [ 80.874647326000058, 28.71505595800005 ], [ 80.880444514000033, 28.717319583000062 ], [ 80.879716014000053, 28.719020083000032 ], [ 80.878255201000059, 28.719578270000056 ], [ 80.879048389000047, 28.722836833000031 ], [ 80.882278826000061, 28.725452271000051 ], [ 80.882036076000077, 28.726498896000066 ], [ 80.883088201000078, 28.728672458000062 ], [ 80.881409014000042, 28.731297146000031 ], [ 80.880105701000048, 28.736108270000045 ], [ 80.879162889000042, 28.737352833000045 ], [ 80.880193389000056, 28.739465458000041 ], [ 80.887225951000062, 28.739058646000046 ], [ 80.892748576000031, 28.739498583000056 ], [ 80.898819826000079, 28.739491958000031 ], [ 80.897877576000042, 28.740969021000069 ], [ 80.897218826000085, 28.744072958000061 ], [ 80.894866451000041, 28.745316521000063 ], [ 80.893291139000041, 28.745283708000045 ], [ 80.892401014000029, 28.747651895000047 ], [ 80.892386139000052, 28.750923271000033 ], [ 80.893215826000073, 28.752918333000025 ], [ 80.893521951000082, 28.755901145000053 ], [ 80.892730951000033, 28.758264958000041 ], [ 80.892731639000033, 28.765452895000067 ], [ 80.891794076000053, 28.767090083000028 ], [ 80.891600951000044, 28.773982395000075 ], [ 80.890213326000037, 28.778570208000076 ], [ 80.888727951000078, 28.784996583000066 ], [ 80.887786701000039, 28.78713689600005 ], [ 80.886209264000058, 28.796394583000051 ], [ 80.886129513000071, 28.800834583000039 ], [ 80.886768326000038, 28.80609858300005 ], [ 80.882477889000086, 28.809063896000055 ], [ 80.879428077000057, 28.81232127100003 ], [ 80.87564932600003, 28.814905583000041 ], [ 80.873343326000054, 28.817112146000056 ], [ 80.867628076000074, 28.818476146000023 ], [ 80.864463888000046, 28.819919145000028 ], [ 80.86272113900003, 28.821670396000059 ], [ 80.861286951000068, 28.822011833000033 ], [ 80.861196326000083, 28.81885545800003 ], [ 80.858166513000072, 28.815594520000047 ], [ 80.857484076000048, 28.813978458000065 ], [ 80.858626826000034, 28.811931083000047 ], [ 80.859885889000054, 28.808336208000071 ], [ 80.858252201000084, 28.804582583000069 ], [ 80.85818226300006, 28.801599958000054 ], [ 80.858632077000038, 28.798568270000032 ], [ 80.858584951000068, 28.795508958000028 ], [ 80.854656701000067, 28.793099771000072 ], [ 80.852083764000042, 28.790958146000037 ], [ 80.848374326000055, 28.786024458000043 ], [ 80.84725151400005, 28.782566833000033 ], [ 80.844602639000072, 28.780957521000062 ], [ 80.839024201000029, 28.776607958000056 ], [ 80.836459951000052, 28.77737195800006 ], [ 80.834934389000068, 28.776930146000041 ], [ 80.83363263800004, 28.773810646000072 ], [ 80.831549263000056, 28.773126708000063 ], [ 80.829519451000067, 28.769649833000074 ], [ 80.827902076000044, 28.769451458000049 ], [ 80.826694639000038, 28.768168396000078 ], [ 80.826790014000039, 28.765454395000063 ], [ 80.825320889000068, 28.765429958000027 ], [ 80.823623576000045, 28.767142395000064 ], [ 80.823712576000048, 28.769247458000052 ], [ 80.822242763000077, 28.771479083000031 ], [ 80.818471888000033, 28.771988458000067 ], [ 80.816689076000046, 28.771404021000023 ], [ 80.814240139000049, 28.771725520000075 ], [ 80.811900951000041, 28.774919208000028 ], [ 80.809488138000063, 28.774324771000067 ], [ 80.806486014000029, 28.775001771000063 ], [ 80.806055076000064, 28.776945958000056 ], [ 80.804629701000067, 28.777783146000047 ], [ 80.802948201000049, 28.777431020000051 ], [ 80.800903389000041, 28.779921021000064 ], [ 80.79959245100008, 28.780474083000058 ], [ 80.797949451000079, 28.782378021000056 ], [ 80.798552889000064, 28.783536333000029 ], [ 80.797149764000039, 28.785368395000035 ], [ 80.798085826000033, 28.788196708000044 ], [ 80.799325139000075, 28.789996645000031 ], [ 80.798872576000065, 28.791938520000031 ], [ 80.800098201000083, 28.793413521000048 ], [ 80.800258764000034, 28.797199521000039 ], [ 80.79972420200005, 28.798967520000076 ], [ 80.801066138000067, 28.801112770000032 ], [ 80.802813326000035, 28.80573133300004 ], [ 80.80466601300003, 28.807252333000065 ], [ 80.805976451000049, 28.811619771000039 ] ] ] } },
{ "type": "Feature", "properties": { "STATE_CODE": 7, "DISTRICT": "KAILALI", "GaPa_NaPa": "Ghodaghodi", "Type_GN": "Nagarpalika", "Province": "Sudur Pashchim" }, "geometry": { "type": "Polygon", "coordinates": [ [ [ 81.024187139000048, 28.730728770000042 ], [ 81.022316014000069, 28.733781645000079 ], [ 81.022669514000086, 28.736452833000044 ], [ 81.023672076000082, 28.738013895000051 ], [ 81.024291514000083, 28.741968708000059 ], [ 81.023241889000076, 28.743365521000044 ], [ 81.023878201000059, 28.745337208000024 ], [ 81.023057201000086, 28.747521333000066 ], [ 81.023407452000072, 28.75114908300003 ], [ 81.026308451000034, 28.753377583000031 ], [ 81.027146326000036, 28.754834895000045 ], [ 81.023515576000079, 28.759494458000063 ], [ 81.02206213900007, 28.762107333000074 ], [ 81.021535451000034, 28.764349958000025 ], [ 81.021998013000029, 28.765962958000046 ], [ 81.020091826000055, 28.767075521000038 ], [ 81.018071264000071, 28.76938158300004 ], [ 81.017711077000058, 28.770807458000036 ], [ 81.015240888000051, 28.772617208000042 ], [ 81.012248452000051, 28.776344583000025 ], [ 81.01424426300008, 28.778119958000048 ], [ 81.016881013000045, 28.782261833000064 ], [ 81.019768264000049, 28.784102458000064 ], [ 81.020767701000068, 28.785753770000042 ], [ 81.024520326000072, 28.790003646000059 ], [ 81.025690138000073, 28.792613771000049 ], [ 81.028563138000038, 28.801630770000031 ], [ 81.024191389000066, 28.80312520800004 ], [ 81.021691763000035, 28.805032021000045 ], [ 81.017703076000032, 28.806661521000024 ], [ 81.01507138900007, 28.806977708000034 ], [ 81.009489263000034, 28.806429958000024 ], [ 81.00728682600004, 28.807849271000066 ], [ 81.003893701000038, 28.809083458000032 ], [ 81.000229514000068, 28.809383521000029 ], [ 80.99730276400004, 28.812142708000067 ], [ 80.994970076000072, 28.812172021000038 ], [ 80.990830764000066, 28.811082083000031 ], [ 80.987621639000054, 28.813132583000026 ], [ 80.985253701000033, 28.815341083000078 ], [ 80.981882326000061, 28.815708458000074 ], [ 80.979761014000076, 28.816463895000027 ], [ 80.977848514000073, 28.818311333000054 ], [ 80.974425138000072, 28.820016395000039 ], [ 80.969890951000082, 28.823115271000063 ], [ 80.964222014000029, 28.824736083000062 ], [ 80.963024389000054, 28.826202271000056 ], [ 80.960360076000029, 28.827397083000051 ], [ 80.957616701000063, 28.833713396000064 ], [ 80.954839701000083, 28.834926271000029 ], [ 80.950697514000069, 28.834103583000058 ], [ 80.94750945100003, 28.835352271000033 ], [ 80.941694013000074, 28.833125395000025 ], [ 80.934177139000042, 28.832573708000041 ], [ 80.930689577000066, 28.83064752100006 ], [ 80.92715363800005, 28.829483771000071 ], [ 80.925310576000072, 28.830353583000033 ], [ 80.917965763000041, 28.829972521000059 ], [ 80.914736639000068, 28.828289770000026 ], [ 80.912869701000034, 28.82650177000005 ], [ 80.909247576000041, 28.82535327100004 ], [ 80.904877201000033, 28.823130271000025 ], [ 80.902561326000068, 28.823656521000032 ], [ 80.897672014000079, 28.827305520000039 ], [ 80.893445451000048, 28.828987583000071 ], [ 80.891448826000044, 28.827217208000036 ], [ 80.891560138000045, 28.823925646000077 ], [ 80.888735451000059, 28.823106646000042 ], [ 80.888164326000037, 28.821438896000075 ], [ 80.887961826000037, 28.817073208000068 ], [ 80.887403763000066, 28.814008958000045 ], [ 80.888297952000073, 28.810280396000053 ], [ 80.886768326000038, 28.80609858300005 ], [ 80.886129513000071, 28.800834583000039 ], [ 80.886209264000058, 28.796394583000051 ], [ 80.887786701000039, 28.78713689600005 ], [ 80.888727951000078, 28.784996583000066 ], [ 80.890213326000037, 28.778570208000076 ], [ 80.891600951000044, 28.773982395000075 ], [ 80.891794076000053, 28.767090083000028 ], [ 80.892731639000033, 28.765452895000067 ], [ 80.892730951000033, 28.758264958000041 ], [ 80.893521951000082, 28.755901145000053 ], [ 80.893215826000073, 28.752918333000025 ], [ 80.892386139000052, 28.750923271000033 ], [ 80.892401014000029, 28.747651895000047 ], [ 80.893291139000041, 28.745283708000045 ], [ 80.894866451000041, 28.745316521000063 ], [ 80.897218826000085, 28.744072958000061 ], [ 80.897877576000042, 28.740969021000069 ], [ 80.898819826000079, 28.739491958000031 ], [ 80.892748576000031, 28.739498583000056 ], [ 80.887225951000062, 28.739058646000046 ], [ 80.880193389000056, 28.739465458000041 ], [ 80.879162889000042, 28.737352833000045 ], [ 80.880105701000048, 28.736108270000045 ], [ 80.881409014000042, 28.731297146000031 ], [ 80.883088201000078, 28.728672458000062 ], [ 80.882036076000077, 28.726498896000066 ], [ 80.882278826000061, 28.725452271000051 ], [ 80.879048389000047, 28.722836833000031 ], [ 80.878255201000059, 28.719578270000056 ], [ 80.879716014000053, 28.719020083000032 ], [ 80.880444514000033, 28.717319583000062 ], [ 80.874647326000058, 28.71505595800005 ], [ 80.873301201000061, 28.714174833000072 ], [ 80.868856826000069, 28.713227458000063 ], [ 80.865689701000065, 28.711500708000074 ], [ 80.864456576000066, 28.70992695800004 ], [ 80.865380327000082, 28.705988708000064 ], [ 80.866195013000038, 28.705314895000072 ], [ 80.866256701000054, 28.702569270000026 ], [ 80.862597764000043, 28.698042020000059 ], [ 80.860061888000075, 28.698039458000039 ], [ 80.85679138900008, 28.69536252000006 ], [ 80.863721201000033, 28.693526395000049 ], [ 80.865735138000048, 28.691696458000024 ], [ 80.864837201000057, 28.686071020000043 ], [ 80.864053888000058, 28.683597458000065 ], [ 80.859959076000052, 28.679126146000044 ], [ 80.860114139000075, 28.676795708000043 ], [ 80.862462951000055, 28.672215895000079 ], [ 80.864393514000085, 28.665277958000047 ], [ 80.864626763000047, 28.661668396000039 ], [ 80.865240451000034, 28.659090208000066 ], [ 80.866672451000056, 28.658466645000033 ], [ 80.867311139000037, 28.656057708000048 ], [ 80.86724001400006, 28.653645833000041 ], [ 80.866140639000037, 28.652961208000079 ], [ 80.867035639000051, 28.651405270000055 ], [ 80.866329514000086, 28.649265771000046 ], [ 80.863904951000052, 28.64841277000005 ], [ 80.862338888000068, 28.645293208000055 ], [ 80.860342701000036, 28.643314770000075 ], [ 80.859963389000029, 28.640557333000061 ], [ 80.861047388000031, 28.638643021000064 ], [ 80.860936889000072, 28.637090645000058 ], [ 80.858733701000062, 28.634432896000078 ], [ 80.855713889000072, 28.630864958000075 ], [ 80.854652889000079, 28.627630833000069 ], [ 80.85434163900004, 28.623382083000024 ], [ 80.855118639000068, 28.621803645000057 ], [ 80.849106076000055, 28.618846020000035 ], [ 80.845247638000046, 28.617244270000072 ], [ 80.839535014000035, 28.614345270000058 ], [ 80.833204451000086, 28.613166646000025 ], [ 80.836328201000072, 28.611954395000055 ], [ 80.837923014000069, 28.610740271000054 ], [ 80.841519451000067, 28.60904789500006 ], [ 80.846617013000071, 28.607711332000065 ], [ 80.848225013000047, 28.604949333000036 ], [ 80.851047451000056, 28.602109708000057 ], [ 80.852547451000078, 28.598936895000065 ], [ 80.852440451000064, 28.597068708000052 ], [ 80.851332576000061, 28.596146958000077 ], [ 80.848578764000081, 28.595406146000073 ], [ 80.840338451000036, 28.594313708000072 ], [ 80.837327951000077, 28.593064770000069 ], [ 80.839320764000036, 28.591305083000066 ], [ 80.843727139000066, 28.590967270000078 ], [ 80.850935764000042, 28.591117520000068 ], [ 80.853937764000079, 28.590484583000034 ], [ 80.860400764000076, 28.590234145000068 ], [ 80.873409389000074, 28.590598895000028 ], [ 80.887125701000059, 28.591752583000073 ], [ 80.88907226300006, 28.589976333000038 ], [ 80.896985576000077, 28.589050770000028 ], [ 80.901246388000061, 28.590312895000068 ], [ 80.90485757600004, 28.589850708000029 ], [ 80.905795013000045, 28.58853152100005 ], [ 80.90624163800004, 28.589729833000035 ], [ 80.910020576000079, 28.589567707000072 ], [ 80.912301326000033, 28.591617770000028 ], [ 80.914925076000031, 28.593282270000032 ], [ 80.919471888000032, 28.592075708000039 ], [ 80.922254201000044, 28.592018708000069 ], [ 80.925147826000057, 28.594059833000074 ], [ 80.925665951000042, 28.595675582000069 ], [ 80.928647264000062, 28.597752833000072 ], [ 80.929166889000044, 28.599174520000076 ], [ 80.931774701000052, 28.599873021000064 ], [ 80.935051201000078, 28.598938333000035 ], [ 80.935066076000055, 28.60225495800006 ], [ 80.936600764000048, 28.604227520000052 ], [ 80.938931764000074, 28.604860333000033 ], [ 80.940942826000082, 28.602135770000075 ], [ 80.944001951000075, 28.601263896000034 ], [ 80.949742201000049, 28.600449458000071 ], [ 80.953215076000049, 28.598702146000051 ], [ 80.955427014000065, 28.598197521000031 ], [ 80.956199201000061, 28.597047146000079 ], [ 80.960053701000049, 28.596258646000024 ], [ 80.96464007600008, 28.591298582000036 ], [ 80.969395451000082, 28.59143739600006 ], [ 80.968706389000033, 28.588630582000064 ], [ 80.976151701000049, 28.590825083000027 ], [ 80.979659138000045, 28.590108145000045 ], [ 80.983975451000049, 28.590004958000065 ], [ 80.992124451000052, 28.588110521000033 ], [ 80.994697389000066, 28.587309708000078 ], [ 80.995288514000038, 28.588024896000036 ], [ 80.993105888000059, 28.590711896000073 ], [ 80.992553014000066, 28.592313770000032 ], [ 80.989924513000062, 28.591363770000044 ], [ 80.989588451000031, 28.593227333000073 ], [ 80.992439451000052, 28.59312595800003 ], [ 80.993238576000067, 28.595212896000078 ], [ 80.99107538800007, 28.597344958000065 ], [ 80.991206888000079, 28.602015208000068 ], [ 80.990314138000031, 28.604025396000054 ], [ 80.990831951000075, 28.60656814500004 ], [ 80.99059045100006, 28.609192021000069 ], [ 80.989784201000077, 28.611657958000023 ], [ 80.990791701000035, 28.614146583000036 ], [ 80.992978139000058, 28.614139958000067 ], [ 80.993236514000046, 28.616599208000025 ], [ 80.991912451000076, 28.619301958000051 ], [ 80.99271113900005, 28.62087914500006 ], [ 80.995697076000056, 28.622072771000035 ], [ 80.996258201000046, 28.625466020000033 ], [ 80.99853470100004, 28.627300333000051 ], [ 81.002285576000077, 28.62937370700007 ], [ 81.004303014000072, 28.632047208000074 ], [ 81.004184201000044, 28.634657583000035 ], [ 81.006616638000082, 28.634777082000028 ], [ 81.007678263000059, 28.635544146000029 ], [ 81.009474013000045, 28.640072146000023 ], [ 81.007603139000082, 28.64390320800004 ], [ 81.006021701000066, 28.645947333000038 ], [ 81.005728327000043, 28.648485583000024 ], [ 81.006438513000035, 28.649742145000062 ], [ 81.006612264000069, 28.652623271000039 ], [ 81.005815951000045, 28.65464927000005 ], [ 81.006490763000045, 28.655912771000033 ], [ 81.004900514000042, 28.660147583000025 ], [ 81.004984076000085, 28.66329945800004 ], [ 81.006880826000042, 28.666712895000046 ], [ 81.010791138000059, 28.665162645000066 ], [ 81.012295638000069, 28.66788120800004 ], [ 81.012264827000081, 28.669805708000069 ], [ 81.011032014000079, 28.672197333000042 ], [ 81.011560264000082, 28.674369958000057 ], [ 81.009997076000047, 28.678126521000024 ], [ 81.00876882600005, 28.679401333000044 ], [ 81.009150576000081, 28.681592020000039 ], [ 81.007983513000056, 28.684728146000054 ], [ 81.009968701000048, 28.688879333000045 ], [ 81.011248764000072, 28.689492895000058 ], [ 81.016180263000081, 28.688650833000054 ], [ 81.017534826000031, 28.688991333000047 ], [ 81.020584639000049, 28.691648645000043 ], [ 81.022743388000038, 28.692049896000071 ], [ 81.026877451000075, 28.692024333000063 ], [ 81.026436451000052, 28.693689458000051 ], [ 81.027982201000043, 28.695577521000075 ], [ 81.030694889000074, 28.693338833000041 ], [ 81.032736513000032, 28.694387458000051 ], [ 81.031311514000038, 28.697462896000047 ], [ 81.031641764000085, 28.699123396000061 ], [ 81.030276201000049, 28.701124896000067 ], [ 81.025785326000062, 28.701879333000079 ], [ 81.025939576000042, 28.703330021000056 ], [ 81.028788514000041, 28.704793645000052 ], [ 81.028956889000085, 28.70639777100007 ], [ 81.025905451000085, 28.707767833000048 ], [ 81.027589264000085, 28.709800208000047 ], [ 81.026988826000036, 28.711059333000037 ], [ 81.027750076000075, 28.713078395000025 ], [ 81.026976452000042, 28.716349958000023 ], [ 81.027529826000034, 28.71848639600006 ], [ 81.027113076000035, 28.721363020000069 ], [ 81.024858202000075, 28.727132395000069 ], [ 81.024187139000048, 28.730728770000042 ] ] ] } },
{ "type": "Feature", "properties": { "STATE_CODE": 7, "DISTRICT": "KAILALI", "GaPa_NaPa": "Godawari", "Type_GN": "Nagarpalika", "Province": "Sudur Pashchim" }, "geometry": { "type": "Polygon", "coordinates": [ [ [ 80.668300826000063, 28.86559214600004 ], [ 80.669736514000078, 28.867188396000074 ], [ 80.673011451000036, 28.868543333000048 ], [ 80.673470139000074, 28.870604146000062 ], [ 80.672798638000074, 28.874986083000067 ], [ 80.673125201000062, 28.875780895000048 ], [ 80.67613870100007, 28.877103521000038 ], [ 80.677366076000055, 28.879114395000045 ], [ 80.675851264000073, 28.880211708000047 ], [ 80.675854576000063, 28.881930833000069 ], [ 80.67353401400004, 28.883278896000036 ], [ 80.673466513000051, 28.886107770000024 ], [ 80.672660013000041, 28.887315083000033 ], [ 80.673344514000064, 28.893065145000037 ], [ 80.674660513000049, 28.89586358300005 ], [ 80.676374451000072, 28.897388333000038 ], [ 80.676134576000038, 28.900214521000066 ], [ 80.671927263000043, 28.901758771000061 ], [ 80.671308951000071, 28.905953521000072 ], [ 80.673538701000041, 28.908501521000062 ], [ 80.672713951000048, 28.910473583000055 ], [ 80.673085514000036, 28.914427021000051 ], [ 80.670032826000067, 28.915069333000076 ], [ 80.668717014000038, 28.916782958000056 ], [ 80.667079638000075, 28.917478333000076 ], [ 80.665426951000029, 28.91700720800003 ], [ 80.657874388000039, 28.918436584000062 ], [ 80.657019138000067, 28.918937521000032 ], [ 80.651351951000038, 28.92011414500007 ], [ 80.646965076000072, 28.919324396000036 ], [ 80.64362957600008, 28.920545145000062 ], [ 80.63992001400004, 28.924593896000033 ], [ 80.636125139000058, 28.926016271000037 ], [ 80.634181701000045, 28.928546833000041 ], [ 80.632655389000035, 28.929111146000025 ], [ 80.629682701000036, 28.92876689600007 ], [ 80.62792332600003, 28.92915458300007 ], [ 80.625087700000051, 28.931073396000045 ], [ 80.624606763000031, 28.933046083000079 ], [ 80.622028827000065, 28.936005520000037 ], [ 80.619452263000085, 28.937760208000043 ], [ 80.61668363800004, 28.938005021000038 ], [ 80.612224576000074, 28.940388270000028 ], [ 80.608094951000055, 28.939600083000073 ], [ 80.606817576000083, 28.940476271000023 ], [ 80.607309139000051, 28.947428521000063 ], [ 80.607632075000083, 28.948862021000025 ], [ 80.609940951000056, 28.95304914500008 ], [ 80.607607513000062, 28.952661146000025 ], [ 80.602077326000085, 28.950242208000077 ], [ 80.599442263000071, 28.94869127100003 ], [ 80.597453701000063, 28.949278645000049 ], [ 80.59313295100003, 28.947950396000067 ], [ 80.591337951000071, 28.949549021000053 ], [ 80.591248826000083, 28.952298833000043 ], [ 80.592067888000031, 28.954726521000055 ], [ 80.591115639000066, 28.955926083000065 ], [ 80.588002951000078, 28.956855146000066 ], [ 80.583576638000068, 28.953082958000039 ], [ 80.582232701000066, 28.953597708000075 ], [ 80.577030201000071, 28.953536333000045 ], [ 80.572152263000078, 28.95383670800004 ], [ 80.568449576000035, 28.950185959000066 ], [ 80.565242888000057, 28.948885208000036 ], [ 80.561690576000046, 28.946915459000024 ], [ 80.560216451000031, 28.946971584000039 ], [ 80.554837951000081, 28.949009084000068 ], [ 80.551865263000082, 28.951201083000058 ], [ 80.548786826000082, 28.95135102100005 ], [ 80.54557257600004, 28.955664958000057 ], [ 80.54500676400005, 28.957172271000047 ], [ 80.548128263000081, 28.957250520000059 ], [ 80.549103139000067, 28.957901208000067 ], [ 80.548425513000041, 28.960807083000077 ], [ 80.547294826000041, 28.962508709000076 ], [ 80.542549826000084, 28.961125521000042 ], [ 80.540058763000047, 28.96231277000004 ], [ 80.535564076000071, 28.961929583000028 ], [ 80.532130389000031, 28.960857333000035 ], [ 80.530913326000075, 28.963727271000039 ], [ 80.531857888000047, 28.966559583000048 ], [ 80.531138201000033, 28.969467333000068 ], [ 80.531499326000073, 28.97231789600005 ], [ 80.53002607600007, 28.973790458000053 ], [ 80.529909638000049, 28.977634271000056 ], [ 80.52925545100004, 28.980312145000028 ], [ 80.529465701000049, 28.982893708000063 ], [ 80.525218763000055, 28.987196771000072 ], [ 80.523489139000048, 28.98723577100003 ], [ 80.51948582600005, 28.988843584000051 ], [ 80.519438951000041, 28.990452021000067 ], [ 80.520686388000058, 28.993298958000025 ], [ 80.52040270100008, 28.994446271000072 ], [ 80.52177832600006, 28.998099084000046 ], [ 80.520672826000066, 28.999227708000035 ], [ 80.51780057600007, 28.997775833000048 ], [ 80.513327889000038, 28.996419646000049 ], [ 80.510732764000068, 28.996631333000039 ], [ 80.50638745100008, 28.996383084000058 ], [ 80.50489751300006, 28.995504521000043 ], [ 80.503087389000029, 28.993284708000033 ], [ 80.501401201000078, 28.993283021000025 ], [ 80.497847326000056, 28.994959521000055 ], [ 80.495744951000063, 28.994252270000061 ], [ 80.489945639000041, 28.995322271000077 ], [ 80.488411264000035, 28.996392583000045 ], [ 80.487354888000084, 28.998168521000025 ], [ 80.485900951000076, 28.99650708300004 ], [ 80.485462638000058, 28.99427195800007 ], [ 80.489173514000072, 28.989192083000034 ], [ 80.491204389000075, 28.985680458000047 ], [ 80.491546951000032, 28.982929458000058 ], [ 80.490503200000035, 28.980197958000076 ], [ 80.490044639000075, 28.977448458000026 ], [ 80.487505326000075, 28.97403220800004 ], [ 80.487004263000074, 28.972045021000042 ], [ 80.485290451000083, 28.970078021000063 ], [ 80.48498401300003, 28.967863708000039 ], [ 80.483875576000059, 28.965113958000074 ], [ 80.483326326000054, 28.95961402000006 ], [ 80.481462513000054, 28.95609870800007 ], [ 80.478799388000084, 28.953248083000062 ], [ 80.474274889000071, 28.947455145000049 ], [ 80.47336651300003, 28.943860020000045 ], [ 80.469817889000069, 28.938580583000032 ], [ 80.472285826000075, 28.938716646000046 ], [ 80.476290763000065, 28.93965270800004 ], [ 80.478023201000042, 28.937874959000055 ], [ 80.480534888000079, 28.937778646000027 ], [ 80.483306326000047, 28.936765083000068 ], [ 80.484996076000073, 28.931984270000044 ], [ 80.486251951000042, 28.931104708000078 ], [ 80.489305076000051, 28.926782521000064 ], [ 80.48952213900003, 28.924489021000056 ], [ 80.492292826000039, 28.925769646000049 ], [ 80.49580013800005, 28.923091396000075 ], [ 80.497272201000044, 28.922862271000042 ], [ 80.503537326000071, 28.924083458000041 ], [ 80.507248638000078, 28.925234083000078 ], [ 80.509762138000042, 28.923115834000043 ], [ 80.512121389000072, 28.921741458000042 ], [ 80.512519201000032, 28.919200458000034 ], [ 80.511702326000034, 28.918073959000026 ], [ 80.507673451000073, 28.915106146000028 ], [ 80.505133638000075, 28.912540770000078 ], [ 80.504549076000046, 28.906857958000046 ], [ 80.505842889000064, 28.901385083000037 ], [ 80.508592576000069, 28.899285708000036 ], [ 80.509486888000083, 28.896780333000038 ], [ 80.508657201000062, 28.893257896000023 ], [ 80.507173826000042, 28.891416083000024 ], [ 80.505351826000037, 28.887680146000037 ], [ 80.50530038900007, 28.884004896000079 ], [ 80.50578351300004, 28.88171002100006 ], [ 80.507114326000078, 28.879384458000061 ], [ 80.506487701000083, 28.877532208000048 ], [ 80.504557264000084, 28.874863271000038 ], [ 80.503985263000061, 28.872690583000065 ], [ 80.502587388000052, 28.870467771000051 ], [ 80.503928576000078, 28.868361083000025 ], [ 80.503556951000064, 28.865605084000038 ], [ 80.50419151300008, 28.864267333000043 ], [ 80.503141639000035, 28.862923395000053 ], [ 80.501394013000038, 28.862666521000051 ], [ 80.500091014000077, 28.860346958000036 ], [ 80.500687201000062, 28.85826458300005 ], [ 80.498851451000064, 28.85742758300006 ], [ 80.498050951000039, 28.855615271000033 ], [ 80.498781576000056, 28.854031958000064 ], [ 80.501000513000065, 28.853022708000026 ], [ 80.502005638000071, 28.85109527000003 ], [ 80.501954701000045, 28.848877395000045 ], [ 80.502738201000057, 28.847867333000067 ], [ 80.504770388000054, 28.847437146000061 ], [ 80.503948263000041, 28.844237333000024 ], [ 80.505156388000046, 28.840875708000056 ], [ 80.507702013000085, 28.841232459000025 ], [ 80.509657701000037, 28.839195646000064 ], [ 80.507266638000033, 28.838264208000055 ], [ 80.507298076000041, 28.836678271000039 ], [ 80.509442888000081, 28.835481395000045 ], [ 80.508830638000063, 28.83320283300003 ], [ 80.510719325000082, 28.831623646000025 ], [ 80.513355639000054, 28.831236146000037 ], [ 80.514986326000042, 28.832771583000067 ], [ 80.516332639000041, 28.835016708000069 ], [ 80.517977264000081, 28.834393146000025 ], [ 80.519826263000084, 28.832143708000046 ], [ 80.520191326000031, 28.829087958000059 ], [ 80.51895120100005, 28.827226895000024 ], [ 80.517723950000061, 28.826741958000071 ], [ 80.516013889000078, 28.82409627100003 ], [ 80.516129326000055, 28.822948333000056 ], [ 80.518053764000058, 28.822440895000057 ], [ 80.519647826000039, 28.819599395000068 ], [ 80.518854951000037, 28.81869864600003 ], [ 80.516177388000074, 28.818858333000037 ], [ 80.513592451000079, 28.817488646000072 ], [ 80.51271870100004, 28.815057958000068 ], [ 80.515282826000032, 28.812391521000052 ], [ 80.519118263000053, 28.810516896000024 ], [ 80.521623826000052, 28.810870958000066 ], [ 80.525227638000047, 28.807711708000056 ], [ 80.526532763000034, 28.806017458000042 ], [ 80.530874013000073, 28.802249208000035 ], [ 80.533093826000083, 28.799105208000071 ], [ 80.532825326000079, 28.796561646000043 ], [ 80.537414513000044, 28.795032083000024 ], [ 80.539826639000069, 28.796037458000058 ], [ 80.540723326000034, 28.794168021000075 ], [ 80.540050576000056, 28.79317302100003 ], [ 80.540204638000034, 28.790224896000041 ], [ 80.542724388000067, 28.787756270000045 ], [ 80.54625463800005, 28.786249833000056 ], [ 80.547066763000032, 28.783809333000079 ], [ 80.548568576000037, 28.781698083000038 ], [ 80.550978076000035, 28.779535770000052 ], [ 80.551916138000081, 28.777783646000046 ], [ 80.551870014000031, 28.774115145000053 ], [ 80.550260201000071, 28.772040958000048 ], [ 80.546635451000043, 28.77102483300007 ], [ 80.543914138000048, 28.770799146000058 ], [ 80.540151326000057, 28.771445208000046 ], [ 80.537844826000082, 28.770419833000062 ], [ 80.537446514000067, 28.768124020000073 ], [ 80.538601389000064, 28.76622158300006 ], [ 80.540317951000077, 28.765049770000076 ], [ 80.542756576000045, 28.764812146000054 ], [ 80.552003201000048, 28.764964958000064 ], [ 80.556759763000059, 28.764037583000061 ], [ 80.561539451000044, 28.761395520000065 ], [ 80.566300951000073, 28.763393958000051 ], [ 80.568512639000062, 28.76632945800003 ], [ 80.572357388000057, 28.765436958000066 ], [ 80.573997076000069, 28.765600020000079 ], [ 80.578770638000037, 28.764464458000077 ], [ 80.582574950000037, 28.768728958000054 ], [ 80.584000450000076, 28.768352020000066 ], [ 80.585763263000047, 28.770020145000046 ], [ 80.589301826000053, 28.775876521000043 ], [ 80.59094163900005, 28.775899583000069 ], [ 80.59456988800008, 28.774843396000051 ], [ 80.597307263000062, 28.77551939500006 ], [ 80.599812075000045, 28.774917646000063 ], [ 80.602548951000074, 28.77584170800003 ], [ 80.602709076000053, 28.779451895000079 ], [ 80.604233950000037, 28.781441770000072 ], [ 80.607891700000039, 28.784491333000062 ], [ 80.610481513000082, 28.782939895000027 ], [ 80.609990013000072, 28.776515395000047 ], [ 80.609419201000037, 28.773619208000071 ], [ 80.609953701000052, 28.769835020000073 ], [ 80.611550201000057, 28.770205146000023 ], [ 80.613805951000074, 28.772867020000035 ], [ 80.613949514000069, 28.774638458000027 ], [ 80.616842888000065, 28.774732395000058 ], [ 80.621382700000083, 28.773504332000073 ], [ 80.623627950000071, 28.773650520000047 ], [ 80.626132325000071, 28.774839645000043 ], [ 80.630245263000063, 28.775561645000039 ], [ 80.634311951000029, 28.780549646000054 ], [ 80.635179013000084, 28.782332020000069 ], [ 80.638503951000075, 28.779969833000052 ], [ 80.639521638000076, 28.777623958000049 ], [ 80.639472513000044, 28.776170896000053 ], [ 80.64333970000007, 28.771648708000043 ], [ 80.647081701000047, 28.768642145000058 ], [ 80.644287764000069, 28.767698520000067 ], [ 80.641099451000059, 28.769296396000072 ], [ 80.639962451000031, 28.770721521000041 ], [ 80.638218763000054, 28.768354708000061 ], [ 80.637872701000049, 28.766438396000069 ], [ 80.636700388000065, 28.765110895000078 ], [ 80.637354388000062, 28.762475271000028 ], [ 80.63966313800006, 28.760378770000045 ], [ 80.639344326000071, 28.757875958000056 ], [ 80.63571726300006, 28.758247458000028 ], [ 80.636171388000037, 28.747724020000078 ], [ 80.634062013000062, 28.743925833000048 ], [ 80.633100701000046, 28.740812145000064 ], [ 80.633396201000039, 28.738572583000064 ], [ 80.63655613800006, 28.732902520000039 ], [ 80.63958251300005, 28.726178396000023 ], [ 80.643279325000037, 28.726319020000062 ], [ 80.648598701000083, 28.727970895000055 ], [ 80.651835701000039, 28.727564146000077 ], [ 80.65521151300004, 28.729140771000061 ], [ 80.655972201000054, 28.730266270000072 ], [ 80.659211451000033, 28.730279021000058 ], [ 80.658855076000066, 28.732626708000055 ], [ 80.660825763000048, 28.733883770000034 ], [ 80.663131388000068, 28.737429458000065 ], [ 80.663243201000057, 28.73828695800006 ], [ 80.659444076000057, 28.743583833000059 ], [ 80.656634139000062, 28.743707583000059 ], [ 80.654366951000043, 28.744653833000029 ], [ 80.653398389000074, 28.745977958000026 ], [ 80.653907139000069, 28.749397271000078 ], [ 80.65954976300003, 28.752046708000023 ], [ 80.660695701000066, 28.753872521000062 ], [ 80.66032976300005, 28.755854708000072 ], [ 80.658619889000079, 28.758508083000038 ], [ 80.658582201000058, 28.760055645000079 ], [ 80.660726639000075, 28.761241021000046 ], [ 80.662087826000061, 28.763105708000069 ], [ 80.663172763000034, 28.766609833000075 ], [ 80.662815264000074, 28.769907396000065 ], [ 80.661015389000056, 28.770805270000039 ], [ 80.655314764000082, 28.771359395000047 ], [ 80.652535888000045, 28.773069146000068 ], [ 80.646729951000054, 28.77536658300005 ], [ 80.646784263000029, 28.776361708000024 ], [ 80.649670326000034, 28.780861083000048 ], [ 80.650599139000064, 28.784847708000029 ], [ 80.65283363900005, 28.787752583000042 ], [ 80.655189888000052, 28.789396521000072 ], [ 80.655114139000034, 28.790411520000077 ], [ 80.65891595100004, 28.792065896000054 ], [ 80.659951138000054, 28.794083208000075 ], [ 80.658386451000069, 28.795085458000074 ], [ 80.656225889000041, 28.795337145000076 ], [ 80.653605201000062, 28.798188895000067 ], [ 80.655231388000061, 28.799445208000066 ], [ 80.654007014000058, 28.802841958000045 ], [ 80.649527826000053, 28.803935895000052 ], [ 80.647333138000079, 28.801412458000073 ], [ 80.645622201000037, 28.80195395800007 ], [ 80.641759451000041, 28.800028271000031 ], [ 80.638083451000057, 28.798755020000044 ], [ 80.637688576000073, 28.801278583000055 ], [ 80.640439013000048, 28.810946458000046 ], [ 80.644367264000039, 28.817271645000062 ], [ 80.646573201000081, 28.823659833000079 ], [ 80.646285513000066, 28.829570021000052 ], [ 80.646712451000042, 28.832499458000029 ], [ 80.646687701000076, 28.836691208000047 ], [ 80.647394451000082, 28.840715583000076 ], [ 80.648657701000047, 28.843196083000066 ], [ 80.650316639000039, 28.850843958000041 ], [ 80.651254201000086, 28.852396208000073 ], [ 80.655160264000074, 28.855530958000031 ], [ 80.659270888000037, 28.857504208000023 ], [ 80.661755951000032, 28.860039458000074 ], [ 80.666210388000081, 28.862279583000031 ], [ 80.668031076000034, 28.864294208000047 ], [ 80.668300826000063, 28.86559214600004 ] ] ] } },
{ "type": "Feature", "properties": { "STATE_CODE": 7, "DISTRICT": "KAILALI", "GaPa_NaPa": "Janaki", "Type_GN": "Gaunpalika", "Province": "Sudur Pashchim" }, "geometry": { "type": "Polygon", "coordinates": [ [ [ 81.262310889000048, 28.613053895000064 ], [ 81.255277326000055, 28.613974271000075 ], [ 81.248083576000056, 28.614544895000051 ], [ 81.245822889000067, 28.613960145000078 ], [ 81.243494639000062, 28.612612958000057 ], [ 81.239083639000057, 28.612275583000041 ], [ 81.231243077000045, 28.609496083000067 ], [ 81.228840388000037, 28.608180208000078 ], [ 81.224304764000067, 28.607425271000068 ], [ 81.221312139000077, 28.605471833000024 ], [ 81.218497139000078, 28.602004208000039 ], [ 81.216521827000065, 28.601384645000053 ], [ 81.21528863900005, 28.599996833000034 ], [ 81.211206263000065, 28.599236145000077 ], [ 81.20811395100003, 28.596851645000072 ], [ 81.207591826000055, 28.595911646000047 ], [ 81.204337639000073, 28.594341770000028 ], [ 81.200246264000043, 28.591872896000041 ], [ 81.196741451000037, 28.591350082000076 ], [ 81.193325326000036, 28.591373020000049 ], [ 81.18824401300003, 28.58996783300006 ], [ 81.185686826000051, 28.588922208000042 ], [ 81.181145264000065, 28.588177020000046 ], [ 81.169584202000067, 28.595305708000069 ], [ 81.165806764000081, 28.597340896000048 ], [ 81.162310201000082, 28.598184458000048 ], [ 81.161035576000074, 28.594923583000025 ], [ 81.156623639000031, 28.592004708000047 ], [ 81.152751327000033, 28.595443020000062 ], [ 81.14974776400004, 28.596766208000076 ], [ 81.140701014000058, 28.601777833000028 ], [ 81.140146077000054, 28.603353208000044 ], [ 81.136615389000042, 28.603796770000031 ], [ 81.134082826000054, 28.604676958000027 ], [ 81.132075327000052, 28.606041583000035 ], [ 81.128823827000076, 28.604181145000041 ], [ 81.126000139000041, 28.606703958000026 ], [ 81.122304076000034, 28.606711833000077 ], [ 81.122832577000054, 28.604933520000031 ], [ 81.121363702000053, 28.602931333000072 ], [ 81.119522639000081, 28.601836520000063 ], [ 81.114964888000031, 28.600080645000048 ], [ 81.113493264000056, 28.600997895000035 ], [ 81.10943013800005, 28.602097708000031 ], [ 81.103872638000041, 28.602034395000032 ], [ 81.100139513000045, 28.603587270000048 ], [ 81.097895576000042, 28.602979646000051 ], [ 81.094220201000041, 28.599873271000035 ], [ 81.096398951000083, 28.597708083000043 ], [ 81.097199389000082, 28.595512271000075 ], [ 81.095439701000032, 28.593884520000074 ], [ 81.09258113900006, 28.593642832000057 ], [ 81.090358826000056, 28.59234708300005 ], [ 81.086576388000083, 28.589238270000067 ], [ 81.084809139000072, 28.588546707000035 ], [ 81.080286201000035, 28.590361208000047 ], [ 81.075877826000067, 28.592543208000052 ], [ 81.07429313800003, 28.592126646000054 ], [ 81.07427857600004, 28.590513520000059 ], [ 81.071862013000043, 28.587710396000034 ], [ 81.069316451000077, 28.586958146000029 ], [ 81.067795764000039, 28.585882708000042 ], [ 81.065407826000069, 28.577457082000024 ], [ 81.065911952000079, 28.57586402000004 ], [ 81.06444801400005, 28.573703271000056 ], [ 81.065641389000064, 28.572834083000032 ], [ 81.064557388000082, 28.570280583000056 ], [ 81.065470889000039, 28.569386708000025 ], [ 81.067213638000055, 28.570920083000033 ], [ 81.06831182600007, 28.569647020000048 ], [ 81.067543389000036, 28.568020708000063 ], [ 81.063673951000055, 28.567523958000038 ], [ 81.06380813800007, 28.56534670700006 ], [ 81.060806263000075, 28.562690270000076 ], [ 81.062838638000073, 28.561173208000071 ], [ 81.063395951000075, 28.559868896000069 ], [ 81.062170889000072, 28.558346521000033 ], [ 81.056922951000047, 28.555133770000054 ], [ 81.056474514000058, 28.552198645000033 ], [ 81.054643388000045, 28.549358896000058 ], [ 81.057583263000083, 28.546988645000056 ], [ 81.059830451000039, 28.548919021000074 ], [ 81.061386764000076, 28.548081270000068 ], [ 81.060889326000051, 28.546730020000041 ], [ 81.057582388000071, 28.544218083000032 ], [ 81.056096326000045, 28.538287207000053 ], [ 81.054916326000068, 28.536877520000075 ], [ 81.052035201000081, 28.534791708000057 ], [ 81.049993764000078, 28.533993708000025 ], [ 81.05003313900005, 28.532231645000024 ], [ 81.049174763000053, 28.530257833000064 ], [ 81.050676202000034, 28.528592208000077 ], [ 81.050247639000077, 28.527279270000065 ], [ 81.046330888000057, 28.524611583000024 ], [ 81.04304638800005, 28.524238145000027 ], [ 81.042969263000032, 28.522112832000062 ], [ 81.046045452000044, 28.521656083000039 ], [ 81.048014889000058, 28.522663895000051 ], [ 81.049817389000054, 28.522270645000049 ], [ 81.05361195100005, 28.524089958000047 ], [ 81.055466076000073, 28.523448458000075 ], [ 81.058480014000054, 28.523546457000066 ], [ 81.066343389000053, 28.523026208000033 ], [ 81.070078451000029, 28.522259457000075 ], [ 81.074348076000035, 28.52285958300007 ], [ 81.076364388000059, 28.523779020000063 ], [ 81.079836388000047, 28.523136271000055 ], [ 81.084471264000058, 28.523171833000049 ], [ 81.086948952000057, 28.523887708000075 ], [ 81.09205426300008, 28.524732708000045 ], [ 81.093872888000078, 28.525794083000051 ], [ 81.099118264000083, 28.526965833000077 ], [ 81.101195451000081, 28.526792833000059 ], [ 81.104003701000067, 28.529195833000074 ], [ 81.105118638000079, 28.531897958000059 ], [ 81.109244326000066, 28.531761520000032 ], [ 81.109631764000085, 28.53491989500003 ], [ 81.107212889000039, 28.53748708300003 ], [ 81.105814202000033, 28.538002582000047 ], [ 81.103958014000057, 28.537399395000079 ], [ 81.100024076000068, 28.538228082000046 ], [ 81.098707201000082, 28.539488020000078 ], [ 81.102260701000034, 28.543553270000075 ], [ 81.102526889000046, 28.54466764600005 ], [ 81.100146577000032, 28.545538020000038 ], [ 81.097230452000076, 28.547633895000047 ], [ 81.097902701000066, 28.548872083000049 ], [ 81.10195770100006, 28.552932458000043 ], [ 81.104564638000056, 28.553059083000051 ], [ 81.107692764000035, 28.552418145000047 ], [ 81.113395014000048, 28.552266833000033 ], [ 81.11618270200006, 28.553487332000032 ], [ 81.118285826000033, 28.54982370700003 ], [ 81.119619451000062, 28.549287833000051 ], [ 81.123292826000068, 28.550473583000041 ], [ 81.128582201000086, 28.551628333000053 ], [ 81.13313688900007, 28.551407332000053 ], [ 81.13825332600004, 28.552331770000023 ], [ 81.141246951000085, 28.552326458000039 ], [ 81.145109639000054, 28.551771895000059 ], [ 81.146631076000062, 28.552257520000069 ], [ 81.148633514000039, 28.551307833000067 ], [ 81.150241951000055, 28.548736270000063 ], [ 81.154094952000037, 28.543869833000031 ], [ 81.158696077000059, 28.538858083000036 ], [ 81.163276326000073, 28.533462645000043 ], [ 81.166196201000048, 28.530363520000037 ], [ 81.168503514000065, 28.525902520000045 ], [ 81.169159576000084, 28.523198833000038 ], [ 81.177848826000059, 28.531499521000057 ], [ 81.186215202000085, 28.540743145000079 ], [ 81.190999451000039, 28.545422583000061 ], [ 81.19444251300007, 28.548152208000033 ], [ 81.199693513000057, 28.552995332000023 ], [ 81.206314514000042, 28.558393521000028 ], [ 81.21276857600003, 28.562386020000076 ], [ 81.220751764000056, 28.566838208000036 ], [ 81.227228077000063, 28.571782083000073 ], [ 81.23081826400005, 28.575234708000039 ], [ 81.233444951000081, 28.576872708000053 ], [ 81.242149889000075, 28.585622646000047 ], [ 81.24610126400006, 28.590493458000026 ], [ 81.250056389000065, 28.593834270000059 ], [ 81.251764639000044, 28.595940646000031 ], [ 81.255331139000077, 28.601865458000077 ], [ 81.258818514000041, 28.608225645000061 ], [ 81.262310889000048, 28.613053895000064 ] ] ] } },
{ "type": "Feature", "properties": { "STATE_CODE": 7, "DISTRICT": "KAILALI", "GaPa_NaPa": "Joshipur", "Type_GN": "Gaunpalika", "Province": "Sudur Pashchim" }, "geometry": { "type": "Polygon", "coordinates": [ [ [ 80.995697076000056, 28.622072771000035 ], [ 80.99271113900005, 28.62087914500006 ], [ 80.991912451000076, 28.619301958000051 ], [ 80.993236514000046, 28.616599208000025 ], [ 80.992978139000058, 28.614139958000067 ], [ 80.990791701000035, 28.614146583000036 ], [ 80.989784201000077, 28.611657958000023 ], [ 80.99059045100006, 28.609192021000069 ], [ 80.990831951000075, 28.60656814500004 ], [ 80.990314138000031, 28.604025396000054 ], [ 80.991206888000079, 28.602015208000068 ], [ 80.99107538800007, 28.597344958000065 ], [ 80.993238576000067, 28.595212896000078 ], [ 80.992439451000052, 28.59312595800003 ], [ 80.989588451000031, 28.593227333000073 ], [ 80.989924513000062, 28.591363770000044 ], [ 80.992553014000066, 28.592313770000032 ], [ 80.993105888000059, 28.590711896000073 ], [ 80.995288514000038, 28.588024896000036 ], [ 80.994697389000066, 28.587309708000078 ], [ 80.992124451000052, 28.588110521000033 ], [ 80.986076389000061, 28.58555152100007 ], [ 80.988596263000034, 28.584443958000065 ], [ 80.991577139000071, 28.583895958000028 ], [ 80.995067514000084, 28.578842270000052 ], [ 80.993675576000044, 28.575911458000064 ], [ 80.994426326000053, 28.571439708000071 ], [ 80.994243639000047, 28.56977239500003 ], [ 80.99477282600003, 28.566214458000047 ], [ 80.988591763000045, 28.566911271000038 ], [ 80.989912014000083, 28.564740895000057 ], [ 80.99293807600003, 28.563231708000046 ], [ 80.994103514000074, 28.561814833000028 ], [ 80.990556826000045, 28.559910458000047 ], [ 80.989693014000068, 28.557169083000076 ], [ 80.990178576000062, 28.553198270000053 ], [ 80.992131576000077, 28.552656895000041 ], [ 80.992109951000032, 28.551352833000067 ], [ 80.99017695100008, 28.549813958000072 ], [ 80.990868014000057, 28.548060958000065 ], [ 80.98933345100005, 28.545971645000066 ], [ 80.989474201000064, 28.544114833000037 ], [ 80.991597388000059, 28.542219770000031 ], [ 80.991493326000068, 28.541229270000031 ], [ 80.98939107700005, 28.538388583000028 ], [ 80.989268138000057, 28.534618521000027 ], [ 80.991119576000074, 28.534474208000063 ], [ 80.995575889000065, 28.531857271000035 ], [ 80.998076138000044, 28.531523395000079 ], [ 81.002256763000048, 28.537960333000058 ], [ 81.00367357600004, 28.538783770000066 ], [ 81.010975013000063, 28.538954896000064 ], [ 81.017978327000037, 28.539673833000052 ], [ 81.01835301300008, 28.54206533200005 ], [ 81.028637451000066, 28.541984582000055 ], [ 81.030079952000051, 28.543441770000072 ], [ 81.03277795200006, 28.542628958000023 ], [ 81.035849638000059, 28.540922520000038 ], [ 81.035855513000058, 28.539424396000072 ], [ 81.030903576000071, 28.536625582000056 ], [ 81.027624514000081, 28.534083645000067 ], [ 81.026930201000084, 28.532912833000069 ], [ 81.029210013000068, 28.531089332000079 ], [ 81.026558138000041, 28.526525645000049 ], [ 81.025879951000036, 28.523057958000038 ], [ 81.023762513000065, 28.520623958000044 ], [ 81.020698201000073, 28.518715708000059 ], [ 81.019966388000057, 28.515552583000044 ], [ 81.023499826000034, 28.513914020000072 ], [ 81.02467088800006, 28.514387645000056 ], [ 81.03265676400008, 28.519444333000024 ], [ 81.034191951000082, 28.520005770000068 ], [ 81.041140326000061, 28.517027896000059 ], [ 81.043337638000082, 28.516454145000068 ], [ 81.043893138000044, 28.518459771000039 ], [ 81.046045452000044, 28.521656083000039 ], [ 81.042969263000032, 28.522112832000062 ], [ 81.04304638800005, 28.524238145000027 ], [ 81.046330888000057, 28.524611583000024 ], [ 81.050247639000077, 28.527279270000065 ], [ 81.050676202000034, 28.528592208000077 ], [ 81.049174763000053, 28.530257833000064 ], [ 81.05003313900005, 28.532231645000024 ], [ 81.049993764000078, 28.533993708000025 ], [ 81.052035201000081, 28.534791708000057 ], [ 81.054916326000068, 28.536877520000075 ], [ 81.056096326000045, 28.538287207000053 ], [ 81.057582388000071, 28.544218083000032 ], [ 81.060889326000051, 28.546730020000041 ], [ 81.061386764000076, 28.548081270000068 ], [ 81.059830451000039, 28.548919021000074 ], [ 81.057583263000083, 28.546988645000056 ], [ 81.054643388000045, 28.549358896000058 ], [ 81.056474514000058, 28.552198645000033 ], [ 81.056922951000047, 28.555133770000054 ], [ 81.062170889000072, 28.558346521000033 ], [ 81.063395951000075, 28.559868896000069 ], [ 81.062838638000073, 28.561173208000071 ], [ 81.060806263000075, 28.562690270000076 ], [ 81.06380813800007, 28.56534670700006 ], [ 81.063673951000055, 28.567523958000038 ], [ 81.067543389000036, 28.568020708000063 ], [ 81.06831182600007, 28.569647020000048 ], [ 81.067213638000055, 28.570920083000033 ], [ 81.065470889000039, 28.569386708000025 ], [ 81.064557388000082, 28.570280583000056 ], [ 81.065641389000064, 28.572834083000032 ], [ 81.06444801400005, 28.573703271000056 ], [ 81.065911952000079, 28.57586402000004 ], [ 81.065407826000069, 28.577457082000024 ], [ 81.067795764000039, 28.585882708000042 ], [ 81.065125764000072, 28.584282146000078 ], [ 81.063713889000041, 28.585936583000034 ], [ 81.062330763000034, 28.584597083000062 ], [ 81.061056576000055, 28.585294833000034 ], [ 81.060216576000073, 28.588668145000042 ], [ 81.06151045200005, 28.592153396000072 ], [ 81.057960889000071, 28.593120583000029 ], [ 81.060883201000081, 28.594940020000024 ], [ 81.060916451000082, 28.596627645000069 ], [ 81.059099639000067, 28.598099457000046 ], [ 81.061088639000047, 28.598703208000074 ], [ 81.059235638000075, 28.601323458000024 ], [ 81.059389452000062, 28.606047833000048 ], [ 81.058596388000069, 28.608615645000043 ], [ 81.059643013000084, 28.609668833000057 ], [ 81.059788826000045, 28.612597271000027 ], [ 81.06165526400008, 28.61368845800007 ], [ 81.061531452000054, 28.615576895000061 ], [ 81.059856638000042, 28.61940183300004 ], [ 81.057579263000036, 28.617634021000072 ], [ 81.055940077000059, 28.615498083000034 ], [ 81.053559951000068, 28.615638958000034 ], [ 81.05009201300004, 28.616712020000023 ], [ 81.047974889000045, 28.616044958000032 ], [ 81.046266763000062, 28.619533520000061 ], [ 81.043946639000069, 28.620511208000039 ], [ 81.041841701000067, 28.622203957000067 ], [ 81.039963263000061, 28.62089370800004 ], [ 81.03574713900008, 28.621237833000066 ], [ 81.034718639000062, 28.619661020000024 ], [ 81.033492889000058, 28.619557583000073 ], [ 81.030084139000053, 28.615506270000026 ], [ 81.029537201000039, 28.613038145000075 ], [ 81.026020763000076, 28.613763146000053 ], [ 81.025899452000033, 28.616908208000041 ], [ 81.024919201000046, 28.61993620800007 ], [ 81.025115639000035, 28.621896771000024 ], [ 81.024052014000063, 28.623483021000027 ], [ 81.022636201000068, 28.62187689600006 ], [ 81.01988613900005, 28.622236083000075 ], [ 81.018825451000055, 28.619641646000048 ], [ 81.01550995100007, 28.619468333000043 ], [ 81.014804076000075, 28.620641645000035 ], [ 81.011723827000083, 28.621203708000053 ], [ 81.006652576000079, 28.617289583000058 ], [ 81.004053139000064, 28.617727396000078 ], [ 81.001733264000052, 28.614277771000047 ], [ 80.997816701000033, 28.614643270000045 ], [ 80.999608139000031, 28.620581458000061 ], [ 80.998260513000048, 28.621872021000058 ], [ 80.995697076000056, 28.622072771000035 ] ] ] } },
{ "type": "Feature", "properties": { "STATE_CODE": 7, "DISTRICT": "KAILALI", "GaPa_NaPa": "Kailari", "Type_GN": "Gaunpalika", "Province": "Sudur Pashchim" }, "geometry": { "type": "Polygon", "coordinates": [ [ [ 80.858733701000062, 28.634432896000078 ], [ 80.857116827000084, 28.63608270800006 ], [ 80.853834326000083, 28.635210645000029 ], [ 80.851857513000084, 28.635646145000067 ], [ 80.850977638000074, 28.637743396000076 ], [ 80.848979013000076, 28.639525770000034 ], [ 80.848950076000051, 28.641831520000039 ], [ 80.845402326000055, 28.641922270000066 ], [ 80.844788014000073, 28.639205208000078 ], [ 80.843374388000029, 28.639190021000047 ], [ 80.836828388000072, 28.641124833000049 ], [ 80.830666139000073, 28.644603020000034 ], [ 80.826100076000046, 28.644437083000071 ], [ 80.822582701000044, 28.646357020000039 ], [ 80.819213701000081, 28.649289958000054 ], [ 80.813439576000064, 28.651073583000027 ], [ 80.812470389000055, 28.649350833000028 ], [ 80.808433826000055, 28.650863583000046 ], [ 80.810080701000061, 28.652106770000046 ], [ 80.81378632600007, 28.653208396000025 ], [ 80.814406826000038, 28.656140020000066 ], [ 80.815861326000061, 28.658930520000069 ], [ 80.818827888000044, 28.660042333000035 ], [ 80.819477389000042, 28.66352889500007 ], [ 80.82312657600005, 28.665361208000036 ], [ 80.824169201000075, 28.667167458000051 ], [ 80.820531576000064, 28.670138583000039 ], [ 80.82140501300006, 28.673435958000027 ], [ 80.822773076000033, 28.676260145000072 ], [ 80.821875076000083, 28.676685396000039 ], [ 80.823056076000057, 28.679353708000065 ], [ 80.820350013000052, 28.680972270000041 ], [ 80.81997670100003, 28.684180021000032 ], [ 80.821595764000051, 28.687142208000068 ], [ 80.819871826000053, 28.688279270000066 ], [ 80.813026076000085, 28.691345083000044 ], [ 80.813239576000058, 28.693606020000061 ], [ 80.811588764000078, 28.694142958000043 ], [ 80.808038201000045, 28.693397958000048 ], [ 80.804150263000054, 28.693119395000053 ], [ 80.798185826000065, 28.695231396000054 ], [ 80.793667451000033, 28.699502208000069 ], [ 80.792169326000078, 28.699745833000065 ], [ 80.790309139000044, 28.70158845800006 ], [ 80.788672638000037, 28.702283083000054 ], [ 80.78546801300007, 28.702602895000041 ], [ 80.782216326000082, 28.704362020000076 ], [ 80.780599701000085, 28.706008646000043 ], [ 80.774242326000035, 28.706866770000033 ], [ 80.772439764000069, 28.705512333000058 ], [ 80.772143013000061, 28.703106771000023 ], [ 80.771146388000034, 28.702031208000051 ], [ 80.769882888000041, 28.693530270000053 ], [ 80.763615264000066, 28.692463583000062 ], [ 80.760852013000033, 28.694335833000025 ], [ 80.759816826000076, 28.692143271000077 ], [ 80.757425639000076, 28.692281145000038 ], [ 80.754835076000063, 28.694846208000058 ], [ 80.751307888000042, 28.694334396000045 ], [ 80.748665888000062, 28.693682021000029 ], [ 80.74831501400007, 28.692345770000031 ], [ 80.75020538900003, 28.691234708000025 ], [ 80.750557076000064, 28.688593458000071 ], [ 80.752358951000076, 28.686864021000076 ], [ 80.751611826000044, 28.685897083000043 ], [ 80.754651263000085, 28.683249395000075 ], [ 80.75581320100008, 28.681035958000052 ], [ 80.754058951000047, 28.675854958000059 ], [ 80.75142788900007, 28.673334583000042 ], [ 80.75424451300006, 28.672263520000058 ], [ 80.751399264000042, 28.670539146000067 ], [ 80.743568076000031, 28.671494708000068 ], [ 80.739598201000035, 28.671672145000059 ], [ 80.733501888000035, 28.674281895000036 ], [ 80.731693514000085, 28.675395083000069 ], [ 80.727036076000047, 28.676358208000067 ], [ 80.724791763000042, 28.676362708000056 ], [ 80.722478826000042, 28.675315708000028 ], [ 80.718251013000042, 28.675762646000067 ], [ 80.717427514000065, 28.674903583000059 ], [ 80.719080826000038, 28.672761458000025 ], [ 80.72094295100004, 28.66880352000004 ], [ 80.722957701000041, 28.663469645000077 ], [ 80.724244451000061, 28.658939708000048 ], [ 80.726181576000045, 28.656184396000072 ], [ 80.725889451000057, 28.649271020000072 ], [ 80.72491601300004, 28.64787695800004 ], [ 80.724111764000043, 28.644288083000049 ], [ 80.718992513000046, 28.640514333000056 ], [ 80.719830076000051, 28.638239583000029 ], [ 80.719739326000081, 28.635107895000033 ], [ 80.71869988800006, 28.632400646000065 ], [ 80.722410701000058, 28.631620896000072 ], [ 80.72519188900003, 28.629869020000058 ], [ 80.727582576000032, 28.626383583000063 ], [ 80.724919326000077, 28.621854646000031 ], [ 80.722122263000074, 28.61952958300003 ], [ 80.721919826000033, 28.618234146000077 ], [ 80.722953764000067, 28.614719021000042 ], [ 80.722174513000084, 28.610965395000051 ], [ 80.725203263000083, 28.60915314600004 ], [ 80.727817701000049, 28.609975083000052 ], [ 80.730018701000063, 28.606870521000076 ], [ 80.731672013000036, 28.605829208000046 ], [ 80.728745263000064, 28.603463395000063 ], [ 80.730374139000048, 28.59883252000003 ], [ 80.731636638000055, 28.597373020000077 ], [ 80.734910951000074, 28.596804145000078 ], [ 80.738697013000035, 28.598648020000041 ], [ 80.740580763000082, 28.596575958000074 ], [ 80.739489389000084, 28.594561396000074 ], [ 80.740037451000035, 28.592707896000036 ], [ 80.743077139000036, 28.589462520000041 ], [ 80.749486576000038, 28.587112332000061 ], [ 80.755543826000064, 28.582304208000039 ], [ 80.757787138000083, 28.579914458000076 ], [ 80.756919264000032, 28.578015458000039 ], [ 80.753974326000048, 28.576954271000034 ], [ 80.753418139000075, 28.57529045800004 ], [ 80.753977451000083, 28.573001458000078 ], [ 80.751450888000079, 28.570733958000062 ], [ 80.769739638000033, 28.565495770000041 ], [ 80.77123645100005, 28.549648707000074 ], [ 80.784425576000046, 28.54673045800007 ], [ 80.79097413900007, 28.543494083000041 ], [ 80.790971138000032, 28.542377271000078 ], [ 80.78625345100005, 28.529223146000049 ], [ 80.790708263000056, 28.524307083000053 ], [ 80.801469326000074, 28.521063083000058 ], [ 80.817182451000065, 28.520600020000074 ], [ 80.831708451000054, 28.511682083000039 ], [ 80.838074513000038, 28.505291208000074 ], [ 80.845256388000053, 28.499656832000028 ], [ 80.84619963800003, 28.49534852000005 ], [ 80.857008263000068, 28.497047958000053 ], [ 80.867270326000039, 28.489502395000045 ], [ 80.863287889000048, 28.504084770000077 ], [ 80.87756470100004, 28.509700520000024 ], [ 80.887513764000062, 28.507125770000073 ], [ 80.897834013000079, 28.50559064600003 ], [ 80.901485638000054, 28.500435707000065 ], [ 80.908937139000045, 28.498080895000044 ], [ 80.907195951000062, 28.499999771000034 ], [ 80.911030764000031, 28.501667395000027 ], [ 80.910706263000066, 28.503302896000037 ], [ 80.912516638000056, 28.505510645000072 ], [ 80.911479076000035, 28.509629895000046 ], [ 80.910180451000031, 28.510775083000055 ], [ 80.909329576000061, 28.514463395000064 ], [ 80.913567701000034, 28.514926458000048 ], [ 80.910695639000039, 28.519337708000023 ], [ 80.909020951000059, 28.520223270000031 ], [ 80.906866701000069, 28.524684582000077 ], [ 80.907464014000084, 28.526686208000058 ], [ 80.909809388000042, 28.528826646000027 ], [ 80.910582076000082, 28.53164739500005 ], [ 80.907511201000034, 28.537432458000069 ], [ 80.905763014000058, 28.537986271000079 ], [ 80.902239139000073, 28.535729895000031 ], [ 80.900149139000064, 28.53744983200005 ], [ 80.899875326000085, 28.538918396000042 ], [ 80.898212639000064, 28.540855208000039 ], [ 80.896189513000081, 28.542272832000037 ], [ 80.895641014000034, 28.546272645000045 ], [ 80.893700264000074, 28.547620333000054 ], [ 80.892786576000049, 28.549638896000033 ], [ 80.89359657600005, 28.55256808300004 ], [ 80.896873826000046, 28.555250958000045 ], [ 80.899761951000073, 28.556087895000076 ], [ 80.901086826000039, 28.557309458000077 ], [ 80.901439764000031, 28.558999583000059 ], [ 80.903190013000085, 28.559400208000056 ], [ 80.905712201000085, 28.560985833000075 ], [ 80.908913014000063, 28.562219833000029 ], [ 80.906668138000043, 28.563041833000057 ], [ 80.904967764000048, 28.565420958000061 ], [ 80.902315638000061, 28.566037270000038 ], [ 80.897482639000032, 28.569742833000078 ], [ 80.898045951000086, 28.570334395000032 ], [ 80.900994576000073, 28.569853770000066 ], [ 80.90164320100007, 28.570776958000067 ], [ 80.89979063800007, 28.573740208000061 ], [ 80.899861889000078, 28.57677033300007 ], [ 80.901304139000047, 28.579113333000066 ], [ 80.903018639000038, 28.580820207000045 ], [ 80.906858576000047, 28.586140708000073 ], [ 80.905229389000056, 28.587188708000042 ], [ 80.905795013000045, 28.58853152100005 ], [ 80.90485757600004, 28.589850708000029 ], [ 80.901246388000061, 28.590312895000068 ], [ 80.896985576000077, 28.589050770000028 ], [ 80.88907226300006, 28.589976333000038 ], [ 80.887125701000059, 28.591752583000073 ], [ 80.873409389000074, 28.590598895000028 ], [ 80.860400764000076, 28.590234145000068 ], [ 80.853937764000079, 28.590484583000034 ], [ 80.850935764000042, 28.591117520000068 ], [ 80.843727139000066, 28.590967270000078 ], [ 80.839320764000036, 28.591305083000066 ], [ 80.837327951000077, 28.593064770000069 ], [ 80.840338451000036, 28.594313708000072 ], [ 80.848578764000081, 28.595406146000073 ], [ 80.851332576000061, 28.596146958000077 ], [ 80.852440451000064, 28.597068708000052 ], [ 80.852547451000078, 28.598936895000065 ], [ 80.851047451000056, 28.602109708000057 ], [ 80.848225013000047, 28.604949333000036 ], [ 80.846617013000071, 28.607711332000065 ], [ 80.841519451000067, 28.60904789500006 ], [ 80.837923014000069, 28.610740271000054 ], [ 80.836328201000072, 28.611954395000055 ], [ 80.833204451000086, 28.613166646000025 ], [ 80.839535014000035, 28.614345270000058 ], [ 80.845247638000046, 28.617244270000072 ], [ 80.849106076000055, 28.618846020000035 ], [ 80.855118639000068, 28.621803645000057 ], [ 80.85434163900004, 28.623382083000024 ], [ 80.854652889000079, 28.627630833000069 ], [ 80.855713889000072, 28.630864958000075 ], [ 80.858733701000062, 28.634432896000078 ] ] ] } },
{ "type": "Feature", "properties": { "STATE_CODE": 7, "DISTRICT": "KAILALI", "GaPa_NaPa": "Lamkichuha", "Type_GN": "Nagarpalika", "Province": "Sudur Pashchim" }, "geometry": { "type": "Polygon", "coordinates": [ [ [ 81.289420201000041, 28.649065395000036 ], [ 81.286837014000071, 28.650747208000041 ], [ 81.284437202000049, 28.651453958000047 ], [ 81.282548452000071, 28.652701020000052 ], [ 81.278794701000038, 28.653130708000049 ], [ 81.276982201000067, 28.655219083000077 ], [ 81.274493889000041, 28.656135645000063 ], [ 81.269637639000052, 28.656862833000048 ], [ 81.267055514000049, 28.656633333000059 ], [ 81.266010889000086, 28.655746458000067 ], [ 81.260493264000047, 28.657708770000056 ], [ 81.257766951000065, 28.660498021000024 ], [ 81.256037076000041, 28.661017958000059 ], [ 81.25273738900006, 28.659205708000059 ], [ 81.251488077000033, 28.657163958000069 ], [ 81.249270514000045, 28.65561583300007 ], [ 81.246761889000084, 28.656723708000072 ], [ 81.243177452000054, 28.656782083000053 ], [ 81.237900889000059, 28.659079145000078 ], [ 81.235293452000064, 28.659850833000064 ], [ 81.234015389000035, 28.660990145000028 ], [ 81.23312926400007, 28.664712020000024 ], [ 81.229883764000078, 28.668844020000051 ], [ 81.227944513000068, 28.673517521000065 ], [ 81.226768327000059, 28.677840020000076 ], [ 81.224589076000029, 28.679743270000074 ], [ 81.221720889000039, 28.679651020000051 ], [ 81.220303639000065, 28.681250645000034 ], [ 81.217010139000081, 28.683715145000065 ], [ 81.215292077000072, 28.688076770000066 ], [ 81.212943764000045, 28.689774833000058 ], [ 81.211406327000077, 28.691886708000027 ], [ 81.20528207600006, 28.69344383300006 ], [ 81.202969826000071, 28.695392145000028 ], [ 81.201754139000059, 28.697566583000025 ], [ 81.197990076000053, 28.70159033300007 ], [ 81.197462764000079, 28.703872021000052 ], [ 81.193531389000043, 28.705772833000026 ], [ 81.189815889000045, 28.705787145000045 ], [ 81.187086889000057, 28.707038583000042 ], [ 81.185134514000083, 28.710251708000044 ], [ 81.182695764000073, 28.712062208000077 ], [ 81.179970514000047, 28.713180396000041 ], [ 81.177924327000085, 28.716718521000075 ], [ 81.175293264000061, 28.717475395000065 ], [ 81.173206951000054, 28.718985208000049 ], [ 81.171958764000067, 28.720663083000034 ], [ 81.169805077000035, 28.721333645000072 ], [ 81.167412452000065, 28.722992583000064 ], [ 81.166791577000083, 28.726533208000035 ], [ 81.158090701000049, 28.730798708000066 ], [ 81.152670076000049, 28.730222895000054 ], [ 81.152438639000081, 28.729036396000026 ], [ 81.15286457600007, 28.723618958000031 ], [ 81.151651014000038, 28.722911895000038 ], [ 81.150482576000059, 28.720020896000051 ], [ 81.148883638000029, 28.718062083000063 ], [ 81.147011389000056, 28.717782083000031 ], [ 81.142437263000033, 28.713644771000077 ], [ 81.140459264000071, 28.71225252000005 ], [ 81.136136014000044, 28.711510145000034 ], [ 81.133611576000078, 28.711429208000027 ], [ 81.131476014000043, 28.713344520000078 ], [ 81.132216827000036, 28.715022333000036 ], [ 81.131904138000039, 28.716489083000056 ], [ 81.12965795100007, 28.717524583000056 ], [ 81.12909638900004, 28.719524083000067 ], [ 81.131694076000031, 28.722190646000058 ], [ 81.130744701000083, 28.723150333000035 ], [ 81.126650514000062, 28.723767895000037 ], [ 81.124183326000036, 28.721787083000038 ], [ 81.121504139000081, 28.721491645000071 ], [ 81.12075982600004, 28.720508646000042 ], [ 81.117982514000062, 28.720811208000043 ], [ 81.117265076000081, 28.72327327000005 ], [ 81.114100576000055, 28.727454270000067 ], [ 81.109150764000049, 28.726134020000075 ], [ 81.105896514000051, 28.725795958000049 ], [ 81.105639826000072, 28.724381583000024 ], [ 81.103405451000071, 28.721917333000079 ], [ 81.100905764000061, 28.721319083000026 ], [ 81.098627701000055, 28.718051646000049 ], [ 81.094902826000066, 28.715619958000048 ], [ 81.090631513000062, 28.71333514500003 ], [ 81.088770139000076, 28.71089752000006 ], [ 81.087824451000074, 28.708547270000054 ], [ 81.085768888000075, 28.70717458300004 ], [ 81.08138038900006, 28.705622833000064 ], [ 81.081496701000049, 28.703395958000044 ], [ 81.080759951000061, 28.700357396000072 ], [ 81.081267701000058, 28.693029145000025 ], [ 81.079089264000061, 28.690986396000028 ], [ 81.079565763000062, 28.689253396000026 ], [ 81.078195014000073, 28.686765645000037 ], [ 81.079993826000077, 28.684323458000051 ], [ 81.079375889000062, 28.673733520000042 ], [ 81.078785138000057, 28.67316302100005 ], [ 81.074926763000065, 28.673454020000065 ], [ 81.074538826000037, 28.671107833000065 ], [ 81.073436576000063, 28.668906458000038 ], [ 81.076132638000047, 28.667643770000041 ], [ 81.074545889000035, 28.665257645000054 ], [ 81.073120388000063, 28.662075021000078 ], [ 81.070856076000041, 28.660975208000025 ], [ 81.070022951000055, 28.658286333000035 ], [ 81.065617201000066, 28.656826521000028 ], [ 81.062918889000059, 28.655176333000043 ], [ 81.063343389000067, 28.652931270000067 ], [ 81.06128620100003, 28.650601583000025 ], [ 81.060219514000039, 28.647619458000065 ], [ 81.058607013000085, 28.644915021000031 ], [ 81.058987451000064, 28.642096895000066 ], [ 81.057361577000052, 28.639385708000077 ], [ 81.058383451000054, 28.63786239600006 ], [ 81.05724026300004, 28.635579646000053 ], [ 81.055205701000034, 28.634632896000028 ], [ 81.057025514000031, 28.633278458000063 ], [ 81.055942952000066, 28.628791396000054 ], [ 81.057700263000072, 28.627303833000042 ], [ 81.057479326000077, 28.624264896000057 ], [ 81.059264639000048, 28.623824145000071 ], [ 81.059121763000064, 28.621489083000029 ], [ 81.059856638000042, 28.61940183300004 ], [ 81.061531452000054, 28.615576895000061 ], [ 81.06165526400008, 28.61368845800007 ], [ 81.059788826000045, 28.612597271000027 ], [ 81.059643013000084, 28.609668833000057 ], [ 81.058596388000069, 28.608615645000043 ], [ 81.059389452000062, 28.606047833000048 ], [ 81.059235638000075, 28.601323458000024 ], [ 81.061088639000047, 28.598703208000074 ], [ 81.059099639000067, 28.598099457000046 ], [ 81.060916451000082, 28.596627645000069 ], [ 81.060883201000081, 28.594940020000024 ], [ 81.057960889000071, 28.593120583000029 ], [ 81.06151045200005, 28.592153396000072 ], [ 81.060216576000073, 28.588668145000042 ], [ 81.061056576000055, 28.585294833000034 ], [ 81.062330763000034, 28.584597083000062 ], [ 81.063713889000041, 28.585936583000034 ], [ 81.065125764000072, 28.584282146000078 ], [ 81.067795764000039, 28.585882708000042 ], [ 81.069316451000077, 28.586958146000029 ], [ 81.071862013000043, 28.587710396000034 ], [ 81.07427857600004, 28.590513520000059 ], [ 81.07429313800003, 28.592126646000054 ], [ 81.075877826000067, 28.592543208000052 ], [ 81.080286201000035, 28.590361208000047 ], [ 81.084809139000072, 28.588546707000035 ], [ 81.086576388000083, 28.589238270000067 ], [ 81.090358826000056, 28.59234708300005 ], [ 81.09258113900006, 28.593642832000057 ], [ 81.095439701000032, 28.593884520000074 ], [ 81.097199389000082, 28.595512271000075 ], [ 81.096398951000083, 28.597708083000043 ], [ 81.094220201000041, 28.599873271000035 ], [ 81.097895576000042, 28.602979646000051 ], [ 81.100139513000045, 28.603587270000048 ], [ 81.103872638000041, 28.602034395000032 ], [ 81.10943013800005, 28.602097708000031 ], [ 81.113493264000056, 28.600997895000035 ], [ 81.114964888000031, 28.600080645000048 ], [ 81.119522639000081, 28.601836520000063 ], [ 81.121363702000053, 28.602931333000072 ], [ 81.122832577000054, 28.604933520000031 ], [ 81.122304076000034, 28.606711833000077 ], [ 81.126000139000041, 28.606703958000026 ], [ 81.128823827000076, 28.604181145000041 ], [ 81.132075327000052, 28.606041583000035 ], [ 81.134082826000054, 28.604676958000027 ], [ 81.136615389000042, 28.603796770000031 ], [ 81.140146077000054, 28.603353208000044 ], [ 81.140701014000058, 28.601777833000028 ], [ 81.14974776400004, 28.596766208000076 ], [ 81.152751327000033, 28.595443020000062 ], [ 81.156623639000031, 28.592004708000047 ], [ 81.161035576000074, 28.594923583000025 ], [ 81.162310201000082, 28.598184458000048 ], [ 81.165806764000081, 28.597340896000048 ], [ 81.169584202000067, 28.595305708000069 ], [ 81.181145264000065, 28.588177020000046 ], [ 81.185686826000051, 28.588922208000042 ], [ 81.18824401300003, 28.58996783300006 ], [ 81.193325326000036, 28.591373020000049 ], [ 81.196741451000037, 28.591350082000076 ], [ 81.200246264000043, 28.591872896000041 ], [ 81.204337639000073, 28.594341770000028 ], [ 81.207591826000055, 28.595911646000047 ], [ 81.20811395100003, 28.596851645000072 ], [ 81.211206263000065, 28.599236145000077 ], [ 81.21528863900005, 28.599996833000034 ], [ 81.216521827000065, 28.601384645000053 ], [ 81.218497139000078, 28.602004208000039 ], [ 81.221312139000077, 28.605471833000024 ], [ 81.224304764000067, 28.607425271000068 ], [ 81.228840388000037, 28.608180208000078 ], [ 81.231243077000045, 28.609496083000067 ], [ 81.239083639000057, 28.612275583000041 ], [ 81.243494639000062, 28.612612958000057 ], [ 81.245822889000067, 28.613960145000078 ], [ 81.248083576000056, 28.614544895000051 ], [ 81.255277326000055, 28.613974271000075 ], [ 81.262310889000048, 28.613053895000064 ], [ 81.26464788800007, 28.614590270000065 ], [ 81.266759576000084, 28.615226895000035 ], [ 81.270518264000032, 28.617746333000071 ], [ 81.271320514000081, 28.619730145000062 ], [ 81.271547514000076, 28.623233520000042 ], [ 81.272324576000074, 28.625600896000037 ], [ 81.272431827000048, 28.629508333000047 ], [ 81.274178326000083, 28.631438333000062 ], [ 81.278853639000033, 28.635523708000051 ], [ 81.283402764000073, 28.638907458000062 ], [ 81.28804251400004, 28.645384020000051 ], [ 81.289420201000041, 28.649065395000036 ] ] ] } },
{ "type": "Feature", "properties": { "STATE_CODE": 7, "DISTRICT": "KAILALI", "GaPa_NaPa": "Mohanyal", "Type_GN": "Gaunpalika", "Province": "Sudur Pashchim" }, "geometry": { "type": "Polygon", "coordinates": [ [ [ 80.980448702000047, 28.939014145000044 ], [ 80.975992826000038, 28.939475896000033 ], [ 80.97069332600006, 28.941304521000063 ], [ 80.967648702000076, 28.940685646000077 ], [ 80.962002264000034, 28.93774458300004 ], [ 80.95823838900003, 28.936152896000067 ], [ 80.954991263000068, 28.935761459000048 ], [ 80.947786951000069, 28.938177458000041 ], [ 80.939383326000041, 28.942092708000075 ], [ 80.93402126400008, 28.943400958000041 ], [ 80.931545014000051, 28.943557646000045 ], [ 80.925832202000038, 28.942749209000056 ], [ 80.923121326000057, 28.941542896000044 ], [ 80.920302076000041, 28.939161145000071 ], [ 80.918594013000074, 28.935374458000069 ], [ 80.916737139000077, 28.932584834000068 ], [ 80.915285264000033, 28.931334083000024 ], [ 80.91249195100005, 28.931043521000049 ], [ 80.911968264000052, 28.933511333000069 ], [ 80.910378513000069, 28.936138583000059 ], [ 80.909412263000036, 28.939061770000023 ], [ 80.908150826000053, 28.940367146000028 ], [ 80.905315388000076, 28.93999745900004 ], [ 80.904722514000071, 28.936917521000055 ], [ 80.903689326000062, 28.936479145000078 ], [ 80.901243326000042, 28.937325646000033 ], [ 80.900853076000033, 28.940754521000031 ], [ 80.900001451000037, 28.942182021000065 ], [ 80.898414076000051, 28.94121745800004 ], [ 80.900298014000043, 28.936830770000029 ], [ 80.899406639000063, 28.934628271000065 ], [ 80.896204327000078, 28.934352833000048 ], [ 80.894752514000061, 28.935405333000062 ], [ 80.893017326000063, 28.938718083000026 ], [ 80.889887889000079, 28.940229395000074 ], [ 80.885006952000083, 28.94044864600005 ], [ 80.884099326000069, 28.941395396000075 ], [ 80.882780138000044, 28.944482833000052 ], [ 80.882776076000084, 28.945748459000072 ], [ 80.884896389000062, 28.949190771000076 ], [ 80.885864576000074, 28.951914646000034 ], [ 80.886143202000085, 28.956641271000024 ], [ 80.887077014000056, 28.957749770000078 ], [ 80.887141013000075, 28.959942709000075 ], [ 80.886219951000044, 28.963560646000076 ], [ 80.883651889000078, 28.967037208000079 ], [ 80.881021514000054, 28.968284833000041 ], [ 80.875048263000053, 28.969558583000037 ], [ 80.868711889000053, 28.968665958000031 ], [ 80.867174139000042, 28.969417896000039 ], [ 80.865316639000071, 28.973892083000067 ], [ 80.864105639000059, 28.97535952100003 ], [ 80.860526139000058, 28.977047896000045 ], [ 80.857325263000064, 28.977576959000032 ], [ 80.855391889000032, 28.976925146000042 ], [ 80.852264202000072, 28.974634146000028 ], [ 80.850209763000066, 28.972001333000037 ], [ 80.848269076000065, 28.968319584000028 ], [ 80.84535132600007, 28.964711084000044 ], [ 80.844779451000079, 28.961786583000048 ], [ 80.843006513000034, 28.959160709000059 ], [ 80.838759388000085, 28.956019833000028 ], [ 80.838567701000045, 28.955171333000067 ], [ 80.841352138000047, 28.951224271000058 ], [ 80.840921826000056, 28.948913646000051 ], [ 80.838947638000036, 28.946670958000027 ], [ 80.839655576000041, 28.944801583000071 ], [ 80.843970201000047, 28.942636333000053 ], [ 80.844631701000083, 28.941538395000066 ], [ 80.85066295200005, 28.937779833000036 ], [ 80.852743264000082, 28.937825021000037 ], [ 80.854453388000081, 28.938668396000025 ], [ 80.858001638000076, 28.938807521000058 ], [ 80.860017451000033, 28.937938833000032 ], [ 80.860126451000042, 28.93556783300005 ], [ 80.858897327000079, 28.934600958000033 ], [ 80.857895764000034, 28.930902208000077 ], [ 80.857065576000082, 28.929617646000054 ], [ 80.857934139000065, 28.927170708000062 ], [ 80.85901270100004, 28.921836271000075 ], [ 80.860596326000064, 28.919367584000042 ], [ 80.863461201000064, 28.917520521000029 ], [ 80.864134451000041, 28.915204208000034 ], [ 80.86324451400003, 28.91166133300004 ], [ 80.861814576000086, 28.90881495800005 ], [ 80.860550451000051, 28.907656271000064 ], [ 80.857516389000068, 28.906340083000032 ], [ 80.855142201000035, 28.904677083000024 ], [ 80.853990201000045, 28.90293639600003 ], [ 80.856229951000046, 28.897262583000042 ], [ 80.858237139000039, 28.893898646000025 ], [ 80.860158701000046, 28.891926584000032 ], [ 80.860768951000068, 28.888525083000047 ], [ 80.856497201000082, 28.885589958000025 ], [ 80.853582076000066, 28.882496021000065 ], [ 80.851398326000037, 28.879558458000076 ], [ 80.848080139000047, 28.876206770000067 ], [ 80.845954138000081, 28.874530333000052 ], [ 80.845181701000058, 28.871693583000024 ], [ 80.842525826000042, 28.866497021000043 ], [ 80.839466826000034, 28.862078333000056 ], [ 80.839420639000082, 28.859783771000025 ], [ 80.840634763000082, 28.857165896000026 ], [ 80.840185513000051, 28.853185646000043 ], [ 80.837939264000056, 28.851777458000072 ], [ 80.836358576000066, 28.848201895000045 ], [ 80.83310988900007, 28.844755145000079 ], [ 80.831678576000058, 28.844848083000045 ], [ 80.829171826000049, 28.842097021000029 ], [ 80.828962076000039, 28.840488271000027 ], [ 80.827280014000053, 28.835191020000025 ], [ 80.824531764000085, 28.830539958000031 ], [ 80.823135763000039, 28.826691458000028 ], [ 80.821772388000056, 28.824490021000031 ], [ 80.820711201000051, 28.818045208000058 ], [ 80.818588639000041, 28.816979708000076 ], [ 80.81755826400007, 28.815450958000042 ], [ 80.815775951000035, 28.814697271000057 ], [ 80.812903264000056, 28.815397145000077 ], [ 80.809095826000032, 28.814153333000036 ], [ 80.805976451000049, 28.811619771000039 ], [ 80.80466601300003, 28.807252333000065 ], [ 80.802813326000035, 28.80573133300004 ], [ 80.801066138000067, 28.801112770000032 ], [ 80.79972420200005, 28.798967520000076 ], [ 80.800258764000034, 28.797199521000039 ], [ 80.800098201000083, 28.793413521000048 ], [ 80.798872576000065, 28.791938520000031 ], [ 80.799325139000075, 28.789996645000031 ], [ 80.798085826000033, 28.788196708000044 ], [ 80.797149764000039, 28.785368395000035 ], [ 80.798552889000064, 28.783536333000029 ], [ 80.797949451000079, 28.782378021000056 ], [ 80.79959245100008, 28.780474083000058 ], [ 80.800903389000041, 28.779921021000064 ], [ 80.802948201000049, 28.777431020000051 ], [ 80.804629701000067, 28.777783146000047 ], [ 80.806055076000064, 28.776945958000056 ], [ 80.806486014000029, 28.775001771000063 ], [ 80.809488138000063, 28.774324771000067 ], [ 80.811900951000041, 28.774919208000028 ], [ 80.814240139000049, 28.771725520000075 ], [ 80.816689076000046, 28.771404021000023 ], [ 80.818471888000033, 28.771988458000067 ], [ 80.822242763000077, 28.771479083000031 ], [ 80.823712576000048, 28.769247458000052 ], [ 80.823623576000045, 28.767142395000064 ], [ 80.825320889000068, 28.765429958000027 ], [ 80.826790014000039, 28.765454395000063 ], [ 80.826694639000038, 28.768168396000078 ], [ 80.827902076000044, 28.769451458000049 ], [ 80.829519451000067, 28.769649833000074 ], [ 80.831549263000056, 28.773126708000063 ], [ 80.83363263800004, 28.773810646000072 ], [ 80.834934389000068, 28.776930146000041 ], [ 80.836459951000052, 28.77737195800006 ], [ 80.839024201000029, 28.776607958000056 ], [ 80.844602639000072, 28.780957521000062 ], [ 80.84725151400005, 28.782566833000033 ], [ 80.848374326000055, 28.786024458000043 ], [ 80.852083764000042, 28.790958146000037 ], [ 80.854656701000067, 28.793099771000072 ], [ 80.858584951000068, 28.795508958000028 ], [ 80.858632077000038, 28.798568270000032 ], [ 80.85818226300006, 28.801599958000054 ], [ 80.858252201000084, 28.804582583000069 ], [ 80.859885889000054, 28.808336208000071 ], [ 80.858626826000034, 28.811931083000047 ], [ 80.857484076000048, 28.813978458000065 ], [ 80.858166513000072, 28.815594520000047 ], [ 80.861196326000083, 28.81885545800003 ], [ 80.861286951000068, 28.822011833000033 ], [ 80.86272113900003, 28.821670396000059 ], [ 80.864463888000046, 28.819919145000028 ], [ 80.867628076000074, 28.818476146000023 ], [ 80.873343326000054, 28.817112146000056 ], [ 80.87564932600003, 28.814905583000041 ], [ 80.879428077000057, 28.81232127100003 ], [ 80.882477889000086, 28.809063896000055 ], [ 80.886768326000038, 28.80609858300005 ], [ 80.888297952000073, 28.810280396000053 ], [ 80.887403763000066, 28.814008958000045 ], [ 80.887961826000037, 28.817073208000068 ], [ 80.888164326000037, 28.821438896000075 ], [ 80.888735451000059, 28.823106646000042 ], [ 80.891560138000045, 28.823925646000077 ], [ 80.891448826000044, 28.827217208000036 ], [ 80.893445451000048, 28.828987583000071 ], [ 80.897672014000079, 28.827305520000039 ], [ 80.902561326000068, 28.823656521000032 ], [ 80.904877201000033, 28.823130271000025 ], [ 80.909247576000041, 28.82535327100004 ], [ 80.912869701000034, 28.82650177000005 ], [ 80.914736639000068, 28.828289770000026 ], [ 80.917965763000041, 28.829972521000059 ], [ 80.925310576000072, 28.830353583000033 ], [ 80.92715363800005, 28.829483771000071 ], [ 80.930689577000066, 28.83064752100006 ], [ 80.934177139000042, 28.832573708000041 ], [ 80.941694013000074, 28.833125395000025 ], [ 80.94750945100003, 28.835352271000033 ], [ 80.950697514000069, 28.834103583000058 ], [ 80.954839701000083, 28.834926271000029 ], [ 80.957616701000063, 28.833713396000064 ], [ 80.960360076000029, 28.827397083000051 ], [ 80.963024389000054, 28.826202271000056 ], [ 80.964222014000029, 28.824736083000062 ], [ 80.969890951000082, 28.823115271000063 ], [ 80.974425138000072, 28.820016395000039 ], [ 80.977848514000073, 28.818311333000054 ], [ 80.979761014000076, 28.816463895000027 ], [ 80.981882326000061, 28.815708458000074 ], [ 80.985253701000033, 28.815341083000078 ], [ 80.987621639000054, 28.813132583000026 ], [ 80.990830764000066, 28.811082083000031 ], [ 80.994970076000072, 28.812172021000038 ], [ 80.99730276400004, 28.812142708000067 ], [ 81.000229514000068, 28.809383521000029 ], [ 81.003893701000038, 28.809083458000032 ], [ 81.00728682600004, 28.807849271000066 ], [ 81.009489263000034, 28.806429958000024 ], [ 81.01507138900007, 28.806977708000034 ], [ 81.017703076000032, 28.806661521000024 ], [ 81.021691763000035, 28.805032021000045 ], [ 81.024191389000066, 28.80312520800004 ], [ 81.028563138000038, 28.801630770000031 ], [ 81.025690138000073, 28.792613771000049 ], [ 81.024520326000072, 28.790003646000059 ], [ 81.020767701000068, 28.785753770000042 ], [ 81.019768264000049, 28.784102458000064 ], [ 81.016881013000045, 28.782261833000064 ], [ 81.01424426300008, 28.778119958000048 ], [ 81.012248452000051, 28.776344583000025 ], [ 81.015240888000051, 28.772617208000042 ], [ 81.017711077000058, 28.770807458000036 ], [ 81.018071264000071, 28.76938158300004 ], [ 81.020091826000055, 28.767075521000038 ], [ 81.021998013000029, 28.765962958000046 ], [ 81.021535451000034, 28.764349958000025 ], [ 81.02206213900007, 28.762107333000074 ], [ 81.023515576000079, 28.759494458000063 ], [ 81.027146326000036, 28.754834895000045 ], [ 81.026308451000034, 28.753377583000031 ], [ 81.023407452000072, 28.75114908300003 ], [ 81.023057201000086, 28.747521333000066 ], [ 81.023878201000059, 28.745337208000024 ], [ 81.023241889000076, 28.743365521000044 ], [ 81.024291514000083, 28.741968708000059 ], [ 81.023672076000082, 28.738013895000051 ], [ 81.022669514000086, 28.736452833000044 ], [ 81.022316014000069, 28.733781645000079 ], [ 81.024187139000048, 28.730728770000042 ], [ 81.026724827000066, 28.734593021000023 ], [ 81.026762764000068, 28.73667320800007 ], [ 81.027894826000079, 28.741322833000027 ], [ 81.029570763000038, 28.741690208000023 ], [ 81.030197264000037, 28.743628083000033 ], [ 81.034083576000057, 28.745100395000065 ], [ 81.034545326000057, 28.746020771000076 ], [ 81.039614201000063, 28.75009170800007 ], [ 81.041973013000074, 28.750587333000055 ], [ 81.048678264000046, 28.753481958000066 ], [ 81.054140326000038, 28.757933458000025 ], [ 81.055413888000032, 28.761698396000043 ], [ 81.056824013000039, 28.762182770000038 ], [ 81.059915639000053, 28.758571708000034 ], [ 81.060391951000042, 28.757017083000051 ], [ 81.060745139000062, 28.747863833000054 ], [ 81.060125327000037, 28.744152771000074 ], [ 81.060650764000059, 28.741914458000053 ], [ 81.062674388000062, 28.736379271000033 ], [ 81.06313920100007, 28.733534083000052 ], [ 81.064226701000052, 28.731300021000038 ], [ 81.068583576000037, 28.728078395000068 ], [ 81.072418951000031, 28.725946645000079 ], [ 81.074785702000042, 28.722854458000029 ], [ 81.075660264000078, 28.720462458000043 ], [ 81.07800295100003, 28.718904458000054 ], [ 81.078482389000044, 28.712747146000027 ], [ 81.079448576000061, 28.709032958000023 ], [ 81.08138038900006, 28.705622833000064 ], [ 81.085768888000075, 28.70717458300004 ], [ 81.087824451000074, 28.708547270000054 ], [ 81.088770139000076, 28.71089752000006 ], [ 81.090631513000062, 28.71333514500003 ], [ 81.094902826000066, 28.715619958000048 ], [ 81.098627701000055, 28.718051646000049 ], [ 81.100905764000061, 28.721319083000026 ], [ 81.103405451000071, 28.721917333000079 ], [ 81.105639826000072, 28.724381583000024 ], [ 81.105896514000051, 28.725795958000049 ], [ 81.109150764000049, 28.726134020000075 ], [ 81.114100576000055, 28.727454270000067 ], [ 81.117265076000081, 28.72327327000005 ], [ 81.117982514000062, 28.720811208000043 ], [ 81.12075982600004, 28.720508646000042 ], [ 81.121504139000081, 28.721491645000071 ], [ 81.124183326000036, 28.721787083000038 ], [ 81.126650514000062, 28.723767895000037 ], [ 81.130744701000083, 28.723150333000035 ], [ 81.131694076000031, 28.722190646000058 ], [ 81.12909638900004, 28.719524083000067 ], [ 81.12965795100007, 28.717524583000056 ], [ 81.131904138000039, 28.716489083000056 ], [ 81.132216827000036, 28.715022333000036 ], [ 81.131476014000043, 28.713344520000078 ], [ 81.133611576000078, 28.711429208000027 ], [ 81.136136014000044, 28.711510145000034 ], [ 81.140459264000071, 28.71225252000005 ], [ 81.142437263000033, 28.713644771000077 ], [ 81.147011389000056, 28.717782083000031 ], [ 81.148883638000029, 28.718062083000063 ], [ 81.150482576000059, 28.720020896000051 ], [ 81.151651014000038, 28.722911895000038 ], [ 81.15286457600007, 28.723618958000031 ], [ 81.152438639000081, 28.729036396000026 ], [ 81.152670076000049, 28.730222895000054 ], [ 81.158090701000049, 28.730798708000066 ], [ 81.166791577000083, 28.726533208000035 ], [ 81.167412452000065, 28.722992583000064 ], [ 81.169805077000035, 28.721333645000072 ], [ 81.171958764000067, 28.720663083000034 ], [ 81.173206951000054, 28.718985208000049 ], [ 81.175293264000061, 28.717475395000065 ], [ 81.177924327000085, 28.716718521000075 ], [ 81.179970514000047, 28.713180396000041 ], [ 81.182695764000073, 28.712062208000077 ], [ 81.185134514000083, 28.710251708000044 ], [ 81.187086889000057, 28.707038583000042 ], [ 81.189815889000045, 28.705787145000045 ], [ 81.193531389000043, 28.705772833000026 ], [ 81.197462764000079, 28.703872021000052 ], [ 81.197990076000053, 28.70159033300007 ], [ 81.201754139000059, 28.697566583000025 ], [ 81.202969826000071, 28.695392145000028 ], [ 81.20528207600006, 28.69344383300006 ], [ 81.211406327000077, 28.691886708000027 ], [ 81.212943764000045, 28.689774833000058 ], [ 81.215292077000072, 28.688076770000066 ], [ 81.217010139000081, 28.683715145000065 ], [ 81.220303639000065, 28.681250645000034 ], [ 81.221720889000039, 28.679651020000051 ], [ 81.224589076000029, 28.679743270000074 ], [ 81.226768327000059, 28.677840020000076 ], [ 81.227944513000068, 28.673517521000065 ], [ 81.229883764000078, 28.668844020000051 ], [ 81.23312926400007, 28.664712020000024 ], [ 81.234015389000035, 28.660990145000028 ], [ 81.235293452000064, 28.659850833000064 ], [ 81.237900889000059, 28.659079145000078 ], [ 81.243177452000054, 28.656782083000053 ], [ 81.246761889000084, 28.656723708000072 ], [ 81.249270514000045, 28.65561583300007 ], [ 81.251488077000033, 28.657163958000069 ], [ 81.25273738900006, 28.659205708000059 ], [ 81.256037076000041, 28.661017958000059 ], [ 81.257766951000065, 28.660498021000024 ], [ 81.260493264000047, 28.657708770000056 ], [ 81.266010889000086, 28.655746458000067 ], [ 81.267055514000049, 28.656633333000059 ], [ 81.269637639000052, 28.656862833000048 ], [ 81.274493889000041, 28.656135645000063 ], [ 81.276982201000067, 28.655219083000077 ], [ 81.278794701000038, 28.653130708000049 ], [ 81.282548452000071, 28.652701020000052 ], [ 81.284437202000049, 28.651453958000047 ], [ 81.286837014000071, 28.650747208000041 ], [ 81.289420201000041, 28.649065395000036 ], [ 81.289751638000041, 28.653789083000049 ], [ 81.289162888000078, 28.663417270000025 ], [ 81.288163764000046, 28.665912396000067 ], [ 81.287165639000079, 28.669966521000049 ], [ 81.287065014000063, 28.673202020000076 ], [ 81.286997202000066, 28.675749333000056 ], [ 81.28613038900005, 28.682524083000033 ], [ 81.284625514000084, 28.686132583000074 ], [ 81.283395889000076, 28.69032020800006 ], [ 81.283454514000084, 28.693079333000071 ], [ 81.28208326400005, 28.696285895000074 ], [ 81.280077326000082, 28.69805208300005 ], [ 81.276000327000077, 28.699515708000035 ], [ 81.273382514000048, 28.701966645000027 ], [ 81.269506326000055, 28.702739208000025 ], [ 81.268239264000044, 28.704108958000063 ], [ 81.268758889000082, 28.706163271000037 ], [ 81.272088202000077, 28.71158708300004 ], [ 81.274994076000041, 28.717636646000074 ], [ 81.274929264000036, 28.724407333000045 ], [ 81.274006326000062, 28.727269958000079 ], [ 81.272217889000046, 28.728537021000079 ], [ 81.269165202000067, 28.728935708000051 ], [ 81.262487389000057, 28.728806646000066 ], [ 81.25930532600006, 28.729182833000038 ], [ 81.257848076000073, 28.729878208000059 ], [ 81.25810901400007, 28.734798333000072 ], [ 81.260355576000052, 28.73825933300003 ], [ 81.26167913900008, 28.741158208000058 ], [ 81.262828014000036, 28.745774208000057 ], [ 81.261286077000079, 28.750061583000047 ], [ 81.25753732700008, 28.752162396000074 ], [ 81.256759201000079, 28.753046020000056 ], [ 81.25277376400004, 28.754725333000067 ], [ 81.248746639000046, 28.761571083000035 ], [ 81.249247639000032, 28.76363445800007 ], [ 81.250928201000079, 28.765341458000023 ], [ 81.252216763000035, 28.768524708000029 ], [ 81.252464639000038, 28.770444145000056 ], [ 81.250746201000084, 28.776491458000066 ], [ 81.248987451000062, 28.780497021000031 ], [ 81.247425077000059, 28.781896458000062 ], [ 81.242239014000063, 28.783647520000045 ], [ 81.238482826000052, 28.784152833000064 ], [ 81.234716889000083, 28.785747646000061 ], [ 81.232806201000074, 28.78725808300004 ], [ 81.229494826000064, 28.791126208000037 ], [ 81.22763532700003, 28.795061708000048 ], [ 81.227838576000067, 28.796951958000079 ], [ 81.23094926400006, 28.799552458000051 ], [ 81.240806014000043, 28.802966833000028 ], [ 81.241618702000039, 28.804097895000041 ], [ 81.243995451000046, 28.81029783300005 ], [ 81.242580702000055, 28.812328646000026 ], [ 81.237287327000047, 28.813642083000047 ], [ 81.232745702000045, 28.815495521000059 ], [ 81.231151951000072, 28.818128770000044 ], [ 81.231355952000058, 28.825939020000078 ], [ 81.232531514000073, 28.827626771000041 ], [ 81.235476701000039, 28.829383708000023 ], [ 81.232167826000079, 28.833310458000028 ], [ 81.228099139000051, 28.835122271000046 ], [ 81.227439827000069, 28.837275770000076 ], [ 81.22604988900008, 28.838796396000077 ], [ 81.220463951000056, 28.841688896000051 ], [ 81.21547195100004, 28.842888146000064 ], [ 81.212485951000076, 28.84488052100005 ], [ 81.21027545100003, 28.847103958000048 ], [ 81.207583388000046, 28.850792333000072 ], [ 81.206991326000036, 28.852848583000025 ], [ 81.20771357600006, 28.855202771000052 ], [ 81.210012764000055, 28.857161958000063 ], [ 81.209566514000073, 28.860345958000039 ], [ 81.206360076000067, 28.863286083000048 ], [ 81.204093451000062, 28.863612146000037 ], [ 81.201962639000044, 28.862586584000042 ], [ 81.200485576000062, 28.860170271000072 ], [ 81.200390576000075, 28.857420271000024 ], [ 81.201734514000066, 28.851455458000032 ], [ 81.20090726400008, 28.848548583000024 ], [ 81.201047826000035, 28.846184020000067 ], [ 81.200095888000078, 28.842205708000051 ], [ 81.198216827000067, 28.83824227100007 ], [ 81.196927638000034, 28.832964958000048 ], [ 81.198035763000064, 28.831920958000069 ], [ 81.203686201000039, 28.829191708000053 ], [ 81.206869889000075, 28.827086521000069 ], [ 81.208414202000085, 28.825161958000024 ], [ 81.209320139000056, 28.822256958000025 ], [ 81.208772889000045, 28.820340145000046 ], [ 81.206789014000037, 28.817439583000066 ], [ 81.205135452000036, 28.816663771000037 ], [ 81.202803264000067, 28.817341833000057 ], [ 81.200027513000066, 28.819681083000035 ], [ 81.197344514000065, 28.821178520000046 ], [ 81.18872632700004, 28.823009270000057 ], [ 81.183513264000055, 28.824977020000063 ], [ 81.179822451000064, 28.82802545800007 ], [ 81.177852201000064, 28.831601708000051 ], [ 81.177406327000085, 28.833431958000062 ], [ 81.175846139000043, 28.834909458000027 ], [ 81.170517264000068, 28.835308896000072 ], [ 81.167994327000031, 28.835061646000042 ], [ 81.164958202000037, 28.833725271000048 ], [ 81.158136076000062, 28.82852633300007 ], [ 81.15540601400005, 28.829732021000041 ], [ 81.154381264000051, 28.830910896000034 ], [ 81.154834764000043, 28.833493521000037 ], [ 81.159419577000051, 28.843807583000057 ], [ 81.158933389000083, 28.845355833000042 ], [ 81.156107014000042, 28.847714458000041 ], [ 81.153526139000064, 28.848983083000064 ], [ 81.150906951000081, 28.852625146000037 ], [ 81.146796576000042, 28.862369146000049 ], [ 81.146541326000033, 28.864896208000062 ], [ 81.146715952000079, 28.870870145000026 ], [ 81.146143639000059, 28.872359771000049 ], [ 81.144581389000052, 28.873117146000027 ], [ 81.142311076000055, 28.87314445800007 ], [ 81.138663638000082, 28.872166895000078 ], [ 81.136962888000085, 28.871121771000048 ], [ 81.130783014000031, 28.865149333000033 ], [ 81.128694763000055, 28.861726584000053 ], [ 81.129268264000075, 28.857669646000033 ], [ 81.128467888000046, 28.852607771000066 ], [ 81.127226263000068, 28.85127783300004 ], [ 81.124112639000032, 28.850718958000073 ], [ 81.120155451000073, 28.850632333000078 ], [ 81.11405757700004, 28.84969458300003 ], [ 81.10835357600007, 28.847955333000073 ], [ 81.105433951000066, 28.845205208000039 ], [ 81.103496014000029, 28.845170583000026 ], [ 81.099466451000069, 28.850536333000036 ], [ 81.094367826000052, 28.855959146000032 ], [ 81.091972014000078, 28.861542333000045 ], [ 81.090871702000072, 28.862792958000057 ], [ 81.080973951000033, 28.863694896000027 ], [ 81.076403202000051, 28.863684020000051 ], [ 81.074590701000034, 28.864799583000035 ], [ 81.073689013000035, 28.866413145000024 ], [ 81.07382663900006, 28.869368521000069 ], [ 81.074940889000061, 28.871508958000049 ], [ 81.075627826000073, 28.875064146000057 ], [ 81.072518452000054, 28.877574583000069 ], [ 81.068436388000066, 28.877188708000062 ], [ 81.062987701000054, 28.873865895000051 ], [ 81.059339076000072, 28.873522396000055 ], [ 81.057678451000072, 28.874100645000055 ], [ 81.053220139000075, 28.876821083000038 ], [ 81.049150702000077, 28.883911208000029 ], [ 81.046368077000068, 28.886858583000048 ], [ 81.042241826000065, 28.888635521000026 ], [ 81.035701327000083, 28.898437771000033 ], [ 81.033204513000044, 28.903627333000031 ], [ 81.032085701000085, 28.908033708000062 ], [ 81.030959514000074, 28.909320021000042 ], [ 81.027632202000063, 28.911511333000078 ], [ 81.024959451000029, 28.916985020000027 ], [ 81.023291576000076, 28.919374520000076 ], [ 81.02103651300007, 28.920778146000032 ], [ 81.015019577000032, 28.923181646000046 ], [ 81.010605888000043, 28.926584208000065 ], [ 81.007920264000063, 28.927847833000044 ], [ 81.003178451000053, 28.928028521000044 ], [ 80.998908764000078, 28.929122646000053 ], [ 80.992097888000046, 28.932840459000033 ], [ 80.987988389000066, 28.934575083000027 ], [ 80.986002451000047, 28.936566958000071 ], [ 80.982741014000055, 28.938698583000075 ], [ 80.980448702000047, 28.939014145000044 ] ] ] } },
{ "type": "Feature", "properties": { "STATE_CODE": 7, "DISTRICT": "KAILALI", "GaPa_NaPa": "Tikapur", "Type_GN": "Nagarpalika", "Province": "Sudur Pashchim" }, "geometry": { "type": "Polygon", "coordinates": [ [ [ 81.169159576000084, 28.523198833000038 ], [ 81.168503514000065, 28.525902520000045 ], [ 81.166196201000048, 28.530363520000037 ], [ 81.163276326000073, 28.533462645000043 ], [ 81.158696077000059, 28.538858083000036 ], [ 81.154094952000037, 28.543869833000031 ], [ 81.150241951000055, 28.548736270000063 ], [ 81.148633514000039, 28.551307833000067 ], [ 81.146631076000062, 28.552257520000069 ], [ 81.145109639000054, 28.551771895000059 ], [ 81.141246951000085, 28.552326458000039 ], [ 81.13825332600004, 28.552331770000023 ], [ 81.13313688900007, 28.551407332000053 ], [ 81.128582201000086, 28.551628333000053 ], [ 81.123292826000068, 28.550473583000041 ], [ 81.119619451000062, 28.549287833000051 ], [ 81.118285826000033, 28.54982370700003 ], [ 81.11618270200006, 28.553487332000032 ], [ 81.113395014000048, 28.552266833000033 ], [ 81.107692764000035, 28.552418145000047 ], [ 81.104564638000056, 28.553059083000051 ], [ 81.10195770100006, 28.552932458000043 ], [ 81.097902701000066, 28.548872083000049 ], [ 81.097230452000076, 28.547633895000047 ], [ 81.100146577000032, 28.545538020000038 ], [ 81.102526889000046, 28.54466764600005 ], [ 81.102260701000034, 28.543553270000075 ], [ 81.098707201000082, 28.539488020000078 ], [ 81.100024076000068, 28.538228082000046 ], [ 81.103958014000057, 28.537399395000079 ], [ 81.105814202000033, 28.538002582000047 ], [ 81.107212889000039, 28.53748708300003 ], [ 81.109631764000085, 28.53491989500003 ], [ 81.109244326000066, 28.531761520000032 ], [ 81.105118638000079, 28.531897958000059 ], [ 81.104003701000067, 28.529195833000074 ], [ 81.101195451000081, 28.526792833000059 ], [ 81.099118264000083, 28.526965833000077 ], [ 81.093872888000078, 28.525794083000051 ], [ 81.09205426300008, 28.524732708000045 ], [ 81.086948952000057, 28.523887708000075 ], [ 81.084471264000058, 28.523171833000049 ], [ 81.079836388000047, 28.523136271000055 ], [ 81.076364388000059, 28.523779020000063 ], [ 81.074348076000035, 28.52285958300007 ], [ 81.070078451000029, 28.522259457000075 ], [ 81.066343389000053, 28.523026208000033 ], [ 81.058480014000054, 28.523546457000066 ], [ 81.055466076000073, 28.523448458000075 ], [ 81.05361195100005, 28.524089958000047 ], [ 81.049817389000054, 28.522270645000049 ], [ 81.048014889000058, 28.522663895000051 ], [ 81.046045452000044, 28.521656083000039 ], [ 81.043893138000044, 28.518459771000039 ], [ 81.043337638000082, 28.516454145000068 ], [ 81.045000013000049, 28.512015708000035 ], [ 81.044807138000067, 28.508870583000032 ], [ 81.04865707600004, 28.506597270000043 ], [ 81.048724201000084, 28.504672708000044 ], [ 81.04530445100005, 28.502607208000029 ], [ 81.045029513000031, 28.501224270000023 ], [ 81.04651663900006, 28.498087708000071 ], [ 81.047056826000073, 28.495901208000078 ], [ 81.046483888000068, 28.494615395000039 ], [ 81.043099639000047, 28.491789457000039 ], [ 81.042677889000061, 28.489413833000071 ], [ 81.047330076000037, 28.487244082000075 ], [ 81.047180139000034, 28.485960270000078 ], [ 81.045605451000085, 28.484640957000067 ], [ 81.045424076000074, 28.483012083000062 ], [ 81.047709139000062, 28.481790646000036 ], [ 81.043405076000056, 28.480909958000041 ], [ 81.042811951000033, 28.479109645000051 ], [ 81.046031701000061, 28.477393895000034 ], [ 81.04830645100003, 28.474956395000049 ], [ 81.046662826000045, 28.473260333000042 ], [ 81.043190514000059, 28.472724457000027 ], [ 81.039603389000035, 28.474210145000029 ], [ 81.037659576000067, 28.473384958000054 ], [ 81.037465889000032, 28.471758270000066 ], [ 81.040972201000045, 28.468679771000041 ], [ 81.040733514000067, 28.467111770000031 ], [ 81.036781576000067, 28.467230208000046 ], [ 81.033550888000036, 28.467907958000069 ], [ 81.032480763000081, 28.465045083000064 ], [ 81.032838138000045, 28.46257214600007 ], [ 81.032212138000034, 28.461157646000061 ], [ 81.025052264000067, 28.455365208000046 ], [ 81.023397264000039, 28.45572420700006 ], [ 81.023278576000052, 28.458542333000025 ], [ 81.022486264000065, 28.460827958000039 ], [ 81.021164326000076, 28.460604771000078 ], [ 81.020106951000059, 28.458642083000029 ], [ 81.017807014000084, 28.451767708000034 ], [ 81.019206014000076, 28.451571208000075 ], [ 81.014853951000077, 28.438751895000053 ], [ 81.015660639000032, 28.437064208000038 ], [ 81.02095401400004, 28.431616896000037 ], [ 81.031328139000038, 28.438487396000028 ], [ 81.035516638000047, 28.427857270000061 ], [ 81.018491014000062, 28.415699583000048 ], [ 81.022760138000081, 28.41027045800007 ], [ 81.034070639000049, 28.398682333000068 ], [ 81.036574389000066, 28.413295333000065 ], [ 81.04769095100005, 28.409934645000078 ], [ 81.058922076000044, 28.401683708000064 ], [ 81.069078764000039, 28.39437552000004 ], [ 81.069272826000031, 28.396568457000058 ], [ 81.068807452000044, 28.399495020000074 ], [ 81.066248139000038, 28.403108520000046 ], [ 81.061590951000085, 28.406788333000065 ], [ 81.060892952000074, 28.408390583000028 ], [ 81.063065513000083, 28.414129458000048 ], [ 81.064576326000065, 28.416157082000041 ], [ 81.06624757600008, 28.420718395000051 ], [ 81.067298576000042, 28.422396520000063 ], [ 81.071508139000059, 28.427017395000064 ], [ 81.077973701000076, 28.432304645000045 ], [ 81.086689076000084, 28.437213458000031 ], [ 81.087563514000067, 28.438291333000052 ], [ 81.08936888900007, 28.444278208000071 ], [ 81.089552264000076, 28.44608983300003 ], [ 81.091025952000052, 28.449879270000054 ], [ 81.09078157600004, 28.453326958000048 ], [ 81.092336576000037, 28.456843333000052 ], [ 81.094292951000057, 28.458741708000048 ], [ 81.097203139000044, 28.459691771000053 ], [ 81.100617951000061, 28.459283207000055 ], [ 81.10950770200003, 28.460842145000072 ], [ 81.112190701000031, 28.462579520000077 ], [ 81.113387326000066, 28.466578770000069 ], [ 81.113665326000046, 28.468967895000048 ], [ 81.116538201000083, 28.472451270000079 ], [ 81.118191764000073, 28.473480958000039 ], [ 81.122776639000051, 28.475225458000068 ], [ 81.124542202000043, 28.476949833000049 ], [ 81.131655826000042, 28.482098582000049 ], [ 81.134356701000058, 28.484629645000041 ], [ 81.136737638000056, 28.487718270000073 ], [ 81.140404639000053, 28.491353770000046 ], [ 81.144158701000038, 28.493822645000023 ], [ 81.148201264000079, 28.495311896000032 ], [ 81.149841826000056, 28.496864645000073 ], [ 81.149013826000044, 28.498110957000051 ], [ 81.152976889000058, 28.501055395000037 ], [ 81.154478514000061, 28.501762145000043 ], [ 81.157004327000038, 28.501833708000049 ], [ 81.159078327000032, 28.500969458000043 ], [ 81.161880763000056, 28.501338333000035 ], [ 81.163616514000068, 28.505803583000045 ], [ 81.164493077000031, 28.513304395000034 ], [ 81.165571638000074, 28.515908958000068 ], [ 81.168962639000085, 28.519850833000078 ], [ 81.16969251300003, 28.521569145000058 ], [ 81.169159576000084, 28.523198833000038 ] ] ] } },
{ "type": "Feature", "properties": { "STATE_CODE": 7, "DISTRICT": "KANCHANPUR", "GaPa_NaPa": "Bedkot", "Type_GN": "Nagarpalika", "Province": "Sudur Pashchim" }, "geometry": { "type": "Polygon", "coordinates": [ [ [ 80.344278451000037, 29.054189146000056 ], [ 80.341987264000068, 29.05463364600007 ], [ 80.338978639000061, 29.053488646000062 ], [ 80.33736676400008, 29.052192646000037 ], [ 80.330593264000072, 29.053345583000066 ], [ 80.326576639000052, 29.051315458000033 ], [ 80.324046889000044, 29.053012771000056 ], [ 80.320212639000033, 29.054279271000041 ], [ 80.317080388000079, 29.054680771000051 ], [ 80.314630513000054, 29.058192021000025 ], [ 80.311934139000073, 29.056350958000053 ], [ 80.309505326000078, 29.058064208000076 ], [ 80.307216826000058, 29.057405021000079 ], [ 80.303955639000037, 29.057773896000072 ], [ 80.30288351400003, 29.058465458000057 ], [ 80.299810701000069, 29.057409459000041 ], [ 80.295208264000053, 29.056974770000068 ], [ 80.291404826000075, 29.054601834000039 ], [ 80.287181514000054, 29.054268146000027 ], [ 80.284774513000059, 29.052766458000065 ], [ 80.28401651300004, 29.049042396000061 ], [ 80.282072576000076, 29.04983745800007 ], [ 80.279421265000053, 29.04984802000007 ], [ 80.276532702000054, 29.047251709000079 ], [ 80.273935139000059, 29.045879521000074 ], [ 80.272976640000081, 29.048114583000029 ], [ 80.27019901400007, 29.049570334000066 ], [ 80.267815639000048, 29.051635083000065 ], [ 80.265417514000035, 29.052145333000055 ], [ 80.262976889000072, 29.051049146000025 ], [ 80.258380826000064, 29.052745083000048 ], [ 80.252869826000051, 29.052500270000053 ], [ 80.251250264000078, 29.052109958000074 ], [ 80.246793140000079, 29.050075021000055 ], [ 80.243432514000062, 29.049914021000063 ], [ 80.241773264000074, 29.048826271000053 ], [ 80.23623557600007, 29.047265458000027 ], [ 80.232781952000039, 29.045605708000039 ], [ 80.22933364000005, 29.045520521000071 ], [ 80.224050889000068, 29.050992208000025 ], [ 80.223709764000034, 29.052526646000047 ], [ 80.225541952000071, 29.053694458000052 ], [ 80.225285327000051, 29.055479646000038 ], [ 80.223601139000039, 29.056830271000024 ], [ 80.219883577000076, 29.05337970800008 ], [ 80.218888639000056, 29.050953334000042 ], [ 80.215412577000052, 29.045103770000026 ], [ 80.215409077000061, 29.043317084000023 ], [ 80.213420327000051, 29.042648959000076 ], [ 80.209670389000053, 29.040429709000023 ], [ 80.20949138900005, 29.039045771000076 ], [ 80.210890452000058, 29.036177708000025 ], [ 80.210688015000073, 29.033011521000049 ], [ 80.211545514000079, 29.031981083000062 ], [ 80.209963264000066, 29.026210208000066 ], [ 80.211319639000067, 29.023285459000078 ], [ 80.211474827000075, 29.021098146000043 ], [ 80.212882515000047, 29.01934452100005 ], [ 80.215259889000038, 29.018153771000073 ], [ 80.217504140000074, 29.015292833000046 ], [ 80.218286702000057, 29.011326958000041 ], [ 80.212469639000062, 29.004236459000026 ], [ 80.210405327000046, 29.002721896000025 ], [ 80.211960452000085, 28.999473458000068 ], [ 80.210967639000046, 28.996643271000039 ], [ 80.20767070200003, 28.993253521000042 ], [ 80.206433514000082, 28.99057295800003 ], [ 80.206615702000079, 28.989312958000028 ], [ 80.204597952000086, 28.984818521000079 ], [ 80.204950327000063, 28.980978770000036 ], [ 80.20427651500006, 28.978328583000064 ], [ 80.204388890000075, 28.974541583000075 ], [ 80.202357577000043, 28.969740083000033 ], [ 80.20310932700005, 28.968224146000068 ], [ 80.205091577000076, 28.966940958000066 ], [ 80.207005202000062, 28.96670858300007 ], [ 80.209527077000075, 28.965433021000024 ], [ 80.21121757700007, 28.96349383300003 ], [ 80.210519077000072, 28.959158333000062 ], [ 80.213342827000076, 28.956724958000052 ], [ 80.216884827000058, 28.955033333000074 ], [ 80.21815351500004, 28.951713208000058 ], [ 80.21991207700006, 28.951382771000056 ], [ 80.222827327000061, 28.947882646000039 ], [ 80.221740827000076, 28.946335521000037 ], [ 80.221648889000051, 28.941137333000029 ], [ 80.223089639000079, 28.940531958000065 ], [ 80.225847765000083, 28.940908833000037 ], [ 80.226987702000031, 28.939324958000043 ], [ 80.22625357700008, 28.938375521000069 ], [ 80.227329326000074, 28.934936833000052 ], [ 80.228750639000054, 28.934254708000026 ], [ 80.226782827000079, 28.932461208000063 ], [ 80.230316514000037, 28.929280270000049 ], [ 80.232563389000063, 28.928404270000044 ], [ 80.233271014000081, 28.926811083000075 ], [ 80.232853889000069, 28.925256583000078 ], [ 80.234501014000045, 28.924140271000056 ], [ 80.235913014000062, 28.924757396000075 ], [ 80.23680020200004, 28.92288320800003 ], [ 80.238438827000039, 28.921214021000026 ], [ 80.240616514000067, 28.920506709000051 ], [ 80.241670701000032, 28.918883833000052 ], [ 80.243924201000084, 28.919122084000037 ], [ 80.241587826000057, 28.914554145000068 ], [ 80.243176764000054, 28.913996896000072 ], [ 80.246272014000056, 28.909730146000072 ], [ 80.248832139000058, 28.910982958000034 ], [ 80.249671265000075, 28.915206333000071 ], [ 80.250613327000053, 28.915635646000055 ], [ 80.254900140000075, 28.915025521000075 ], [ 80.257484514000055, 28.916278333000037 ], [ 80.258646576000046, 28.914315208000062 ], [ 80.261000952000074, 28.913597271000071 ], [ 80.262619451000035, 28.914980021000076 ], [ 80.261816701000043, 28.918075333000047 ], [ 80.266385577000051, 28.922894208000059 ], [ 80.26846295200005, 28.922711521000053 ], [ 80.271773452000048, 28.925287771000058 ], [ 80.279646952000064, 28.927899521000029 ], [ 80.284060702000033, 28.92789833300003 ], [ 80.283805889000064, 28.930362770000045 ], [ 80.287109952000037, 28.931348083000046 ], [ 80.288440076000029, 28.933015521000073 ], [ 80.290332014000057, 28.931665146000057 ], [ 80.291902889000085, 28.93306764600004 ], [ 80.293749639000055, 28.932655458000056 ], [ 80.298315076000051, 28.934380333000036 ], [ 80.30213720100005, 28.933827208000025 ], [ 80.30388638900007, 28.935002583000028 ], [ 80.30322426400005, 28.936700146000078 ], [ 80.306372827000075, 28.939525083000035 ], [ 80.309579201000076, 28.940229645000045 ], [ 80.311020326000062, 28.941480083000044 ], [ 80.311112014000059, 28.943468020000068 ], [ 80.31375657600006, 28.943192771000042 ], [ 80.313459701000056, 28.945045708000066 ], [ 80.314896827000041, 28.946772021000072 ], [ 80.313367889000062, 28.94831408400006 ], [ 80.314462014000071, 28.949619146000032 ], [ 80.31237438900007, 28.950583021000057 ], [ 80.311606014000063, 28.95182214600004 ], [ 80.315684826000052, 28.95629395800006 ], [ 80.317671389000054, 28.95705077100007 ], [ 80.317325389000075, 28.960620208000023 ], [ 80.319436701000029, 28.963153083000066 ], [ 80.319601264000084, 28.965103083000031 ], [ 80.321261014000072, 28.96694558300004 ], [ 80.322007764000034, 28.969509834000064 ], [ 80.325391077000063, 28.973499583000034 ], [ 80.327425764000054, 28.978725583000028 ], [ 80.333507952000048, 28.985002645000066 ], [ 80.334603388000062, 28.987185021000073 ], [ 80.337146264000069, 28.990351395000062 ], [ 80.337833514000067, 28.996657958000071 ], [ 80.339540889000034, 29.000000646000046 ], [ 80.339030077000075, 29.00440627100005 ], [ 80.339656326000068, 29.006570584000031 ], [ 80.338269014000048, 29.00957095800004 ], [ 80.337941389000036, 29.011696709000034 ], [ 80.339772889000074, 29.014424083000051 ], [ 80.339016264000065, 29.018677396000044 ], [ 80.339748326000063, 29.02414264600003 ], [ 80.341997827000057, 29.026010333000045 ], [ 80.344544702000064, 29.02964127100006 ], [ 80.345092951000083, 29.031694646000062 ], [ 80.346371826000052, 29.03344695800007 ], [ 80.345605952000085, 29.038160396000023 ], [ 80.346637889000078, 29.040004020000026 ], [ 80.346847014000048, 29.044864333000078 ], [ 80.346157639000069, 29.047516271000063 ], [ 80.344426201000033, 29.049508833000061 ], [ 80.344278451000037, 29.054189146000056 ] ] ] } },
{ "type": "Feature", "properties": { "STATE_CODE": 7, "DISTRICT": "KANCHANPUR", "GaPa_NaPa": "Belauri", "Type_GN": "Nagarpalika", "Province": "Sudur Pashchim" }, "geometry": { "type": "Polygon", "coordinates": [ [ [ 80.316382701000066, 28.764472396000031 ], [ 80.314543014000037, 28.762906458000032 ], [ 80.310192889000064, 28.77079395800007 ], [ 80.309068326000045, 28.770763395000074 ], [ 80.306579201000034, 28.772593771000061 ], [ 80.304732701000034, 28.771523958000046 ], [ 80.304887701000041, 28.769577833000028 ], [ 80.302064764000079, 28.768746583000052 ], [ 80.296436201000063, 28.769150521000029 ], [ 80.296495389000086, 28.766247333000024 ], [ 80.298710326000048, 28.763881021000032 ], [ 80.300796264000041, 28.759774583000024 ], [ 80.300081264000085, 28.75632820800007 ], [ 80.296914514000036, 28.749692583000069 ], [ 80.298864513000069, 28.745213208000052 ], [ 80.298505577000071, 28.744577395000078 ], [ 80.295223326000041, 28.743815833000042 ], [ 80.290681888000051, 28.744782458000032 ], [ 80.290248514000041, 28.746309770000039 ], [ 80.288441826000053, 28.747022208000033 ], [ 80.28464038900006, 28.746469708000063 ], [ 80.281109764000064, 28.745174083000052 ], [ 80.279465451000078, 28.74659564500007 ], [ 80.275474014000054, 28.747210520000067 ], [ 80.272634327000048, 28.748964020000074 ], [ 80.272450577000029, 28.750449708000076 ], [ 80.268865264000056, 28.751910333000069 ], [ 80.263623452000047, 28.748937770000055 ], [ 80.265340451000043, 28.746993395000061 ], [ 80.266759764000085, 28.743490708000024 ], [ 80.266222951000032, 28.737802645000045 ], [ 80.263974826000037, 28.733273895000025 ], [ 80.261495514000046, 28.731132896000076 ], [ 80.257887264000033, 28.729340020000052 ], [ 80.263657951000084, 28.724893270000052 ], [ 80.266089201000057, 28.722363958000074 ], [ 80.268580576000033, 28.720829770000023 ], [ 80.276894201000061, 28.711087833000079 ], [ 80.279719263000061, 28.709719958000051 ], [ 80.285533451000049, 28.710400521000054 ], [ 80.292122888000051, 28.711488708000047 ], [ 80.295342076000054, 28.711279958000034 ], [ 80.298570513000072, 28.70968814500003 ], [ 80.300603638000041, 28.706377770000074 ], [ 80.307179576000067, 28.705430146000026 ], [ 80.310055201000068, 28.704418458000077 ], [ 80.317492951000077, 28.70075620800003 ], [ 80.318974076000075, 28.69979358300003 ], [ 80.321014201000082, 28.697310896000033 ], [ 80.322384076000048, 28.694881208000027 ], [ 80.323599639000065, 28.691376895000076 ], [ 80.324355326000045, 28.686406083000065 ], [ 80.324023701000044, 28.683814458000029 ], [ 80.322927701000083, 28.681232583000053 ], [ 80.326710139000056, 28.672457333000068 ], [ 80.327638576000084, 28.66977945800005 ], [ 80.327593639000042, 28.666304895000053 ], [ 80.338953951000065, 28.660650770000075 ], [ 80.349004013000069, 28.654292208000072 ], [ 80.355045576000066, 28.650255645000072 ], [ 80.356120013000066, 28.647709145000078 ], [ 80.357909326000083, 28.646510645000035 ], [ 80.360282951000045, 28.646215020000056 ], [ 80.362408013000049, 28.644889458000023 ], [ 80.359260951000067, 28.642368083000065 ], [ 80.358978826000055, 28.64028664500006 ], [ 80.360928763000061, 28.636927520000029 ], [ 80.363807826000084, 28.634955708000064 ], [ 80.369259513000031, 28.635193271000048 ], [ 80.372599576000084, 28.632311958000059 ], [ 80.372452451000072, 28.630019146000052 ], [ 80.373907639000038, 28.628967770000031 ], [ 80.375445889000048, 28.629978833000052 ], [ 80.378038013000037, 28.628280520000033 ], [ 80.380920263000064, 28.629679021000072 ], [ 80.385110951000058, 28.630605083000034 ], [ 80.386891701000081, 28.629681396000024 ], [ 80.388705888000061, 28.630580708000025 ], [ 80.406288826000036, 28.634814583000036 ], [ 80.41638907600003, 28.639117957000053 ], [ 80.420102264000036, 28.638978270000052 ], [ 80.421958076000067, 28.637743083000032 ], [ 80.425673889000052, 28.637059457000078 ], [ 80.428049638000061, 28.637599708000039 ], [ 80.427948451000077, 28.638916833000053 ], [ 80.426193764000061, 28.641379895000057 ], [ 80.426285889000042, 28.644132708000029 ], [ 80.429458263000072, 28.645486208000079 ], [ 80.429485701000033, 28.649100583000063 ], [ 80.428450326000075, 28.650077583000041 ], [ 80.423755076000077, 28.651815208000073 ], [ 80.42099582600008, 28.653935458000035 ], [ 80.416815701000075, 28.65891477100007 ], [ 80.41828307600008, 28.662138208000044 ], [ 80.417666638000071, 28.665136208000035 ], [ 80.415932701000031, 28.666721520000067 ], [ 80.415130013000066, 28.669168145000071 ], [ 80.415215451000051, 28.670831271000054 ], [ 80.410228826000036, 28.672891958000037 ], [ 80.408586513000046, 28.67635464600005 ], [ 80.406050826000069, 28.677843833000054 ], [ 80.404270076000046, 28.680123708000053 ], [ 80.406223201000046, 28.682090583000047 ], [ 80.40806307500003, 28.680442646000074 ], [ 80.41105751300006, 28.684243646000027 ], [ 80.408033763000049, 28.686107520000064 ], [ 80.40408263900008, 28.687247583000044 ], [ 80.402263389000041, 28.687151520000043 ], [ 80.401602638000043, 28.68839170800004 ], [ 80.401310888000069, 28.69310564500006 ], [ 80.401845951000041, 28.694587958000056 ], [ 80.39932351300007, 28.696632083000054 ], [ 80.401938451000035, 28.698240958000042 ], [ 80.402832451000052, 28.701953895000031 ], [ 80.404463201000056, 28.702281458000073 ], [ 80.404922638000073, 28.704185333000055 ], [ 80.404223826000077, 28.705637396000043 ], [ 80.405214450000074, 28.707164646000024 ], [ 80.403776764000042, 28.710129521000056 ], [ 80.404232451000041, 28.711002396000026 ], [ 80.40677482600006, 28.711426395000046 ], [ 80.410508888000038, 28.715963896000062 ], [ 80.410297826000033, 28.716964645000076 ], [ 80.404971513000078, 28.721780583000054 ], [ 80.400128701000085, 28.724480021000034 ], [ 80.399520701000085, 28.725224083000057 ], [ 80.399824888000069, 28.728431270000044 ], [ 80.401251201000036, 28.72988827100005 ], [ 80.40312732600006, 28.733515333000071 ], [ 80.40262501400008, 28.738902833000054 ], [ 80.404212263000034, 28.743054145000031 ], [ 80.401895638000042, 28.747070958000052 ], [ 80.398846076000041, 28.748846521000075 ], [ 80.396635951000064, 28.746472333000042 ], [ 80.39357876300005, 28.746393208000029 ], [ 80.392578263000075, 28.748635708000052 ], [ 80.391333638000049, 28.749870958000031 ], [ 80.387930701000073, 28.749036645000047 ], [ 80.385686701000054, 28.749378458000024 ], [ 80.380212389000064, 28.748859333000041 ], [ 80.378655576000085, 28.746582646000036 ], [ 80.37679307600007, 28.748216458000059 ], [ 80.377296201000036, 28.749179833000028 ], [ 80.375363576000041, 28.750745646000041 ], [ 80.376671013000077, 28.752662583000074 ], [ 80.374548076000053, 28.753507770000056 ], [ 80.36993545100006, 28.751070145000028 ], [ 80.369406451000032, 28.75198139500003 ], [ 80.370921639000073, 28.753448083000023 ], [ 80.369131951000043, 28.75505058300007 ], [ 80.36904363900004, 28.758829020000064 ], [ 80.368470701000035, 28.759796458000039 ], [ 80.365544138000075, 28.760777646000065 ], [ 80.36290370100005, 28.759506395000074 ], [ 80.360475389000044, 28.762152520000029 ], [ 80.358352763000084, 28.762683895000066 ], [ 80.358994763000055, 28.759598395000069 ], [ 80.357578076000038, 28.757121333000043 ], [ 80.359038888000043, 28.754159333000075 ], [ 80.357163701000047, 28.753347271000052 ], [ 80.35928670100003, 28.753303208000034 ], [ 80.362075263000065, 28.749061521000044 ], [ 80.365433388000042, 28.742133208000041 ], [ 80.363043951000066, 28.737975333000065 ], [ 80.358908451000048, 28.735004895000031 ], [ 80.350499326000033, 28.733004270000038 ], [ 80.34803082600007, 28.733206708000068 ], [ 80.346134951000067, 28.737490770000079 ], [ 80.344935138000039, 28.738242958000058 ], [ 80.340789638000047, 28.737663395000027 ], [ 80.332824826000035, 28.737960458000032 ], [ 80.331321826000078, 28.738632083000027 ], [ 80.326648076000083, 28.743190895000055 ], [ 80.319522951000067, 28.74451339500007 ], [ 80.317317514000081, 28.745695708000028 ], [ 80.317232576000038, 28.754468958000075 ], [ 80.316667076000044, 28.756699583000056 ], [ 80.316291263000039, 28.761166896000077 ], [ 80.316382701000066, 28.764472396000031 ] ] ] } },
{ "type": "Feature", "properties": { "STATE_CODE": 7, "DISTRICT": "KANCHANPUR", "GaPa_NaPa": "Beldandi", "Type_GN": "Gaunpalika", "Province": "Sudur Pashchim" }, "geometry": { "type": "Polygon", "coordinates": [ [ [ 80.316382701000066, 28.764472396000031 ], [ 80.316036264000047, 28.777307458000053 ], [ 80.315292077000038, 28.777987271000029 ], [ 80.297620701000085, 28.784599146000062 ], [ 80.292311952000034, 28.786953770000025 ], [ 80.28580695100004, 28.789416958000061 ], [ 80.271720076000065, 28.79551639500005 ], [ 80.265230577000068, 28.797807208000052 ], [ 80.257520577000037, 28.796677646000035 ], [ 80.256322389000047, 28.797602771000072 ], [ 80.248968639000054, 28.799901521000038 ], [ 80.247219514000051, 28.800758145000032 ], [ 80.245277577000081, 28.800467520000041 ], [ 80.243591889000072, 28.801626708000072 ], [ 80.240742702000034, 28.801849833000063 ], [ 80.238495076000049, 28.803350958000067 ], [ 80.236715952000054, 28.797854333000032 ], [ 80.23568926400003, 28.793810271000041 ], [ 80.235671389000061, 28.792131771000072 ], [ 80.227283451000062, 28.789099270000065 ], [ 80.223659514000076, 28.788634083000034 ], [ 80.222388077000062, 28.787753708000025 ], [ 80.220369514000083, 28.782790146000025 ], [ 80.220121577000043, 28.777220895000028 ], [ 80.221079951000036, 28.772475333000045 ], [ 80.223569327000064, 28.768266396000058 ], [ 80.226075452000032, 28.766137583000045 ], [ 80.227135514000054, 28.764388521000058 ], [ 80.227679576000071, 28.761571583000034 ], [ 80.227619827000069, 28.758902396000053 ], [ 80.226754577000065, 28.75719639600004 ], [ 80.234140764000074, 28.759131271000058 ], [ 80.236469077000038, 28.759178270000064 ], [ 80.23887826400005, 28.757026082000039 ], [ 80.243154326000081, 28.756113895000055 ], [ 80.247553577000076, 28.756003083000053 ], [ 80.250545264000039, 28.757610208000074 ], [ 80.252285701000062, 28.75777327000003 ], [ 80.257653701000038, 28.754463958000031 ], [ 80.261223327000039, 28.751627395000071 ], [ 80.263623452000047, 28.748937770000055 ], [ 80.268865264000056, 28.751910333000069 ], [ 80.272450577000029, 28.750449708000076 ], [ 80.272634327000048, 28.748964020000074 ], [ 80.275474014000054, 28.747210520000067 ], [ 80.279465451000078, 28.74659564500007 ], [ 80.281109764000064, 28.745174083000052 ], [ 80.28464038900006, 28.746469708000063 ], [ 80.288441826000053, 28.747022208000033 ], [ 80.290248514000041, 28.746309770000039 ], [ 80.290681888000051, 28.744782458000032 ], [ 80.295223326000041, 28.743815833000042 ], [ 80.298505577000071, 28.744577395000078 ], [ 80.298864513000069, 28.745213208000052 ], [ 80.296914514000036, 28.749692583000069 ], [ 80.300081264000085, 28.75632820800007 ], [ 80.300796264000041, 28.759774583000024 ], [ 80.298710326000048, 28.763881021000032 ], [ 80.296495389000086, 28.766247333000024 ], [ 80.296436201000063, 28.769150521000029 ], [ 80.302064764000079, 28.768746583000052 ], [ 80.304887701000041, 28.769577833000028 ], [ 80.304732701000034, 28.771523958000046 ], [ 80.306579201000034, 28.772593771000061 ], [ 80.309068326000045, 28.770763395000074 ], [ 80.310192889000064, 28.77079395800007 ], [ 80.314543014000037, 28.762906458000032 ], [ 80.316382701000066, 28.764472396000031 ] ] ] } },
{ "type": "Feature", "properties": { "STATE_CODE": 7, "DISTRICT": "KANCHANPUR", "GaPa_NaPa": "Bhimdatta", "Type_GN": "Nagarpalika", "Province": "Sudur Pashchim" }, "geometry": { "type": "Polygon", "coordinates": [ [ [ 80.223601139000039, 29.056830271000024 ], [ 80.219359639000061, 29.056124333000071 ], [ 80.217074201000059, 29.057184833000065 ], [ 80.213126638000062, 29.057500146000052 ], [ 80.213118201000043, 29.060728271000073 ], [ 80.21254938900006, 29.061282146000053 ], [ 80.21273082600004, 29.06739445900007 ], [ 80.208211701000039, 29.070839708000051 ], [ 80.205746888000078, 29.071914770000035 ], [ 80.206179389000056, 29.074455146000048 ], [ 80.20446901400004, 29.076132396000048 ], [ 80.202815201000078, 29.076465583000072 ], [ 80.201584951000029, 29.077897521000068 ], [ 80.199406764000059, 29.078531959000031 ], [ 80.197924452000052, 29.081383583000047 ], [ 80.195154763000062, 29.082515271000034 ], [ 80.193125451000071, 29.085857584000053 ], [ 80.188121389000059, 29.086680146000049 ], [ 80.187413889000084, 29.088018084000055 ], [ 80.188098264000075, 29.091631646000053 ], [ 80.186622576000048, 29.096224708000079 ], [ 80.18685057600004, 29.099853583000026 ], [ 80.186481264000065, 29.102231271000051 ], [ 80.187399138000046, 29.10629289600007 ], [ 80.186990639000044, 29.108059021000031 ], [ 80.18997282600003, 29.112191833000054 ], [ 80.188659451000035, 29.115337583000041 ], [ 80.189068951000081, 29.117954646000044 ], [ 80.187914264000085, 29.122639896000067 ], [ 80.18844626300006, 29.128271521000045 ], [ 80.188021701000082, 29.131402334000029 ], [ 80.186929888000066, 29.135537520000071 ], [ 80.186049763000085, 29.137257834000025 ], [ 80.183903076000036, 29.136335708000047 ], [ 80.179780013000084, 29.128514271000029 ], [ 80.177976326000078, 29.127298584000073 ], [ 80.175424201000055, 29.126628709000045 ], [ 80.172724889000051, 29.126939208000067 ], [ 80.16945645100003, 29.125734646000069 ], [ 80.168219451000084, 29.124558458000024 ], [ 80.167572452000059, 29.120076521000044 ], [ 80.165598264000039, 29.116948896000054 ], [ 80.160183264000068, 29.112802646000034 ], [ 80.153822452000043, 29.108257709000043 ], [ 80.151657701000033, 29.106078395000054 ], [ 80.146844701000077, 29.103823583000064 ], [ 80.146052076000046, 29.102983834000042 ], [ 80.14422376400006, 29.098408583000037 ], [ 80.140852389000031, 29.08914020800006 ], [ 80.131747388000065, 29.064909896000074 ], [ 80.130172764000065, 29.061037646000045 ], [ 80.138158077000071, 29.05886483300003 ], [ 80.134587263000071, 29.049389771000051 ], [ 80.128118326000049, 29.031686583000067 ], [ 80.133030639000083, 29.030367083000044 ], [ 80.126246514000059, 29.013033958000051 ], [ 80.137954889000071, 29.009556584000052 ], [ 80.137266326000031, 29.007253396000067 ], [ 80.128483576000065, 29.006001083000058 ], [ 80.119613764000064, 28.981649583000035 ], [ 80.109764326000061, 28.984350458000051 ], [ 80.110069639000073, 28.979139083000064 ], [ 80.109863077000057, 28.973784521000027 ], [ 80.107868889000031, 28.967743521000045 ], [ 80.107396827000059, 28.963226333000023 ], [ 80.107487639000055, 28.958807583000066 ], [ 80.108205014000077, 28.956518146000064 ], [ 80.107846764000044, 28.95353577000003 ], [ 80.106188763000034, 28.944354459000067 ], [ 80.106267701000036, 28.940993646000038 ], [ 80.105386451000072, 28.930714333000026 ], [ 80.105208702000084, 28.925581021000028 ], [ 80.105756639000049, 28.923136958000043 ], [ 80.105615327000066, 28.920631958000058 ], [ 80.108181826000077, 28.921109208000075 ], [ 80.115769201000035, 28.921657771000071 ], [ 80.117721138000036, 28.921253270000079 ], [ 80.119938077000029, 28.918497458000047 ], [ 80.123192951000078, 28.917665958000043 ], [ 80.124854826000046, 28.918960395000056 ], [ 80.127044889000047, 28.921993021000048 ], [ 80.128549513000053, 28.923135271000035 ], [ 80.128856264000035, 28.926320334000025 ], [ 80.130697201000032, 28.927006770000048 ], [ 80.133953327000029, 28.926461521000078 ], [ 80.13662901400005, 28.923279833000038 ], [ 80.140019451000057, 28.920034958000031 ], [ 80.142706513000064, 28.91808039600005 ], [ 80.144219389000057, 28.918071896000072 ], [ 80.145010452000065, 28.920921708000037 ], [ 80.151282201000072, 28.923289521000072 ], [ 80.151946514000031, 28.925197708000042 ], [ 80.151167451000049, 28.933758458000057 ], [ 80.152087889000029, 28.935990958000048 ], [ 80.152425139000059, 28.939972520000026 ], [ 80.152092201000073, 28.943024896000054 ], [ 80.149405826000077, 28.945033771000055 ], [ 80.150610701000062, 28.946992771000055 ], [ 80.151750638000067, 28.951811834000068 ], [ 80.150849763000053, 28.955063771000027 ], [ 80.150527701000044, 28.958535771000072 ], [ 80.152526701000056, 28.961476583000035 ], [ 80.15938776400003, 28.956633271000044 ], [ 80.161248826000076, 28.954871770000068 ], [ 80.167210014000034, 28.950105895000036 ], [ 80.17140957600003, 28.949335520000034 ], [ 80.171804014000031, 28.946418770000037 ], [ 80.17286295100007, 28.943799395000042 ], [ 80.180760951000082, 28.946857083000054 ], [ 80.182633013000043, 28.948244584000065 ], [ 80.185134514000083, 28.944178771000054 ], [ 80.187901389000046, 28.944375958000023 ], [ 80.190778202000047, 28.941805771000077 ], [ 80.19297713900005, 28.940408958000035 ], [ 80.193752889000052, 28.938760021000064 ], [ 80.193726888000072, 28.936237771000037 ], [ 80.19250088900003, 28.934098520000077 ], [ 80.190895701000045, 28.929656021000028 ], [ 80.190996014000063, 28.928167646000077 ], [ 80.192476388000046, 28.926013083000043 ], [ 80.196640701000035, 28.923924209000063 ], [ 80.200471951000054, 28.924025959000062 ], [ 80.20354132600005, 28.923331271000052 ], [ 80.205745514000057, 28.924400083000023 ], [ 80.209676076000051, 28.921984520000024 ], [ 80.209221138000032, 28.918401646000063 ], [ 80.207763639000063, 28.919676708000054 ], [ 80.206656201000044, 28.91799627100005 ], [ 80.207600326000033, 28.914723958000025 ], [ 80.210879201000068, 28.913538520000031 ], [ 80.212535014000082, 28.914716833000057 ], [ 80.217638826000041, 28.913778771000068 ], [ 80.218421952000085, 28.911152771000047 ], [ 80.216324076000035, 28.909602146000054 ], [ 80.216413076000038, 28.905988583000067 ], [ 80.217625638000072, 28.903315583000051 ], [ 80.217639388000066, 28.901824458000078 ], [ 80.218958826000062, 28.899208458000032 ], [ 80.220085139000048, 28.898330646000034 ], [ 80.221902013000033, 28.898476458000061 ], [ 80.226053076000085, 28.897079146000067 ], [ 80.227890139000067, 28.897265646000051 ], [ 80.227702264000072, 28.895157520000055 ], [ 80.23140776300005, 28.896191520000059 ], [ 80.231469139000069, 28.897561333000056 ], [ 80.23301163900004, 28.898066458000073 ], [ 80.234841826000036, 28.897488021000072 ], [ 80.236701201000074, 28.899894395000047 ], [ 80.239086263000047, 28.902024021000045 ], [ 80.240961513000059, 28.903013646000034 ], [ 80.240775576000033, 28.905135458000075 ], [ 80.239622639000061, 28.907046521000041 ], [ 80.238653576000047, 28.910988958000075 ], [ 80.239391764000061, 28.913296521000063 ], [ 80.241587826000057, 28.914554145000068 ], [ 80.243924201000084, 28.919122084000037 ], [ 80.241670701000032, 28.918883833000052 ], [ 80.240616514000067, 28.920506709000051 ], [ 80.238438827000039, 28.921214021000026 ], [ 80.23680020200004, 28.92288320800003 ], [ 80.235913014000062, 28.924757396000075 ], [ 80.234501014000045, 28.924140271000056 ], [ 80.232853889000069, 28.925256583000078 ], [ 80.233271014000081, 28.926811083000075 ], [ 80.232563389000063, 28.928404270000044 ], [ 80.230316514000037, 28.929280270000049 ], [ 80.226782827000079, 28.932461208000063 ], [ 80.228750639000054, 28.934254708000026 ], [ 80.227329326000074, 28.934936833000052 ], [ 80.22625357700008, 28.938375521000069 ], [ 80.226987702000031, 28.939324958000043 ], [ 80.225847765000083, 28.940908833000037 ], [ 80.223089639000079, 28.940531958000065 ], [ 80.221648889000051, 28.941137333000029 ], [ 80.221740827000076, 28.946335521000037 ], [ 80.222827327000061, 28.947882646000039 ], [ 80.21991207700006, 28.951382771000056 ], [ 80.21815351500004, 28.951713208000058 ], [ 80.216884827000058, 28.955033333000074 ], [ 80.213342827000076, 28.956724958000052 ], [ 80.210519077000072, 28.959158333000062 ], [ 80.21121757700007, 28.96349383300003 ], [ 80.209527077000075, 28.965433021000024 ], [ 80.207005202000062, 28.96670858300007 ], [ 80.205091577000076, 28.966940958000066 ], [ 80.20310932700005, 28.968224146000068 ], [ 80.202357577000043, 28.969740083000033 ], [ 80.204388890000075, 28.974541583000075 ], [ 80.20427651500006, 28.978328583000064 ], [ 80.204950327000063, 28.980978770000036 ], [ 80.204597952000086, 28.984818521000079 ], [ 80.206615702000079, 28.989312958000028 ], [ 80.206433514000082, 28.99057295800003 ], [ 80.20767070200003, 28.993253521000042 ], [ 80.210967639000046, 28.996643271000039 ], [ 80.211960452000085, 28.999473458000068 ], [ 80.210405327000046, 29.002721896000025 ], [ 80.212469639000062, 29.004236459000026 ], [ 80.218286702000057, 29.011326958000041 ], [ 80.217504140000074, 29.015292833000046 ], [ 80.215259889000038, 29.018153771000073 ], [ 80.212882515000047, 29.01934452100005 ], [ 80.211474827000075, 29.021098146000043 ], [ 80.211319639000067, 29.023285459000078 ], [ 80.209963264000066, 29.026210208000066 ], [ 80.211545514000079, 29.031981083000062 ], [ 80.210688015000073, 29.033011521000049 ], [ 80.210890452000058, 29.036177708000025 ], [ 80.20949138900005, 29.039045771000076 ], [ 80.209670389000053, 29.040429709000023 ], [ 80.213420327000051, 29.042648959000076 ], [ 80.215409077000061, 29.043317084000023 ], [ 80.215412577000052, 29.045103770000026 ], [ 80.218888639000056, 29.050953334000042 ], [ 80.219883577000076, 29.05337970800008 ], [ 80.223601139000039, 29.056830271000024 ] ] ] } },
{ "type": "Feature", "properties": { "STATE_CODE": 7, "DISTRICT": "KANCHANPUR", "GaPa_NaPa": "Krishnapur", "Type_GN": "Nagarpalika", "Province": "Sudur Pashchim" }, "geometry": { "type": "Polygon", "coordinates": [ [ [ 80.478360639000073, 29.007545896000067 ], [ 80.47675520100006, 29.009797896000066 ], [ 80.47745251300006, 29.012501021000048 ], [ 80.479368826000041, 29.01517952100005 ], [ 80.479916701000036, 29.017638458000079 ], [ 80.478621451000038, 29.018858396000041 ], [ 80.476387326000065, 29.019255771000076 ], [ 80.472548326000037, 29.018392521000067 ], [ 80.470592013000044, 29.018732271000033 ], [ 80.471391013000073, 29.021167333000051 ], [ 80.470186951000073, 29.023423083000068 ], [ 80.471098638000058, 29.026659521000056 ], [ 80.469811513000082, 29.029824083000051 ], [ 80.465640951000069, 29.029857271000026 ], [ 80.462562263000052, 29.031509834000076 ], [ 80.462718264000046, 29.034402583000031 ], [ 80.46214395100003, 29.036748771000077 ], [ 80.461072263000062, 29.037466395000024 ], [ 80.452958826000042, 29.030489645000046 ], [ 80.449100514000065, 29.026110896000034 ], [ 80.448296513000059, 29.024332146000063 ], [ 80.447949701000084, 29.020396271000038 ], [ 80.445776514000045, 29.017238021000026 ], [ 80.445512889000042, 29.014816271000029 ], [ 80.443361013000072, 29.013029646000064 ], [ 80.44387151400008, 29.010500583000066 ], [ 80.442452951000064, 29.006722708000041 ], [ 80.443440201000044, 29.005504083000062 ], [ 80.441402513000071, 29.003997646000073 ], [ 80.441163451000079, 29.001691020000067 ], [ 80.439000951000082, 29.001163145000078 ], [ 80.438171451000073, 28.999618833000056 ], [ 80.438361826000062, 28.997153833000027 ], [ 80.437211826000066, 28.996564833000036 ], [ 80.436100826000029, 28.993645396000034 ], [ 80.43570582600006, 28.991067396000062 ], [ 80.433599451000077, 28.989125083000033 ], [ 80.432249576000061, 28.985918208000044 ], [ 80.429541826000047, 28.982310708000057 ], [ 80.426230451000038, 28.975889646000041 ], [ 80.426078264000068, 28.969754958000067 ], [ 80.425364326000079, 28.968150208000054 ], [ 80.423113888000046, 28.965686021000067 ], [ 80.42049570100005, 28.959267771000043 ], [ 80.420172513000068, 28.957145771000057 ], [ 80.420242951000034, 28.951120334000052 ], [ 80.418842763000043, 28.94566839600003 ], [ 80.415647951000039, 28.939987396000049 ], [ 80.413985388000071, 28.938211520000038 ], [ 80.411418763000086, 28.932704708000074 ], [ 80.411097764000033, 28.929718583000067 ], [ 80.409612701000071, 28.923695396000028 ], [ 80.410524014000032, 28.919327209000073 ], [ 80.409985138000081, 28.916798146000076 ], [ 80.407477576000076, 28.914384521000045 ], [ 80.402224388000036, 28.910399771000073 ], [ 80.401987138000038, 28.908618709000052 ], [ 80.404647389000047, 28.904560708000076 ], [ 80.403741326000045, 28.902666145000069 ], [ 80.399934889000065, 28.902452958000026 ], [ 80.398746201000051, 28.900460146000057 ], [ 80.400133264000033, 28.898165208000023 ], [ 80.398622389000082, 28.895638521000024 ], [ 80.398884451000072, 28.894261271000062 ], [ 80.401292826000031, 28.891165458000046 ], [ 80.401425076000066, 28.889672583000049 ], [ 80.398029389000044, 28.887947458000042 ], [ 80.393246888000078, 28.887003209000056 ], [ 80.392731014000049, 28.885069771000076 ], [ 80.396874826000044, 28.879737146000025 ], [ 80.397550451000029, 28.877041958000063 ], [ 80.39673001400007, 28.874685271000033 ], [ 80.394649451000078, 28.871858208000049 ], [ 80.39437263800005, 28.870580021000023 ], [ 80.399872638000033, 28.86651445800004 ], [ 80.404310888000055, 28.860702333000063 ], [ 80.403005638000081, 28.860392021000052 ], [ 80.397697451000056, 28.860609833000069 ], [ 80.395951576000073, 28.860211708000065 ], [ 80.393660513000043, 28.855833770000061 ], [ 80.395090951000043, 28.854148208000026 ], [ 80.394145388000084, 28.849496583000075 ], [ 80.394128514000045, 28.845992896000041 ], [ 80.392227951000052, 28.843597458000033 ], [ 80.391818888000046, 28.842124708000028 ], [ 80.392557201000045, 28.840018584000063 ], [ 80.395871513000031, 28.837087145000055 ], [ 80.394556326000043, 28.833679271000051 ], [ 80.395706326000038, 28.832529270000066 ], [ 80.394782639000084, 28.830596208000031 ], [ 80.397645201000046, 28.828583083000069 ], [ 80.397752138000044, 28.827029208000056 ], [ 80.399467639000079, 28.827050333000045 ], [ 80.400630638000052, 28.828526458000056 ], [ 80.403188638000074, 28.833392770000046 ], [ 80.406079326000054, 28.840112708000049 ], [ 80.408909014000074, 28.841835208000077 ], [ 80.412019389000079, 28.840856146000078 ], [ 80.416855013000031, 28.840026583000054 ], [ 80.419008889000054, 28.841538458000059 ], [ 80.421536138000079, 28.841580833000023 ], [ 80.42706101300007, 28.842847521000067 ], [ 80.43387363800008, 28.846240021000028 ], [ 80.434907451000072, 28.847099396000033 ], [ 80.436840514000039, 28.844425021000063 ], [ 80.438987014000077, 28.842419396000025 ], [ 80.442579451000086, 28.840758020000067 ], [ 80.445174326000085, 28.840053521000073 ], [ 80.448712951000061, 28.841146458000026 ], [ 80.451303389000032, 28.842560271000025 ], [ 80.453503388000058, 28.845840395000039 ], [ 80.462250951000044, 28.842308771000035 ], [ 80.465193888000044, 28.841357145000075 ], [ 80.471927451000056, 28.840090958000076 ], [ 80.469439326000042, 28.837279208000041 ], [ 80.471010076000084, 28.834916521000025 ], [ 80.475772388000053, 28.831314208000038 ], [ 80.478617576000033, 28.831070271000044 ], [ 80.480902951000076, 28.829849521000028 ], [ 80.481097514000055, 28.827880771000025 ], [ 80.482606826000051, 28.82633439600005 ], [ 80.480279701000029, 28.823406146000025 ], [ 80.478168138000058, 28.821511958000031 ], [ 80.474805826000079, 28.821546270000056 ], [ 80.470345013000042, 28.819951895000031 ], [ 80.468578451000042, 28.818534896000074 ], [ 80.466273326000078, 28.815800520000039 ], [ 80.463882076000061, 28.813961395000035 ], [ 80.461814513000036, 28.811148896000077 ], [ 80.46306557500003, 28.809085020000055 ], [ 80.461816701000032, 28.806866895000041 ], [ 80.459381951000069, 28.805564459000038 ], [ 80.456145388000039, 28.801395833000072 ], [ 80.455649451000056, 28.799045271000068 ], [ 80.45586757600006, 28.795260520000056 ], [ 80.452195763000077, 28.791651771000033 ], [ 80.447229638000067, 28.789535708000074 ], [ 80.445790701000078, 28.785473395000054 ], [ 80.446710639000059, 28.779902395000079 ], [ 80.448640326000032, 28.776848895000057 ], [ 80.447047763000057, 28.773891458000037 ], [ 80.446970638000039, 28.769694895000043 ], [ 80.445987325000033, 28.764792958000044 ], [ 80.443166139000084, 28.761692833000041 ], [ 80.441984638000065, 28.759565021000071 ], [ 80.442290264000064, 28.758417896000026 ], [ 80.439999201000035, 28.749878271000057 ], [ 80.444384014000036, 28.748614958000076 ], [ 80.451070388000062, 28.74597783300004 ], [ 80.459750389000078, 28.743393520000041 ], [ 80.467211451000082, 28.740738333000024 ], [ 80.474446263000061, 28.737743583000054 ], [ 80.478821701000072, 28.73626702100006 ], [ 80.487171138000065, 28.732987021000042 ], [ 80.498623888000054, 28.728718583000045 ], [ 80.502598576000082, 28.727593958000057 ], [ 80.504659013000037, 28.728140708000069 ], [ 80.507773451000048, 28.72799870800003 ], [ 80.513269889000071, 28.726748396000062 ], [ 80.51510445100007, 28.725917958000025 ], [ 80.516877513000054, 28.724072083000067 ], [ 80.520035388000053, 28.724809770000036 ], [ 80.522469701000034, 28.724197958000047 ], [ 80.524486576000072, 28.72208889500007 ], [ 80.525786138000058, 28.721958083000061 ], [ 80.526904388000048, 28.720369208000079 ], [ 80.52934726400008, 28.719394083000054 ], [ 80.531444763000081, 28.715721645000031 ], [ 80.534777576000067, 28.714569020000056 ], [ 80.535865576000049, 28.713345458000049 ], [ 80.537315076000084, 28.715010896000024 ], [ 80.540321825000035, 28.716566583000031 ], [ 80.541489139000078, 28.716507395000065 ], [ 80.544376451000062, 28.71508902000005 ], [ 80.548161076000042, 28.711433270000043 ], [ 80.551174264000053, 28.711948708000079 ], [ 80.552026638000029, 28.713339021000024 ], [ 80.551241514000083, 28.71808095800003 ], [ 80.552512139000044, 28.720052520000024 ], [ 80.55485701300006, 28.721395833000031 ], [ 80.560286451000081, 28.722106208000071 ], [ 80.561042076000035, 28.723038208000048 ], [ 80.557286201000068, 28.725509895000073 ], [ 80.555062389000057, 28.728965708000032 ], [ 80.552948826000033, 28.733225020000077 ], [ 80.550518326000031, 28.734498396000049 ], [ 80.546071513000072, 28.734244395000076 ], [ 80.541397263000079, 28.73624102000008 ], [ 80.539848326000083, 28.73864302000004 ], [ 80.54151470100004, 28.740273083000034 ], [ 80.545313951000082, 28.740495708000026 ], [ 80.548480888000086, 28.741835145000039 ], [ 80.551715951000062, 28.743950896000058 ], [ 80.553208201000075, 28.74573358300006 ], [ 80.554092139000034, 28.749411646000055 ], [ 80.557304201000079, 28.751590333000024 ], [ 80.558484951000082, 28.753223083000023 ], [ 80.556881388000079, 28.754950520000079 ], [ 80.552215513000078, 28.750698208000074 ], [ 80.549281201000042, 28.750623020000035 ], [ 80.546622575000072, 28.751807583000073 ], [ 80.542714513000078, 28.756252458000063 ], [ 80.542472639000039, 28.761219520000054 ], [ 80.541943888000048, 28.763203083000064 ], [ 80.540317951000077, 28.765049770000076 ], [ 80.538601389000064, 28.76622158300006 ], [ 80.537446514000067, 28.768124020000073 ], [ 80.537844826000082, 28.770419833000062 ], [ 80.540151326000057, 28.771445208000046 ], [ 80.543914138000048, 28.770799146000058 ], [ 80.546635451000043, 28.77102483300007 ], [ 80.550260201000071, 28.772040958000048 ], [ 80.551870014000031, 28.774115145000053 ], [ 80.551916138000081, 28.777783646000046 ], [ 80.550978076000035, 28.779535770000052 ], [ 80.548568576000037, 28.781698083000038 ], [ 80.547066763000032, 28.783809333000079 ], [ 80.54625463800005, 28.786249833000056 ], [ 80.542724388000067, 28.787756270000045 ], [ 80.540204638000034, 28.790224896000041 ], [ 80.540050576000056, 28.79317302100003 ], [ 80.540723326000034, 28.794168021000075 ], [ 80.539826639000069, 28.796037458000058 ], [ 80.537414513000044, 28.795032083000024 ], [ 80.532825326000079, 28.796561646000043 ], [ 80.533093826000083, 28.799105208000071 ], [ 80.530874013000073, 28.802249208000035 ], [ 80.526532763000034, 28.806017458000042 ], [ 80.525227638000047, 28.807711708000056 ], [ 80.521623826000052, 28.810870958000066 ], [ 80.519118263000053, 28.810516896000024 ], [ 80.515282826000032, 28.812391521000052 ], [ 80.51271870100004, 28.815057958000068 ], [ 80.513592451000079, 28.817488646000072 ], [ 80.516177388000074, 28.818858333000037 ], [ 80.518854951000037, 28.81869864600003 ], [ 80.519647826000039, 28.819599395000068 ], [ 80.518053764000058, 28.822440895000057 ], [ 80.516129326000055, 28.822948333000056 ], [ 80.516013889000078, 28.82409627100003 ], [ 80.517723950000061, 28.826741958000071 ], [ 80.51895120100005, 28.827226895000024 ], [ 80.520191326000031, 28.829087958000059 ], [ 80.519826263000084, 28.832143708000046 ], [ 80.517977264000081, 28.834393146000025 ], [ 80.516332639000041, 28.835016708000069 ], [ 80.514986326000042, 28.832771583000067 ], [ 80.513355639000054, 28.831236146000037 ], [ 80.510719325000082, 28.831623646000025 ], [ 80.508830638000063, 28.83320283300003 ], [ 80.509442888000081, 28.835481395000045 ], [ 80.507298076000041, 28.836678271000039 ], [ 80.507266638000033, 28.838264208000055 ], [ 80.509657701000037, 28.839195646000064 ], [ 80.507702013000085, 28.841232459000025 ], [ 80.505156388000046, 28.840875708000056 ], [ 80.503948263000041, 28.844237333000024 ], [ 80.504770388000054, 28.847437146000061 ], [ 80.502738201000057, 28.847867333000067 ], [ 80.501954701000045, 28.848877395000045 ], [ 80.502005638000071, 28.85109527000003 ], [ 80.501000513000065, 28.853022708000026 ], [ 80.498781576000056, 28.854031958000064 ], [ 80.498050951000039, 28.855615271000033 ], [ 80.498851451000064, 28.85742758300006 ], [ 80.500687201000062, 28.85826458300005 ], [ 80.500091014000077, 28.860346958000036 ], [ 80.501394013000038, 28.862666521000051 ], [ 80.503141639000035, 28.862923395000053 ], [ 80.50419151300008, 28.864267333000043 ], [ 80.503556951000064, 28.865605084000038 ], [ 80.503928576000078, 28.868361083000025 ], [ 80.502587388000052, 28.870467771000051 ], [ 80.503985263000061, 28.872690583000065 ], [ 80.504557264000084, 28.874863271000038 ], [ 80.506487701000083, 28.877532208000048 ], [ 80.507114326000078, 28.879384458000061 ], [ 80.50578351300004, 28.88171002100006 ], [ 80.50530038900007, 28.884004896000079 ], [ 80.505351826000037, 28.887680146000037 ], [ 80.507173826000042, 28.891416083000024 ], [ 80.508657201000062, 28.893257896000023 ], [ 80.509486888000083, 28.896780333000038 ], [ 80.508592576000069, 28.899285708000036 ], [ 80.505842889000064, 28.901385083000037 ], [ 80.504549076000046, 28.906857958000046 ], [ 80.505133638000075, 28.912540770000078 ], [ 80.507673451000073, 28.915106146000028 ], [ 80.511702326000034, 28.918073959000026 ], [ 80.512519201000032, 28.919200458000034 ], [ 80.512121389000072, 28.921741458000042 ], [ 80.509762138000042, 28.923115834000043 ], [ 80.507248638000078, 28.925234083000078 ], [ 80.503537326000071, 28.924083458000041 ], [ 80.497272201000044, 28.922862271000042 ], [ 80.49580013800005, 28.923091396000075 ], [ 80.492292826000039, 28.925769646000049 ], [ 80.48952213900003, 28.924489021000056 ], [ 80.489305076000051, 28.926782521000064 ], [ 80.486251951000042, 28.931104708000078 ], [ 80.484996076000073, 28.931984270000044 ], [ 80.483306326000047, 28.936765083000068 ], [ 80.480534888000079, 28.937778646000027 ], [ 80.478023201000042, 28.937874959000055 ], [ 80.476290763000065, 28.93965270800004 ], [ 80.472285826000075, 28.938716646000046 ], [ 80.469817889000069, 28.938580583000032 ], [ 80.47336651300003, 28.943860020000045 ], [ 80.474274889000071, 28.947455145000049 ], [ 80.478799388000084, 28.953248083000062 ], [ 80.481462513000054, 28.95609870800007 ], [ 80.483326326000054, 28.95961402000006 ], [ 80.483875576000059, 28.965113958000074 ], [ 80.48498401300003, 28.967863708000039 ], [ 80.485290451000083, 28.970078021000063 ], [ 80.487004263000074, 28.972045021000042 ], [ 80.487505326000075, 28.97403220800004 ], [ 80.490044639000075, 28.977448458000026 ], [ 80.490503200000035, 28.980197958000076 ], [ 80.491546951000032, 28.982929458000058 ], [ 80.491204389000075, 28.985680458000047 ], [ 80.489173514000072, 28.989192083000034 ], [ 80.485462638000058, 28.99427195800007 ], [ 80.485900951000076, 28.99650708300004 ], [ 80.487354888000084, 28.998168521000025 ], [ 80.48323920100006, 28.996756333000064 ], [ 80.481392826000047, 28.993872896000028 ], [ 80.478882451000061, 28.993948833000047 ], [ 80.476633014000072, 28.994693583000071 ], [ 80.473455889000036, 28.996774771000048 ], [ 80.474973014000057, 28.999999958000046 ], [ 80.474376076000055, 29.001994209000031 ], [ 80.474706638000043, 29.004057458000034 ], [ 80.476753638000048, 29.004877584000042 ], [ 80.478360639000073, 29.007545896000067 ] ] ] } },
{ "type": "Feature", "properties": { "STATE_CODE": 7, "DISTRICT": "KANCHANPUR", "GaPa_NaPa": "Laljhadi", "Type_GN": "Gaunpalika", "Province": "Sudur Pashchim" }, "geometry": { "type": "Polygon", "coordinates": [ [ [ 80.513269889000071, 28.726748396000062 ], [ 80.507773451000048, 28.72799870800003 ], [ 80.504659013000037, 28.728140708000069 ], [ 80.502598576000082, 28.727593958000057 ], [ 80.498623888000054, 28.728718583000045 ], [ 80.487171138000065, 28.732987021000042 ], [ 80.478821701000072, 28.73626702100006 ], [ 80.474446263000061, 28.737743583000054 ], [ 80.467211451000082, 28.740738333000024 ], [ 80.459750389000078, 28.743393520000041 ], [ 80.451070388000062, 28.74597783300004 ], [ 80.444384014000036, 28.748614958000076 ], [ 80.439999201000035, 28.749878271000057 ], [ 80.442290264000064, 28.758417896000026 ], [ 80.441984638000065, 28.759565021000071 ], [ 80.443166139000084, 28.761692833000041 ], [ 80.445987325000033, 28.764792958000044 ], [ 80.446970638000039, 28.769694895000043 ], [ 80.447047763000057, 28.773891458000037 ], [ 80.448640326000032, 28.776848895000057 ], [ 80.446710639000059, 28.779902395000079 ], [ 80.445790701000078, 28.785473395000054 ], [ 80.447229638000067, 28.789535708000074 ], [ 80.452195763000077, 28.791651771000033 ], [ 80.45586757600006, 28.795260520000056 ], [ 80.455649451000056, 28.799045271000068 ], [ 80.456145388000039, 28.801395833000072 ], [ 80.459381951000069, 28.805564459000038 ], [ 80.461816701000032, 28.806866895000041 ], [ 80.46306557500003, 28.809085020000055 ], [ 80.461814513000036, 28.811148896000077 ], [ 80.463882076000061, 28.813961395000035 ], [ 80.466273326000078, 28.815800520000039 ], [ 80.468578451000042, 28.818534896000074 ], [ 80.470345013000042, 28.819951895000031 ], [ 80.474805826000079, 28.821546270000056 ], [ 80.478168138000058, 28.821511958000031 ], [ 80.480279701000029, 28.823406146000025 ], [ 80.482606826000051, 28.82633439600005 ], [ 80.481097514000055, 28.827880771000025 ], [ 80.480902951000076, 28.829849521000028 ], [ 80.478617576000033, 28.831070271000044 ], [ 80.475772388000053, 28.831314208000038 ], [ 80.471010076000084, 28.834916521000025 ], [ 80.469439326000042, 28.837279208000041 ], [ 80.471927451000056, 28.840090958000076 ], [ 80.465193888000044, 28.841357145000075 ], [ 80.462250951000044, 28.842308771000035 ], [ 80.453503388000058, 28.845840395000039 ], [ 80.451303389000032, 28.842560271000025 ], [ 80.448712951000061, 28.841146458000026 ], [ 80.445174326000085, 28.840053521000073 ], [ 80.442579451000086, 28.840758020000067 ], [ 80.438987014000077, 28.842419396000025 ], [ 80.436840514000039, 28.844425021000063 ], [ 80.434907451000072, 28.847099396000033 ], [ 80.43387363800008, 28.846240021000028 ], [ 80.42706101300007, 28.842847521000067 ], [ 80.421536138000079, 28.841580833000023 ], [ 80.419008889000054, 28.841538458000059 ], [ 80.416855013000031, 28.840026583000054 ], [ 80.412019389000079, 28.840856146000078 ], [ 80.408909014000074, 28.841835208000077 ], [ 80.406079326000054, 28.840112708000049 ], [ 80.403188638000074, 28.833392770000046 ], [ 80.400630638000052, 28.828526458000056 ], [ 80.399467639000079, 28.827050333000045 ], [ 80.397752138000044, 28.827029208000056 ], [ 80.395904451000035, 28.825173208000024 ], [ 80.393654639000033, 28.825251146000028 ], [ 80.391387576000056, 28.824042958000064 ], [ 80.388015451000058, 28.823276459000056 ], [ 80.383983888000046, 28.819483771000023 ], [ 80.385489764000056, 28.815691521000076 ], [ 80.384291451000081, 28.812051583000027 ], [ 80.38203251300007, 28.808621146000064 ], [ 80.37980820100006, 28.80768370800007 ], [ 80.378216825000038, 28.805154146000064 ], [ 80.37583776300005, 28.805172521000031 ], [ 80.374504389000037, 28.806752333000077 ], [ 80.373810701000082, 28.808921646000044 ], [ 80.374798201000033, 28.811277021000024 ], [ 80.374494889000061, 28.813276708000046 ], [ 80.371988076000036, 28.815446646000055 ], [ 80.369155264000085, 28.814043708000042 ], [ 80.36701432600006, 28.814423958000077 ], [ 80.366136201000074, 28.81571258300005 ], [ 80.363676763000058, 28.813742771000079 ], [ 80.362309138000057, 28.810695208000027 ], [ 80.361704701000065, 28.806949583000062 ], [ 80.359442888000046, 28.806582458000037 ], [ 80.358307576000072, 28.807716396000046 ], [ 80.356134826000073, 28.807861646000049 ], [ 80.354114264000032, 28.810800583000059 ], [ 80.351018201000045, 28.807300208000072 ], [ 80.347596514000031, 28.79719245800004 ], [ 80.344790014000068, 28.787924708000048 ], [ 80.344628513000032, 28.785038458000031 ], [ 80.342636951000031, 28.785610833000078 ], [ 80.341646326000046, 28.783555271000068 ], [ 80.340235514000085, 28.782395583000039 ], [ 80.342064201000085, 28.780924521000031 ], [ 80.343583576000071, 28.776295770000047 ], [ 80.345169576000046, 28.775337896000053 ], [ 80.346062076000067, 28.772711708000031 ], [ 80.343945201000054, 28.77293833300007 ], [ 80.343232826000076, 28.771078145000047 ], [ 80.343616076000046, 28.769629395000038 ], [ 80.345043388000079, 28.769318208000072 ], [ 80.347612389000062, 28.765314896000064 ], [ 80.350842014000079, 28.762447208000026 ], [ 80.351201889000038, 28.759473271000047 ], [ 80.354005014000052, 28.756222208000054 ], [ 80.355178201000058, 28.753829645000053 ], [ 80.357163701000047, 28.753347271000052 ], [ 80.359038888000043, 28.754159333000075 ], [ 80.357578076000038, 28.757121333000043 ], [ 80.358994763000055, 28.759598395000069 ], [ 80.358352763000084, 28.762683895000066 ], [ 80.360475389000044, 28.762152520000029 ], [ 80.36290370100005, 28.759506395000074 ], [ 80.365544138000075, 28.760777646000065 ], [ 80.368470701000035, 28.759796458000039 ], [ 80.36904363900004, 28.758829020000064 ], [ 80.369131951000043, 28.75505058300007 ], [ 80.370921639000073, 28.753448083000023 ], [ 80.369406451000032, 28.75198139500003 ], [ 80.36993545100006, 28.751070145000028 ], [ 80.374548076000053, 28.753507770000056 ], [ 80.376671013000077, 28.752662583000074 ], [ 80.375363576000041, 28.750745646000041 ], [ 80.377296201000036, 28.749179833000028 ], [ 80.37679307600007, 28.748216458000059 ], [ 80.378655576000085, 28.746582646000036 ], [ 80.380212389000064, 28.748859333000041 ], [ 80.385686701000054, 28.749378458000024 ], [ 80.387930701000073, 28.749036645000047 ], [ 80.391333638000049, 28.749870958000031 ], [ 80.392578263000075, 28.748635708000052 ], [ 80.39357876300005, 28.746393208000029 ], [ 80.396635951000064, 28.746472333000042 ], [ 80.398846076000041, 28.748846521000075 ], [ 80.401895638000042, 28.747070958000052 ], [ 80.404212263000034, 28.743054145000031 ], [ 80.40262501400008, 28.738902833000054 ], [ 80.40312732600006, 28.733515333000071 ], [ 80.401251201000036, 28.72988827100005 ], [ 80.399824888000069, 28.728431270000044 ], [ 80.399520701000085, 28.725224083000057 ], [ 80.400128701000085, 28.724480021000034 ], [ 80.404971513000078, 28.721780583000054 ], [ 80.410297826000033, 28.716964645000076 ], [ 80.410508888000038, 28.715963896000062 ], [ 80.414477076000082, 28.71141033300006 ], [ 80.415704138000081, 28.711131395000052 ], [ 80.417974013000048, 28.712553458000059 ], [ 80.42413007600004, 28.714314708000074 ], [ 80.425358576000065, 28.713311458000078 ], [ 80.426800139000079, 28.709836458000041 ], [ 80.426911138000037, 28.707540271000028 ], [ 80.427698201000055, 28.705287521000059 ], [ 80.425793076000048, 28.703630271000065 ], [ 80.424337888000082, 28.698383208000052 ], [ 80.424315326000055, 28.696661770000048 ], [ 80.427027826000085, 28.69434952000006 ], [ 80.43003845100003, 28.695246583000028 ], [ 80.432481388000042, 28.693418145000066 ], [ 80.433459451000033, 28.693548521000025 ], [ 80.436085638000066, 28.69211789600007 ], [ 80.437943826000037, 28.691963208000061 ], [ 80.439146264000044, 28.689051021000068 ], [ 80.441569638000033, 28.687299083000028 ], [ 80.446367388000056, 28.686125333000064 ], [ 80.448877201000073, 28.686893646000044 ], [ 80.450564826000061, 28.684335333000035 ], [ 80.461621513000068, 28.680027770000038 ], [ 80.462918389000038, 28.677499333000071 ], [ 80.465044825000064, 28.675276458000042 ], [ 80.467333139000061, 28.674349145000065 ], [ 80.469875076000051, 28.674088458000028 ], [ 80.47077601400008, 28.671474895000074 ], [ 80.474854889000085, 28.66895045800004 ], [ 80.476878014000079, 28.670264520000046 ], [ 80.479972700000076, 28.669687645000067 ], [ 80.483301825000069, 28.666623083000047 ], [ 80.484685263000074, 28.667454083000052 ], [ 80.487984576000031, 28.667254521000075 ], [ 80.489726513000051, 28.666169146000072 ], [ 80.491302451000081, 28.666136708000067 ], [ 80.493166951000035, 28.670335521000027 ], [ 80.495343388000038, 28.671724395000069 ], [ 80.493520889000081, 28.673001271000032 ], [ 80.495749888000034, 28.675513896000041 ], [ 80.493237889000056, 28.678446458000053 ], [ 80.494194389000029, 28.680241396000042 ], [ 80.49300557600003, 28.681791395000062 ], [ 80.492535326000052, 28.684339021000028 ], [ 80.495942826000032, 28.684117083000046 ], [ 80.497814138000081, 28.683029833000035 ], [ 80.500260451000031, 28.683954895000056 ], [ 80.502196014000049, 28.68584583300003 ], [ 80.504696638000041, 28.686673957000039 ], [ 80.505689576000066, 28.688335833000053 ], [ 80.509296263000067, 28.691500708000035 ], [ 80.508761888000038, 28.69394214600004 ], [ 80.508975826000039, 28.699226646000056 ], [ 80.50717151300006, 28.700727208000046 ], [ 80.507762576000061, 28.70511289600006 ], [ 80.509423576000074, 28.713430395000046 ], [ 80.511670888000083, 28.719635958000026 ], [ 80.512560576000055, 28.723030083000026 ], [ 80.513818264000065, 28.724616146000074 ], [ 80.513269889000071, 28.726748396000062 ] ] ] } },
{ "type": "Feature", "properties": { "STATE_CODE": 7, "DISTRICT": "KANCHANPUR", "GaPa_NaPa": "Mahakali", "Type_GN": "Nagarpalika", "Province": "Sudur Pashchim" }, "geometry": { "type": "Polygon", "coordinates": [ [ [ 80.108854139000073, 28.827724833000048 ], [ 80.107325951000064, 28.828213333000065 ], [ 80.104885076000073, 28.827795583000068 ], [ 80.102651576000085, 28.830914270000051 ], [ 80.101153951000072, 28.834019771000044 ], [ 80.102175764000037, 28.83881139600004 ], [ 80.10156720100008, 28.841866395000068 ], [ 80.101387451000051, 28.845386708000035 ], [ 80.10288470200004, 28.850255958000048 ], [ 80.104202576000034, 28.853231333000053 ], [ 80.105608389000054, 28.858176646000061 ], [ 80.106947138000066, 28.860940020000044 ], [ 80.106953639000039, 28.862546270000053 ], [ 80.105831514000045, 28.864257895000037 ], [ 80.104682576000073, 28.868723708000061 ], [ 80.103083076000075, 28.870508833000031 ], [ 80.10327638800004, 28.872919458000069 ], [ 80.100681076000058, 28.874506145000055 ], [ 80.099116888000083, 28.876410958000065 ], [ 80.099808014000075, 28.881793708000032 ], [ 80.099352576000058, 28.883626958000036 ], [ 80.100479888000052, 28.888784771000076 ], [ 80.100759326000059, 28.892461583000056 ], [ 80.102359264000029, 28.896151646000078 ], [ 80.102433327000085, 28.898827646000029 ], [ 80.103366451000056, 28.90189289500006 ], [ 80.105387326000084, 28.90447133300006 ], [ 80.106543701000078, 28.907003333000034 ], [ 80.107068389000062, 28.909874083000034 ], [ 80.105661701000031, 28.913205771000037 ], [ 80.10319688800007, 28.916392833000032 ], [ 80.102295764000075, 28.919389395000053 ], [ 80.105615327000066, 28.920631958000058 ], [ 80.105756639000049, 28.923136958000043 ], [ 80.105208702000084, 28.925581021000028 ], [ 80.105386451000072, 28.930714333000026 ], [ 80.106267701000036, 28.940993646000038 ], [ 80.106188763000034, 28.944354459000067 ], [ 80.107846764000044, 28.95353577000003 ], [ 80.108205014000077, 28.956518146000064 ], [ 80.107487639000055, 28.958807583000066 ], [ 80.107396827000059, 28.963226333000023 ], [ 80.107868889000031, 28.967743521000045 ], [ 80.109863077000057, 28.973784521000027 ], [ 80.110069639000073, 28.979139083000064 ], [ 80.109764326000061, 28.984350458000051 ], [ 80.101919388000056, 28.986430145000043 ], [ 80.097734639000066, 28.97526477100007 ], [ 80.077723764000041, 28.943672833000051 ], [ 80.064886951000062, 28.923836146000042 ], [ 80.060147827000037, 28.91637670800003 ], [ 80.060924826000075, 28.908184271000039 ], [ 80.062718702000041, 28.884629208000035 ], [ 80.06323788900005, 28.879013333000046 ], [ 80.06433295100004, 28.863028770000028 ], [ 80.066412951000075, 28.83731883300004 ], [ 80.076650701000062, 28.824327458000027 ], [ 80.081254576000049, 28.824695021000025 ], [ 80.097749014000044, 28.826405770000065 ], [ 80.103082326000049, 28.827179021000063 ], [ 80.108854139000073, 28.827724833000048 ] ] ] } },
{ "type": "Feature", "properties": { "STATE_CODE": 7, "DISTRICT": "KANCHANPUR", "GaPa_NaPa": "Punarbas", "Type_GN": "Nagarpalika", "Province": "Sudur Pashchim" }, "geometry": { "type": "Polygon", "coordinates": [ [ [ 80.541489139000078, 28.716507395000065 ], [ 80.540321825000035, 28.716566583000031 ], [ 80.537315076000084, 28.715010896000024 ], [ 80.535865576000049, 28.713345458000049 ], [ 80.534777576000067, 28.714569020000056 ], [ 80.531444763000081, 28.715721645000031 ], [ 80.52934726400008, 28.719394083000054 ], [ 80.526904388000048, 28.720369208000079 ], [ 80.525786138000058, 28.721958083000061 ], [ 80.524486576000072, 28.72208889500007 ], [ 80.522469701000034, 28.724197958000047 ], [ 80.520035388000053, 28.724809770000036 ], [ 80.516877513000054, 28.724072083000067 ], [ 80.51510445100007, 28.725917958000025 ], [ 80.513269889000071, 28.726748396000062 ], [ 80.513818264000065, 28.724616146000074 ], [ 80.512560576000055, 28.723030083000026 ], [ 80.511670888000083, 28.719635958000026 ], [ 80.509423576000074, 28.713430395000046 ], [ 80.507762576000061, 28.70511289600006 ], [ 80.50717151300006, 28.700727208000046 ], [ 80.508975826000039, 28.699226646000056 ], [ 80.508761888000038, 28.69394214600004 ], [ 80.509296263000067, 28.691500708000035 ], [ 80.505689576000066, 28.688335833000053 ], [ 80.504696638000041, 28.686673957000039 ], [ 80.502196014000049, 28.68584583300003 ], [ 80.500260451000031, 28.683954895000056 ], [ 80.497814138000081, 28.683029833000035 ], [ 80.495942826000032, 28.684117083000046 ], [ 80.492535326000052, 28.684339021000028 ], [ 80.49300557600003, 28.681791395000062 ], [ 80.494194389000029, 28.680241396000042 ], [ 80.493237889000056, 28.678446458000053 ], [ 80.495749888000034, 28.675513896000041 ], [ 80.493520889000081, 28.673001271000032 ], [ 80.495343388000038, 28.671724395000069 ], [ 80.493166951000035, 28.670335521000027 ], [ 80.491302451000081, 28.666136708000067 ], [ 80.489726513000051, 28.666169146000072 ], [ 80.487984576000031, 28.667254521000075 ], [ 80.484685263000074, 28.667454083000052 ], [ 80.483301825000069, 28.666623083000047 ], [ 80.479972700000076, 28.669687645000067 ], [ 80.476878014000079, 28.670264520000046 ], [ 80.474854889000085, 28.66895045800004 ], [ 80.47077601400008, 28.671474895000074 ], [ 80.469875076000051, 28.674088458000028 ], [ 80.467333139000061, 28.674349145000065 ], [ 80.465044825000064, 28.675276458000042 ], [ 80.462918389000038, 28.677499333000071 ], [ 80.461621513000068, 28.680027770000038 ], [ 80.450564826000061, 28.684335333000035 ], [ 80.448877201000073, 28.686893646000044 ], [ 80.446367388000056, 28.686125333000064 ], [ 80.441569638000033, 28.687299083000028 ], [ 80.439146264000044, 28.689051021000068 ], [ 80.437943826000037, 28.691963208000061 ], [ 80.436085638000066, 28.69211789600007 ], [ 80.433459451000033, 28.693548521000025 ], [ 80.432481388000042, 28.693418145000066 ], [ 80.43003845100003, 28.695246583000028 ], [ 80.427027826000085, 28.69434952000006 ], [ 80.424315326000055, 28.696661770000048 ], [ 80.424337888000082, 28.698383208000052 ], [ 80.425793076000048, 28.703630271000065 ], [ 80.427698201000055, 28.705287521000059 ], [ 80.426911138000037, 28.707540271000028 ], [ 80.426800139000079, 28.709836458000041 ], [ 80.425358576000065, 28.713311458000078 ], [ 80.42413007600004, 28.714314708000074 ], [ 80.417974013000048, 28.712553458000059 ], [ 80.415704138000081, 28.711131395000052 ], [ 80.414477076000082, 28.71141033300006 ], [ 80.410508888000038, 28.715963896000062 ], [ 80.40677482600006, 28.711426395000046 ], [ 80.404232451000041, 28.711002396000026 ], [ 80.403776764000042, 28.710129521000056 ], [ 80.405214450000074, 28.707164646000024 ], [ 80.404223826000077, 28.705637396000043 ], [ 80.404922638000073, 28.704185333000055 ], [ 80.404463201000056, 28.702281458000073 ], [ 80.402832451000052, 28.701953895000031 ], [ 80.401938451000035, 28.698240958000042 ], [ 80.39932351300007, 28.696632083000054 ], [ 80.401845951000041, 28.694587958000056 ], [ 80.401310888000069, 28.69310564500006 ], [ 80.401602638000043, 28.68839170800004 ], [ 80.402263389000041, 28.687151520000043 ], [ 80.40408263900008, 28.687247583000044 ], [ 80.408033763000049, 28.686107520000064 ], [ 80.41105751300006, 28.684243646000027 ], [ 80.40806307500003, 28.680442646000074 ], [ 80.406223201000046, 28.682090583000047 ], [ 80.404270076000046, 28.680123708000053 ], [ 80.406050826000069, 28.677843833000054 ], [ 80.408586513000046, 28.67635464600005 ], [ 80.410228826000036, 28.672891958000037 ], [ 80.415215451000051, 28.670831271000054 ], [ 80.415130013000066, 28.669168145000071 ], [ 80.415932701000031, 28.666721520000067 ], [ 80.417666638000071, 28.665136208000035 ], [ 80.41828307600008, 28.662138208000044 ], [ 80.416815701000075, 28.65891477100007 ], [ 80.42099582600008, 28.653935458000035 ], [ 80.423755076000077, 28.651815208000073 ], [ 80.428450326000075, 28.650077583000041 ], [ 80.429485701000033, 28.649100583000063 ], [ 80.429458263000072, 28.645486208000079 ], [ 80.426285889000042, 28.644132708000029 ], [ 80.426193764000061, 28.641379895000057 ], [ 80.427948451000077, 28.638916833000053 ], [ 80.428049638000061, 28.637599708000039 ], [ 80.434080951000055, 28.637225708000074 ], [ 80.43972713800008, 28.634983958000078 ], [ 80.441161826000041, 28.632866958000079 ], [ 80.441612264000071, 28.630926333000048 ], [ 80.443750826000041, 28.628787333000048 ], [ 80.446042576000082, 28.628264270000045 ], [ 80.450982951000071, 28.629022145000079 ], [ 80.453303638000079, 28.628580271000033 ], [ 80.455557576000047, 28.626827333000051 ], [ 80.457933389000061, 28.623545208000053 ], [ 80.462226201000078, 28.621576895000032 ], [ 80.464159389000031, 28.617151333000038 ], [ 80.465310951000049, 28.616260208000028 ], [ 80.462363201000073, 28.614560958000027 ], [ 80.461980075000042, 28.613735958000063 ], [ 80.464214576000074, 28.61250620800007 ], [ 80.467864076000069, 28.60070758300003 ], [ 80.47054307500008, 28.594640083000058 ], [ 80.473426200000063, 28.590179646000024 ], [ 80.472817388000067, 28.587711333000072 ], [ 80.472667326000078, 28.584536395000043 ], [ 80.470144264000055, 28.58392870800003 ], [ 80.470499264000068, 28.582784020000076 ], [ 80.473287326000047, 28.582587271000079 ], [ 80.47743001300006, 28.583106395000073 ], [ 80.480782701000066, 28.585436333000075 ], [ 80.483139764000043, 28.585048270000073 ], [ 80.485410013000035, 28.582017895000035 ], [ 80.490420701000062, 28.579654333000065 ], [ 80.493353139000078, 28.577776957000026 ], [ 80.497246701000051, 28.574700520000079 ], [ 80.501471826000056, 28.569648832000041 ], [ 80.506710888000043, 28.568948270000078 ], [ 80.509088014000042, 28.567095582000036 ], [ 80.512466763000077, 28.562225458000057 ], [ 80.517118076000031, 28.556935645000067 ], [ 80.519052701000078, 28.551988020000067 ], [ 80.52088176400008, 28.552678145000073 ], [ 80.521587701000044, 28.55422608300006 ], [ 80.524458264000032, 28.552756145000046 ], [ 80.526871201000063, 28.55897120800006 ], [ 80.53223076300003, 28.571599332000062 ], [ 80.53165901300008, 28.57475370800006 ], [ 80.527291514000069, 28.573199896000062 ], [ 80.52340076400003, 28.576694583000062 ], [ 80.52201720100004, 28.583728833000066 ], [ 80.519778826000049, 28.597767583000063 ], [ 80.519342264000045, 28.599676958000032 ], [ 80.516497826000034, 28.615872583000055 ], [ 80.51300763900008, 28.623700083000074 ], [ 80.512977701000068, 28.626177208000058 ], [ 80.512094639000054, 28.62968002100007 ], [ 80.506526326000085, 28.658084583000061 ], [ 80.505206139000052, 28.665168458000039 ], [ 80.507831826000086, 28.670946895000043 ], [ 80.518310388000032, 28.677215895000074 ], [ 80.53243320100006, 28.685443771000052 ], [ 80.541526951000037, 28.690593958000079 ], [ 80.551769638000053, 28.691530707000027 ], [ 80.555889535000063, 28.690691750000042 ], [ 80.55193913800008, 28.694385270000055 ], [ 80.55032282600007, 28.695176270000047 ], [ 80.546294389000082, 28.695580208000024 ], [ 80.544531514000084, 28.696140583000044 ], [ 80.544481451000081, 28.698394271000041 ], [ 80.545525763000057, 28.700992270000029 ], [ 80.542284076000044, 28.702937396000038 ], [ 80.54370738800003, 28.705983395000032 ], [ 80.543675264000058, 28.70741595800007 ], [ 80.540597264000041, 28.710570833000077 ], [ 80.539797951000082, 28.71325283300007 ], [ 80.540358138000045, 28.715955271000041 ], [ 80.541489139000078, 28.716507395000065 ] ] ] } },
{ "type": "Feature", "properties": { "STATE_CODE": 7, "DISTRICT": "KANCHANPUR", "GaPa_NaPa": "Shuklaphanta", "Type_GN": "Nagarpalika", "Province": "Sudur Pashchim" }, "geometry": { "type": "Polygon", "coordinates": [ [ [ 80.461072263000062, 29.037466395000024 ], [ 80.459197076000066, 29.037127209000062 ], [ 80.456951389000039, 29.035119396000027 ], [ 80.454409388000045, 29.035276021000072 ], [ 80.451278013000035, 29.034085646000051 ], [ 80.449119326000073, 29.034703958000023 ], [ 80.44525507600008, 29.03429777100007 ], [ 80.443432889000064, 29.033250209000073 ], [ 80.442234326000062, 29.031650271000046 ], [ 80.440686326000048, 29.032259708000026 ], [ 80.434893514000066, 29.028763583000057 ], [ 80.428028389000076, 29.026458208000065 ], [ 80.424979514000086, 29.026923521000072 ], [ 80.421957138000039, 29.026430021000067 ], [ 80.419575888000054, 29.027656021000041 ], [ 80.417134076000082, 29.030167583000036 ], [ 80.416860451000048, 29.032605084000068 ], [ 80.411809576000053, 29.032131896000067 ], [ 80.410873201000072, 29.03337758300006 ], [ 80.406754764000084, 29.036335084000029 ], [ 80.402886826000042, 29.036254771000074 ], [ 80.399881201000085, 29.037044521000041 ], [ 80.397182139000051, 29.039150770000049 ], [ 80.393553014000076, 29.040864771000031 ], [ 80.392463264000071, 29.043533146000073 ], [ 80.39082751400008, 29.046000521000053 ], [ 80.388402638000059, 29.047410709000076 ], [ 80.384866138000064, 29.047333645000037 ], [ 80.380541513000082, 29.043595958000026 ], [ 80.379184889000044, 29.043458895000072 ], [ 80.380164514000057, 29.040902895000045 ], [ 80.381947263000029, 29.038837896000075 ], [ 80.385588326000061, 29.036970833000055 ], [ 80.386285263000048, 29.035620458000039 ], [ 80.38508282600003, 29.032111458000031 ], [ 80.383733889000041, 29.030923146000077 ], [ 80.382612013000085, 29.028772583000034 ], [ 80.382351639000035, 29.026486146000025 ], [ 80.379494514000044, 29.022437083000057 ], [ 80.378441451000072, 29.018906146000063 ], [ 80.376867076000053, 29.018524396000032 ], [ 80.376323513000045, 29.011438084000076 ], [ 80.375288763000071, 29.009587896000028 ], [ 80.37526932600008, 29.007968083000037 ], [ 80.373645826000029, 29.005663958000071 ], [ 80.370847826000045, 29.004019834000076 ], [ 80.367904639000074, 29.000055833000033 ], [ 80.363686138000048, 28.995747333000054 ], [ 80.359815513000058, 28.988909146000026 ], [ 80.358979014000056, 28.986937958000055 ], [ 80.358815764000042, 28.984642896000025 ], [ 80.358020451000073, 28.983168208000052 ], [ 80.356896514000084, 28.977586083000062 ], [ 80.357209576000059, 28.975295521000078 ], [ 80.355639263000057, 28.97257408300004 ], [ 80.357541639000033, 28.968418646000032 ], [ 80.358782451000081, 28.967010083000048 ], [ 80.358337888000051, 28.964524145000041 ], [ 80.360993888000053, 28.961364958000047 ], [ 80.36109070100008, 28.958861209000077 ], [ 80.360301638000067, 28.957023333000052 ], [ 80.357725389000052, 28.954087333000075 ], [ 80.35492501300007, 28.952106708000031 ], [ 80.354374514000085, 28.950497833000043 ], [ 80.352346701000045, 28.949439020000057 ], [ 80.350192326000069, 28.950689771000043 ], [ 80.350233576000051, 28.948242208000067 ], [ 80.347994701000061, 28.946512333000044 ], [ 80.34654413800007, 28.946410583000045 ], [ 80.345408951000081, 28.94864295800005 ], [ 80.343285389000073, 28.947637645000043 ], [ 80.340687639000066, 28.947453583000026 ], [ 80.338988201000063, 28.946010458000046 ], [ 80.340222263000044, 28.943379271000026 ], [ 80.34073988800003, 28.940916083000047 ], [ 80.338088326000047, 28.939393770000038 ], [ 80.338185826000085, 28.938018084000078 ], [ 80.341853763000074, 28.937041208000039 ], [ 80.341350764000083, 28.932224458000064 ], [ 80.341840263000051, 28.927868333000049 ], [ 80.337958638000032, 28.925843708000059 ], [ 80.337575013000048, 28.925077083000076 ], [ 80.338543451000078, 28.921481270000072 ], [ 80.337351889000047, 28.92039477000003 ], [ 80.335551888000055, 28.920823584000061 ], [ 80.334853701000043, 28.918776208000054 ], [ 80.332989826000073, 28.918976833000045 ], [ 80.332357076000051, 28.91668158400006 ], [ 80.329667889000063, 28.916629895000028 ], [ 80.329742076000059, 28.915407520000031 ], [ 80.327779263000082, 28.913962896000044 ], [ 80.326072888000056, 28.915885521000064 ], [ 80.324469763000081, 28.915609020000034 ], [ 80.321689263000053, 28.913302958000031 ], [ 80.320085639000069, 28.91312345800003 ], [ 80.322298826000065, 28.907246458000031 ], [ 80.320111389000033, 28.906815833000053 ], [ 80.32112001400003, 28.905386146000069 ], [ 80.318758701000036, 28.905031271000041 ], [ 80.319610576000059, 28.896632083000043 ], [ 80.321139326000036, 28.893948396000042 ], [ 80.321496576000072, 28.891888208000069 ], [ 80.319649764000076, 28.889241645000027 ], [ 80.320031451000034, 28.886664959000029 ], [ 80.318351950000078, 28.885129208000023 ], [ 80.316322451000076, 28.884333833000028 ], [ 80.316504326000029, 28.882692396000039 ], [ 80.322101263000036, 28.879842020000069 ], [ 80.324513951000085, 28.877717708000034 ], [ 80.326584263000029, 28.874256083000034 ], [ 80.324231576000045, 28.871446896000066 ], [ 80.325487951000071, 28.869337020000046 ], [ 80.324581076000072, 28.867035895000072 ], [ 80.324777264000033, 28.864839521000079 ], [ 80.325878451000051, 28.863089896000076 ], [ 80.326537264000081, 28.860131083000056 ], [ 80.328783138000063, 28.856557458000054 ], [ 80.332043888000044, 28.853239271000064 ], [ 80.332392514000048, 28.848864396000067 ], [ 80.33439157600003, 28.848059896000052 ], [ 80.33615995100007, 28.84857164500005 ], [ 80.336158388000058, 28.850789270000064 ], [ 80.338498513000047, 28.850408208000033 ], [ 80.340575326000078, 28.84930620800003 ], [ 80.341209764000041, 28.847547333000023 ], [ 80.340133764000029, 28.842836083000066 ], [ 80.34119032600006, 28.841891458000077 ], [ 80.344369138000047, 28.843025896000029 ], [ 80.346962013000052, 28.842970895000065 ], [ 80.349024514000064, 28.841823458000079 ], [ 80.349816326000052, 28.840263833000051 ], [ 80.349071201000072, 28.839053271000068 ], [ 80.344755138000039, 28.836223645000075 ], [ 80.347398951000059, 28.832999083000061 ], [ 80.346491451000077, 28.831291395000051 ], [ 80.347196951000058, 28.828373271000032 ], [ 80.350209826000082, 28.827501208000058 ], [ 80.349731889000054, 28.825969333000046 ], [ 80.352360576000081, 28.824711833000038 ], [ 80.353006263000054, 28.823151520000067 ], [ 80.351196014000038, 28.821071833000076 ], [ 80.353424264000068, 28.81899114600003 ], [ 80.35612463800004, 28.817181208000079 ], [ 80.356395826000039, 28.816189895000036 ], [ 80.353780639000036, 28.814580083000067 ], [ 80.354114264000032, 28.810800583000059 ], [ 80.356134826000073, 28.807861646000049 ], [ 80.358307576000072, 28.807716396000046 ], [ 80.359442888000046, 28.806582458000037 ], [ 80.361704701000065, 28.806949583000062 ], [ 80.362309138000057, 28.810695208000027 ], [ 80.363676763000058, 28.813742771000079 ], [ 80.366136201000074, 28.81571258300005 ], [ 80.36701432600006, 28.814423958000077 ], [ 80.369155264000085, 28.814043708000042 ], [ 80.371988076000036, 28.815446646000055 ], [ 80.374494889000061, 28.813276708000046 ], [ 80.374798201000033, 28.811277021000024 ], [ 80.373810701000082, 28.808921646000044 ], [ 80.374504389000037, 28.806752333000077 ], [ 80.37583776300005, 28.805172521000031 ], [ 80.378216825000038, 28.805154146000064 ], [ 80.37980820100006, 28.80768370800007 ], [ 80.38203251300007, 28.808621146000064 ], [ 80.384291451000081, 28.812051583000027 ], [ 80.385489764000056, 28.815691521000076 ], [ 80.383983888000046, 28.819483771000023 ], [ 80.388015451000058, 28.823276459000056 ], [ 80.391387576000056, 28.824042958000064 ], [ 80.393654639000033, 28.825251146000028 ], [ 80.395904451000035, 28.825173208000024 ], [ 80.397752138000044, 28.827029208000056 ], [ 80.397645201000046, 28.828583083000069 ], [ 80.394782639000084, 28.830596208000031 ], [ 80.395706326000038, 28.832529270000066 ], [ 80.394556326000043, 28.833679271000051 ], [ 80.395871513000031, 28.837087145000055 ], [ 80.392557201000045, 28.840018584000063 ], [ 80.391818888000046, 28.842124708000028 ], [ 80.392227951000052, 28.843597458000033 ], [ 80.394128514000045, 28.845992896000041 ], [ 80.394145388000084, 28.849496583000075 ], [ 80.395090951000043, 28.854148208000026 ], [ 80.393660513000043, 28.855833770000061 ], [ 80.395951576000073, 28.860211708000065 ], [ 80.397697451000056, 28.860609833000069 ], [ 80.403005638000081, 28.860392021000052 ], [ 80.404310888000055, 28.860702333000063 ], [ 80.399872638000033, 28.86651445800004 ], [ 80.39437263800005, 28.870580021000023 ], [ 80.394649451000078, 28.871858208000049 ], [ 80.39673001400007, 28.874685271000033 ], [ 80.397550451000029, 28.877041958000063 ], [ 80.396874826000044, 28.879737146000025 ], [ 80.392731014000049, 28.885069771000076 ], [ 80.393246888000078, 28.887003209000056 ], [ 80.398029389000044, 28.887947458000042 ], [ 80.401425076000066, 28.889672583000049 ], [ 80.401292826000031, 28.891165458000046 ], [ 80.398884451000072, 28.894261271000062 ], [ 80.398622389000082, 28.895638521000024 ], [ 80.400133264000033, 28.898165208000023 ], [ 80.398746201000051, 28.900460146000057 ], [ 80.399934889000065, 28.902452958000026 ], [ 80.403741326000045, 28.902666145000069 ], [ 80.404647389000047, 28.904560708000076 ], [ 80.401987138000038, 28.908618709000052 ], [ 80.402224388000036, 28.910399771000073 ], [ 80.407477576000076, 28.914384521000045 ], [ 80.409985138000081, 28.916798146000076 ], [ 80.410524014000032, 28.919327209000073 ], [ 80.409612701000071, 28.923695396000028 ], [ 80.411097764000033, 28.929718583000067 ], [ 80.411418763000086, 28.932704708000074 ], [ 80.413985388000071, 28.938211520000038 ], [ 80.415647951000039, 28.939987396000049 ], [ 80.418842763000043, 28.94566839600003 ], [ 80.420242951000034, 28.951120334000052 ], [ 80.420172513000068, 28.957145771000057 ], [ 80.42049570100005, 28.959267771000043 ], [ 80.423113888000046, 28.965686021000067 ], [ 80.425364326000079, 28.968150208000054 ], [ 80.426078264000068, 28.969754958000067 ], [ 80.426230451000038, 28.975889646000041 ], [ 80.429541826000047, 28.982310708000057 ], [ 80.432249576000061, 28.985918208000044 ], [ 80.433599451000077, 28.989125083000033 ], [ 80.43570582600006, 28.991067396000062 ], [ 80.436100826000029, 28.993645396000034 ], [ 80.437211826000066, 28.996564833000036 ], [ 80.438361826000062, 28.997153833000027 ], [ 80.438171451000073, 28.999618833000056 ], [ 80.439000951000082, 29.001163145000078 ], [ 80.441163451000079, 29.001691020000067 ], [ 80.441402513000071, 29.003997646000073 ], [ 80.443440201000044, 29.005504083000062 ], [ 80.442452951000064, 29.006722708000041 ], [ 80.44387151400008, 29.010500583000066 ], [ 80.443361013000072, 29.013029646000064 ], [ 80.445512889000042, 29.014816271000029 ], [ 80.445776514000045, 29.017238021000026 ], [ 80.447949701000084, 29.020396271000038 ], [ 80.448296513000059, 29.024332146000063 ], [ 80.449100514000065, 29.026110896000034 ], [ 80.452958826000042, 29.030489645000046 ], [ 80.461072263000062, 29.037466395000024 ] ] ] } },
{ "type": "Feature", "properties": { "STATE_CODE": 7, "DISTRICT": "KANCHANPUR", "GaPa_NaPa": "Shuklaphanta National Park", "Type_GN": "National Park", "Province": "Sudur Pashchim" }, "geometry": { "type": "Polygon", "coordinates": [ [ [ 80.379184889000044, 29.043458895000072 ], [ 80.37553888900004, 29.044800021000071 ], [ 80.374242138000056, 29.044521021000037 ], [ 80.367003451000073, 29.046948334000035 ], [ 80.361196451000069, 29.047654021000028 ], [ 80.356932513000061, 29.044511458000045 ], [ 80.355615826000076, 29.045892583000068 ], [ 80.356152576000056, 29.049283583000033 ], [ 80.353407701000037, 29.052151208000055 ], [ 80.349830889000032, 29.054035709000061 ], [ 80.34550601400008, 29.053847771000051 ], [ 80.344278451000037, 29.054189146000056 ], [ 80.344426201000033, 29.049508833000061 ], [ 80.346157639000069, 29.047516271000063 ], [ 80.346847014000048, 29.044864333000078 ], [ 80.346637889000078, 29.040004020000026 ], [ 80.345605952000085, 29.038160396000023 ], [ 80.346371826000052, 29.03344695800007 ], [ 80.345092951000083, 29.031694646000062 ], [ 80.344544702000064, 29.02964127100006 ], [ 80.341997827000057, 29.026010333000045 ], [ 80.339748326000063, 29.02414264600003 ], [ 80.339016264000065, 29.018677396000044 ], [ 80.339772889000074, 29.014424083000051 ], [ 80.337941389000036, 29.011696709000034 ], [ 80.338269014000048, 29.00957095800004 ], [ 80.339656326000068, 29.006570584000031 ], [ 80.339030077000075, 29.00440627100005 ], [ 80.339540889000034, 29.000000646000046 ], [ 80.337833514000067, 28.996657958000071 ], [ 80.337146264000069, 28.990351395000062 ], [ 80.334603388000062, 28.987185021000073 ], [ 80.333507952000048, 28.985002645000066 ], [ 80.327425764000054, 28.978725583000028 ], [ 80.325391077000063, 28.973499583000034 ], [ 80.322007764000034, 28.969509834000064 ], [ 80.321261014000072, 28.96694558300004 ], [ 80.319601264000084, 28.965103083000031 ], [ 80.319436701000029, 28.963153083000066 ], [ 80.317325389000075, 28.960620208000023 ], [ 80.317671389000054, 28.95705077100007 ], [ 80.315684826000052, 28.95629395800006 ], [ 80.311606014000063, 28.95182214600004 ], [ 80.31237438900007, 28.950583021000057 ], [ 80.314462014000071, 28.949619146000032 ], [ 80.313367889000062, 28.94831408400006 ], [ 80.314896827000041, 28.946772021000072 ], [ 80.313459701000056, 28.945045708000066 ], [ 80.31375657600006, 28.943192771000042 ], [ 80.311112014000059, 28.943468020000068 ], [ 80.311020326000062, 28.941480083000044 ], [ 80.309579201000076, 28.940229645000045 ], [ 80.306372827000075, 28.939525083000035 ], [ 80.30322426400005, 28.936700146000078 ], [ 80.30388638900007, 28.935002583000028 ], [ 80.30213720100005, 28.933827208000025 ], [ 80.298315076000051, 28.934380333000036 ], [ 80.293749639000055, 28.932655458000056 ], [ 80.291902889000085, 28.93306764600004 ], [ 80.290332014000057, 28.931665146000057 ], [ 80.288440076000029, 28.933015521000073 ], [ 80.287109952000037, 28.931348083000046 ], [ 80.283805889000064, 28.930362770000045 ], [ 80.284060702000033, 28.92789833300003 ], [ 80.279646952000064, 28.927899521000029 ], [ 80.271773452000048, 28.925287771000058 ], [ 80.26846295200005, 28.922711521000053 ], [ 80.266385577000051, 28.922894208000059 ], [ 80.261816701000043, 28.918075333000047 ], [ 80.262619451000035, 28.914980021000076 ], [ 80.261000952000074, 28.913597271000071 ], [ 80.258646576000046, 28.914315208000062 ], [ 80.257484514000055, 28.916278333000037 ], [ 80.254900140000075, 28.915025521000075 ], [ 80.250613327000053, 28.915635646000055 ], [ 80.249671265000075, 28.915206333000071 ], [ 80.248832139000058, 28.910982958000034 ], [ 80.246272014000056, 28.909730146000072 ], [ 80.243176764000054, 28.913996896000072 ], [ 80.241587826000057, 28.914554145000068 ], [ 80.239391764000061, 28.913296521000063 ], [ 80.238653576000047, 28.910988958000075 ], [ 80.239622639000061, 28.907046521000041 ], [ 80.240775576000033, 28.905135458000075 ], [ 80.240961513000059, 28.903013646000034 ], [ 80.239086263000047, 28.902024021000045 ], [ 80.236701201000074, 28.899894395000047 ], [ 80.234841826000036, 28.897488021000072 ], [ 80.23301163900004, 28.898066458000073 ], [ 80.231469139000069, 28.897561333000056 ], [ 80.23140776300005, 28.896191520000059 ], [ 80.227702264000072, 28.895157520000055 ], [ 80.227890139000067, 28.897265646000051 ], [ 80.226053076000085, 28.897079146000067 ], [ 80.221902013000033, 28.898476458000061 ], [ 80.220085139000048, 28.898330646000034 ], [ 80.218958826000062, 28.899208458000032 ], [ 80.217639388000066, 28.901824458000078 ], [ 80.217625638000072, 28.903315583000051 ], [ 80.216413076000038, 28.905988583000067 ], [ 80.216324076000035, 28.909602146000054 ], [ 80.218421952000085, 28.911152771000047 ], [ 80.217638826000041, 28.913778771000068 ], [ 80.212535014000082, 28.914716833000057 ], [ 80.210879201000068, 28.913538520000031 ], [ 80.207600326000033, 28.914723958000025 ], [ 80.206656201000044, 28.91799627100005 ], [ 80.207763639000063, 28.919676708000054 ], [ 80.209221138000032, 28.918401646000063 ], [ 80.209676076000051, 28.921984520000024 ], [ 80.205745514000057, 28.924400083000023 ], [ 80.20354132600005, 28.923331271000052 ], [ 80.200471951000054, 28.924025959000062 ], [ 80.196640701000035, 28.923924209000063 ], [ 80.192476388000046, 28.926013083000043 ], [ 80.190996014000063, 28.928167646000077 ], [ 80.190895701000045, 28.929656021000028 ], [ 80.19250088900003, 28.934098520000077 ], [ 80.193726888000072, 28.936237771000037 ], [ 80.193752889000052, 28.938760021000064 ], [ 80.19297713900005, 28.940408958000035 ], [ 80.190778202000047, 28.941805771000077 ], [ 80.187901389000046, 28.944375958000023 ], [ 80.185134514000083, 28.944178771000054 ], [ 80.182633013000043, 28.948244584000065 ], [ 80.180760951000082, 28.946857083000054 ], [ 80.17286295100007, 28.943799395000042 ], [ 80.171804014000031, 28.946418770000037 ], [ 80.17140957600003, 28.949335520000034 ], [ 80.167210014000034, 28.950105895000036 ], [ 80.161248826000076, 28.954871770000068 ], [ 80.15938776400003, 28.956633271000044 ], [ 80.152526701000056, 28.961476583000035 ], [ 80.150527701000044, 28.958535771000072 ], [ 80.150849763000053, 28.955063771000027 ], [ 80.151750638000067, 28.951811834000068 ], [ 80.150610701000062, 28.946992771000055 ], [ 80.149405826000077, 28.945033771000055 ], [ 80.152092201000073, 28.943024896000054 ], [ 80.152425139000059, 28.939972520000026 ], [ 80.152087889000029, 28.935990958000048 ], [ 80.151167451000049, 28.933758458000057 ], [ 80.151946514000031, 28.925197708000042 ], [ 80.151282201000072, 28.923289521000072 ], [ 80.145010452000065, 28.920921708000037 ], [ 80.144219389000057, 28.918071896000072 ], [ 80.142706513000064, 28.91808039600005 ], [ 80.140019451000057, 28.920034958000031 ], [ 80.13662901400005, 28.923279833000038 ], [ 80.133953327000029, 28.926461521000078 ], [ 80.130697201000032, 28.927006770000048 ], [ 80.128856264000035, 28.926320334000025 ], [ 80.128549513000053, 28.923135271000035 ], [ 80.127044889000047, 28.921993021000048 ], [ 80.124854826000046, 28.918960395000056 ], [ 80.123192951000078, 28.917665958000043 ], [ 80.119938077000029, 28.918497458000047 ], [ 80.117721138000036, 28.921253270000079 ], [ 80.115769201000035, 28.921657771000071 ], [ 80.108181826000077, 28.921109208000075 ], [ 80.105615327000066, 28.920631958000058 ], [ 80.102295764000075, 28.919389395000053 ], [ 80.10319688800007, 28.916392833000032 ], [ 80.105661701000031, 28.913205771000037 ], [ 80.107068389000062, 28.909874083000034 ], [ 80.106543701000078, 28.907003333000034 ], [ 80.105387326000084, 28.90447133300006 ], [ 80.103366451000056, 28.90189289500006 ], [ 80.102433327000085, 28.898827646000029 ], [ 80.102359264000029, 28.896151646000078 ], [ 80.100759326000059, 28.892461583000056 ], [ 80.100479888000052, 28.888784771000076 ], [ 80.099352576000058, 28.883626958000036 ], [ 80.099808014000075, 28.881793708000032 ], [ 80.099116888000083, 28.876410958000065 ], [ 80.100681076000058, 28.874506145000055 ], [ 80.10327638800004, 28.872919458000069 ], [ 80.103083076000075, 28.870508833000031 ], [ 80.104682576000073, 28.868723708000061 ], [ 80.105831514000045, 28.864257895000037 ], [ 80.106953639000039, 28.862546270000053 ], [ 80.106947138000066, 28.860940020000044 ], [ 80.105608389000054, 28.858176646000061 ], [ 80.104202576000034, 28.853231333000053 ], [ 80.10288470200004, 28.850255958000048 ], [ 80.101387451000051, 28.845386708000035 ], [ 80.10156720100008, 28.841866395000068 ], [ 80.102175764000037, 28.83881139600004 ], [ 80.101153951000072, 28.834019771000044 ], [ 80.102651576000085, 28.830914270000051 ], [ 80.104885076000073, 28.827795583000068 ], [ 80.107325951000064, 28.828213333000065 ], [ 80.108854139000073, 28.827724833000048 ], [ 80.119788014000051, 28.828764395000064 ], [ 80.132092139000065, 28.819617270000037 ], [ 80.140139701000066, 28.813821333000078 ], [ 80.160531264000042, 28.793941521000079 ], [ 80.171459764000076, 28.78338558300004 ], [ 80.173010264000084, 28.782059521000065 ], [ 80.205455138000048, 28.762886583000068 ], [ 80.217738014000076, 28.755342020000057 ], [ 80.22281120100007, 28.756842145000064 ], [ 80.226754577000065, 28.75719639600004 ], [ 80.227619827000069, 28.758902396000053 ], [ 80.227679576000071, 28.761571583000034 ], [ 80.227135514000054, 28.764388521000058 ], [ 80.226075452000032, 28.766137583000045 ], [ 80.223569327000064, 28.768266396000058 ], [ 80.221079951000036, 28.772475333000045 ], [ 80.220121577000043, 28.777220895000028 ], [ 80.220369514000083, 28.782790146000025 ], [ 80.222388077000062, 28.787753708000025 ], [ 80.223659514000076, 28.788634083000034 ], [ 80.227283451000062, 28.789099270000065 ], [ 80.235671389000061, 28.792131771000072 ], [ 80.23568926400003, 28.793810271000041 ], [ 80.236715952000054, 28.797854333000032 ], [ 80.238495076000049, 28.803350958000067 ], [ 80.240742702000034, 28.801849833000063 ], [ 80.243591889000072, 28.801626708000072 ], [ 80.245277577000081, 28.800467520000041 ], [ 80.247219514000051, 28.800758145000032 ], [ 80.248968639000054, 28.799901521000038 ], [ 80.256322389000047, 28.797602771000072 ], [ 80.257520577000037, 28.796677646000035 ], [ 80.265230577000068, 28.797807208000052 ], [ 80.271720076000065, 28.79551639500005 ], [ 80.28580695100004, 28.789416958000061 ], [ 80.292311952000034, 28.786953770000025 ], [ 80.297620701000085, 28.784599146000062 ], [ 80.315292077000038, 28.777987271000029 ], [ 80.316036264000047, 28.777307458000053 ], [ 80.316382701000066, 28.764472396000031 ], [ 80.316291263000039, 28.761166896000077 ], [ 80.316667076000044, 28.756699583000056 ], [ 80.317232576000038, 28.754468958000075 ], [ 80.317317514000081, 28.745695708000028 ], [ 80.319522951000067, 28.74451339500007 ], [ 80.326648076000083, 28.743190895000055 ], [ 80.331321826000078, 28.738632083000027 ], [ 80.332824826000035, 28.737960458000032 ], [ 80.340789638000047, 28.737663395000027 ], [ 80.344935138000039, 28.738242958000058 ], [ 80.346134951000067, 28.737490770000079 ], [ 80.34803082600007, 28.733206708000068 ], [ 80.350499326000033, 28.733004270000038 ], [ 80.358908451000048, 28.735004895000031 ], [ 80.363043951000066, 28.737975333000065 ], [ 80.365433388000042, 28.742133208000041 ], [ 80.362075263000065, 28.749061521000044 ], [ 80.35928670100003, 28.753303208000034 ], [ 80.357163701000047, 28.753347271000052 ], [ 80.355178201000058, 28.753829645000053 ], [ 80.354005014000052, 28.756222208000054 ], [ 80.351201889000038, 28.759473271000047 ], [ 80.350842014000079, 28.762447208000026 ], [ 80.347612389000062, 28.765314896000064 ], [ 80.345043388000079, 28.769318208000072 ], [ 80.343616076000046, 28.769629395000038 ], [ 80.343232826000076, 28.771078145000047 ], [ 80.343945201000054, 28.77293833300007 ], [ 80.346062076000067, 28.772711708000031 ], [ 80.345169576000046, 28.775337896000053 ], [ 80.343583576000071, 28.776295770000047 ], [ 80.342064201000085, 28.780924521000031 ], [ 80.340235514000085, 28.782395583000039 ], [ 80.341646326000046, 28.783555271000068 ], [ 80.342636951000031, 28.785610833000078 ], [ 80.344628513000032, 28.785038458000031 ], [ 80.344790014000068, 28.787924708000048 ], [ 80.347596514000031, 28.79719245800004 ], [ 80.351018201000045, 28.807300208000072 ], [ 80.354114264000032, 28.810800583000059 ], [ 80.353780639000036, 28.814580083000067 ], [ 80.356395826000039, 28.816189895000036 ], [ 80.35612463800004, 28.817181208000079 ], [ 80.353424264000068, 28.81899114600003 ], [ 80.351196014000038, 28.821071833000076 ], [ 80.353006263000054, 28.823151520000067 ], [ 80.352360576000081, 28.824711833000038 ], [ 80.349731889000054, 28.825969333000046 ], [ 80.350209826000082, 28.827501208000058 ], [ 80.347196951000058, 28.828373271000032 ], [ 80.346491451000077, 28.831291395000051 ], [ 80.347398951000059, 28.832999083000061 ], [ 80.344755138000039, 28.836223645000075 ], [ 80.349071201000072, 28.839053271000068 ], [ 80.349816326000052, 28.840263833000051 ], [ 80.349024514000064, 28.841823458000079 ], [ 80.346962013000052, 28.842970895000065 ], [ 80.344369138000047, 28.843025896000029 ], [ 80.34119032600006, 28.841891458000077 ], [ 80.340133764000029, 28.842836083000066 ], [ 80.341209764000041, 28.847547333000023 ], [ 80.340575326000078, 28.84930620800003 ], [ 80.338498513000047, 28.850408208000033 ], [ 80.336158388000058, 28.850789270000064 ], [ 80.33615995100007, 28.84857164500005 ], [ 80.33439157600003, 28.848059896000052 ], [ 80.332392514000048, 28.848864396000067 ], [ 80.332043888000044, 28.853239271000064 ], [ 80.328783138000063, 28.856557458000054 ], [ 80.326537264000081, 28.860131083000056 ], [ 80.325878451000051, 28.863089896000076 ], [ 80.324777264000033, 28.864839521000079 ], [ 80.324581076000072, 28.867035895000072 ], [ 80.325487951000071, 28.869337020000046 ], [ 80.324231576000045, 28.871446896000066 ], [ 80.326584263000029, 28.874256083000034 ], [ 80.324513951000085, 28.877717708000034 ], [ 80.322101263000036, 28.879842020000069 ], [ 80.316504326000029, 28.882692396000039 ], [ 80.316322451000076, 28.884333833000028 ], [ 80.318351950000078, 28.885129208000023 ], [ 80.320031451000034, 28.886664959000029 ], [ 80.319649764000076, 28.889241645000027 ], [ 80.321496576000072, 28.891888208000069 ], [ 80.321139326000036, 28.893948396000042 ], [ 80.319610576000059, 28.896632083000043 ], [ 80.318758701000036, 28.905031271000041 ], [ 80.32112001400003, 28.905386146000069 ], [ 80.320111389000033, 28.906815833000053 ], [ 80.322298826000065, 28.907246458000031 ], [ 80.320085639000069, 28.91312345800003 ], [ 80.321689263000053, 28.913302958000031 ], [ 80.324469763000081, 28.915609020000034 ], [ 80.326072888000056, 28.915885521000064 ], [ 80.327779263000082, 28.913962896000044 ], [ 80.329742076000059, 28.915407520000031 ], [ 80.329667889000063, 28.916629895000028 ], [ 80.332357076000051, 28.91668158400006 ], [ 80.332989826000073, 28.918976833000045 ], [ 80.334853701000043, 28.918776208000054 ], [ 80.335551888000055, 28.920823584000061 ], [ 80.337351889000047, 28.92039477000003 ], [ 80.338543451000078, 28.921481270000072 ], [ 80.337575013000048, 28.925077083000076 ], [ 80.337958638000032, 28.925843708000059 ], [ 80.341840263000051, 28.927868333000049 ], [ 80.341350764000083, 28.932224458000064 ], [ 80.341853763000074, 28.937041208000039 ], [ 80.338185826000085, 28.938018084000078 ], [ 80.338088326000047, 28.939393770000038 ], [ 80.34073988800003, 28.940916083000047 ], [ 80.340222263000044, 28.943379271000026 ], [ 80.338988201000063, 28.946010458000046 ], [ 80.340687639000066, 28.947453583000026 ], [ 80.343285389000073, 28.947637645000043 ], [ 80.345408951000081, 28.94864295800005 ], [ 80.34654413800007, 28.946410583000045 ], [ 80.347994701000061, 28.946512333000044 ], [ 80.350233576000051, 28.948242208000067 ], [ 80.350192326000069, 28.950689771000043 ], [ 80.352346701000045, 28.949439020000057 ], [ 80.354374514000085, 28.950497833000043 ], [ 80.35492501300007, 28.952106708000031 ], [ 80.357725389000052, 28.954087333000075 ], [ 80.360301638000067, 28.957023333000052 ], [ 80.36109070100008, 28.958861209000077 ], [ 80.360993888000053, 28.961364958000047 ], [ 80.358337888000051, 28.964524145000041 ], [ 80.358782451000081, 28.967010083000048 ], [ 80.357541639000033, 28.968418646000032 ], [ 80.355639263000057, 28.97257408300004 ], [ 80.357209576000059, 28.975295521000078 ], [ 80.356896514000084, 28.977586083000062 ], [ 80.358020451000073, 28.983168208000052 ], [ 80.358815764000042, 28.984642896000025 ], [ 80.358979014000056, 28.986937958000055 ], [ 80.359815513000058, 28.988909146000026 ], [ 80.363686138000048, 28.995747333000054 ], [ 80.367904639000074, 29.000055833000033 ], [ 80.370847826000045, 29.004019834000076 ], [ 80.373645826000029, 29.005663958000071 ], [ 80.37526932600008, 29.007968083000037 ], [ 80.375288763000071, 29.009587896000028 ], [ 80.376323513000045, 29.011438084000076 ], [ 80.376867076000053, 29.018524396000032 ], [ 80.378441451000072, 29.018906146000063 ], [ 80.379494514000044, 29.022437083000057 ], [ 80.382351639000035, 29.026486146000025 ], [ 80.382612013000085, 29.028772583000034 ], [ 80.383733889000041, 29.030923146000077 ], [ 80.38508282600003, 29.032111458000031 ], [ 80.386285263000048, 29.035620458000039 ], [ 80.385588326000061, 29.036970833000055 ], [ 80.381947263000029, 29.038837896000075 ], [ 80.380164514000057, 29.040902895000045 ], [ 80.379184889000044, 29.043458895000072 ] ] ] } },
{ "type": "Feature", "properties": { "STATE_CODE": 7, "DISTRICT": "DADELDHURA", "GaPa_NaPa": "Ajaymeru", "Type_GN": "Gaunpalika", "Province": "Sudur Pashchim" }, "geometry": { "type": "Polygon", "coordinates": [ [ [ 80.62491870100007, 29.389815021000061 ], [ 80.624392138000076, 29.392913083000053 ], [ 80.622899952000068, 29.394131583000046 ], [ 80.617313951000085, 29.396538458000066 ], [ 80.613034576000075, 29.395592209000029 ], [ 80.607812513000056, 29.396804146000079 ], [ 80.602542514000049, 29.396682458000043 ], [ 80.599214201000052, 29.397119209000039 ], [ 80.596416451000039, 29.396952834000047 ], [ 80.593499889000043, 29.396059646000026 ], [ 80.583178138000051, 29.396679709000068 ], [ 80.583288701000072, 29.399272084000074 ], [ 80.582236014000046, 29.401143397000055 ], [ 80.580393576000063, 29.40609377100003 ], [ 80.578257013000041, 29.409076084000048 ], [ 80.577996451000047, 29.411818334000031 ], [ 80.57345138800008, 29.414359771000079 ], [ 80.566643701000032, 29.415770271000042 ], [ 80.563595826000039, 29.415011396000068 ], [ 80.558076264000078, 29.417258083000036 ], [ 80.555340326000078, 29.417436209000073 ], [ 80.554086263000045, 29.418512583000052 ], [ 80.55198763900006, 29.418180709000069 ], [ 80.550602889000061, 29.415053959000034 ], [ 80.549502763000078, 29.411377709000078 ], [ 80.549794076000069, 29.409091146000037 ], [ 80.549153263000051, 29.405116458000066 ], [ 80.549063389000082, 29.402138458000024 ], [ 80.549630138000055, 29.398711459000026 ], [ 80.544492139000056, 29.398574396000072 ], [ 80.538857451000069, 29.393316896000044 ], [ 80.533752826000068, 29.391993021000076 ], [ 80.53063032600005, 29.39178127200006 ], [ 80.524871326000039, 29.39230002100004 ], [ 80.52414888900006, 29.392766646000041 ], [ 80.517990139000062, 29.392345271000067 ], [ 80.511898138000049, 29.394619583000065 ], [ 80.509295576000056, 29.394364146000044 ], [ 80.504234889000031, 29.398850333000041 ], [ 80.50110632600007, 29.397424271000034 ], [ 80.497281889000078, 29.396839209000063 ], [ 80.491518701000075, 29.394367522000039 ], [ 80.488894263000077, 29.392448958000045 ], [ 80.487888076000047, 29.390816334000078 ], [ 80.48409663800004, 29.386835959000052 ], [ 80.481503888000077, 29.385702459000072 ], [ 80.478798451000046, 29.387803396000038 ], [ 80.470801952000045, 29.391500834000055 ], [ 80.469193951000079, 29.390923709000049 ], [ 80.465807451000046, 29.392162146000032 ], [ 80.46332076300007, 29.39414858400005 ], [ 80.459520889000032, 29.396055271000023 ], [ 80.456535326000051, 29.393300021000073 ], [ 80.453862326000035, 29.392454396000062 ], [ 80.452209763000042, 29.392939396000031 ], [ 80.450172576000057, 29.394577771000058 ], [ 80.447416201000067, 29.393314396000051 ], [ 80.446575326000072, 29.39227095900003 ], [ 80.447069826000074, 29.388891458000046 ], [ 80.44394438900008, 29.388858147000064 ], [ 80.443723951000038, 29.387242084000036 ], [ 80.44180801400006, 29.387840896000057 ], [ 80.439592076000054, 29.393299771000045 ], [ 80.437897701000054, 29.394043834000058 ], [ 80.435649388000058, 29.392958271000055 ], [ 80.432820451000055, 29.392504146000078 ], [ 80.432400639000036, 29.389944209000078 ], [ 80.430694514000038, 29.388703021000026 ], [ 80.43075938800007, 29.387164771000073 ], [ 80.427117451000072, 29.385141459000067 ], [ 80.426281952000068, 29.37978927100005 ], [ 80.423918139000079, 29.378118771000061 ], [ 80.421113013000081, 29.378438209000024 ], [ 80.419669201000033, 29.376189646000057 ], [ 80.420096576000049, 29.374071021000077 ], [ 80.417443826000067, 29.37371427100004 ], [ 80.418270702000029, 29.37041083400004 ], [ 80.420291701000053, 29.369399958000031 ], [ 80.420799326000065, 29.368217896000033 ], [ 80.418932138000059, 29.36691264600006 ], [ 80.419642013000043, 29.364134271000069 ], [ 80.419549639000081, 29.361575708000032 ], [ 80.416114701000083, 29.356006833000038 ], [ 80.414692701000035, 29.356731459000059 ], [ 80.413921201000051, 29.359299771000053 ], [ 80.411932014000058, 29.35977377100005 ], [ 80.410556576000033, 29.358310396000036 ], [ 80.407586201000072, 29.356621146000066 ], [ 80.409793076000085, 29.354621021000071 ], [ 80.405613888000062, 29.351593083000068 ], [ 80.404617763000033, 29.349253834000024 ], [ 80.406571513000074, 29.347803021000061 ], [ 80.408267076000072, 29.348873021000031 ], [ 80.411033701000065, 29.347382896000056 ], [ 80.412146951000068, 29.344274708000057 ], [ 80.415218639000045, 29.34292339600006 ], [ 80.41780282600007, 29.345580833000042 ], [ 80.419353576000049, 29.345400271000074 ], [ 80.423127076000071, 29.34345195800006 ], [ 80.425037639000038, 29.342007333000026 ], [ 80.425611451000066, 29.34000883300007 ], [ 80.42789407600003, 29.339179459000036 ], [ 80.430145826000057, 29.341172021000034 ], [ 80.43186313800004, 29.33995214600003 ], [ 80.430183451000062, 29.338110958000073 ], [ 80.431780952000054, 29.334824209000033 ], [ 80.433970826000063, 29.336482584000066 ], [ 80.435934201000066, 29.336969146000058 ], [ 80.438390764000076, 29.33568002100003 ], [ 80.439476763000073, 29.333410771000047 ], [ 80.440487826000037, 29.333076646000052 ], [ 80.444332201000066, 29.333573146000049 ], [ 80.445751014000052, 29.332164646000024 ], [ 80.448583826000061, 29.331116209000072 ], [ 80.449332389000062, 29.329253583000025 ], [ 80.450751014000048, 29.328866896000079 ], [ 80.45155651400006, 29.327121896000051 ], [ 80.454182888000048, 29.327647084000034 ], [ 80.455764826000063, 29.326512021000042 ], [ 80.460023701000068, 29.326102958000035 ], [ 80.464226389000032, 29.32436933300005 ], [ 80.466621951000036, 29.325405333000049 ], [ 80.467137076000085, 29.326961708000056 ], [ 80.470117263000077, 29.327591709000046 ], [ 80.47237782600007, 29.327117896000061 ], [ 80.474174263000066, 29.329475583000033 ], [ 80.476640513000063, 29.32886714600005 ], [ 80.477804076000041, 29.32989139600005 ], [ 80.483784326000034, 29.329551459000072 ], [ 80.485726451000062, 29.331363646000057 ], [ 80.488182701000085, 29.329394708000052 ], [ 80.48848595100003, 29.326797084000077 ], [ 80.490104202000055, 29.32540014600005 ], [ 80.490200764000065, 29.324101083000073 ], [ 80.488828701000045, 29.320921834000046 ], [ 80.489321701000051, 29.317034584000055 ], [ 80.491126263000069, 29.315796209000041 ], [ 80.491020763000051, 29.314557333000039 ], [ 80.49361826300003, 29.311699959000066 ], [ 80.494680513000048, 29.31330564600006 ], [ 80.49599351300003, 29.311824021000064 ], [ 80.497360326000035, 29.31175470900007 ], [ 80.499453764000066, 29.315229896000062 ], [ 80.500969826000073, 29.313602271000036 ], [ 80.499697326000046, 29.312604958000065 ], [ 80.499755639000057, 29.311136584000053 ], [ 80.501775264000059, 29.309740959000067 ], [ 80.507671701000049, 29.310940396000035 ], [ 80.508317139000042, 29.311878959000069 ], [ 80.506961764000039, 29.313444084000025 ], [ 80.510436514000048, 29.313165833000028 ], [ 80.510409639000045, 29.31043164600004 ], [ 80.511344201000043, 29.310261333000028 ], [ 80.512630138000077, 29.312923458000057 ], [ 80.51252738800008, 29.315503833000037 ], [ 80.515831451000054, 29.31609108400005 ], [ 80.51658388900006, 29.312376146000076 ], [ 80.519841576000033, 29.315713083000048 ], [ 80.520890264000059, 29.318241146000048 ], [ 80.524095513000077, 29.315877146000048 ], [ 80.526082388000077, 29.310240021000027 ], [ 80.527388388000077, 29.309687396000072 ], [ 80.529207388000032, 29.310420271000055 ], [ 80.528652514000044, 29.312484708000056 ], [ 80.526622263000036, 29.314431084000034 ], [ 80.529374951000079, 29.315203334000046 ], [ 80.529474951000054, 29.316618084000027 ], [ 80.531447638000031, 29.317141646000039 ], [ 80.532938389000037, 29.318349271000045 ], [ 80.536372451000034, 29.317688958000076 ], [ 80.53925332600005, 29.318826896000076 ], [ 80.540475263000076, 29.317718958000057 ], [ 80.542495388000077, 29.317477771000028 ], [ 80.544455638000045, 29.316318146000071 ], [ 80.54426845100005, 29.314941396000052 ], [ 80.547098389000041, 29.313480209000033 ], [ 80.545303139000055, 29.312361958000054 ], [ 80.54576638900005, 29.311064146000035 ], [ 80.548977514000057, 29.311287084000071 ], [ 80.549333326000067, 29.313641146000066 ], [ 80.551222451000058, 29.313478333000035 ], [ 80.552040701000067, 29.310821396000051 ], [ 80.553150263000077, 29.310328834000074 ], [ 80.554959451000059, 29.312861459000032 ], [ 80.557100701000081, 29.314228896000031 ], [ 80.558974576000082, 29.31685870900003 ], [ 80.560880388000044, 29.31770414600004 ], [ 80.563725638000051, 29.317447271000049 ], [ 80.564566452000065, 29.318575709000072 ], [ 80.569755764000035, 29.318421084000079 ], [ 80.572025014000076, 29.324429146000057 ], [ 80.574145951000048, 29.325660834000075 ], [ 80.576841078000029, 29.325114457000041 ], [ 80.580738576000044, 29.327114146000042 ], [ 80.581724571000052, 29.329562648000035 ], [ 80.586562076000064, 29.335937085000069 ], [ 80.591397638000046, 29.338677088000054 ], [ 80.594886826000049, 29.341415084000062 ], [ 80.595960265000031, 29.346622708000041 ], [ 80.595997891000081, 29.348914826000055 ], [ 80.597553830000038, 29.352107082000032 ], [ 80.59920745800008, 29.350925459000052 ], [ 80.601953888000082, 29.355779334000033 ], [ 80.604123549000064, 29.356755821000036 ], [ 80.604726695000068, 29.358952585000054 ], [ 80.607520822000083, 29.362146148000079 ], [ 80.607947077000063, 29.365659830000027 ], [ 80.613105321000035, 29.370687460000056 ], [ 80.616597892000073, 29.372793271000035 ], [ 80.618433379000066, 29.374937093000028 ], [ 80.618880328000046, 29.376905521000026 ], [ 80.618356013000039, 29.378670397000064 ], [ 80.620759763000081, 29.380337584000074 ], [ 80.623310079000078, 29.383852771000079 ], [ 80.62491870100007, 29.389815021000061 ] ] ] } },
{ "type": "Feature", "properties": { "STATE_CODE": 7, "DISTRICT": "DADELDHURA", "GaPa_NaPa": "Alital", "Type_GN": "Gaunpalika", "Province": "Sudur Pashchim" }, "geometry": { "type": "Polygon", "coordinates": [ [ [ 80.48101932600008, 29.235557958000072 ], [ 80.479143951000083, 29.234905459000061 ], [ 80.47714501300004, 29.235127771000066 ], [ 80.47417157700005, 29.236460646000069 ], [ 80.470099388000051, 29.235932458000036 ], [ 80.465421701000082, 29.236288333000061 ], [ 80.464872513000046, 29.235309333000032 ], [ 80.461635326000078, 29.233931521000045 ], [ 80.460025201000064, 29.232706771000039 ], [ 80.460134263000043, 29.228646646000072 ], [ 80.458990263000032, 29.225486021000052 ], [ 80.458030951000069, 29.224385771000073 ], [ 80.457672888000047, 29.22102527100003 ], [ 80.454121451000049, 29.215292021000039 ], [ 80.450226951000047, 29.211996083000031 ], [ 80.450462701000049, 29.209499709000056 ], [ 80.448349638000082, 29.206316959000048 ], [ 80.452063701000043, 29.204859146000047 ], [ 80.452720076000048, 29.202190833000031 ], [ 80.454102076000083, 29.200145833000079 ], [ 80.452575201000059, 29.198249146000023 ], [ 80.45157432600007, 29.194867896000062 ], [ 80.452255576000084, 29.190825833000076 ], [ 80.454224513000042, 29.188672709000059 ], [ 80.456255763000058, 29.189066771000057 ], [ 80.457070764000036, 29.187186396000072 ], [ 80.457499451000047, 29.183883209000044 ], [ 80.459270763000063, 29.183143646000076 ], [ 80.461968201000047, 29.179317146000074 ], [ 80.455865764000066, 29.177167458000042 ], [ 80.45205670100006, 29.173228833000053 ], [ 80.450044888000036, 29.172990521000031 ], [ 80.448219638000069, 29.169655521000038 ], [ 80.445069513000078, 29.166669209000077 ], [ 80.442285326000047, 29.16586127100004 ], [ 80.440708013000062, 29.164519208000058 ], [ 80.439334263000035, 29.16165520800007 ], [ 80.439098389000037, 29.159362208000061 ], [ 80.435573514000055, 29.155683771000042 ], [ 80.434999451000067, 29.151857521000068 ], [ 80.437170389000073, 29.149522771000079 ], [ 80.438082701000042, 29.144037958000069 ], [ 80.437443701000063, 29.142460583000059 ], [ 80.43472326300008, 29.140982833000066 ], [ 80.432754514000067, 29.140875209000058 ], [ 80.431417451000073, 29.139554333000035 ], [ 80.431509952000056, 29.136114458000065 ], [ 80.43206420100006, 29.134442896000053 ], [ 80.432380138000042, 29.129630083000052 ], [ 80.430982326000048, 29.128099146000068 ], [ 80.431522014000052, 29.125049145000048 ], [ 80.432420888000081, 29.123367708000046 ], [ 80.433147889000054, 29.120277958000031 ], [ 80.433219326000085, 29.11639133400007 ], [ 80.434754951000059, 29.113169520000042 ], [ 80.43449126400003, 29.109182146000023 ], [ 80.432930639000062, 29.104550896000035 ], [ 80.431131451000056, 29.103570958000034 ], [ 80.430153388000065, 29.101004021000051 ], [ 80.431637014000046, 29.097876833000043 ], [ 80.432779763000042, 29.096528084000056 ], [ 80.433980826000038, 29.092957521000073 ], [ 80.436301889000049, 29.09159564600003 ], [ 80.438471139000058, 29.091160333000062 ], [ 80.438968764000037, 29.08951333300007 ], [ 80.435991139000066, 29.085814584000047 ], [ 80.43606370100008, 29.084107146000065 ], [ 80.434792263000077, 29.081299896000075 ], [ 80.435652701000038, 29.078758896000068 ], [ 80.434347389000038, 29.074769333000063 ], [ 80.434456576000059, 29.072055896000052 ], [ 80.432306138000058, 29.070298458000025 ], [ 80.428458764000084, 29.068475083000067 ], [ 80.428499138000063, 29.065695896000079 ], [ 80.427626951000036, 29.05879802000004 ], [ 80.430493139000077, 29.058679334000033 ], [ 80.43314870100005, 29.057934833000047 ], [ 80.436946263000038, 29.058063646000051 ], [ 80.437358951000078, 29.059310646000029 ], [ 80.439854013000058, 29.059936958000037 ], [ 80.441884452000068, 29.059523520000027 ], [ 80.44155538800004, 29.061620208000079 ], [ 80.443268826000065, 29.062843271000077 ], [ 80.445052014000055, 29.06246939600004 ], [ 80.446311389000073, 29.061112084000058 ], [ 80.447659013000077, 29.061388271000055 ], [ 80.44915807600006, 29.059842333000063 ], [ 80.453686951000066, 29.059777396000072 ], [ 80.456093951000071, 29.058796771000061 ], [ 80.460314201000074, 29.058883771000069 ], [ 80.463787388000071, 29.058381021000059 ], [ 80.467371014000037, 29.056926646000079 ], [ 80.471451701000035, 29.055799021000041 ], [ 80.474873951000063, 29.053098521000038 ], [ 80.477993389000062, 29.053318208000064 ], [ 80.484610014000054, 29.048874709000074 ], [ 80.48747288800007, 29.047552396000071 ], [ 80.485041201000058, 29.042266396000059 ], [ 80.484976764000066, 29.037718083000073 ], [ 80.48666307600007, 29.035069271000054 ], [ 80.486615576000077, 29.033573334000039 ], [ 80.485450701000048, 29.031786708000027 ], [ 80.486142889000064, 29.024511521000079 ], [ 80.488784826000085, 29.021250458000054 ], [ 80.49340232600008, 29.017541021000056 ], [ 80.493530514000042, 29.016131521000034 ], [ 80.492114451000077, 29.01328589600007 ], [ 80.491927701000066, 29.009089084000038 ], [ 80.489723326000046, 29.006630709000035 ], [ 80.486582014000078, 29.00617658300007 ], [ 80.48307657600003, 29.00643608300004 ], [ 80.478360639000073, 29.007545896000067 ], [ 80.476753638000048, 29.004877584000042 ], [ 80.474706638000043, 29.004057458000034 ], [ 80.474376076000055, 29.001994209000031 ], [ 80.474973014000057, 28.999999958000046 ], [ 80.473455889000036, 28.996774771000048 ], [ 80.476633014000072, 28.994693583000071 ], [ 80.478882451000061, 28.993948833000047 ], [ 80.481392826000047, 28.993872896000028 ], [ 80.48323920100006, 28.996756333000064 ], [ 80.487354888000084, 28.998168521000025 ], [ 80.488411264000035, 28.996392583000045 ], [ 80.489945639000041, 28.995322271000077 ], [ 80.495744951000063, 28.994252270000061 ], [ 80.497847326000056, 28.994959521000055 ], [ 80.501401201000078, 28.993283021000025 ], [ 80.503087389000029, 28.993284708000033 ], [ 80.50489751300006, 28.995504521000043 ], [ 80.50638745100008, 28.996383084000058 ], [ 80.510732764000068, 28.996631333000039 ], [ 80.513327889000038, 28.996419646000049 ], [ 80.51780057600007, 28.997775833000048 ], [ 80.520672826000066, 28.999227708000035 ], [ 80.520231763000083, 29.003609459000074 ], [ 80.522474576000036, 29.004693583000062 ], [ 80.523750513000039, 29.006284083000025 ], [ 80.527748450000047, 29.009221958000069 ], [ 80.531465639000032, 29.010597583000049 ], [ 80.533363889000043, 29.012318770000036 ], [ 80.53716126300003, 29.013944895000066 ], [ 80.537801763000061, 29.01709420800006 ], [ 80.535398326000063, 29.020330083000033 ], [ 80.535637326000085, 29.022354521000068 ], [ 80.534860826000056, 29.024350645000027 ], [ 80.536019201000045, 29.025563833000035 ], [ 80.535893201000079, 29.02969639500003 ], [ 80.537970701000063, 29.031970833000059 ], [ 80.544055638000032, 29.036711146000073 ], [ 80.545152576000078, 29.036107958000059 ], [ 80.54855770100005, 29.038598771000068 ], [ 80.548257013000068, 29.044434021000029 ], [ 80.546642075000079, 29.047068146000072 ], [ 80.546343576000083, 29.049347896000029 ], [ 80.550692076000075, 29.051027396000052 ], [ 80.552552138000067, 29.052768459000049 ], [ 80.55359132600006, 29.054651146000026 ], [ 80.556880139000043, 29.056378896000069 ], [ 80.558914638000033, 29.058194833000073 ], [ 80.560969889000035, 29.061808896000059 ], [ 80.562806326000043, 29.068093270000077 ], [ 80.563673763000054, 29.072953208000058 ], [ 80.561478138000041, 29.074200333000078 ], [ 80.560656951000055, 29.076040834000025 ], [ 80.557506826000065, 29.077298334000034 ], [ 80.553097014000059, 29.078395958000044 ], [ 80.549261201000036, 29.080271396000057 ], [ 80.545806514000049, 29.081455396000024 ], [ 80.542581513000073, 29.083316896000042 ], [ 80.538685076000036, 29.086121208000066 ], [ 80.535400576000029, 29.088929896000025 ], [ 80.533134139000083, 29.089587583000025 ], [ 80.533282264000036, 29.091476271000033 ], [ 80.53179876300004, 29.09420758300007 ], [ 80.53192363800008, 29.095275083000047 ], [ 80.530268014000058, 29.098064458000067 ], [ 80.52938032600008, 29.101282834000074 ], [ 80.528069889000051, 29.102426584000057 ], [ 80.528383513000051, 29.105897270000071 ], [ 80.530662138000082, 29.105469896000045 ], [ 80.534271326000066, 29.106646521000073 ], [ 80.540945451000084, 29.107556145000046 ], [ 80.546408076000034, 29.111211334000075 ], [ 80.549937888000045, 29.112046646000067 ], [ 80.551612014000057, 29.11364952100007 ], [ 80.558868201000053, 29.116807083000026 ], [ 80.560879951000061, 29.116324146000068 ], [ 80.564825701000075, 29.118796021000037 ], [ 80.56762176400008, 29.118473459000029 ], [ 80.568609513000069, 29.119187271000044 ], [ 80.570449951000057, 29.123080208000033 ], [ 80.571482076000052, 29.126359146000027 ], [ 80.573852764000037, 29.130158958000038 ], [ 80.572644701000058, 29.132747208000069 ], [ 80.570838201000072, 29.134383771000046 ], [ 80.56827620100006, 29.134634958000049 ], [ 80.566459701000042, 29.135432334000029 ], [ 80.568056763000072, 29.138112958000079 ], [ 80.567180326000084, 29.14121433300005 ], [ 80.567621201000065, 29.143557458000032 ], [ 80.569136326000034, 29.144825646000072 ], [ 80.571832263000033, 29.144859084000075 ], [ 80.576606451000032, 29.145966208000061 ], [ 80.577537826000082, 29.147505396000042 ], [ 80.583578763000048, 29.147262646000058 ], [ 80.590367076000064, 29.147339959000078 ], [ 80.593362264000064, 29.148574021000059 ], [ 80.59416370100007, 29.151870146000078 ], [ 80.59556038900007, 29.154035521000026 ], [ 80.592877263000048, 29.157036958000049 ], [ 80.593576576000032, 29.159094209000045 ], [ 80.593841514000076, 29.16298652100005 ], [ 80.596167576000084, 29.164626896000073 ], [ 80.59735345100006, 29.167348896000078 ], [ 80.600478951000071, 29.170378959000061 ], [ 80.60213557600008, 29.170652333000078 ], [ 80.605435889000034, 29.170050709000066 ], [ 80.607092326000043, 29.170283459000075 ], [ 80.610205326000084, 29.174080271000037 ], [ 80.612303326000074, 29.174844396000026 ], [ 80.617712013000073, 29.179498146000071 ], [ 80.621364261000053, 29.181033575000072 ], [ 80.620794013000079, 29.182471271000054 ], [ 80.621375263000061, 29.185563525000077 ], [ 80.621133142000076, 29.187171336000063 ], [ 80.619561263000037, 29.188581333000059 ], [ 80.618519513000081, 29.190633581000043 ], [ 80.618995392000045, 29.192216336000058 ], [ 80.616230956000038, 29.193999653000049 ], [ 80.614629826000055, 29.198371583000039 ], [ 80.611739826000075, 29.201690769000038 ], [ 80.609491456000057, 29.200946523000027 ], [ 80.607360764000077, 29.202393146000077 ], [ 80.607046581000077, 29.208334336000064 ], [ 80.607789137000054, 29.211368517000039 ], [ 80.610809762000031, 29.215528266000035 ], [ 80.609951138000042, 29.217639582000061 ], [ 80.607090332000041, 29.218183896000028 ], [ 80.606469763000064, 29.220234959000038 ], [ 80.604522139000039, 29.222205396000049 ], [ 80.60322433500005, 29.222618958000055 ], [ 80.600356638000051, 29.224137646000031 ], [ 80.596309826000038, 29.224141333000034 ], [ 80.593007263000061, 29.222989771000073 ], [ 80.588104451000049, 29.222561959000075 ], [ 80.583433576000061, 29.223165646000041 ], [ 80.58042620100008, 29.224396959000046 ], [ 80.577622451000082, 29.224652083000024 ], [ 80.569967388000066, 29.226556521000077 ], [ 80.56771832700008, 29.22914133300003 ], [ 80.565809826000077, 29.229617958000063 ], [ 80.564437076000047, 29.231046021000054 ], [ 80.563621076000061, 29.234846833000063 ], [ 80.561276951000082, 29.233702146000041 ], [ 80.558739701000036, 29.231196521000072 ], [ 80.55399488900008, 29.234097709000025 ], [ 80.549298451000084, 29.234275958000069 ], [ 80.545280639000055, 29.231690583000045 ], [ 80.543389201000082, 29.231765396000071 ], [ 80.538319576000049, 29.229864271000054 ], [ 80.53705526300007, 29.228039396000042 ], [ 80.532221826000068, 29.225795959000038 ], [ 80.529561951000062, 29.226686771000061 ], [ 80.527279326000041, 29.226615521000042 ], [ 80.525399264000043, 29.227346646000058 ], [ 80.523114264000071, 29.227083521000054 ], [ 80.515862638000044, 29.229491646000042 ], [ 80.514808326000036, 29.228698209000072 ], [ 80.510163014000057, 29.227765396000052 ], [ 80.50751626300007, 29.228342146000045 ], [ 80.50381182600006, 29.231301833000032 ], [ 80.498245514000075, 29.232727083000043 ], [ 80.493656076000036, 29.233490396000036 ], [ 80.489315013000066, 29.233701708000069 ], [ 80.485251451000067, 29.235364521000065 ], [ 80.48101932600008, 29.235557958000072 ] ] ] } },
{ "type": "Feature", "properties": { "STATE_CODE": 7, "DISTRICT": "DADELDHURA", "GaPa_NaPa": "Amargadhi", "Type_GN": "Nagarpalika", "Province": "Sudur Pashchim" }, "geometry": { "type": "Polygon", "coordinates": [ [ [ 80.670587516000069, 29.305255959000078 ], [ 80.666471020000074, 29.30719483300004 ], [ 80.666263513000047, 29.309260709000057 ], [ 80.66514064200004, 29.311423586000046 ], [ 80.66277113700005, 29.312236521000045 ], [ 80.660878076000074, 29.309838271000046 ], [ 80.657721576000085, 29.311612334000074 ], [ 80.65520163900004, 29.312345771000025 ], [ 80.653591951000067, 29.311563334000027 ], [ 80.650984326000071, 29.311506896000026 ], [ 80.647247701000083, 29.313019833000055 ], [ 80.645022701000073, 29.313300459000061 ], [ 80.643484639000064, 29.314704021000068 ], [ 80.641831514000046, 29.313831084000071 ], [ 80.640512388000047, 29.315183334000039 ], [ 80.638532205000047, 29.316005897000025 ], [ 80.638296763000085, 29.317532518000064 ], [ 80.63135776300004, 29.320728205000023 ], [ 80.629533139000046, 29.322263959000054 ], [ 80.627625554000076, 29.322800039000072 ], [ 80.626795204000075, 29.324602455000047 ], [ 80.627040641000065, 29.326042396000048 ], [ 80.624631639000086, 29.32630408700004 ], [ 80.622640510000053, 29.325380334000045 ], [ 80.621684951000077, 29.326025081000068 ], [ 80.621830264000039, 29.32806933300003 ], [ 80.620394701000066, 29.329285709000033 ], [ 80.621350832000076, 29.333969398000079 ], [ 80.62388857600007, 29.33523539600003 ], [ 80.622843013000079, 29.336813834000054 ], [ 80.62416445100007, 29.338306396000064 ], [ 80.624853327000039, 29.341261334000023 ], [ 80.625841139000045, 29.341769396000075 ], [ 80.625807826000084, 29.343840271000033 ], [ 80.627271076000056, 29.34850952100004 ], [ 80.628186638000045, 29.349258771000052 ], [ 80.630994264000037, 29.349185396000053 ], [ 80.631003763000081, 29.352100021000069 ], [ 80.632085013000051, 29.353982146000078 ], [ 80.632209139000054, 29.358318333000057 ], [ 80.63044407600006, 29.361713083000041 ], [ 80.630555701000048, 29.364878396000051 ], [ 80.629599139000049, 29.366488708000077 ], [ 80.626821764000056, 29.367042709000032 ], [ 80.625466951000078, 29.369716646000029 ], [ 80.626402263000045, 29.372173646000078 ], [ 80.627784888000065, 29.37256552100007 ], [ 80.629516513000056, 29.376784396000062 ], [ 80.631641826000077, 29.379720646000067 ], [ 80.631198638000058, 29.386279522000052 ], [ 80.628187073000049, 29.388220215000047 ], [ 80.62491870100007, 29.389815021000061 ], [ 80.623310079000078, 29.383852771000079 ], [ 80.620759763000081, 29.380337584000074 ], [ 80.618356013000039, 29.378670397000064 ], [ 80.618880328000046, 29.376905521000026 ], [ 80.618433379000066, 29.374937093000028 ], [ 80.616597892000073, 29.372793271000035 ], [ 80.613105321000035, 29.370687460000056 ], [ 80.607947077000063, 29.365659830000027 ], [ 80.607520822000083, 29.362146148000079 ], [ 80.604726695000068, 29.358952585000054 ], [ 80.604123549000064, 29.356755821000036 ], [ 80.601953888000082, 29.355779334000033 ], [ 80.59920745800008, 29.350925459000052 ], [ 80.597553830000038, 29.352107082000032 ], [ 80.595997891000081, 29.348914826000055 ], [ 80.595960265000031, 29.346622708000041 ], [ 80.594886826000049, 29.341415084000062 ], [ 80.591397638000046, 29.338677088000054 ], [ 80.586562076000064, 29.335937085000069 ], [ 80.581724571000052, 29.329562648000035 ], [ 80.580738576000044, 29.327114146000042 ], [ 80.576841078000029, 29.325114457000041 ], [ 80.574145951000048, 29.325660834000075 ], [ 80.572025014000076, 29.324429146000057 ], [ 80.569755764000035, 29.318421084000079 ], [ 80.564566452000065, 29.318575709000072 ], [ 80.563725638000051, 29.317447271000049 ], [ 80.560880388000044, 29.31770414600004 ], [ 80.558974576000082, 29.31685870900003 ], [ 80.557100701000081, 29.314228896000031 ], [ 80.554959451000059, 29.312861459000032 ], [ 80.553150263000077, 29.310328834000074 ], [ 80.552040701000067, 29.310821396000051 ], [ 80.551222451000058, 29.313478333000035 ], [ 80.549333326000067, 29.313641146000066 ], [ 80.548977514000057, 29.311287084000071 ], [ 80.549658388000068, 29.309874896000053 ], [ 80.549498388000075, 29.307483146000038 ], [ 80.550250701000039, 29.304902646000073 ], [ 80.551518639000051, 29.303300709000041 ], [ 80.553954139000041, 29.302469708000046 ], [ 80.555270639000071, 29.299949709000032 ], [ 80.557192139000051, 29.297815271000047 ], [ 80.55831601400007, 29.294798334000063 ], [ 80.557001201000048, 29.293523896000067 ], [ 80.552865326000074, 29.291484271000058 ], [ 80.549307201000033, 29.291316709000057 ], [ 80.546352826000032, 29.291877396000075 ], [ 80.542562826000051, 29.290335021000033 ], [ 80.540303701000084, 29.290593459000036 ], [ 80.538744951000069, 29.289554896000027 ], [ 80.53583532600004, 29.290047896000033 ], [ 80.535143701000038, 29.289260396000032 ], [ 80.530743826000048, 29.287893771000029 ], [ 80.530119701000046, 29.286515396000027 ], [ 80.528227701000048, 29.287618709000071 ], [ 80.525936888000047, 29.285185521000074 ], [ 80.524373389000061, 29.285430333000079 ], [ 80.518165076000059, 29.280575958000043 ], [ 80.516342264000059, 29.280571646000055 ], [ 80.513246576000085, 29.278746646000059 ], [ 80.513602138000067, 29.276681521000057 ], [ 80.516993326000033, 29.275083146000043 ], [ 80.517763451000064, 29.272464521000074 ], [ 80.517400576000057, 29.270969834000027 ], [ 80.518519513000058, 29.267950959000075 ], [ 80.517109076000054, 29.267909771000063 ], [ 80.516147201000081, 29.264619458000027 ], [ 80.514589452000052, 29.263429459000065 ], [ 80.51713963900005, 29.261550459000034 ], [ 80.518091888000072, 29.257777521000037 ], [ 80.515365389000067, 29.255816334000031 ], [ 80.513578951000056, 29.257048334000046 ], [ 80.509491139000033, 29.258156833000044 ], [ 80.506713263000051, 29.258090208000056 ], [ 80.503885701000058, 29.259861896000075 ], [ 80.499197326000058, 29.260300146000077 ], [ 80.497713513000065, 29.25996070900004 ], [ 80.496607451000045, 29.258413458000064 ], [ 80.496482201000049, 29.25555477100005 ], [ 80.493766826000069, 29.25495802100005 ], [ 80.491839951000031, 29.251769834000072 ], [ 80.490004639000063, 29.25075670800004 ], [ 80.489168764000055, 29.249233084000025 ], [ 80.487280076000047, 29.248104646000058 ], [ 80.487562951000029, 29.246831146000034 ], [ 80.486541264000039, 29.24453070800007 ], [ 80.482923889000062, 29.239413834000061 ], [ 80.48101932600008, 29.235557958000072 ], [ 80.485251451000067, 29.235364521000065 ], [ 80.489315013000066, 29.233701708000069 ], [ 80.493656076000036, 29.233490396000036 ], [ 80.498245514000075, 29.232727083000043 ], [ 80.50381182600006, 29.231301833000032 ], [ 80.50751626300007, 29.228342146000045 ], [ 80.510163014000057, 29.227765396000052 ], [ 80.514808326000036, 29.228698209000072 ], [ 80.515862638000044, 29.229491646000042 ], [ 80.523114264000071, 29.227083521000054 ], [ 80.525399264000043, 29.227346646000058 ], [ 80.527279326000041, 29.226615521000042 ], [ 80.529561951000062, 29.226686771000061 ], [ 80.532221826000068, 29.225795959000038 ], [ 80.53705526300007, 29.228039396000042 ], [ 80.538319576000049, 29.229864271000054 ], [ 80.543389201000082, 29.231765396000071 ], [ 80.545280639000055, 29.231690583000045 ], [ 80.549298451000084, 29.234275958000069 ], [ 80.55399488900008, 29.234097709000025 ], [ 80.558739701000036, 29.231196521000072 ], [ 80.561276951000082, 29.233702146000041 ], [ 80.563621076000061, 29.234846833000063 ], [ 80.564437076000047, 29.231046021000054 ], [ 80.565809826000077, 29.229617958000063 ], [ 80.56771832700008, 29.22914133300003 ], [ 80.569967388000066, 29.226556521000077 ], [ 80.577622451000082, 29.224652083000024 ], [ 80.58042620100008, 29.224396959000046 ], [ 80.583433576000061, 29.223165646000041 ], [ 80.588104451000049, 29.222561959000075 ], [ 80.593007263000061, 29.222989771000073 ], [ 80.596309826000038, 29.224141333000034 ], [ 80.600356638000051, 29.224137646000031 ], [ 80.60322433500005, 29.222618958000055 ], [ 80.603734947000078, 29.227527088000045 ], [ 80.610254764000047, 29.235859334000054 ], [ 80.608782142000052, 29.237903456000026 ], [ 80.612130451000041, 29.240663146000031 ], [ 80.615599201000066, 29.242712521000044 ], [ 80.620731447000082, 29.246869083000036 ], [ 80.621634331000052, 29.249759213000061 ], [ 80.624136392000082, 29.25337126900007 ], [ 80.627881425000055, 29.255960255000048 ], [ 80.631107458000031, 29.257234771000071 ], [ 80.633008764000067, 29.256851958000027 ], [ 80.635006764000082, 29.25451808400004 ], [ 80.636450576000072, 29.254165584000077 ], [ 80.63767907600004, 29.256968521000033 ], [ 80.636818514000083, 29.25905739600006 ], [ 80.634619076000035, 29.261618646000045 ], [ 80.636812826000039, 29.262486458000069 ], [ 80.638700013000062, 29.265054271000054 ], [ 80.638841576000061, 29.267051146000028 ], [ 80.640511701000037, 29.268808458000024 ], [ 80.647415701000057, 29.272454396000057 ], [ 80.649144514000056, 29.272066396000071 ], [ 80.652543326000057, 29.275172646000044 ], [ 80.653796889000034, 29.277147583000044 ], [ 80.656033201000071, 29.278148208000061 ], [ 80.659654514000067, 29.281087959000047 ], [ 80.659816264000085, 29.282390021000026 ], [ 80.658254764000048, 29.283872709000036 ], [ 80.658817576000047, 29.285642771000028 ], [ 80.656091076000052, 29.287562334000029 ], [ 80.657005264000077, 29.289204771000072 ], [ 80.654924576000042, 29.293909709000047 ], [ 80.657680827000036, 29.293350584000052 ], [ 80.659022763000053, 29.294468459000029 ], [ 80.663571389000083, 29.295244709000031 ], [ 80.665735139000049, 29.296441271000049 ], [ 80.669009951000078, 29.300095021000061 ], [ 80.66898788900005, 29.302549396000074 ], [ 80.670334264000076, 29.303479896000056 ], [ 80.670587516000069, 29.305255959000078 ] ] ] } },
{ "type": "Feature", "properties": { "STATE_CODE": 7, "DISTRICT": "DADELDHURA", "GaPa_NaPa": "Bhageshwar", "Type_GN": "Gaunpalika", "Province": "Sudur Pashchim" }, "geometry": { "type": "Polygon", "coordinates": [ [ [ 80.407586201000072, 29.356621146000066 ], [ 80.404189139000039, 29.355983396000056 ], [ 80.403107888000079, 29.357469709000043 ], [ 80.405077076000055, 29.358615459000077 ], [ 80.403584638000041, 29.36067289600004 ], [ 80.401585701000045, 29.359939771000029 ], [ 80.401175701000057, 29.358049834000042 ], [ 80.39933101400004, 29.357594834000054 ], [ 80.39459363900005, 29.358360708000077 ], [ 80.39300638900005, 29.357214334000048 ], [ 80.388049951000085, 29.355910333000054 ], [ 80.386565326000039, 29.354671834000044 ], [ 80.388592201000051, 29.351407896000069 ], [ 80.387947201000031, 29.349189709000029 ], [ 80.386022014000048, 29.34909964600007 ], [ 80.383819889000051, 29.353788459000043 ], [ 80.381076951000068, 29.353917834000072 ], [ 80.379593701000033, 29.349243584000078 ], [ 80.378376514000081, 29.349068771000077 ], [ 80.376229826000042, 29.350412271000039 ], [ 80.375190451000037, 29.349999083000057 ], [ 80.375094889000081, 29.348040583000056 ], [ 80.37313107600005, 29.347528271000044 ], [ 80.371780763000061, 29.349283771000046 ], [ 80.370042514000033, 29.350049333000072 ], [ 80.369188889000043, 29.348957959000074 ], [ 80.369153451000045, 29.345240209000053 ], [ 80.367428889000053, 29.340449584000055 ], [ 80.369933826000079, 29.339080833000025 ], [ 80.373116389000074, 29.338836396000033 ], [ 80.373690138000029, 29.338008959000035 ], [ 80.371965451000051, 29.335860084000046 ], [ 80.368687138000041, 29.334991896000076 ], [ 80.368211389000066, 29.332654833000049 ], [ 80.36604376400004, 29.333585209000034 ], [ 80.364264388000038, 29.332696959000032 ], [ 80.363647701000048, 29.330952521000029 ], [ 80.364976826000031, 29.327723958000036 ], [ 80.362455888000056, 29.327190834000078 ], [ 80.359036076000052, 29.329777709000041 ], [ 80.356237639000085, 29.330957584000032 ], [ 80.355227514000035, 29.334219209000025 ], [ 80.352550951000069, 29.332329396000034 ], [ 80.352095014000042, 29.33064427100004 ], [ 80.352292764000083, 29.327854772000023 ], [ 80.348850514000048, 29.326798084000075 ], [ 80.345435701000042, 29.32708139600004 ], [ 80.344099576000076, 29.323867021000069 ], [ 80.341848201000062, 29.323334834000036 ], [ 80.337935389000052, 29.320678396000062 ], [ 80.335597576000055, 29.319800521000047 ], [ 80.334941389000051, 29.318270083000073 ], [ 80.337256701000058, 29.314812084000039 ], [ 80.335795076000068, 29.31221058400007 ], [ 80.328120451000075, 29.308506459000057 ], [ 80.327048388000037, 29.308413146000078 ], [ 80.322855263000065, 29.310004708000065 ], [ 80.318693513000085, 29.313347084000043 ], [ 80.317590014000075, 29.308879396000066 ], [ 80.317865264000034, 29.307258833000049 ], [ 80.319931888000042, 29.304661646000056 ], [ 80.319643513000074, 29.301628271000027 ], [ 80.317934513000068, 29.300130771000056 ], [ 80.31593545100003, 29.295872708000047 ], [ 80.312662076000038, 29.29108483300007 ], [ 80.311495576000084, 29.290034333000051 ], [ 80.309716451000043, 29.290025146000062 ], [ 80.307806639000034, 29.28897308300003 ], [ 80.305980701000067, 29.285273021000023 ], [ 80.305761701000051, 29.281795584000065 ], [ 80.306230889000062, 29.277568334000023 ], [ 80.305690201000061, 29.272814646000029 ], [ 80.304394639000066, 29.268925583000055 ], [ 80.303323014000057, 29.264514334000069 ], [ 80.301047514000061, 29.262224021000065 ], [ 80.300848951000035, 29.259035458000028 ], [ 80.301889764000066, 29.254984834000027 ], [ 80.300455826000075, 29.252060521000033 ], [ 80.300351013000068, 29.24898070900008 ], [ 80.302035389000082, 29.245468084000038 ], [ 80.302038951000043, 29.242097896000075 ], [ 80.300817263000056, 29.240043146000062 ], [ 80.297185451000075, 29.237484021000057 ], [ 80.295005576000051, 29.234388771000056 ], [ 80.292435701000045, 29.23187120800003 ], [ 80.292917952000039, 29.229112584000063 ], [ 80.295588701000042, 29.225384146000067 ], [ 80.297739389000071, 29.221382271000039 ], [ 80.297788326000045, 29.219857583000078 ], [ 80.296354138000083, 29.216071459000034 ], [ 80.299396201000036, 29.216229521000059 ], [ 80.300844826000059, 29.215485958000045 ], [ 80.301788888000033, 29.213798896000071 ], [ 80.306297451000034, 29.212220708000075 ], [ 80.307202138000036, 29.210283083000036 ], [ 80.312288139000032, 29.209230959000024 ], [ 80.314327576000039, 29.203725834000068 ], [ 80.316211763000069, 29.202986521000071 ], [ 80.31779057600005, 29.204580459000056 ], [ 80.31953138800003, 29.204530646000023 ], [ 80.325394638000034, 29.202660896000054 ], [ 80.326919201000067, 29.203681459000052 ], [ 80.329440826000052, 29.203757271000029 ], [ 80.331492638000043, 29.206774646000042 ], [ 80.332915013000047, 29.207465271000046 ], [ 80.334358889000043, 29.209304208000049 ], [ 80.337128888000052, 29.209915771000055 ], [ 80.341227576000051, 29.209092334000047 ], [ 80.343220951000035, 29.210629333000043 ], [ 80.345362951000084, 29.211138396000024 ], [ 80.346739763000073, 29.21314383400005 ], [ 80.34896907600006, 29.213635209000074 ], [ 80.35054438800006, 29.212986396000076 ], [ 80.35704501400005, 29.212713271000041 ], [ 80.358809388000054, 29.213693959000068 ], [ 80.361668889000043, 29.214172396000038 ], [ 80.367720576000067, 29.213470209000036 ], [ 80.36967345100004, 29.213612521000073 ], [ 80.370716264000066, 29.214869458000067 ], [ 80.372596951000048, 29.215410709000025 ], [ 80.37367695100005, 29.214526896000052 ], [ 80.375579826000035, 29.215388583000049 ], [ 80.375520263000055, 29.217736646000048 ], [ 80.379502951000063, 29.222086459000025 ], [ 80.382490326000038, 29.222301084000037 ], [ 80.384352701000068, 29.223739896000041 ], [ 80.388668014000075, 29.224964333000059 ], [ 80.391713951000042, 29.22693408300006 ], [ 80.394084888000066, 29.229124021000075 ], [ 80.394622514000048, 29.230755208000062 ], [ 80.390166201000056, 29.230216146000032 ], [ 80.389179076000062, 29.233658646000038 ], [ 80.389167702000066, 29.235722771000042 ], [ 80.387131264000061, 29.237010521000059 ], [ 80.38980538900006, 29.241936083000041 ], [ 80.39096138900004, 29.242850459000067 ], [ 80.391312888000073, 29.245279396000058 ], [ 80.389777138000056, 29.247778708000055 ], [ 80.38905726400003, 29.250207271000079 ], [ 80.391260951000049, 29.252098708000062 ], [ 80.39240888900008, 29.251402334000034 ], [ 80.395847201000038, 29.25170220800004 ], [ 80.400396264000051, 29.253152896000074 ], [ 80.405236201000037, 29.251820958000053 ], [ 80.40863863800007, 29.251930833000074 ], [ 80.412279888000057, 29.25156789600004 ], [ 80.415131139000039, 29.25050658400005 ], [ 80.417036389000032, 29.250677334000045 ], [ 80.420900076000066, 29.248598396000034 ], [ 80.42542476400007, 29.247945584000036 ], [ 80.426746138000055, 29.246776021000073 ], [ 80.430521389000035, 29.245504021000045 ], [ 80.434344076000059, 29.245301396000059 ], [ 80.43920120100006, 29.244211958000051 ], [ 80.443441826000083, 29.244969646000072 ], [ 80.449908264000044, 29.244987396000056 ], [ 80.453206263000084, 29.243672146000051 ], [ 80.45389520100008, 29.241337896000061 ], [ 80.459056514000054, 29.23753739600005 ], [ 80.461250326000084, 29.236233208000044 ], [ 80.465421701000082, 29.236288333000061 ], [ 80.470099388000051, 29.235932458000036 ], [ 80.47417157700005, 29.236460646000069 ], [ 80.47714501300004, 29.235127771000066 ], [ 80.479143951000083, 29.234905459000061 ], [ 80.48101932600008, 29.235557958000072 ], [ 80.482923889000062, 29.239413834000061 ], [ 80.486541264000039, 29.24453070800007 ], [ 80.487562951000029, 29.246831146000034 ], [ 80.487280076000047, 29.248104646000058 ], [ 80.489168764000055, 29.249233084000025 ], [ 80.490004639000063, 29.25075670800004 ], [ 80.491839951000031, 29.251769834000072 ], [ 80.493766826000069, 29.25495802100005 ], [ 80.496482201000049, 29.25555477100005 ], [ 80.496607451000045, 29.258413458000064 ], [ 80.497713513000065, 29.25996070900004 ], [ 80.499197326000058, 29.260300146000077 ], [ 80.503885701000058, 29.259861896000075 ], [ 80.506713263000051, 29.258090208000056 ], [ 80.509491139000033, 29.258156833000044 ], [ 80.513578951000056, 29.257048334000046 ], [ 80.515365389000067, 29.255816334000031 ], [ 80.518091888000072, 29.257777521000037 ], [ 80.51713963900005, 29.261550459000034 ], [ 80.514589452000052, 29.263429459000065 ], [ 80.516147201000081, 29.264619458000027 ], [ 80.517109076000054, 29.267909771000063 ], [ 80.518519513000058, 29.267950959000075 ], [ 80.517400576000057, 29.270969834000027 ], [ 80.517763451000064, 29.272464521000074 ], [ 80.516993326000033, 29.275083146000043 ], [ 80.513602138000067, 29.276681521000057 ], [ 80.513246576000085, 29.278746646000059 ], [ 80.516342264000059, 29.280571646000055 ], [ 80.518165076000059, 29.280575958000043 ], [ 80.524373389000061, 29.285430333000079 ], [ 80.525936888000047, 29.285185521000074 ], [ 80.528227701000048, 29.287618709000071 ], [ 80.530119701000046, 29.286515396000027 ], [ 80.530743826000048, 29.287893771000029 ], [ 80.535143701000038, 29.289260396000032 ], [ 80.53583532600004, 29.290047896000033 ], [ 80.538744951000069, 29.289554896000027 ], [ 80.540303701000084, 29.290593459000036 ], [ 80.542562826000051, 29.290335021000033 ], [ 80.546352826000032, 29.291877396000075 ], [ 80.549307201000033, 29.291316709000057 ], [ 80.552865326000074, 29.291484271000058 ], [ 80.557001201000048, 29.293523896000067 ], [ 80.55831601400007, 29.294798334000063 ], [ 80.557192139000051, 29.297815271000047 ], [ 80.555270639000071, 29.299949709000032 ], [ 80.553954139000041, 29.302469708000046 ], [ 80.551518639000051, 29.303300709000041 ], [ 80.550250701000039, 29.304902646000073 ], [ 80.549498388000075, 29.307483146000038 ], [ 80.549658388000068, 29.309874896000053 ], [ 80.548977514000057, 29.311287084000071 ], [ 80.54576638900005, 29.311064146000035 ], [ 80.545303139000055, 29.312361958000054 ], [ 80.547098389000041, 29.313480209000033 ], [ 80.54426845100005, 29.314941396000052 ], [ 80.544455638000045, 29.316318146000071 ], [ 80.542495388000077, 29.317477771000028 ], [ 80.540475263000076, 29.317718958000057 ], [ 80.53925332600005, 29.318826896000076 ], [ 80.536372451000034, 29.317688958000076 ], [ 80.532938389000037, 29.318349271000045 ], [ 80.531447638000031, 29.317141646000039 ], [ 80.529474951000054, 29.316618084000027 ], [ 80.529374951000079, 29.315203334000046 ], [ 80.526622263000036, 29.314431084000034 ], [ 80.528652514000044, 29.312484708000056 ], [ 80.529207388000032, 29.310420271000055 ], [ 80.527388388000077, 29.309687396000072 ], [ 80.526082388000077, 29.310240021000027 ], [ 80.524095513000077, 29.315877146000048 ], [ 80.520890264000059, 29.318241146000048 ], [ 80.519841576000033, 29.315713083000048 ], [ 80.51658388900006, 29.312376146000076 ], [ 80.515831451000054, 29.31609108400005 ], [ 80.51252738800008, 29.315503833000037 ], [ 80.512630138000077, 29.312923458000057 ], [ 80.511344201000043, 29.310261333000028 ], [ 80.510409639000045, 29.31043164600004 ], [ 80.510436514000048, 29.313165833000028 ], [ 80.506961764000039, 29.313444084000025 ], [ 80.508317139000042, 29.311878959000069 ], [ 80.507671701000049, 29.310940396000035 ], [ 80.501775264000059, 29.309740959000067 ], [ 80.499755639000057, 29.311136584000053 ], [ 80.499697326000046, 29.312604958000065 ], [ 80.500969826000073, 29.313602271000036 ], [ 80.499453764000066, 29.315229896000062 ], [ 80.497360326000035, 29.31175470900007 ], [ 80.49599351300003, 29.311824021000064 ], [ 80.494680513000048, 29.31330564600006 ], [ 80.49361826300003, 29.311699959000066 ], [ 80.491020763000051, 29.314557333000039 ], [ 80.491126263000069, 29.315796209000041 ], [ 80.489321701000051, 29.317034584000055 ], [ 80.488828701000045, 29.320921834000046 ], [ 80.490200764000065, 29.324101083000073 ], [ 80.490104202000055, 29.32540014600005 ], [ 80.48848595100003, 29.326797084000077 ], [ 80.488182701000085, 29.329394708000052 ], [ 80.485726451000062, 29.331363646000057 ], [ 80.483784326000034, 29.329551459000072 ], [ 80.477804076000041, 29.32989139600005 ], [ 80.476640513000063, 29.32886714600005 ], [ 80.474174263000066, 29.329475583000033 ], [ 80.47237782600007, 29.327117896000061 ], [ 80.470117263000077, 29.327591709000046 ], [ 80.467137076000085, 29.326961708000056 ], [ 80.466621951000036, 29.325405333000049 ], [ 80.464226389000032, 29.32436933300005 ], [ 80.460023701000068, 29.326102958000035 ], [ 80.455764826000063, 29.326512021000042 ], [ 80.454182888000048, 29.327647084000034 ], [ 80.45155651400006, 29.327121896000051 ], [ 80.450751014000048, 29.328866896000079 ], [ 80.449332389000062, 29.329253583000025 ], [ 80.448583826000061, 29.331116209000072 ], [ 80.445751014000052, 29.332164646000024 ], [ 80.444332201000066, 29.333573146000049 ], [ 80.440487826000037, 29.333076646000052 ], [ 80.439476763000073, 29.333410771000047 ], [ 80.438390764000076, 29.33568002100003 ], [ 80.435934201000066, 29.336969146000058 ], [ 80.433970826000063, 29.336482584000066 ], [ 80.431780952000054, 29.334824209000033 ], [ 80.430183451000062, 29.338110958000073 ], [ 80.43186313800004, 29.33995214600003 ], [ 80.430145826000057, 29.341172021000034 ], [ 80.42789407600003, 29.339179459000036 ], [ 80.425611451000066, 29.34000883300007 ], [ 80.425037639000038, 29.342007333000026 ], [ 80.423127076000071, 29.34345195800006 ], [ 80.419353576000049, 29.345400271000074 ], [ 80.41780282600007, 29.345580833000042 ], [ 80.415218639000045, 29.34292339600006 ], [ 80.412146951000068, 29.344274708000057 ], [ 80.411033701000065, 29.347382896000056 ], [ 80.408267076000072, 29.348873021000031 ], [ 80.406571513000074, 29.347803021000061 ], [ 80.404617763000033, 29.349253834000024 ], [ 80.405613888000062, 29.351593083000068 ], [ 80.409793076000085, 29.354621021000071 ], [ 80.407586201000072, 29.356621146000066 ] ] ] } },
{ "type": "Feature", "properties": { "STATE_CODE": 7, "DISTRICT": "DADELDHURA", "GaPa_NaPa": "Ganayapdhura", "Type_GN": "Gaunpalika", "Province": "Sudur Pashchim" }, "geometry": { "type": "Polygon", "coordinates": [ [ [ 80.754047138000033, 29.308005207000065 ], [ 80.754115513000045, 29.310888396000053 ], [ 80.752937639000038, 29.312357083000052 ], [ 80.75115482700005, 29.312978648000069 ], [ 80.748766208000063, 29.312360584000032 ], [ 80.746533514000078, 29.314948396000034 ], [ 80.743380264000052, 29.315188275000025 ], [ 80.742635639000071, 29.313664146000065 ], [ 80.740750138000067, 29.312631768000074 ], [ 80.740192883000077, 29.314146648000076 ], [ 80.741180451000048, 29.316402208000056 ], [ 80.738690826000038, 29.31883152100005 ], [ 80.737851072000069, 29.318547893000073 ], [ 80.735471262000033, 29.315518017000045 ], [ 80.736883453000075, 29.313657399000078 ], [ 80.735193637000066, 29.312627641000063 ], [ 80.732583888000079, 29.312841271000025 ], [ 80.729163515000039, 29.314927838000074 ], [ 80.727763958000082, 29.314383583000051 ], [ 80.726333011000065, 29.310915578000049 ], [ 80.724850331000084, 29.311036584000078 ], [ 80.723023141000056, 29.312679642000035 ], [ 80.720193701000085, 29.311915771000031 ], [ 80.719345888000078, 29.308611332000055 ], [ 80.716827764000072, 29.310049774000049 ], [ 80.715214079000077, 29.310206520000065 ], [ 80.714192701000059, 29.308523646000026 ], [ 80.710965891000058, 29.306355582000037 ], [ 80.709029951000048, 29.306353584000078 ], [ 80.707375949000038, 29.308021644000064 ], [ 80.707550638000043, 29.309630459000061 ], [ 80.702378144000079, 29.310266518000049 ], [ 80.699593394000033, 29.311900330000071 ], [ 80.699222891000034, 29.310306835000063 ], [ 80.697512951000078, 29.30917045800004 ], [ 80.697266951000074, 29.307789271000047 ], [ 80.695395449000046, 29.305389269000045 ], [ 80.692450949000033, 29.30483208000004 ], [ 80.691780577000031, 29.307136083000046 ], [ 80.690376201000049, 29.308411958000079 ], [ 80.688126394000051, 29.307077960000072 ], [ 80.686726141000065, 29.309829085000047 ], [ 80.687563326000031, 29.31109445900006 ], [ 80.68413713800004, 29.311442774000056 ], [ 80.682472701000052, 29.310200339000062 ], [ 80.681401328000049, 29.311212961000024 ], [ 80.678870264000068, 29.310640646000024 ], [ 80.678191828000081, 29.309150143000068 ], [ 80.676187750000054, 29.309221991000072 ], [ 80.675402889000054, 29.307634209000071 ], [ 80.673316314000033, 29.308355493000079 ], [ 80.672689451000053, 29.306560521000051 ], [ 80.670587516000069, 29.305255959000078 ], [ 80.670334264000076, 29.303479896000056 ], [ 80.66898788900005, 29.302549396000074 ], [ 80.669009951000078, 29.300095021000061 ], [ 80.665735139000049, 29.296441271000049 ], [ 80.663571389000083, 29.295244709000031 ], [ 80.659022763000053, 29.294468459000029 ], [ 80.657680827000036, 29.293350584000052 ], [ 80.654924576000042, 29.293909709000047 ], [ 80.657005264000077, 29.289204771000072 ], [ 80.656091076000052, 29.287562334000029 ], [ 80.658817576000047, 29.285642771000028 ], [ 80.658254764000048, 29.283872709000036 ], [ 80.659816264000085, 29.282390021000026 ], [ 80.659654514000067, 29.281087959000047 ], [ 80.656033201000071, 29.278148208000061 ], [ 80.653796889000034, 29.277147583000044 ], [ 80.652543326000057, 29.275172646000044 ], [ 80.649144514000056, 29.272066396000071 ], [ 80.647415701000057, 29.272454396000057 ], [ 80.640511701000037, 29.268808458000024 ], [ 80.638841576000061, 29.267051146000028 ], [ 80.638700013000062, 29.265054271000054 ], [ 80.636812826000039, 29.262486458000069 ], [ 80.634619076000035, 29.261618646000045 ], [ 80.636818514000083, 29.25905739600006 ], [ 80.63767907600004, 29.256968521000033 ], [ 80.636450576000072, 29.254165584000077 ], [ 80.635006764000082, 29.25451808400004 ], [ 80.633008764000067, 29.256851958000027 ], [ 80.631107458000031, 29.257234771000071 ], [ 80.627881425000055, 29.255960255000048 ], [ 80.624136392000082, 29.25337126900007 ], [ 80.621634331000052, 29.249759213000061 ], [ 80.620731447000082, 29.246869083000036 ], [ 80.615599201000066, 29.242712521000044 ], [ 80.612130451000041, 29.240663146000031 ], [ 80.608782142000052, 29.237903456000026 ], [ 80.610254764000047, 29.235859334000054 ], [ 80.603734947000078, 29.227527088000045 ], [ 80.60322433500005, 29.222618958000055 ], [ 80.604522139000039, 29.222205396000049 ], [ 80.606469763000064, 29.220234959000038 ], [ 80.607090332000041, 29.218183896000028 ], [ 80.609951138000042, 29.217639582000061 ], [ 80.610809762000031, 29.215528266000035 ], [ 80.607789137000054, 29.211368517000039 ], [ 80.607046581000077, 29.208334336000064 ], [ 80.607360764000077, 29.202393146000077 ], [ 80.609491456000057, 29.200946523000027 ], [ 80.611739826000075, 29.201690769000038 ], [ 80.614629826000055, 29.198371583000039 ], [ 80.616230956000038, 29.193999653000049 ], [ 80.618995392000045, 29.192216336000058 ], [ 80.618519513000081, 29.190633581000043 ], [ 80.619561263000037, 29.188581333000059 ], [ 80.621133142000076, 29.187171336000063 ], [ 80.621375263000061, 29.185563525000077 ], [ 80.620794013000079, 29.182471271000054 ], [ 80.621364261000053, 29.181033575000072 ], [ 80.625164894000079, 29.177572336000026 ], [ 80.631030570000064, 29.176334332000067 ], [ 80.636005139000076, 29.177699267000037 ], [ 80.640369326000041, 29.177850900000067 ], [ 80.64439395200003, 29.178861024000071 ], [ 80.647470135000049, 29.178095395000071 ], [ 80.653166140000053, 29.180503832000056 ], [ 80.65688988800008, 29.181217271000037 ], [ 80.663959319000071, 29.183155022000051 ], [ 80.669426826000063, 29.183371646000069 ], [ 80.672170272000074, 29.182848263000039 ], [ 80.673661456000048, 29.184546144000024 ], [ 80.675085737000074, 29.185059437000064 ], [ 80.676281021000079, 29.188897459000032 ], [ 80.678249576000042, 29.190603209000074 ], [ 80.682788389000052, 29.191780333000054 ], [ 80.687522458000046, 29.190783082000053 ], [ 80.689742826000042, 29.190693458000055 ], [ 80.691127451000057, 29.18969508400005 ], [ 80.695198700000049, 29.187944714000025 ], [ 80.697744384000032, 29.187914399000078 ], [ 80.69951739000004, 29.188680899000076 ], [ 80.701459638000074, 29.19438608400003 ], [ 80.70265132600008, 29.194724833000066 ], [ 80.703871332000062, 29.193053644000031 ], [ 80.706247322000081, 29.192736269000079 ], [ 80.707022949000077, 29.197892830000058 ], [ 80.707696139000063, 29.199507271000073 ], [ 80.708175262000054, 29.204103712000062 ], [ 80.707916389000047, 29.205497333000039 ], [ 80.70843870200008, 29.211300773000062 ], [ 80.70722151800004, 29.214079709000032 ], [ 80.703592639000078, 29.216756271000065 ], [ 80.704657265000037, 29.219580836000034 ], [ 80.705953889000057, 29.221449396000025 ], [ 80.709479951000048, 29.22520195900006 ], [ 80.708520832000033, 29.228270206000047 ], [ 80.708494451000035, 29.231349516000023 ], [ 80.712115826000058, 29.234242709000057 ], [ 80.717363889000069, 29.235794706000036 ], [ 80.721002769000052, 29.236181334000037 ], [ 80.722926017000077, 29.235267151000073 ], [ 80.725198701000068, 29.236036646000059 ], [ 80.730816698000069, 29.240338837000024 ], [ 80.732705800000076, 29.240550191000068 ], [ 80.735667957000032, 29.243486525000037 ], [ 80.737162701000045, 29.243902333000051 ], [ 80.740624321000041, 29.246920770000031 ], [ 80.737952451000069, 29.246683205000068 ], [ 80.737376826000059, 29.247460333000049 ], [ 80.740136326000083, 29.249286271000074 ], [ 80.742569828000057, 29.249444401000062 ], [ 80.742923512000061, 29.251141585000028 ], [ 80.746027271000059, 29.25218521100004 ], [ 80.748546635000082, 29.254761767000048 ], [ 80.74991938800008, 29.254516146000071 ], [ 80.750826581000069, 29.257166337000058 ], [ 80.753884141000071, 29.261780895000072 ], [ 80.755379762000075, 29.263335712000071 ], [ 80.756446077000078, 29.266784771000061 ], [ 80.758560322000051, 29.268324868000036 ], [ 80.757436511000037, 29.270123081000065 ], [ 80.755534017000059, 29.270949776000066 ], [ 80.752348139000048, 29.273797708000075 ], [ 80.750545582000029, 29.274489148000043 ], [ 80.745489894000059, 29.274793207000073 ], [ 80.745173639000029, 29.277671146000046 ], [ 80.747567073000084, 29.281736393000074 ], [ 80.747357075000082, 29.284711583000046 ], [ 80.745339829000045, 29.287838959000055 ], [ 80.742062514000054, 29.287864271000046 ], [ 80.74042819400006, 29.290834396000037 ], [ 80.737909201000036, 29.289997021000033 ], [ 80.734301701000049, 29.292004459000054 ], [ 80.734357138000064, 29.29420183700006 ], [ 80.736294951000048, 29.295751021000058 ], [ 80.737292389000061, 29.297587023000062 ], [ 80.736197822000065, 29.298882024000079 ], [ 80.739043327000047, 29.299686208000026 ], [ 80.739331076000042, 29.302154766000058 ], [ 80.743251827000051, 29.301569021000034 ], [ 80.744212144000073, 29.302238644000056 ], [ 80.747842826000067, 29.301990646000036 ], [ 80.750085763000072, 29.302978397000061 ], [ 80.754047138000033, 29.308005207000065 ] ] ] } },
{ "type": "Feature", "properties": { "STATE_CODE": 7, "DISTRICT": "DADELDHURA", "GaPa_NaPa": "Nawadurga", "Type_GN": "Gaunpalika", "Province": "Sudur Pashchim" }, "geometry": { "type": "Polygon", "coordinates": [ [ [ 80.720288951000043, 29.418631334000054 ], [ 80.715289263000045, 29.414975209000033 ], [ 80.713720326000043, 29.414315396000063 ], [ 80.708019764000085, 29.414663959000052 ], [ 80.707203888000038, 29.41739627100003 ], [ 80.704294451000067, 29.419587084000057 ], [ 80.698003763000031, 29.419839209000031 ], [ 80.693700451000041, 29.421995021000043 ], [ 80.691023701000063, 29.422252771000046 ], [ 80.689850639000042, 29.422983208000062 ], [ 80.683783576000053, 29.425107521000029 ], [ 80.679054514000029, 29.423688521000031 ], [ 80.675561013000049, 29.420521834000056 ], [ 80.672620014000074, 29.419957458000056 ], [ 80.670614139000065, 29.418930584000066 ], [ 80.671240764000061, 29.417474834000075 ], [ 80.67397795100004, 29.415956584000071 ], [ 80.674385076000078, 29.414637896000045 ], [ 80.677665639000054, 29.413269771000046 ], [ 80.679716451000047, 29.409728459000064 ], [ 80.679509389000032, 29.407361584000057 ], [ 80.680586014000085, 29.404988708000076 ], [ 80.680395514000054, 29.401626896000039 ], [ 80.678185076000034, 29.399074771000073 ], [ 80.676228514000059, 29.399539333000064 ], [ 80.672635201000048, 29.399149271000056 ], [ 80.667312894000077, 29.396699709000075 ], [ 80.665345947000048, 29.395235214000024 ], [ 80.664355200000045, 29.393042272000059 ], [ 80.663306764000083, 29.392432771000074 ], [ 80.659318701000075, 29.392138396000064 ], [ 80.658282825000072, 29.389523458000042 ], [ 80.655779075000055, 29.385079705000066 ], [ 80.652211388000069, 29.382528021000041 ], [ 80.649002139000061, 29.384525146000044 ], [ 80.646788760000049, 29.386405206000063 ], [ 80.639842139000052, 29.386939334000033 ], [ 80.637156956000069, 29.38558977200006 ], [ 80.634354264000081, 29.386536334000027 ], [ 80.633011827000075, 29.387610963000043 ], [ 80.628187073000049, 29.388220215000047 ], [ 80.631198638000058, 29.386279522000052 ], [ 80.631641826000077, 29.379720646000067 ], [ 80.629516513000056, 29.376784396000062 ], [ 80.627784888000065, 29.37256552100007 ], [ 80.626402263000045, 29.372173646000078 ], [ 80.625466951000078, 29.369716646000029 ], [ 80.626821764000056, 29.367042709000032 ], [ 80.629599139000049, 29.366488708000077 ], [ 80.630555701000048, 29.364878396000051 ], [ 80.63044407600006, 29.361713083000041 ], [ 80.632209139000054, 29.358318333000057 ], [ 80.632085013000051, 29.353982146000078 ], [ 80.631003763000081, 29.352100021000069 ], [ 80.630994264000037, 29.349185396000053 ], [ 80.628186638000045, 29.349258771000052 ], [ 80.627271076000056, 29.34850952100004 ], [ 80.625807826000084, 29.343840271000033 ], [ 80.625841139000045, 29.341769396000075 ], [ 80.624853327000039, 29.341261334000023 ], [ 80.62416445100007, 29.338306396000064 ], [ 80.622843013000079, 29.336813834000054 ], [ 80.62388857600007, 29.33523539600003 ], [ 80.621350832000076, 29.333969398000079 ], [ 80.620394701000066, 29.329285709000033 ], [ 80.621830264000039, 29.32806933300003 ], [ 80.621684951000077, 29.326025081000068 ], [ 80.622640510000053, 29.325380334000045 ], [ 80.624631639000086, 29.32630408700004 ], [ 80.627040641000065, 29.326042396000048 ], [ 80.626795204000075, 29.324602455000047 ], [ 80.627625554000076, 29.322800039000072 ], [ 80.629533139000046, 29.322263959000054 ], [ 80.63135776300004, 29.320728205000023 ], [ 80.638296763000085, 29.317532518000064 ], [ 80.638532205000047, 29.316005897000025 ], [ 80.640512388000047, 29.315183334000039 ], [ 80.641831514000046, 29.313831084000071 ], [ 80.643484639000064, 29.314704021000068 ], [ 80.645022701000073, 29.313300459000061 ], [ 80.647247701000083, 29.313019833000055 ], [ 80.650984326000071, 29.311506896000026 ], [ 80.653591951000067, 29.311563334000027 ], [ 80.65520163900004, 29.312345771000025 ], [ 80.657721576000085, 29.311612334000074 ], [ 80.660878076000074, 29.309838271000046 ], [ 80.66277113700005, 29.312236521000045 ], [ 80.66514064200004, 29.311423586000046 ], [ 80.666263513000047, 29.309260709000057 ], [ 80.666471020000074, 29.30719483300004 ], [ 80.670587516000069, 29.305255959000078 ], [ 80.672689451000053, 29.306560521000051 ], [ 80.673316314000033, 29.308355493000079 ], [ 80.675402889000054, 29.307634209000071 ], [ 80.676187750000054, 29.309221991000072 ], [ 80.678191828000081, 29.309150143000068 ], [ 80.678870264000068, 29.310640646000024 ], [ 80.681401328000049, 29.311212961000024 ], [ 80.682472701000052, 29.310200339000062 ], [ 80.68413713800004, 29.311442774000056 ], [ 80.687563326000031, 29.31109445900006 ], [ 80.686726141000065, 29.309829085000047 ], [ 80.688126394000051, 29.307077960000072 ], [ 80.690376201000049, 29.308411958000079 ], [ 80.691780577000031, 29.307136083000046 ], [ 80.692450949000033, 29.30483208000004 ], [ 80.695395449000046, 29.305389269000045 ], [ 80.697266951000074, 29.307789271000047 ], [ 80.697512951000078, 29.30917045800004 ], [ 80.699222891000034, 29.310306835000063 ], [ 80.699593394000033, 29.311900330000071 ], [ 80.702378144000079, 29.310266518000049 ], [ 80.707550638000043, 29.309630459000061 ], [ 80.707375949000038, 29.308021644000064 ], [ 80.709029951000048, 29.306353584000078 ], [ 80.710965891000058, 29.306355582000037 ], [ 80.714192701000059, 29.308523646000026 ], [ 80.715214079000077, 29.310206520000065 ], [ 80.716827764000072, 29.310049774000049 ], [ 80.719345888000078, 29.308611332000055 ], [ 80.720193701000085, 29.311915771000031 ], [ 80.723023141000056, 29.312679642000035 ], [ 80.724850331000084, 29.311036584000078 ], [ 80.726333011000065, 29.310915578000049 ], [ 80.727763958000082, 29.314383583000051 ], [ 80.729163515000039, 29.314927838000074 ], [ 80.732583888000079, 29.312841271000025 ], [ 80.735193637000066, 29.312627641000063 ], [ 80.736883453000075, 29.313657399000078 ], [ 80.735471262000033, 29.315518017000045 ], [ 80.737851072000069, 29.318547893000073 ], [ 80.738690826000038, 29.31883152100005 ], [ 80.741180451000048, 29.316402208000056 ], [ 80.740192883000077, 29.314146648000076 ], [ 80.740750138000067, 29.312631768000074 ], [ 80.742635639000071, 29.313664146000065 ], [ 80.743380264000052, 29.315188275000025 ], [ 80.746533514000078, 29.314948396000034 ], [ 80.748766208000063, 29.312360584000032 ], [ 80.75115482700005, 29.312978648000069 ], [ 80.752937639000038, 29.312357083000052 ], [ 80.754115513000045, 29.310888396000053 ], [ 80.754047138000033, 29.308005207000065 ], [ 80.758008763000078, 29.308838146000028 ], [ 80.75971295100004, 29.308349333000024 ], [ 80.762781139000083, 29.306259146000059 ], [ 80.766604951000033, 29.304197209000051 ], [ 80.767401576000054, 29.302057709000053 ], [ 80.769946701000038, 29.302813334000064 ], [ 80.773749702000032, 29.301454958000079 ], [ 80.774303576000079, 29.306330959000036 ], [ 80.773406077000061, 29.307576958000027 ], [ 80.773330638000061, 29.311423208000065 ], [ 80.775046513000063, 29.313797084000043 ], [ 80.777699576000032, 29.31449402100003 ], [ 80.777789389000077, 29.315816209000047 ], [ 80.773110576000079, 29.318262771000036 ], [ 80.773027951000074, 29.320394521000026 ], [ 80.771028951000062, 29.323007959000051 ], [ 80.768225576000077, 29.324268708000034 ], [ 80.766093951000073, 29.32467777100004 ], [ 80.764074764000043, 29.326160959000049 ], [ 80.762004388000037, 29.328622958000039 ], [ 80.76095070100007, 29.332638833000033 ], [ 80.763651451000044, 29.33459952100003 ], [ 80.764472452000064, 29.335834959000067 ], [ 80.763049326000043, 29.340856333000033 ], [ 80.759328702000062, 29.344698271000027 ], [ 80.75899826400007, 29.346306146000074 ], [ 80.760171201000048, 29.349301834000073 ], [ 80.76203663900003, 29.348833709000075 ], [ 80.763240201000031, 29.349492334000047 ], [ 80.76415713800003, 29.352616084000033 ], [ 80.762824014000046, 29.358650584000031 ], [ 80.763722826000048, 29.362543584000036 ], [ 80.765610889000072, 29.363390646000028 ], [ 80.767245639000066, 29.361821147000057 ], [ 80.767019389000041, 29.359515271000078 ], [ 80.768220701000075, 29.357983271000023 ], [ 80.770066264000036, 29.35724427100007 ], [ 80.772695764000048, 29.358336146000056 ], [ 80.772884514000054, 29.361582709000061 ], [ 80.77522726400008, 29.362827396000057 ], [ 80.776325763000045, 29.364994959000057 ], [ 80.78007251300005, 29.364617646000056 ], [ 80.784728139000038, 29.366048708000051 ], [ 80.787472514000058, 29.366386958000078 ], [ 80.78748463800008, 29.370625896000035 ], [ 80.786675388000049, 29.372887271000025 ], [ 80.785051451000072, 29.375039834000063 ], [ 80.782219826000073, 29.375934521000033 ], [ 80.781487888000072, 29.378101271000048 ], [ 80.78024195100005, 29.379416646000038 ], [ 80.769998264000037, 29.38258920800007 ], [ 80.764195576000077, 29.385529833000078 ], [ 80.764866389000076, 29.388407271000062 ], [ 80.764236514000061, 29.391510271000072 ], [ 80.765192139000078, 29.393224209000039 ], [ 80.76710513900008, 29.394542708000074 ], [ 80.769230139000058, 29.399538709000069 ], [ 80.766109951000033, 29.400376958000038 ], [ 80.763621389000036, 29.399758959000053 ], [ 80.759231764000049, 29.399469147000048 ], [ 80.754595576000042, 29.400196083000026 ], [ 80.748191826000038, 29.400463959000035 ], [ 80.747019764000072, 29.401059458000077 ], [ 80.743106638000086, 29.401708459000076 ], [ 80.740304826000056, 29.40286483400007 ], [ 80.734067451000044, 29.404460959000062 ], [ 80.73022295100003, 29.405985022000038 ], [ 80.728835076000053, 29.407134959000075 ], [ 80.723751514000071, 29.408987834000072 ], [ 80.721652701000039, 29.411990646000049 ], [ 80.721256201000074, 29.416278208000051 ], [ 80.720288951000043, 29.418631334000054 ] ] ] } },
{ "type": "Feature", "properties": { "STATE_CODE": 7, "DISTRICT": "DADELDHURA", "GaPa_NaPa": "Parashuram", "Type_GN": "Nagarpalika", "Province": "Sudur Pashchim" }, "geometry": { "type": "Polygon", "coordinates": [ [ [ 80.465421701000082, 29.236288333000061 ], [ 80.461250326000084, 29.236233208000044 ], [ 80.459056514000054, 29.23753739600005 ], [ 80.45389520100008, 29.241337896000061 ], [ 80.453206263000084, 29.243672146000051 ], [ 80.449908264000044, 29.244987396000056 ], [ 80.443441826000083, 29.244969646000072 ], [ 80.43920120100006, 29.244211958000051 ], [ 80.434344076000059, 29.245301396000059 ], [ 80.430521389000035, 29.245504021000045 ], [ 80.426746138000055, 29.246776021000073 ], [ 80.42542476400007, 29.247945584000036 ], [ 80.420900076000066, 29.248598396000034 ], [ 80.417036389000032, 29.250677334000045 ], [ 80.415131139000039, 29.25050658400005 ], [ 80.412279888000057, 29.25156789600004 ], [ 80.40863863800007, 29.251930833000074 ], [ 80.405236201000037, 29.251820958000053 ], [ 80.400396264000051, 29.253152896000074 ], [ 80.395847201000038, 29.25170220800004 ], [ 80.39240888900008, 29.251402334000034 ], [ 80.391260951000049, 29.252098708000062 ], [ 80.38905726400003, 29.250207271000079 ], [ 80.389777138000056, 29.247778708000055 ], [ 80.391312888000073, 29.245279396000058 ], [ 80.39096138900004, 29.242850459000067 ], [ 80.38980538900006, 29.241936083000041 ], [ 80.387131264000061, 29.237010521000059 ], [ 80.389167702000066, 29.235722771000042 ], [ 80.389179076000062, 29.233658646000038 ], [ 80.390166201000056, 29.230216146000032 ], [ 80.394622514000048, 29.230755208000062 ], [ 80.394084888000066, 29.229124021000075 ], [ 80.391713951000042, 29.22693408300006 ], [ 80.388668014000075, 29.224964333000059 ], [ 80.384352701000068, 29.223739896000041 ], [ 80.382490326000038, 29.222301084000037 ], [ 80.379502951000063, 29.222086459000025 ], [ 80.375520263000055, 29.217736646000048 ], [ 80.375579826000035, 29.215388583000049 ], [ 80.37367695100005, 29.214526896000052 ], [ 80.372596951000048, 29.215410709000025 ], [ 80.370716264000066, 29.214869458000067 ], [ 80.36967345100004, 29.213612521000073 ], [ 80.367720576000067, 29.213470209000036 ], [ 80.361668889000043, 29.214172396000038 ], [ 80.358809388000054, 29.213693959000068 ], [ 80.35704501400005, 29.212713271000041 ], [ 80.35054438800006, 29.212986396000076 ], [ 80.34896907600006, 29.213635209000074 ], [ 80.346739763000073, 29.21314383400005 ], [ 80.345362951000084, 29.211138396000024 ], [ 80.343220951000035, 29.210629333000043 ], [ 80.341227576000051, 29.209092334000047 ], [ 80.337128888000052, 29.209915771000055 ], [ 80.334358889000043, 29.209304208000049 ], [ 80.332915013000047, 29.207465271000046 ], [ 80.331492638000043, 29.206774646000042 ], [ 80.329440826000052, 29.203757271000029 ], [ 80.326919201000067, 29.203681459000052 ], [ 80.325394638000034, 29.202660896000054 ], [ 80.31953138800003, 29.204530646000023 ], [ 80.31779057600005, 29.204580459000056 ], [ 80.316211763000069, 29.202986521000071 ], [ 80.314327576000039, 29.203725834000068 ], [ 80.312288139000032, 29.209230959000024 ], [ 80.307202138000036, 29.210283083000036 ], [ 80.306297451000034, 29.212220708000075 ], [ 80.301788888000033, 29.213798896000071 ], [ 80.300844826000059, 29.215485958000045 ], [ 80.299396201000036, 29.216229521000059 ], [ 80.296354138000083, 29.216071459000034 ], [ 80.295731826000065, 29.212921208000068 ], [ 80.295804952000083, 29.210686021000072 ], [ 80.29890107600005, 29.206707146000042 ], [ 80.299083076000045, 29.205521458000078 ], [ 80.296707013000059, 29.20012427100005 ], [ 80.29477851300004, 29.197100208000052 ], [ 80.292030201000046, 29.195375771000045 ], [ 80.289697514000068, 29.195006958000079 ], [ 80.28708432600007, 29.196127771000079 ], [ 80.285278514000083, 29.19769277100005 ], [ 80.28278057600005, 29.201676833000079 ], [ 80.279436326000052, 29.205180271000074 ], [ 80.276682138000069, 29.207046833000049 ], [ 80.271626201000061, 29.20691789600005 ], [ 80.265783514000077, 29.20608958400004 ], [ 80.263369139000076, 29.206347084000072 ], [ 80.260046951000049, 29.209342583000023 ], [ 80.259255576000044, 29.21203170800004 ], [ 80.258672888000035, 29.217868896000027 ], [ 80.256491638000057, 29.220566084000041 ], [ 80.254381014000046, 29.221436396000058 ], [ 80.250771763000046, 29.221330521000027 ], [ 80.24868607600007, 29.219266021000067 ], [ 80.248960389000047, 29.216210834000037 ], [ 80.248466326000084, 29.214800396000044 ], [ 80.246145889000047, 29.212416459000053 ], [ 80.245800201000065, 29.209538271000042 ], [ 80.242722451000077, 29.204172209000035 ], [ 80.242483201000084, 29.202440646000071 ], [ 80.243575389000057, 29.200375958000052 ], [ 80.247370513000078, 29.19852720800003 ], [ 80.252484888000083, 29.194969021000077 ], [ 80.255363639000052, 29.191220021000049 ], [ 80.259607951000078, 29.187329646000023 ], [ 80.260230577000073, 29.183008584000049 ], [ 80.262126139000031, 29.176684521000027 ], [ 80.262253514000065, 29.173702958000035 ], [ 80.26007807600007, 29.170444771000064 ], [ 80.260035888000061, 29.165759021000042 ], [ 80.261191389000032, 29.163184709000063 ], [ 80.264850638000041, 29.158239583000068 ], [ 80.267953076000083, 29.15262814600004 ], [ 80.273529201000031, 29.146669146000079 ], [ 80.274485389000063, 29.143491271000073 ], [ 80.273346701000037, 29.142066146000047 ], [ 80.270772639000029, 29.140538458000037 ], [ 80.264443763000031, 29.139960146000078 ], [ 80.261798389000035, 29.139986145000023 ], [ 80.25781463900006, 29.139102458000025 ], [ 80.254565827000079, 29.13689395800003 ], [ 80.253041326000073, 29.13451002100004 ], [ 80.252038201000062, 29.131095833000074 ], [ 80.250497326000072, 29.128950958000075 ], [ 80.24800682700004, 29.127019396000037 ], [ 80.246009389000051, 29.127073646000042 ], [ 80.24217301300007, 29.124268208000046 ], [ 80.239907514000038, 29.121352084000023 ], [ 80.236864826000044, 29.119054146000053 ], [ 80.233392576000085, 29.118449958000042 ], [ 80.230945826000038, 29.119142084000032 ], [ 80.228256264000038, 29.119261959000028 ], [ 80.225390888000049, 29.120181709000065 ], [ 80.221695451000073, 29.120473833000062 ], [ 80.218490702000054, 29.12129658300006 ], [ 80.211393951000048, 29.121823521000067 ], [ 80.207488513000044, 29.124999333000062 ], [ 80.205115701000068, 29.12931883300007 ], [ 80.202527014000054, 29.130305021000026 ], [ 80.198292576000085, 29.130728771000065 ], [ 80.195936826000036, 29.13165308400005 ], [ 80.191197076000037, 29.134257146000039 ], [ 80.188202451000052, 29.136607708000042 ], [ 80.186049763000085, 29.137257834000025 ], [ 80.186929888000066, 29.135537520000071 ], [ 80.188021701000082, 29.131402334000029 ], [ 80.18844626300006, 29.128271521000045 ], [ 80.187914264000085, 29.122639896000067 ], [ 80.189068951000081, 29.117954646000044 ], [ 80.188659451000035, 29.115337583000041 ], [ 80.18997282600003, 29.112191833000054 ], [ 80.186990639000044, 29.108059021000031 ], [ 80.187399138000046, 29.10629289600007 ], [ 80.186481264000065, 29.102231271000051 ], [ 80.18685057600004, 29.099853583000026 ], [ 80.186622576000048, 29.096224708000079 ], [ 80.188098264000075, 29.091631646000053 ], [ 80.187413889000084, 29.088018084000055 ], [ 80.188121389000059, 29.086680146000049 ], [ 80.193125451000071, 29.085857584000053 ], [ 80.195154763000062, 29.082515271000034 ], [ 80.197924452000052, 29.081383583000047 ], [ 80.199406764000059, 29.078531959000031 ], [ 80.201584951000029, 29.077897521000068 ], [ 80.202815201000078, 29.076465583000072 ], [ 80.20446901400004, 29.076132396000048 ], [ 80.206179389000056, 29.074455146000048 ], [ 80.205746888000078, 29.071914770000035 ], [ 80.208211701000039, 29.070839708000051 ], [ 80.21273082600004, 29.06739445900007 ], [ 80.21254938900006, 29.061282146000053 ], [ 80.213118201000043, 29.060728271000073 ], [ 80.213126638000062, 29.057500146000052 ], [ 80.217074201000059, 29.057184833000065 ], [ 80.219359639000061, 29.056124333000071 ], [ 80.223601139000039, 29.056830271000024 ], [ 80.225285327000051, 29.055479646000038 ], [ 80.225541952000071, 29.053694458000052 ], [ 80.223709764000034, 29.052526646000047 ], [ 80.224050889000068, 29.050992208000025 ], [ 80.22933364000005, 29.045520521000071 ], [ 80.232781952000039, 29.045605708000039 ], [ 80.23623557600007, 29.047265458000027 ], [ 80.241773264000074, 29.048826271000053 ], [ 80.243432514000062, 29.049914021000063 ], [ 80.246793140000079, 29.050075021000055 ], [ 80.251250264000078, 29.052109958000074 ], [ 80.252869826000051, 29.052500270000053 ], [ 80.258380826000064, 29.052745083000048 ], [ 80.262976889000072, 29.051049146000025 ], [ 80.265417514000035, 29.052145333000055 ], [ 80.267815639000048, 29.051635083000065 ], [ 80.27019901400007, 29.049570334000066 ], [ 80.272976640000081, 29.048114583000029 ], [ 80.273935139000059, 29.045879521000074 ], [ 80.276532702000054, 29.047251709000079 ], [ 80.279421265000053, 29.04984802000007 ], [ 80.282072576000076, 29.04983745800007 ], [ 80.28401651300004, 29.049042396000061 ], [ 80.284774513000059, 29.052766458000065 ], [ 80.287181514000054, 29.054268146000027 ], [ 80.291404826000075, 29.054601834000039 ], [ 80.295208264000053, 29.056974770000068 ], [ 80.299810701000069, 29.057409459000041 ], [ 80.30288351400003, 29.058465458000057 ], [ 80.303955639000037, 29.057773896000072 ], [ 80.307216826000058, 29.057405021000079 ], [ 80.309505326000078, 29.058064208000076 ], [ 80.311934139000073, 29.056350958000053 ], [ 80.314630513000054, 29.058192021000025 ], [ 80.317080388000079, 29.054680771000051 ], [ 80.320212639000033, 29.054279271000041 ], [ 80.324046889000044, 29.053012771000056 ], [ 80.326576639000052, 29.051315458000033 ], [ 80.330593264000072, 29.053345583000066 ], [ 80.33736676400008, 29.052192646000037 ], [ 80.338978639000061, 29.053488646000062 ], [ 80.341987264000068, 29.05463364600007 ], [ 80.344278451000037, 29.054189146000056 ], [ 80.34550601400008, 29.053847771000051 ], [ 80.349830889000032, 29.054035709000061 ], [ 80.353407701000037, 29.052151208000055 ], [ 80.356152576000056, 29.049283583000033 ], [ 80.355615826000076, 29.045892583000068 ], [ 80.356932513000061, 29.044511458000045 ], [ 80.361196451000069, 29.047654021000028 ], [ 80.367003451000073, 29.046948334000035 ], [ 80.374242138000056, 29.044521021000037 ], [ 80.37553888900004, 29.044800021000071 ], [ 80.379184889000044, 29.043458895000072 ], [ 80.380541513000082, 29.043595958000026 ], [ 80.384866138000064, 29.047333645000037 ], [ 80.388402638000059, 29.047410709000076 ], [ 80.39082751400008, 29.046000521000053 ], [ 80.392463264000071, 29.043533146000073 ], [ 80.393553014000076, 29.040864771000031 ], [ 80.397182139000051, 29.039150770000049 ], [ 80.399881201000085, 29.037044521000041 ], [ 80.402886826000042, 29.036254771000074 ], [ 80.406754764000084, 29.036335084000029 ], [ 80.410873201000072, 29.03337758300006 ], [ 80.411809576000053, 29.032131896000067 ], [ 80.416860451000048, 29.032605084000068 ], [ 80.417134076000082, 29.030167583000036 ], [ 80.419575888000054, 29.027656021000041 ], [ 80.421957138000039, 29.026430021000067 ], [ 80.424979514000086, 29.026923521000072 ], [ 80.428028389000076, 29.026458208000065 ], [ 80.434893514000066, 29.028763583000057 ], [ 80.440686326000048, 29.032259708000026 ], [ 80.442234326000062, 29.031650271000046 ], [ 80.443432889000064, 29.033250209000073 ], [ 80.44525507600008, 29.03429777100007 ], [ 80.449119326000073, 29.034703958000023 ], [ 80.451278013000035, 29.034085646000051 ], [ 80.454409388000045, 29.035276021000072 ], [ 80.456951389000039, 29.035119396000027 ], [ 80.459197076000066, 29.037127209000062 ], [ 80.461072263000062, 29.037466395000024 ], [ 80.46214395100003, 29.036748771000077 ], [ 80.462718264000046, 29.034402583000031 ], [ 80.462562263000052, 29.031509834000076 ], [ 80.465640951000069, 29.029857271000026 ], [ 80.469811513000082, 29.029824083000051 ], [ 80.471098638000058, 29.026659521000056 ], [ 80.470186951000073, 29.023423083000068 ], [ 80.471391013000073, 29.021167333000051 ], [ 80.470592013000044, 29.018732271000033 ], [ 80.472548326000037, 29.018392521000067 ], [ 80.476387326000065, 29.019255771000076 ], [ 80.478621451000038, 29.018858396000041 ], [ 80.479916701000036, 29.017638458000079 ], [ 80.479368826000041, 29.01517952100005 ], [ 80.47745251300006, 29.012501021000048 ], [ 80.47675520100006, 29.009797896000066 ], [ 80.478360639000073, 29.007545896000067 ], [ 80.48307657600003, 29.00643608300004 ], [ 80.486582014000078, 29.00617658300007 ], [ 80.489723326000046, 29.006630709000035 ], [ 80.491927701000066, 29.009089084000038 ], [ 80.492114451000077, 29.01328589600007 ], [ 80.493530514000042, 29.016131521000034 ], [ 80.49340232600008, 29.017541021000056 ], [ 80.488784826000085, 29.021250458000054 ], [ 80.486142889000064, 29.024511521000079 ], [ 80.485450701000048, 29.031786708000027 ], [ 80.486615576000077, 29.033573334000039 ], [ 80.48666307600007, 29.035069271000054 ], [ 80.484976764000066, 29.037718083000073 ], [ 80.485041201000058, 29.042266396000059 ], [ 80.48747288800007, 29.047552396000071 ], [ 80.484610014000054, 29.048874709000074 ], [ 80.477993389000062, 29.053318208000064 ], [ 80.474873951000063, 29.053098521000038 ], [ 80.471451701000035, 29.055799021000041 ], [ 80.467371014000037, 29.056926646000079 ], [ 80.463787388000071, 29.058381021000059 ], [ 80.460314201000074, 29.058883771000069 ], [ 80.456093951000071, 29.058796771000061 ], [ 80.453686951000066, 29.059777396000072 ], [ 80.44915807600006, 29.059842333000063 ], [ 80.447659013000077, 29.061388271000055 ], [ 80.446311389000073, 29.061112084000058 ], [ 80.445052014000055, 29.06246939600004 ], [ 80.443268826000065, 29.062843271000077 ], [ 80.44155538800004, 29.061620208000079 ], [ 80.441884452000068, 29.059523520000027 ], [ 80.439854013000058, 29.059936958000037 ], [ 80.437358951000078, 29.059310646000029 ], [ 80.436946263000038, 29.058063646000051 ], [ 80.43314870100005, 29.057934833000047 ], [ 80.430493139000077, 29.058679334000033 ], [ 80.427626951000036, 29.05879802000004 ], [ 80.428499138000063, 29.065695896000079 ], [ 80.428458764000084, 29.068475083000067 ], [ 80.432306138000058, 29.070298458000025 ], [ 80.434456576000059, 29.072055896000052 ], [ 80.434347389000038, 29.074769333000063 ], [ 80.435652701000038, 29.078758896000068 ], [ 80.434792263000077, 29.081299896000075 ], [ 80.43606370100008, 29.084107146000065 ], [ 80.435991139000066, 29.085814584000047 ], [ 80.438968764000037, 29.08951333300007 ], [ 80.438471139000058, 29.091160333000062 ], [ 80.436301889000049, 29.09159564600003 ], [ 80.433980826000038, 29.092957521000073 ], [ 80.432779763000042, 29.096528084000056 ], [ 80.431637014000046, 29.097876833000043 ], [ 80.430153388000065, 29.101004021000051 ], [ 80.431131451000056, 29.103570958000034 ], [ 80.432930639000062, 29.104550896000035 ], [ 80.43449126400003, 29.109182146000023 ], [ 80.434754951000059, 29.113169520000042 ], [ 80.433219326000085, 29.11639133400007 ], [ 80.433147889000054, 29.120277958000031 ], [ 80.432420888000081, 29.123367708000046 ], [ 80.431522014000052, 29.125049145000048 ], [ 80.430982326000048, 29.128099146000068 ], [ 80.432380138000042, 29.129630083000052 ], [ 80.43206420100006, 29.134442896000053 ], [ 80.431509952000056, 29.136114458000065 ], [ 80.431417451000073, 29.139554333000035 ], [ 80.432754514000067, 29.140875209000058 ], [ 80.43472326300008, 29.140982833000066 ], [ 80.437443701000063, 29.142460583000059 ], [ 80.438082701000042, 29.144037958000069 ], [ 80.437170389000073, 29.149522771000079 ], [ 80.434999451000067, 29.151857521000068 ], [ 80.435573514000055, 29.155683771000042 ], [ 80.439098389000037, 29.159362208000061 ], [ 80.439334263000035, 29.16165520800007 ], [ 80.440708013000062, 29.164519208000058 ], [ 80.442285326000047, 29.16586127100004 ], [ 80.445069513000078, 29.166669209000077 ], [ 80.448219638000069, 29.169655521000038 ], [ 80.450044888000036, 29.172990521000031 ], [ 80.45205670100006, 29.173228833000053 ], [ 80.455865764000066, 29.177167458000042 ], [ 80.461968201000047, 29.179317146000074 ], [ 80.459270763000063, 29.183143646000076 ], [ 80.457499451000047, 29.183883209000044 ], [ 80.457070764000036, 29.187186396000072 ], [ 80.456255763000058, 29.189066771000057 ], [ 80.454224513000042, 29.188672709000059 ], [ 80.452255576000084, 29.190825833000076 ], [ 80.45157432600007, 29.194867896000062 ], [ 80.452575201000059, 29.198249146000023 ], [ 80.454102076000083, 29.200145833000079 ], [ 80.452720076000048, 29.202190833000031 ], [ 80.452063701000043, 29.204859146000047 ], [ 80.448349638000082, 29.206316959000048 ], [ 80.450462701000049, 29.209499709000056 ], [ 80.450226951000047, 29.211996083000031 ], [ 80.454121451000049, 29.215292021000039 ], [ 80.457672888000047, 29.22102527100003 ], [ 80.458030951000069, 29.224385771000073 ], [ 80.458990263000032, 29.225486021000052 ], [ 80.460134263000043, 29.228646646000072 ], [ 80.460025201000064, 29.232706771000039 ], [ 80.461635326000078, 29.233931521000045 ], [ 80.464872513000046, 29.235309333000032 ], [ 80.465421701000082, 29.236288333000061 ] ] ] } },
{ "type": "Feature", "properties": { "STATE_CODE": 7, "DISTRICT": "BAITADI", "GaPa_NaPa": "Dasharathchanda", "Type_GN": "Nagarpalika", "Province": "Sudur Pashchim" }, "geometry": { "type": "Polygon", "coordinates": [ [ [ 80.443650951000052, 29.616547396000044 ], [ 80.441220888000032, 29.617358271000057 ], [ 80.439811263000081, 29.619637459000046 ], [ 80.438516701000083, 29.620234271000072 ], [ 80.434648452000033, 29.618562147000034 ], [ 80.430888326000058, 29.618230209000046 ], [ 80.430127951000031, 29.616862209000033 ], [ 80.430261889000064, 29.614110771000071 ], [ 80.429333514000064, 29.612378833000037 ], [ 80.427682701000037, 29.612071709000077 ], [ 80.422612326000035, 29.614398021000056 ], [ 80.419913076000057, 29.614248709000037 ], [ 80.418736951000085, 29.612874272000056 ], [ 80.41950982600008, 29.606854709000061 ], [ 80.416154826000081, 29.605509084000062 ], [ 80.41240988900006, 29.605485834000035 ], [ 80.410570263000068, 29.605001584000036 ], [ 80.410758639000051, 29.603288146000068 ], [ 80.409891264000066, 29.595923647000063 ], [ 80.40491426400007, 29.589569521000044 ], [ 80.399773201000073, 29.586943209000026 ], [ 80.398198514000057, 29.584657709000055 ], [ 80.39314938900003, 29.581609771000046 ], [ 80.392550827000036, 29.580296396000051 ], [ 80.391924576000065, 29.574602209000034 ], [ 80.389640389000078, 29.571753959000034 ], [ 80.385058389000051, 29.57124777100006 ], [ 80.38129095100004, 29.571746896000036 ], [ 80.38046120100006, 29.570337708000068 ], [ 80.380468076000056, 29.566299834000063 ], [ 80.380891701000053, 29.564118271000041 ], [ 80.380658264000033, 29.561466646000042 ], [ 80.377626576000068, 29.561265271000025 ], [ 80.37363076400004, 29.56290670900006 ], [ 80.368505201000062, 29.562923022000064 ], [ 80.365619327000047, 29.564120647000038 ], [ 80.364058139000065, 29.56273939700003 ], [ 80.364181638000048, 29.560224834000053 ], [ 80.365715389000059, 29.558603459000039 ], [ 80.365727826000068, 29.556611708000048 ], [ 80.361453202000064, 29.555986647000054 ], [ 80.358934952000084, 29.555058709000036 ], [ 80.351006639000047, 29.555342771000028 ], [ 80.344389076000084, 29.552914647000023 ], [ 80.344411452000031, 29.551784583000028 ], [ 80.34676376300007, 29.549793084000044 ], [ 80.347296077000067, 29.548354271000051 ], [ 80.343061138000053, 29.541660771000068 ], [ 80.343531638000059, 29.540316396000037 ], [ 80.345934077000038, 29.54000570900007 ], [ 80.348159327000076, 29.540984334000029 ], [ 80.350703389000046, 29.540216271000077 ], [ 80.353325264000034, 29.536838647000025 ], [ 80.355781764000085, 29.535316646000069 ], [ 80.358233326000061, 29.534561522000047 ], [ 80.359692389000031, 29.532524834000071 ], [ 80.359318138000049, 29.530867271000034 ], [ 80.356800701000054, 29.527478208000048 ], [ 80.350923826000042, 29.524932209000042 ], [ 80.350055826000073, 29.523529333000056 ], [ 80.352763639000045, 29.522290584000075 ], [ 80.358206388000042, 29.520489834000045 ], [ 80.359915951000062, 29.519194209000034 ], [ 80.362384076000069, 29.518813584000043 ], [ 80.363046639000061, 29.517627958000048 ], [ 80.365867514000058, 29.516245084000047 ], [ 80.368405326000072, 29.515693209000062 ], [ 80.370006389000082, 29.514378896000039 ], [ 80.375910014000056, 29.512229896000065 ], [ 80.375749889000076, 29.506014459000028 ], [ 80.376454076000073, 29.50409127100005 ], [ 80.378343513000061, 29.501593959000047 ], [ 80.379839076000053, 29.500718896000024 ], [ 80.382365638000067, 29.500563709000062 ], [ 80.388110264000034, 29.498990896000066 ], [ 80.391655951000075, 29.498896646000048 ], [ 80.395692514000075, 29.500115146000041 ], [ 80.398880388000066, 29.501771833000078 ], [ 80.401762576000067, 29.502423208000039 ], [ 80.406523201000084, 29.502681396000071 ], [ 80.408667138000055, 29.500802833000023 ], [ 80.409353263000071, 29.499109522000026 ], [ 80.414326139000082, 29.495454521000056 ], [ 80.414592389000063, 29.493432209000048 ], [ 80.417277826000031, 29.490432459000033 ], [ 80.417604639000047, 29.488451083000029 ], [ 80.419140201000062, 29.486860709000041 ], [ 80.421583326000075, 29.484297458000071 ], [ 80.427224076000073, 29.485851271000058 ], [ 80.429379076000032, 29.487507333000053 ], [ 80.434950263000076, 29.489056021000067 ], [ 80.436471014000062, 29.489969334000079 ], [ 80.440713201000051, 29.491403834000039 ], [ 80.445407888000034, 29.492156646000069 ], [ 80.446323951000068, 29.489796333000072 ], [ 80.448087638000061, 29.488301334000028 ], [ 80.448666014000082, 29.486598333000074 ], [ 80.446294264000073, 29.48445220900004 ], [ 80.447442201000058, 29.481621333000078 ], [ 80.445760639000071, 29.474966521000056 ], [ 80.444820701000083, 29.473816646000046 ], [ 80.442548701000078, 29.473056022000037 ], [ 80.442081076000079, 29.470933521000063 ], [ 80.439243576000081, 29.473937646000024 ], [ 80.437092076000056, 29.473299147000034 ], [ 80.437017576000073, 29.469818146000023 ], [ 80.441763076000029, 29.469217771000046 ], [ 80.447442451000029, 29.469744521000052 ], [ 80.449307452000085, 29.468822834000036 ], [ 80.450076451000029, 29.467436459000055 ], [ 80.454372576000083, 29.470452084000044 ], [ 80.458877014000052, 29.470269709000036 ], [ 80.462865451000084, 29.472183021000035 ], [ 80.466041951000079, 29.472243209000055 ], [ 80.467250388000082, 29.473123271000077 ], [ 80.469309888000055, 29.473190146000036 ], [ 80.471032138000055, 29.474117396000054 ], [ 80.477775202000032, 29.476129146000062 ], [ 80.475670076000085, 29.479148208000026 ], [ 80.476213388000076, 29.482601772000066 ], [ 80.47459370100006, 29.485365521000062 ], [ 80.476057638000043, 29.485750334000045 ], [ 80.476271514000075, 29.48828439600004 ], [ 80.482847764000041, 29.491364521000037 ], [ 80.484259764000058, 29.491640709000023 ], [ 80.486378763000062, 29.493546084000059 ], [ 80.490328326000053, 29.491664083000046 ], [ 80.492637577000039, 29.491431584000054 ], [ 80.495628576000058, 29.489572833000068 ], [ 80.494495701000062, 29.487308209000048 ], [ 80.495033952000085, 29.486513959000035 ], [ 80.498794452000084, 29.486934209000026 ], [ 80.501720888000079, 29.488145334000023 ], [ 80.503624076000051, 29.487495958000068 ], [ 80.505063514000085, 29.485978647000024 ], [ 80.508145951000074, 29.485051646000045 ], [ 80.510891638000032, 29.486056584000039 ], [ 80.510362576000034, 29.489115834000074 ], [ 80.507865201000072, 29.492783584000051 ], [ 80.505565576000038, 29.497755959000074 ], [ 80.504329576000032, 29.50286077100003 ], [ 80.504162764000057, 29.506067959000063 ], [ 80.501505763000068, 29.509227458000055 ], [ 80.500889263000033, 29.51182383400004 ], [ 80.505346389000067, 29.514511396000046 ], [ 80.508714763000057, 29.518591083000047 ], [ 80.511743827000032, 29.520508459000041 ], [ 80.511402951000036, 29.524975958000027 ], [ 80.507990076000056, 29.527237209000077 ], [ 80.507346577000078, 29.531340459000035 ], [ 80.502626139000085, 29.535259271000029 ], [ 80.500158388000045, 29.539833834000035 ], [ 80.49030663800005, 29.545266708000042 ], [ 80.487528076000046, 29.544748459000061 ], [ 80.486048826000058, 29.545834583000044 ], [ 80.484595452000065, 29.549057021000067 ], [ 80.483904951000056, 29.555785646000061 ], [ 80.481928827000047, 29.560165458000029 ], [ 80.479636951000032, 29.568936084000029 ], [ 80.476725014000067, 29.569908272000077 ], [ 80.474007264000079, 29.568496584000059 ], [ 80.472226201000069, 29.569522709000069 ], [ 80.468664451000052, 29.570313834000046 ], [ 80.467023139000048, 29.573271334000026 ], [ 80.462400826000078, 29.57370389600004 ], [ 80.455838764000077, 29.575411834000079 ], [ 80.45411763900006, 29.577892897000027 ], [ 80.452438888000074, 29.579207896000071 ], [ 80.448778076000053, 29.579314584000031 ], [ 80.446610389000057, 29.577509959000054 ], [ 80.440623201000051, 29.574969647000046 ], [ 80.43857470100005, 29.575037709000071 ], [ 80.436493264000035, 29.579366771000025 ], [ 80.433453014000065, 29.582500646000028 ], [ 80.433101826000041, 29.583929333000071 ], [ 80.434098326000083, 29.585607397000047 ], [ 80.432285701000069, 29.588626896000051 ], [ 80.43480201400007, 29.590631709000036 ], [ 80.436338639000041, 29.592621084000029 ], [ 80.435556701000053, 29.595196146000035 ], [ 80.432688389000077, 29.596115521000058 ], [ 80.431610514000056, 29.598111834000065 ], [ 80.427097888000048, 29.598320271000034 ], [ 80.425093514000082, 29.599692147000042 ], [ 80.425059763000036, 29.603136522000057 ], [ 80.426554013000043, 29.605031084000075 ], [ 80.429846826000073, 29.606204772000069 ], [ 80.432503076000046, 29.60765539700003 ], [ 80.434013138000068, 29.609816021000029 ], [ 80.437162826000076, 29.610197084000049 ], [ 80.440033827000036, 29.609027209000033 ], [ 80.441944951000039, 29.609299209000028 ], [ 80.443959764000056, 29.611139334000029 ], [ 80.443650951000052, 29.616547396000044 ] ] ] } },
{ "type": "Feature", "properties": { "STATE_CODE": 7, "DISTRICT": "BAITADI", "GaPa_NaPa": "Dilasaini", "Type_GN": "Gaunpalika", "Province": "Sudur Pashchim" }, "geometry": { "type": "Polygon", "coordinates": [ [ [ 80.797696555000073, 29.688312604000032 ], [ 80.795521263000069, 29.688575896000032 ], [ 80.791471826000077, 29.692447271000049 ], [ 80.789576576000059, 29.695744522000041 ], [ 80.787571201000048, 29.696039084000063 ], [ 80.785285826000063, 29.699389771000028 ], [ 80.782394701000044, 29.701798772000075 ], [ 80.780155701000069, 29.70209733400003 ], [ 80.776888201000077, 29.701392584000075 ], [ 80.773426827000037, 29.702467209000076 ], [ 80.767378514000029, 29.701703272000032 ], [ 80.764151139000035, 29.703091646000075 ], [ 80.76356832700003, 29.704117021000059 ], [ 80.760311764000051, 29.704293897000071 ], [ 80.756573702000082, 29.707864833000031 ], [ 80.753955264000069, 29.707627584000079 ], [ 80.748238764000064, 29.704835459000037 ], [ 80.744318201000056, 29.70440833400005 ], [ 80.73936720100005, 29.705149897000069 ], [ 80.737120014000084, 29.70581764700006 ], [ 80.732175452000035, 29.703824896000071 ], [ 80.730082076000031, 29.703956021000067 ], [ 80.724873201000037, 29.70316702100007 ], [ 80.721886076000033, 29.703183396000043 ], [ 80.717484076000062, 29.702416084000049 ], [ 80.712824701000045, 29.699981146000027 ], [ 80.710362701000065, 29.69925164600005 ], [ 80.70896657600008, 29.699634334000052 ], [ 80.705931326000041, 29.701903709000078 ], [ 80.705535576000045, 29.703260771000032 ], [ 80.702676827000062, 29.704768084000079 ], [ 80.697356139000078, 29.706095959000038 ], [ 80.695329701000048, 29.706055209000056 ], [ 80.690777576000073, 29.705205521000039 ], [ 80.687316138000085, 29.703995022000072 ], [ 80.685364763000052, 29.700509772000032 ], [ 80.684321139000076, 29.699686084000064 ], [ 80.681045389000076, 29.694688522000035 ], [ 80.67809657600003, 29.692290272000037 ], [ 80.676031889000058, 29.687236771000073 ], [ 80.672399201000076, 29.68728420900004 ], [ 80.669252826000047, 29.685670271000049 ], [ 80.667012389000035, 29.685664709000037 ], [ 80.66158482600008, 29.682330396000054 ], [ 80.658123076000038, 29.682192959000076 ], [ 80.653163514000084, 29.681155959000023 ], [ 80.649456576000034, 29.681822896000028 ], [ 80.648341451000078, 29.682663584000068 ], [ 80.647329576000061, 29.685015959000054 ], [ 80.645081576000052, 29.685761146000061 ], [ 80.644029702000068, 29.687231334000046 ], [ 80.640575826000031, 29.689678584000035 ], [ 80.634490763000031, 29.690571022000029 ], [ 80.629379014000051, 29.688001021000048 ], [ 80.625656889000084, 29.686813021000034 ], [ 80.621070889000066, 29.688065459000029 ], [ 80.613331763000076, 29.687961896000047 ], [ 80.610354826000048, 29.686696709000046 ], [ 80.608262764000074, 29.686634147000063 ], [ 80.606287201000043, 29.687984021000034 ], [ 80.60544507600008, 29.690180896000072 ], [ 80.603026701000033, 29.691754959000036 ], [ 80.599239014000034, 29.690629209000065 ], [ 80.59500188800007, 29.690850959000045 ], [ 80.592088639000053, 29.690487834000066 ], [ 80.587652701000081, 29.688301834000072 ], [ 80.584694451000075, 29.687994834000051 ], [ 80.579149888000074, 29.688108146000047 ], [ 80.57698382600006, 29.686666584000079 ], [ 80.574572139000054, 29.687112271000046 ], [ 80.573498827000037, 29.684778522000045 ], [ 80.571752826000079, 29.683139771000072 ], [ 80.57102595200007, 29.679248459000064 ], [ 80.561528764000059, 29.672878647000061 ], [ 80.560558889000049, 29.670777584000064 ], [ 80.559059327000057, 29.670574084000066 ], [ 80.556742389000078, 29.671554396000033 ], [ 80.555181139000069, 29.67119727100004 ], [ 80.552908701000035, 29.668036021000034 ], [ 80.550291951000077, 29.667997834000062 ], [ 80.547913764000043, 29.666363334000039 ], [ 80.544730077000054, 29.666311771000039 ], [ 80.541875889000039, 29.663730459000078 ], [ 80.539321451000035, 29.663854709000077 ], [ 80.534540013000083, 29.660842334000051 ], [ 80.529635889000076, 29.656721646000051 ], [ 80.524307389000057, 29.653815334000058 ], [ 80.521039764000079, 29.653715584000054 ], [ 80.519622388000073, 29.652925459000073 ], [ 80.516632389000051, 29.650615959000049 ], [ 80.513851951000049, 29.649448522000057 ], [ 80.512212514000055, 29.647211584000047 ], [ 80.508072389000063, 29.644751022000037 ], [ 80.507344639000053, 29.643453522000073 ], [ 80.506924826000045, 29.638850146000038 ], [ 80.510278826000047, 29.638941521000049 ], [ 80.51349426400003, 29.640922646000035 ], [ 80.515510888000051, 29.640505959000052 ], [ 80.518074701000046, 29.639182146000053 ], [ 80.519855326000084, 29.639432209000063 ], [ 80.522608201000082, 29.638379709000048 ], [ 80.524433201000079, 29.638589272000047 ], [ 80.527555764000056, 29.639994522000052 ], [ 80.530104201000086, 29.639259146000029 ], [ 80.534339326000065, 29.637390521000043 ], [ 80.535120264000057, 29.635895396000024 ], [ 80.539809264000041, 29.63661333400006 ], [ 80.541667514000039, 29.638043147000076 ], [ 80.544174576000046, 29.637255459000073 ], [ 80.546496576000038, 29.638510896000071 ], [ 80.549049827000033, 29.635986334000052 ], [ 80.551508888000058, 29.634571272000073 ], [ 80.55262001400007, 29.634690084000056 ], [ 80.556778264000059, 29.637512521000076 ], [ 80.559123951000061, 29.636496209000029 ], [ 80.562073201000032, 29.638051209000025 ], [ 80.564246888000071, 29.636916896000059 ], [ 80.568847263000066, 29.637286084000038 ], [ 80.570928326000057, 29.639413271000024 ], [ 80.573290951000047, 29.639312647000054 ], [ 80.576117013000044, 29.637526084000058 ], [ 80.57499107600006, 29.634086834000072 ], [ 80.577244389000043, 29.632456396000066 ], [ 80.579661076000036, 29.634304834000034 ], [ 80.581152013000064, 29.632581584000036 ], [ 80.585831014000064, 29.634612959000037 ], [ 80.586881264000056, 29.63217320800004 ], [ 80.58846045100006, 29.633391771000049 ], [ 80.590033076000054, 29.633290647000024 ], [ 80.593010326000069, 29.634423146000074 ], [ 80.594823077000058, 29.632001459000037 ], [ 80.598299889000032, 29.630875146000051 ], [ 80.599881264000032, 29.628143646000069 ], [ 80.604506263000076, 29.627268709000077 ], [ 80.60724426400003, 29.623845771000049 ], [ 80.607663389000038, 29.620540022000057 ], [ 80.610466889000065, 29.620645272000047 ], [ 80.612143576000051, 29.618854584000076 ], [ 80.615228826000077, 29.619553834000044 ], [ 80.618058014000042, 29.616943021000054 ], [ 80.620859639000059, 29.617104459000075 ], [ 80.623029014000053, 29.619522084000039 ], [ 80.624876451000034, 29.618006896000054 ], [ 80.627687451000043, 29.618517834000045 ], [ 80.629212702000075, 29.620186896000064 ], [ 80.63032288900007, 29.620187771000076 ], [ 80.632679951000057, 29.618188896000049 ], [ 80.635105201000044, 29.61783239600004 ], [ 80.636038326000062, 29.619700521000027 ], [ 80.64150376300006, 29.617872396000053 ], [ 80.642756452000071, 29.618277334000027 ], [ 80.642894826000031, 29.620592146000035 ], [ 80.644607701000041, 29.621749459000057 ], [ 80.646232389000033, 29.619430334000072 ], [ 80.647906576000082, 29.620398021000028 ], [ 80.648461889000032, 29.622585333000075 ], [ 80.653962139000043, 29.623754772000041 ], [ 80.65496395100007, 29.621977583000046 ], [ 80.654455139000049, 29.619657271000051 ], [ 80.656154076000064, 29.61697502100003 ], [ 80.65836282600003, 29.617436396000073 ], [ 80.65928438800006, 29.615370208000058 ], [ 80.661038576000067, 29.613969334000046 ], [ 80.662426888000084, 29.620356771000047 ], [ 80.664625138000076, 29.624810834000073 ], [ 80.664835952000033, 29.630446334000055 ], [ 80.667509639000059, 29.634315021000077 ], [ 80.665464139000051, 29.636087459000066 ], [ 80.664918889000035, 29.638438896000025 ], [ 80.665155576000075, 29.643487959000026 ], [ 80.668330139000034, 29.645368209000026 ], [ 80.67211126400008, 29.649528334000024 ], [ 80.672589013000049, 29.651135646000057 ], [ 80.675176076000071, 29.652269896000064 ], [ 80.679002388000072, 29.65306195900007 ], [ 80.680502826000065, 29.652912271000048 ], [ 80.682719951000081, 29.654792084000064 ], [ 80.683719514000074, 29.65653370900003 ], [ 80.682718826000041, 29.657927646000076 ], [ 80.678585639000062, 29.661991646000047 ], [ 80.677300826000078, 29.666482084000052 ], [ 80.677005139000073, 29.669504147000055 ], [ 80.676015827000072, 29.671798084000045 ], [ 80.675322201000085, 29.676041833000056 ], [ 80.681522701000063, 29.675540271000045 ], [ 80.687013138000054, 29.673353959000053 ], [ 80.687698514000033, 29.670905708000078 ], [ 80.691295201000059, 29.669019334000041 ], [ 80.693928451000033, 29.668567522000046 ], [ 80.695901951000053, 29.669873647000031 ], [ 80.696887826000079, 29.673164897000049 ], [ 80.696199576000083, 29.676321396000048 ], [ 80.69699982700007, 29.677374459000077 ], [ 80.696861639000076, 29.679629897000041 ], [ 80.699915139000041, 29.67835558400003 ], [ 80.703967013000067, 29.678495522000048 ], [ 80.706038264000085, 29.677924896000036 ], [ 80.709180451000066, 29.676152022000053 ], [ 80.713973951000071, 29.676807584000073 ], [ 80.715505076000056, 29.674685959000044 ], [ 80.71681495100006, 29.671386209000048 ], [ 80.720517263000033, 29.667561521000039 ], [ 80.723457889000031, 29.665735959000074 ], [ 80.727570014000037, 29.665785084000049 ], [ 80.728880139000069, 29.664260522000063 ], [ 80.731536763000065, 29.663390771000024 ], [ 80.733386076000045, 29.663453146000052 ], [ 80.738147389000062, 29.66472589600005 ], [ 80.739427576000082, 29.665989397000033 ], [ 80.737028701000042, 29.672014397000055 ], [ 80.734023826000055, 29.674945521000041 ], [ 80.736112264000042, 29.675982771000065 ], [ 80.739072201000056, 29.675075084000071 ], [ 80.741225888000031, 29.675862022000047 ], [ 80.744556076000038, 29.674343584000042 ], [ 80.747038389000068, 29.671068396000067 ], [ 80.747366389000035, 29.668510959000059 ], [ 80.748824951000074, 29.666930146000027 ], [ 80.755596327000035, 29.665395334000038 ], [ 80.759943263000082, 29.663348272000064 ], [ 80.764716264000072, 29.661964959000045 ], [ 80.76716538900007, 29.66360252100003 ], [ 80.771845764000034, 29.668298209000056 ], [ 80.772842076000074, 29.668782646000068 ], [ 80.776834139000073, 29.668705959000079 ], [ 80.778652389000058, 29.667657834000067 ], [ 80.780377764000036, 29.665644021000048 ], [ 80.781135389000042, 29.667801771000029 ], [ 80.780531014000076, 29.670158084000036 ], [ 80.781256013000075, 29.671591771000067 ], [ 80.781298638000067, 29.675909396000065 ], [ 80.782020389000081, 29.677839334000055 ], [ 80.78456632700005, 29.680250396000076 ], [ 80.786794076000035, 29.67970589600003 ], [ 80.789231951000033, 29.677938959000073 ], [ 80.791023577000033, 29.679011022000054 ], [ 80.793867639000041, 29.678007147000073 ], [ 80.793266576000065, 29.680744771000036 ], [ 80.793940452000072, 29.682056459000023 ], [ 80.796687889000054, 29.683549521000032 ], [ 80.796661451000034, 29.686897084000066 ], [ 80.797696555000073, 29.688312604000032 ] ] ] } },
{ "type": "Feature", "properties": { "STATE_CODE": 7, "DISTRICT": "BAITADI", "GaPa_NaPa": "Dogadakedar", "Type_GN": "Gaunpalika", "Province": "Sudur Pashchim" }, "geometry": { "type": "Polygon", "coordinates": [ [ [ 80.618058014000042, 29.616943021000054 ], [ 80.615228826000077, 29.619553834000044 ], [ 80.612143576000051, 29.618854584000076 ], [ 80.610466889000065, 29.620645272000047 ], [ 80.607663389000038, 29.620540022000057 ], [ 80.60724426400003, 29.623845771000049 ], [ 80.604506263000076, 29.627268709000077 ], [ 80.599881264000032, 29.628143646000069 ], [ 80.598299889000032, 29.630875146000051 ], [ 80.594823077000058, 29.632001459000037 ], [ 80.593010326000069, 29.634423146000074 ], [ 80.590033076000054, 29.633290647000024 ], [ 80.58846045100006, 29.633391771000049 ], [ 80.586881264000056, 29.63217320800004 ], [ 80.585831014000064, 29.634612959000037 ], [ 80.581152013000064, 29.632581584000036 ], [ 80.579661076000036, 29.634304834000034 ], [ 80.577244389000043, 29.632456396000066 ], [ 80.57499107600006, 29.634086834000072 ], [ 80.576117013000044, 29.637526084000058 ], [ 80.573290951000047, 29.639312647000054 ], [ 80.570928326000057, 29.639413271000024 ], [ 80.568847263000066, 29.637286084000038 ], [ 80.564246888000071, 29.636916896000059 ], [ 80.562073201000032, 29.638051209000025 ], [ 80.559123951000061, 29.636496209000029 ], [ 80.556778264000059, 29.637512521000076 ], [ 80.55262001400007, 29.634690084000056 ], [ 80.551508888000058, 29.634571272000073 ], [ 80.549049827000033, 29.635986334000052 ], [ 80.546496576000038, 29.638510896000071 ], [ 80.544174576000046, 29.637255459000073 ], [ 80.541667514000039, 29.638043147000076 ], [ 80.539809264000041, 29.63661333400006 ], [ 80.535120264000057, 29.635895396000024 ], [ 80.534339326000065, 29.637390521000043 ], [ 80.530104201000086, 29.639259146000029 ], [ 80.527555764000056, 29.639994522000052 ], [ 80.524433201000079, 29.638589272000047 ], [ 80.522608201000082, 29.638379709000048 ], [ 80.519855326000084, 29.639432209000063 ], [ 80.518074701000046, 29.639182146000053 ], [ 80.515510888000051, 29.640505959000052 ], [ 80.51349426400003, 29.640922646000035 ], [ 80.510278826000047, 29.638941521000049 ], [ 80.506924826000045, 29.638850146000038 ], [ 80.50679182600004, 29.638121084000034 ], [ 80.503126513000041, 29.634254521000059 ], [ 80.500348826000049, 29.632204834000049 ], [ 80.499137764000068, 29.629019646000074 ], [ 80.499076263000063, 29.625525209000045 ], [ 80.496830638000063, 29.624154209000039 ], [ 80.49108332600008, 29.623620209000023 ], [ 80.488639638000052, 29.623721334000038 ], [ 80.481214076000072, 29.623144333000027 ], [ 80.477904452000075, 29.62157264700005 ], [ 80.473802138000053, 29.621766209000043 ], [ 80.468744077000053, 29.620435459000078 ], [ 80.466469201000052, 29.62220389600003 ], [ 80.465244202000065, 29.622435834000044 ], [ 80.461876201000052, 29.624359896000044 ], [ 80.460150014000078, 29.626202646000024 ], [ 80.457724638000059, 29.625049021000052 ], [ 80.451501639000071, 29.625314458000048 ], [ 80.446606889000066, 29.618111772000077 ], [ 80.443650951000052, 29.616547396000044 ], [ 80.443959764000056, 29.611139334000029 ], [ 80.441944951000039, 29.609299209000028 ], [ 80.440033827000036, 29.609027209000033 ], [ 80.437162826000076, 29.610197084000049 ], [ 80.434013138000068, 29.609816021000029 ], [ 80.432503076000046, 29.60765539700003 ], [ 80.429846826000073, 29.606204772000069 ], [ 80.426554013000043, 29.605031084000075 ], [ 80.425059763000036, 29.603136522000057 ], [ 80.425093514000082, 29.599692147000042 ], [ 80.427097888000048, 29.598320271000034 ], [ 80.431610514000056, 29.598111834000065 ], [ 80.432688389000077, 29.596115521000058 ], [ 80.435556701000053, 29.595196146000035 ], [ 80.436338639000041, 29.592621084000029 ], [ 80.43480201400007, 29.590631709000036 ], [ 80.432285701000069, 29.588626896000051 ], [ 80.434098326000083, 29.585607397000047 ], [ 80.433101826000041, 29.583929333000071 ], [ 80.433453014000065, 29.582500646000028 ], [ 80.436493264000035, 29.579366771000025 ], [ 80.43857470100005, 29.575037709000071 ], [ 80.440623201000051, 29.574969647000046 ], [ 80.446610389000057, 29.577509959000054 ], [ 80.448778076000053, 29.579314584000031 ], [ 80.452438888000074, 29.579207896000071 ], [ 80.45411763900006, 29.577892897000027 ], [ 80.455838764000077, 29.575411834000079 ], [ 80.462400826000078, 29.57370389600004 ], [ 80.467023139000048, 29.573271334000026 ], [ 80.468664451000052, 29.570313834000046 ], [ 80.472226201000069, 29.569522709000069 ], [ 80.474007264000079, 29.568496584000059 ], [ 80.476725014000067, 29.569908272000077 ], [ 80.479636951000032, 29.568936084000029 ], [ 80.483572576000086, 29.57166520800007 ], [ 80.490860701000031, 29.573179896000056 ], [ 80.492826763000039, 29.574087459000054 ], [ 80.497817389000033, 29.575209521000033 ], [ 80.501209763000077, 29.575206584000057 ], [ 80.505037514000037, 29.573228959000062 ], [ 80.505802076000066, 29.572160334000046 ], [ 80.506384701000059, 29.568106584000077 ], [ 80.506129014000066, 29.567092772000024 ], [ 80.507831388000056, 29.564917709000042 ], [ 80.508236014000033, 29.561896396000066 ], [ 80.511448327000039, 29.561542833000033 ], [ 80.516415326000072, 29.556968146000031 ], [ 80.518514326000059, 29.553301084000054 ], [ 80.521370764000039, 29.550040522000074 ], [ 80.523130326000057, 29.549433271000055 ], [ 80.524179639000067, 29.547600771000077 ], [ 80.525242138000067, 29.54280195900003 ], [ 80.528013701000077, 29.543881084000077 ], [ 80.530129077000083, 29.546279709000032 ], [ 80.533184077000044, 29.547055209000064 ], [ 80.536324326000056, 29.548383584000078 ], [ 80.539312639000059, 29.550306959000068 ], [ 80.541106888000058, 29.552338896000037 ], [ 80.544970826000053, 29.554116209000028 ], [ 80.548342889000082, 29.553784896000025 ], [ 80.551491702000078, 29.555158022000057 ], [ 80.553841889000068, 29.554802709000057 ], [ 80.556885639000029, 29.55516033400005 ], [ 80.559996513000044, 29.554906708000033 ], [ 80.563001388000032, 29.553942146000054 ], [ 80.564223076000076, 29.552894958000024 ], [ 80.572411326000065, 29.549715959000025 ], [ 80.576591326000084, 29.548412021000047 ], [ 80.578064264000034, 29.549179146000029 ], [ 80.580001263000042, 29.548305521000032 ], [ 80.584578201000056, 29.549271958000077 ], [ 80.588766139000029, 29.549533021000059 ], [ 80.588807013000064, 29.554802771000027 ], [ 80.587793951000037, 29.557912646000034 ], [ 80.588241326000059, 29.559748021000075 ], [ 80.587354763000064, 29.563679396000055 ], [ 80.58864770100007, 29.565724959000079 ], [ 80.588918701000068, 29.568171084000028 ], [ 80.587182201000076, 29.572805897000023 ], [ 80.588268514000049, 29.577296084000068 ], [ 80.589108076000059, 29.578846209000062 ], [ 80.598916576000079, 29.579947709000066 ], [ 80.601665701000059, 29.581789959000048 ], [ 80.602525451000076, 29.584831084000029 ], [ 80.603890139000043, 29.587303021000025 ], [ 80.606887076000078, 29.587140459000068 ], [ 80.61083801400008, 29.587709334000067 ], [ 80.612858263000078, 29.587045272000069 ], [ 80.615093389000037, 29.588333021000039 ], [ 80.615481639000052, 29.590420834000042 ], [ 80.615044951000073, 29.592503959000055 ], [ 80.613957576000075, 29.594050459000073 ], [ 80.615215013000068, 29.59591064600005 ], [ 80.615256576000036, 29.597613896000041 ], [ 80.61655445100007, 29.601939834000063 ], [ 80.614684951000072, 29.603693959000054 ], [ 80.614574451000067, 29.605263646000026 ], [ 80.616266827000061, 29.60664683400006 ], [ 80.617133013000057, 29.60902020900005 ], [ 80.616631263000045, 29.61097002200006 ], [ 80.618410327000049, 29.61260158400006 ], [ 80.619254264000062, 29.615340334000052 ], [ 80.618058014000042, 29.616943021000054 ] ] ] } },
{ "type": "Feature", "properties": { "STATE_CODE": 7, "DISTRICT": "BAITADI", "GaPa_NaPa": "Melauli", "Type_GN": "Nagarpalika", "Province": "Sudur Pashchim" }, "geometry": { "type": "Polygon", "coordinates": [ [ [ 80.476057638000043, 29.485750334000045 ], [ 80.47459370100006, 29.485365521000062 ], [ 80.476213388000076, 29.482601772000066 ], [ 80.475670076000085, 29.479148208000026 ], [ 80.477775202000032, 29.476129146000062 ], [ 80.471032138000055, 29.474117396000054 ], [ 80.469309888000055, 29.473190146000036 ], [ 80.467250388000082, 29.473123271000077 ], [ 80.466041951000079, 29.472243209000055 ], [ 80.462865451000084, 29.472183021000035 ], [ 80.458877014000052, 29.470269709000036 ], [ 80.454372576000083, 29.470452084000044 ], [ 80.450076451000029, 29.467436459000055 ], [ 80.449307452000085, 29.468822834000036 ], [ 80.447442451000029, 29.469744521000052 ], [ 80.441763076000029, 29.469217771000046 ], [ 80.437017576000073, 29.469818146000023 ], [ 80.437092076000056, 29.473299147000034 ], [ 80.439243576000081, 29.473937646000024 ], [ 80.442081076000079, 29.470933521000063 ], [ 80.442548701000078, 29.473056022000037 ], [ 80.444820701000083, 29.473816646000046 ], [ 80.445760639000071, 29.474966521000056 ], [ 80.447442201000058, 29.481621333000078 ], [ 80.446294264000073, 29.48445220900004 ], [ 80.448666014000082, 29.486598333000074 ], [ 80.448087638000061, 29.488301334000028 ], [ 80.446323951000068, 29.489796333000072 ], [ 80.445407888000034, 29.492156646000069 ], [ 80.440713201000051, 29.491403834000039 ], [ 80.436471014000062, 29.489969334000079 ], [ 80.434950263000076, 29.489056021000067 ], [ 80.429379076000032, 29.487507333000053 ], [ 80.427224076000073, 29.485851271000058 ], [ 80.421583326000075, 29.484297458000071 ], [ 80.419140201000062, 29.486860709000041 ], [ 80.412143327000081, 29.485341147000042 ], [ 80.409959889000049, 29.48576683400006 ], [ 80.407461513000044, 29.48425108400005 ], [ 80.405295576000071, 29.484988083000076 ], [ 80.401945763000072, 29.481661584000051 ], [ 80.400519388000077, 29.48126714700004 ], [ 80.398284763000049, 29.477593646000059 ], [ 80.39503895100006, 29.477197584000066 ], [ 80.39187570100006, 29.477977334000059 ], [ 80.386236263000058, 29.477049084000043 ], [ 80.383488889000034, 29.475561084000049 ], [ 80.38188720100004, 29.471423272000038 ], [ 80.380454076000035, 29.469839772000057 ], [ 80.378036639000072, 29.469454083000073 ], [ 80.375015639000083, 29.47055202100006 ], [ 80.371660014000042, 29.472848396000074 ], [ 80.36682638800005, 29.474483521000025 ], [ 80.362717826000051, 29.473956334000036 ], [ 80.360695889000056, 29.474535459000037 ], [ 80.358931701000074, 29.472970396000051 ], [ 80.35942538900008, 29.470915583000078 ], [ 80.357130952000034, 29.469690834000062 ], [ 80.358444827000085, 29.468003083000042 ], [ 80.355545576000054, 29.465751272000034 ], [ 80.350799201000029, 29.465874833000044 ], [ 80.352688451000063, 29.460143021000079 ], [ 80.351897076000057, 29.458733834000043 ], [ 80.349985076000053, 29.457409333000044 ], [ 80.346624388000066, 29.45676577100005 ], [ 80.347746639000036, 29.455408771000066 ], [ 80.350911764000045, 29.453615084000035 ], [ 80.352719139000044, 29.451359084000046 ], [ 80.355895451000038, 29.450921021000056 ], [ 80.356967701000031, 29.449184771000034 ], [ 80.36230226400005, 29.448745709000036 ], [ 80.362847077000083, 29.450604834000046 ], [ 80.364616264000063, 29.451470521000033 ], [ 80.367260889000079, 29.451873333000037 ], [ 80.369907514000033, 29.455348584000035 ], [ 80.371218014000078, 29.456004459000042 ], [ 80.374485389000085, 29.459665271000063 ], [ 80.378531389000045, 29.458278834000055 ], [ 80.381459264000057, 29.457660834000023 ], [ 80.380984076000061, 29.453631959000063 ], [ 80.381862577000049, 29.449338709000074 ], [ 80.381322951000072, 29.447581209000077 ], [ 80.381643264000047, 29.444965958000068 ], [ 80.375852014000031, 29.443053084000042 ], [ 80.37589607700005, 29.442381021000074 ], [ 80.379961827000045, 29.438179396000066 ], [ 80.378386701000068, 29.435036459000059 ], [ 80.377499138000076, 29.431869646000052 ], [ 80.375515139000072, 29.43008952100007 ], [ 80.376945452000029, 29.427957709000054 ], [ 80.376631951000036, 29.426129021000065 ], [ 80.378671827000062, 29.424545959000056 ], [ 80.380710764000071, 29.424014022000051 ], [ 80.380943888000047, 29.422756396000068 ], [ 80.37579738900007, 29.422536084000058 ], [ 80.373349638000036, 29.420828209000035 ], [ 80.372100139000054, 29.42121714600006 ], [ 80.371522264000077, 29.417812584000046 ], [ 80.376006201000052, 29.416252334000035 ], [ 80.378232389000061, 29.416783896000027 ], [ 80.379576827000051, 29.414974208000046 ], [ 80.379434013000036, 29.411176959000045 ], [ 80.381011576000049, 29.409830771000031 ], [ 80.384610326000029, 29.410253522000062 ], [ 80.386781263000046, 29.40957320900003 ], [ 80.389871201000062, 29.41170564600003 ], [ 80.39297051300008, 29.407203646000028 ], [ 80.390978889000053, 29.40472214600004 ], [ 80.391683388000047, 29.401504021000051 ], [ 80.388497076000078, 29.401191646000029 ], [ 80.384937576000084, 29.397944958000039 ], [ 80.381992576000073, 29.398017021000044 ], [ 80.378099701000053, 29.396471708000036 ], [ 80.377894576000074, 29.392814083000076 ], [ 80.377256326000065, 29.390819208000039 ], [ 80.374928263000072, 29.388917896000066 ], [ 80.372627389000058, 29.385489521000068 ], [ 80.374042889000066, 29.383481709000023 ], [ 80.374697014000049, 29.380085209000072 ], [ 80.376294826000048, 29.376932271000044 ], [ 80.375472889000037, 29.373079958000062 ], [ 80.37402432600004, 29.37241670800006 ], [ 80.372198702000048, 29.369304084000078 ], [ 80.369961514000067, 29.368170146000068 ], [ 80.369485951000058, 29.365463146000025 ], [ 80.370403076000059, 29.361073084000054 ], [ 80.369533389000082, 29.35739195900004 ], [ 80.367963763000034, 29.354954896000038 ], [ 80.366379326000072, 29.354241396000077 ], [ 80.370042514000033, 29.350049333000072 ], [ 80.371780763000061, 29.349283771000046 ], [ 80.37313107600005, 29.347528271000044 ], [ 80.375094889000081, 29.348040583000056 ], [ 80.375190451000037, 29.349999083000057 ], [ 80.376229826000042, 29.350412271000039 ], [ 80.378376514000081, 29.349068771000077 ], [ 80.379593701000033, 29.349243584000078 ], [ 80.381076951000068, 29.353917834000072 ], [ 80.383819889000051, 29.353788459000043 ], [ 80.386022014000048, 29.34909964600007 ], [ 80.387947201000031, 29.349189709000029 ], [ 80.388592201000051, 29.351407896000069 ], [ 80.386565326000039, 29.354671834000044 ], [ 80.388049951000085, 29.355910333000054 ], [ 80.39300638900005, 29.357214334000048 ], [ 80.39459363900005, 29.358360708000077 ], [ 80.39933101400004, 29.357594834000054 ], [ 80.401175701000057, 29.358049834000042 ], [ 80.401585701000045, 29.359939771000029 ], [ 80.403584638000041, 29.36067289600004 ], [ 80.405077076000055, 29.358615459000077 ], [ 80.403107888000079, 29.357469709000043 ], [ 80.404189139000039, 29.355983396000056 ], [ 80.407586201000072, 29.356621146000066 ], [ 80.410556576000033, 29.358310396000036 ], [ 80.411932014000058, 29.35977377100005 ], [ 80.413921201000051, 29.359299771000053 ], [ 80.414692701000035, 29.356731459000059 ], [ 80.416114701000083, 29.356006833000038 ], [ 80.419549639000081, 29.361575708000032 ], [ 80.419642013000043, 29.364134271000069 ], [ 80.418932138000059, 29.36691264600006 ], [ 80.420799326000065, 29.368217896000033 ], [ 80.420291701000053, 29.369399958000031 ], [ 80.418270702000029, 29.37041083400004 ], [ 80.417443826000067, 29.37371427100004 ], [ 80.420096576000049, 29.374071021000077 ], [ 80.419669201000033, 29.376189646000057 ], [ 80.421113013000081, 29.378438209000024 ], [ 80.423918139000079, 29.378118771000061 ], [ 80.426281952000068, 29.37978927100005 ], [ 80.427117451000072, 29.385141459000067 ], [ 80.43075938800007, 29.387164771000073 ], [ 80.430694514000038, 29.388703021000026 ], [ 80.432400639000036, 29.389944209000078 ], [ 80.432820451000055, 29.392504146000078 ], [ 80.435649388000058, 29.392958271000055 ], [ 80.437897701000054, 29.394043834000058 ], [ 80.439592076000054, 29.393299771000045 ], [ 80.44180801400006, 29.387840896000057 ], [ 80.443723951000038, 29.387242084000036 ], [ 80.44394438900008, 29.388858147000064 ], [ 80.447069826000074, 29.388891458000046 ], [ 80.446575326000072, 29.39227095900003 ], [ 80.447416201000067, 29.393314396000051 ], [ 80.450172576000057, 29.394577771000058 ], [ 80.452209763000042, 29.392939396000031 ], [ 80.453862326000035, 29.392454396000062 ], [ 80.456535326000051, 29.393300021000073 ], [ 80.459520889000032, 29.396055271000023 ], [ 80.46106670100005, 29.397078897000029 ], [ 80.46219220200004, 29.398845271000027 ], [ 80.464075889000071, 29.399310771000046 ], [ 80.466086951000079, 29.402325834000067 ], [ 80.469091326000068, 29.405044896000049 ], [ 80.471529951000036, 29.405458396000029 ], [ 80.473256826000068, 29.406509709000034 ], [ 80.47115532600003, 29.411392083000067 ], [ 80.467584139000053, 29.411472584000023 ], [ 80.468543201000045, 29.413274333000061 ], [ 80.470179951000034, 29.413456834000044 ], [ 80.472159951000037, 29.414795584000046 ], [ 80.473488201000066, 29.413167646000034 ], [ 80.475386451000077, 29.413181834000056 ], [ 80.47949232700006, 29.416011022000077 ], [ 80.480304951000051, 29.418292584000028 ], [ 80.479657139000039, 29.420575271000075 ], [ 80.478071826000075, 29.422969271000056 ], [ 80.475157764000073, 29.422716521000041 ], [ 80.474019139000063, 29.423839896000061 ], [ 80.472122013000046, 29.423929396000062 ], [ 80.470040701000073, 29.425396458000023 ], [ 80.475702013000046, 29.428820646000077 ], [ 80.474974951000036, 29.43351670900006 ], [ 80.47524882600004, 29.435015646000068 ], [ 80.477480764000063, 29.436750146000065 ], [ 80.479699889000074, 29.437031834000038 ], [ 80.480141576000051, 29.439812771000049 ], [ 80.477865701000042, 29.440593397000043 ], [ 80.478549702000066, 29.442339834000052 ], [ 80.481935701000054, 29.446084209000048 ], [ 80.487086138000052, 29.446379334000028 ], [ 80.489715389000082, 29.444142646000046 ], [ 80.49166695100007, 29.443527459000052 ], [ 80.492934514000069, 29.444786584000042 ], [ 80.49254638900004, 29.446138584000039 ], [ 80.494873013000074, 29.448766458000023 ], [ 80.495304263000037, 29.451784147000069 ], [ 80.492500888000052, 29.452953271000069 ], [ 80.492233139000064, 29.455988646000037 ], [ 80.494294826000043, 29.457183084000064 ], [ 80.494333889000075, 29.459371396000051 ], [ 80.493575451000083, 29.46286727200004 ], [ 80.49361213800006, 29.465854146000027 ], [ 80.490921513000046, 29.466353709000032 ], [ 80.489072639000085, 29.467341459000068 ], [ 80.48643951400004, 29.466665833000036 ], [ 80.485417951000045, 29.470133646000079 ], [ 80.487247951000029, 29.47045877100004 ], [ 80.487110202000054, 29.472091458000079 ], [ 80.490333513000053, 29.472913646000052 ], [ 80.490778764000083, 29.476283334000073 ], [ 80.489244076000034, 29.47828508300006 ], [ 80.487797076000049, 29.477832896000052 ], [ 80.485512389000064, 29.480068646000063 ], [ 80.483258013000068, 29.480001271000049 ], [ 80.482309201000078, 29.481157084000074 ], [ 80.47876132600004, 29.481301146000078 ], [ 80.477288513000076, 29.481854833000057 ], [ 80.478015576000075, 29.483626271000048 ], [ 80.476057638000043, 29.485750334000045 ] ] ] } },
{ "type": "Feature", "properties": { "STATE_CODE": 7, "DISTRICT": "BAITADI", "GaPa_NaPa": "Pancheshwar", "Type_GN": "Gaunpalika", "Province": "Sudur Pashchim" }, "geometry": { "type": "Polygon", "coordinates": [ [ [ 80.419140201000062, 29.486860709000041 ], [ 80.417604639000047, 29.488451083000029 ], [ 80.417277826000031, 29.490432459000033 ], [ 80.414592389000063, 29.493432209000048 ], [ 80.414326139000082, 29.495454521000056 ], [ 80.409353263000071, 29.499109522000026 ], [ 80.408667138000055, 29.500802833000023 ], [ 80.406523201000084, 29.502681396000071 ], [ 80.401762576000067, 29.502423208000039 ], [ 80.398880388000066, 29.501771833000078 ], [ 80.395692514000075, 29.500115146000041 ], [ 80.391655951000075, 29.498896646000048 ], [ 80.388110264000034, 29.498990896000066 ], [ 80.382365638000067, 29.500563709000062 ], [ 80.379839076000053, 29.500718896000024 ], [ 80.378343513000061, 29.501593959000047 ], [ 80.376454076000073, 29.50409127100005 ], [ 80.375749889000076, 29.506014459000028 ], [ 80.375910014000056, 29.512229896000065 ], [ 80.370006389000082, 29.514378896000039 ], [ 80.368405326000072, 29.515693209000062 ], [ 80.365867514000058, 29.516245084000047 ], [ 80.363046639000061, 29.517627958000048 ], [ 80.362384076000069, 29.518813584000043 ], [ 80.359915951000062, 29.519194209000034 ], [ 80.358206388000042, 29.520489834000045 ], [ 80.352763639000045, 29.522290584000075 ], [ 80.350055826000073, 29.523529333000056 ], [ 80.351574827000036, 29.519884646000037 ], [ 80.351346951000039, 29.518906771000047 ], [ 80.348505013000079, 29.515825022000058 ], [ 80.347042014000067, 29.513663584000028 ], [ 80.342973576000077, 29.509957584000063 ], [ 80.340401264000036, 29.510468146000051 ], [ 80.337110014000075, 29.512660209000046 ], [ 80.333740202000058, 29.512749396000061 ], [ 80.332509014000038, 29.508127896000076 ], [ 80.330404577000081, 29.505333647000043 ], [ 80.323759013000085, 29.503026208000051 ], [ 80.316823889000034, 29.500001834000045 ], [ 80.314695639000035, 29.497581709000031 ], [ 80.314640263000058, 29.496140021000031 ], [ 80.316120326000032, 29.49260152100004 ], [ 80.316337639000039, 29.489857396000048 ], [ 80.315874514000029, 29.486487083000043 ], [ 80.314754889000085, 29.484514271000023 ], [ 80.310940576000064, 29.485462271000074 ], [ 80.307733763000044, 29.485601272000054 ], [ 80.30485113900005, 29.486966834000043 ], [ 80.302529451000055, 29.49057295800003 ], [ 80.299949326000046, 29.490245833000074 ], [ 80.297675763000029, 29.487856271000055 ], [ 80.298173076000069, 29.484159396000052 ], [ 80.294721201000073, 29.478878397000074 ], [ 80.293769514000076, 29.478228209000065 ], [ 80.290319389000047, 29.478207584000074 ], [ 80.288656639000067, 29.47739789600007 ], [ 80.288297638000074, 29.475040896000053 ], [ 80.289702451000039, 29.472030208000035 ], [ 80.292077888000051, 29.470060021000052 ], [ 80.293709202000059, 29.466522584000074 ], [ 80.296426951000058, 29.463484896000068 ], [ 80.298209951000047, 29.460417397000072 ], [ 80.30286613800007, 29.457114646000036 ], [ 80.304511951000052, 29.454459021000048 ], [ 80.304189076000057, 29.453092646000073 ], [ 80.301112014000068, 29.451086896000049 ], [ 80.298973763000049, 29.450782396000079 ], [ 80.29801720100005, 29.453179772000055 ], [ 80.29549176300003, 29.453701084000045 ], [ 80.29140688800004, 29.450746833000039 ], [ 80.289160826000057, 29.450204771000074 ], [ 80.287733076000052, 29.45165664600006 ], [ 80.283160826000085, 29.450930521000032 ], [ 80.281625764000069, 29.451229084000033 ], [ 80.280672451000044, 29.453919584000062 ], [ 80.282278514000041, 29.456766021000078 ], [ 80.280789577000064, 29.458506271000033 ], [ 80.277143139000032, 29.458414334000054 ], [ 80.272959638000032, 29.456871147000072 ], [ 80.270861701000058, 29.455034709000074 ], [ 80.271616264000045, 29.453816208000035 ], [ 80.274776139000039, 29.45321083400006 ], [ 80.276669514000048, 29.451008209000065 ], [ 80.275491951000049, 29.449463396000056 ], [ 80.271999264000044, 29.450666959000046 ], [ 80.268861764000064, 29.448612771000057 ], [ 80.263611888000071, 29.449986959000057 ], [ 80.260978639000029, 29.45168902100005 ], [ 80.259163639000064, 29.451627084000052 ], [ 80.257319014000075, 29.448045896000053 ], [ 80.253101639000079, 29.447000396000078 ], [ 80.247697577000054, 29.446728646000054 ], [ 80.245461014000057, 29.445477521000043 ], [ 80.244640201000038, 29.443767521000041 ], [ 80.244702951000079, 29.441121834000057 ], [ 80.246923951000042, 29.439586958000064 ], [ 80.248996202000058, 29.436848833000056 ], [ 80.24905407600005, 29.43239402200004 ], [ 80.248320764000084, 29.429793396000036 ], [ 80.24567045100008, 29.423457708000058 ], [ 80.245777201000067, 29.420306958000026 ], [ 80.247643201000074, 29.416087896000079 ], [ 80.246701826000049, 29.414550896000037 ], [ 80.244663013000036, 29.413474647000044 ], [ 80.243326952000075, 29.411585708000075 ], [ 80.244887264000056, 29.410500522000063 ], [ 80.246736701000032, 29.408162709000067 ], [ 80.249638889000039, 29.406338334000054 ], [ 80.254702576000057, 29.404503458000079 ], [ 80.256590326000037, 29.403404146000071 ], [ 80.259292013000049, 29.400901709000038 ], [ 80.262393263000035, 29.399721083000031 ], [ 80.265799452000067, 29.397193084000037 ], [ 80.270860826000046, 29.395529021000073 ], [ 80.273446138000054, 29.395186709000029 ], [ 80.275491701000078, 29.393880458000069 ], [ 80.277252639000039, 29.391489834000026 ], [ 80.274602951000077, 29.387859333000051 ], [ 80.274616764000029, 29.386181084000043 ], [ 80.276776701000074, 29.382854208000026 ], [ 80.279789638000068, 29.380438771000058 ], [ 80.280161388000067, 29.37807895800006 ], [ 80.275988076000033, 29.376544959000057 ], [ 80.272985764000055, 29.373659209000039 ], [ 80.273350014000073, 29.371105334000049 ], [ 80.275966638000057, 29.372382833000074 ], [ 80.27694045100003, 29.369656334000069 ], [ 80.280658451000079, 29.369841147000045 ], [ 80.282782263000058, 29.369417208000073 ], [ 80.284765576000041, 29.36980002100006 ], [ 80.28597545100007, 29.371457771000053 ], [ 80.287980702000084, 29.372668584000053 ], [ 80.289085764000049, 29.374688958000036 ], [ 80.290938639000046, 29.375605646000054 ], [ 80.290727889000038, 29.377355021000028 ], [ 80.293779013000062, 29.381368584000029 ], [ 80.297883264000063, 29.382380521000073 ], [ 80.298992201000033, 29.384299334000048 ], [ 80.29900632600004, 29.386462708000067 ], [ 80.30063851400007, 29.392528146000075 ], [ 80.303383514000075, 29.392486146000067 ], [ 80.30426888900007, 29.393503647000045 ], [ 80.308922702000075, 29.394764021000071 ], [ 80.311991701000068, 29.392670708000026 ], [ 80.316615951000074, 29.390946208000059 ], [ 80.318884888000071, 29.390838334000023 ], [ 80.320916014000034, 29.386858084000039 ], [ 80.323108951000052, 29.384243459000061 ], [ 80.32669226400003, 29.383122396000033 ], [ 80.33077895100007, 29.38687870900003 ], [ 80.329739889000052, 29.389819521000049 ], [ 80.331621764000033, 29.390399709000064 ], [ 80.330238576000056, 29.392443271000047 ], [ 80.33140832600003, 29.394626021000079 ], [ 80.333583701000066, 29.395038459000034 ], [ 80.335838701000057, 29.396536334000075 ], [ 80.339016138000034, 29.39726495900004 ], [ 80.346014638000042, 29.395693334000043 ], [ 80.347106889000031, 29.394642959000066 ], [ 80.34933238900004, 29.394976396000061 ], [ 80.350546826000084, 29.396588459000043 ], [ 80.352041014000065, 29.397141646000023 ], [ 80.352284139000062, 29.400289709000049 ], [ 80.353049764000048, 29.402907959000061 ], [ 80.350363389000051, 29.405380772000058 ], [ 80.349796138000045, 29.408592584000075 ], [ 80.344965014000081, 29.409083271000043 ], [ 80.340456639000081, 29.410622021000052 ], [ 80.339413576000084, 29.411796646000028 ], [ 80.342487826000081, 29.412827021000055 ], [ 80.344538451000062, 29.414136459000076 ], [ 80.345274951000079, 29.416005646000031 ], [ 80.347437639000077, 29.418172834000075 ], [ 80.347540389000073, 29.420550958000035 ], [ 80.349134764000041, 29.420745959000044 ], [ 80.352244388000031, 29.422554459000025 ], [ 80.35510170200007, 29.422660834000055 ], [ 80.355680076000056, 29.424069021000037 ], [ 80.354794201000061, 29.425754334000032 ], [ 80.35675132700004, 29.428215959000056 ], [ 80.354568576000077, 29.435099146000027 ], [ 80.358058139000036, 29.437432709000063 ], [ 80.357684513000038, 29.438757334000059 ], [ 80.359274013000061, 29.44054708300007 ], [ 80.361312013000031, 29.441418584000075 ], [ 80.362811763000082, 29.444755334000035 ], [ 80.36213276400008, 29.446222896000052 ], [ 80.364417764000052, 29.447129396000037 ], [ 80.36230226400005, 29.448745709000036 ], [ 80.356967701000031, 29.449184771000034 ], [ 80.355895451000038, 29.450921021000056 ], [ 80.352719139000044, 29.451359084000046 ], [ 80.350911764000045, 29.453615084000035 ], [ 80.347746639000036, 29.455408771000066 ], [ 80.346624388000066, 29.45676577100005 ], [ 80.349985076000053, 29.457409333000044 ], [ 80.351897076000057, 29.458733834000043 ], [ 80.352688451000063, 29.460143021000079 ], [ 80.350799201000029, 29.465874833000044 ], [ 80.355545576000054, 29.465751272000034 ], [ 80.358444827000085, 29.468003083000042 ], [ 80.357130952000034, 29.469690834000062 ], [ 80.35942538900008, 29.470915583000078 ], [ 80.358931701000074, 29.472970396000051 ], [ 80.360695889000056, 29.474535459000037 ], [ 80.362717826000051, 29.473956334000036 ], [ 80.36682638800005, 29.474483521000025 ], [ 80.371660014000042, 29.472848396000074 ], [ 80.375015639000083, 29.47055202100006 ], [ 80.378036639000072, 29.469454083000073 ], [ 80.380454076000035, 29.469839772000057 ], [ 80.38188720100004, 29.471423272000038 ], [ 80.383488889000034, 29.475561084000049 ], [ 80.386236263000058, 29.477049084000043 ], [ 80.39187570100006, 29.477977334000059 ], [ 80.39503895100006, 29.477197584000066 ], [ 80.398284763000049, 29.477593646000059 ], [ 80.400519388000077, 29.48126714700004 ], [ 80.401945763000072, 29.481661584000051 ], [ 80.405295576000071, 29.484988083000076 ], [ 80.407461513000044, 29.48425108400005 ], [ 80.409959889000049, 29.48576683400006 ], [ 80.412143327000081, 29.485341147000042 ], [ 80.419140201000062, 29.486860709000041 ] ] ] } },
{ "type": "Feature", "properties": { "STATE_CODE": 7, "DISTRICT": "BAITADI", "GaPa_NaPa": "Patan", "Type_GN": "Nagarpalika", "Province": "Sudur Pashchim" }, "geometry": { "type": "Polygon", "coordinates": [ [ [ 80.666994451000051, 29.489767021000034 ], [ 80.661285451000083, 29.489294647000065 ], [ 80.65661288900003, 29.488035209000032 ], [ 80.656446201000051, 29.489392771000041 ], [ 80.654090076000045, 29.489095708000036 ], [ 80.653161388000058, 29.490649771000051 ], [ 80.650807388000032, 29.490754146000029 ], [ 80.64996151400004, 29.491541521000045 ], [ 80.64708351400003, 29.49151583400004 ], [ 80.645509264000054, 29.490699584000026 ], [ 80.643838826000035, 29.488279083000066 ], [ 80.641279388000044, 29.486681833000034 ], [ 80.64126557600008, 29.48419808400007 ], [ 80.639782138000044, 29.483436146000031 ], [ 80.635882638000055, 29.483887959000072 ], [ 80.633960702000081, 29.48642052100007 ], [ 80.632794764000039, 29.488950646000035 ], [ 80.629942327000037, 29.488520896000068 ], [ 80.628328076000059, 29.48754864600005 ], [ 80.628644013000041, 29.484695834000036 ], [ 80.625940826000033, 29.48349945800004 ], [ 80.626012826000078, 29.485374271000069 ], [ 80.624053451000066, 29.488899146000051 ], [ 80.619662826000081, 29.488812209000059 ], [ 80.616607764000037, 29.488090584000076 ], [ 80.611876264000045, 29.489164209000023 ], [ 80.611952014000053, 29.491533084000025 ], [ 80.610424514000044, 29.492049709000071 ], [ 80.610527514000069, 29.494017084000063 ], [ 80.609218139000063, 29.494462146000046 ], [ 80.607709138000075, 29.496756521000066 ], [ 80.606255076000082, 29.496664147000047 ], [ 80.604111264000039, 29.497729272000072 ], [ 80.603568326000072, 29.501973209000028 ], [ 80.602366764000067, 29.503090771000075 ], [ 80.598869139000044, 29.503093771000067 ], [ 80.596129013000052, 29.503593083000055 ], [ 80.590852201000075, 29.503204708000055 ], [ 80.587435638000045, 29.504121333000057 ], [ 80.585030138000036, 29.50389952200004 ], [ 80.583942076000085, 29.504789521000077 ], [ 80.580291888000033, 29.505574271000057 ], [ 80.578209076000064, 29.505184209000049 ], [ 80.577711888000067, 29.509795834000045 ], [ 80.578682514000036, 29.51136445800006 ], [ 80.57851882600005, 29.514070897000067 ], [ 80.57691232600007, 29.513986833000047 ], [ 80.57672832600008, 29.511258958000042 ], [ 80.572854201000041, 29.508266646000038 ], [ 80.565874888000053, 29.505356584000026 ], [ 80.562317139000072, 29.504557584000054 ], [ 80.555605201000049, 29.505155708000075 ], [ 80.55009263900007, 29.50452133400006 ], [ 80.547671763000039, 29.502029459000028 ], [ 80.543767263000063, 29.501192709000065 ], [ 80.538483263000046, 29.50176102100005 ], [ 80.534187201000066, 29.504166521000059 ], [ 80.527589576000082, 29.506144208000023 ], [ 80.524682514000062, 29.505159334000041 ], [ 80.519207076000043, 29.501149084000076 ], [ 80.51648338800004, 29.505926083000077 ], [ 80.512491451000074, 29.508293646000027 ], [ 80.511025701000051, 29.509815459000038 ], [ 80.50957857700007, 29.513493896000057 ], [ 80.508714763000057, 29.518591083000047 ], [ 80.505346389000067, 29.514511396000046 ], [ 80.500889263000033, 29.51182383400004 ], [ 80.501505763000068, 29.509227458000055 ], [ 80.504162764000057, 29.506067959000063 ], [ 80.504329576000032, 29.50286077100003 ], [ 80.505565576000038, 29.497755959000074 ], [ 80.507865201000072, 29.492783584000051 ], [ 80.510362576000034, 29.489115834000074 ], [ 80.510891638000032, 29.486056584000039 ], [ 80.508145951000074, 29.485051646000045 ], [ 80.505063514000085, 29.485978647000024 ], [ 80.503624076000051, 29.487495958000068 ], [ 80.501720888000079, 29.488145334000023 ], [ 80.498794452000084, 29.486934209000026 ], [ 80.495033952000085, 29.486513959000035 ], [ 80.494495701000062, 29.487308209000048 ], [ 80.495628576000058, 29.489572833000068 ], [ 80.492637577000039, 29.491431584000054 ], [ 80.490328326000053, 29.491664083000046 ], [ 80.486378763000062, 29.493546084000059 ], [ 80.484259764000058, 29.491640709000023 ], [ 80.482847764000041, 29.491364521000037 ], [ 80.476271514000075, 29.48828439600004 ], [ 80.476057638000043, 29.485750334000045 ], [ 80.478015576000075, 29.483626271000048 ], [ 80.477288513000076, 29.481854833000057 ], [ 80.47876132600004, 29.481301146000078 ], [ 80.482309201000078, 29.481157084000074 ], [ 80.483258013000068, 29.480001271000049 ], [ 80.485512389000064, 29.480068646000063 ], [ 80.487797076000049, 29.477832896000052 ], [ 80.489244076000034, 29.47828508300006 ], [ 80.490778764000083, 29.476283334000073 ], [ 80.490333513000053, 29.472913646000052 ], [ 80.487110202000054, 29.472091458000079 ], [ 80.487247951000029, 29.47045877100004 ], [ 80.485417951000045, 29.470133646000079 ], [ 80.48643951400004, 29.466665833000036 ], [ 80.489072639000085, 29.467341459000068 ], [ 80.490921513000046, 29.466353709000032 ], [ 80.49361213800006, 29.465854146000027 ], [ 80.493575451000083, 29.46286727200004 ], [ 80.494333889000075, 29.459371396000051 ], [ 80.494294826000043, 29.457183084000064 ], [ 80.492233139000064, 29.455988646000037 ], [ 80.492500888000052, 29.452953271000069 ], [ 80.495304263000037, 29.451784147000069 ], [ 80.494873013000074, 29.448766458000023 ], [ 80.49254638900004, 29.446138584000039 ], [ 80.492934514000069, 29.444786584000042 ], [ 80.49166695100007, 29.443527459000052 ], [ 80.489715389000082, 29.444142646000046 ], [ 80.487086138000052, 29.446379334000028 ], [ 80.481935701000054, 29.446084209000048 ], [ 80.478549702000066, 29.442339834000052 ], [ 80.477865701000042, 29.440593397000043 ], [ 80.480141576000051, 29.439812771000049 ], [ 80.479699889000074, 29.437031834000038 ], [ 80.477480764000063, 29.436750146000065 ], [ 80.47524882600004, 29.435015646000068 ], [ 80.474974951000036, 29.43351670900006 ], [ 80.475702013000046, 29.428820646000077 ], [ 80.470040701000073, 29.425396458000023 ], [ 80.472122013000046, 29.423929396000062 ], [ 80.474019139000063, 29.423839896000061 ], [ 80.475157764000073, 29.422716521000041 ], [ 80.478071826000075, 29.422969271000056 ], [ 80.479657139000039, 29.420575271000075 ], [ 80.480304951000051, 29.418292584000028 ], [ 80.47949232700006, 29.416011022000077 ], [ 80.475386451000077, 29.413181834000056 ], [ 80.473488201000066, 29.413167646000034 ], [ 80.472159951000037, 29.414795584000046 ], [ 80.470179951000034, 29.413456834000044 ], [ 80.468543201000045, 29.413274333000061 ], [ 80.467584139000053, 29.411472584000023 ], [ 80.47115532600003, 29.411392083000067 ], [ 80.473256826000068, 29.406509709000034 ], [ 80.471529951000036, 29.405458396000029 ], [ 80.469091326000068, 29.405044896000049 ], [ 80.466086951000079, 29.402325834000067 ], [ 80.464075889000071, 29.399310771000046 ], [ 80.46219220200004, 29.398845271000027 ], [ 80.46106670100005, 29.397078897000029 ], [ 80.459520889000032, 29.396055271000023 ], [ 80.46332076300007, 29.39414858400005 ], [ 80.465807451000046, 29.392162146000032 ], [ 80.469193951000079, 29.390923709000049 ], [ 80.470801952000045, 29.391500834000055 ], [ 80.478798451000046, 29.387803396000038 ], [ 80.481503888000077, 29.385702459000072 ], [ 80.48409663800004, 29.386835959000052 ], [ 80.487888076000047, 29.390816334000078 ], [ 80.488894263000077, 29.392448958000045 ], [ 80.491518701000075, 29.394367522000039 ], [ 80.497281889000078, 29.396839209000063 ], [ 80.50110632600007, 29.397424271000034 ], [ 80.504234889000031, 29.398850333000041 ], [ 80.509295576000056, 29.394364146000044 ], [ 80.511898138000049, 29.394619583000065 ], [ 80.517990139000062, 29.392345271000067 ], [ 80.52414888900006, 29.392766646000041 ], [ 80.524871326000039, 29.39230002100004 ], [ 80.53063032600005, 29.39178127200006 ], [ 80.533752826000068, 29.391993021000076 ], [ 80.538857451000069, 29.393316896000044 ], [ 80.544492139000056, 29.398574396000072 ], [ 80.549630138000055, 29.398711459000026 ], [ 80.549063389000082, 29.402138458000024 ], [ 80.549153263000051, 29.405116458000066 ], [ 80.549794076000069, 29.409091146000037 ], [ 80.549502763000078, 29.411377709000078 ], [ 80.550602889000061, 29.415053959000034 ], [ 80.55198763900006, 29.418180709000069 ], [ 80.554086263000045, 29.418512583000052 ], [ 80.555340326000078, 29.417436209000073 ], [ 80.558076264000078, 29.417258083000036 ], [ 80.563595826000039, 29.415011396000068 ], [ 80.566643701000032, 29.415770271000042 ], [ 80.57345138800008, 29.414359771000079 ], [ 80.577996451000047, 29.411818334000031 ], [ 80.578257013000041, 29.409076084000048 ], [ 80.580393576000063, 29.40609377100003 ], [ 80.582236014000046, 29.401143397000055 ], [ 80.583288701000072, 29.399272084000074 ], [ 80.583178138000051, 29.396679709000068 ], [ 80.593499889000043, 29.396059646000026 ], [ 80.596416451000039, 29.396952834000047 ], [ 80.599214201000052, 29.397119209000039 ], [ 80.602542514000049, 29.396682458000043 ], [ 80.607812513000056, 29.396804146000079 ], [ 80.613034576000075, 29.395592209000029 ], [ 80.617313951000085, 29.396538458000066 ], [ 80.622899952000068, 29.394131583000046 ], [ 80.624392138000076, 29.392913083000053 ], [ 80.62491870100007, 29.389815021000061 ], [ 80.628187073000049, 29.388220215000047 ], [ 80.633011827000075, 29.387610963000043 ], [ 80.634354264000081, 29.386536334000027 ], [ 80.637156956000069, 29.38558977200006 ], [ 80.639842139000052, 29.386939334000033 ], [ 80.646788760000049, 29.386405206000063 ], [ 80.649002139000061, 29.384525146000044 ], [ 80.652211388000069, 29.382528021000041 ], [ 80.655779075000055, 29.385079705000066 ], [ 80.658282825000072, 29.389523458000042 ], [ 80.659318701000075, 29.392138396000064 ], [ 80.663306764000083, 29.392432771000074 ], [ 80.664355200000045, 29.393042272000059 ], [ 80.665345947000048, 29.395235214000024 ], [ 80.667312894000077, 29.396699709000075 ], [ 80.672635201000048, 29.399149271000056 ], [ 80.676228514000059, 29.399539333000064 ], [ 80.678185076000034, 29.399074771000073 ], [ 80.680395514000054, 29.401626896000039 ], [ 80.680586014000085, 29.404988708000076 ], [ 80.679509389000032, 29.407361584000057 ], [ 80.679716451000047, 29.409728459000064 ], [ 80.677665639000054, 29.413269771000046 ], [ 80.674385076000078, 29.414637896000045 ], [ 80.67397795100004, 29.415956584000071 ], [ 80.671240764000061, 29.417474834000075 ], [ 80.670614139000065, 29.418930584000066 ], [ 80.672620014000074, 29.419957458000056 ], [ 80.675561013000049, 29.420521834000056 ], [ 80.679054514000029, 29.423688521000031 ], [ 80.683783576000053, 29.425107521000029 ], [ 80.689850639000042, 29.422983208000062 ], [ 80.691023701000063, 29.422252771000046 ], [ 80.693700451000041, 29.421995021000043 ], [ 80.698003763000031, 29.419839209000031 ], [ 80.704294451000067, 29.419587084000057 ], [ 80.707203888000038, 29.41739627100003 ], [ 80.708019764000085, 29.414663959000052 ], [ 80.713720326000043, 29.414315396000063 ], [ 80.715289263000045, 29.414975209000033 ], [ 80.720288951000043, 29.418631334000054 ], [ 80.717551076000063, 29.42343958400005 ], [ 80.714283263000084, 29.426778084000034 ], [ 80.712187076000077, 29.429557396000064 ], [ 80.707668201000047, 29.431259709000074 ], [ 80.706062389000067, 29.432814959000041 ], [ 80.70441813900004, 29.435362708000071 ], [ 80.700010701000053, 29.437523084000077 ], [ 80.70012326300008, 29.435709521000035 ], [ 80.696254951000071, 29.434182583000052 ], [ 80.692885763000049, 29.436394646000053 ], [ 80.691240138000069, 29.438752709000028 ], [ 80.687206764000052, 29.439059146000034 ], [ 80.686349826000082, 29.437381021000078 ], [ 80.683285514000033, 29.439131021000037 ], [ 80.682209389000036, 29.442902584000024 ], [ 80.676993014000061, 29.44598058400004 ], [ 80.674387514000045, 29.448304522000058 ], [ 80.67280745100004, 29.451332584000056 ], [ 80.672769388000063, 29.452746896000065 ], [ 80.674413076000064, 29.454323271000078 ], [ 80.674316826000052, 29.456921771000054 ], [ 80.675000139000076, 29.458369459000039 ], [ 80.673469013000044, 29.461072771000033 ], [ 80.673815638000065, 29.464114522000045 ], [ 80.673215764000076, 29.465877147000072 ], [ 80.673607701000037, 29.469469396000079 ], [ 80.672862326000029, 29.47268445900005 ], [ 80.675147951000042, 29.475275271000044 ], [ 80.676808638000068, 29.47924508400007 ], [ 80.67703595100005, 29.480736771000068 ], [ 80.675687264000032, 29.481622271000049 ], [ 80.674893639000061, 29.48407245900006 ], [ 80.673395951000032, 29.485571209000057 ], [ 80.667821263000064, 29.488158396000074 ], [ 80.666994451000051, 29.489767021000034 ] ] ] } },
{ "type": "Feature", "properties": { "STATE_CODE": 7, "DISTRICT": "BAITADI", "GaPa_NaPa": "Purchaudi", "Type_GN": "Nagarpalika", "Province": "Sudur Pashchim" }, "geometry": { "type": "Polygon", "coordinates": [ [ [ 80.764716264000072, 29.661964959000045 ], [ 80.759943263000082, 29.663348272000064 ], [ 80.755596327000035, 29.665395334000038 ], [ 80.748824951000074, 29.666930146000027 ], [ 80.747366389000035, 29.668510959000059 ], [ 80.747038389000068, 29.671068396000067 ], [ 80.744556076000038, 29.674343584000042 ], [ 80.741225888000031, 29.675862022000047 ], [ 80.739072201000056, 29.675075084000071 ], [ 80.736112264000042, 29.675982771000065 ], [ 80.734023826000055, 29.674945521000041 ], [ 80.737028701000042, 29.672014397000055 ], [ 80.739427576000082, 29.665989397000033 ], [ 80.738147389000062, 29.66472589600005 ], [ 80.733386076000045, 29.663453146000052 ], [ 80.731536763000065, 29.663390771000024 ], [ 80.728880139000069, 29.664260522000063 ], [ 80.727570014000037, 29.665785084000049 ], [ 80.723457889000031, 29.665735959000074 ], [ 80.720517263000033, 29.667561521000039 ], [ 80.71681495100006, 29.671386209000048 ], [ 80.715505076000056, 29.674685959000044 ], [ 80.713973951000071, 29.676807584000073 ], [ 80.709180451000066, 29.676152022000053 ], [ 80.706038264000085, 29.677924896000036 ], [ 80.703967013000067, 29.678495522000048 ], [ 80.699915139000041, 29.67835558400003 ], [ 80.696861639000076, 29.679629897000041 ], [ 80.69699982700007, 29.677374459000077 ], [ 80.696199576000083, 29.676321396000048 ], [ 80.696887826000079, 29.673164897000049 ], [ 80.695901951000053, 29.669873647000031 ], [ 80.693928451000033, 29.668567522000046 ], [ 80.691295201000059, 29.669019334000041 ], [ 80.687698514000033, 29.670905708000078 ], [ 80.687013138000054, 29.673353959000053 ], [ 80.681522701000063, 29.675540271000045 ], [ 80.675322201000085, 29.676041833000056 ], [ 80.676015827000072, 29.671798084000045 ], [ 80.677005139000073, 29.669504147000055 ], [ 80.677300826000078, 29.666482084000052 ], [ 80.678585639000062, 29.661991646000047 ], [ 80.682718826000041, 29.657927646000076 ], [ 80.683719514000074, 29.65653370900003 ], [ 80.682719951000081, 29.654792084000064 ], [ 80.680502826000065, 29.652912271000048 ], [ 80.679002388000072, 29.65306195900007 ], [ 80.675176076000071, 29.652269896000064 ], [ 80.672589013000049, 29.651135646000057 ], [ 80.67211126400008, 29.649528334000024 ], [ 80.668330139000034, 29.645368209000026 ], [ 80.665155576000075, 29.643487959000026 ], [ 80.664918889000035, 29.638438896000025 ], [ 80.665464139000051, 29.636087459000066 ], [ 80.667509639000059, 29.634315021000077 ], [ 80.664835952000033, 29.630446334000055 ], [ 80.664625138000076, 29.624810834000073 ], [ 80.662426888000084, 29.620356771000047 ], [ 80.661038576000067, 29.613969334000046 ], [ 80.65928438800006, 29.615370208000058 ], [ 80.65836282600003, 29.617436396000073 ], [ 80.656154076000064, 29.61697502100003 ], [ 80.654455139000049, 29.619657271000051 ], [ 80.65496395100007, 29.621977583000046 ], [ 80.653962139000043, 29.623754772000041 ], [ 80.648461889000032, 29.622585333000075 ], [ 80.647906576000082, 29.620398021000028 ], [ 80.646232389000033, 29.619430334000072 ], [ 80.644607701000041, 29.621749459000057 ], [ 80.642894826000031, 29.620592146000035 ], [ 80.642756452000071, 29.618277334000027 ], [ 80.64150376300006, 29.617872396000053 ], [ 80.636038326000062, 29.619700521000027 ], [ 80.635105201000044, 29.61783239600004 ], [ 80.632679951000057, 29.618188896000049 ], [ 80.63032288900007, 29.620187771000076 ], [ 80.629212702000075, 29.620186896000064 ], [ 80.627687451000043, 29.618517834000045 ], [ 80.624876451000034, 29.618006896000054 ], [ 80.623029014000053, 29.619522084000039 ], [ 80.620859639000059, 29.617104459000075 ], [ 80.618058014000042, 29.616943021000054 ], [ 80.619254264000062, 29.615340334000052 ], [ 80.618410327000049, 29.61260158400006 ], [ 80.616631263000045, 29.61097002200006 ], [ 80.617133013000057, 29.60902020900005 ], [ 80.616266827000061, 29.60664683400006 ], [ 80.614574451000067, 29.605263646000026 ], [ 80.614684951000072, 29.603693959000054 ], [ 80.61655445100007, 29.601939834000063 ], [ 80.615256576000036, 29.597613896000041 ], [ 80.615215013000068, 29.59591064600005 ], [ 80.613957576000075, 29.594050459000073 ], [ 80.615044951000073, 29.592503959000055 ], [ 80.615481639000052, 29.590420834000042 ], [ 80.615093389000037, 29.588333021000039 ], [ 80.612858263000078, 29.587045272000069 ], [ 80.61083801400008, 29.587709334000067 ], [ 80.606887076000078, 29.587140459000068 ], [ 80.603890139000043, 29.587303021000025 ], [ 80.602525451000076, 29.584831084000029 ], [ 80.601665701000059, 29.581789959000048 ], [ 80.598916576000079, 29.579947709000066 ], [ 80.589108076000059, 29.578846209000062 ], [ 80.588268514000049, 29.577296084000068 ], [ 80.587182201000076, 29.572805897000023 ], [ 80.588918701000068, 29.568171084000028 ], [ 80.58864770100007, 29.565724959000079 ], [ 80.587354763000064, 29.563679396000055 ], [ 80.588241326000059, 29.559748021000075 ], [ 80.587793951000037, 29.557912646000034 ], [ 80.588807013000064, 29.554802771000027 ], [ 80.588766139000029, 29.549533021000059 ], [ 80.59280738800004, 29.548273209000058 ], [ 80.596337326000082, 29.549777334000055 ], [ 80.598563201000047, 29.551922584000067 ], [ 80.600078889000031, 29.552617459000032 ], [ 80.603421451000031, 29.552119896000079 ], [ 80.608496389000038, 29.552412396000079 ], [ 80.612569264000058, 29.553822959000058 ], [ 80.620820451000043, 29.55163377100007 ], [ 80.621074638000039, 29.547384521000026 ], [ 80.622784138000043, 29.542627334000031 ], [ 80.625839201000076, 29.539256834000071 ], [ 80.626873138000065, 29.539677022000035 ], [ 80.631782576000035, 29.545181397000079 ], [ 80.634348451000051, 29.546589334000032 ], [ 80.637314763000063, 29.545972584000026 ], [ 80.640848389000041, 29.541939771000045 ], [ 80.642741201000035, 29.540866584000071 ], [ 80.648050889000046, 29.545999209000058 ], [ 80.653356014000053, 29.548832959000038 ], [ 80.655487264000044, 29.549447584000063 ], [ 80.65947495100005, 29.551510584000027 ], [ 80.663198826000041, 29.554103084000076 ], [ 80.666228389000082, 29.55476939600004 ], [ 80.669369701000051, 29.554499834000069 ], [ 80.673061763000078, 29.553056209000033 ], [ 80.676147826000033, 29.552382396000041 ], [ 80.68121807600005, 29.553434708000054 ], [ 80.683965951000062, 29.553238208000039 ], [ 80.686730139000076, 29.552333396000051 ], [ 80.692034326000055, 29.54891470900003 ], [ 80.695329326000035, 29.547656772000039 ], [ 80.697715139000081, 29.546153084000025 ], [ 80.702186951000044, 29.544820959000049 ], [ 80.705309201000034, 29.542526959000043 ], [ 80.710139826000045, 29.541490834000058 ], [ 80.713684889000035, 29.54035708300006 ], [ 80.715531576000046, 29.537647271000026 ], [ 80.718245326000044, 29.536764272000028 ], [ 80.720407014000045, 29.534479146000024 ], [ 80.721121451000045, 29.531004396000071 ], [ 80.725858201000051, 29.529951709000045 ], [ 80.730247951000081, 29.531557833000079 ], [ 80.73456038900008, 29.530095709000079 ], [ 80.73855338900006, 29.530168959000036 ], [ 80.740611326000078, 29.531276209000055 ], [ 80.741935638000029, 29.533949709000069 ], [ 80.743883139000047, 29.534687897000026 ], [ 80.745481326000061, 29.532459896000034 ], [ 80.74697463800004, 29.533130647000064 ], [ 80.750000072000034, 29.530654423000044 ], [ 80.74919701400006, 29.532475021000039 ], [ 80.748539013000084, 29.539264583000033 ], [ 80.747748326000078, 29.54206664700007 ], [ 80.748386701000072, 29.543251583000028 ], [ 80.74854732700004, 29.548008959000072 ], [ 80.749008951000064, 29.551434959000062 ], [ 80.749998201000039, 29.55326277100005 ], [ 80.752497451000067, 29.553717771000038 ], [ 80.756549764000056, 29.556204709000042 ], [ 80.757898139000076, 29.556526896000037 ], [ 80.762204202000078, 29.555605271000047 ], [ 80.763567951000084, 29.555731772000058 ], [ 80.769115764000048, 29.553853397000069 ], [ 80.771349014000066, 29.55369027100005 ], [ 80.77298120100005, 29.551852334000046 ], [ 80.774456201000078, 29.553693334000059 ], [ 80.776069076000056, 29.556777583000041 ], [ 80.776325451000048, 29.558420271000045 ], [ 80.778598388000034, 29.560772396000061 ], [ 80.778236638000067, 29.562614772000074 ], [ 80.777272826000058, 29.566303709000067 ], [ 80.778542576000063, 29.568606896000063 ], [ 80.781084451000083, 29.569948709000073 ], [ 80.78163538900003, 29.572067896000078 ], [ 80.778758638000056, 29.575020521000056 ], [ 80.778657202000034, 29.578043146000027 ], [ 80.780290388000083, 29.579586584000026 ], [ 80.779015326000035, 29.583044959000063 ], [ 80.779461076000075, 29.586833209000076 ], [ 80.780440889000033, 29.589194459000055 ], [ 80.782842138000035, 29.590170646000047 ], [ 80.78680451300005, 29.597373209000068 ], [ 80.78830638800008, 29.602667771000029 ], [ 80.787703638000039, 29.604351896000026 ], [ 80.787600951000059, 29.607938459000025 ], [ 80.78944788900003, 29.613310271000046 ], [ 80.786565576000044, 29.617217209000046 ], [ 80.785168952000049, 29.623520022000037 ], [ 80.785550139000065, 29.625616334000028 ], [ 80.783850764000078, 29.628124272000036 ], [ 80.783800701000075, 29.630555959000048 ], [ 80.782564889000071, 29.632933896000054 ], [ 80.783176327000035, 29.634243209000033 ], [ 80.785317952000071, 29.634697834000065 ], [ 80.792557138000063, 29.641377584000054 ], [ 80.791318201000081, 29.643130647000078 ], [ 80.787662701000045, 29.644209896000064 ], [ 80.786027576000038, 29.645463771000038 ], [ 80.78041651400008, 29.644076272000063 ], [ 80.777529763000075, 29.642242021000072 ], [ 80.773233701000038, 29.642318209000052 ], [ 80.770252076000077, 29.64482152100004 ], [ 80.768378326000061, 29.645014522000054 ], [ 80.763654951000035, 29.647480834000078 ], [ 80.765907452000079, 29.651161771000034 ], [ 80.765304763000074, 29.656437022000034 ], [ 80.766133076000074, 29.659010146000071 ], [ 80.764716264000072, 29.661964959000045 ] ] ] } },
{ "type": "Feature", "properties": { "STATE_CODE": 7, "DISTRICT": "BAITADI", "GaPa_NaPa": "Shivanath", "Type_GN": "Gaunpalika", "Province": "Sudur Pashchim" }, "geometry": { "type": "Polygon", "coordinates": [ [ [ 80.370042514000033, 29.350049333000072 ], [ 80.366379326000072, 29.354241396000077 ], [ 80.367963763000034, 29.354954896000038 ], [ 80.369533389000082, 29.35739195900004 ], [ 80.370403076000059, 29.361073084000054 ], [ 80.369485951000058, 29.365463146000025 ], [ 80.369961514000067, 29.368170146000068 ], [ 80.372198702000048, 29.369304084000078 ], [ 80.37402432600004, 29.37241670800006 ], [ 80.375472889000037, 29.373079958000062 ], [ 80.376294826000048, 29.376932271000044 ], [ 80.374697014000049, 29.380085209000072 ], [ 80.374042889000066, 29.383481709000023 ], [ 80.372627389000058, 29.385489521000068 ], [ 80.374928263000072, 29.388917896000066 ], [ 80.377256326000065, 29.390819208000039 ], [ 80.377894576000074, 29.392814083000076 ], [ 80.378099701000053, 29.396471708000036 ], [ 80.381992576000073, 29.398017021000044 ], [ 80.384937576000084, 29.397944958000039 ], [ 80.388497076000078, 29.401191646000029 ], [ 80.391683388000047, 29.401504021000051 ], [ 80.390978889000053, 29.40472214600004 ], [ 80.39297051300008, 29.407203646000028 ], [ 80.389871201000062, 29.41170564600003 ], [ 80.386781263000046, 29.40957320900003 ], [ 80.384610326000029, 29.410253522000062 ], [ 80.381011576000049, 29.409830771000031 ], [ 80.379434013000036, 29.411176959000045 ], [ 80.379576827000051, 29.414974208000046 ], [ 80.378232389000061, 29.416783896000027 ], [ 80.376006201000052, 29.416252334000035 ], [ 80.371522264000077, 29.417812584000046 ], [ 80.372100139000054, 29.42121714600006 ], [ 80.373349638000036, 29.420828209000035 ], [ 80.37579738900007, 29.422536084000058 ], [ 80.380943888000047, 29.422756396000068 ], [ 80.380710764000071, 29.424014022000051 ], [ 80.378671827000062, 29.424545959000056 ], [ 80.376631951000036, 29.426129021000065 ], [ 80.376945452000029, 29.427957709000054 ], [ 80.375515139000072, 29.43008952100007 ], [ 80.377499138000076, 29.431869646000052 ], [ 80.378386701000068, 29.435036459000059 ], [ 80.379961827000045, 29.438179396000066 ], [ 80.37589607700005, 29.442381021000074 ], [ 80.375852014000031, 29.443053084000042 ], [ 80.381643264000047, 29.444965958000068 ], [ 80.381322951000072, 29.447581209000077 ], [ 80.381862577000049, 29.449338709000074 ], [ 80.380984076000061, 29.453631959000063 ], [ 80.381459264000057, 29.457660834000023 ], [ 80.378531389000045, 29.458278834000055 ], [ 80.374485389000085, 29.459665271000063 ], [ 80.371218014000078, 29.456004459000042 ], [ 80.369907514000033, 29.455348584000035 ], [ 80.367260889000079, 29.451873333000037 ], [ 80.364616264000063, 29.451470521000033 ], [ 80.362847077000083, 29.450604834000046 ], [ 80.36230226400005, 29.448745709000036 ], [ 80.364417764000052, 29.447129396000037 ], [ 80.36213276400008, 29.446222896000052 ], [ 80.362811763000082, 29.444755334000035 ], [ 80.361312013000031, 29.441418584000075 ], [ 80.359274013000061, 29.44054708300007 ], [ 80.357684513000038, 29.438757334000059 ], [ 80.358058139000036, 29.437432709000063 ], [ 80.354568576000077, 29.435099146000027 ], [ 80.35675132700004, 29.428215959000056 ], [ 80.354794201000061, 29.425754334000032 ], [ 80.355680076000056, 29.424069021000037 ], [ 80.35510170200007, 29.422660834000055 ], [ 80.352244388000031, 29.422554459000025 ], [ 80.349134764000041, 29.420745959000044 ], [ 80.347540389000073, 29.420550958000035 ], [ 80.347437639000077, 29.418172834000075 ], [ 80.345274951000079, 29.416005646000031 ], [ 80.344538451000062, 29.414136459000076 ], [ 80.342487826000081, 29.412827021000055 ], [ 80.339413576000084, 29.411796646000028 ], [ 80.340456639000081, 29.410622021000052 ], [ 80.344965014000081, 29.409083271000043 ], [ 80.349796138000045, 29.408592584000075 ], [ 80.350363389000051, 29.405380772000058 ], [ 80.353049764000048, 29.402907959000061 ], [ 80.352284139000062, 29.400289709000049 ], [ 80.352041014000065, 29.397141646000023 ], [ 80.350546826000084, 29.396588459000043 ], [ 80.34933238900004, 29.394976396000061 ], [ 80.347106889000031, 29.394642959000066 ], [ 80.346014638000042, 29.395693334000043 ], [ 80.339016138000034, 29.39726495900004 ], [ 80.335838701000057, 29.396536334000075 ], [ 80.333583701000066, 29.395038459000034 ], [ 80.33140832600003, 29.394626021000079 ], [ 80.330238576000056, 29.392443271000047 ], [ 80.331621764000033, 29.390399709000064 ], [ 80.329739889000052, 29.389819521000049 ], [ 80.33077895100007, 29.38687870900003 ], [ 80.32669226400003, 29.383122396000033 ], [ 80.323108951000052, 29.384243459000061 ], [ 80.320916014000034, 29.386858084000039 ], [ 80.318884888000071, 29.390838334000023 ], [ 80.316615951000074, 29.390946208000059 ], [ 80.311991701000068, 29.392670708000026 ], [ 80.308922702000075, 29.394764021000071 ], [ 80.30426888900007, 29.393503647000045 ], [ 80.303383514000075, 29.392486146000067 ], [ 80.30063851400007, 29.392528146000075 ], [ 80.29900632600004, 29.386462708000067 ], [ 80.298992201000033, 29.384299334000048 ], [ 80.297883264000063, 29.382380521000073 ], [ 80.293779013000062, 29.381368584000029 ], [ 80.290727889000038, 29.377355021000028 ], [ 80.290938639000046, 29.375605646000054 ], [ 80.289085764000049, 29.374688958000036 ], [ 80.287980702000084, 29.372668584000053 ], [ 80.28597545100007, 29.371457771000053 ], [ 80.284765576000041, 29.36980002100006 ], [ 80.282782263000058, 29.369417208000073 ], [ 80.280658451000079, 29.369841147000045 ], [ 80.27694045100003, 29.369656334000069 ], [ 80.275966638000057, 29.372382833000074 ], [ 80.273350014000073, 29.371105334000049 ], [ 80.27358188900007, 29.370456958000034 ], [ 80.272808452000049, 29.364504084000032 ], [ 80.273723576000066, 29.362925521000079 ], [ 80.280403013000068, 29.36006302100003 ], [ 80.281230138000069, 29.358483896000052 ], [ 80.281458513000075, 29.354196771000034 ], [ 80.280845826000075, 29.350408209000079 ], [ 80.281823013000064, 29.346242458000063 ], [ 80.285050888000058, 29.341815771000029 ], [ 80.287579889000085, 29.339550958000075 ], [ 80.291430452000043, 29.337446521000061 ], [ 80.292969951000032, 29.334749834000036 ], [ 80.292279389000043, 29.332603209000069 ], [ 80.292579576000037, 29.330653459000075 ], [ 80.29789201400007, 29.324209521000057 ], [ 80.299064076000036, 29.323676521000039 ], [ 80.301641076000067, 29.323940333000053 ], [ 80.304997076000063, 29.323127771000031 ], [ 80.308369326000047, 29.323183646000075 ], [ 80.311308201000031, 29.322077709000041 ], [ 80.315038888000061, 29.317943896000031 ], [ 80.318096014000048, 29.315622458000064 ], [ 80.318693513000085, 29.313347084000043 ], [ 80.322855263000065, 29.310004708000065 ], [ 80.327048388000037, 29.308413146000078 ], [ 80.328120451000075, 29.308506459000057 ], [ 80.335795076000068, 29.31221058400007 ], [ 80.337256701000058, 29.314812084000039 ], [ 80.334941389000051, 29.318270083000073 ], [ 80.335597576000055, 29.319800521000047 ], [ 80.337935389000052, 29.320678396000062 ], [ 80.341848201000062, 29.323334834000036 ], [ 80.344099576000076, 29.323867021000069 ], [ 80.345435701000042, 29.32708139600004 ], [ 80.348850514000048, 29.326798084000075 ], [ 80.352292764000083, 29.327854772000023 ], [ 80.352095014000042, 29.33064427100004 ], [ 80.352550951000069, 29.332329396000034 ], [ 80.355227514000035, 29.334219209000025 ], [ 80.356237639000085, 29.330957584000032 ], [ 80.359036076000052, 29.329777709000041 ], [ 80.362455888000056, 29.327190834000078 ], [ 80.364976826000031, 29.327723958000036 ], [ 80.363647701000048, 29.330952521000029 ], [ 80.364264388000038, 29.332696959000032 ], [ 80.36604376400004, 29.333585209000034 ], [ 80.368211389000066, 29.332654833000049 ], [ 80.368687138000041, 29.334991896000076 ], [ 80.371965451000051, 29.335860084000046 ], [ 80.373690138000029, 29.338008959000035 ], [ 80.373116389000074, 29.338836396000033 ], [ 80.369933826000079, 29.339080833000025 ], [ 80.367428889000053, 29.340449584000055 ], [ 80.369153451000045, 29.345240209000053 ], [ 80.369188889000043, 29.348957959000074 ], [ 80.370042514000033, 29.350049333000072 ] ] ] } },
{ "type": "Feature", "properties": { "STATE_CODE": 7, "DISTRICT": "BAITADI", "GaPa_NaPa": "Sigas", "Type_GN": "Gaunpalika", "Province": "Sudur Pashchim" }, "geometry": { "type": "Polygon", "coordinates": [ [ [ 80.750000072000034, 29.530654423000044 ], [ 80.74697463800004, 29.533130647000064 ], [ 80.745481326000061, 29.532459896000034 ], [ 80.743883139000047, 29.534687897000026 ], [ 80.741935638000029, 29.533949709000069 ], [ 80.740611326000078, 29.531276209000055 ], [ 80.73855338900006, 29.530168959000036 ], [ 80.73456038900008, 29.530095709000079 ], [ 80.730247951000081, 29.531557833000079 ], [ 80.725858201000051, 29.529951709000045 ], [ 80.721121451000045, 29.531004396000071 ], [ 80.723914013000069, 29.527759521000064 ], [ 80.724057139000081, 29.524561022000057 ], [ 80.72044320100008, 29.523197709000044 ], [ 80.718670951000036, 29.519313959000044 ], [ 80.71517001400008, 29.518674834000024 ], [ 80.713438513000085, 29.517574834000072 ], [ 80.712039576000052, 29.515300084000046 ], [ 80.712528826000039, 29.512163272000066 ], [ 80.710538888000031, 29.511879271000055 ], [ 80.708283264000045, 29.510024522000037 ], [ 80.704783264000071, 29.503759084000023 ], [ 80.703581451000048, 29.502229146000047 ], [ 80.700882764000085, 29.500533521000079 ], [ 80.700281388000064, 29.497437146000038 ], [ 80.70094457600004, 29.495196271000054 ], [ 80.700405888000034, 29.492808396000044 ], [ 80.698219014000074, 29.492225959000052 ], [ 80.696136763000084, 29.490935334000028 ], [ 80.691968639000038, 29.491376959000036 ], [ 80.687698201000046, 29.492964146000077 ], [ 80.683421263000071, 29.493461584000045 ], [ 80.679283076000047, 29.494719458000077 ], [ 80.678001014000074, 29.492625209000039 ], [ 80.675852264000071, 29.491144646000066 ], [ 80.671816951000039, 29.491888209000024 ], [ 80.668865138000058, 29.491251522000027 ], [ 80.666994451000051, 29.489767021000034 ], [ 80.667821263000064, 29.488158396000074 ], [ 80.673395951000032, 29.485571209000057 ], [ 80.674893639000061, 29.48407245900006 ], [ 80.675687264000032, 29.481622271000049 ], [ 80.67703595100005, 29.480736771000068 ], [ 80.676808638000068, 29.47924508400007 ], [ 80.675147951000042, 29.475275271000044 ], [ 80.672862326000029, 29.47268445900005 ], [ 80.673607701000037, 29.469469396000079 ], [ 80.673215764000076, 29.465877147000072 ], [ 80.673815638000065, 29.464114522000045 ], [ 80.673469013000044, 29.461072771000033 ], [ 80.675000139000076, 29.458369459000039 ], [ 80.674316826000052, 29.456921771000054 ], [ 80.674413076000064, 29.454323271000078 ], [ 80.672769388000063, 29.452746896000065 ], [ 80.67280745100004, 29.451332584000056 ], [ 80.674387514000045, 29.448304522000058 ], [ 80.676993014000061, 29.44598058400004 ], [ 80.682209389000036, 29.442902584000024 ], [ 80.683285514000033, 29.439131021000037 ], [ 80.686349826000082, 29.437381021000078 ], [ 80.687206764000052, 29.439059146000034 ], [ 80.691240138000069, 29.438752709000028 ], [ 80.692885763000049, 29.436394646000053 ], [ 80.696254951000071, 29.434182583000052 ], [ 80.70012326300008, 29.435709521000035 ], [ 80.700010701000053, 29.437523084000077 ], [ 80.70441813900004, 29.435362708000071 ], [ 80.706062389000067, 29.432814959000041 ], [ 80.707668201000047, 29.431259709000074 ], [ 80.712187076000077, 29.429557396000064 ], [ 80.714283263000084, 29.426778084000034 ], [ 80.717551076000063, 29.42343958400005 ], [ 80.720288951000043, 29.418631334000054 ], [ 80.721256201000074, 29.416278208000051 ], [ 80.721652701000039, 29.411990646000049 ], [ 80.723751514000071, 29.408987834000072 ], [ 80.728835076000053, 29.407134959000075 ], [ 80.73022295100003, 29.405985022000038 ], [ 80.734067451000044, 29.404460959000062 ], [ 80.740304826000056, 29.40286483400007 ], [ 80.743106638000086, 29.401708459000076 ], [ 80.747019764000072, 29.401059458000077 ], [ 80.748191826000038, 29.400463959000035 ], [ 80.754595576000042, 29.400196083000026 ], [ 80.759231764000049, 29.399469147000048 ], [ 80.763621389000036, 29.399758959000053 ], [ 80.766109951000033, 29.400376958000038 ], [ 80.769230139000058, 29.399538709000069 ], [ 80.76710513900008, 29.394542708000074 ], [ 80.765192139000078, 29.393224209000039 ], [ 80.764236514000061, 29.391510271000072 ], [ 80.764866389000076, 29.388407271000062 ], [ 80.764195576000077, 29.385529833000078 ], [ 80.769998264000037, 29.38258920800007 ], [ 80.78024195100005, 29.379416646000038 ], [ 80.781487888000072, 29.378101271000048 ], [ 80.782219826000073, 29.375934521000033 ], [ 80.785051451000072, 29.375039834000063 ], [ 80.786675388000049, 29.372887271000025 ], [ 80.78748463800008, 29.370625896000035 ], [ 80.787472514000058, 29.366386958000078 ], [ 80.792897826000058, 29.365208959000029 ], [ 80.797355326000059, 29.365797833000045 ], [ 80.803024139000058, 29.364865584000029 ], [ 80.80820095100006, 29.366292084000065 ], [ 80.809949076000066, 29.366461521000076 ], [ 80.813255326000046, 29.365035959000068 ], [ 80.816349764000051, 29.364805646000036 ], [ 80.818821764000063, 29.366133271000024 ], [ 80.821258701000033, 29.369123333000061 ], [ 80.822451576000049, 29.36981527100005 ], [ 80.827645888000063, 29.370909396000059 ], [ 80.831549013000085, 29.375123896000048 ], [ 80.834924826000076, 29.379858771000045 ], [ 80.837495639000053, 29.381177209000043 ], [ 80.839216577000059, 29.380385146000037 ], [ 80.840193576000047, 29.378874834000044 ], [ 80.842873014000077, 29.37679358400004 ], [ 80.847188139000082, 29.375408959000026 ], [ 80.850327951000054, 29.375789271000031 ], [ 80.85240020100008, 29.376646583000024 ], [ 80.854842389000055, 29.378618646000064 ], [ 80.860124951000046, 29.387559896000027 ], [ 80.86081163800003, 29.389581959000054 ], [ 80.861261451000075, 29.394349146000025 ], [ 80.861840451000035, 29.396454458000051 ], [ 80.861425014000076, 29.39836702100007 ], [ 80.858988951000072, 29.401317458000051 ], [ 80.855421326000055, 29.40385602200007 ], [ 80.853688326000054, 29.405904771000053 ], [ 80.854131764000044, 29.40795358400004 ], [ 80.85880970200003, 29.408921959000054 ], [ 80.863217576000068, 29.410983896000062 ], [ 80.863500826000063, 29.414327396000033 ], [ 80.865144701000077, 29.414089959000023 ], [ 80.869557888000031, 29.411549709000042 ], [ 80.875046263000058, 29.411629396000023 ], [ 80.878234264000071, 29.413482146000035 ], [ 80.880318451000051, 29.416825083000049 ], [ 80.882104638000044, 29.418547896000064 ], [ 80.884545514000081, 29.419921646000034 ], [ 80.887864139000044, 29.422877396000047 ], [ 80.891048264000062, 29.423405708000075 ], [ 80.893401701000073, 29.424546833000079 ], [ 80.894723764000048, 29.426054771000054 ], [ 80.898636013000043, 29.432121646000041 ], [ 80.900960638000072, 29.432703209000067 ], [ 80.90238695100004, 29.434211146000052 ], [ 80.902847952000059, 29.436203396000053 ], [ 80.903946639000083, 29.437106584000048 ], [ 80.909087576000047, 29.438560771000027 ], [ 80.90995845100008, 29.441426334000028 ], [ 80.904457576000084, 29.443003834000024 ], [ 80.903413139000065, 29.443898709000052 ], [ 80.899216888000069, 29.444143709000059 ], [ 80.890644264000059, 29.442436021000049 ], [ 80.887043826000081, 29.441995396000038 ], [ 80.88480876300008, 29.443286084000079 ], [ 80.885662826000043, 29.446740583000064 ], [ 80.881273702000044, 29.45312089600003 ], [ 80.880393576000074, 29.455745959000069 ], [ 80.878560951000054, 29.458864209000069 ], [ 80.877827389000061, 29.462793271000066 ], [ 80.876607139000043, 29.464567521000049 ], [ 80.87480507600003, 29.464640271000064 ], [ 80.872801701000071, 29.466465646000074 ], [ 80.870098326000061, 29.466724709000061 ], [ 80.864966514000059, 29.465514959000075 ], [ 80.861161326000058, 29.467248084000062 ], [ 80.858088389000045, 29.469060771000045 ], [ 80.856583326000077, 29.472763334000035 ], [ 80.856509077000055, 29.475210896000078 ], [ 80.854048827000042, 29.477243021000049 ], [ 80.854371326000035, 29.47953758400007 ], [ 80.851890451000031, 29.481472646000043 ], [ 80.849325327000031, 29.484485833000065 ], [ 80.848152451000033, 29.487538959000062 ], [ 80.846595452000031, 29.489377959000024 ], [ 80.842524701000059, 29.490963584000042 ], [ 80.836343389000035, 29.494026396000038 ], [ 80.830826138000077, 29.497576959000071 ], [ 80.827567014000067, 29.500000083000032 ], [ 80.824304701000074, 29.500810209000065 ], [ 80.824252388000048, 29.503458521000027 ], [ 80.825639138000042, 29.508962396000072 ], [ 80.824396076000085, 29.511002271000052 ], [ 80.819980326000064, 29.51335602100005 ], [ 80.817970388000049, 29.515936208000028 ], [ 80.815894826000033, 29.514306896000051 ], [ 80.811740138000062, 29.513376208000068 ], [ 80.808567076000031, 29.513913083000034 ], [ 80.806376826000076, 29.515218271000037 ], [ 80.802808201000062, 29.512853397000072 ], [ 80.800785888000064, 29.512166896000053 ], [ 80.80037320100007, 29.511011271000029 ], [ 80.797021138000048, 29.50771039600005 ], [ 80.794325513000047, 29.506558022000036 ], [ 80.790022951000083, 29.506774584000027 ], [ 80.787979076000056, 29.507727834000036 ], [ 80.786570576000031, 29.513570521000076 ], [ 80.78349051400005, 29.517754647000061 ], [ 80.782808263000049, 29.520068084000059 ], [ 80.783385014000032, 29.521575896000058 ], [ 80.782329701000037, 29.523252521000074 ], [ 80.777606701000082, 29.524462896000045 ], [ 80.77518445100003, 29.524093334000042 ], [ 80.772497638000061, 29.524535458000059 ], [ 80.770190451000076, 29.52617377100006 ], [ 80.765435764000074, 29.526485771000068 ], [ 80.762294576000045, 29.528147271000023 ], [ 80.758888764000062, 29.528064458000074 ], [ 80.755287513000042, 29.529758771000047 ], [ 80.751366138000037, 29.529891771000052 ], [ 80.750000072000034, 29.530654423000044 ] ] ] } },
{ "type": "Feature", "properties": { "STATE_CODE": 7, "DISTRICT": "BAITADI", "GaPa_NaPa": "Surnaya", "Type_GN": "Gaunpalika", "Province": "Sudur Pashchim" }, "geometry": { "type": "Polygon", "coordinates": [ [ [ 80.588766139000029, 29.549533021000059 ], [ 80.584578201000056, 29.549271958000077 ], [ 80.580001263000042, 29.548305521000032 ], [ 80.578064264000034, 29.549179146000029 ], [ 80.576591326000084, 29.548412021000047 ], [ 80.572411326000065, 29.549715959000025 ], [ 80.564223076000076, 29.552894958000024 ], [ 80.563001388000032, 29.553942146000054 ], [ 80.559996513000044, 29.554906708000033 ], [ 80.556885639000029, 29.55516033400005 ], [ 80.553841889000068, 29.554802709000057 ], [ 80.551491702000078, 29.555158022000057 ], [ 80.548342889000082, 29.553784896000025 ], [ 80.544970826000053, 29.554116209000028 ], [ 80.541106888000058, 29.552338896000037 ], [ 80.539312639000059, 29.550306959000068 ], [ 80.536324326000056, 29.548383584000078 ], [ 80.533184077000044, 29.547055209000064 ], [ 80.530129077000083, 29.546279709000032 ], [ 80.528013701000077, 29.543881084000077 ], [ 80.525242138000067, 29.54280195900003 ], [ 80.524179639000067, 29.547600771000077 ], [ 80.523130326000057, 29.549433271000055 ], [ 80.521370764000039, 29.550040522000074 ], [ 80.518514326000059, 29.553301084000054 ], [ 80.516415326000072, 29.556968146000031 ], [ 80.511448327000039, 29.561542833000033 ], [ 80.508236014000033, 29.561896396000066 ], [ 80.507831388000056, 29.564917709000042 ], [ 80.506129014000066, 29.567092772000024 ], [ 80.506384701000059, 29.568106584000077 ], [ 80.505802076000066, 29.572160334000046 ], [ 80.505037514000037, 29.573228959000062 ], [ 80.501209763000077, 29.575206584000057 ], [ 80.497817389000033, 29.575209521000033 ], [ 80.492826763000039, 29.574087459000054 ], [ 80.490860701000031, 29.573179896000056 ], [ 80.483572576000086, 29.57166520800007 ], [ 80.479636951000032, 29.568936084000029 ], [ 80.481928827000047, 29.560165458000029 ], [ 80.483904951000056, 29.555785646000061 ], [ 80.484595452000065, 29.549057021000067 ], [ 80.486048826000058, 29.545834583000044 ], [ 80.487528076000046, 29.544748459000061 ], [ 80.49030663800005, 29.545266708000042 ], [ 80.500158388000045, 29.539833834000035 ], [ 80.502626139000085, 29.535259271000029 ], [ 80.507346577000078, 29.531340459000035 ], [ 80.507990076000056, 29.527237209000077 ], [ 80.511402951000036, 29.524975958000027 ], [ 80.511743827000032, 29.520508459000041 ], [ 80.508714763000057, 29.518591083000047 ], [ 80.50957857700007, 29.513493896000057 ], [ 80.511025701000051, 29.509815459000038 ], [ 80.512491451000074, 29.508293646000027 ], [ 80.51648338800004, 29.505926083000077 ], [ 80.519207076000043, 29.501149084000076 ], [ 80.524682514000062, 29.505159334000041 ], [ 80.527589576000082, 29.506144208000023 ], [ 80.534187201000066, 29.504166521000059 ], [ 80.538483263000046, 29.50176102100005 ], [ 80.543767263000063, 29.501192709000065 ], [ 80.547671763000039, 29.502029459000028 ], [ 80.55009263900007, 29.50452133400006 ], [ 80.555605201000049, 29.505155708000075 ], [ 80.562317139000072, 29.504557584000054 ], [ 80.565874888000053, 29.505356584000026 ], [ 80.572854201000041, 29.508266646000038 ], [ 80.57672832600008, 29.511258958000042 ], [ 80.57691232600007, 29.513986833000047 ], [ 80.57851882600005, 29.514070897000067 ], [ 80.578682514000036, 29.51136445800006 ], [ 80.577711888000067, 29.509795834000045 ], [ 80.578209076000064, 29.505184209000049 ], [ 80.580291888000033, 29.505574271000057 ], [ 80.583942076000085, 29.504789521000077 ], [ 80.585030138000036, 29.50389952200004 ], [ 80.587435638000045, 29.504121333000057 ], [ 80.590852201000075, 29.503204708000055 ], [ 80.596129013000052, 29.503593083000055 ], [ 80.598869139000044, 29.503093771000067 ], [ 80.602366764000067, 29.503090771000075 ], [ 80.603568326000072, 29.501973209000028 ], [ 80.604111264000039, 29.497729272000072 ], [ 80.606255076000082, 29.496664147000047 ], [ 80.607709138000075, 29.496756521000066 ], [ 80.609218139000063, 29.494462146000046 ], [ 80.610527514000069, 29.494017084000063 ], [ 80.610424514000044, 29.492049709000071 ], [ 80.611952014000053, 29.491533084000025 ], [ 80.611876264000045, 29.489164209000023 ], [ 80.616607764000037, 29.488090584000076 ], [ 80.619662826000081, 29.488812209000059 ], [ 80.624053451000066, 29.488899146000051 ], [ 80.626012826000078, 29.485374271000069 ], [ 80.625940826000033, 29.48349945800004 ], [ 80.628644013000041, 29.484695834000036 ], [ 80.628328076000059, 29.48754864600005 ], [ 80.629942327000037, 29.488520896000068 ], [ 80.632794764000039, 29.488950646000035 ], [ 80.633960702000081, 29.48642052100007 ], [ 80.635882638000055, 29.483887959000072 ], [ 80.639782138000044, 29.483436146000031 ], [ 80.64126557600008, 29.48419808400007 ], [ 80.641279388000044, 29.486681833000034 ], [ 80.643838826000035, 29.488279083000066 ], [ 80.645509264000054, 29.490699584000026 ], [ 80.64708351400003, 29.49151583400004 ], [ 80.64996151400004, 29.491541521000045 ], [ 80.650807388000032, 29.490754146000029 ], [ 80.653161388000058, 29.490649771000051 ], [ 80.654090076000045, 29.489095708000036 ], [ 80.656446201000051, 29.489392771000041 ], [ 80.65661288900003, 29.488035209000032 ], [ 80.661285451000083, 29.489294647000065 ], [ 80.666994451000051, 29.489767021000034 ], [ 80.668865138000058, 29.491251522000027 ], [ 80.671816951000039, 29.491888209000024 ], [ 80.675852264000071, 29.491144646000066 ], [ 80.678001014000074, 29.492625209000039 ], [ 80.679283076000047, 29.494719458000077 ], [ 80.683421263000071, 29.493461584000045 ], [ 80.687698201000046, 29.492964146000077 ], [ 80.691968639000038, 29.491376959000036 ], [ 80.696136763000084, 29.490935334000028 ], [ 80.698219014000074, 29.492225959000052 ], [ 80.700405888000034, 29.492808396000044 ], [ 80.70094457600004, 29.495196271000054 ], [ 80.700281388000064, 29.497437146000038 ], [ 80.700882764000085, 29.500533521000079 ], [ 80.703581451000048, 29.502229146000047 ], [ 80.704783264000071, 29.503759084000023 ], [ 80.708283264000045, 29.510024522000037 ], [ 80.710538888000031, 29.511879271000055 ], [ 80.712528826000039, 29.512163272000066 ], [ 80.712039576000052, 29.515300084000046 ], [ 80.713438513000085, 29.517574834000072 ], [ 80.71517001400008, 29.518674834000024 ], [ 80.718670951000036, 29.519313959000044 ], [ 80.72044320100008, 29.523197709000044 ], [ 80.724057139000081, 29.524561022000057 ], [ 80.723914013000069, 29.527759521000064 ], [ 80.721121451000045, 29.531004396000071 ], [ 80.720407014000045, 29.534479146000024 ], [ 80.718245326000044, 29.536764272000028 ], [ 80.715531576000046, 29.537647271000026 ], [ 80.713684889000035, 29.54035708300006 ], [ 80.710139826000045, 29.541490834000058 ], [ 80.705309201000034, 29.542526959000043 ], [ 80.702186951000044, 29.544820959000049 ], [ 80.697715139000081, 29.546153084000025 ], [ 80.695329326000035, 29.547656772000039 ], [ 80.692034326000055, 29.54891470900003 ], [ 80.686730139000076, 29.552333396000051 ], [ 80.683965951000062, 29.553238208000039 ], [ 80.68121807600005, 29.553434708000054 ], [ 80.676147826000033, 29.552382396000041 ], [ 80.673061763000078, 29.553056209000033 ], [ 80.669369701000051, 29.554499834000069 ], [ 80.666228389000082, 29.55476939600004 ], [ 80.663198826000041, 29.554103084000076 ], [ 80.65947495100005, 29.551510584000027 ], [ 80.655487264000044, 29.549447584000063 ], [ 80.653356014000053, 29.548832959000038 ], [ 80.648050889000046, 29.545999209000058 ], [ 80.642741201000035, 29.540866584000071 ], [ 80.640848389000041, 29.541939771000045 ], [ 80.637314763000063, 29.545972584000026 ], [ 80.634348451000051, 29.546589334000032 ], [ 80.631782576000035, 29.545181397000079 ], [ 80.626873138000065, 29.539677022000035 ], [ 80.625839201000076, 29.539256834000071 ], [ 80.622784138000043, 29.542627334000031 ], [ 80.621074638000039, 29.547384521000026 ], [ 80.620820451000043, 29.55163377100007 ], [ 80.612569264000058, 29.553822959000058 ], [ 80.608496389000038, 29.552412396000079 ], [ 80.603421451000031, 29.552119896000079 ], [ 80.600078889000031, 29.552617459000032 ], [ 80.598563201000047, 29.551922584000067 ], [ 80.596337326000082, 29.549777334000055 ], [ 80.59280738800004, 29.548273209000058 ], [ 80.588766139000029, 29.549533021000059 ] ] ] } },
{ "type": "Feature", "properties": { "STATE_CODE": 7, "DISTRICT": "DARCHULA", "GaPa_NaPa": "Apihimal", "Type_GN": "Gaunpalika", "Province": "Sudur Pashchim" }, "geometry": { "type": "Polygon", "coordinates": [ [ [ 81.016696202000048, 29.980731209000055 ], [ 81.011586138000041, 29.981212209000034 ], [ 81.007070764000048, 29.982507272000078 ], [ 81.003272389000074, 29.983157084000027 ], [ 80.995940388000065, 29.986502271000063 ], [ 80.991740764000042, 29.986939709000069 ], [ 80.98828151400005, 29.988150709000024 ], [ 80.983928826000067, 29.987435210000058 ], [ 80.98037826400008, 29.98777758500006 ], [ 80.973367951000057, 29.985721397000077 ], [ 80.970138639000083, 29.986350084000037 ], [ 80.96543888900004, 29.984853396000062 ], [ 80.959905388000038, 29.982717897000043 ], [ 80.956395951000047, 29.980986772000051 ], [ 80.95444907600006, 29.977505459000042 ], [ 80.952953451000042, 29.975887584000077 ], [ 80.950398388000053, 29.974530959000049 ], [ 80.946252076000064, 29.971610522000049 ], [ 80.946027952000065, 29.968628334000073 ], [ 80.944748201000039, 29.967150271000037 ], [ 80.944352826000056, 29.964815459000079 ], [ 80.941917014000069, 29.96620395900004 ], [ 80.938276576000078, 29.966831647000049 ], [ 80.934620326000072, 29.968264522000027 ], [ 80.928740951000066, 29.967999771000052 ], [ 80.925135014000034, 29.969073771000069 ], [ 80.921876077000036, 29.969367397000042 ], [ 80.918517389000044, 29.968902897000078 ], [ 80.915910139000061, 29.970351709000056 ], [ 80.912849827000059, 29.973094897000067 ], [ 80.907102264000059, 29.976677584000072 ], [ 80.901825889000065, 29.980318959000044 ], [ 80.897701077000079, 29.982535397000049 ], [ 80.89136145100008, 29.984551459000045 ], [ 80.886839201000043, 29.986672522000049 ], [ 80.883959076000053, 29.988801647000059 ], [ 80.874417264000044, 29.991950897000038 ], [ 80.872756763000041, 29.992948584000032 ], [ 80.867262013000072, 29.993073959000071 ], [ 80.86645320100007, 29.992078396000068 ], [ 80.865003263000062, 29.987549709000064 ], [ 80.864912076000053, 29.984093897000037 ], [ 80.865506327000048, 29.981753084000047 ], [ 80.866893452000056, 29.980405584000039 ], [ 80.866951639000035, 29.978610085000071 ], [ 80.869116201000054, 29.975066272000049 ], [ 80.867717514000049, 29.971568647000026 ], [ 80.868190638000044, 29.968390647000035 ], [ 80.867327764000038, 29.964318334000041 ], [ 80.865579576000073, 29.961765334000063 ], [ 80.864100951000069, 29.957935897000027 ], [ 80.86257488900003, 29.956465834000028 ], [ 80.861653014000069, 29.952916647000052 ], [ 80.857733076000045, 29.950155960000075 ], [ 80.857208701000047, 29.947750834000033 ], [ 80.85552457600005, 29.946964021000042 ], [ 80.851009701000066, 29.948050709000029 ], [ 80.839759576000063, 29.94748039600006 ], [ 80.834225701000037, 29.944168896000065 ], [ 80.831243201000063, 29.944458396000073 ], [ 80.825398201000041, 29.943252959000063 ], [ 80.824837826000078, 29.941183709000029 ], [ 80.822844889000066, 29.939087771000061 ], [ 80.822566201000029, 29.935196271000052 ], [ 80.821912701000031, 29.933841959000063 ], [ 80.818356076000043, 29.929034709000064 ], [ 80.817598452000084, 29.92535683400007 ], [ 80.816801889000033, 29.924403834000032 ], [ 80.813725951000038, 29.922874647000071 ], [ 80.810417139000037, 29.919366772000046 ], [ 80.810075639000047, 29.917503084000032 ], [ 80.807876326000041, 29.916065272000026 ], [ 80.80531363800003, 29.913282459000072 ], [ 80.803683389000071, 29.912377709000054 ], [ 80.803387701000077, 29.910656209000024 ], [ 80.804101451000065, 29.90864289700005 ], [ 80.804355076000036, 29.905410834000065 ], [ 80.801178451000055, 29.905054146000055 ], [ 80.799682951000079, 29.906333147000055 ], [ 80.794755576000057, 29.90824070900004 ], [ 80.79232701400008, 29.909712146000061 ], [ 80.788546764000046, 29.912859647000062 ], [ 80.784497827000052, 29.913791459000038 ], [ 80.780349576000049, 29.917788522000023 ], [ 80.778955513000085, 29.920831459000055 ], [ 80.775071202000049, 29.923245209000072 ], [ 80.775051638000036, 29.924887334000061 ], [ 80.773542639000084, 29.926517897000053 ], [ 80.771117326000081, 29.927797209000062 ], [ 80.768540826000049, 29.92989502100005 ], [ 80.765088389000084, 29.929963397000051 ], [ 80.762036826000042, 29.928640522000023 ], [ 80.760956264000072, 29.927411522000057 ], [ 80.755360452000048, 29.926334272000076 ], [ 80.752279701000077, 29.923826959000053 ], [ 80.751433638000037, 29.922598271000027 ], [ 80.749638077000043, 29.923501646000034 ], [ 80.747851513000057, 29.925413334000041 ], [ 80.744610826000041, 29.925420646000077 ], [ 80.740763763000075, 29.926917709000065 ], [ 80.73870626300004, 29.927035459000024 ], [ 80.736191826000038, 29.923146084000052 ], [ 80.737094389000049, 29.919403397000053 ], [ 80.736739514000078, 29.918450772000028 ], [ 80.737425827000038, 29.914748272000054 ], [ 80.739821138000082, 29.910852896000051 ], [ 80.740547326000069, 29.905778959000031 ], [ 80.739929951000079, 29.904597959000057 ], [ 80.740354951000029, 29.90158064700006 ], [ 80.738896451000073, 29.897921272000076 ], [ 80.739798138000083, 29.893799584000078 ], [ 80.741889327000081, 29.891656272000034 ], [ 80.746152326000072, 29.885847021000075 ], [ 80.746971701000064, 29.883019897000054 ], [ 80.748967826000069, 29.878367897000032 ], [ 80.741229888000078, 29.878860459000066 ], [ 80.73533063900004, 29.881192459000033 ], [ 80.731689951000078, 29.882094209000059 ], [ 80.728808889000049, 29.881957459000034 ], [ 80.727302014000031, 29.879339959000049 ], [ 80.724162827000043, 29.875322772000061 ], [ 80.723170326000059, 29.874921397000037 ], [ 80.726662889000067, 29.873315834000039 ], [ 80.728131013000052, 29.871088021000048 ], [ 80.729844951000075, 29.869607209000037 ], [ 80.730602139000041, 29.867030459000034 ], [ 80.731855388000042, 29.866730709000024 ], [ 80.734180389000073, 29.864682709000078 ], [ 80.734991014000059, 29.861544397000046 ], [ 80.738813514000071, 29.857360834000076 ], [ 80.74152870100005, 29.855827772000055 ], [ 80.74222995100007, 29.85446214600006 ], [ 80.746683451000081, 29.850202896000042 ], [ 80.746714014000077, 29.846817084000065 ], [ 80.750000201000034, 29.845600771000079 ], [ 80.751259076000053, 29.843891021000047 ], [ 80.751551326000083, 29.842136584000059 ], [ 80.751284201000033, 29.833769584000038 ], [ 80.749999889000037, 29.832605397000066 ], [ 80.745899764000058, 29.83076139700006 ], [ 80.738787763000062, 29.829477584000074 ], [ 80.735038201000066, 29.827990334000049 ], [ 80.732369326000082, 29.824544959000036 ], [ 80.730247576000068, 29.823575147000042 ], [ 80.73139176400008, 29.820669834000057 ], [ 80.730292451000082, 29.818905834000077 ], [ 80.729681514000049, 29.814855521000027 ], [ 80.729955201000053, 29.81303120900003 ], [ 80.729011326000034, 29.810374271000057 ], [ 80.73125488800008, 29.810902147000036 ], [ 80.734194327000068, 29.809599771000023 ], [ 80.736692701000038, 29.807400896000047 ], [ 80.736489888000051, 29.804213146000052 ], [ 80.73831713900006, 29.802175271000067 ], [ 80.73842382600003, 29.798446709000075 ], [ 80.740258702000062, 29.796661521000033 ], [ 80.738700139000059, 29.794019209000055 ], [ 80.744270889000063, 29.790671334000024 ], [ 80.745882701000085, 29.787875022000037 ], [ 80.748130389000039, 29.78750483400006 ], [ 80.749999889000037, 29.788408459000038 ], [ 80.753130326000075, 29.787922584000057 ], [ 80.756747827000083, 29.78441708400004 ], [ 80.758209764000071, 29.784491896000077 ], [ 80.763426889000073, 29.782290709000051 ], [ 80.765286389000039, 29.780843584000024 ], [ 80.769759639000085, 29.78488020900005 ], [ 80.771747889000039, 29.787646959000028 ], [ 80.773564201000056, 29.784395022000069 ], [ 80.776105639000036, 29.781821084000057 ], [ 80.783655576000058, 29.776532521000036 ], [ 80.785744076000071, 29.776784084000042 ], [ 80.788074951000056, 29.77510052100007 ], [ 80.791466014000036, 29.77444495900005 ], [ 80.793569638000065, 29.775840084000038 ], [ 80.797444326000061, 29.776452896000023 ], [ 80.798470701000042, 29.777848521000067 ], [ 80.800208514000076, 29.778629397000032 ], [ 80.802297201000044, 29.780974022000066 ], [ 80.804469452000035, 29.781990084000029 ], [ 80.810984388000065, 29.781598021000036 ], [ 80.814003639000077, 29.78241214600007 ], [ 80.817020139000078, 29.783896146000075 ], [ 80.81650638800005, 29.781991521000066 ], [ 80.813866202000042, 29.779833584000073 ], [ 80.811977264000063, 29.775619396000025 ], [ 80.81358920100007, 29.773891521000053 ], [ 80.816832452000085, 29.771931271000028 ], [ 80.820919826000079, 29.770337522000034 ], [ 80.825431202000061, 29.767765209000061 ], [ 80.828810888000078, 29.768015584000068 ], [ 80.831485451000049, 29.769000272000028 ], [ 80.841201888000057, 29.769995709000057 ], [ 80.842325326000037, 29.772085897000068 ], [ 80.841758514000048, 29.774295897000059 ], [ 80.845699514000046, 29.776267584000038 ], [ 80.849638889000062, 29.779220396000028 ], [ 80.849918076000051, 29.780817834000061 ], [ 80.849349639000081, 29.784135396000067 ], [ 80.847653764000086, 29.787819396000032 ], [ 80.845394201000033, 29.791502709000042 ], [ 80.844261764000066, 29.795065459000057 ], [ 80.842264326000077, 29.797197084000061 ], [ 80.84366757600003, 29.798152896000033 ], [ 80.849191889000053, 29.797496146000071 ], [ 80.857240514000068, 29.795016959000066 ], [ 80.857129889000078, 29.793261834000077 ], [ 80.858982139000034, 29.792251021000027 ], [ 80.863667326000041, 29.788824896000051 ], [ 80.86473238800005, 29.787691334000044 ], [ 80.868110451000064, 29.787340584000049 ], [ 80.870746764000046, 29.786258209000039 ], [ 80.873844014000042, 29.786247646000049 ], [ 80.875385201000086, 29.784277584000051 ], [ 80.878797639000084, 29.782895709000059 ], [ 80.880114701000082, 29.781687772000055 ], [ 80.883425514000066, 29.781943397000077 ], [ 80.884749639000063, 29.780162521000079 ], [ 80.884408638000082, 29.779016209000076 ], [ 80.886773701000038, 29.777700959000072 ], [ 80.889064826000038, 29.780619584000078 ], [ 80.891586201000052, 29.781824022000023 ], [ 80.895115514000054, 29.782388522000076 ], [ 80.899673576000055, 29.779299397000045 ], [ 80.900848514000074, 29.779728896000051 ], [ 80.904874014000029, 29.777895647000037 ], [ 80.905496576000075, 29.776183959000036 ], [ 80.907379014000071, 29.775208647000056 ], [ 80.908884326000077, 29.771979334000036 ], [ 80.915041264000081, 29.770925459000068 ], [ 80.91741263800003, 29.768657646000065 ], [ 80.920611327000074, 29.766816646000052 ], [ 80.922127451000051, 29.768545459000052 ], [ 80.92369526400006, 29.769056209000041 ], [ 80.925885201000085, 29.767931772000054 ], [ 80.926460826000039, 29.766677896000033 ], [ 80.92940463900004, 29.763767334000079 ], [ 80.930256702000065, 29.76175558400007 ], [ 80.933855889000085, 29.76155895900007 ], [ 80.936514576000036, 29.759259334000035 ], [ 80.939805951000039, 29.75913683400006 ], [ 80.941523327000084, 29.758544334000078 ], [ 80.942913263000037, 29.75973827200005 ], [ 80.946632701000055, 29.760497709000049 ], [ 80.950124326000036, 29.762014959000055 ], [ 80.955039014000079, 29.763568709000026 ], [ 80.958695326000054, 29.764343647000032 ], [ 80.961765701000047, 29.764371647000075 ], [ 80.963131389000068, 29.763850959000024 ], [ 80.966768263000063, 29.764082022000025 ], [ 80.968844514000068, 29.762911771000063 ], [ 80.97187651400003, 29.762443209000025 ], [ 80.97581370100005, 29.759504709000055 ], [ 80.979613389000065, 29.754368959000033 ], [ 80.980076389000033, 29.750004084000068 ], [ 80.985121139000057, 29.747505334000039 ], [ 80.987907514000085, 29.743073022000033 ], [ 80.989853951000043, 29.741148959000043 ], [ 80.998527201000059, 29.741936647000045 ], [ 81.000000014000079, 29.742638209000063 ], [ 81.004825826000058, 29.74060339600004 ], [ 81.00693551300003, 29.741322897000032 ], [ 81.009347263000052, 29.744446959000072 ], [ 81.01152701400008, 29.745944647000044 ], [ 81.01723107600003, 29.746135772000059 ], [ 81.019827701000054, 29.745560209000075 ], [ 81.021845638000059, 29.748108896000076 ], [ 81.026296388000048, 29.743605584000079 ], [ 81.031119014000069, 29.743230022000034 ], [ 81.032996764000075, 29.742329522000034 ], [ 81.034504264000077, 29.743563084000073 ], [ 81.036708451000038, 29.747397334000027 ], [ 81.039143889000059, 29.749681709000072 ], [ 81.039907076000077, 29.752674897000077 ], [ 81.043001826000079, 29.752315272000033 ], [ 81.046084576000055, 29.753336084000068 ], [ 81.049676514000055, 29.753961897000067 ], [ 81.054471951000039, 29.756344396000031 ], [ 81.057078514000068, 29.756661334000057 ], [ 81.058478764000085, 29.757739021000077 ], [ 81.060348389000069, 29.760972959000071 ], [ 81.062003576000052, 29.762278271000071 ], [ 81.064330952000034, 29.768539209000039 ], [ 81.061975326000038, 29.772090959000025 ], [ 81.065406952000046, 29.775538397000048 ], [ 81.065831264000053, 29.784283771000048 ], [ 81.064752264000049, 29.786806334000062 ], [ 81.064103077000084, 29.793813022000052 ], [ 81.069554264000033, 29.795944209000027 ], [ 81.069905326000082, 29.800036022000029 ], [ 81.071067264000078, 29.803206959000079 ], [ 81.070965388000047, 29.807716334000077 ], [ 81.072018889000049, 29.810551209000039 ], [ 81.071036014000072, 29.814826459000074 ], [ 81.072736514000042, 29.817453459000035 ], [ 81.071829764000086, 29.821891021000056 ], [ 81.072593826000059, 29.824464459000069 ], [ 81.071576639000057, 29.828408084000046 ], [ 81.069311826000046, 29.827367147000075 ], [ 81.065258076000077, 29.82703308400005 ], [ 81.061811202000058, 29.828496459000064 ], [ 81.057165326000074, 29.829811397000071 ], [ 81.055890513000065, 29.832313584000076 ], [ 81.053461638000044, 29.834040271000049 ], [ 81.05111626300004, 29.834814897000058 ], [ 81.046310076000054, 29.838791334000064 ], [ 81.043368389000079, 29.83954120900006 ], [ 81.041768139000055, 29.840674147000072 ], [ 81.040667764000034, 29.842896459000031 ], [ 81.039866326000038, 29.846444896000037 ], [ 81.04019813900004, 29.848727647000032 ], [ 81.040243264000082, 29.853911334000031 ], [ 81.040788826000039, 29.856744397000057 ], [ 81.042213264000054, 29.860062147000065 ], [ 81.04027688900004, 29.861109396000074 ], [ 81.038417389000074, 29.864619897000068 ], [ 81.039512889000036, 29.869449147000068 ], [ 81.039146264000067, 29.871172584000078 ], [ 81.039597702000037, 29.875494521000064 ], [ 81.04047801400003, 29.878544084000055 ], [ 81.042509388000042, 29.881714959000078 ], [ 81.039254889000063, 29.885088272000075 ], [ 81.03205682600003, 29.89545083400003 ], [ 81.030911889000038, 29.901972459000035 ], [ 81.031274889000031, 29.903639334000047 ], [ 81.029422514000032, 29.906412021000051 ], [ 81.027582014000075, 29.908158397000079 ], [ 81.02227451400006, 29.911833959000035 ], [ 81.016879639000081, 29.914304772000037 ], [ 81.01456401400003, 29.916671335000046 ], [ 81.013354702000072, 29.918767022000054 ], [ 81.011142014000029, 29.919667272000027 ], [ 81.007703263000053, 29.922155584000052 ], [ 81.004710326000065, 29.923281334000023 ], [ 81.004223201000059, 29.924952834000067 ], [ 81.00238063900008, 29.927833459000055 ], [ 81.004268827000033, 29.932441896000057 ], [ 81.004000577000056, 29.936163772000043 ], [ 81.007365951000054, 29.939928459000043 ], [ 81.01080582700007, 29.941958334000049 ], [ 81.012342577000084, 29.94558089700007 ], [ 81.015716388000044, 29.947522709000054 ], [ 81.017007701000068, 29.949665521000043 ], [ 81.018608389000065, 29.954206021000061 ], [ 81.02041351400004, 29.956738896000047 ], [ 81.023310202000062, 29.958658084000035 ], [ 81.021112577000054, 29.961011147000079 ], [ 81.019318889000033, 29.966131897000025 ], [ 81.019367764000037, 29.967783022000049 ], [ 81.021748702000082, 29.972109209000052 ], [ 81.02209120200007, 29.974261021000075 ], [ 81.018560827000044, 29.977135335000071 ], [ 81.017188201000067, 29.978829584000039 ], [ 81.016696202000048, 29.980731209000055 ] ] ] } },
{ "type": "Feature", "properties": { "STATE_CODE": 7, "DISTRICT": "DARCHULA", "GaPa_NaPa": "Byas", "Type_GN": "Gaunpalika", "Province": "Sudur Pashchim" }, "geometry": { "type": "Polygon", "coordinates": [ [ [ 81.092635514000051, 30.054242022000039 ], [ 81.095898452000085, 30.057814897000071 ], [ 81.096117639000056, 30.059529084000076 ], [ 81.097385576000079, 30.061738709000053 ], [ 81.100582701000064, 30.064582959000063 ], [ 81.102594014000033, 30.07253264700006 ], [ 81.10289857600003, 30.075234709000028 ], [ 81.107364951000079, 30.077441709000027 ], [ 81.108198826000034, 30.080445585000064 ], [ 81.110077576000037, 30.084145584000055 ], [ 81.110465952000084, 30.08617758400004 ], [ 81.109438514000033, 30.088819834000049 ], [ 81.106371388000071, 30.091224647000047 ], [ 81.104127576000053, 30.094997897000042 ], [ 81.10370763800006, 30.097152397000059 ], [ 81.100054327000066, 30.100037959000076 ], [ 81.095798827000067, 30.100744897000027 ], [ 81.090390139000078, 30.099054771000056 ], [ 81.085743389000072, 30.099283459000048 ], [ 81.082958826000038, 30.100550647000034 ], [ 81.085166451000077, 30.105340272000035 ], [ 81.086047202000032, 30.106397584000035 ], [ 81.086229702000082, 30.117075771000032 ], [ 81.083607389000065, 30.121728646000065 ], [ 81.081013389000077, 30.123158084000067 ], [ 81.080076639000083, 30.124365459000046 ], [ 81.080430202000059, 30.127108085000032 ], [ 81.08313170200006, 30.131904272000043 ], [ 81.083449263000034, 30.134143896000069 ], [ 81.084574889000066, 30.135780710000063 ], [ 81.083568201000048, 30.138361834000079 ], [ 81.083535076000032, 30.141337084000043 ], [ 81.084297264000043, 30.143838085000027 ], [ 81.083935139000062, 30.146790959000043 ], [ 81.084887514000059, 30.148096397000074 ], [ 81.080481576000068, 30.152021709000053 ], [ 81.079918577000058, 30.154009271000064 ], [ 81.078576888000043, 30.155167272000028 ], [ 81.072701014000074, 30.15630070900005 ], [ 81.071741451000037, 30.157025334000025 ], [ 81.067887638000059, 30.157453709000038 ], [ 81.065794826000058, 30.158884834000048 ], [ 81.064631826000038, 30.161820022000029 ], [ 81.06416345100007, 30.166076709000038 ], [ 81.063284201000045, 30.167831959000068 ], [ 81.060514952000062, 30.168566335000037 ], [ 81.05842201400003, 30.170360522000067 ], [ 81.058179014000075, 30.172747085000026 ], [ 81.05660170200008, 30.174764335000077 ], [ 81.055254952000041, 30.17541452200004 ], [ 81.052869577000081, 30.17954108400005 ], [ 81.04733376300004, 30.179558959000076 ], [ 81.046057889000053, 30.180076022000037 ], [ 81.044614076000073, 30.182997522000051 ], [ 81.045446702000049, 30.185392710000031 ], [ 81.045048014000031, 30.188751460000049 ], [ 81.044315138000059, 30.19029908400006 ], [ 81.044218639000064, 30.19362852200004 ], [ 81.040883826000083, 30.194385147000048 ], [ 81.037722639000037, 30.196265084000061 ], [ 81.035401389000072, 30.196937897000055 ], [ 81.036865388000081, 30.198913397000069 ], [ 81.035865201000036, 30.200467834000051 ], [ 81.036581826000031, 30.20199020900003 ], [ 81.040322389000039, 30.202699584000072 ], [ 81.045113076000064, 30.204743897000071 ], [ 81.04718232700003, 30.206883772000026 ], [ 81.046859201000075, 30.210091397000042 ], [ 81.046063451000066, 30.211420210000028 ], [ 81.044364763000033, 30.211813272000029 ], [ 81.04176876300005, 30.215484085000071 ], [ 81.038046201000043, 30.216335584000035 ], [ 81.035160138000037, 30.21873858500004 ], [ 81.032407014000057, 30.219095709000044 ], [ 81.030614514000035, 30.220214897000062 ], [ 81.031638889000078, 30.224234209000031 ], [ 81.03087901400005, 30.22612683400007 ], [ 81.027587138000058, 30.226815522000038 ], [ 81.028086264000081, 30.229179335000026 ], [ 81.030609702000049, 30.232970460000047 ], [ 81.032302996000055, 30.238469078000037 ], [ 81.031103963000078, 30.240266759000065 ], [ 81.030808919000037, 30.243117024000071 ], [ 81.033663291000039, 30.246986091000053 ], [ 81.033714451000037, 30.249411642000041 ], [ 81.031074942000032, 30.250233490000028 ], [ 81.024449778000076, 30.251000377000025 ], [ 81.023385021000081, 30.251464982000073 ], [ 81.02190250600006, 30.253978468000071 ], [ 81.009803312000031, 30.256997347000038 ], [ 81.010595623000086, 30.259976503000075 ], [ 81.010177899000041, 30.262726582000028 ], [ 81.007053933000066, 30.265247662000036 ], [ 81.00329172000005, 30.267023880000067 ], [ 80.997087124000075, 30.268246131000069 ], [ 80.995040839000069, 30.269716578000043 ], [ 80.991168292000054, 30.270747640000025 ], [ 80.98971614800007, 30.27034648700004 ], [ 80.988660186000061, 30.26887589100005 ], [ 80.986856096000054, 30.268073626000046 ], [ 80.981927470000073, 30.268779646000041 ], [ 80.979484975000048, 30.269886943000074 ], [ 80.978208199000051, 30.272713168000053 ], [ 80.969319145000043, 30.27187109700003 ], [ 80.96513832100004, 30.272557561000042 ], [ 80.961595928000065, 30.272231913000041 ], [ 80.954048441000054, 30.273107967000044 ], [ 80.948790319000068, 30.271807386000035 ], [ 80.94628265800003, 30.270545945000038 ], [ 80.941904693000083, 30.269551006000029 ], [ 80.937924217000045, 30.266398089000063 ], [ 80.937485026000047, 30.265061054000057 ], [ 80.935416195000073, 30.266110414000025 ], [ 80.931541684000081, 30.269278634000045 ], [ 80.928577731000075, 30.271226588000047 ], [ 80.927772318000052, 30.274377234000042 ], [ 80.928518891000067, 30.27651656300003 ], [ 80.930883881000057, 30.277157598000031 ], [ 80.932720244000052, 30.278609964000054 ], [ 80.932454353000082, 30.281293023000046 ], [ 80.927315025000041, 30.286546849000047 ], [ 80.922348419000059, 30.288358255000048 ], [ 80.920531960000062, 30.289479141000072 ], [ 80.917648396000061, 30.290255580000064 ], [ 80.915594258000056, 30.291646754000055 ], [ 80.913396218000059, 30.294514151000044 ], [ 80.909981754000057, 30.298025774000052 ], [ 80.908406158000048, 30.300134946000071 ], [ 80.905301592000058, 30.301431360000038 ], [ 80.904629300000067, 30.302462133000063 ], [ 80.899191467000037, 30.303823521000027 ], [ 80.893600380000066, 30.304286982000065 ], [ 80.889893272000052, 30.302832513000055 ], [ 80.88723703800008, 30.302350428000068 ], [ 80.885365110000066, 30.303392686000052 ], [ 80.882737731000077, 30.303330679000055 ], [ 80.880815960000064, 30.304103184000041 ], [ 80.875885972000049, 30.303859884000076 ], [ 80.87522173800005, 30.306962578000025 ], [ 80.873743694000041, 30.309548856000049 ], [ 80.869296104000057, 30.311725284000033 ], [ 80.864308167000047, 30.31733990400005 ], [ 80.861336357000084, 30.31736065900003 ], [ 80.857744547000038, 30.31798940300007 ], [ 80.850368656000057, 30.319962081000028 ], [ 80.847572306000075, 30.320350349000023 ], [ 80.843359622000037, 30.318483381000078 ], [ 80.836120078000079, 30.316755753000052 ], [ 80.830702139000039, 30.318343482000046 ], [ 80.827730487000053, 30.318253665000043 ], [ 80.825339265000082, 30.319816476000028 ], [ 80.822725852000076, 30.322474650000061 ], [ 80.822100249000073, 30.325820914000076 ], [ 80.820634528000085, 30.326764229000048 ], [ 80.809714687000053, 30.326901578000047 ], [ 80.80403997600007, 30.327612333000047 ], [ 80.802768040000046, 30.330630180000071 ], [ 80.804441353000072, 30.336329062000061 ], [ 80.801797118000081, 30.337394529000051 ], [ 80.797259374000078, 30.340487929000062 ], [ 80.792660574000081, 30.342250162000028 ], [ 80.787840168000059, 30.346696503000032 ], [ 80.786152850000065, 30.350520360000075 ], [ 80.787286341000083, 30.355873009000049 ], [ 80.78843007200004, 30.357573635000051 ], [ 80.786190451000039, 30.358334959000047 ], [ 80.781454565000047, 30.358823655000037 ], [ 80.779865664000056, 30.360291472000029 ], [ 80.777421235000077, 30.365759910000065 ], [ 80.774057063000043, 30.369196438000074 ], [ 80.772203547000061, 30.36959537000007 ], [ 80.76957926700004, 30.371013507000043 ], [ 80.767767209000056, 30.373550220000027 ], [ 80.767101913000033, 30.375458750000064 ], [ 80.764078783000059, 30.374802916000078 ], [ 80.760411738000073, 30.379153937000069 ], [ 80.754520568000032, 30.382456305000062 ], [ 80.752774155000054, 30.383042244000023 ], [ 80.752431459000036, 30.386870312000042 ], [ 80.750888810000049, 30.390537566000035 ], [ 80.746953436000069, 30.391742668000063 ], [ 80.742459063000069, 30.395805421000034 ], [ 80.740545897000061, 30.398647096000047 ], [ 80.737433392000071, 30.400922973000036 ], [ 80.735585666000077, 30.403917480000075 ], [ 80.731002041000067, 30.404232769000032 ], [ 80.72726072100005, 30.406678978000059 ], [ 80.724620008000045, 30.409442502000047 ], [ 80.719696803000033, 30.412831294000057 ], [ 80.718809708000038, 30.414825022000059 ], [ 80.715885091000075, 30.416546968000034 ], [ 80.713348757000063, 30.41732440100003 ], [ 80.709770865000053, 30.42007600900007 ], [ 80.707940145000066, 30.420654384000045 ], [ 80.704467355000077, 30.420429269000067 ], [ 80.702521052000066, 30.416421722000052 ], [ 80.701553424000053, 30.41578931500004 ], [ 80.697796401000062, 30.415799771000025 ], [ 80.689681430000064, 30.417709531000071 ], [ 80.688919184000042, 30.421602698000072 ], [ 80.687414842000067, 30.423441959000058 ], [ 80.685065300000076, 30.424257481000041 ], [ 80.680689617000041, 30.424666985000044 ], [ 80.679039613000043, 30.427183733000049 ], [ 80.679876832000048, 30.430623232000073 ], [ 80.677798424000059, 30.432690132000062 ], [ 80.672911461000069, 30.434291666000036 ], [ 80.669487611000079, 30.436593764000065 ], [ 80.668920809000042, 30.438262743000053 ], [ 80.666897530000085, 30.440205476000074 ], [ 80.661607629000059, 30.442844541000056 ], [ 80.660083574000055, 30.445358978000058 ], [ 80.657124425000063, 30.445765400000028 ], [ 80.655085891000056, 30.447235258000035 ], [ 80.649783347000039, 30.448399410000036 ], [ 80.648281699000052, 30.449168793000069 ], [ 80.646742006000068, 30.451313026000037 ], [ 80.642701198000054, 30.453211705000058 ], [ 80.63804532000006, 30.452930922000064 ], [ 80.632049450000068, 30.458080479000046 ], [ 80.629607996000061, 30.458813571000064 ], [ 80.626633933000051, 30.461908319000031 ], [ 80.625163980000082, 30.464374746000033 ], [ 80.620999647000076, 30.462852910000038 ], [ 80.61730626700006, 30.46107296200006 ], [ 80.615454629000055, 30.461031711000032 ], [ 80.613061347000041, 30.462774374000048 ], [ 80.610910061000084, 30.465317391000042 ], [ 80.609149070000058, 30.469376588000046 ], [ 80.608030758000041, 30.473110975000054 ], [ 80.600733025000068, 30.473079292000079 ], [ 80.600086597000029, 30.472373599000036 ], [ 80.598835481000037, 30.467995930000029 ], [ 80.59585579600008, 30.468430052000031 ], [ 80.592873789000066, 30.468248725000024 ], [ 80.585906618000081, 30.468548131000034 ], [ 80.583448371000031, 30.467961014000025 ], [ 80.580109300000061, 30.46574957200005 ], [ 80.579247437000049, 30.464387409000039 ], [ 80.576786665000043, 30.464656038000044 ], [ 80.570057879000046, 30.464387741000053 ], [ 80.568948083000066, 30.467556181000077 ], [ 80.566720351000072, 30.46400624100005 ], [ 80.566825775000041, 30.459683767000058 ], [ 80.561526164000043, 30.45570297200004 ], [ 80.561239752000063, 30.454115601000069 ], [ 80.557567868000035, 30.452712158000054 ], [ 80.555223358000035, 30.452362745000073 ], [ 80.555006106000064, 30.451335789000041 ], [ 80.551087684000038, 30.449247960000037 ], [ 80.547661950000077, 30.448563531000048 ], [ 80.542429455000047, 30.448360133000051 ], [ 80.540488153000069, 30.445703182000045 ], [ 80.53798839500007, 30.44116322900004 ], [ 80.532789796000031, 30.438749478000034 ], [ 80.529966493000074, 30.436201423000057 ], [ 80.530703090000031, 30.434425864000048 ], [ 80.530411853000032, 30.430084085000033 ], [ 80.529365143000064, 30.427998607000063 ], [ 80.527204957000038, 30.425256612000055 ], [ 80.529122044000076, 30.423651641000049 ], [ 80.533431270000051, 30.421772885000053 ], [ 80.536808550000046, 30.417631454000059 ], [ 80.539528625000059, 30.415355843000043 ], [ 80.54099990800006, 30.415288964000069 ], [ 80.546368403000031, 30.418202616000031 ], [ 80.54908527200007, 30.42075509700004 ], [ 80.550947062000034, 30.423374348000038 ], [ 80.558502628000042, 30.428004838000049 ], [ 80.562536737000073, 30.43154647700004 ], [ 80.56736483800006, 30.437373963000027 ], [ 80.570202628000061, 30.438894168000047 ], [ 80.575103151000064, 30.442446502000053 ], [ 80.584484337000049, 30.445610183000042 ], [ 80.59211110900003, 30.445748265000077 ], [ 80.599467312000058, 30.448875475000079 ], [ 80.604202318000034, 30.449355680000053 ], [ 80.606367570000032, 30.448777390000032 ], [ 80.609158920000084, 30.446649327000046 ], [ 80.613502621000066, 30.445588069000053 ], [ 80.617217032000042, 30.439850082000078 ], [ 80.619180892000031, 30.437850660000038 ], [ 80.622952195000039, 30.435062730000027 ], [ 80.624012905000029, 30.433027199000037 ], [ 80.624395759000038, 30.43039413200006 ], [ 80.623990305000063, 30.428369893000024 ], [ 80.624641689000043, 30.424946524000063 ], [ 80.62676357600003, 30.42111404700006 ], [ 80.628929861000074, 30.418898388000059 ], [ 80.630844726000078, 30.418017473000077 ], [ 80.630063031000077, 30.416205828000045 ], [ 80.628787744000078, 30.41617767200006 ], [ 80.627917825000054, 30.414505150000025 ], [ 80.628288984000051, 30.411872831000039 ], [ 80.629697004000036, 30.408948716000054 ], [ 80.634290621000048, 30.405596820000028 ], [ 80.636129341000071, 30.403070680000042 ], [ 80.635673440000062, 30.398711529000025 ], [ 80.637442297000064, 30.398265450000054 ], [ 80.638027196000053, 30.394708211000079 ], [ 80.639763975000051, 30.392972464000025 ], [ 80.640348292000056, 30.390568528000074 ], [ 80.643991272000051, 30.388347534000047 ], [ 80.645235573000036, 30.38828581000007 ], [ 80.648737735000054, 30.386592303000043 ], [ 80.651100235000058, 30.383280417000037 ], [ 80.655513190000079, 30.381197522000036 ], [ 80.657440352000037, 30.377979064000044 ], [ 80.659577395000042, 30.36891709300005 ], [ 80.660203415000069, 30.364571459000047 ], [ 80.661936360000084, 30.360880382000062 ], [ 80.661613689000035, 30.358774844000038 ], [ 80.662489084000072, 30.356512943000041 ], [ 80.660479328000065, 30.354735078000033 ], [ 80.662981516000059, 30.353123293000067 ], [ 80.662686363000034, 30.350970356000062 ], [ 80.664626546000079, 30.350524477000079 ], [ 80.666261718000044, 30.349175202000026 ], [ 80.667309050000085, 30.347340218000056 ], [ 80.667916131000084, 30.344750411000064 ], [ 80.670718916000055, 30.342248889000075 ], [ 80.674722756000051, 30.340969337000047 ], [ 80.675771145000056, 30.339585223000029 ], [ 80.681384114000082, 30.339021136000042 ], [ 80.684446675000061, 30.33516962300007 ], [ 80.68948604600007, 30.333565276000058 ], [ 80.691833584000051, 30.333124836000025 ], [ 80.694837416000041, 30.334010339000031 ], [ 80.702598773000034, 30.334377783000036 ], [ 80.703752938000036, 30.333578320000072 ], [ 80.706461114000035, 30.333537877000026 ], [ 80.707750016000034, 30.331836337000027 ], [ 80.709883554000044, 30.330663027000071 ], [ 80.71160057600008, 30.33074201900007 ], [ 80.71643343900007, 30.329671205000068 ], [ 80.718356623000034, 30.328386297000065 ], [ 80.720433840000055, 30.325171675000036 ], [ 80.722577650000062, 30.324642710000035 ], [ 80.725496523000061, 30.322226500000056 ], [ 80.728444185000058, 30.321292709000033 ], [ 80.73106232400005, 30.31933229200007 ], [ 80.733181449000085, 30.318706421000059 ], [ 80.736225796000042, 30.316281272000026 ], [ 80.735477941000056, 30.314527587000043 ], [ 80.735725160000072, 30.31160858800007 ], [ 80.739311547000057, 30.308043174000034 ], [ 80.744867166000063, 30.306489337000073 ], [ 80.748043738000035, 30.306966957000043 ], [ 80.749616694000053, 30.307829355000024 ], [ 80.754613581000058, 30.308224348000067 ], [ 80.758487604000038, 30.305670126000052 ], [ 80.760678220000045, 30.302031121000027 ], [ 80.761649788000057, 30.298464290000027 ], [ 80.761044591000029, 30.297310184000025 ], [ 80.762740391000079, 30.294553701000041 ], [ 80.761461567000083, 30.28870758100004 ], [ 80.76250195800003, 30.283901705000062 ], [ 80.763405973000033, 30.283158990000061 ], [ 80.763326626000037, 30.279544216000033 ], [ 80.764247760000046, 30.278524167000057 ], [ 80.76840724200008, 30.278252290000069 ], [ 80.77251743000005, 30.274537885000029 ], [ 80.775023340000075, 30.270809263000046 ], [ 80.77894387200007, 30.267163553000046 ], [ 80.778486491000081, 30.265700631000072 ], [ 80.782557395000083, 30.262305717000061 ], [ 80.784432323000033, 30.260082767000029 ], [ 80.78642921900007, 30.25546683400006 ], [ 80.787622328000054, 30.253714191000029 ], [ 80.788566723000031, 30.250098293000065 ], [ 80.790039641000078, 30.248608669000077 ], [ 80.791130614000053, 30.246324679000054 ], [ 80.793466825000053, 30.243517465000025 ], [ 80.795588979000058, 30.241857026000048 ], [ 80.797542597000074, 30.238469051000038 ], [ 80.800246911000045, 30.236993141000028 ], [ 80.802224369000044, 30.234614914000076 ], [ 80.804536214000052, 30.233400913000025 ], [ 80.805005526000059, 30.232422861000032 ], [ 80.809967144000041, 30.229279050000059 ], [ 80.81311631300008, 30.228567419000058 ], [ 80.813833718000069, 30.225716632000058 ], [ 80.814813084000036, 30.224615133000043 ], [ 80.817463402000044, 30.225238330000025 ], [ 80.81963341200003, 30.224697052000067 ], [ 80.821769778000032, 30.222219673000041 ], [ 80.82409348300007, 30.218677817000071 ], [ 80.823824304000084, 30.217015963000051 ], [ 80.826715535000062, 30.214198141000054 ], [ 80.828948799000045, 30.210290832000055 ], [ 80.828984817000048, 30.208536283000058 ], [ 80.83101593300006, 30.206992006000064 ], [ 80.832401339000057, 30.206917394000072 ], [ 80.834680103000039, 30.205153753000047 ], [ 80.835453769000083, 30.202700676000063 ], [ 80.839015030000041, 30.19977360300004 ], [ 80.841179996000051, 30.193752421000056 ], [ 80.842440974000056, 30.192307291000077 ], [ 80.846110650000071, 30.189976953000041 ], [ 80.851641821000044, 30.184979723000026 ], [ 80.852082949000078, 30.184006236000073 ], [ 80.855669738000074, 30.181618240000034 ], [ 80.856241648000037, 30.177589243000057 ], [ 80.860342075000062, 30.173143894000077 ], [ 80.860813510000071, 30.172012852000023 ], [ 80.864620076000051, 30.168952522000041 ], [ 80.866047826000056, 30.166876647000038 ], [ 80.868704201000071, 30.166619834000073 ], [ 80.870150013000057, 30.164022772000067 ], [ 80.87317957700003, 30.160694209000042 ], [ 80.873464013000046, 30.158217771000068 ], [ 80.873257951000085, 30.154428084000074 ], [ 80.872661452000045, 30.15326583500007 ], [ 80.874866389000033, 30.147978522000074 ], [ 80.875311013000044, 30.144234459000074 ], [ 80.877812014000085, 30.141088022000076 ], [ 80.877779451000038, 30.138841334000062 ], [ 80.878821014000039, 30.135724959000072 ], [ 80.880424951000066, 30.132487334000075 ], [ 80.87969051400006, 30.129245272000048 ], [ 80.878601951000064, 30.127839084000072 ], [ 80.875755638000044, 30.126246146000028 ], [ 80.872696264000069, 30.12615296000007 ], [ 80.869725764000066, 30.125369585000044 ], [ 80.866582326000071, 30.122476960000029 ], [ 80.864263638000068, 30.120947522000051 ], [ 80.860658951000062, 30.121311397000056 ], [ 80.856581451000068, 30.120206272000075 ], [ 80.855968201000053, 30.118858960000068 ], [ 80.848288076000074, 30.116878834000033 ], [ 80.846039889000053, 30.115547647000028 ], [ 80.84482938900004, 30.113940209000077 ], [ 80.843586514000037, 30.110440209000046 ], [ 80.846333388000062, 30.107585522000079 ], [ 80.847529701000042, 30.106991459000028 ], [ 80.847638889000052, 30.104713335000042 ], [ 80.84699201400008, 30.102344147000053 ], [ 80.844269201000031, 30.101131897000073 ], [ 80.842461452000066, 30.099433522000027 ], [ 80.837807013000031, 30.097257897000077 ], [ 80.835767077000071, 30.097805772000072 ], [ 80.831795326000076, 30.097173647000034 ], [ 80.830125138000085, 30.097523335000062 ], [ 80.827993827000057, 30.100058209000053 ], [ 80.826236638000069, 30.099598022000066 ], [ 80.823476639000035, 30.099822147000054 ], [ 80.822194763000084, 30.099071522000031 ], [ 80.820651889000032, 30.096883709000053 ], [ 80.818911451000076, 30.097095710000076 ], [ 80.816067138000051, 30.095257835000041 ], [ 80.815702326000064, 30.092981272000031 ], [ 80.814472201000058, 30.092916460000026 ], [ 80.811417701000039, 30.09085046000007 ], [ 80.807974451000064, 30.090004084000043 ], [ 80.80339563900003, 30.085625834000041 ], [ 80.801225889000079, 30.080901459000074 ], [ 80.798768014000075, 30.079598460000057 ], [ 80.796750388000078, 30.077851771000041 ], [ 80.793437576000031, 30.073612647000061 ], [ 80.791576201000055, 30.07312027200004 ], [ 80.790753451000057, 30.071546772000033 ], [ 80.791038013000048, 30.069880272000034 ], [ 80.787935576000052, 30.066223397000044 ], [ 80.785678576000066, 30.061602334000042 ], [ 80.783783826000047, 30.060315772000024 ], [ 80.781191451000041, 30.056675334000033 ], [ 80.779191888000071, 30.055020834000061 ], [ 80.776699076000057, 30.054114397000035 ], [ 80.77430963900008, 30.054065210000033 ], [ 80.772870889000046, 30.053192085000035 ], [ 80.767321701000071, 30.051973272000055 ], [ 80.762725513000078, 30.049138709000033 ], [ 80.762483701000065, 30.047381084000051 ], [ 80.760503013000061, 30.04552783400004 ], [ 80.761105076000035, 30.043541709000067 ], [ 80.757687451000038, 30.040082021000046 ], [ 80.757446638000033, 30.038094335000039 ], [ 80.757789763000062, 30.034258021000028 ], [ 80.757411326000067, 30.030909896000026 ], [ 80.759877513000049, 30.028027146000056 ], [ 80.759028139000065, 30.023363147000055 ], [ 80.755926263000049, 30.020422772000074 ], [ 80.753275951000035, 30.012608647000036 ], [ 80.751370201000043, 30.009226022000064 ], [ 80.749407013000052, 30.006580897000049 ], [ 80.745940451000081, 30.003657647000068 ], [ 80.743659139000044, 30.003005835000067 ], [ 80.742504951000058, 30.001332147000028 ], [ 80.740321576000042, 29.99969020900005 ], [ 80.736642076000066, 29.999432522000063 ], [ 80.728926888000046, 30.000445397000078 ], [ 80.727278263000073, 29.999848834000034 ], [ 80.723617201000081, 30.000560771000039 ], [ 80.721311951000075, 30.000325834000023 ], [ 80.717853701000081, 29.996420646000047 ], [ 80.716698076000057, 29.99373614700005 ], [ 80.714064264000058, 29.990189021000049 ], [ 80.711082576000081, 29.989165209000078 ], [ 80.70941188900008, 29.986808834000044 ], [ 80.706287014000054, 29.985730459000024 ], [ 80.704539013000044, 29.983707709000043 ], [ 80.702240952000068, 29.980000897000025 ], [ 80.698785826000062, 29.979512584000076 ], [ 80.69761257600004, 29.977971521000029 ], [ 80.692344014000071, 29.974679584000057 ], [ 80.689442138000061, 29.971433585000057 ], [ 80.689166014000079, 29.970250959000055 ], [ 80.684936138000069, 29.966133272000036 ], [ 80.684435513000039, 29.963145522000048 ], [ 80.680868639000039, 29.960551897000073 ], [ 80.679665639000063, 29.958906834000061 ], [ 80.674897514000065, 29.956896647000065 ], [ 80.67307863800005, 29.957386147000079 ], [ 80.66506713900003, 29.956696084000043 ], [ 80.663100388000032, 29.955991771000072 ], [ 80.660556951000046, 29.956147647000023 ], [ 80.658534013000065, 29.95521083400007 ], [ 80.65033976400008, 29.955926959000067 ], [ 80.648311139000043, 29.956553146000033 ], [ 80.643968763000032, 29.959288959000048 ], [ 80.642431951000049, 29.959729147000075 ], [ 80.640924389000077, 29.96211158400007 ], [ 80.634874701000058, 29.964736334000065 ], [ 80.631985389000079, 29.965177209000046 ], [ 80.628796888000068, 29.964728397000044 ], [ 80.626911764000056, 29.963757584000064 ], [ 80.624230514000033, 29.964257521000036 ], [ 80.62086057700003, 29.963083959000073 ], [ 80.618007576000082, 29.96114027200008 ], [ 80.61440895100003, 29.960277209000026 ], [ 80.613062263000074, 29.959255959000075 ], [ 80.609940763000054, 29.958556459000079 ], [ 80.606040388000054, 29.959023084000023 ], [ 80.596986638000033, 29.952941459000044 ], [ 80.596478076000039, 29.95210527100005 ], [ 80.59216963800003, 29.948437772000034 ], [ 80.590042951000044, 29.944348397000056 ], [ 80.583103638000068, 29.936325709000073 ], [ 80.58180463900004, 29.933481709000034 ], [ 80.580544451000037, 29.931995709000034 ], [ 80.579950764000046, 29.92820652100005 ], [ 80.575984514000083, 29.923477147000028 ], [ 80.57481788900003, 29.918977771000073 ], [ 80.573136264000084, 29.916330959000049 ], [ 80.571429389000059, 29.909016959000041 ], [ 80.572878451000065, 29.905534396000064 ], [ 80.573158139000043, 29.90102608400008 ], [ 80.574935264000032, 29.901550647000079 ], [ 80.578652576000081, 29.900624209000057 ], [ 80.58272413800006, 29.901259709000044 ], [ 80.582747451000046, 29.902965084000073 ], [ 80.585275014000047, 29.903604647000066 ], [ 80.589388951000046, 29.907828897000059 ], [ 80.590364888000067, 29.90953727200008 ], [ 80.592675889000077, 29.911362521000058 ], [ 80.596022513000037, 29.915872959000069 ], [ 80.599749452000083, 29.919006209000031 ], [ 80.601821388000076, 29.919587647000071 ], [ 80.606255389000069, 29.92525377100003 ], [ 80.608316951000063, 29.925704271000029 ], [ 80.611173201000042, 29.929258709000067 ], [ 80.61117751300003, 29.931478272000049 ], [ 80.616737327000067, 29.934334522000029 ], [ 80.621113076000086, 29.935357709000073 ], [ 80.624853514000051, 29.931928459000062 ], [ 80.632851264000067, 29.92861477200006 ], [ 80.637200764000056, 29.925863584000069 ], [ 80.639999327000055, 29.924768209000035 ], [ 80.642374076000067, 29.92241745900003 ], [ 80.645730138000033, 29.91567070900004 ], [ 80.647241951000069, 29.911567147000028 ], [ 80.650846701000034, 29.908490896000046 ], [ 80.65316763900006, 29.900656147000063 ], [ 80.655085076000034, 29.89899420900008 ], [ 80.65850757700008, 29.897248209000054 ], [ 80.66229088800003, 29.894600709000031 ], [ 80.663431389000039, 29.892950209000048 ], [ 80.666649952000057, 29.89188464700004 ], [ 80.669018013000084, 29.890061209000066 ], [ 80.670361513000046, 29.887720834000049 ], [ 80.673544764000042, 29.885114397000052 ], [ 80.674997638000036, 29.881337397000038 ], [ 80.678178139000067, 29.878169147000051 ], [ 80.679270951000035, 29.876209334000066 ], [ 80.680532388000074, 29.875420585000029 ], [ 80.683250888000032, 29.875321147000079 ], [ 80.684684701000037, 29.873831272000075 ], [ 80.688364326000055, 29.873341522000032 ], [ 80.691546138000035, 29.870364646000041 ], [ 80.699320326000077, 29.868677209000055 ], [ 80.701157951000084, 29.869543146000069 ], [ 80.702681138000059, 29.872393271000078 ], [ 80.704811389000042, 29.871064959000023 ], [ 80.707013138000036, 29.871148772000026 ], [ 80.713277451000067, 29.868787271000031 ], [ 80.716473951000069, 29.87005739600005 ], [ 80.717489514000079, 29.873844647000055 ], [ 80.720861826000032, 29.874774459000037 ], [ 80.723170326000059, 29.874921397000037 ], [ 80.724162827000043, 29.875322772000061 ], [ 80.727302014000031, 29.879339959000049 ], [ 80.728808889000049, 29.881957459000034 ], [ 80.731689951000078, 29.882094209000059 ], [ 80.73533063900004, 29.881192459000033 ], [ 80.741229888000078, 29.878860459000066 ], [ 80.748967826000069, 29.878367897000032 ], [ 80.746971701000064, 29.883019897000054 ], [ 80.746152326000072, 29.885847021000075 ], [ 80.741889327000081, 29.891656272000034 ], [ 80.739798138000083, 29.893799584000078 ], [ 80.738896451000073, 29.897921272000076 ], [ 80.740354951000029, 29.90158064700006 ], [ 80.739929951000079, 29.904597959000057 ], [ 80.740547326000069, 29.905778959000031 ], [ 80.739821138000082, 29.910852896000051 ], [ 80.737425827000038, 29.914748272000054 ], [ 80.736739514000078, 29.918450772000028 ], [ 80.737094389000049, 29.919403397000053 ], [ 80.736191826000038, 29.923146084000052 ], [ 80.73870626300004, 29.927035459000024 ], [ 80.740763763000075, 29.926917709000065 ], [ 80.744610826000041, 29.925420646000077 ], [ 80.747851513000057, 29.925413334000041 ], [ 80.749638077000043, 29.923501646000034 ], [ 80.751433638000037, 29.922598271000027 ], [ 80.752279701000077, 29.923826959000053 ], [ 80.755360452000048, 29.926334272000076 ], [ 80.760956264000072, 29.927411522000057 ], [ 80.762036826000042, 29.928640522000023 ], [ 80.765088389000084, 29.929963397000051 ], [ 80.768540826000049, 29.92989502100005 ], [ 80.771117326000081, 29.927797209000062 ], [ 80.773542639000084, 29.926517897000053 ], [ 80.775051638000036, 29.924887334000061 ], [ 80.775071202000049, 29.923245209000072 ], [ 80.778955513000085, 29.920831459000055 ], [ 80.780349576000049, 29.917788522000023 ], [ 80.784497827000052, 29.913791459000038 ], [ 80.788546764000046, 29.912859647000062 ], [ 80.79232701400008, 29.909712146000061 ], [ 80.794755576000057, 29.90824070900004 ], [ 80.799682951000079, 29.906333147000055 ], [ 80.801178451000055, 29.905054146000055 ], [ 80.804355076000036, 29.905410834000065 ], [ 80.804101451000065, 29.90864289700005 ], [ 80.803387701000077, 29.910656209000024 ], [ 80.803683389000071, 29.912377709000054 ], [ 80.80531363800003, 29.913282459000072 ], [ 80.807876326000041, 29.916065272000026 ], [ 80.810075639000047, 29.917503084000032 ], [ 80.810417139000037, 29.919366772000046 ], [ 80.813725951000038, 29.922874647000071 ], [ 80.816801889000033, 29.924403834000032 ], [ 80.817598452000084, 29.92535683400007 ], [ 80.818356076000043, 29.929034709000064 ], [ 80.821912701000031, 29.933841959000063 ], [ 80.822566201000029, 29.935196271000052 ], [ 80.822844889000066, 29.939087771000061 ], [ 80.824837826000078, 29.941183709000029 ], [ 80.825398201000041, 29.943252959000063 ], [ 80.831243201000063, 29.944458396000073 ], [ 80.834225701000037, 29.944168896000065 ], [ 80.839759576000063, 29.94748039600006 ], [ 80.851009701000066, 29.948050709000029 ], [ 80.85552457600005, 29.946964021000042 ], [ 80.857208701000047, 29.947750834000033 ], [ 80.857733076000045, 29.950155960000075 ], [ 80.861653014000069, 29.952916647000052 ], [ 80.86257488900003, 29.956465834000028 ], [ 80.864100951000069, 29.957935897000027 ], [ 80.865579576000073, 29.961765334000063 ], [ 80.867327764000038, 29.964318334000041 ], [ 80.868190638000044, 29.968390647000035 ], [ 80.867717514000049, 29.971568647000026 ], [ 80.869116201000054, 29.975066272000049 ], [ 80.866951639000035, 29.978610085000071 ], [ 80.866893452000056, 29.980405584000039 ], [ 80.865506327000048, 29.981753084000047 ], [ 80.864912076000053, 29.984093897000037 ], [ 80.865003263000062, 29.987549709000064 ], [ 80.86645320100007, 29.992078396000068 ], [ 80.867262013000072, 29.993073959000071 ], [ 80.872756763000041, 29.992948584000032 ], [ 80.874417264000044, 29.991950897000038 ], [ 80.883959076000053, 29.988801647000059 ], [ 80.886839201000043, 29.986672522000049 ], [ 80.89136145100008, 29.984551459000045 ], [ 80.897701077000079, 29.982535397000049 ], [ 80.901825889000065, 29.980318959000044 ], [ 80.907102264000059, 29.976677584000072 ], [ 80.912849827000059, 29.973094897000067 ], [ 80.915910139000061, 29.970351709000056 ], [ 80.918517389000044, 29.968902897000078 ], [ 80.921876077000036, 29.969367397000042 ], [ 80.925135014000034, 29.969073771000069 ], [ 80.928740951000066, 29.967999771000052 ], [ 80.934620326000072, 29.968264522000027 ], [ 80.938276576000078, 29.966831647000049 ], [ 80.941917014000069, 29.96620395900004 ], [ 80.944352826000056, 29.964815459000079 ], [ 80.944748201000039, 29.967150271000037 ], [ 80.946027952000065, 29.968628334000073 ], [ 80.946252076000064, 29.971610522000049 ], [ 80.950398388000053, 29.974530959000049 ], [ 80.952953451000042, 29.975887584000077 ], [ 80.95444907600006, 29.977505459000042 ], [ 80.956395951000047, 29.980986772000051 ], [ 80.959905388000038, 29.982717897000043 ], [ 80.96543888900004, 29.984853396000062 ], [ 80.970138639000083, 29.986350084000037 ], [ 80.973367951000057, 29.985721397000077 ], [ 80.98037826400008, 29.98777758500006 ], [ 80.983928826000067, 29.987435210000058 ], [ 80.98828151400005, 29.988150709000024 ], [ 80.991740764000042, 29.986939709000069 ], [ 80.995940388000065, 29.986502271000063 ], [ 81.003272389000074, 29.983157084000027 ], [ 81.007070764000048, 29.982507272000078 ], [ 81.011586138000041, 29.981212209000034 ], [ 81.016696202000048, 29.980731209000055 ], [ 81.019897327000081, 29.982747334000067 ], [ 81.023062951000043, 29.983360396000023 ], [ 81.027659014000051, 29.987532522000038 ], [ 81.029609827000058, 29.992487897000046 ], [ 81.034538138000073, 29.998890647000053 ], [ 81.036830389000045, 30.003985647000036 ], [ 81.040046639000082, 30.008441959000038 ], [ 81.040427701000056, 30.012698334000049 ], [ 81.039839013000062, 30.015112085000055 ], [ 81.041882763000046, 30.015634772000055 ], [ 81.04355263900004, 30.017752335000068 ], [ 81.046334764000051, 30.018644709000057 ], [ 81.048954077000076, 30.021909897000057 ], [ 81.053416014000049, 30.023153334000028 ], [ 81.055265139000085, 30.024120272000062 ], [ 81.05609220100007, 30.026474897000071 ], [ 81.05783695100007, 30.028964396000049 ], [ 81.062724264000053, 30.034071272000062 ], [ 81.064053576000049, 30.034508272000039 ], [ 81.066280952000056, 30.037015460000077 ], [ 81.066635764000068, 30.038416084000062 ], [ 81.070342389000075, 30.043536834000065 ], [ 81.073054264000064, 30.045479709000062 ], [ 81.076747389000047, 30.045448334000071 ], [ 81.080374389000042, 30.046519834000037 ], [ 81.081350514000064, 30.048380209000072 ], [ 81.083205389000057, 30.049085022000042 ], [ 81.086052451000057, 30.052532147000079 ], [ 81.089834389000032, 30.054291335000073 ], [ 81.092635514000051, 30.054242022000039 ] ] ] } },
{ "type": "Feature", "properties": { "STATE_CODE": 7, "DISTRICT": "DARCHULA", "GaPa_NaPa": "Dunhu", "Type_GN": "Gaunpalika", "Province": "Sudur Pashchim" }, "geometry": { "type": "Polygon", "coordinates": [ [ [ 80.680532388000074, 29.875420585000029 ], [ 80.679270951000035, 29.876209334000066 ], [ 80.678178139000067, 29.878169147000051 ], [ 80.674997638000036, 29.881337397000038 ], [ 80.673544764000042, 29.885114397000052 ], [ 80.670361513000046, 29.887720834000049 ], [ 80.669018013000084, 29.890061209000066 ], [ 80.666649952000057, 29.89188464700004 ], [ 80.663431389000039, 29.892950209000048 ], [ 80.66229088800003, 29.894600709000031 ], [ 80.65850757700008, 29.897248209000054 ], [ 80.655085076000034, 29.89899420900008 ], [ 80.65316763900006, 29.900656147000063 ], [ 80.650846701000034, 29.908490896000046 ], [ 80.647241951000069, 29.911567147000028 ], [ 80.645730138000033, 29.91567070900004 ], [ 80.642374076000067, 29.92241745900003 ], [ 80.639999327000055, 29.924768209000035 ], [ 80.637200764000056, 29.925863584000069 ], [ 80.632851264000067, 29.92861477200006 ], [ 80.624853514000051, 29.931928459000062 ], [ 80.621113076000086, 29.935357709000073 ], [ 80.616737327000067, 29.934334522000029 ], [ 80.61117751300003, 29.931478272000049 ], [ 80.611173201000042, 29.929258709000067 ], [ 80.608316951000063, 29.925704271000029 ], [ 80.606255389000069, 29.92525377100003 ], [ 80.601821388000076, 29.919587647000071 ], [ 80.599749452000083, 29.919006209000031 ], [ 80.596022513000037, 29.915872959000069 ], [ 80.592675889000077, 29.911362521000058 ], [ 80.590364888000067, 29.90953727200008 ], [ 80.589388951000046, 29.907828897000059 ], [ 80.585275014000047, 29.903604647000066 ], [ 80.582747451000046, 29.902965084000073 ], [ 80.58272413800006, 29.901259709000044 ], [ 80.578652576000081, 29.900624209000057 ], [ 80.574935264000032, 29.901550647000079 ], [ 80.573158139000043, 29.90102608400008 ], [ 80.573188076000065, 29.899541959000032 ], [ 80.574391951000052, 29.895902834000026 ], [ 80.571988138000052, 29.891428771000051 ], [ 80.569867263000049, 29.886071334000064 ], [ 80.569551451000052, 29.884037959000068 ], [ 80.568157639000049, 29.880243771000039 ], [ 80.56661888800005, 29.877971771000034 ], [ 80.564243139000041, 29.875850334000063 ], [ 80.562196639000035, 29.87482852100004 ], [ 80.558624701000042, 29.870623272000046 ], [ 80.558463264000068, 29.869598584000073 ], [ 80.560450827000068, 29.867877397000029 ], [ 80.562256077000029, 29.867511147000073 ], [ 80.563243077000038, 29.866111397000054 ], [ 80.560948388000043, 29.864707521000071 ], [ 80.562766139000075, 29.863829271000043 ], [ 80.563375452000059, 29.862606459000062 ], [ 80.566606264000029, 29.860081647000072 ], [ 80.570803639000076, 29.859267522000039 ], [ 80.574910327000055, 29.857309334000036 ], [ 80.576611326000034, 29.855291396000041 ], [ 80.580459764000068, 29.855005959000039 ], [ 80.58163851300003, 29.854161521000037 ], [ 80.58387357600003, 29.855452084000035 ], [ 80.587595201000056, 29.854146521000075 ], [ 80.590004638000039, 29.853874209000026 ], [ 80.591496638000081, 29.854632271000071 ], [ 80.59329157600007, 29.853943021000077 ], [ 80.594871389000048, 29.854759959000035 ], [ 80.596356576000062, 29.853056959000071 ], [ 80.598334139000031, 29.851968959000033 ], [ 80.600387951000073, 29.852931584000032 ], [ 80.602315888000078, 29.852851709000049 ], [ 80.605004764000057, 29.851826647000053 ], [ 80.607483639000066, 29.851806959000044 ], [ 80.611556138000083, 29.850729522000051 ], [ 80.61229501400004, 29.848706021000055 ], [ 80.614928513000052, 29.847737022000047 ], [ 80.616111139000054, 29.849917209000068 ], [ 80.618874326000082, 29.85074858400003 ], [ 80.62106538900008, 29.850779709000051 ], [ 80.627416326000059, 29.84977139700004 ], [ 80.629517701000054, 29.849116397000046 ], [ 80.632453076000047, 29.848955396000065 ], [ 80.633810764000032, 29.84964039700003 ], [ 80.636880576000067, 29.849439084000039 ], [ 80.639029013000084, 29.849814959000071 ], [ 80.641567076000058, 29.848777459000075 ], [ 80.644154076000063, 29.849077709000028 ], [ 80.645993389000068, 29.848500646000048 ], [ 80.647237764000067, 29.852007147000052 ], [ 80.646914576000086, 29.858439584000052 ], [ 80.645905951000032, 29.859894084000075 ], [ 80.648758701000077, 29.860891959000071 ], [ 80.649610701000086, 29.862218334000033 ], [ 80.654963013000042, 29.866306272000031 ], [ 80.657962389000033, 29.865641897000046 ], [ 80.660811888000069, 29.868811771000026 ], [ 80.66338401400003, 29.869576272000074 ], [ 80.667858889000058, 29.871592959000054 ], [ 80.669422889000032, 29.873076646000072 ], [ 80.674364888000071, 29.875114521000057 ], [ 80.677266139000039, 29.874925459000053 ], [ 80.680532388000074, 29.875420585000029 ] ] ] } },
{ "type": "Feature", "properties": { "STATE_CODE": 7, "DISTRICT": "DARCHULA", "GaPa_NaPa": "Lekam", "Type_GN": "Gaunpalika", "Province": "Sudur Pashchim" }, "geometry": { "type": "Polygon", "coordinates": [ [ [ 80.519622388000073, 29.652925459000073 ], [ 80.51896176300005, 29.654784084000028 ], [ 80.519171138000047, 29.657536897000057 ], [ 80.520235951000075, 29.658474646000059 ], [ 80.523021639000035, 29.658660647000033 ], [ 80.524719764000054, 29.659571272000051 ], [ 80.527998951000029, 29.659231083000066 ], [ 80.529740826000079, 29.663387897000064 ], [ 80.529211513000064, 29.666052396000055 ], [ 80.526528951000046, 29.669173834000048 ], [ 80.526475638000079, 29.671045959000026 ], [ 80.523696763000032, 29.672906084000033 ], [ 80.520052576000069, 29.673772584000062 ], [ 80.517093826000064, 29.675054396000064 ], [ 80.513694827000052, 29.674207334000073 ], [ 80.511294889000055, 29.675768521000066 ], [ 80.50561682600005, 29.678355146000058 ], [ 80.502323138000065, 29.677623209000046 ], [ 80.497794638000073, 29.679164897000078 ], [ 80.498152326000081, 29.680294146000051 ], [ 80.500270951000061, 29.681551834000061 ], [ 80.500677763000056, 29.683269959000029 ], [ 80.499128014000064, 29.684637896000027 ], [ 80.496071201000063, 29.685388772000067 ], [ 80.494290951000039, 29.686915896000073 ], [ 80.490811389000044, 29.688483834000067 ], [ 80.49081213900007, 29.690392209000038 ], [ 80.491883577000067, 29.691948271000058 ], [ 80.491207013000064, 29.694059334000031 ], [ 80.48924020100003, 29.694687897000051 ], [ 80.488286139000081, 29.696281272000078 ], [ 80.487867014000074, 29.700466334000055 ], [ 80.485324014000071, 29.701762584000051 ], [ 80.483692826000038, 29.703355584000064 ], [ 80.481293889000085, 29.701670147000073 ], [ 80.47852901300007, 29.701436021000063 ], [ 80.474504263000085, 29.70273970900007 ], [ 80.471963576000064, 29.705641771000046 ], [ 80.469676638000067, 29.707380834000048 ], [ 80.465689638000072, 29.709408521000057 ], [ 80.460960451000062, 29.709461522000026 ], [ 80.457477764000032, 29.708727709000073 ], [ 80.455981638000083, 29.707873459000041 ], [ 80.453287076000038, 29.705076521000024 ], [ 80.453943701000071, 29.703114458000073 ], [ 80.451876826000046, 29.702580334000061 ], [ 80.447161763000054, 29.702653209000061 ], [ 80.446081451000055, 29.701746397000079 ], [ 80.444127077000076, 29.702742022000052 ], [ 80.44055757600006, 29.705503834000069 ], [ 80.439600201000076, 29.705265147000034 ], [ 80.438659888000075, 29.701852771000063 ], [ 80.439179388000071, 29.698626959000023 ], [ 80.436328763000063, 29.69261689700005 ], [ 80.439327326000068, 29.69187839600005 ], [ 80.441713826000068, 29.689450021000027 ], [ 80.437333951000085, 29.688935209000078 ], [ 80.435641577000069, 29.688039334000052 ], [ 80.430335389000049, 29.687897021000026 ], [ 80.429367513000045, 29.686589021000032 ], [ 80.430220263000081, 29.684607647000064 ], [ 80.431341514000053, 29.680123522000031 ], [ 80.433151763000069, 29.678398834000063 ], [ 80.429417388000047, 29.678387334000035 ], [ 80.425652576000061, 29.679117709000025 ], [ 80.422836201000052, 29.680910084000061 ], [ 80.418367889000081, 29.682036459000074 ], [ 80.416529326000045, 29.684295397000028 ], [ 80.411903389000031, 29.685111834000054 ], [ 80.409079701000053, 29.682617959000027 ], [ 80.406037889000061, 29.683908147000068 ], [ 80.404004388000033, 29.682762147000062 ], [ 80.401452201000041, 29.683156647000033 ], [ 80.396740952000073, 29.680137459000036 ], [ 80.39413588900004, 29.679505209000069 ], [ 80.389537763000078, 29.67984952200004 ], [ 80.385875014000078, 29.681578584000079 ], [ 80.385059639000076, 29.678448333000063 ], [ 80.385941889000037, 29.67498983400003 ], [ 80.387078139000039, 29.673449896000079 ], [ 80.391253326000083, 29.671608147000029 ], [ 80.391768576000061, 29.670067647000053 ], [ 80.39103545100005, 29.667409209000027 ], [ 80.392218701000047, 29.664475396000057 ], [ 80.393420951000053, 29.663792959000034 ], [ 80.399466202000042, 29.663044459000048 ], [ 80.401032264000037, 29.661934959000064 ], [ 80.399420139000085, 29.65977570900003 ], [ 80.399819513000068, 29.658845896000059 ], [ 80.402726889000064, 29.658500334000053 ], [ 80.406558889000053, 29.66002439600004 ], [ 80.408813201000044, 29.659116396000059 ], [ 80.410847263000051, 29.656501959000025 ], [ 80.411022889000037, 29.654553772000042 ], [ 80.412768951000032, 29.653472021000027 ], [ 80.415473013000053, 29.654199084000027 ], [ 80.417633389000059, 29.652473834000034 ], [ 80.418168201000071, 29.650468584000066 ], [ 80.41613288800005, 29.647937709000075 ], [ 80.415692513000067, 29.644653647000041 ], [ 80.417613514000038, 29.641621334000035 ], [ 80.42181176400004, 29.639318521000064 ], [ 80.421279389000063, 29.633182771000065 ], [ 80.422525576000055, 29.632105396000043 ], [ 80.422836076000067, 29.630184834000033 ], [ 80.420623076000084, 29.626942709000048 ], [ 80.418881701000032, 29.626123084000028 ], [ 80.41557526400004, 29.626162646000068 ], [ 80.41237032600003, 29.625000271000033 ], [ 80.409750951000035, 29.620016959000054 ], [ 80.409709889000055, 29.614823958000045 ], [ 80.408233639000059, 29.613960146000068 ], [ 80.407637889000057, 29.61203789700005 ], [ 80.409685638000042, 29.609786647000078 ], [ 80.409591452000029, 29.607571146000055 ], [ 80.410570263000068, 29.605001584000036 ], [ 80.41240988900006, 29.605485834000035 ], [ 80.416154826000081, 29.605509084000062 ], [ 80.41950982600008, 29.606854709000061 ], [ 80.418736951000085, 29.612874272000056 ], [ 80.419913076000057, 29.614248709000037 ], [ 80.422612326000035, 29.614398021000056 ], [ 80.427682701000037, 29.612071709000077 ], [ 80.429333514000064, 29.612378833000037 ], [ 80.430261889000064, 29.614110771000071 ], [ 80.430127951000031, 29.616862209000033 ], [ 80.430888326000058, 29.618230209000046 ], [ 80.434648452000033, 29.618562147000034 ], [ 80.438516701000083, 29.620234271000072 ], [ 80.439811263000081, 29.619637459000046 ], [ 80.441220888000032, 29.617358271000057 ], [ 80.443650951000052, 29.616547396000044 ], [ 80.446606889000066, 29.618111772000077 ], [ 80.451501639000071, 29.625314458000048 ], [ 80.457724638000059, 29.625049021000052 ], [ 80.460150014000078, 29.626202646000024 ], [ 80.461876201000052, 29.624359896000044 ], [ 80.465244202000065, 29.622435834000044 ], [ 80.466469201000052, 29.62220389600003 ], [ 80.468744077000053, 29.620435459000078 ], [ 80.473802138000053, 29.621766209000043 ], [ 80.477904452000075, 29.62157264700005 ], [ 80.481214076000072, 29.623144333000027 ], [ 80.488639638000052, 29.623721334000038 ], [ 80.49108332600008, 29.623620209000023 ], [ 80.496830638000063, 29.624154209000039 ], [ 80.499076263000063, 29.625525209000045 ], [ 80.499137764000068, 29.629019646000074 ], [ 80.500348826000049, 29.632204834000049 ], [ 80.503126513000041, 29.634254521000059 ], [ 80.50679182600004, 29.638121084000034 ], [ 80.506924826000045, 29.638850146000038 ], [ 80.507344639000053, 29.643453522000073 ], [ 80.508072389000063, 29.644751022000037 ], [ 80.512212514000055, 29.647211584000047 ], [ 80.513851951000049, 29.649448522000057 ], [ 80.516632389000051, 29.650615959000049 ], [ 80.519622388000073, 29.652925459000073 ] ] ] } },
{ "type": "Feature", "properties": { "STATE_CODE": 7, "DISTRICT": "DARCHULA", "GaPa_NaPa": "Mahakali", "Type_GN": "Nagarpalika", "Province": "Sudur Pashchim" }, "geometry": { "type": "Polygon", "coordinates": [ [ [ 80.645993389000068, 29.848500646000048 ], [ 80.644154076000063, 29.849077709000028 ], [ 80.641567076000058, 29.848777459000075 ], [ 80.639029013000084, 29.849814959000071 ], [ 80.636880576000067, 29.849439084000039 ], [ 80.633810764000032, 29.84964039700003 ], [ 80.632453076000047, 29.848955396000065 ], [ 80.629517701000054, 29.849116397000046 ], [ 80.627416326000059, 29.84977139700004 ], [ 80.62106538900008, 29.850779709000051 ], [ 80.618874326000082, 29.85074858400003 ], [ 80.616111139000054, 29.849917209000068 ], [ 80.614928513000052, 29.847737022000047 ], [ 80.61229501400004, 29.848706021000055 ], [ 80.611556138000083, 29.850729522000051 ], [ 80.607483639000066, 29.851806959000044 ], [ 80.605004764000057, 29.851826647000053 ], [ 80.602315888000078, 29.852851709000049 ], [ 80.600387951000073, 29.852931584000032 ], [ 80.598334139000031, 29.851968959000033 ], [ 80.596356576000062, 29.853056959000071 ], [ 80.594871389000048, 29.854759959000035 ], [ 80.59329157600007, 29.853943021000077 ], [ 80.591496638000081, 29.854632271000071 ], [ 80.590004638000039, 29.853874209000026 ], [ 80.587595201000056, 29.854146521000075 ], [ 80.58387357600003, 29.855452084000035 ], [ 80.58163851300003, 29.854161521000037 ], [ 80.580459764000068, 29.855005959000039 ], [ 80.576611326000034, 29.855291396000041 ], [ 80.574910327000055, 29.857309334000036 ], [ 80.570803639000076, 29.859267522000039 ], [ 80.566606264000029, 29.860081647000072 ], [ 80.563375452000059, 29.862606459000062 ], [ 80.562766139000075, 29.863829271000043 ], [ 80.560948388000043, 29.864707521000071 ], [ 80.556521451000037, 29.862051272000031 ], [ 80.556132201000082, 29.859584460000065 ], [ 80.553150577000054, 29.856310396000026 ], [ 80.553227201000084, 29.855221146000076 ], [ 80.55518001300004, 29.853344209000056 ], [ 80.555148451000036, 29.851629771000034 ], [ 80.553020826000079, 29.849842771000056 ], [ 80.551006889000064, 29.850287146000028 ], [ 80.546070076000035, 29.846491897000078 ], [ 80.541405076000046, 29.847373584000024 ], [ 80.539631139000051, 29.845630522000079 ], [ 80.538366701000029, 29.842556084000023 ], [ 80.537555889000032, 29.838673397000036 ], [ 80.536665451000033, 29.83819208400007 ], [ 80.533659451000062, 29.838691272000062 ], [ 80.531874264000066, 29.836311959000057 ], [ 80.528669076000085, 29.83293277100006 ], [ 80.525526889000048, 29.832093647000079 ], [ 80.525647701000082, 29.829191084000058 ], [ 80.523483264000049, 29.827049272000068 ], [ 80.518985951000047, 29.825138209000045 ], [ 80.516859639000074, 29.825349209000024 ], [ 80.511610451000081, 29.824269771000047 ], [ 80.50898963800006, 29.823105084000076 ], [ 80.506461076000051, 29.81903539700005 ], [ 80.503403201000083, 29.817875772000036 ], [ 80.501639201000046, 29.814366022000058 ], [ 80.499115701000051, 29.811584209000046 ], [ 80.499623014000065, 29.809973271000047 ], [ 80.501946951000036, 29.809167709000064 ], [ 80.499869263000051, 29.806419209000069 ], [ 80.496978888000058, 29.804323959000044 ], [ 80.496656826000049, 29.802200084000049 ], [ 80.494362951000085, 29.80148302200007 ], [ 80.495974888000035, 29.799314647000074 ], [ 80.496080763000066, 29.796829272000025 ], [ 80.494092076000072, 29.795371209000052 ], [ 80.484574326000029, 29.796405959000026 ], [ 80.481282514000043, 29.795702834000053 ], [ 80.479382076000036, 29.797290146000023 ], [ 80.475829014000055, 29.798782897000024 ], [ 80.473372513000072, 29.799352896000073 ], [ 80.468859701000042, 29.801457459000062 ], [ 80.466464639000037, 29.802189896000073 ], [ 80.462566263000042, 29.802101959000026 ], [ 80.457271889000083, 29.802569834000053 ], [ 80.45506976300004, 29.802197584000055 ], [ 80.451580576000083, 29.79953720900005 ], [ 80.448590139000032, 29.798870584000042 ], [ 80.445875202000082, 29.799132209000049 ], [ 80.443395076000058, 29.800136834000057 ], [ 80.44151507600003, 29.801705709000032 ], [ 80.439533263000044, 29.804762771000071 ], [ 80.43818557600008, 29.805880396000077 ], [ 80.436126951000062, 29.805889646000026 ], [ 80.434562888000073, 29.802982147000023 ], [ 80.432340263000071, 29.80077783400003 ], [ 80.431830388000037, 29.799000397000043 ], [ 80.42922907600007, 29.79753652100004 ], [ 80.423675514000081, 29.796061959000042 ], [ 80.41970376300003, 29.796137084000065 ], [ 80.417679201000055, 29.795710897000049 ], [ 80.415941701000065, 29.794124209000074 ], [ 80.414842451000084, 29.791852397000071 ], [ 80.412534701000084, 29.791896271000041 ], [ 80.409629014000075, 29.794549584000038 ], [ 80.40858382600004, 29.793728334000036 ], [ 80.409243014000083, 29.791247772000077 ], [ 80.407953951000081, 29.789464459000044 ], [ 80.40886295100006, 29.785117271000047 ], [ 80.408570326000074, 29.783647459000065 ], [ 80.406247389000043, 29.782730334000064 ], [ 80.405363263000083, 29.781039084000042 ], [ 80.406319326000073, 29.779301959000065 ], [ 80.405563763000032, 29.777031584000042 ], [ 80.401828264000073, 29.774186084000064 ], [ 80.400242638000066, 29.768212522000056 ], [ 80.398068263000084, 29.765103272000033 ], [ 80.39797976400007, 29.76320133400003 ], [ 80.401284326000052, 29.764946459000043 ], [ 80.403066201000058, 29.76503795900004 ], [ 80.404862138000055, 29.764109896000036 ], [ 80.407718326000065, 29.763915209000061 ], [ 80.40994670200007, 29.764518459000044 ], [ 80.413065514000039, 29.76391195900004 ], [ 80.418544076000046, 29.764376021000032 ], [ 80.420058389000076, 29.765246647000026 ], [ 80.421201201000031, 29.767035897000028 ], [ 80.41864051400006, 29.768217959000026 ], [ 80.418809014000033, 29.770607522000034 ], [ 80.417442139000059, 29.773403084000051 ], [ 80.421926889000076, 29.772703272000058 ], [ 80.423944076000055, 29.77282252200007 ], [ 80.42881095100006, 29.771984209000038 ], [ 80.42973070100004, 29.772292709000055 ], [ 80.434158014000047, 29.776164459000029 ], [ 80.436399514000072, 29.778835771000047 ], [ 80.439947576000066, 29.780820146000053 ], [ 80.444246951000082, 29.779202772000076 ], [ 80.445107451000069, 29.775906334000069 ], [ 80.446989451000036, 29.774639771000068 ], [ 80.452913701000057, 29.773827521000044 ], [ 80.454744451000067, 29.772689147000051 ], [ 80.457519638000065, 29.772319334000031 ], [ 80.459626514000036, 29.770726396000043 ], [ 80.46340888900005, 29.77057714700004 ], [ 80.469989013000031, 29.773236147000034 ], [ 80.472755951000067, 29.77277570900003 ], [ 80.478789826000082, 29.774324522000029 ], [ 80.483350076000079, 29.773593522000056 ], [ 80.488366326000062, 29.77139564600003 ], [ 80.49345601300007, 29.770361771000069 ], [ 80.495552701000065, 29.767320021000046 ], [ 80.497260826000058, 29.762530834000074 ], [ 80.500000014000079, 29.76099152200004 ], [ 80.502238951000038, 29.761329334000038 ], [ 80.504937639000048, 29.760734897000077 ], [ 80.506086826000057, 29.759207584000023 ], [ 80.510203201000081, 29.761187647000042 ], [ 80.513328326000078, 29.765079022000066 ], [ 80.517338826000071, 29.76633664700006 ], [ 80.519434764000039, 29.764661459000024 ], [ 80.524085013000047, 29.76401508400005 ], [ 80.525615139000081, 29.763440896000077 ], [ 80.527098389000059, 29.761070897000025 ], [ 80.529064014000085, 29.759539459000052 ], [ 80.529454514000065, 29.757858084000077 ], [ 80.527912326000035, 29.752143272000069 ], [ 80.529265389000045, 29.752619584000058 ], [ 80.535934951000058, 29.757114084000079 ], [ 80.538703701000031, 29.757989897000073 ], [ 80.541373451000084, 29.759691021000037 ], [ 80.544370013000048, 29.759035896000057 ], [ 80.544723138000052, 29.757625021000024 ], [ 80.546837826000058, 29.755363021000051 ], [ 80.551291327000058, 29.753555521000067 ], [ 80.554026888000067, 29.750627834000056 ], [ 80.556917201000033, 29.75061720900004 ], [ 80.561309076000043, 29.752260521000039 ], [ 80.563408826000057, 29.756233147000046 ], [ 80.569065263000084, 29.761415022000051 ], [ 80.571145889000036, 29.764476084000023 ], [ 80.571152263000045, 29.765786646000038 ], [ 80.572505514000056, 29.766921146000072 ], [ 80.573306326000079, 29.770681834000072 ], [ 80.575274701000069, 29.772592021000037 ], [ 80.576921201000062, 29.778049396000029 ], [ 80.577130639000075, 29.782363084000053 ], [ 80.579966389000049, 29.783249584000032 ], [ 80.586562514000036, 29.782183146000079 ], [ 80.588485763000051, 29.782435021000026 ], [ 80.591699888000051, 29.78411870900004 ], [ 80.595281764000049, 29.784226709000052 ], [ 80.599317013000075, 29.781547896000063 ], [ 80.599843388000068, 29.784362396000063 ], [ 80.601799076000077, 29.786646646000065 ], [ 80.602163326000039, 29.789769646000025 ], [ 80.606664576000071, 29.792587021000031 ], [ 80.611850888000049, 29.793716709000023 ], [ 80.615352763000033, 29.793884834000039 ], [ 80.620658888000037, 29.797922146000076 ], [ 80.621166263000077, 29.800632771000039 ], [ 80.623950075000039, 29.801987397000062 ], [ 80.62797088800005, 29.802664209000056 ], [ 80.629125701000078, 29.803644209000026 ], [ 80.631472889000065, 29.804038709000054 ], [ 80.630287951000071, 29.807195709000041 ], [ 80.631711138000071, 29.809602084000062 ], [ 80.633158951000041, 29.81503114700007 ], [ 80.635863264000079, 29.817702647000033 ], [ 80.635221701000034, 29.822776271000066 ], [ 80.635829138000076, 29.824338959000045 ], [ 80.637937201000057, 29.826623022000035 ], [ 80.637424889000044, 29.827884834000031 ], [ 80.638258826000083, 29.829984959000058 ], [ 80.642697951000059, 29.83132114600005 ], [ 80.645460451000076, 29.83336102100003 ], [ 80.646556889000067, 29.837476084000059 ], [ 80.649019826000085, 29.840426459000071 ], [ 80.648582389000069, 29.843344209000065 ], [ 80.647061013000041, 29.845593584000028 ], [ 80.645993389000068, 29.848500646000048 ] ] ] } },
{ "type": "Feature", "properties": { "STATE_CODE": 7, "DISTRICT": "DARCHULA", "GaPa_NaPa": "Malikaarjun", "Type_GN": "Gaunpalika", "Province": "Sudur Pashchim" }, "geometry": { "type": "Polygon", "coordinates": [ [ [ 80.527912326000035, 29.752143272000069 ], [ 80.529454514000065, 29.757858084000077 ], [ 80.529064014000085, 29.759539459000052 ], [ 80.527098389000059, 29.761070897000025 ], [ 80.525615139000081, 29.763440896000077 ], [ 80.524085013000047, 29.76401508400005 ], [ 80.519434764000039, 29.764661459000024 ], [ 80.517338826000071, 29.76633664700006 ], [ 80.513328326000078, 29.765079022000066 ], [ 80.510203201000081, 29.761187647000042 ], [ 80.506086826000057, 29.759207584000023 ], [ 80.504937639000048, 29.760734897000077 ], [ 80.502238951000038, 29.761329334000038 ], [ 80.500000014000079, 29.76099152200004 ], [ 80.497260826000058, 29.762530834000074 ], [ 80.495552701000065, 29.767320021000046 ], [ 80.49345601300007, 29.770361771000069 ], [ 80.488366326000062, 29.77139564600003 ], [ 80.483350076000079, 29.773593522000056 ], [ 80.478789826000082, 29.774324522000029 ], [ 80.472755951000067, 29.77277570900003 ], [ 80.469989013000031, 29.773236147000034 ], [ 80.46340888900005, 29.77057714700004 ], [ 80.459626514000036, 29.770726396000043 ], [ 80.457519638000065, 29.772319334000031 ], [ 80.454744451000067, 29.772689147000051 ], [ 80.452913701000057, 29.773827521000044 ], [ 80.446989451000036, 29.774639771000068 ], [ 80.445107451000069, 29.775906334000069 ], [ 80.444246951000082, 29.779202772000076 ], [ 80.439947576000066, 29.780820146000053 ], [ 80.436399514000072, 29.778835771000047 ], [ 80.434158014000047, 29.776164459000029 ], [ 80.42973070100004, 29.772292709000055 ], [ 80.42881095100006, 29.771984209000038 ], [ 80.423944076000055, 29.77282252200007 ], [ 80.421926889000076, 29.772703272000058 ], [ 80.417442139000059, 29.773403084000051 ], [ 80.418809014000033, 29.770607522000034 ], [ 80.41864051400006, 29.768217959000026 ], [ 80.421201201000031, 29.767035897000028 ], [ 80.420058389000076, 29.765246647000026 ], [ 80.418544076000046, 29.764376021000032 ], [ 80.413065514000039, 29.76391195900004 ], [ 80.40994670200007, 29.764518459000044 ], [ 80.407718326000065, 29.763915209000061 ], [ 80.404862138000055, 29.764109896000036 ], [ 80.403066201000058, 29.76503795900004 ], [ 80.401284326000052, 29.764946459000043 ], [ 80.39797976400007, 29.76320133400003 ], [ 80.399291951000066, 29.760319959000071 ], [ 80.397714013000041, 29.758300709000025 ], [ 80.395197263000057, 29.758616271000051 ], [ 80.392723513000078, 29.760362147000023 ], [ 80.387928826000064, 29.759306959000071 ], [ 80.386873514000058, 29.758539647000077 ], [ 80.38656551400004, 29.756199022000033 ], [ 80.388101701000039, 29.751383396000051 ], [ 80.387494201000038, 29.750419647000058 ], [ 80.38289995100007, 29.750650959000041 ], [ 80.380337826000073, 29.749743459000058 ], [ 80.374636327000076, 29.749175272000059 ], [ 80.372950764000052, 29.749336459000062 ], [ 80.371579201000031, 29.750665334000075 ], [ 80.369744513000057, 29.750645334000069 ], [ 80.367495013000052, 29.747772084000076 ], [ 80.366664013000047, 29.744928209000079 ], [ 80.366858826000055, 29.742574084000069 ], [ 80.365832701000045, 29.740144334000036 ], [ 80.367117013000041, 29.738343646000033 ], [ 80.370464452000078, 29.735589584000024 ], [ 80.371184826000047, 29.733492959000046 ], [ 80.368537139000068, 29.73126970900006 ], [ 80.367663888000038, 29.729043709000052 ], [ 80.368107138000084, 29.723997458000042 ], [ 80.369352326000069, 29.722219146000043 ], [ 80.370783827000082, 29.721540209000068 ], [ 80.374819951000063, 29.721649584000033 ], [ 80.376509701000032, 29.720946959000059 ], [ 80.377074638000067, 29.718181896000033 ], [ 80.374038701000075, 29.716261459000066 ], [ 80.373728014000051, 29.715305834000048 ], [ 80.376277951000077, 29.71239214600007 ], [ 80.376300076000064, 29.708814709000023 ], [ 80.378843513000049, 29.702454209000052 ], [ 80.380909013000064, 29.701613459000043 ], [ 80.381888076000052, 29.694210208000072 ], [ 80.381851138000059, 29.689698584000041 ], [ 80.382447514000035, 29.688027584000054 ], [ 80.386950139000078, 29.685079959000063 ], [ 80.385875014000078, 29.681578584000079 ], [ 80.389537763000078, 29.67984952200004 ], [ 80.39413588900004, 29.679505209000069 ], [ 80.396740952000073, 29.680137459000036 ], [ 80.401452201000041, 29.683156647000033 ], [ 80.404004388000033, 29.682762147000062 ], [ 80.406037889000061, 29.683908147000068 ], [ 80.409079701000053, 29.682617959000027 ], [ 80.411903389000031, 29.685111834000054 ], [ 80.416529326000045, 29.684295397000028 ], [ 80.418367889000081, 29.682036459000074 ], [ 80.422836201000052, 29.680910084000061 ], [ 80.425652576000061, 29.679117709000025 ], [ 80.429417388000047, 29.678387334000035 ], [ 80.433151763000069, 29.678398834000063 ], [ 80.431341514000053, 29.680123522000031 ], [ 80.430220263000081, 29.684607647000064 ], [ 80.429367513000045, 29.686589021000032 ], [ 80.430335389000049, 29.687897021000026 ], [ 80.435641577000069, 29.688039334000052 ], [ 80.437333951000085, 29.688935209000078 ], [ 80.441713826000068, 29.689450021000027 ], [ 80.439327326000068, 29.69187839600005 ], [ 80.436328763000063, 29.69261689700005 ], [ 80.439179388000071, 29.698626959000023 ], [ 80.438659888000075, 29.701852771000063 ], [ 80.439600201000076, 29.705265147000034 ], [ 80.44055757600006, 29.705503834000069 ], [ 80.444127077000076, 29.702742022000052 ], [ 80.446081451000055, 29.701746397000079 ], [ 80.447161763000054, 29.702653209000061 ], [ 80.451876826000046, 29.702580334000061 ], [ 80.453943701000071, 29.703114458000073 ], [ 80.453287076000038, 29.705076521000024 ], [ 80.455981638000083, 29.707873459000041 ], [ 80.457477764000032, 29.708727709000073 ], [ 80.460960451000062, 29.709461522000026 ], [ 80.464754826000046, 29.711669521000033 ], [ 80.466264513000056, 29.710958271000038 ], [ 80.471185951000052, 29.711399834000076 ], [ 80.474405451000052, 29.712096146000079 ], [ 80.478592826000067, 29.711713459000066 ], [ 80.481911951000029, 29.710941459000026 ], [ 80.48452482600004, 29.71121108400007 ], [ 80.490570013000081, 29.710214896000025 ], [ 80.488632952000046, 29.712485709000077 ], [ 80.487556951000045, 29.715984709000054 ], [ 80.483139076000043, 29.717815022000025 ], [ 80.478337638000085, 29.718592522000051 ], [ 80.476347451000038, 29.719394459000057 ], [ 80.477312701000074, 29.721193834000076 ], [ 80.480652826000039, 29.723110834000067 ], [ 80.486144951000085, 29.723157084000036 ], [ 80.49299613800008, 29.73002064700006 ], [ 80.495299888000034, 29.730823459000078 ], [ 80.498444451000069, 29.730106834000026 ], [ 80.501009451000073, 29.730944334000071 ], [ 80.505554076000067, 29.736325584000042 ], [ 80.511756576000039, 29.740995459000032 ], [ 80.514779389000068, 29.744620272000077 ], [ 80.515234138000039, 29.746352084000023 ], [ 80.516640013000085, 29.746842209000079 ], [ 80.51867745100003, 29.748990334000041 ], [ 80.522171639000078, 29.751096647000054 ], [ 80.524818388000085, 29.75218595900003 ], [ 80.527912326000035, 29.752143272000069 ] ] ] } },
{ "type": "Feature", "properties": { "STATE_CODE": 7, "DISTRICT": "DARCHULA", "GaPa_NaPa": "Marma", "Type_GN": "Gaunpalika", "Province": "Sudur Pashchim" }, "geometry": { "type": "Polygon", "coordinates": [ [ [ 80.989853951000043, 29.741148959000043 ], [ 80.987907514000085, 29.743073022000033 ], [ 80.985121139000057, 29.747505334000039 ], [ 80.980076389000033, 29.750004084000068 ], [ 80.979613389000065, 29.754368959000033 ], [ 80.97581370100005, 29.759504709000055 ], [ 80.97187651400003, 29.762443209000025 ], [ 80.968844514000068, 29.762911771000063 ], [ 80.966768263000063, 29.764082022000025 ], [ 80.963131389000068, 29.763850959000024 ], [ 80.961765701000047, 29.764371647000075 ], [ 80.958695326000054, 29.764343647000032 ], [ 80.955039014000079, 29.763568709000026 ], [ 80.950124326000036, 29.762014959000055 ], [ 80.946632701000055, 29.760497709000049 ], [ 80.942913263000037, 29.75973827200005 ], [ 80.941523327000084, 29.758544334000078 ], [ 80.939805951000039, 29.75913683400006 ], [ 80.936514576000036, 29.759259334000035 ], [ 80.933855889000085, 29.76155895900007 ], [ 80.930256702000065, 29.76175558400007 ], [ 80.92940463900004, 29.763767334000079 ], [ 80.926460826000039, 29.766677896000033 ], [ 80.925885201000085, 29.767931772000054 ], [ 80.92369526400006, 29.769056209000041 ], [ 80.922127451000051, 29.768545459000052 ], [ 80.920611327000074, 29.766816646000052 ], [ 80.91741263800003, 29.768657646000065 ], [ 80.915041264000081, 29.770925459000068 ], [ 80.908884326000077, 29.771979334000036 ], [ 80.907379014000071, 29.775208647000056 ], [ 80.905496576000075, 29.776183959000036 ], [ 80.904874014000029, 29.777895647000037 ], [ 80.900848514000074, 29.779728896000051 ], [ 80.899673576000055, 29.779299397000045 ], [ 80.895115514000054, 29.782388522000076 ], [ 80.891586201000052, 29.781824022000023 ], [ 80.889064826000038, 29.780619584000078 ], [ 80.886773701000038, 29.777700959000072 ], [ 80.884408638000082, 29.779016209000076 ], [ 80.884749639000063, 29.780162521000079 ], [ 80.883425514000066, 29.781943397000077 ], [ 80.880114701000082, 29.781687772000055 ], [ 80.878797639000084, 29.782895709000059 ], [ 80.875385201000086, 29.784277584000051 ], [ 80.873844014000042, 29.786247646000049 ], [ 80.870746764000046, 29.786258209000039 ], [ 80.868110451000064, 29.787340584000049 ], [ 80.86473238800005, 29.787691334000044 ], [ 80.863667326000041, 29.788824896000051 ], [ 80.858982139000034, 29.792251021000027 ], [ 80.857129889000078, 29.793261834000077 ], [ 80.857240514000068, 29.795016959000066 ], [ 80.849191889000053, 29.797496146000071 ], [ 80.84366757600003, 29.798152896000033 ], [ 80.842264326000077, 29.797197084000061 ], [ 80.844261764000066, 29.795065459000057 ], [ 80.845394201000033, 29.791502709000042 ], [ 80.847653764000086, 29.787819396000032 ], [ 80.849349639000081, 29.784135396000067 ], [ 80.849918076000051, 29.780817834000061 ], [ 80.849638889000062, 29.779220396000028 ], [ 80.845699514000046, 29.776267584000038 ], [ 80.841758514000048, 29.774295897000059 ], [ 80.842325326000037, 29.772085897000068 ], [ 80.841201888000057, 29.769995709000057 ], [ 80.831485451000049, 29.769000272000028 ], [ 80.828810888000078, 29.768015584000068 ], [ 80.825431202000061, 29.767765209000061 ], [ 80.820919826000079, 29.770337522000034 ], [ 80.816832452000085, 29.771931271000028 ], [ 80.81358920100007, 29.773891521000053 ], [ 80.811977264000063, 29.775619396000025 ], [ 80.813866202000042, 29.779833584000073 ], [ 80.81650638800005, 29.781991521000066 ], [ 80.817020139000078, 29.783896146000075 ], [ 80.814003639000077, 29.78241214600007 ], [ 80.810984388000065, 29.781598021000036 ], [ 80.804469452000035, 29.781990084000029 ], [ 80.802297201000044, 29.780974022000066 ], [ 80.800208514000076, 29.778629397000032 ], [ 80.798470701000042, 29.777848521000067 ], [ 80.797444326000061, 29.776452896000023 ], [ 80.793569638000065, 29.775840084000038 ], [ 80.791466014000036, 29.77444495900005 ], [ 80.788074951000056, 29.77510052100007 ], [ 80.785744076000071, 29.776784084000042 ], [ 80.783655576000058, 29.776532521000036 ], [ 80.776105639000036, 29.781821084000057 ], [ 80.773564201000056, 29.784395022000069 ], [ 80.771747889000039, 29.787646959000028 ], [ 80.769759639000085, 29.78488020900005 ], [ 80.765286389000039, 29.780843584000024 ], [ 80.763426889000073, 29.782290709000051 ], [ 80.758209764000071, 29.784491896000077 ], [ 80.756747827000083, 29.78441708400004 ], [ 80.753130326000075, 29.787922584000057 ], [ 80.749999889000037, 29.788408459000038 ], [ 80.748130389000039, 29.78750483400006 ], [ 80.745882701000085, 29.787875022000037 ], [ 80.744270889000063, 29.790671334000024 ], [ 80.738700139000059, 29.794019209000055 ], [ 80.737237576000041, 29.791904959000078 ], [ 80.737228764000065, 29.790700334000064 ], [ 80.73856651300008, 29.786586271000033 ], [ 80.734204763000037, 29.779963647000045 ], [ 80.732372139000063, 29.779393772000049 ], [ 80.732233076000057, 29.777110647000029 ], [ 80.72962988900008, 29.773816459000045 ], [ 80.728978951000045, 29.76959458400006 ], [ 80.729375576000052, 29.768246459000068 ], [ 80.729118451000033, 29.763152397000056 ], [ 80.728055014000063, 29.760355334000053 ], [ 80.726390514000059, 29.75905483400004 ], [ 80.722758826000074, 29.758643459000041 ], [ 80.713414826000076, 29.756579896000062 ], [ 80.71065063900005, 29.753916522000054 ], [ 80.710355326000069, 29.750401396000029 ], [ 80.708986827000047, 29.748605084000076 ], [ 80.708027389000051, 29.74558470900007 ], [ 80.705710139000075, 29.742297522000058 ], [ 80.705928826000047, 29.739640647000044 ], [ 80.705098326000041, 29.738034959000061 ], [ 80.700879826000062, 29.736067459000026 ], [ 80.698956452000061, 29.735934521000047 ], [ 80.691525076000062, 29.734347396000032 ], [ 80.687219389000063, 29.733220584000037 ], [ 80.679525701000046, 29.729498271000068 ], [ 80.67782976400008, 29.728115896000077 ], [ 80.675158639000074, 29.724874584000077 ], [ 80.673178076000056, 29.723933521000049 ], [ 80.669295514000055, 29.724902959000076 ], [ 80.667907076000063, 29.72281289600005 ], [ 80.667161202000045, 29.717390396000042 ], [ 80.668277764000038, 29.715784834000033 ], [ 80.673192951000033, 29.71206145900004 ], [ 80.675713388000077, 29.707395958000063 ], [ 80.677459452000051, 29.70640314700006 ], [ 80.681927639000037, 29.706107146000079 ], [ 80.682889139000054, 29.705229709000037 ], [ 80.682262388000083, 29.703297272000043 ], [ 80.682746827000074, 29.701575022000043 ], [ 80.684321139000076, 29.699686084000064 ], [ 80.685364763000052, 29.700509772000032 ], [ 80.687316138000085, 29.703995022000072 ], [ 80.690777576000073, 29.705205521000039 ], [ 80.695329701000048, 29.706055209000056 ], [ 80.697356139000078, 29.706095959000038 ], [ 80.702676827000062, 29.704768084000079 ], [ 80.705535576000045, 29.703260771000032 ], [ 80.705931326000041, 29.701903709000078 ], [ 80.70896657600008, 29.699634334000052 ], [ 80.710362701000065, 29.69925164600005 ], [ 80.712824701000045, 29.699981146000027 ], [ 80.717484076000062, 29.702416084000049 ], [ 80.721886076000033, 29.703183396000043 ], [ 80.724873201000037, 29.70316702100007 ], [ 80.730082076000031, 29.703956021000067 ], [ 80.732175452000035, 29.703824896000071 ], [ 80.737120014000084, 29.70581764700006 ], [ 80.73936720100005, 29.705149897000069 ], [ 80.744318201000056, 29.70440833400005 ], [ 80.748238764000064, 29.704835459000037 ], [ 80.753955264000069, 29.707627584000079 ], [ 80.756573702000082, 29.707864833000031 ], [ 80.760311764000051, 29.704293897000071 ], [ 80.76356832700003, 29.704117021000059 ], [ 80.764151139000035, 29.703091646000075 ], [ 80.767378514000029, 29.701703272000032 ], [ 80.773426827000037, 29.702467209000076 ], [ 80.776888201000077, 29.701392584000075 ], [ 80.780155701000069, 29.70209733400003 ], [ 80.782394701000044, 29.701798772000075 ], [ 80.785285826000063, 29.699389771000028 ], [ 80.787571201000048, 29.696039084000063 ], [ 80.789576576000059, 29.695744522000041 ], [ 80.791471826000077, 29.692447271000049 ], [ 80.795521263000069, 29.688575896000032 ], [ 80.797696555000073, 29.688312604000032 ], [ 80.802236639000057, 29.687146896000058 ], [ 80.805693826000038, 29.686976021000078 ], [ 80.808214014000043, 29.685662334000028 ], [ 80.812948702000085, 29.684119334000059 ], [ 80.814153389000069, 29.684391771000037 ], [ 80.817596889000072, 29.686895959000026 ], [ 80.82217188900006, 29.687576647000071 ], [ 80.825411014000053, 29.686319959000059 ], [ 80.828789577000066, 29.687912459000074 ], [ 80.83000476400008, 29.690442709000024 ], [ 80.832157513000084, 29.691257646000054 ], [ 80.833491202000062, 29.689820084000075 ], [ 80.838057389000085, 29.689043021000032 ], [ 80.840365514000041, 29.687265959000058 ], [ 80.84210538800005, 29.687412459000029 ], [ 80.844973264000032, 29.691322897000077 ], [ 80.84719407700004, 29.693405272000064 ], [ 80.853552139000044, 29.695796834000078 ], [ 80.860006889000033, 29.69599108400007 ], [ 80.86240820200004, 29.697922271000039 ], [ 80.864216264000049, 29.700087521000057 ], [ 80.865097013000081, 29.703501397000025 ], [ 80.866386202000058, 29.706347272000073 ], [ 80.872589951000066, 29.707400084000028 ], [ 80.879971264000062, 29.712200521000057 ], [ 80.881615326000031, 29.712068896000062 ], [ 80.883568451000031, 29.713347397000064 ], [ 80.89188695200005, 29.713889084000073 ], [ 80.892993326000067, 29.715493834000029 ], [ 80.896115826000084, 29.716407709000066 ], [ 80.898409701000048, 29.720327771000029 ], [ 80.901173639000035, 29.720799084000078 ], [ 80.905129014000067, 29.722647209000058 ], [ 80.908656638000082, 29.724682147000067 ], [ 80.915471076000074, 29.725194209000051 ], [ 80.920879452000065, 29.724651709000057 ], [ 80.928661326000054, 29.728621771000064 ], [ 80.933085514000084, 29.729770022000025 ], [ 80.935568827000054, 29.732130834000031 ], [ 80.939838264000059, 29.734763084000065 ], [ 80.941595888000052, 29.735451897000075 ], [ 80.947698326000079, 29.735517647000052 ], [ 80.95076926400003, 29.732489271000077 ], [ 80.953400951000049, 29.730926959000044 ], [ 80.95588563900003, 29.730704459000037 ], [ 80.959760514000038, 29.726527959000066 ], [ 80.962574264000068, 29.72538058300006 ], [ 80.965607201000068, 29.724711459000048 ], [ 80.973974701000031, 29.72216433400007 ], [ 80.976934388000075, 29.72190770900005 ], [ 80.97671488900005, 29.723917584000048 ], [ 80.977993139000034, 29.725927709000075 ], [ 80.982413389000044, 29.729848959000037 ], [ 80.984568826000043, 29.733293834000051 ], [ 80.985738014000049, 29.733963896000034 ], [ 80.988002951000055, 29.739003584000045 ], [ 80.989853951000043, 29.741148959000043 ] ] ] } },
{ "type": "Feature", "properties": { "STATE_CODE": 7, "DISTRICT": "DARCHULA", "GaPa_NaPa": "Naugad", "Type_GN": "Gaunpalika", "Province": "Sudur Pashchim" }, "geometry": { "type": "Polygon", "coordinates": [ [ [ 80.723170326000059, 29.874921397000037 ], [ 80.720861826000032, 29.874774459000037 ], [ 80.717489514000079, 29.873844647000055 ], [ 80.716473951000069, 29.87005739600005 ], [ 80.713277451000067, 29.868787271000031 ], [ 80.707013138000036, 29.871148772000026 ], [ 80.704811389000042, 29.871064959000023 ], [ 80.702681138000059, 29.872393271000078 ], [ 80.701157951000084, 29.869543146000069 ], [ 80.699320326000077, 29.868677209000055 ], [ 80.691546138000035, 29.870364646000041 ], [ 80.688364326000055, 29.873341522000032 ], [ 80.684684701000037, 29.873831272000075 ], [ 80.683250888000032, 29.875321147000079 ], [ 80.680532388000074, 29.875420585000029 ], [ 80.677266139000039, 29.874925459000053 ], [ 80.674364888000071, 29.875114521000057 ], [ 80.669422889000032, 29.873076646000072 ], [ 80.667858889000058, 29.871592959000054 ], [ 80.66338401400003, 29.869576272000074 ], [ 80.660811888000069, 29.868811771000026 ], [ 80.657962389000033, 29.865641897000046 ], [ 80.654963013000042, 29.866306272000031 ], [ 80.649610701000086, 29.862218334000033 ], [ 80.648758701000077, 29.860891959000071 ], [ 80.645905951000032, 29.859894084000075 ], [ 80.646914576000086, 29.858439584000052 ], [ 80.647237764000067, 29.852007147000052 ], [ 80.645993389000068, 29.848500646000048 ], [ 80.647061013000041, 29.845593584000028 ], [ 80.648582389000069, 29.843344209000065 ], [ 80.649019826000085, 29.840426459000071 ], [ 80.646556889000067, 29.837476084000059 ], [ 80.645460451000076, 29.83336102100003 ], [ 80.642697951000059, 29.83132114600005 ], [ 80.638258826000083, 29.829984959000058 ], [ 80.637424889000044, 29.827884834000031 ], [ 80.637937201000057, 29.826623022000035 ], [ 80.635829138000076, 29.824338959000045 ], [ 80.635221701000034, 29.822776271000066 ], [ 80.635863264000079, 29.817702647000033 ], [ 80.633158951000041, 29.81503114700007 ], [ 80.631711138000071, 29.809602084000062 ], [ 80.630287951000071, 29.807195709000041 ], [ 80.631472889000065, 29.804038709000054 ], [ 80.629125701000078, 29.803644209000026 ], [ 80.62797088800005, 29.802664209000056 ], [ 80.623950075000039, 29.801987397000062 ], [ 80.621166263000077, 29.800632771000039 ], [ 80.620658888000037, 29.797922146000076 ], [ 80.615352763000033, 29.793884834000039 ], [ 80.611850888000049, 29.793716709000023 ], [ 80.606664576000071, 29.792587021000031 ], [ 80.602163326000039, 29.789769646000025 ], [ 80.601799076000077, 29.786646646000065 ], [ 80.599843388000068, 29.784362396000063 ], [ 80.599317013000075, 29.781547896000063 ], [ 80.595281764000049, 29.784226709000052 ], [ 80.591699888000051, 29.78411870900004 ], [ 80.588485763000051, 29.782435021000026 ], [ 80.586562514000036, 29.782183146000079 ], [ 80.579966389000049, 29.783249584000032 ], [ 80.577130639000075, 29.782363084000053 ], [ 80.576921201000062, 29.778049396000029 ], [ 80.575274701000069, 29.772592021000037 ], [ 80.573306326000079, 29.770681834000072 ], [ 80.572505514000056, 29.766921146000072 ], [ 80.571152263000045, 29.765786646000038 ], [ 80.571145889000036, 29.764476084000023 ], [ 80.569065263000084, 29.761415022000051 ], [ 80.563408826000057, 29.756233147000046 ], [ 80.561309076000043, 29.752260521000039 ], [ 80.560920014000033, 29.750621522000074 ], [ 80.563297576000082, 29.748342084000058 ], [ 80.564646951000043, 29.741766459000075 ], [ 80.565670139000076, 29.739412584000036 ], [ 80.569116888000053, 29.73643720900003 ], [ 80.57168438900004, 29.73534027200003 ], [ 80.575276263000035, 29.735277396000072 ], [ 80.577727701000072, 29.733564084000079 ], [ 80.582484389000058, 29.732451271000059 ], [ 80.588405201000057, 29.729882459000066 ], [ 80.592628701000081, 29.728715771000054 ], [ 80.597064076000038, 29.72868420900005 ], [ 80.599990639000055, 29.727838147000057 ], [ 80.600739764000082, 29.725823771000023 ], [ 80.602903451000032, 29.722922584000059 ], [ 80.604933451000079, 29.721051896000063 ], [ 80.606887638000046, 29.724204521000047 ], [ 80.610528388000034, 29.725250646000063 ], [ 80.61962513800006, 29.729939772000023 ], [ 80.621063264000043, 29.730943209000031 ], [ 80.626908701000048, 29.733274209000058 ], [ 80.629434514000081, 29.733563271000037 ], [ 80.632567201000029, 29.73456002100005 ], [ 80.636880576000067, 29.734639647000051 ], [ 80.642135514000074, 29.733902772000079 ], [ 80.644078888000081, 29.733278646000031 ], [ 80.647154201000035, 29.733347772000059 ], [ 80.649599263000084, 29.732627896000054 ], [ 80.651864388000035, 29.733689584000047 ], [ 80.655506514000081, 29.733721646000049 ], [ 80.657661201000053, 29.735261209000043 ], [ 80.662347514000032, 29.73621614700005 ], [ 80.665698451000083, 29.738832334000051 ], [ 80.667621764000046, 29.737420459000077 ], [ 80.671309639000071, 29.736164272000053 ], [ 80.673035889000062, 29.734790272000055 ], [ 80.673717888000056, 29.73272339600004 ], [ 80.673860701000081, 29.728816771000027 ], [ 80.673178076000056, 29.723933521000049 ], [ 80.675158639000074, 29.724874584000077 ], [ 80.67782976400008, 29.728115896000077 ], [ 80.679525701000046, 29.729498271000068 ], [ 80.687219389000063, 29.733220584000037 ], [ 80.691525076000062, 29.734347396000032 ], [ 80.698956452000061, 29.735934521000047 ], [ 80.700879826000062, 29.736067459000026 ], [ 80.705098326000041, 29.738034959000061 ], [ 80.705928826000047, 29.739640647000044 ], [ 80.705710139000075, 29.742297522000058 ], [ 80.708027389000051, 29.74558470900007 ], [ 80.708986827000047, 29.748605084000076 ], [ 80.710355326000069, 29.750401396000029 ], [ 80.71065063900005, 29.753916522000054 ], [ 80.713414826000076, 29.756579896000062 ], [ 80.722758826000074, 29.758643459000041 ], [ 80.726390514000059, 29.75905483400004 ], [ 80.728055014000063, 29.760355334000053 ], [ 80.729118451000033, 29.763152397000056 ], [ 80.729375576000052, 29.768246459000068 ], [ 80.728978951000045, 29.76959458400006 ], [ 80.72962988900008, 29.773816459000045 ], [ 80.732233076000057, 29.777110647000029 ], [ 80.732372139000063, 29.779393772000049 ], [ 80.734204763000037, 29.779963647000045 ], [ 80.73856651300008, 29.786586271000033 ], [ 80.737228764000065, 29.790700334000064 ], [ 80.737237576000041, 29.791904959000078 ], [ 80.738700139000059, 29.794019209000055 ], [ 80.740258702000062, 29.796661521000033 ], [ 80.73842382600003, 29.798446709000075 ], [ 80.73831713900006, 29.802175271000067 ], [ 80.736489888000051, 29.804213146000052 ], [ 80.736692701000038, 29.807400896000047 ], [ 80.734194327000068, 29.809599771000023 ], [ 80.73125488800008, 29.810902147000036 ], [ 80.729011326000034, 29.810374271000057 ], [ 80.729955201000053, 29.81303120900003 ], [ 80.729681514000049, 29.814855521000027 ], [ 80.730292451000082, 29.818905834000077 ], [ 80.73139176400008, 29.820669834000057 ], [ 80.730247576000068, 29.823575147000042 ], [ 80.732369326000082, 29.824544959000036 ], [ 80.735038201000066, 29.827990334000049 ], [ 80.738787763000062, 29.829477584000074 ], [ 80.745899764000058, 29.83076139700006 ], [ 80.749999889000037, 29.832605397000066 ], [ 80.751284201000033, 29.833769584000038 ], [ 80.751551326000083, 29.842136584000059 ], [ 80.751259076000053, 29.843891021000047 ], [ 80.750000201000034, 29.845600771000079 ], [ 80.746714014000077, 29.846817084000065 ], [ 80.746683451000081, 29.850202896000042 ], [ 80.74222995100007, 29.85446214600006 ], [ 80.74152870100005, 29.855827772000055 ], [ 80.738813514000071, 29.857360834000076 ], [ 80.734991014000059, 29.861544397000046 ], [ 80.734180389000073, 29.864682709000078 ], [ 80.731855388000042, 29.866730709000024 ], [ 80.730602139000041, 29.867030459000034 ], [ 80.729844951000075, 29.869607209000037 ], [ 80.728131013000052, 29.871088021000048 ], [ 80.726662889000067, 29.873315834000039 ], [ 80.723170326000059, 29.874921397000037 ] ] ] } },
{ "type": "Feature", "properties": { "STATE_CODE": 7, "DISTRICT": "DARCHULA", "GaPa_NaPa": "Shailyashikhar", "Type_GN": "Nagarpalika", "Province": "Sudur Pashchim" }, "geometry": { "type": "Polygon", "coordinates": [ [ [ 80.561309076000043, 29.752260521000039 ], [ 80.556917201000033, 29.75061720900004 ], [ 80.554026888000067, 29.750627834000056 ], [ 80.551291327000058, 29.753555521000067 ], [ 80.546837826000058, 29.755363021000051 ], [ 80.544723138000052, 29.757625021000024 ], [ 80.544370013000048, 29.759035896000057 ], [ 80.541373451000084, 29.759691021000037 ], [ 80.538703701000031, 29.757989897000073 ], [ 80.535934951000058, 29.757114084000079 ], [ 80.529265389000045, 29.752619584000058 ], [ 80.527912326000035, 29.752143272000069 ], [ 80.524818388000085, 29.75218595900003 ], [ 80.522171639000078, 29.751096647000054 ], [ 80.51867745100003, 29.748990334000041 ], [ 80.516640013000085, 29.746842209000079 ], [ 80.515234138000039, 29.746352084000023 ], [ 80.514779389000068, 29.744620272000077 ], [ 80.511756576000039, 29.740995459000032 ], [ 80.505554076000067, 29.736325584000042 ], [ 80.501009451000073, 29.730944334000071 ], [ 80.498444451000069, 29.730106834000026 ], [ 80.495299888000034, 29.730823459000078 ], [ 80.49299613800008, 29.73002064700006 ], [ 80.486144951000085, 29.723157084000036 ], [ 80.480652826000039, 29.723110834000067 ], [ 80.477312701000074, 29.721193834000076 ], [ 80.476347451000038, 29.719394459000057 ], [ 80.478337638000085, 29.718592522000051 ], [ 80.483139076000043, 29.717815022000025 ], [ 80.487556951000045, 29.715984709000054 ], [ 80.488632952000046, 29.712485709000077 ], [ 80.490570013000081, 29.710214896000025 ], [ 80.48452482600004, 29.71121108400007 ], [ 80.481911951000029, 29.710941459000026 ], [ 80.478592826000067, 29.711713459000066 ], [ 80.474405451000052, 29.712096146000079 ], [ 80.471185951000052, 29.711399834000076 ], [ 80.466264513000056, 29.710958271000038 ], [ 80.464754826000046, 29.711669521000033 ], [ 80.460960451000062, 29.709461522000026 ], [ 80.465689638000072, 29.709408521000057 ], [ 80.469676638000067, 29.707380834000048 ], [ 80.471963576000064, 29.705641771000046 ], [ 80.474504263000085, 29.70273970900007 ], [ 80.47852901300007, 29.701436021000063 ], [ 80.481293889000085, 29.701670147000073 ], [ 80.483692826000038, 29.703355584000064 ], [ 80.485324014000071, 29.701762584000051 ], [ 80.487867014000074, 29.700466334000055 ], [ 80.488286139000081, 29.696281272000078 ], [ 80.48924020100003, 29.694687897000051 ], [ 80.491207013000064, 29.694059334000031 ], [ 80.491883577000067, 29.691948271000058 ], [ 80.49081213900007, 29.690392209000038 ], [ 80.490811389000044, 29.688483834000067 ], [ 80.494290951000039, 29.686915896000073 ], [ 80.496071201000063, 29.685388772000067 ], [ 80.499128014000064, 29.684637896000027 ], [ 80.500677763000056, 29.683269959000029 ], [ 80.500270951000061, 29.681551834000061 ], [ 80.498152326000081, 29.680294146000051 ], [ 80.497794638000073, 29.679164897000078 ], [ 80.502323138000065, 29.677623209000046 ], [ 80.50561682600005, 29.678355146000058 ], [ 80.511294889000055, 29.675768521000066 ], [ 80.513694827000052, 29.674207334000073 ], [ 80.517093826000064, 29.675054396000064 ], [ 80.520052576000069, 29.673772584000062 ], [ 80.523696763000032, 29.672906084000033 ], [ 80.526475638000079, 29.671045959000026 ], [ 80.526528951000046, 29.669173834000048 ], [ 80.529211513000064, 29.666052396000055 ], [ 80.529740826000079, 29.663387897000064 ], [ 80.527998951000029, 29.659231083000066 ], [ 80.524719764000054, 29.659571272000051 ], [ 80.523021639000035, 29.658660647000033 ], [ 80.520235951000075, 29.658474646000059 ], [ 80.519171138000047, 29.657536897000057 ], [ 80.51896176300005, 29.654784084000028 ], [ 80.519622388000073, 29.652925459000073 ], [ 80.521039764000079, 29.653715584000054 ], [ 80.524307389000057, 29.653815334000058 ], [ 80.529635889000076, 29.656721646000051 ], [ 80.534540013000083, 29.660842334000051 ], [ 80.539321451000035, 29.663854709000077 ], [ 80.541875889000039, 29.663730459000078 ], [ 80.544730077000054, 29.666311771000039 ], [ 80.547913764000043, 29.666363334000039 ], [ 80.550291951000077, 29.667997834000062 ], [ 80.552908701000035, 29.668036021000034 ], [ 80.555181139000069, 29.67119727100004 ], [ 80.556742389000078, 29.671554396000033 ], [ 80.559059327000057, 29.670574084000066 ], [ 80.560558889000049, 29.670777584000064 ], [ 80.561528764000059, 29.672878647000061 ], [ 80.57102595200007, 29.679248459000064 ], [ 80.571752826000079, 29.683139771000072 ], [ 80.573498827000037, 29.684778522000045 ], [ 80.574572139000054, 29.687112271000046 ], [ 80.57698382600006, 29.686666584000079 ], [ 80.579149888000074, 29.688108146000047 ], [ 80.584694451000075, 29.687994834000051 ], [ 80.587652701000081, 29.688301834000072 ], [ 80.592088639000053, 29.690487834000066 ], [ 80.59500188800007, 29.690850959000045 ], [ 80.599239014000034, 29.690629209000065 ], [ 80.603026701000033, 29.691754959000036 ], [ 80.60544507600008, 29.690180896000072 ], [ 80.606287201000043, 29.687984021000034 ], [ 80.608262764000074, 29.686634147000063 ], [ 80.610354826000048, 29.686696709000046 ], [ 80.613331763000076, 29.687961896000047 ], [ 80.621070889000066, 29.688065459000029 ], [ 80.625656889000084, 29.686813021000034 ], [ 80.629379014000051, 29.688001021000048 ], [ 80.634490763000031, 29.690571022000029 ], [ 80.640575826000031, 29.689678584000035 ], [ 80.644029702000068, 29.687231334000046 ], [ 80.645081576000052, 29.685761146000061 ], [ 80.647329576000061, 29.685015959000054 ], [ 80.648341451000078, 29.682663584000068 ], [ 80.649456576000034, 29.681822896000028 ], [ 80.653163514000084, 29.681155959000023 ], [ 80.658123076000038, 29.682192959000076 ], [ 80.66158482600008, 29.682330396000054 ], [ 80.667012389000035, 29.685664709000037 ], [ 80.669252826000047, 29.685670271000049 ], [ 80.672399201000076, 29.68728420900004 ], [ 80.676031889000058, 29.687236771000073 ], [ 80.67809657600003, 29.692290272000037 ], [ 80.681045389000076, 29.694688522000035 ], [ 80.684321139000076, 29.699686084000064 ], [ 80.682746827000074, 29.701575022000043 ], [ 80.682262388000083, 29.703297272000043 ], [ 80.682889139000054, 29.705229709000037 ], [ 80.681927639000037, 29.706107146000079 ], [ 80.677459452000051, 29.70640314700006 ], [ 80.675713388000077, 29.707395958000063 ], [ 80.673192951000033, 29.71206145900004 ], [ 80.668277764000038, 29.715784834000033 ], [ 80.667161202000045, 29.717390396000042 ], [ 80.667907076000063, 29.72281289600005 ], [ 80.669295514000055, 29.724902959000076 ], [ 80.673178076000056, 29.723933521000049 ], [ 80.673860701000081, 29.728816771000027 ], [ 80.673717888000056, 29.73272339600004 ], [ 80.673035889000062, 29.734790272000055 ], [ 80.671309639000071, 29.736164272000053 ], [ 80.667621764000046, 29.737420459000077 ], [ 80.665698451000083, 29.738832334000051 ], [ 80.662347514000032, 29.73621614700005 ], [ 80.657661201000053, 29.735261209000043 ], [ 80.655506514000081, 29.733721646000049 ], [ 80.651864388000035, 29.733689584000047 ], [ 80.649599263000084, 29.732627896000054 ], [ 80.647154201000035, 29.733347772000059 ], [ 80.644078888000081, 29.733278646000031 ], [ 80.642135514000074, 29.733902772000079 ], [ 80.636880576000067, 29.734639647000051 ], [ 80.632567201000029, 29.73456002100005 ], [ 80.629434514000081, 29.733563271000037 ], [ 80.626908701000048, 29.733274209000058 ], [ 80.621063264000043, 29.730943209000031 ], [ 80.61962513800006, 29.729939772000023 ], [ 80.610528388000034, 29.725250646000063 ], [ 80.606887638000046, 29.724204521000047 ], [ 80.604933451000079, 29.721051896000063 ], [ 80.602903451000032, 29.722922584000059 ], [ 80.600739764000082, 29.725823771000023 ], [ 80.599990639000055, 29.727838147000057 ], [ 80.597064076000038, 29.72868420900005 ], [ 80.592628701000081, 29.728715771000054 ], [ 80.588405201000057, 29.729882459000066 ], [ 80.582484389000058, 29.732451271000059 ], [ 80.577727701000072, 29.733564084000079 ], [ 80.575276263000035, 29.735277396000072 ], [ 80.57168438900004, 29.73534027200003 ], [ 80.569116888000053, 29.73643720900003 ], [ 80.565670139000076, 29.739412584000036 ], [ 80.564646951000043, 29.741766459000075 ], [ 80.563297576000082, 29.748342084000058 ], [ 80.560920014000033, 29.750621522000074 ], [ 80.561309076000043, 29.752260521000039 ] ] ] } }
]
}
